#{"t_start": 1789413216.4834101, "env_id": "Atom-v1"}
r,l,t
37.273089,188,2.897259
-317.977182,207,3.066286
289.65823,269,3.417042
135.757205,226,3.601096
1065.494841,1000,4.595282
399.036067,352,4.972396
272.970033,286,5.218732
47.939077,172,5.469754
60.467014,204,5.637997
-7.392676,153,5.761049
43.36782,161,5.979299
-52.207593,145,6.09706
44.568161,183,6.245906
-14.126861,147,6.454894
54.804853,185,6.60236
-17.511539,148,6.722843
211.809282,229,6.998017
-5.426304,159,7.124782
11.222967,157,7.251267
38.538136,196,7.525324
45.202648,170,7.668923
-31.53055,163,7.8078
-16.332748,151,8.142008
-45.868587,144,8.267063
135.294528,229,8.46541
209.403961,209,8.859398
230.743836,244,9.068256
838.778219,1000,10.164815
132.552837,213,10.449649
1926.816323,1000,11.525053
210.828517,217,11.714927
12.635246,156,11.850491
164.207202,234,12.156046
181.548102,204,12.331743
16.210937,202,12.608157
29.57027,156,12.744645
55.12072,165,12.887881
-112.413012,122,13.091863
110.27982,182,13.251881
44.027541,175,13.400474
213.903819,226,13.695886
114.065959,189,13.86032
201.797117,221,14.047387
93.100469,187,14.323979
44.266,164,14.464874
87.571447,173,14.613874
399.955437,506,15.14811
5.271818,150,15.380404
39.464734,163,15.521793
39.069296,173,15.669821
46.942661,200,15.942772
95.239269,194,16.110207
111.694262,176,16.361172
68.351073,187,16.525125
166.604662,201,16.698584
253.001876,305,17.068547
85.403254,186,17.229954
1074.031973,1000,18.263399
77.446494,171,18.501318
1345.523969,896,19.350359
218.80088,246,19.666458
296.155322,289,19.90404
917.46658,955,20.869835
187.959182,238,21.162749
188.373371,217,21.337842
1423.686476,917,22.294884
330.558061,296,22.554508
136.208487,215,22.83862
189.508696,198,23.002546
514.477463,616,23.631753
378.902566,285,23.949122
31.479289,171,24.086268
-56.166257,388,24.488018
211.924523,207,24.748537
79.127164,174,24.888695
429.164723,314,25.160942
627.855522,611,25.905754
-63.299165,347,26.20612
82.31434,363,26.638786
41.390374,160,26.768386
499.725646,470,27.255551
206.048498,411,27.679943
801.487471,521,28.187163
417.55508,469,28.654623
1629.919197,990,29.635463
7.390607,188,29.785577
123.986535,188,30.030272
163.993899,205,30.19516
36.390735,158,30.322627
152.57028,215,30.58462
93.804755,207,30.749528
155.311846,376,31.141364
587.37047,886,32.028376
746.470738,655,32.647062
339.267511,258,32.852709
-5.601137,150,33.066294
571.950061,461,33.529867
271.209168,248,33.727859
221.300743,249,34.023232
154.251186,284,34.25045
89.173454,209,34.512222
183.814466,215,34.684209
23.27566,160,34.814553
95.968444,194,35.06451
-10.415775,138,35.174999
17.514181,152,35.298302
231.737078,213,35.561555
79.069545,179,35.702757
98.629723,197,35.860713
34.904914,157,36.081585
-36.509904,146,36.198846
140.683191,205,36.365133
433.552621,304,36.700834
68.68615,219,36.875485
347.113523,262,37.180844
969.744227,603,37.758437
135.090126,188,38.002253
189.979154,214,38.175422
199.141749,257,38.381716
258.706076,409,38.805654
68.13206,500,39.299771
399.156028,298,39.640957
202.653701,745,40.339262
51.547944,315,40.685179
1146.697666,764,41.392603
277.471073,289,41.718185
94.157953,205,41.879849
638.568145,777,42.686322
-218.18873,437,43.130483
111.02662,216,43.300488
276.435954,279,43.618804
521.216095,1000,44.604047
196.985708,219,44.779174
795.483776,442,45.226572
-129.977183,981,46.201156
274.41933,656,46.82049
-79.098011,637,47.430135
-98.121726,252,47.72679
327.463138,282,47.952216
183.045704,228,48.228185
-266.607614,611,48.917123
522.618511,523,49.563924
190.57394,232,49.753921
294.047985,1000,50.997349
541.16908,345,51.483405
511.306619,331,51.976053
230.362047,224,52.157692
447.504351,347,52.641308
1326.604486,1000,53.898581
131.469,195,54.05665
241.971405,228,54.469676
69.319625,159,54.598114
92.695456,188,55.540163
282.000571,248,55.970392
7.839729,150,56.09153
8.261514,144,56.209263
87.198261,162,56.537945
603.60803,314,56.794147
66.763505,179,57.166229
-38.436537,595,57.8765
467.808647,594,58.5868
284.924508,252,58.790452
109.908982,190,59.169159
237.409478,219,59.347948
618.182618,319,59.804195
63.690155,182,59.951882
35.450442,159,60.307861
213.499864,244,60.506173
524.057425,297,60.974654
196.310078,201,61.137951
615.71819,324,61.627357
294.394695,238,61.821214
-77.564451,127,61.925412
60.669439,162,62.283003
530.697347,297,62.523126
138.122619,184,62.896207
161.23172,180,63.04419
95.423008,161,63.176941
1479.625861,737,64.241264
1079.217714,746,65.084744
-18.688729,142,65.199962
758.31521,363,65.705757
265.259806,224,66.111709
-64.400625,137,66.223142
-60.59032,139,66.335579
352.312031,289,66.794976
1222.441185,648,67.563605
730.31603,374,68.071451
196.526512,376,68.378408
1016.172778,1000,69.629743
854.294648,445,70.215761
51.900851,181,70.588784
-99.941056,132,70.696157
-2.29186,149,70.816565
-92.153909,135,70.926802
-17.819342,150,71.139221
66.029752,173,71.280411
-105.552344,127,71.382961
377.713858,288,71.707472
-7.370629,172,71.850292
68.38639,198,72.103246
35.900203,162,72.236222
399.934823,293,72.47786
226.583027,228,72.756203
14.272392,169,72.893101
-24.009722,147,73.105254
-48.428784,161,73.235928
430.680558,390,73.644298
345.693157,259,73.854271
0.548681,143,73.969765
-39.339071,138,74.173966
-33.617011,151,74.298023
706.666411,382,74.701032
1081.254714,531,75.231996
39.747927,153,75.357026
120.725671,203,75.524755
-59.969132,133,75.855889
-22.78582,141,75.969412
-10.469234,140,76.082639
22.570659,145,76.293774
-17.567985,148,76.413955
-80.820192,130,76.52204
156.699027,204,76.687453
-105.126126,118,76.876931
295.585005,269,77.09517
-17.152111,154,77.400358
98.224341,158,77.528365
39.945371,154,77.653116
-31.698583,154,77.776699
401.997687,291,78.102131
243.431647,230,78.288162
56.223972,176,78.52635
-2.673355,155,78.651901
286.085007,259,78.955841
241.545633,215,79.129119
1090.808568,667,79.763935
1245.850043,914,80.94891
-42.343059,145,81.066178
133.558322,196,81.450212
210.565969,215,81.622575
697.338125,426,82.193891
175.730682,207,82.359922
-324.123598,589,83.296748
428.280579,408,83.622905
-87.306364,580,84.43715
-246.129517,340,84.715576
25.459948,180,85.08729
-370.420996,739,85.8546
227.961952,503,86.461542
-658.870819,829,87.550693
76.196321,337,87.82509
184.947378,298,88.265805
182.76618,214,88.441964
10.327708,192,88.826621
135.619509,412,89.156132
183.672195,1000,90.393182
-231.190084,571,91.259426
-200.335059,606,91.968652
68.871615,221,92.146524
249.770307,296,92.590913
433.214485,391,92.910612
59.088024,554,93.790122
540.425925,345,94.066503
-304.942912,603,94.791817
7.75866,991,96.01409
241.156854,476,96.63392
488.095189,331,97.122067
-497.145186,724,97.911715
297.643153,711,98.932449
6.609261,699,99.721193
72.878561,449,100.315936
420.228222,1000,101.578225
306.844111,319,102.061059
66.082674,730,102.860363
-298.42538,797,103.92677
386.971618,415,104.271759
-392.894746,1000,105.551095
73.851689,186,105.923113
261.362687,404,106.258708
-197.7902,568,107.154109
671.904151,1000,108.128335
-53.588783,162,108.460213
-7.678073,195,108.616181
176.129478,384,109.130532
-143.340593,122,109.22905
-38.008285,155,109.354915
55.402535,223,109.767811
120.95022,224,109.946029
178.192198,240,110.229487
-185.855495,120,110.326569
151.852219,320,110.677039
-129.683883,106,110.762864
195.482906,229,110.944475
117.130609,236,111.226508
23.110083,180,111.369952
23.471176,159,111.497404
-27.631854,158,111.716367
77.725428,207,111.884635
-130.128658,92,111.95851
24.280446,163,112.179372
-96.172399,141,112.293123
351.266666,362,112.682375
-12.583725,175,112.822403
79.160724,215,112.995105
262.852749,568,113.645915
128.33893,228,113.829119
71.625917,263,114.043885
175.602493,224,114.834161
189.488434,260,115.041789
28.133959,177,115.277804
396.317468,489,115.76557
568.822827,378,116.069217
324.30953,267,116.382903
-86.785011,600,116.958075
2.762076,222,117.23216
925.295615,1000,118.231951
-206.632827,751,118.936039
-46.402556,158,119.06192
-257.816942,945,120.016006
57.300357,222,120.288145
69.468442,322,120.548608
314.26558,281,120.871819
151.200114,679,121.530124
126.48362,407,121.955641
11.488789,218,122.132384
55.550226,997,123.131491
160.621468,288,123.454497
327.342096,283,123.687314
-119.054028,131,123.88749
-119.484872,209,124.057103
134.523957,220,124.237598
143.476631,281,124.557896
131.799086,209,124.727445
219.367007,283,125.049061
74.04797,751,125.748378
245.935532,257,126.047917
134.043085,228,126.234116
13.070604,241,126.521786
151.649123,250,126.72713
322.026879,283,127.045099
-125.678664,429,127.482617
-177.613427,137,127.593895
-159.435543,137,127.705133
-13.370406,174,127.940791
105.229208,218,128.119893
67.616053,379,128.520911
-17.732163,195,128.682611
39.753054,269,128.994195
123.358732,269,129.214679
-381.554774,889,130.158897
-29.230558,224,130.340834
-147.615531,130,130.541244
137.642451,261,130.750679
188.664452,259,131.057778
393.44944,1000,132.164943
-18.859503,1000,133.451176
-577.029818,759,134.167995
99.67724,485,134.660066
33.429794,228,134.847826
241.335821,273,135.167165
338.687773,477,135.702664
-46.931251,334,136.220609
113.876823,224,136.409656
372.274142,1000,137.585513
356.778686,1000,138.883248
13.255425,570,139.605999
268.214831,1000,140.74168
126.246483,215,140.921413
75.854212,380,141.448916
196.313692,302,141.892588
-41.419864,138,142.009833
179.608808,262,142.322699
91.816957,195,142.486114
412.803953,266,142.707072
749.448477,786,143.620649
253.797303,244,143.826605
1007.33296,1000,145.012604
1382.134617,1000,146.748716
669.368685,1000,148.520429
246.631238,229,149.000414
-53.611489,150,149.205336
150.366386,227,149.559838
1750.731555,1000,151.268877
59.651036,217,151.820149
1041.890703,735,152.964564
171.793776,240,153.567425
1111.099447,1000,155.222014
1302.643043,1000,156.893928
0.228122,162,157.111108
105.372743,209,157.378782
-130.623463,107,157.670418
125.807886,169,157.897247
470.142912,315,158.456709
270.691362,239,158.782413
46.42407,191,159.038183
67.031236,171,159.408974
-89.135939,136,159.590648
94.05383,208,159.879811
92.040669,207,160.300096
308.618653,280,160.67953
32.619882,171,161.041422
1258.332162,1000,162.745372
131.425055,240,163.076292
70.342983,208,163.361417
507.21872,609,164.497833
36.191868,186,164.746251
6.413056,151,164.943909
1569.376143,1000,166.563713
-92.354482,150,166.904848
565.921499,389,167.464839
25.237818,183,167.854574
1234.281538,1000,169.501562
1708.580927,1000,171.138672
1389.76691,1000,172.846988
111.76035,194,173.110782
197.671075,217,173.396725
763.031584,503,174.239767
1403.693109,1000,175.878642
1502.419583,1000,177.549917
25.221874,165,177.924728
276.222424,1000,179.575236
556.665364,790,180.770448
1156.694687,1000,183.816431
427.015203,1000,185.437303
-108.291115,1000,187.008771
208.974384,472,187.582953
21.637711,188,187.766104
259.849713,451,188.299576
94.891079,550,188.867474
696.714615,944,189.917767
687.678049,1000,190.940833
-306.644407,1000,191.973129
30.569981,178,192.115022
731.793308,1000,193.107573
902.757228,848,193.967856
378.710747,656,194.601472
-551.701251,346,194.97284
563.766734,562,195.517948
35.091587,970,196.557625
882.888763,817,197.437331
590.981259,692,198.313023
411.258486,359,198.60494
689.221089,384,199.005533
-33.412695,145,199.215489
227.104099,229,199.400969
220.944842,227,199.582898
906.565906,992,200.561085
754.378763,896,201.460122
432.541889,458,201.923352
691.440905,727,202.600089
349.160057,319,202.95104
29.09848,161,203.080992
203.739906,224,203.354745
210.035442,219,203.531925
276.221893,229,203.810895
409.78417,317,204.06831
92.362856,201,204.328078
512.124481,386,204.642038
223.376399,226,204.919369
483.450429,360,205.305036
272.136068,245,205.504283
15.005996,170,205.642297
186.60687,204,205.902431
225.442814,209,206.072032
338.800438,299,206.408858
90.089365,151,206.532305
688.757923,903,207.443822
618.571282,639,208.051815
586.810736,359,208.566591
591.57467,649,209.290143
350.807063,413,209.717577
438.750826,689,210.373212
802.838044,457,210.840483
-179.408413,449,211.305479
201.807022,379,211.707391
233.682804,397,212.028892
-824.447895,1000,213.062902
-173.60111,432,213.51482
260.122873,905,214.445675
355.91382,790,215.283821
236.431836,348,215.570096
343.715447,532,216.096022
35.740456,845,216.978358
38.173057,264,217.197091
52.523388,617,217.881233
86.135102,261,218.094695
82.003333,276,218.413315
361.042517,372,218.717623
1176.601959,1000,219.713781
13.482724,216,219.984661
21.77889,211,220.156263
-46.38974,166,220.389175
316.837295,380,220.6998
-94.085685,176,220.93645
-19.981948,209,221.107607
515.034091,388,221.518416
654.008368,1000,222.536275
-46.904576,186,222.688751
136.09927,279,223.01126
14.313105,296,223.257132
330.523693,441,223.714998
123.991255,505,224.219085
255.554183,342,224.598288
-87.486436,247,224.801691
195.810603,377,225.203959
48.548508,213,225.380782
228.631513,354,225.766133
118.443989,257,226.067298
269.213535,362,226.368068
-29.878644,195,226.623529
-80.125687,185,226.780241
85.104095,219,226.959979
30.336728,200,227.214962
139.348125,552,227.889279
65.897548,278,228.120424
-11.688418,202,228.381186
-55.090869,199,228.545537
211.884084,267,228.855468
-23.691103,506,229.360331
775.531142,668,230.002322
-106.700077,298,230.339559
1504.122179,1000,231.460465
651.661427,498,231.963455
-23.757088,199,232.129732
-96.201961,162,232.26464
30.826916,243,232.562087
936.479438,1000,233.585303
200.243972,294,233.830774
-13.677639,152,234.04841
276.107808,445,234.422861
-4.711461,219,234.811069
194.285485,345,235.192153
-141.860472,157,235.326476
-59.263777,166,237.076353
316.426386,841,237.951931
278.228251,473,238.442445
-16.358918,469,238.930978
211.422464,515,239.45012
152.28639,284,239.685534
144.722304,347,240.169541
48.340078,222,240.358107
368.923136,1000,241.375258
137.466407,370,241.779331
42.96121,199,241.943589
563.457591,1000,242.968233
603.489213,535,243.511957
323.423893,297,243.85709
191.66036,669,244.509603
282.148903,551,245.060323
-23.083721,199,245.319001
-297.04321,545,245.859419
265.452973,360,246.375292
215.641958,444,246.741598
-76.524567,386,247.153836
-421.562711,976,248.145188
-86.035373,400,248.565658
-55.682162,248,248.769632
-392.713025,601,249.472884
14.163686,392,249.896642
90.847367,529,250.427076
252.705777,383,250.855757
351.449611,539,251.40057
210.069537,221,251.805473
134.930635,231,251.997121
-440.985722,555,252.553979
192.405864,314,252.906467
652.276258,811,253.66652
110.938719,213,253.936482
-129.203359,600,254.538762
27.235484,155,254.668227
983.696883,928,255.613618
86.116041,209,255.788293
477.399302,440,256.24425
220.419679,756,257.0514
458.568228,676,257.702363
66.916984,198,257.871744
308.373005,292,258.20808
477.612147,395,258.631114
117.175673,184,258.783566
-473.549427,906,259.720814
78.867376,194,259.880901
329.022032,281,260.206079
197.497491,253,260.413778
342.5217,363,260.80325
221.973183,276,261.122803
116.912788,468,261.510594
223.928571,313,261.865504
18.693435,228,262.254332
26.860735,156,262.383461
165.399382,207,262.552052
96.167317,192,262.803319
-123.971818,458,263.269047
-62.389825,173,263.413305
190.80452,203,263.581619
555.782321,532,264.108297
296.667884,538,264.64288
-45.175781,151,264.859213
-235.101298,890,265.690459
96.98528,190,266.04666
166.459466,222,266.229586
3.770388,174,266.46367
-714.873156,637,267.0818
445.576476,435,267.529526
110.112962,225,267.713751
-68.044347,149,267.836847
164.657409,202,268.200084
167.440275,227,268.384427
-25.291956,159,268.512769
-301.931772,474,268.996025
-7.669982,154,269.216025
40.650631,137,269.326264
9.827121,307,269.670106
150.276974,202,269.836673
-26.600467,156,269.964136
-74.680526,153,270.180439
-17.289719,159,270.309777
156.108298,204,270.477579
24.23507,154,270.697487
56.031124,224,270.882564
133.969166,190,271.037558
-6.24282,142,271.246488
-103.131536,142,271.362124
27.070145,222,271.544848
32.188749,168,271.772591
-35.362093,146,271.890305
12.616687,148,272.009924
52.626615,181,272.249177
65.345553,242,272.448747
265.981905,327,272.809938
2.696196,151,272.934207
29.998766,174,273.076038
131.264494,192,273.32845
-22.000063,159,273.458484
-44.632234,165,273.596501
112.522936,189,273.84462
90.814552,186,273.998877
-122.107369,152,274.122537
275.638664,271,274.442235
77.825875,176,274.585177
106.051236,261,274.893395
213.4902,274,275.116938
-4.314064,143,275.326115
212.438369,203,275.491459
164.692952,202,275.653036
66.095084,175,275.887425
157.620671,224,276.068086
210.231583,249,276.361297
-613.264498,472,276.843446
-202.40143,395,277.165031
83.387425,301,277.50005
151.428137,191,277.654622
4.445303,146,277.864555
118.858705,198,278.024625
89.883385,179,278.16758
147.167353,205,278.426373
80.78474,180,278.571776
-11.017562,168,278.706118
222.973287,354,279.084464
128.350721,248,279.380604
79.631651,205,279.547179
-119.52099,428,279.98737
237.725713,306,280.23601
172.030096,237,280.524857
-121.436219,309,280.868652
0.5061,150,280.989398
-111.579231,164,281.122135
-11.544883,152,281.244827
-74.792956,312,281.588506
-201.386467,313,281.934026
90.487908,181,282.084877
-25.802865,155,282.210174
76.690047,198,282.462897
180.641461,239,282.655624
-41.698549,226,282.931458
25.679189,213,283.108002
114.553398,251,283.310691
43.01937,240,283.600253
-398.063967,376,283.995991
-34.013612,157,284.123216
-61.570543,380,284.526147
100.379544,184,284.675636
-183.475889,485,285.158696
47.097873,310,285.500235
96.300089,250,285.704695
65.253016,200,285.959162
141.36613,203,286.123227
124.482316,206,286.288548
238.45836,278,286.605829
-95.434063,145,286.725995
54.280282,201,286.982838
-96.843712,178,287.12731
-126.252265,158,287.256862
32.677572,282,287.577961
143.246126,205,287.74295
32.790735,275,288.058383
98.782187,215,288.772849
-56.778233,132,288.878691
-56.657107,162,289.207171
-82.891146,147,289.328252
-98.405656,171,289.466532
112.51538,331,289.8287
-90.195055,153,289.95291
-2.871193,232,290.236602
-51.001007,154,290.363485
-122.387459,170,290.502597
-68.220844,134,290.70454
27.482115,204,290.872546
16.648749,161,291.001858
132.430119,195,291.251745
-9.728542,169,291.388484
-69.889185,134,291.497763
59.686515,199,291.753101
101.342248,216,291.928304
-5.432122,184,292.077513
16.317142,169,292.425413
118.162968,220,292.602535
-37.072792,165,292.967221
-67.139199,169,293.109393
46.514054,276,293.335397
178.077508,208,293.592721
-118.166234,175,293.734486
40.838014,186,294.112182
-91.489045,169,294.253755
0.368015,159,294.38426
103.207955,248,294.790361
-99.182424,159,294.920052
-96.371229,150,295.042611
23.077287,239,295.474835
-33.827107,200,295.636535
-87.522234,166,295.7718
-97.712793,166,296.143373
-25.583028,174,296.286411
30.982373,214,296.660749
10.468989,376,296.982814
9.815104,176,297.349924
89.708345,212,297.525426
29.918592,205,297.694769
-132.631346,164,298.055666
-134.914561,165,298.195061
-100.676118,179,298.345872
131.951372,216,298.758637
130.473707,254,298.965716
-43.395023,185,299.342222
153.254291,310,299.598724
69.145398,231,300.013381
104.05697,207,300.183655
136.954682,212,300.583767
32.036242,187,300.7389
59.471205,216,300.91661
-31.735873,174,301.155764
-34.619298,148,301.278254
-112.566442,157,301.408437
205.879048,213,301.80745
-61.965792,208,301.978686
153.530057,203,302.14263
-22.874827,154,302.498567
170.98905,205,302.665181
-85.181907,157,303.012729
-80.911579,156,303.145313
116.978767,205,303.311133
-2.346192,197,303.69028
-0.463049,171,303.830839
292.129179,294,304.288291
129.284404,199,304.45437
132.071148,200,304.617673
88.59257,207,304.882697
185.954501,227,305.068076
86.364143,252,305.371224
28.240089,148,305.494543
-62.980852,152,305.620896
80.394399,273,305.938602
42.527133,193,306.096441
-30.868649,178,306.243079
203.97297,251,306.543448
71.798507,203,306.709361
-21.565946,155,306.929745
192.742749,208,307.105867
247.979636,208,307.275756
281.675154,249,307.584138
23.893562,187,307.734997
136.072709,240,308.022029
125.824197,225,308.20544
-136.713264,169,308.437736
143.698228,204,308.602701
20.001392,178,308.747965
185.28234,288,309.074507
141.701647,280,309.305523
-10.111156,198,309.558167
-4.756814,155,309.688367
-25.304582,170,309.82562
132.197495,203,310.082254
-12.260224,190,310.236611
166.897697,212,310.502264
103.15819,360,310.79512
130.903963,234,311.076723
97.578095,200,311.240062
169.577923,204,311.499318
123.063586,198,311.660433
64.268459,185,311.809936
78.532355,177,312.048563
-48.16095,175,312.190769
-70.715931,158,312.32114
-111.041812,160,312.543633
93.040341,187,312.699565
139.423941,213,312.873975
11.890449,193,313.123532
-76.425704,150,313.246793
-99.308924,172,313.388426
-72.290276,149,313.60337
-104.622905,156,313.729864
65.970822,183,313.878877
153.60018,198,314.133821
68.522151,264,314.348041
-150.634315,126,314.542572
-36.350774,177,314.687496
-31.091513,165,314.820485
31.273456,188,315.066185
-19.530011,163,315.199057
-63.708635,162,315.330742
9.08672,196,315.689059
-1.585216,174,315.833415
56.154255,189,315.992668
93.456123,192,316.357593
-43.214705,180,316.505011
-80.874377,427,317.077921
21.109843,183,317.227377
44.706581,192,317.582519
-43.643627,182,317.73555
61.348421,264,317.952442
-666.280345,450,318.553046
-88.101296,152,318.90473
114.384731,223,319.087968
44.672466,231,319.275587
99.846496,348,319.762849
-75.952392,177,320.10693
131.243337,206,320.277634
4.154244,172,320.417697
129.268807,187,320.773386
63.269626,193,320.929984
64.837501,218,321.108645
-56.480334,173,321.480749
41.86251,189,321.633922
-76.318367,126,321.737992
75.342098,214,322.133693
92.058504,178,322.277205
93.033911,199,322.638145
7.905006,303,322.884756
148.249385,205,323.251154
-83.404442,138,323.368088
-94.85111,129,323.472935
3.769769,186,323.625458
-32.517969,185,323.981961
-131.789086,123,324.083086
-114.601881,160,324.214141
107.597263,211,324.576244
72.398542,224,324.763524
52.157361,222,325.177089
-116.965475,158,325.3068
-109.430771,164,325.440702
-100.909831,128,325.545684
154.352318,289,326.017715
94.702317,393,326.541976
-22.898611,154,326.667704
-52.040358,180,326.814532
28.146975,206,327.19314
5.717139,185,327.344265
-65.740088,153,327.671037
-13.368052,149,327.789836
73.970771,215,327.965394
-8.879959,202,328.254415
-27.009878,177,328.398227
-175.401899,431,328.984082
243.525059,290,329.219763
-48.018618,139,329.552362
-39.558835,155,329.678112
-91.550498,145,329.797374
118.146485,256,330.226856
-62.399377,159,330.356967
-98.518493,171,330.495948
-109.777616,125,330.829118
41.39528,268,331.046652
-143.119475,123,331.147256
-171.008022,171,331.510339
-114.153797,194,331.670572
-78.635875,175,331.812558
-146.70245,116,332.129327
-87.556552,162,332.260082
92.688383,283,332.715052
-88.389244,155,332.842501
83.431692,323,333.103249
24.683123,229,333.488698
-27.705181,185,333.639525
-76.699425,172,334.003076
-39.149378,150,334.12456
-26.067802,196,334.286578
-100.767367,162,334.624761
83.647872,313,334.881151
29.417552,308,335.366242
-3.725088,183,335.514339
-114.05413,163,335.874821
41.762844,184,336.030518
-29.320148,183,336.179363
-90.663284,157,336.531572
177.121535,222,336.711255
-98.415127,183,336.861313
28.944976,275,337.302933
33.619767,285,337.53319
-103.642427,155,337.869587
40.50126,205,338.035878
226.25776,318,338.516822
-43.679319,200,338.679805
134.189969,240,338.965554
170.099059,382,339.278008
46.198216,223,339.657899
335.979258,285,339.888825
108.395576,244,340.310397
-89.314847,292,340.546932
153.711558,269,340.991851
120.503648,359,341.518172
57.189959,231,341.705298
167.171903,222,342.078454
116.433996,219,342.26685
-7.688781,165,342.401098
-51.252376,177,342.768844
202.772575,294,343.006098
102.095395,237,343.434842
-96.17161,171,343.575088
51.231001,285,344.030686
-3.498619,182,344.178144
152.046594,231,344.367391
166.365368,228,344.743194
169.806009,240,344.938556
206.847855,291,345.377281
89.220752,251,345.578765
4.559717,210,345.980152
-119.280913,245,346.179139
-56.988934,199,346.565338
170.277282,278,346.792067
120.656967,226,347.793855
198.24519,237,347.990515
25.128287,406,348.529179
108.324122,199,348.726825
201.139206,204,348.991758
214.495647,353,349.279394
108.065822,347,349.654732
61.677056,260,349.864385
262.904146,231,350.141786
164.905869,259,350.354058
164.150955,224,350.627735
16.222783,175,350.768552
-21.5942,161,350.990748
7.011849,193,351.146893
103.796554,197,351.306281
66.269129,231,351.586216
154.021353,275,351.811798
-544.949625,418,352.246655
148.089835,209,352.508692
-76.190306,287,352.742019
57.716752,193,352.899669
126.226218,269,353.210151
-132.871794,318,353.559563
247.340486,208,353.728667
-57.080308,173,353.870392
241.265824,356,354.252257
175.284504,252,354.547904
168.2195,348,354.82951
125.394129,275,355.143745
-562.155086,430,355.585689
62.399657,216,355.758363
-543.208988,665,356.391193
184.691674,187,356.634167
108.790774,286,356.873891
156.43634,291,357.202077
-805.501942,660,357.840416
-24.584839,305,358.28508
-74.86519,377,358.589601
14.728774,179,358.829222
189.688178,280,359.056582
257.047847,279,359.481733
54.751479,184,359.631987
18.417143,217,360.037942
-295.747792,443,360.491977
-30.768595,225,360.675824
92.570617,218,360.85218
-48.877229,227,361.127603
-0.444073,211,361.298939
-73.607377,183,361.538517
101.085328,314,361.794318
-16.880369,219,362.063101
-58.757665,353,362.352471
-519.378898,444,362.807838
-180.933186,314,363.158532
-537.229175,347,363.44521
-932.097415,542,364.070167
-75.247608,284,364.305642
106.572246,278,364.729272
-126.055768,458,365.193758
-337.626739,361,365.491345
244.823166,211,365.754394
12.836132,181,365.901299
-218.501745,317,366.251438
13.814997,202,366.416007
-862.108983,518,366.929391
-346.619588,464,367.400819
-657.447671,399,367.821071
10.413442,200,367.98129
135.277834,346,368.356504
38.725362,184,368.504815
75.082678,201,368.757388
-77.930823,176,368.900254
-58.264284,188,369.052143
-92.148373,139,369.257761
-50.483775,151,369.380887
89.419305,202,369.54174
-629.93653,442,369.995953
-110.41268,255,370.292861
-328.424547,291,370.531423
-33.933293,161,370.663158
48.05931,181,370.902195
43.862107,164,371.034367
-1.608696,180,371.178306
-202.763526,395,371.591417
-172.24618,334,371.955073
-237.028493,388,372.367035
11.221676,204,372.531354
-80.631523,148,372.650578
-1122.908295,763,373.567622
-59.345602,143,373.683856
-180.11737,370,374.195841
-820.748254,569,374.755203
-680.513941,776,375.48971
59.709872,161,375.714932
-323.415124,487,376.205353
-761.948424,633,376.815613
137.278906,302,377.15394
-862.085712,815,377.910102
247.94416,281,378.234969
-26.999441,342,378.513738
149.932106,196,378.766057
105.496413,307,379.020566
-103.301953,358,379.407525
-589.867069,549,379.9494
112.49384,197,380.107524
-874.452971,577,380.766854
-908.225036,628,381.376609
-127.675857,253,381.58061
117.307439,181,381.822229
-31.197835,324,382.0876
-636.262584,452,382.550381
142.379022,354,382.935636
-437.37722,393,383.469028
-733.448497,630,384.07401
-168.602548,337,384.444806
97.706856,170,384.582679
-663.835917,446,385.041679
92.090356,201,385.205568
-454.515739,432,385.652979
117.217309,203,385.818134
100.240253,186,386.059814
78.635423,230,386.246881
72.294555,174,386.482687
53.518648,155,386.608819
-296.235436,223,386.79007
70.932578,159,387.012653
-774.382101,762,387.846893
-48.910754,154,387.972507
-753.267194,494,388.579805
75.161113,200,388.835145
80.302183,277,389.058301
-91.128333,605,389.644088
-111.089655,705,390.40422
-661.860545,591,390.989329
9.537224,650,391.613363
-34.018711,304,391.95558
-578.150669,516,392.47112
-700.735141,457,392.935493
-18.180901,1000,394.067536
-253.037308,1000,395.193009
-204.634268,1000,396.195258
11.799677,486,396.684127
-243.487942,582,397.26318
-937.632525,761,398.079112
-368.475971,467,398.55017
-75.555212,1000,403.367157
-463.599117,491,403.859534
-299.319573,1000,404.958426
76.179336,244,405.155101
111.154526,585,405.933286
-310.714287,457,406.304077
-272.529493,701,407.293102
-208.512776,627,408.024618
-42.683227,244,408.435891
-1116.144376,569,409.100956
-25.560722,190,409.255071
-67.898606,1000,410.376273
-60.288864,826,411.223458
-215.123482,305,411.467127
-15.002038,1000,412.457257
-383.263044,396,412.865911
-1163.6585,884,413.774719
-61.244172,336,414.044321
-113.75601,450,414.50137
262.768152,365,414.886076
146.66774,444,415.337337
-49.769679,361,415.626731
8.955767,490,416.114806
-46.725467,894,417.019928
88.564642,936,417.957214
469.610736,1000,418.941536
-95.241271,354,419.318882
-381.759252,1000,420.30769
184.423854,776,421.026621
-447.194714,290,421.461769
-69.101637,591,422.133555
-220.980339,235,422.324022
491.646596,976,423.298002
323.059232,921,424.34635
342.361275,1000,425.469998
-112.197802,489,425.954306
-208.692811,1000,427.177142
-210.646387,1000,428.166337
-282.186262,392,428.574616
115.793204,466,428.946656
147.024094,326,429.307188
-62.711228,353,429.689729
7.205266,408,430.111166
134.369488,482,430.696735
-76.263412,742,431.380461
102.14453,487,431.864855
407.343603,1000,432.96343
22.849627,525,433.557955
-59.361817,493,434.175997
145.088631,643,434.927513
152.812027,399,435.444328
-288.880586,809,436.510854
135.131885,476,436.89079
85.481045,696,437.897322
-51.866297,444,438.451206
200.798843,685,439.205392
241.771907,1000,440.451312
45.029208,494,441.045746
407.373519,1000,442.286191
277.531203,662,443.03978
-193.782784,333,443.509554
-595.045766,224,443.690267
82.687683,479,444.275112
-251.256743,292,444.710876
-95.695015,357,444.998738
-561.651515,316,445.346735
649.832416,1000,446.326061
-136.162829,475,446.800015
-189.155403,335,447.161108
-150.336526,437,447.51108
-284.389306,263,447.815655
-403.586084,228,447.997514
-416.761708,334,448.358306
-13.479639,1000,449.348056
-338.551027,227,449.531591
-675.736569,248,449.825387
-643.318986,260,450.034217
174.401671,777,450.845605
-74.127509,674,451.479034
-7.732678,231,451.761109
-294.874975,232,451.949685
-95.933123,475,452.428372
77.3306,394,452.839889
221.004151,546,453.373804
-82.934255,316,453.722874
-700.964781,188,453.875296
-337.861244,414,454.308475
-355.930305,311,454.561855
54.838349,466,455.034642
-100.864768,470,455.505808
-604.917327,296,455.838551
395.690085,788,457.253205
-266.351251,253,457.551466
-622.81296,219,457.728043
207.610113,634,458.330492
-414.8887,237,458.613659
-767.546068,208,458.782597
104.493594,595,459.447092
-410.466095,318,459.702997
-104.02622,456,460.162466
-626.486748,202,460.325416
-36.119006,410,460.749642
-278.270292,393,461.160606
111.635477,558,461.70166
-279.211554,343,462.070002
-57.003149,344,462.346267
-343.755108,300,462.68137
-349.540914,253,462.886511
-196.463759,418,463.318702
-222.416586,266,463.626373
-3.951069,476,464.102307
-16.705835,449,464.559919
-578.473443,261,464.773403
145.950749,565,465.320205
-124.750058,531,465.83557
-308.509136,391,466.244524
70.700844,509,466.746347
392.583245,680,467.384412
572.648263,727,468.154363
-361.017557,257,468.360365
-230.036345,451,468.827319
-146.851577,283,469.145984
-702.6432,305,469.391088
-659.898576,296,469.717871
-515.891839,208,469.882499
-521.582085,178,470.119472
-478.281208,184,470.266003
-625.749517,219,470.44317
-469.889877,282,470.759189
-570.02511,150,470.878757
-542.034018,243,471.257761
-746.299998,192,471.413494
47.692333,718,472.413222
-666.130027,196,472.572448
-647.689317,277,472.796395
-262.143936,401,473.315746
-481.515843,252,473.610157
-469.94778,252,473.814049
-433.214789,220,474.188169
-544.812651,236,474.374986
-482.969421,248,474.79754
-615.012508,161,474.929297
-577.045447,125,475.028621
-617.389288,157,475.153161
-350.567038,271,475.597316
-224.410362,337,475.960249
-691.532192,159,476.088955
-77.721761,411,476.508297
-542.147951,232,476.694412
-664.437489,165,476.920036
-543.917721,218,477.093118
362.061167,678,477.723211
-635.250851,165,477.951356
-165.128029,509,478.454939
-533.75652,243,478.655536
-418.760958,276,478.969304
-107.766176,404,479.292517
45.592385,538,479.81567
-457.383307,178,480.051737
-530.862667,337,480.321439
-216.654461,314,480.665777
-319.731039,276,480.98002
-622.377199,217,481.156385
-291.683045,350,481.550445
-126.29221,331,481.821709
-373.118788,312,482.165647
-74.710926,335,482.532947
419.727588,568,483.078576
-551.761406,250,483.279891
-547.847094,281,483.597275
-558.066517,170,483.734885
-261.671692,467,484.283716
-722.37155,235,484.473067
-496.083913,225,484.88368
284.476445,599,485.583633
985.907079,1000,486.695838
-520.546285,254,487.124091
-259.477534,491,487.607664
-672.569208,186,487.760963
409.669885,921,488.913242
235.032108,807,489.759873
-811.480821,291,490.210001
302.423478,566,490.867111
-440.469455,388,491.272187
-504.84167,348,491.551235
-106.248003,832,492.403111
-8.195813,603,492.976588
1313.143663,1000,493.963287
1039.300626,1000,494.947741
1289.11346,1000,496.059179
873.027643,1000,497.265619
-235.616473,330,497.752476
591.592266,936,498.728356
950.813784,1000,499.957305
380.06079,986,501.185066
958.689985,1000,502.413674
928.688369,1000,503.652282
1045.442855,1000,504.83343
-50.935673,777,505.88172
777.904978,1000,507.107444
623.414356,832,507.99632
656.981407,1000,509.252203
331.061794,669,510.233998
-109.955623,370,510.533013
916.938625,1000,515.526572
897.894888,1000,516.765693
524.579655,1000,518.027027
351.328389,601,518.731515
-144.103477,416,519.289174
1213.747522,1000,520.566364
1045.886662,1000,521.806627
548.112715,650,522.559835
857.68238,1000,523.846919
783.674131,1000,525.11226
968.862421,1000,526.360126
409.068888,494,526.972916
166.618906,903,528.17927
1051.730308,1000,529.433673
-370.557046,361,529.945408
708.218748,1000,530.976177
635.739472,1000,532.214191
751.375943,1000,533.445068
729.146968,1000,534.706331
724.772977,1000,535.933762
920.01765,1000,537.143862
-228.170453,543,537.805062
778.899772,1000,539.043244
-79.025318,492,539.660052
-234.502295,424,540.214738
922.336291,1000,541.434926
-579.195187,274,541.882174
-188.522246,568,542.550892
1091.064731,1000,543.756416
1065.188436,1000,545.011127
325.377045,839,545.775373
-378.129315,340,546.139964
-234.661767,387,546.542407
276.866561,670,547.294409
118.770392,690,548.051523
-206.721437,599,548.771891
-355.330995,412,549.328548
911.445257,1000,550.594585
-517.712334,256,551.032284
685.579886,793,551.874295
-41.812014,216,552.246141
-578.386499,213,552.417115
-55.525336,563,553.072413
15.02111,690,554.063754
980.137593,1000,555.087437
925.06451,1000,556.306957
492.100996,901,557.494819
1065.475503,1000,558.74851
-3.706466,391,559.288729
-23.221703,248,559.487891
257.186705,410,560.0431
444.79955,617,560.741807
-380.092914,905,561.895806
152.623161,487,562.510017
179.187405,807,563.567658
192.334325,387,563.879951
234.977555,394,564.40121
355.652953,484,565.001843
31.189219,272,565.422514
247.776297,322,565.680125
97.080989,244,565.971266
709.727864,1000,566.959626
753.323512,878,567.758541
937.96923,1000,568.758923
80.54728,217,569.026873
303.481358,373,569.421674
268.692825,625,570.015058
1092.986754,1000,571.010722
-457.202681,251,571.213647
-587.223729,290,571.541576
130.718073,813,572.278316
-68.990554,257,572.576801
-141.693075,421,573.005648
1013.293119,1000,573.992862
1104.098436,1000,576.549583
104.239113,245,576.745614
13.426368,510,577.254105
83.688092,689,577.901107
107.855556,272,578.211474
-87.155737,575,578.765221
626.549835,1000,579.752406
-215.195501,398,580.166205
282.398177,307,580.413031
-450.716591,286,580.840532
268.02889,860,581.730016
-208.013461,379,582.035844
52.323325,282,582.354544
232.654633,777,583.073653
138.505761,665,583.792268
-565.162831,307,584.038944
-18.389762,260,584.340953
237.879396,762,585.043977
-15.582361,205,585.299899
42.662355,183,585.444831
147.625412,296,585.775285
157.149753,405,586.098144
48.726364,263,586.406083
139.618111,390,586.810507
-10.353822,201,586.970379
210.996077,297,587.301167
72.099701,256,587.503786
362.348026,628,588.098139
-65.820059,249,588.389631
641.508974,1000,589.377349
-176.010645,387,589.780654
64.971994,335,590.048047
473.025922,739,590.827835
117.406014,267,591.041853
170.264036,896,592.051964
14.033767,268,592.360717
499.679567,715,593.024843
153.147514,456,593.484299
238.468483,362,593.865168
832.718375,1000,594.851305
266.004219,583,595.525972
560.539342,796,596.394108
45.136773,199,596.791921
68.499873,200,596.952633
-300.302708,363,597.446218
191.83742,567,598.129946
62.865463,255,598.334339
10.848877,240,598.729522
48.590137,705,599.523117
98.733715,377,599.916898
2.248993,252,600.118657
496.022896,1000,601.209372
760.248337,1000,602.421958
15.785771,472,603.004372
904.537839,1000,604.234684
561.760084,1000,605.478598
-530.394346,731,606.474738
12.005418,442,606.827914
400.163545,1000,608.006483
79.409221,168,608.234068
113.928292,361,608.522719
-329.426834,298,608.853991
-241.517927,482,609.339252
365.565999,1000,610.439989
63.458219,275,610.663845
-107.178428,782,611.481602
-21.72907,266,611.696394
282.674073,659,612.414475
461.705558,797,613.150618
768.197168,1000,614.145512
-216.112772,567,614.697814
-119.155545,437,615.137971
980.35122,1000,616.129774
-794.918629,917,617.180904
690.385554,1000,618.172738
-607.549047,320,618.522696
-492.16653,218,618.698933
722.143167,1000,619.704871
583.208887,1000,620.701203
652.402389,1000,621.808486
-471.450784,235,621.998802
-281.856356,303,622.337134
-39.89502,554,622.875499
143.714114,624,623.469255
-292.623801,359,623.938188
-267.83658,1000,624.92506
-455.773903,222,625.102925
-358.563658,464,625.57059
1094.010877,1000,626.562835
334.479611,594,627.134503
711.529819,1000,631.554793
-479.412912,256,631.858918
491.482661,1000,632.84875
-530.745141,298,633.0871
290.756357,523,633.594012
-341.24299,520,634.101293
-344.148402,421,634.533217
-301.788568,431,634.971311
-96.015203,268,635.183762
-237.603197,496,635.775131
624.734061,985,636.848844
263.66341,583,637.502894
-190.14478,451,637.866195
626.841421,1000,638.952604
759.658023,1000,640.043149
32.585363,169,640.377917
-80.166924,549,640.909565
128.564089,600,641.482853
16.404315,155,641.605706
56.45464,212,641.865818
628.628428,839,642.62257
671.46292,1000,643.611652
-133.190379,966,644.563727
434.695483,923,645.482451
355.166693,849,646.353216
260.209809,507,646.850742
918.016367,1000,647.741122
-191.385505,408,648.158516
-380.265825,656,648.863681
437.214099,705,649.520922
525.508155,905,650.435326
457.92651,631,651.029139
127.001807,424,651.460945
-431.426707,300,651.699289
-595.96571,236,651.988144
431.382371,804,652.725677
-450.149379,241,653.013737
-303.237887,391,653.420746
-430.004898,315,653.67262
-344.291411,281,653.989948
-624.976443,161,654.118407
-526.322056,313,654.462292
0.01072,404,654.782756
-536.266088,272,655.094438
-448.455506,284,655.414231
-545.609814,178,655.556846
-295.711206,223,655.735801
-552.192864,181,655.974932
-616.339672,166,656.107672
-164.98903,443,656.552742
-624.748767,175,656.693567
-274.594356,449,657.1441
-230.083193,451,657.593582
249.149952,691,658.251935
-457.128133,260,658.554211
-100.688345,297,658.793313
-524.325173,257,659.095141
-232.926421,423,659.526087
-580.462695,163,659.65669
-584.649551,228,659.930738
-119.612411,440,660.287313
-318.894958,322,660.640418
-367.106647,287,660.962284
-78.404329,460,661.331447
-311.508162,372,661.722295
-281.991756,319,662.174328
-643.719382,169,662.308511
-521.16939,160,662.436066
-458.88475,292,662.762353
582.569399,717,663.425455
-309.168283,360,663.803947
-160.576841,393,664.209207
160.839873,1000,665.333302
-343.248997,410,665.754163
-298.816196,418,666.086064
644.422199,918,667.000637
-179.20606,387,667.401206
-444.61394,366,667.788477
-370.72869,308,668.036938
-656.969837,235,668.32154
-152.158501,608,668.906099
-172.060654,460,669.372587
-114.195939,537,669.900421
-421.009535,929,670.849346
-52.317679,624,671.445967
-89.65599,412,671.872509
882.496874,1000,672.86819
-120.752516,540,673.398491
49.394251,566,673.948288
86.030699,372,674.339374
-22.024789,698,674.991031
-68.686522,630,675.676449
104.708105,905,676.696622
-135.715396,473,677.168095
-53.781547,431,677.605301
178.851838,705,678.355284
-427.398723,478,678.927397
-401.801421,327,679.284557
-288.090307,408,679.609381
-548.314462,723,680.57146
61.201673,245,680.767385
201.81949,483,681.262127
-447.346967,780,684.177681
-451.007003,286,684.408783
-743.033956,364,684.903118
-141.472295,247,685.323437
-100.25371,179,685.468172
-108.442433,182,685.612879
-20.999097,305,686.061483
-7.246127,201,686.222297
-442.640613,275,686.627829
25.106346,364,687.013413
-332.329381,445,687.37079
114.680939,300,687.703641
-51.539322,172,687.84104
214.792803,378,688.238277
-493.796146,330,688.597486
-161.267312,420,689.028996
-217.017158,384,689.339044
-377.151805,479,689.815063
-95.031958,175,690.153239
-36.313358,400,690.479504
5.442714,210,690.874603
-443.209098,215,691.047796
-8.492639,208,691.309398
-41.770285,202,691.470306
211.825817,379,691.86731
117.488904,319,692.124687
143.74952,289,692.448324
7.280142,262,692.657462
24.54589,201,692.910581
-100.692661,155,693.0341
45.553604,273,693.347183
-31.574279,194,693.502089
-64.784198,181,693.646257
-82.643594,162,693.869617
-179.828137,390,694.183681
20.62008,180,694.421907
-8.230561,229,694.606851
-49.003454,146,694.921465
-5.768441,295,695.158668
243.544935,306,695.498722
-27.184115,197,695.656303
-17.39844,140,695.767763
51.750463,220,696.035964
22.80867,179,696.177817
-23.849619,150,696.297207
-71.073132,154,696.514029
-68.42863,165,696.645249
-576.472939,271,696.956859
-135.784386,177,697.105677
140.059424,295,697.565125
-55.58157,167,697.699908
3.314192,222,697.876246
-50.515798,202,698.132321
-69.378008,171,698.26995
42.042253,199,698.428806
36.376401,223,698.701417
7.389287,150,698.820671
262.497802,720,699.690238
35.964049,193,699.844722
-52.455195,159,699.971726
31.063993,303,700.310328
-70.919453,142,700.424022
-36.406291,148,700.541954
201.690464,419,700.967494
6.726429,204,701.224997
8.988274,290,701.459045
-205.903399,165,701.589925
7.283928,176,701.824649
-471.074546,243,702.020128
64.389017,173,702.25238
21.177902,255,702.460103
35.038782,320,702.937418
43.96766,194,703.09393
-18.879927,150,703.214708
-225.615691,348,703.718019
-362.553003,218,703.989755
97.883381,197,704.146889
-398.293841,462,704.720816
-82.770013,200,704.879866
-1.732975,186,705.253272
-94.30238,159,705.380869
524.540284,553,706.029438
-37.43895,167,706.16297
12.520741,157,706.51323
-197.229089,178,706.655459
4.461871,168,706.790046
-43.21665,227,707.169487
-116.753945,165,707.302567
19.829731,236,707.489836
41.476473,216,707.886052
-67.868252,143,708.003318
-29.025294,170,708.232611
15.1066,198,708.392116
-41.651987,177,708.532964
-45.936862,153,708.749176
-75.594512,172,708.884738
-341.335593,309,709.228675
-89.633383,138,709.343685
-75.07369,231,709.530311
-148.972938,163,709.755805
-56.854351,159,709.88258
-376.464147,292,710.117923
-269.137272,642,710.909591
-61.193196,132,711.015742
39.168873,223,711.193819
-77.050007,137,711.39803
-58.922297,171,711.534319
42.700528,223,711.712518
-15.371559,189,711.958836
-23.358288,184,712.107615
186.680537,406,712.525885
-44.43156,186,712.675143
-16.624633,196,712.927022
133.432024,229,713.110653
80.88161,212,713.375325
-66.216407,131,713.479916
-17.098196,151,713.601612
-65.695067,154,713.725165
206.890796,282,714.045591
147.769647,187,714.196557
0.616133,151,714.427181
-103.601017,154,714.549785
37.420416,208,714.71627
-58.97419,151,714.930455
-10.764601,135,715.042374
-10.720343,141,715.156284
-23.320789,136,715.266443
-25.137436,143,715.474693
-53.986919,136,715.583485
12.855672,188,715.734396
-109.453309,150,715.947794
-51.700087,129,716.050861
-56.127074,139,716.161908
-9.293254,166,716.295393
46.555742,141,716.503373
17.077318,134,716.6118
-40.947421,156,716.7369
-80.088011,127,716.93099
23.687559,151,717.051897
-4.364734,150,717.171599
6.548065,148,717.290559
-6.468773,136,717.492819
31.676851,155,717.616535
33.340549,145,717.733037
-5.646401,140,717.936988
11.212118,153,718.059616
6.777619,140,718.173714
-12.158198,144,718.290289
16.042362,160,718.511538
40.961459,150,718.633688
85.407062,152,718.755497
-38.812392,162,718.978678
-97.658784,115,719.070221
74.712572,177,719.212452
-32.543886,141,719.327836
-21.832775,135,719.655739
-92.102942,118,719.750248
-55.359511,137,719.86081
6.627895,143,720.201116
3.288311,133,720.320542
-36.451132,135,720.428952
10.217271,159,720.556278
-19.974611,157,720.884768
-65.518703,172,721.022456
-94.923827,156,721.147973
10.753068,144,721.474131
22.936077,139,721.592049
13.007377,142,721.707687
-27.050261,149,721.826778
-21.585827,154,722.156572
-64.42914,142,722.272406
-120.957534,155,722.399133
-26.122485,153,722.747138
-51.141902,155,722.872808
-4.184926,200,723.03391
-67.265606,139,723.243626
2.055357,145,723.359488
-50.08329,153,723.483259
-32.021233,128,723.586031
15.3641,151,723.908435
-32.048282,133,724.01526
-29.771014,135,724.127894
-21.329744,139,724.239161
-48.35856,138,724.449197
-60.415328,163,724.582142
-95.510603,153,724.70513
-82.038455,131,725.034138
-38.520055,146,725.150832
-37.151871,139,725.263155
-36.177557,141,725.378881
-22.704145,141,725.695493
-83.600801,119,725.792039
-25.282615,151,725.914476
-31.200214,140,726.12204
-69.032593,138,726.232376
-151.751518,109,726.319992
-102.669084,121,726.416355
-119.971728,109,726.505448
-55.783197,115,726.692273
-11.04807,139,726.80494
-133.410125,108,726.892317
0.478109,132,726.998068
-65.275083,120,727.19123
-70.31236,114,727.281432
-70.331484,133,727.388838
-71.719137,123,727.488043
-31.789132,155,727.705297
-60.070411,116,727.797038
-75.931809,108,727.883091
-16.76989,149,728.002398
-21.738005,146,728.213046
-84.250685,112,728.303116
-116.130169,121,728.401531
-84.420621,113,728.493242
-12.741556,135,728.810454
-12.591075,119,728.905909
-29.844065,145,729.022159
21.784467,137,729.130798
-26.550016,138,729.337661
-85.648852,168,729.4723
-23.36706,135,729.580082
-48.103155,137,729.784325
-5.903805,127,729.885212
-22.678583,130,729.987988
-83.075314,152,730.11082
-103.644551,116,730.298159
3.47173,142,730.412561
-3.29461,152,730.535932
-10.538364,143,730.651755
-147.899015,121,730.841282
-82.179407,157,730.967987
18.5621,139,731.08034
38.308669,195,731.433665
-21.973718,145,731.550699
0.310414,156,731.676048
-61.838041,155,731.893535
-31.006442,130,731.999186
0.25395,140,732.112156
7.676478,129,732.21571
-126.058904,158,732.436949
-73.812039,142,732.551629
-19.150494,130,732.655946
-5.271961,182,732.803469
-26.334862,125,732.995462
-10.256375,147,733.12753
-26.400933,166,733.281219
-15.964578,141,733.517367
-8.290258,164,733.66275
-41.554735,133,733.781809
-67.196586,151,733.914267
-27.254753,154,734.151809
19.902536,160,734.284881
-26.820784,160,734.415669
-34.36668,133,734.615265
-46.971474,146,734.732481
-11.591503,143,734.849675
-40.986891,153,735.070826
-16.935418,124,735.170913
-47.846734,134,735.281902
-9.021312,145,735.430789
5.233379,141,735.642449
-78.732479,150,735.766242
-151.303001,115,735.860225
-96.599031,156,735.989223
-39.23785,166,736.219891
8.796493,147,736.345847
-29.758696,151,736.499575
-51.651257,155,736.97986
37.393087,127,737.084434
34.66989,155,737.847205
0.500929,173,738.256284
32.970247,164,738.492987
12.266451,170,738.734289
-54.553025,134,738.916825
-30.464265,125,739.236065
3.365723,143,739.425786
-46.946575,150,739.621436
62.393825,133,739.949321
-87.539353,162,740.169583
-17.007021,143,740.360245
-51.298405,151,740.565837
-42.630431,150,740.924372
8.273423,158,741.145041
-5.876366,177,741.382912
25.083752,141,741.735132
-25.411777,141,741.924869
9.042283,144,742.127027
-19.737688,143,742.309197
5.0765,128,742.620778
-54.683928,134,742.806912
-68.026103,151,743.00383
-8.511597,179,743.382267
-82.86502,124,743.547662
-44.235651,148,743.746357
14.050641,142,743.953157
-6.835006,125,744.380802
-62.749824,152,744.59175
-6.813949,162,744.802363
46.689615,191,745.219913
-4.881608,147,745.445832
-27.478533,127,745.62365
-76.260937,159,746.169073
-10.102661,134,746.370646
19.025321,166,746.619438
-6.94074,143,746.83227
7.24914,153,747.214333
15.479225,178,747.472085
-56.041736,147,747.690586
32.04777,135,748.032266
31.024338,189,748.297084
-20.966866,138,748.483757
-35.080247,146,748.682479
35.980975,152,749.026446
-57.721223,163,749.238329
35.825184,205,749.656949
-48.25868,127,749.829058
54.009592,144,750.019601
-36.876057,151,750.220124
-30.284316,160,750.597595
-55.955965,128,750.763871
40.631571,133,750.939508
-8.403447,191,751.334857
-9.659238,174,751.501681
-45.330039,153,751.648235
-2.524774,125,751.765407
21.539737,169,752.034327
-18.853631,150,752.172445
25.613597,160,752.320397
-3.581396,140,752.58108
-13.941024,134,752.694266
-33.225448,156,752.822924
2.780265,187,753.090989
-45.251782,152,753.213293
-39.273319,152,753.334953
-77.662899,163,753.474854
-139.435347,99,753.658311
-36.686352,141,753.784616
-19.076981,161,753.931566
-67.735236,120,754.041107
-98.023338,120,754.26007
-52.059813,154,754.387669
-21.168208,163,754.521749
-9.169841,149,754.738288
48.014397,168,754.873575
-34.436352,141,754.988148
-137.545879,115,755.081326
1.407076,137,755.285152
-16.978136,140,755.39765
106.929326,281,755.714261
-49.803308,155,755.838811
-45.895258,150,755.959234
25.1569,126,756.062761
-68.617741,151,756.277729
-43.978944,145,756.394388
-88.637774,134,756.502532
-34.906199,152,756.717272
-21.503704,168,756.852401
-85.863173,137,756.963107
-126.323208,155,757.089139
-71.431456,136,757.292441
-111.689831,126,757.395331
4.669059,148,757.514969
-34.875786,134,757.622676
-38.077036,149,757.834947
-24.38166,149,757.954742
-71.871361,156,758.081806
-102.594996,130,758.278045
-131.202626,161,758.407411
-19.134959,159,758.534764
-46.607169,138,758.738765
-52.385896,148,758.858586
-35.809849,145,758.975703
-60.464881,141,759.088847
-28.027952,147,759.302464
-47.351617,134,759.412487
-14.701097,144,759.528556
1.139985,142,759.643732
-12.502302,183,759.883399
-57.145858,137,759.994548
-81.218345,133,760.105412
-61.733346,153,760.323402
-88.863671,143,760.438783
-69.099643,162,760.571426
-69.658915,150,760.78599
-51.700762,196,760.943127
-26.991137,141,761.056759
31.809903,230,761.339254
-103.483218,143,761.454325
-70.879535,153,761.577047
-43.982657,138,761.780221
61.925908,222,761.960115
2.42869,189,762.111045
-68.303497,168,762.338307
-20.449507,140,762.449548
94.754959,201,762.610615
-115.448721,131,762.809281
-40.271816,140,762.921472
-50.640888,144,763.041937
-98.231399,154,763.165729
-4.100163,148,763.378849
-71.072337,127,763.480838
-68.399606,130,763.586304
-97.160848,166,763.811216
-91.711656,127,763.914842
-4.331595,147,764.032746
-130.633699,155,764.158473
-19.048645,147,764.371603
-30.8736,133,764.479293
31.732628,206,764.646386
8.546308,136,764.849735
-45.705574,150,764.971447
-88.713354,160,765.100346
-36.588513,116,765.193449
-52.95051,142,765.401548
-114.507493,139,765.514222
-8.367243,140,765.628139
31.051471,189,765.872607
-28.011268,147,765.991369
-70.786649,153,766.116107
-53.407596,155,766.241603
-54.914444,171,766.473757
-4.65968,130,766.579175
-45.17848,159,766.707421
0.782808,147,766.924828
-118.175239,158,767.052732
-78.125496,157,767.180185
-85.397778,166,767.406447
-51.917164,170,767.543558
-95.934181,158,767.671754
-83.987261,156,767.88844
-37.038088,146,768.006782
-38.936618,142,768.120146
-48.206727,148,768.239044
-47.955571,133,768.442318
-58.951849,138,768.553805
-102.879531,129,768.657669
-133.427467,129,768.761843
-61.31433,150,768.972963
-69.604516,135,769.085949
-62.247655,168,769.222249
-67.99904,158,769.446003
-101.042234,120,769.542893
-110.968655,146,769.661187
-138.848635,161,769.79095
-148.519419,127,769.988496
-118.862833,226,770.172133
-79.877225,268,770.483227
-85.304113,170,770.620064
-100.048151,121,770.719067
-123.856011,159,770.937589
29.141049,172,771.077127
-24.338163,189,771.22899
-108.337888,145,771.436823
-22.065815,172,771.576345
-222.095383,108,771.662494
-17.643604,208,771.924664
-36.229905,204,772.092132
-64.910796,145,772.210018
-106.711327,157,772.337162
-58.430556,140,772.543998
3.647457,184,772.692989
-112.420619,123,772.792804
6.879821,165,773.018278
-120.698302,139,773.13
-69.697475,150,773.25121
99.4954,219,773.52061
24.033894,223,773.700617
-59.239655,162,773.831203
-101.724972,160,774.05274
-5.147872,211,774.223925
35.604128,208,774.489356
-116.909514,143,774.605326
-87.384148,152,774.727724
-122.023747,143,774.844479
9.875575,207,775.106343
-106.282667,136,775.21607
-66.176558,132,775.32262
-108.155332,125,775.515581
-48.752787,222,775.696143
6.732492,189,775.847064
-113.605337,159,776.066604
-28.46106,177,776.208916
-97.212372,161,776.338849
-115.490716,148,776.551304
-25.122944,169,776.687073
-91.986413,224,776.866128
56.335953,222,777.136978
-28.228763,220,777.312551
-34.608887,169,777.542553
-161.728339,131,777.648028
-90.671495,144,777.763665
-99.674446,131,777.869267
-166.516127,170,778.099298
-129.310209,125,778.199207
-102.618859,226,778.382972
-35.346575,485,778.87393
-81.893852,133,779.07384
-9.447794,207,779.237524
-111.387054,158,779.365268
-131.285684,155,779.692006
-74.401725,161,779.821504
-54.678884,131,779.927343
-18.541516,207,780.187265
5.303295,234,780.376964
9.053394,268,780.686814
-89.052858,157,780.812484
18.844075,263,781.022359
21.595059,216,781.405912
-134.635745,163,781.536375
-12.400514,167,781.670265
-26.482775,175,781.903725
20.707374,195,782.060793
-96.7928,121,782.159224
-243.143585,243,782.552632
21.879817,195,782.709685
27.020067,184,782.949964
-74.225891,160,783.078265
-47.019553,145,783.194986
-51.757156,158,783.414178
-117.509094,130,783.51867
-19.700386,204,783.686912
13.179039,171,784.048738
-49.317148,165,784.182022
-116.616931,170,784.321698
-12.388611,165,784.682782
-126.878729,113,784.772588
52.830389,329,785.037691
61.384019,252,785.334196
69.985481,220,785.510422
-25.693124,201,785.775447
-13.894612,224,785.961986
-106.968099,167,786.097178
-168.110494,130,786.293465
-15.787094,173,786.431571
-138.009075,111,786.520542
68.649529,195,786.76801
-126.986233,152,786.889826
-2.516921,264,787.102502
-52.251823,155,787.320028
43.411285,194,787.47419
-122.506065,168,787.6069
-408.561992,304,787.947342
-70.22644,175,788.086823
1.481686,184,788.328624
-162.521422,170,788.462338
-111.197998,118,788.556506
-138.542335,245,788.846865
-93.813421,186,788.995292
1.380846,162,789.126727
-42.623207,167,789.376731
-13.085597,190,789.52801
-18.775269,254,789.824122
-43.737018,145,789.940361
56.954808,278,790.255847
-206.053335,245,790.454413
-65.042602,146,790.571556
-103.898755,141,790.779256
-56.78424,186,790.927161
43.135469,236,791.116313
8.073251,358,791.495227
74.341803,314,791.838721
134.441256,346,792.115242
-26.268181,139,792.425173
64.174698,255,792.630083
-576.274132,185,792.871856
-46.882671,163,793.003014
-238.613567,295,793.242808
-75.439839,235,793.524965
43.297213,268,793.740476
-99.532255,205,794.581581
-33.521147,165,794.713045
-122.304626,214,794.977984
-420.666179,535,795.503065
-74.57998,194,795.659317
50.349023,322,796.012638
14.459362,147,796.133501
-26.280331,191,796.286017
-73.428825,191,796.540728
-98.733326,174,796.679838
-154.803854,163,796.809054
-53.533469,207,797.067699
-116.92235,130,797.171716
-136.433055,119,797.266847
-41.868208,148,797.385912
-78.49422,175,797.626273
-70.103199,163,797.757325
-128.548247,133,797.865289
-126.873668,154,798.212209
-49.564423,155,798.336288
112.714034,261,798.543584
-58.960993,248,798.970682
18.926066,243,799.165248
-83.513837,196,799.523124
49.687737,222,799.701247
-32.908573,219,800.108778
-20.707503,203,800.271664
-157.039817,260,800.681311
-48.542702,182,800.827404
-41.468638,211,800.997165
-67.165826,207,801.39086
-138.236101,175,801.531072
-26.412621,230,801.942678
-1.157607,240,802.138612
-47.136711,136,802.249269
-89.940722,156,802.604149
-118.200944,189,802.756399
33.767667,184,802.904161
-36.734886,162,803.261244
-50.234673,137,803.373765
-17.388474,223,803.554997
1.664184,163,803.912663
-40.394408,135,804.021697
96.726035,319,804.482893
-125.520493,132,804.589794
-165.484914,150,804.710841
-60.194899,169,804.847131
-17.252174,164,805.204341
-95.119855,143,805.320016
-23.406683,149,805.440698
-137.429242,151,805.657319
-43.234615,180,805.802306
-91.941518,152,805.925054
-80.173882,173,806.278554
-12.864551,220,806.45625
-143.247031,140,806.570413
-49.745792,146,806.91445
-118.065859,157,807.043011
-33.301037,199,807.203486
-91.856724,257,807.610509
-56.286452,138,807.720814
-99.396287,148,807.839406
-19.67951,145,808.145952
-150.291907,160,808.273962
-103.330514,189,808.426918
-114.723521,148,808.767639
-71.567464,140,808.881957
-78.846697,156,809.007561
23.994325,205,809.397598
-97.162966,158,809.524112
-93.829085,151,809.646285
-117.408639,130,809.749825
-124.80467,141,810.082106
-75.453523,132,810.189502
-52.218834,154,810.314749
-67.302097,150,810.636749
-98.017471,136,810.748106
-35.219832,138,810.860961
-125.15604,137,810.972997
-70.890037,145,811.30584
-95.294124,160,811.434723
28.796156,171,811.572402
13.818518,179,811.933779
-108.72236,140,812.0468
-70.431009,162,812.178674
-101.859266,156,812.513692
-115.466365,143,812.630271
-204.711132,169,812.768516
-13.491,155,812.891805
-32.747884,171,813.254326
-97.440186,142,813.36939
-124.080747,144,813.486574
2.600139,209,813.858549
-97.225271,152,813.981289
-39.811687,158,814.108723
36.383404,180,814.490538
-7.051625,152,814.614686
-61.775597,140,814.727426
-73.232218,143,815.076143
-21.250323,149,815.198782
-60.00442,149,815.32013
-55.893016,144,815.437439
5.256309,156,815.798344
99.511478,245,815.997638
-2.702633,150,816.120123
-33.068844,197,816.446624
-69.310928,151,816.568132
-22.484794,152,816.690693
-69.685028,144,817.016788
6.694197,142,817.132763
-63.809901,151,817.256288
-31.673324,156,817.593625
38.973244,248,817.795585
-62.722867,167,817.931041
-99.406126,177,818.309944
-5.057006,164,818.443101
-11.14539,156,818.568916
-29.828334,162,818.926366
35.17601,166,819.061003
-46.044482,121,819.15998
7.212402,235,819.561228
39.194477,238,819.754364
6.480683,162,820.108724
26.964549,165,820.242897
-62.543213,156,820.369994
-3.146755,143,820.485242
-2.369352,148,820.840025
19.991244,176,820.981993
-34.735556,185,821.130067
8.00822,173,821.493106
-19.896363,157,821.620056
33.371727,149,821.740258
33.540061,177,822.120044
-90.258753,136,822.229306
-23.390177,143,822.344658
-76.088212,142,822.689001
-39.933498,142,822.809091
-23.299207,135,822.918012
-65.328335,153,823.041451
-12.375562,138,823.356422
-38.011991,133,823.464012
-32.006661,150,823.585502
-75.682493,146,823.704611
-10.661428,150,824.058702
7.532724,146,824.177178
-23.485999,152,824.301735
14.615332,175,824.642935
50.882856,181,824.788293
21.766648,194,824.944136
-2.699857,150,825.15949
21.231103,158,825.287402
0.014694,155,825.41254
-52.405193,178,825.649322
-49.896328,235,825.840768
14.419521,163,825.971451
19.114264,176,826.20676
10.261067,145,826.324396
55.024562,228,826.601877
64.845369,233,826.788779
-13.859236,185,826.937638
17.090061,143,827.147944
-65.169429,235,827.338022
10.731633,219,827.606046
78.27638,226,827.789296
120.020019,217,827.963556
29.441281,146,828.175158
40.772188,172,828.312579
177.706985,208,828.479824
-117.612397,252,828.776131
56.18912,335,829.139932
-60.155983,159,829.268709
82.343478,262,829.478188
-29.901484,161,829.700414
7.101765,187,829.849715
1.844931,144,829.9659
-27.710105,162,830.190263
5.178933,144,830.307412
-33.226185,136,830.416715
126.784863,230,830.69641
43.185221,189,830.846662
-19.418555,176,830.987497
16.66417,158,831.206641
-8.954199,169,831.341815
-82.657159,136,831.450144
84.024666,269,831.760999
28.717687,252,831.963391
44.785088,169,832.190995
98.060092,207,832.357253
-44.227905,164,832.488044
18.311997,210,832.749475
44.312843,208,832.917111
-79.082609,170,833.052379
31.604656,144,833.262006
-57.462059,134,833.368858
-63.967484,199,833.528239
-52.281932,161,833.750141
-1.529662,183,833.896809
20.49291,164,834.027514
10.450117,151,834.242561
162.566749,393,834.56139
59.850991,191,834.808991
-5.955377,146,834.928505
59.252771,212,835.193562
-74.075433,157,835.319666
5.663503,141,835.434203
-84.140153,168,835.568601
85.367679,220,835.839051
27.934153,161,835.968936
22.627691,151,836.091413
57.733087,175,836.326269
22.405843,145,836.442959
27.852388,190,836.595699
-20.16404,177,836.834052
140.247859,229,837.018576
19.144828,143,837.227818
17.588944,142,837.342331
-26.840624,157,837.46861
0.476655,166,837.601406
-45.392468,120,837.792323
5.309665,306,838.038337
15.974378,174,838.275588
92.884605,215,838.449475
-439.664878,299,838.786756
-37.613543,157,838.913479
58.944476,296,839.242992
183.464417,261,839.454463
8.235573,359,839.835052
59.462313,236,840.024582
-8.219291,152,840.148317
152.104705,279,840.464837
27.65152,207,840.632383
36.852206,177,840.865418
-16.818608,159,840.993473
57.99575,182,841.139504
-9.003548,245,841.431196
15.619884,191,841.583976
9.484183,172,841.815037
-37.968023,169,841.95039
0.560033,159,842.077959
136.842922,355,842.454784
106.122298,384,842.85782
32.663353,159,842.986005
55.220182,152,843.10877
77.833581,204,843.365076
110.81105,166,843.49718
108.997397,199,843.6553
-62.344225,180,843.893013
-583.549566,258,844.101403
94.762762,197,844.352745
64.184107,169,844.488889
107.156346,191,844.641261
25.159583,150,844.855391
6.391627,151,844.976779
151.538549,232,845.163438
74.494462,173,845.395603
82.193766,195,845.552135
99.320235,278,845.868874
-31.975191,177,846.012228
42.961191,203,846.176601
1.62707,316,846.523921
12.779527,170,846.660452
34.386262,158,846.880464
-8.590818,138,846.991494
147.819993,286,847.316801
0.515969,396,847.637921
0.014941,246,847.929416
-596.472398,225,848.114629
-158.134336,254,848.414078
47.068451,268,848.632501
-436.23348,344,849.005985
-126.973709,370,850.383619
-70.433021,174,850.523793
-91.371124,239,850.717209
13.104542,198,850.971109
-245.785478,477,851.45693
29.782155,235,851.646939
-433.503591,337,852.012823
-685.117626,157,852.141528
-736.059502,266,852.457233
189.354655,328,852.722505
13.883375,213,853.105468
29.957953,193,853.260485
103.291797,340,853.772341
-227.957881,861,854.699287
-548.835446,340,855.199065
-236.147097,583,855.895513
-402.761148,396,856.440845
-446.251927,686,857.193897
-526.178603,522,857.843367
-493.079716,287,858.298985
-454.672993,327,858.76155
-540.932673,660,859.502508
-516.746531,309,859.753573
-529.200205,297,860.206966
-586.820865,192,860.365668
-476.250893,616,861.167725
-715.830468,240,861.362147
-399.536216,276,861.680185
-136.6479,569,862.234876
18.02422,163,862.367002
-452.354505,209,862.635276
38.84878,162,862.766786
-266.247394,270,862.98632
6.621602,198,863.238718
7.982686,191,863.392788
1.212542,205,863.649454
16.826945,200,863.811058
54.971548,241,864.004659
-38.777448,126,864.198173
146.488119,298,864.440763
46.258439,352,864.896345
-346.286146,503,865.39946
113.368889,354,865.777934
-619.204962,298,866.021006
-682.198906,357,866.403502
-564.51379,428,866.84267
-758.30761,402,867.170429
-662.575416,348,867.547037
-101.601723,186,867.788977
95.471759,350,868.073295
-226.550821,440,868.525677
-120.239229,399,868.938775
88.389592,216,869.111979
38.794425,232,869.390271
48.938978,147,869.508613
128.608898,217,869.683067
-32.961024,174,869.915788
42.43515,146,870.034539
-23.506301,576,870.58905
-460.752578,350,870.965089
-64.684488,980,871.942325
62.720937,222,872.120473
42.760288,141,872.23365
562.194392,1000,873.226965
-389.840794,910,874.152633
70.842971,299,874.487448
-24.831311,403,874.907967
8.561333,231,875.095791
-720.664055,346,875.472772
53.15329,262,875.682957
-117.990751,689,876.429112
28.680595,194,876.584773
26.772218,266,876.799827
-38.733926,209,877.063563
-35.251917,188,877.214972
-4.557606,223,877.487305
-663.201673,201,877.651525
-542.054545,543,878.183894
-12.008522,165,878.316709
-552.587637,791,879.145539
-466.623425,733,879.838518
24.105248,243,880.127465
-605.92443,248,880.335079
-747.618714,277,880.656039
-55.555586,278,880.879748
-21.020198,287,881.206583
-130.1047,323,881.559535
16.370603,661,882.18534
-23.268338,147,882.304275
-33.05712,154,882.520886
-34.980001,142,882.635779
-126.380315,177,882.778551
-23.246417,141,882.891656
-28.631595,158,883.111715
-60.551992,175,883.254102
-67.09306,141,883.367687
-119.225077,110,883.553759
-142.26586,98,883.634532
-121.547539,104,883.719141
-72.248836,147,883.838922
-103.827789,119,883.936292
25.97047,151,884.153824
-178.194117,117,884.249273
-69.154334,136,884.361818
-6.823527,157,884.580913
-107.281123,179,884.726061
-31.603878,150,884.847029
-63.496223,179,885.085527
-108.717109,134,885.194252
-39.730281,140,885.310033
-95.471628,132,885.416725
-84.350178,201,885.670834
-44.203726,136,885.780682
-96.99031,122,885.880354
-89.559078,138,886.084284
-67.901406,142,886.199272
2.475195,161,886.332403
-56.049618,173,886.473253
-104.083805,103,886.649215
-91.824011,206,886.814888
-47.865873,161,886.945198
-46.702572,183,887.186816
-25.858047,137,887.297356
70.470142,188,887.448227
-50.283861,164,887.671124
3.271826,152,887.794235
-69.411106,176,887.935749
-50.99987,143,888.144438
-85.26546,187,888.296383
-141.950116,159,888.425322
-85.084436,132,888.626596
-188.779079,117,888.722623
-192.846044,85,888.793029
-108.667912,166,888.926308
-196.914653,85,888.995988
-182.071738,94,889.164892
-205.585223,89,889.238157
-216.953124,92,889.313449
-261.431182,258,889.521294
-187.473496,126,889.715106
-88.804239,144,889.830382
-127.338029,139,889.942725
-204.534721,105,890.027749
-157.056771,91,890.193192
-188.230658,253,890.397233
-29.402957,146,890.51418
-95.478355,202,890.766672
-189.205064,101,890.848466
-143.257883,96,890.924812
-175.989263,86,890.993036
-98.90665,200,891.246243
-129.116316,192,891.401981
-115.105677,174,891.540453
-162.75395,118,891.727485
-208.604258,122,891.826085
-151.462405,112,891.915033
-192.648041,105,891.998947
-204.377949,105,892.176793
-182.159591,131,892.282564
-141.862419,124,892.381831
-184.085912,90,892.454053
-182.168451,123,892.556377
-106.946306,156,892.774122
-157.62738,93,892.849817
-111.401345,151,892.972081
-38.280345,155,893.188375
-183.030238,128,893.29203
-92.258103,146,893.40852
-200.838267,103,893.491695
-69.670828,168,893.733078
-101.137801,149,893.852916
-185.654774,204,894.017781
-217.441254,118,894.205364
-137.226826,154,894.331822
-180.429112,110,894.420892
-219.172483,102,894.50245
-176.021348,162,894.726505
-178.188618,101,894.808717
-198.110816,81,894.875258
-222.880792,90,894.94846
-190.468282,103,895.031449
-134.991877,100,895.205754
-190.911048,88,895.277678
-184.140312,113,895.370537
-214.855777,101,895.451589
-58.384646,142,895.567156
-145.910349,133,895.767393
-207.218437,83,895.835336
-125.251236,132,895.942607
-219.789372,116,896.037411
-203.395775,115,896.223719
-206.07252,92,896.299571
-184.490839,104,896.383097
-202.274055,113,896.474177
-230.021785,92,896.548597
-211.010968,84,896.61779
-236.492852,129,896.814667
-261.676516,220,896.992321
-180.964738,102,897.075695
-206.61742,90,897.24301
-213.031045,82,897.309491
-196.39574,84,897.377183
-153.619345,129,897.480656
-170.218529,104,897.56484
-186.181633,93,897.640097
-14.735077,162,897.863139
-143.026912,131,897.968411
-176.181378,92,898.042838
-190.54913,89,898.114912
-202.083099,118,898.306179
-190.955999,122,898.405509
-220.52789,87,898.475375
-71.730889,142,898.589222
-152.451101,104,898.764237
-189.554863,90,898.837856
-110.539727,123,898.937823
-144.192722,87,899.008169
-142.389468,146,899.126148
-191.001799,127,899.321121
-163.863184,86,899.390207
-139.924721,110,899.479354
-205.372728,119,899.574875
-145.710047,162,899.796282
-190.921417,98,899.876139
-131.248924,143,899.990726
-176.003244,105,900.07575
-180.066319,217,900.342124
-251.879229,210,900.511254
-188.766904,105,900.595414
-193.905578,101,900.676078
-108.160078,168,900.91239
-169.797195,130,901.017137
-144.168118,125,901.117685
-181.759132,165,901.347614
-120.683411,131,901.454731
-189.167671,231,902.002183
-156.15967,128,902.332322
-110.628724,134,902.441598
-175.795234,116,902.53547
-250.525975,420,902.974837
-340.731938,245,903.174922
-158.338062,128,903.371793
-152.500442,126,903.473447
-101.829664,157,903.600714
-164.13386,114,903.692819
-144.937474,113,903.889841
-118.230116,182,904.039446
-53.542533,231,904.227767
0.886441,263,904.537464
-48.378141,179,904.685097
-64.638975,155,904.9051
-103.664773,135,905.014423
-59.246077,213,905.18565
-106.068462,132,905.387331
-149.462524,102,905.470789
21.792754,331,905.738188
-77.192807,181,905.980234
-101.76567,138,906.091386
-143.910167,158,906.218334
-127.728278,123,906.413718
-29.918904,184,906.562799
-28.095987,151,906.684647
-15.614225,213,906.950467
-130.736832,153,907.076159
-89.143765,157,907.203089
-52.785894,150,907.418545
-70.167827,152,907.543914
-73.0232,152,907.66728
-97.474299,143,907.783269
-83.769538,154,908.003703
-185.904537,99,908.084591
-172.175142,104,908.169029
-146.201183,121,908.266755
-45.309003,155,908.486509
-205.196587,107,908.572193
-221.474384,85,908.641546
-103.525694,133,908.749486
-232.248678,99,908.828918
-203.370611,81,908.992266
-185.048031,106,909.078304
-20.469064,232,909.26746
-203.919625,91,909.342665
-116.797986,140,909.549811
-206.925008,89,909.622117
-234.943021,84,909.691605
-150.479266,136,909.801767
-215.514963,98,909.989471
-211.905217,82,910.057536
-134.211839,171,910.196939
-212.544149,78,910.261454
-193.658004,83,910.32986
-211.535821,196,910.588372
-114.833793,140,910.701257
-184.089305,86,910.772086
-131.908433,163,910.903193
-68.41466,141,911.114138
-103.444054,161,911.243779
-90.558651,147,911.363295
-256.404428,91,911.530059
-134.982995,119,911.62801
-164.685496,119,911.730377
-70.114403,146,911.849818
-174.450191,114,912.038207
-226.491506,164,912.171934
-231.482227,101,912.252969
-215.686928,79,912.318046
-98.112602,143,912.431455
-56.822401,154,912.649061
-209.656687,91,912.723056
-200.424423,84,912.792168
-203.223462,110,912.881539
-150.276853,120,913.072612
-231.316906,95,913.150041
-89.276483,137,913.259479
-186.139032,110,913.348697
-17.87877,179,913.584905
-186.940992,82,913.651592
-96.055003,195,913.808573
-160.943114,118,913.903773
-254.814245,103,914.081642
-126.950576,124,914.182472
-73.854471,165,914.31894
-238.228664,100,914.399978
-210.040855,97,914.477516
-218.217485,82,914.637398
-156.763021,158,914.766265
-145.315265,152,914.888565
-207.390918,86,914.957651
-192.105609,109,915.139555
-63.152065,140,915.252553
-95.15692,179,915.398424
-112.114796,174,915.631988
-210.776662,83,915.698674
13.625955,242,915.894866
-131.538336,129,915.998444
-130.629039,134,916.199397
-76.687891,160,916.33011
-69.604172,139,916.442806
-88.959558,144,916.652629
-124.974397,149,916.772934
-189.166041,111,916.86204
-176.390715,183,917.010605
-91.443755,160,917.236637
-211.470424,155,917.362239
-149.148179,119,917.45965
-144.178372,106,917.638134
-210.914366,81,917.704487
-201.50192,79,917.769071
-199.488058,91,917.84229
-214.496229,81,917.907938
-224.298276,80,917.973207
-157.668996,103,918.151112
-217.878851,91,918.224345
-186.865036,96,918.303318
-206.611304,86,918.373901
-114.05508,183,918.523121
-215.466104,89,918.688559
-95.215801,130,918.793068
-211.89339,91,918.86717
-244.159929,81,918.932153
-95.243954,155,919.057414
-193.802239,106,919.243398
-165.542695,101,919.327477
-69.372844,138,919.439234
-163.581261,100,919.520841
-124.376315,130,919.720159
-170.983935,110,919.809016
-209.575829,78,919.872756
-112.134078,138,919.984685
-198.593285,124,920.084517
-214.879593,100,920.25983
-193.765157,89,920.333964
-161.665875,119,920.429924
-150.244803,128,920.534196
-195.90802,85,920.696628
-208.650139,103,920.781732
-153.448865,164,920.915817
-140.082615,119,921.010924
-146.04221,123,921.203386
-94.742177,154,921.328668
-179.301694,107,921.415434
-112.356019,143,921.53161
-126.211092,132,921.732977
-111.686125,126,921.834707
-217.865949,223,922.016358
-142.379808,131,922.122578
-136.234573,119,922.313804
4.913461,174,922.453018
-195.490603,105,922.537158
-189.349818,114,922.629663
-126.95063,113,922.814728
-265.355275,165,922.950403
-101.049908,132,923.058805
-88.484923,139,923.264944
-386.607477,321,923.529119
-149.500675,119,923.624934
-37.30362,168,923.852549
-151.206226,119,923.948471
-119.614474,159,924.079824
-27.189869,152,924.297957
-168.653584,124,924.399304
-142.535208,230,924.585121
-117.394184,155,924.803965
-91.048921,249,925.005856
-97.243226,236,925.291603
-82.21331,141,925.404535
-102.656189,190,925.559941
-142.959522,143,925.676531
-598.120564,527,926.197414
-42.860022,157,926.418267
-19.831059,178,926.561181
-17.730493,204,926.819685
4.045796,252,927.022627
-90.124305,178,927.167724
-182.538418,186,927.413966
-16.701359,197,927.572723
37.853593,279,927.89086
-397.817545,352,928.177779
-176.08351,131,928.378128
-373.153242,324,928.645252
-225.29042,317,928.998678
-125.701591,226,929.183646
-139.648723,130,929.382801
-181.042589,133,929.490588
-178.287223,119,929.585705
-95.731017,156,929.71326
-209.799052,119,929.90449
-125.931473,174,930.044015
-205.09283,108,930.131019
-153.63329,126,930.234165
-195.357127,109,930.417776
-182.660372,114,930.508023
-178.400738,127,930.61065
-124.828768,143,930.723959
-210.34344,90,930.888637
-235.977188,92,930.963444
-208.047892,118,931.058659
-220.390126,86,931.129286
-181.908932,168,931.2637
-195.996506,120,931.454245
-176.22699,100,931.534794
-196.990562,79,931.598017
-212.434165,103,931.680499
-197.650097,93,931.755226
-200.186887,94,931.924912
-191.132845,89,931.995446
-126.631775,127,932.095628
-242.190881,89,932.166923
-174.191219,139,932.278879
-109.765049,128,932.475715
-181.974258,115,932.566491
-187.737382,106,932.651451
-171.194621,91,932.724652
-140.78263,146,932.935057
-157.557424,89,933.007641
-193.358565,92,933.081927
-158.80588,120,933.178137
-188.086648,104,933.260703
-212.886625,117,933.449369
-158.55841,78,933.512146
-379.904392,327,933.778205
-187.70722,109,933.959435
-191.831847,116,934.052505
-159.739901,121,934.149215
-172.007097,102,934.231143
-207.189272,103,934.315303
-172.502311,114,934.499086
-163.366937,111,934.587581
-203.655813,87,934.657557
-215.434475,89,934.728327
-187.989564,107,934.814606
-100.141901,174,935.153136
-196.630041,98,935.231566
-204.920568,94,935.306753
-151.323832,116,935.400278
-188.836975,109,935.581607
-184.170908,123,935.680358
-163.900057,113,935.770492
-152.304664,106,935.856436
-199.008588,124,936.049696
-218.341489,115,936.142133
-123.968789,161,936.274119
-170.690657,128,936.37538
-213.020325,110,936.557724
-190.750188,82,936.62474
-200.371028,128,936.72653
-92.986393,149,936.846544
-175.466043,87,936.91582
-62.141643,299,937.252137
-211.138038,124,937.35052
-196.38706,100,937.429647
-199.613443,121,937.750077
-186.448937,92,937.824608
-173.571872,88,937.896431
-186.093356,131,938.000251
-181.21381,90,938.072843
-193.672012,109,938.253276
-214.364054,99,938.334509
-202.014925,93,938.410878
-218.890162,98,938.488888
-212.673628,110,938.578489
-207.217137,113,938.762499
-185.56516,111,938.852258
-71.149977,152,938.974035
-172.584936,159,939.100924
-182.191722,127,939.296873
-191.017737,117,939.391492
-195.756129,96,939.467976
-187.919263,111,939.558862
-83.931027,259,939.863285
-209.828231,126,939.964638
-141.692678,127,940.066801
-174.222312,99,940.240957
-211.801316,108,940.332476
-177.253103,110,940.421507
-122.053006,129,940.52553
-194.220502,104,940.608701
-170.887944,101,940.783652
-136.010827,208,940.953022
-186.549383,121,941.049456
-117.680675,158,941.277783
-177.578567,122,941.37512
-172.950987,96,941.453551
47.842314,355,941.834663
-217.742968,91,941.908261
-177.163946,92,941.983043
-136.890619,143,942.097742
-167.208575,101,942.272508
-77.734277,140,942.385226
-100.475537,144,942.501493
-119.953857,168,942.636362
-125.890007,145,942.846208
-163.703519,120,942.941951
-207.991193,104,943.026169
-85.369528,144,943.140934
-170.731435,114,943.327012
-78.528079,148,943.446436
-92.603171,133,943.554615
-152.734003,198,943.814283
-214.722885,98,943.894651
-157.987944,120,943.99276
-357.922893,241,944.190119
-148.154156,125,944.387363
-80.282747,199,944.547956
-223.934533,156,944.673872
-128.25609,137,944.878475
-67.614151,150,944.999595
-483.622566,344,945.406044
-120.560814,305,945.654053
-410.350033,475,946.133522
-117.369098,139,946.24654
-188.51304,182,946.486565
-130.584066,198,946.646116
-208.035884,122,946.744448
-100.781037,161,946.96745
-146.485762,182,947.115518
-135.302035,147,947.235816
-130.90471,203,947.621407
-125.32671,167,947.754379
-138.641714,159,947.883977
-63.493195,154,948.240142
-143.303294,142,948.361396
-174.673306,121,948.46539
-126.607733,191,948.78931
-186.873148,425,949.137367
-663.145608,393,949.660754
-186.227856,152,949.969513
-93.709886,141,950.086958
-163.873679,149,950.207071
-128.674314,155,950.332645
-147.82481,152,950.654984
-130.225085,130,950.759275
-117.252659,165,950.891957
-141.301445,156,951.244144
-149.339213,118,951.341851
-66.964527,141,951.457898
-122.511022,147,951.579309
-76.2228,175,951.926886
-121.966553,160,952.060136
-122.127105,136,952.171172
-105.744896,182,952.533205
-122.02953,168,952.67116
-170.614179,131,952.777813
-134.216932,144,952.89456
-162.948065,219,953.770483
-152.280805,105,953.855425
-146.753,127,953.958122
-63.291322,147,954.277095
-7.903713,257,954.485862
-123.088156,138,954.597405
-111.830879,142,954.912186
-147.810943,125,955.01405
-208.180238,95,955.089911
-110.42865,151,955.212508
-149.222909,116,955.510724
-198.775046,167,955.646665
-175.272245,122,955.745867
-41.076649,189,955.996393
-170.980877,115,956.089451
-201.142734,105,956.174648
-216.017938,306,956.64232
-99.672651,148,956.76373
-171.546441,99,956.843544
-193.987141,105,956.940344
-86.759245,179,957.290144
-172.997169,112,957.379947
-187.266942,130,957.485404
-108.116526,141,957.605426
-126.803647,127,957.911039
-140.715876,122,958.009475
-180.467687,100,958.091547
-148.709015,119,958.18829
-130.693774,132,958.497929
-196.676227,79,958.562357
-65.268279,143,958.679341
-158.890437,108,958.766893
-174.107789,129,958.872741
-189.121917,172,959.243511
-120.930511,132,959.353369
-139.818355,131,959.459397
-1088.176102,604,960.399481
-123.791893,183,960.558922
-220.757958,98,960.639315
-44.877337,175,960.781705
-177.499443,124,961.120396
-136.35273,144,961.238132
-167.823936,123,961.339437
-193.412453,97,961.419106
-110.387195,226,961.808266
-176.557593,110,961.898594
-125.638429,136,962.011003
-131.762144,131,962.344087
-149.429719,170,962.485448
-70.705443,141,962.602439
-132.659619,121,962.700155
-188.244539,237,963.116363
-125.26784,259,963.328836
-192.372659,95,963.624286
-121.233382,153,963.752444
-175.540602,240,963.951203
-163.890953,159,964.309028
-248.635034,81,964.374322
-74.790835,241,964.573771
-557.924407,416,965.152731
-186.543244,155,965.278751
-232.761259,77,965.340645
-192.316107,101,965.639831
-125.399906,266,965.859987
-23.327446,222,966.267063
-30.347032,249,966.474476
-173.33219,135,966.586011
-175.820568,158,966.940326
-102.701915,149,967.063854
-187.764381,83,967.133654
-108.832914,138,967.248548
-216.665415,86,967.518339
-302.644797,327,967.789564
-264.665116,245,968.227636
-716.899848,203,968.398407
-122.34306,111,968.487855
-168.193558,166,968.834949
-74.526931,161,968.969923
-157.658746,148,969.091583
-355.13703,357,969.613414
-186.692213,92,969.688221
-160.170502,90,969.762056
-189.562833,81,969.828611
-197.158768,98,970.113405
-195.908656,90,970.187634
-160.914451,102,970.270624
-176.311605,111,970.361324
-58.199776,135,970.653776
-191.852607,73,970.723459
-63.979238,135,970.83708
-172.736056,102,970.919362
-159.720608,129,971.024383
-193.203458,79,971.317855
-26.764785,175,971.465453
-121.490892,106,971.55303
-59.959307,139,971.668776
-54.171841,145,971.989021
-141.165144,100,972.070847
-153.928816,121,972.170371
-192.268544,76,972.233488
-127.137901,133,972.341539
58.838887,240,972.767143
-114.638525,232,972.962261
-79.613257,145,973.316078
-213.426449,76,973.378196
-77.344869,139,973.49323
-108.028755,136,973.604311
-186.091902,80,973.868176
-146.173994,127,973.975916
-86.8779,127,974.080495
-132.942696,135,974.191438
-222.72906,87,974.262348
-161.985211,103,974.575672
-97.610532,131,974.684756
-46.883936,130,974.792701
-138.622,122,974.892963
-188.390785,88,975.189364
-178.930967,83,975.258474
-172.864209,92,975.334867
-57.509562,142,975.451385
-505.277972,210,975.851649
-412.853266,316,976.116777
-180.872203,74,976.179072
-227.633068,83,976.45972
-183.439777,84,976.540205
-152.893523,100,976.620952
-50.73533,393,977.162222
-92.849369,120,977.260561
-206.242367,88,977.332927
-172.859566,92,977.408752
-137.642701,133,977.517318
-221.489934,83,977.787241
-174.253758,121,977.886284
0.413483,170,978.026546
-315.415395,270,978.475379
-4.081473,210,978.64864
100.006817,342,979.121974
-95.836402,263,979.339913
-531.051533,300,979.815123
-157.925539,95,979.892284
-104.594778,151,980.017848
-76.342524,140,980.35644
-51.303242,134,980.464824
-48.815553,136,980.576944
-99.242116,116,980.671949
-59.486271,143,981.002681
-174.861972,121,981.099597
-104.538187,153,981.225511
-83.874683,180,981.608549
-127.252062,236,981.805652
-303.290713,297,982.271583
-279.011002,356,982.563203
-99.336179,126,982.87681
-265.369326,361,983.174015
-198.294497,88,983.246136
-436.040615,294,983.69488
-170.764703,90,983.7677
-458.012132,226,984.190172
-518.728337,205,984.360775
133.220594,295,984.822388
-194.61923,97,984.901087
-80.974068,168,985.040053
-434.486993,216,985.428124
-223.413323,499,986.062732
-445.764697,202,986.230037
-150.272022,114,986.325393
-535.375074,191,986.708543
-315.675607,403,987.042315
-164.836949,106,987.331718
-340.858297,501,987.939718
-170.815823,91,988.023729
-389.286711,342,988.307129
-118.201081,319,988.780808
-137.284284,121,988.879384
-409.012495,184,989.233884
-111.035196,149,989.357556
-84.71744,155,989.487181
-79.788939,128,989.594221
-375.673643,450,990.064043
-491.298663,390,990.478529
-144.245712,111,990.568532
-172.582958,104,990.653521
-147.227477,164,990.880509
-199.241646,94,990.957524
-664.863122,242,991.157263
-404.383267,263,991.46819
-398.422902,355,991.856454
-568.609596,192,992.016843
-81.567288,333,992.385569
-181.711834,99,992.464783
-117.526598,157,992.59619
-96.255796,145,992.716492
-138.831798,116,992.905794
8.86176,201,993.070935
-249.337057,447,993.536706
-101.074703,203,993.703509
-189.887127,83,993.863963
-179.951518,82,993.930676
-100.82684,163,994.065627
-151.738414,90,994.139983
-101.427332,120,994.238195
-141.492873,100,994.419951
-156.274926,93,994.495499
-120.428079,99,994.577103
-144.024905,102,994.660278
-27.014484,214,994.926031
-144.235455,91,994.999844
-21.53654,200,995.16397
-126.572227,98,995.242664
-110.227184,111,995.426324
-19.92169,154,995.552025
-144.777721,92,995.627132
-41.794907,171,995.766103
-49.5549,126,995.964247
-51.66346,167,996.100929
-13.792742,123,996.200864
-46.893894,127,996.30418
-134.839046,104,996.481555
1.101424,140,996.595864
-159.668889,75,996.656692
-166.565684,86,996.726375
-182.921426,84,996.795157
-165.159185,86,996.958019
-75.553938,108,997.045586
-180.114787,84,997.113975
-94.942211,115,997.207587
-1.541878,159,997.339362
-180.582308,84,997.551727
-110.250606,105,997.637999
-153.242888,90,997.712563
-61.53891,136,997.824244
-111.19539,107,997.912692
-167.127068,85,998.077321
-139.979794,90,998.14979
-118.723503,105,998.234891
-116.472218,94,998.312496
-159.238696,84,998.380744
-168.649027,87,998.550691
-188.10699,84,998.618764
-107.736624,183,998.768401
-47.577228,170,998.908802
-79.42039,285,999.238277
-112.891555,131,999.347174
-136.459071,109,999.436054
-189.136608,91,999.604546
-131.072465,159,999.737655
-189.232974,89,999.810185
-629.04003,229,1000.094002
-81.55158,228,1000.283749
-92.334075,149,1000.409422
-161.417466,160,1000.635553
-62.533601,123,1000.736481
-139.093166,174,1000.880134
-87.954998,139,1000.995594
-61.039706,137,1001.201714
-175.299526,155,1001.329257
-147.303933,99,1001.41104
-145.969687,134,1001.520944
-79.704025,252,1001.820902
57.57552,256,1002.031058
-59.68442,133,1002.232357
-200.401875,162,1002.367949
-128.766761,100,1002.448944
-90.371711,157,1002.672929
-94.427966,161,1002.804508
-106.834743,117,1002.907706
-145.551839,141,1003.024307
-146.024565,146,1003.239732
-75.346971,116,1003.339464
-125.321211,114,1003.432517
-110.136922,125,1003.535175
-42.185339,179,1003.908788
-100.169022,112,1004.001144
-162.971434,105,1004.088066
-120.871449,169,1004.228878
-95.783733,143,1004.52691
-84.931889,112,1004.618983
-115.830933,167,1004.755087
-89.508181,147,1005.098717
-95.724611,116,1005.193877
-547.397916,272,1005.420321
-107.012653,158,1005.642624
-681.817884,216,1005.820296
-584.592434,235,1006.106246
-115.371368,115,1006.200583
-78.016433,119,1006.299544
-98.803111,145,1006.419931
-191.790278,106,1006.50527
28.082539,253,1006.811246
-162.346044,175,1006.954885
-727.24524,243,1007.251348
-58.175791,154,1007.376248
-69.450775,117,1007.472528
-161.269838,156,1007.694346
-143.45883,148,1007.818653
-93.578346,168,1007.95763
-106.760642,111,1008.049003
-113.600822,121,1008.242538
-491.632679,383,1008.560126
-593.107574,242,1008.854626
-82.848513,152,1008.97959
-462.310164,498,1009.496205
-145.602834,100,1009.579272
-117.976587,156,1009.906544
20.196073,269,1010.129671
-126.230686,122,1010.229773
-132.987298,124,1010.424762
-180.878504,149,1010.546695
-27.441124,160,1010.677347
-62.99362,185,1010.921236
-50.772414,202,1011.085958
-136.821704,136,1011.196949
51.796542,236,1012.220739
-67.289235,304,1012.475138
-531.03688,576,1013.045284
-149.894804,105,1013.224674
-555.404623,204,1013.391556
-126.08979,172,1013.532342
-110.986507,168,1013.763266
-86.923439,150,1013.886703
-35.981973,161,1014.018248
-158.262953,117,1014.207394
14.479851,337,1014.492426
-99.633518,210,1014.835332
-108.561344,116,1014.929863
-34.388693,240,1015.127824
-18.806253,145,1015.340141
-116.043711,133,1015.450431
-45.513193,278,1015.681542
-17.668423,164,1015.911345
36.450499,184,1016.062401
-136.605458,97,1016.141787
-115.912838,117,1016.32961
-80.138042,166,1016.466428
-83.370251,200,1016.629319
-27.889713,501,1017.156359
-121.851243,167,1017.387432
-61.364967,183,1017.537523
-58.400068,143,1017.655135
-36.158265,162,1017.789885
-53.56965,186,1018.036508
-49.89238,156,1018.165845
-89.983639,170,1018.307746
-20.839024,249,1018.607305
-91.13057,144,1018.725507
-140.543214,96,1018.803634
-116.067622,108,1018.984462
-63.241025,158,1019.116471
-7.937152,714,1019.800251
-178.32839,97,1019.973088
-129.725989,156,1020.099825
36.831458,198,1020.265813
-138.527148,173,1020.502158
-164.00513,94,1020.578441
-76.498944,157,1020.705714
-521.828502,586,1021.409165
-75.201872,137,1021.519189
-53.775806,174,1021.755226
-725.788581,214,1021.932875
-132.881766,113,1022.023408
-635.181645,346,1022.40761
-38.570428,202,1022.662113
-728.784115,208,1022.831781
-177.436469,261,1023.043841
-170.772449,158,1023.264283
-68.982544,377,1023.573322
-660.422564,247,1023.983311
-116.297039,159,1024.112497
-525.215938,222,1024.52032
-146.278817,153,1024.643255
-111.674837,261,1025.077446
-639.565158,245,1025.279514
-4.597628,191,1025.435542
-102.379283,192,1025.682176
-785.744554,280,1025.913512
-98.465184,130,1026.110756
-200.398391,157,1026.23829
-130.091636,175,1026.379825
-590.34939,350,1026.758794
-616.895126,436,1027.20804
-117.274691,619,1027.811662
-183.623828,222,1027.993256
-593.696078,235,1028.387851
-127.179094,158,1028.517841
-584.164112,307,1028.995844
-136.903318,245,1029.194751
-597.799607,217,1029.468537
-120.139411,140,1029.581964
-544.45565,243,1029.779844
-182.917223,116,1029.964681
-79.176008,150,1030.08789
-186.604981,344,1030.463022
-64.391847,219,1030.645847
-181.96849,142,1030.761324
-4.559658,332,1031.12935
-20.692108,240,1031.326555
7.263427,279,1031.645968
-87.300844,648,1032.268713
-127.952158,210,1032.532608
-677.443082,196,1032.695955
-114.616662,176,1032.837738
-367.954121,235,1033.121102
-563.142338,348,1033.406647
-616.064266,194,1033.662497
-31.715803,175,1033.8039
-686.661094,206,1034.196916
-598.098955,217,1034.378916
-546.389684,437,1034.964336
-764.087385,276,1035.191798
-561.786286,239,1035.4845
-65.75605,216,1035.660059
-529.099959,392,1036.072679
-574.594748,247,1036.368607
-74.446103,175,1036.510665
-184.979083,208,1036.681455
90.327521,329,1037.043375
-661.441723,226,1037.227764
-155.129112,157,1037.450188
-52.396098,223,1037.633267
-603.06794,315,1038.088315
-165.353817,189,1038.241971
-365.997807,288,1038.574783
-634.941954,337,1038.854119
-547.064501,214,1039.124234
-209.976368,309,1039.380349
-545.219412,255,1039.682339
-450.208841,515,1040.199854
-500.264543,221,1040.383015
-124.085545,335,1040.748146
-593.533644,200,1040.912646
-137.505302,151,1041.128147
-84.511321,222,1041.310499
-76.517621,151,1041.434055
-160.127368,116,1041.619779
-115.401629,118,1041.715677
-78.991078,147,1041.835507
-88.996814,138,1041.94747
-148.867701,108,1042.127491
-116.227514,138,1042.23959
-130.924204,117,1042.335461
-57.084622,156,1042.46253
-168.955785,99,1042.741979
-114.027575,119,1042.839299
-151.624053,130,1042.945796
-103.549073,184,1043.095243
-140.551256,211,1043.358079
-112.868659,124,1043.459008
-156.535967,100,1043.538926
-141.649037,95,1043.615446
-174.461205,147,1043.828207
-116.904924,143,1043.944039
-138.61597,156,1044.073004
-29.311173,172,1044.305899
-165.790252,92,1044.380947
-171.630666,128,1044.48373
1.905939,172,1044.624401
-120.784513,118,1044.811631
-177.528662,88,1044.884291
-135.312226,101,1044.965352
-95.801926,133,1045.072316
-149.074217,96,1045.149335
-204.011343,80,1045.413163
25.01119,212,1045.585289
-117.893785,113,1045.678884
-147.385363,93,1045.755075
-162.876849,93,1045.926319
-160.202527,95,1046.003229
-141.047967,150,1046.124334
-121.684173,117,1046.2205
-149.088335,97,1046.392135
-154.774771,97,1046.470648
-149.839279,95,1046.547635
-141.127248,111,1046.637959
-55.890836,188,1046.881186
-149.252652,101,1046.962433
-185.779221,89,1047.035825
-120.685901,214,1047.21052
-157.877943,98,1047.28864
-120.148538,121,1047.478947
-166.116999,96,1047.556519
-158.010039,97,1047.636426
-103.448373,140,1047.751829
-122.050569,110,1047.933442
-95.535321,136,1048.043587
-57.914246,154,1048.168447
-123.185295,121,1048.265741
-39.134052,172,1048.501225
-49.668311,162,1048.633656
-57.41805,160,1048.76195
-43.610122,154,1048.978711
-97.295431,287,1049.215935
-120.335637,230,1049.597627
-122.86892,129,1049.702814
-130.860258,94,1049.779086
-120.805803,108,1049.866225
-99.346981,107,1050.047362
-44.612806,144,1050.164584
-78.671655,122,1050.263574
-151.139683,90,1050.337288
-109.361287,104,1050.419656
-152.100675,144,1050.633835
-63.700048,212,1050.803329
-52.106307,150,1050.925334
-648.034289,285,1051.254464
107.082196,232,1051.442714
-41.418254,160,1051.664516
-183.031439,89,1051.737484
-99.110986,148,1051.856841
-126.692427,107,1051.94271
-149.037952,96,1052.112664
-87.915609,125,1052.21254
-163.163541,90,1052.285062
-684.405725,445,1052.741031
-759.906245,327,1053.102477
-90.203013,148,1053.220434
-108.479627,173,1053.360424
-117.839581,100,1053.440979
-76.295145,150,1053.759017
-68.515414,144,1053.87517
-593.333749,232,1054.066217
-147.573479,150,1054.27952
-93.213521,125,1054.381649
-35.724671,260,1054.590699
-83.085064,142,1054.826491
-89.352599,143,1054.941603
-90.71155,147,1055.061531
-824.487283,452,1055.627145
-6.63557,192,1055.873907
-685.330173,352,1056.160352
-80.054186,148,1056.27988
-90.25543,130,1056.59206
-2.457559,182,1056.738944
-48.074187,236,1057.020975
-80.802462,125,1057.121265
-64.262479,171,1057.259064
-40.386472,190,1057.504503
-525.884296,399,1057.831214
-103.05985,267,1058.138873
-38.214449,157,1058.264806
-65.743789,143,1058.379447
-128.075465,107,1058.55811
-8.772895,197,1058.714666
-675.032492,565,1059.266862
-624.366802,540,1059.929798
-334.749047,376,1060.329556
-666.108067,275,1060.554267
-596.517053,346,1060.930571
-476.91175,622,1061.531924
-82.960282,150,1061.744727
-609.023548,210,1061.916455
37.252021,241,1062.109975
-622.723575,438,1062.55533
-566.051964,278,1062.871681
-130.592092,107,1062.958369
-679.889757,335,1063.319867
-8.702563,198,1063.47987
-91.107555,203,1063.735837
-496.030383,692,1065.088411
-22.035013,186,1065.23681
-121.449052,124,1065.336839
-559.906778,445,1065.793129
-137.398121,117,1065.979499
-154.286155,106,1066.064704
-686.567813,309,1066.318721
-121.163398,139,1066.525271
3.017351,205,1066.691342
-720.935437,391,1067.098209
-639.855439,218,1067.2786
-651.183268,739,1068.061537
-33.399915,171,1068.19883
-91.62769,142,1068.313476
-57.740966,149,1068.526408
-625.125558,253,1068.735136
-550.238473,251,1069.031581
-154.910069,161,1069.161082
-834.985393,266,1069.380847
-150.747227,148,1069.593102
-113.786567,129,1069.69584
-819.008628,270,1069.914266
-872.645142,320,1070.284899
-100.67694,161,1070.416016
-758.556917,299,1070.751245
20.780908,215,1070.923303
-834.197098,355,1071.304038
-556.791986,828,1072.160193
-663.379121,309,1072.412755
-50.581412,165,1072.639272
-158.929781,289,1072.875824
-482.916259,981,1073.983923
-281.118987,310,1074.327948
-114.769648,349,1074.608954
-810.123643,507,1075.116903
-274.100445,1000,1076.117994
-367.239688,256,1076.417601
-167.788332,132,1076.523068
-95.421487,137,1076.632002
-133.314603,137,1076.834719
-761.109513,871,1077.627407
-358.413301,482,1078.106887
-478.814433,1000,1079.098581
-124.83645,172,1079.332928
-159.907023,119,1079.428137
-215.549311,642,1080.038775
-453.226564,1000,1081.03742
-291.004305,195,1081.193105
-815.988648,572,1081.844049
-163.217935,149,1081.964037
-179.34456,113,1082.056187
-255.372295,167,1082.190809
-382.966124,606,1082.864963
-35.319288,263,1083.075452
9.0811,1000,1084.175299
-367.702985,1000,1085.170071
-191.413939,111,1085.258897
-183.133287,104,1085.342637
-528.710217,1000,1086.340294
-502.576592,1000,1087.334088
-541.489564,1000,1088.461673
-213.835609,1000,1089.475364
-222.342778,141,1089.587337
-261.051296,1000,1090.660605
-495.040555,1000,1091.656477
-286.136266,1000,1092.649386
-413.557156,577,1093.207238
-211.603281,377,1093.604508
-348.080292,1000,1094.600945
-158.85317,1000,1095.601778
-475.759598,1000,1096.599778
-241.631303,283,1096.9226
-384.345218,1000,1098.05148
-309.944762,1000,1099.041731
-127.709014,892,1099.853748
-360.787847,1000,1100.842301
-200.879713,1000,1101.830076
-174.990766,1000,1102.821842
-198.609332,108,1102.907962
-137.369296,1000,1103.895995
-1119.906333,953,1104.862047
-157.270046,1000,1105.989706
-391.540847,1000,1106.981699
-526.714515,1000,1108.075547
-711.824209,1000,1109.313461
-62.071756,243,1109.509393
-119.666823,119,1109.833474
-96.783503,173,1109.971628
-307.631656,511,1110.620611
-178.850104,803,1111.736392
-156.836586,181,1111.881657
-29.354994,186,1112.031369
-126.713436,141,1112.345276
-408.325203,513,1112.982613
-70.976654,265,1113.19571
-25.431556,318,1113.65059
-477.925819,1000,1114.927016
-38.723646,145,1115.045298
-112.157152,143,1115.161017
-114.842661,127,1115.261576
-111.696943,364,1115.785188
-162.160202,117,1115.880769
6.146335,195,1116.237948
-596.154174,1000,1118.068651
-112.522976,154,1118.191284
-649.40561,1000,1119.421006
-445.546816,542,1120.067218
-391.199489,568,1120.763759
-145.38245,126,1120.865521
-475.530915,574,1121.790809
-98.24193,151,1121.918311
-211.814966,582,1122.609573
-184.196841,639,1123.361363
-160.008935,139,1123.474273
-165.484826,279,1123.928424
-52.493153,186,1124.079585
-36.438115,291,1124.534373
-160.311654,173,1124.673855
-171.259817,164,1124.89933
-117.114018,1000,1125.904062
-211.696574,320,1126.165113
-179.231601,103,1126.247943
-186.135377,313,1126.597997
-149.930763,185,1126.745575
-786.969088,1000,1127.745615
-151.712894,134,1127.948274
-162.056652,108,1128.036024
-207.099217,509,1128.541333
-498.417693,1000,1129.548501
-177.954773,273,1129.769585
-88.424389,119,1129.963322
-121.372275,149,1130.084
-107.973051,266,1130.299301
-123.13042,134,1130.501183
-33.485044,185,1130.651346
-140.08238,119,1130.74679
-65.272163,204,1131.003456
-123.4398,129,1131.106433
-147.361972,157,1131.232836
-35.213216,192,1131.479859
-167.110534,129,1131.585231
-48.190407,171,1131.723866
-126.032425,113,1131.815616
-60.077789,205,1132.076546
-127.122826,409,1132.503346
-166.811172,257,1132.711186
-99.28369,163,1132.842893
-136.756084,112,1133.026645
-124.034402,111,1133.116283
-136.477764,126,1133.218138
-109.908042,198,1133.377739
-120.517847,123,1133.671311
-99.107599,199,1133.834266
-134.316569,107,1133.92071
-160.145595,110,1134.011559
-172.991633,104,1134.330152
-160.483241,130,1134.434526
-119.156189,197,1134.595214
-139.452699,129,1134.932168
-128.058748,125,1135.037907
-94.077639,140,1135.15274
-156.154611,121,1135.251441
-152.472696,267,1135.68747
-120.481489,130,1135.79283
-168.274797,99,1135.874715
-124.64632,117,1136.188437
-136.462459,158,1136.319897
-190.598333,268,1136.538989
-98.894138,116,1136.859191
-14.352162,189,1137.011863
-166.228804,126,1137.115662
-182.430266,404,1137.533988
-34.419112,196,1137.691989
29.329995,184,1137.944224
-213.029024,134,1138.052015
-125.764181,191,1138.206446
39.375593,303,1138.544852
-100.347201,134,1138.651777
-275.884622,258,1138.953385
-49.350862,266,1139.168491
-129.007327,118,1139.264141
-87.192234,151,1139.598655
-32.578513,192,1139.753855
-146.259434,118,1139.848762
-114.258656,137,1140.053466
-116.827503,310,1140.305751
-144.25585,139,1140.41651
-147.575287,158,1140.636185
214.325055,1000,1141.744061
-142.476238,112,1141.835078
-3.467003,254,1142.038956
-77.627916,201,1142.29787
-119.244616,125,1142.397941
-247.597289,734,1143.427989
-114.370954,198,1143.590957
-72.182696,198,1143.75025
-90.078798,152,1144.077133
-105.340244,125,1144.177635
-176.918153,527,1144.841451
54.278211,338,1145.306539
-45.593862,264,1145.5234
-150.179085,350,1146.042363
-124.370336,286,1146.275978
16.624033,510,1146.917237
-160.444612,498,1147.523098
76.740839,223,1147.908942
7.332234,316,1148.166211
-124.930612,196,1148.564821
-151.396113,384,1148.877609
39.998793,548,1149.661083
-79.889427,272,1149.882457
-90.600779,482,1150.472113
-72.285224,662,1151.21414
-102.348831,246,1151.637228
-36.341214,154,1151.760251
-564.468235,1000,1152.877685
-580.46789,306,1153.219989
-580.961423,633,1153.831962
-321.442653,1000,1154.848788
-81.5262,295,1155.088948
-401.759917,1000,1156.089869
-94.465305,198,1156.342963
-264.708404,1000,1157.35571
-170.340233,498,1157.850703
-11.073808,434,1158.292305
-149.638846,144,1158.410249
-146.621694,264,1158.623775
-879.312564,934,1159.563678
-718.825618,612,1160.280256
-621.425551,668,1161.005912
-94.395513,285,1161.237058
-132.600589,526,1161.753573
-91.639708,162,1161.976959
-741.886549,673,1162.615619
-39.559204,292,1162.849275
-234.89553,303,1163.185233
-323.576863,513,1163.689993
-802.917363,289,1164.014829
-741.289046,506,1164.515959
-525.367073,807,1165.266407
-50.781465,276,1165.584387
-67.214195,251,1165.784066
-1260.453964,842,1166.652849
-142.513281,303,1166.896979
-390.496744,284,1167.219688
-480.576824,1000,1168.313776
-150.351279,141,1168.42696
-80.908647,294,1168.755734
-87.145392,262,1168.966882
-195.340036,161,1169.299194
-502.023267,1000,1170.431136
-758.460065,983,1171.422179
111.787316,1000,1173.840715
-929.09169,374,1174.232739
-729.926714,604,1174.812951
-929.398004,726,1175.597565
-731.268134,272,1175.818219
-722.913754,337,1176.18362
-89.838636,122,1176.281594
-482.627589,1000,1177.278946
-707.611675,312,1177.732421
-131.607941,117,1177.825662
-103.294203,127,1177.927657
-165.16051,168,1178.288576
-526.101786,370,1178.589302
-770.137072,639,1179.528028
-691.050735,214,1179.708075
-419.009039,1000,1180.966034
-67.886858,135,1181.075131
-140.698731,128,1181.17804
-19.220032,135,1181.510555
-719.118338,621,1182.249042
-39.967304,658,1183.020112
-70.65937,126,1183.120723
109.017355,193,1183.478092
-93.232229,425,1184.061598
-590.828913,1000,1185.320597
-155.208824,179,1185.464261
-184.471802,557,1186.132253
-87.373848,263,1186.568441
-134.639201,107,1186.664789
74.965768,570,1187.329814
-148.253533,105,1187.414476
-700.34258,291,1187.877069
-106.265756,380,1188.186757
-754.624787,503,1188.807656
-180.726937,101,1189.089409
-520.785881,796,1189.946695
-238.367414,709,1190.723647
-176.600899,89,1191.002292
-233.933107,102,1191.083698
-706.281447,261,1191.294369
-138.77084,124,1191.619889
-81.923427,164,1191.752806
-149.006533,450,1192.342351
-194.312719,99,1192.422174
-150.058312,103,1192.504536
85.453112,944,1193.70354
-199.752013,86,1193.773136
-79.667128,146,1193.890651
-122.077235,105,1194.175298
-107.290865,121,1194.272821
-161.891674,92,1194.34795
-207.958792,82,1194.414724
-147.888591,111,1194.50364
-163.955759,102,1194.789726
-138.260172,104,1194.87328
-186.856034,156,1194.999382
-191.132414,75,1195.05964
-113.827125,119,1195.378408
-167.054512,97,1195.456308
-223.527609,80,1195.521673
-179.496771,97,1195.599154
-161.283131,100,1195.679642
-189.246457,105,1195.970899
-94.248614,114,1196.082627
-212.736506,1000,1197.329476
-101.395014,126,1197.430682
-118.827825,119,1197.525578
-123.219499,112,1197.614551
45.391056,413,1198.150767
-55.409863,135,1198.258677
-36.144526,203,1198.626873
-195.372643,92,1198.701427
-123.025701,124,1198.800446
-123.077819,259,1199.231716
-152.787102,97,1199.312499
-162.045356,159,1199.441403
-91.931077,122,1199.763911
-80.557031,144,1199.894192
-142.542955,111,1199.98612
-132.485034,108,1200.074296
-114.456925,121,1200.176735
-135.287515,112,1200.468944
-148.539148,121,1200.567667
-164.197156,100,1200.648048
-139.139199,108,1200.736118
-191.536347,92,1200.813826
-149.030648,106,1201.155128
-136.655079,109,1201.250442
-159.768685,115,1201.3487
54.283421,185,1201.720287
-157.763323,158,1201.865755
-194.716028,94,1201.942104
-167.945036,102,1202.024646
-195.037386,95,1202.101045
-174.296657,98,1202.396318
-139.546751,121,1202.494233
-183.974039,111,1202.583159
-178.286684,97,1202.661661
-143.195425,104,1202.74577
-81.907795,112,1202.943077
-163.103323,111,1203.032603
-152.299231,104,1203.117102
-543.172394,538,1203.645223
-231.922702,597,1204.224916
-137.724223,106,1204.31266
-127.346825,110,1204.495677
-85.874366,149,1204.619507
-182.460245,168,1204.754291
-139.466467,109,1204.935912
-38.033591,144,1205.05198
3.6806,192,1205.209891
-77.153396,171,1205.440614
-140.890139,126,1205.543841
-120.696487,169,1205.679252
-165.888775,114,1205.771602
-113.27952,120,1205.960176
-42.636051,318,1206.216112
-51.168592,157,1206.343368
-155.722144,106,1206.521438
-134.820188,654,1207.148552
-119.190001,149,1207.269742
-90.231792,170,1207.632225
-67.72976,131,1207.740569
-94.434467,115,1207.834344
-57.131191,130,1207.940207
-72.517667,122,1208.133176
-166.003711,118,1208.228935
-49.561979,129,1208.335114
-150.686688,115,1208.428585
-126.647233,124,1208.621928
-67.019504,168,1208.758657
-33.245454,143,1208.876164
-152.649572,94,1208.953021
-141.04216,98,1209.033118
-116.387553,112,1209.218067
-82.575261,118,1209.315808
-121.477478,117,1209.411103
-96.541265,127,1209.521036
-117.217583,113,1209.705966
-65.498001,873,1210.520821
-46.45172,142,1210.733543
-87.539996,165,1210.871058
-46.716085,137,1210.983038
-95.284507,109,1211.071493
-136.149141,111,1211.252582
-74.273689,124,1211.354085
-86.573057,146,1211.473726
-133.622656,102,1211.559003
-200.881488,98,1211.732428
-99.169033,119,1211.82955
-115.62748,259,1212.040551
-135.14371,108,1212.220808
-114.227384,110,1212.312416
4.19177,266,1212.530325
-126.227875,114,1212.623812
-99.869545,130,1212.823696
-76.254641,136,1212.935214
-34.783938,617,1213.538533
-107.454347,126,1213.641142
19.398156,412,1214.07488
-81.137577,156,1214.299383
-27.217132,191,1214.454736
-134.993179,143,1214.572371
-29.275294,190,1214.820173
-110.103603,316,1215.080211
7.459063,229,1215.363863
-45.679137,138,1215.476791
-96.173955,159,1215.606455
-112.754181,161,1215.831907
-151.403768,113,1215.92418
-101.480137,114,1216.017426
-114.400324,104,1216.101793
-60.037131,149,1216.225009
-169.011963,326,1216.58785
-434.821388,837,1217.466853
-114.438678,164,1217.600918
91.789382,219,1217.780507
10.681018,195,1218.033282
-20.366268,154,1218.161427
74.258017,219,1218.436569
-77.731822,371,1218.743154
-87.767313,124,1218.936971
-65.448374,151,1219.059551
-5.914997,402,1219.485887
-106.011804,200,1219.6508
-131.015525,107,1219.738721
-62.781014,133,1219.846962
-70.111861,109,1220.029252
-130.356507,107,1220.117655
-158.584842,222,1220.30353
-11.332161,141,1220.515133
-90.40713,153,1220.643017
46.699388,178,1220.790243
-32.322609,187,1221.157482
-20.75347,172,1221.301271
14.746841,178,1221.446867
-123.011736,126,1221.644631
-24.346409,178,1221.790934
-109.397367,166,1221.926075
-68.11328,156,1222.146582
-139.978453,100,1222.22988
-103.578666,155,1222.358298
5.651027,178,1222.504777
-22.374685,179,1222.744746
-56.328259,157,1222.873961
-70.658898,575,1223.443527
-56.925909,145,1223.562755
-106.421707,254,1223.864996
-47.151553,180,1224.011302
-82.634536,200,1224.270188
-13.32882,183,1224.421155
-72.176087,181,1224.569004
-76.564434,156,1224.790439
-78.406689,150,1224.913687
-64.366381,176,1225.058639
-73.208616,133,1225.260686
-51.696957,157,1225.391232
-70.397223,121,1225.490853
-49.558274,157,1225.619548
-83.376352,147,1225.833273
-80.983311,186,1225.985494
-129.793292,151,1226.110889
-112.037958,303,1226.453488
-68.901848,169,1226.592862
-94.434249,124,1226.787286
3.387505,164,1226.923341
-37.702976,130,1227.028253
-78.589162,156,1227.159598
60.724299,204,1227.417487
-148.558313,151,1227.540839
54.676193,188,1227.795527
-3.200089,159,1227.925348
-117.637902,164,1228.060987
64.23534,196,1228.310992
-65.6562,172,1228.45164
-70.911426,234,1229.209684
-40.439337,179,1229.448205
-105.529525,156,1229.577764
-91.021931,218,1229.758427
-69.611047,156,1229.980486
-85.828394,153,1230.107275
-66.401223,169,1230.245613
-22.568267,189,1230.494496
18.034122,259,1230.706389
-87.699881,166,1231.038676
-93.44022,169,1231.176584
-13.36606,173,1231.317698
-40.527847,176,1231.556074
-61.439924,162,1231.686842
-15.36043,158,1231.815083
36.542896,230,1232.201938
-32.094851,136,1232.313501
-65.370059,166,1232.449096
-67.185854,164,1232.676683
29.493212,217,1232.854446
-78.701899,153,1232.978488
-99.836101,166,1233.207419
-9.865816,189,1233.361063
-100.816731,129,1233.465649
-35.969977,161,1233.596017
-1.728127,179,1233.835176
-69.555217,130,1233.941899
-16.952026,173,1234.081472
-58.365562,157,1234.304133
-72.06916,106,1234.391353
-72.862743,156,1234.519154
54.563031,168,1234.751137
-43.484577,178,1234.895908
-78.173938,142,1235.01242
-103.230099,110,1235.103546
-95.24597,138,1235.309554
-51.524985,119,1235.407965
-73.22671,150,1235.530699
-71.35589,157,1235.854413
-54.960386,154,1235.980305
21.762816,201,1236.144258
-61.470844,126,1236.24719
-9.588603,198,1236.502584
-55.083654,118,1236.598204
-1.695772,171,1236.737641
2.895964,156,1237.063665
58.648242,188,1237.215882
-90.600546,167,1237.352454
132.937118,275,1237.670378
-68.727098,112,1237.761988
-71.302194,131,1237.86805
-58.274398,161,1238.090951
-5.278041,165,1238.224926
-43.344386,161,1238.36079
-72.531278,104,1238.538763
-56.846151,120,1238.636771
-14.336284,157,1238.76263
19.190128,166,1238.896528
-54.284286,121,1239.086089
-45.733768,126,1239.187528
-0.291153,161,1239.317975
-59.554959,134,1239.519499
-42.226216,131,1239.626794
-81.976569,152,1239.750269
-72.393227,137,1239.861581
-24.852635,130,1240.061047
-45.713102,169,1240.197618
48.019053,174,1240.338393
-28.912208,143,1240.55129
-76.026374,110,1240.641513
-74.692809,127,1240.745079
-63.138816,120,1240.843343
-42.045702,115,1240.9385
-74.104718,116,1241.126067
-58.52926,116,1241.222245
-65.966398,114,1241.31753
-83.353396,108,1241.406372
22.541494,175,1241.772513
-61.253903,109,1241.861777
-85.687876,110,1241.95185
-47.382566,115,1242.04675
-64.981783,119,1242.237271
-88.675245,124,1242.339418
-106.290693,115,1242.433669
-30.882145,134,1242.545117
-48.787902,135,1242.866329
-18.643747,143,1242.9834
-109.264276,96,1243.062541
56.130529,187,1243.216209
-10.172751,132,1243.418142
-39.375855,134,1243.52883
-88.450324,102,1243.611876
-73.670972,105,1243.699323
-32.133715,132,1243.899753
-4.111436,149,1244.021441
9.988573,137,1244.133419
-63.10378,112,1244.225031
-66.154777,117,1244.417567
-52.720127,182,1244.568438
-34.750894,118,1244.665291
-72.522616,108,1244.754565
-116.021297,96,1245.057615
-49.107121,114,1245.15154
-68.966038,108,1245.240554
-23.903079,174,1245.388958
-34.306921,111,1245.574173
-100.183337,99,1245.655671
-54.508517,132,1245.764053
-72.859165,116,1245.858228
-84.446303,121,1245.957204
-64.878844,113,1246.142626
-62.486245,106,1246.230627
-100.424623,97,1246.312042
-41.145968,151,1246.436324
-98.411667,95,1246.614664
-45.835789,117,1246.711334
-77.96421,122,1246.810515
-90.578584,158,1246.939753
32.681923,170,1247.171693
-30.641999,138,1247.285517
-58.134995,118,1247.382915
-42.62349,154,1247.508483
-34.870934,154,1247.727191
-49.624522,129,1247.833313
-4.166472,144,1247.952196
-11.488077,143,1248.161898
-83.11163,100,1248.245553
-109.001539,100,1248.328922
-116.868585,130,1248.435849
-47.643323,108,1248.525707
-81.25827,101,1248.701926
-91.883941,101,1248.785323
-109.29913,117,1248.883156
-26.992151,144,1249.002035
-119.173282,94,1249.307116
-98.716279,103,1249.392885
-104.972527,100,1249.475127
-80.067677,103,1249.560426
-105.106094,112,1249.651892
-90.187549,91,1249.819572
-29.736836,157,1249.948625
-70.477753,114,1250.042924
-5.245315,170,1250.183283
-64.886663,118,1250.376692
-72.609001,123,1250.478367
-61.093623,133,1250.588162
-62.31414,141,1250.704656
-76.679431,107,1250.885757
-109.059014,96,1250.965127
-75.371307,115,1251.060588
-43.18085,149,1251.182395
-22.891166,141,1251.388815
-38.022196,139,1251.504913
-75.091093,110,1251.596697
80.558753,201,1251.761974
-59.692598,116,1251.948465
15.318571,159,1252.07959
-13.27063,146,1252.199445
-27.820746,153,1252.414742
-89.947004,103,1252.502116
-9.155841,185,1252.654795
-6.162076,184,1252.805729
-40.714391,149,1253.020637
-73.387064,104,1253.109499
-74.854205,157,1253.238962
-40.692618,142,1253.448333
-50.781645,110,1253.538093
-80.443891,104,1253.624109
-158.90452,96,1253.702716
-130.815565,94,1253.780942
-49.803879,113,1253.980333
-34.57825,156,1254.1069
-6.756211,163,1254.241791
-100.147244,101,1254.328146
-21.824171,178,1254.56575
-77.969756,124,1254.668136
-3.598316,161,1254.802009
-52.145136,161,1255.025315
5.093877,190,1255.181616
-84.727077,104,1255.268332
-67.768381,115,1255.363483
-19.520418,171,1255.597589
-106.510673,99,1255.678251
-51.855442,146,1255.798736
-98.243719,112,1255.890473
-62.620436,131,1256.092535
-77.575176,113,1256.187873
-84.540584,109,1256.278659
-82.475994,124,1256.383319
-87.98933,134,1256.584953
-29.14313,144,1256.704823
-71.065933,124,1256.807624
-18.622719,155,1256.935528
-106.216394,96,1257.108357
-74.322315,100,1257.191974
-75.865833,111,1257.284394
-34.458959,150,1257.40869
-93.646097,95,1257.58176
7.954772,167,1257.719478
-33.292964,149,1257.843576
-95.946132,97,1257.923677
-101.983344,96,1258.096915
-106.979423,88,1258.169187
-83.644179,107,1258.258172
-117.378267,81,1258.325212
-67.031597,156,1258.455113
-77.906317,115,1258.749706
-36.844141,119,1258.848859
-79.56887,128,1258.955436
-53.433752,123,1259.057312
-91.658212,96,1259.234686
-57.541718,113,1259.329566
-40.460428,135,1259.441631
-39.744173,119,1259.542329
-52.731126,115,1259.637445
-30.231447,172,1259.872454
-108.930609,95,1259.951906
-39.377454,137,1260.064693
-50.692814,112,1260.1601
-125.841658,98,1260.336505
-72.902737,104,1260.422268
-27.435175,159,1260.551579
-81.851138,101,1260.633607
-47.175399,139,1260.841403
-45.540564,140,1260.957334
-64.294405,133,1261.066108
-12.876948,151,1261.189256
-0.495823,167,1261.419388
-69.421623,132,1261.528492
-21.705806,146,1261.650522
178.726764,252,1261.950116
-21.103004,154,1262.076432
22.367576,159,1262.209721
-60.971814,128,1262.408911
-15.652568,146,1262.535984
-83.979895,97,1262.617262
-63.066205,111,1262.708305
-11.902517,145,1262.920457
51.111618,173,1263.065463
-45.065059,128,1263.171242
-78.981407,108,1263.260411
-47.900206,122,1263.452724
23.259488,146,1263.573002
3.628021,174,1263.715868
-93.164071,102,1263.892074
-45.439447,125,1263.995371
-29.134621,161,1264.12857
-35.975572,197,1264.289863
26.122644,179,1264.531646
65.748644,174,1264.674752
-31.185279,130,1264.780019
-77.994453,102,1264.956215
-55.917914,101,1265.039386
-67.616911,112,1265.131712
-84.217036,102,1265.216465
-81.37103,104,1265.30232
-100.695954,103,1265.481822
10.023951,145,1265.600716
-95.404964,104,1265.685994
-88.600741,118,1265.783388
-74.884289,108,1265.964559
-71.316058,102,1266.049293
-22.720226,141,1266.164353
-74.846713,116,1266.260767
-113.587719,108,1266.34893
-69.952685,118,1266.538189
-42.087753,141,1266.655056
-69.014653,109,1266.743859
-34.851766,127,1266.848302
-63.11363,117,1267.036209
-28.823761,119,1267.133607
-64.246143,115,1267.226803
-96.415377,95,1267.305136
-68.299583,103,1267.48445
-46.445627,124,1267.586806
-50.718617,109,1267.676631
-32.897169,134,1267.786155
-53.883579,102,1267.870511
-48.893826,121,1268.062824
124.982634,269,1268.287603
-57.909894,117,1268.385448
17.147697,146,1268.597146
-39.403432,112,1268.688449
-73.648209,103,1268.772659
-4.346427,144,1268.890945
37.073194,176,1269.126166
-124.108574,126,1269.229595
-38.251403,130,1269.339213
-26.07937,126,1269.534256
-62.80347,121,1269.635756
-50.871239,108,1269.723655
55.839142,186,1269.875184
3.322415,167,1270.102681
9.777762,170,1270.244516
-10.639562,178,1270.391413
144.030479,210,1270.656269
-45.249391,104,1270.74147
57.583881,176,1270.885251
-67.271896,98,1270.966025
176.156453,340,1271.337396
-33.32872,144,1271.456621
-19.229385,149,1271.67238
28.654127,201,1271.838245
-88.416123,107,1271.927569
-74.637354,109,1272.107021
-41.869343,127,1272.211966
-79.606023,106,1272.300681
-40.434258,156,1272.42794
-28.468404,125,1272.622656
-61.417996,103,1272.706606
-47.15413,112,1272.798032
-58.091757,116,1272.891808
145.778858,205,1273.151551
-25.415926,148,1273.273546
36.501898,156,1273.401905
2.473613,144,1273.520866
-79.726679,104,1273.700444
-57.203431,122,1273.800352
-15.534722,140,1273.9147
-60.863997,137,1274.027416
-22.10371,154,1274.245947
-35.108945,149,1274.369824
-40.317358,110,1274.461176
-77.371703,111,1274.552304
-87.581675,112,1274.73667
151.381784,243,1274.936144
33.678531,182,1275.082895
-114.024222,94,1275.252618
200.168938,244,1275.453511
-0.966521,164,1275.586692
-24.805091,116,1275.773931
-59.411971,113,1275.868125
-39.174604,128,1275.975341
-70.015189,101,1276.059686
114.286227,228,1276.338049
-67.743091,114,1276.430879
-64.684539,120,1276.529678
52.226808,203,1276.789567
119.624095,209,1276.960839
135.781817,281,1277.281695
6.785531,156,1277.409516
-46.06132,124,1277.510847
-61.92763,111,1277.60229
-60.80129,109,1277.785085
-3.81784,135,1277.89596
-44.707759,118,1277.993575
-44.794733,167,1278.128728
100.050502,206,1278.390479
-56.876966,117,1278.485526
-70.041924,111,1278.576517
-55.271441,129,1278.77432
-28.877713,126,1278.877301
-41.355536,146,1278.996704
-68.733448,132,1279.104732
-21.13847,112,1279.288755
-9.831861,155,1279.417325
-17.222383,138,1279.530718
-43.779197,115,1279.625241
2.922311,143,1279.83607
-63.093257,113,1279.927942
-73.686097,101,1280.010376
-50.325345,161,1280.141478
-8.376867,184,1280.779044
-71.412955,117,1280.877226
-10.124614,133,1280.98803
-81.888705,102,1281.073055
49.095248,176,1281.430051
-13.935898,161,1281.562858
-44.554425,124,1281.66418
101.250676,172,1282.006982
-78.986138,106,1282.09416
9.317171,229,1282.282046
-79.165758,108,1282.370411
-66.353845,111,1282.695226
-9.236269,153,1282.822954
-72.192852,172,1282.965636
-88.383616,172,1283.311242
-46.369417,123,1283.412522
-78.648808,100,1283.495173
-30.161715,150,1283.619252
-4.013705,143,1283.938205
-97.676945,93,1284.014655
-59.367322,100,1284.096823
-33.623097,145,1284.215313
-40.459387,129,1284.522545
-77.342026,106,1284.612009
-86.837946,98,1284.693319
-82.157175,101,1284.777312
6.934793,169,1285.145485
-89.77852,100,1285.234116
-74.633277,131,1285.343308
-83.266516,109,1285.433712
-35.389879,144,1285.552335
-72.150077,99,1285.869293
-38.71104,119,1285.967849
-103.290282,104,1286.052772
23.269594,147,1286.173545
-65.396763,119,1286.509856
-88.593133,151,1286.632937
28.252027,245,1286.833923
-60.75357,123,1287.170858
-24.405774,154,1287.296675
-39.601242,143,1287.412043
12.604487,163,1287.777672
-4.921448,153,1287.907902
-73.327467,111,1287.998469
-59.053077,107,1288.085219
-36.760675,136,1288.4246
-73.853698,129,1288.535685
-67.917172,161,1288.669164
-72.255045,173,1288.810954
-19.240085,165,1289.038193
45.562736,427,1289.48
-67.721518,100,1289.564031
-98.495491,96,1289.643299
-92.168913,95,1289.721652
-62.525397,109,1289.811145
-92.886284,94,1289.981239
-76.261929,131,1290.08923
-78.475497,94,1290.167645
-99.722282,95,1290.245978
-90.310617,91,1290.321561
-74.867448,97,1290.494545
-86.333976,86,1290.565508
-116.629625,97,1290.644736
-116.576372,89,1290.717935
-333.215005,254,1291.029642
-92.457172,95,1291.106922
-115.076862,109,1291.1946
-74.575352,100,1291.276205
-8.604225,113,1291.370788
19.555462,162,1291.59635
-96.538108,94,1291.673478
-73.249087,101,1291.756626
-106.019021,86,1291.826467
-87.282449,101,1291.909057
-33.476001,185,1292.23243
-88.824796,100,1292.315965
-106.893089,93,1292.39371
0.158812,149,1292.515327
-74.951656,112,1292.813974
-76.061214,92,1292.890006
-79.050306,91,1292.964459
-82.096155,99,1293.045531
-95.230391,82,1293.112613
-81.322072,105,1293.290813
-73.879024,93,1293.36753
-101.953457,102,1293.450564
-76.595789,95,1293.528966
-80.767317,86,1293.599794
-94.970162,90,1293.766351
-88.984587,81,1293.833291
-84.549818,90,1293.906866
-89.036994,89,1293.979752
-88.891828,84,1294.04816
-99.027891,83,1294.115933
-111.770023,79,1294.272625
-96.253098,83,1294.342986
-95.858727,81,1294.409334
-93.344015,86,1294.480042
-125.95009,87,1294.551498
-80.777932,81,1294.618069
-98.222969,86,1294.688989
115.918807,270,1295.009851
296.726948,1000,1296.003718
-752.614804,813,1296.852984
-125.490215,597,1297.434295
-333.205275,1000,1298.423803
-349.402368,736,1299.216826
-161.407838,1000,1300.206074
61.811466,288,1300.63605
-633.725186,760,1301.348671
-51.753901,1000,1302.344522
-629.906893,676,1303.091066
-463.664558,1000,1304.194679
-300.153352,1000,1305.191319
-499.788351,623,1305.871326
127.979088,525,1306.386984
227.42863,1000,1307.292538
38.438375,1000,1308.287978
-567.508138,237,1308.572373
-707.39854,633,1309.174644
331.59231,1000,1310.169125
-463.332507,891,1311.074661
-41.33122,1000,1312.234881
51.303665,1000,1313.34942
-409.296446,268,1313.56685
-344.438673,1000,1314.566679
-652.761202,642,1315.187013
-705.601871,972,1316.159026
519.980441,1000,1317.160961
97.389757,1000,1318.166167
-169.966511,1000,1319.161927
-66.703029,1000,1320.16428
-725.489056,332,1320.538628
-664.029259,867,1321.418292
-591.819038,852,1322.198011
-530.168831,359,1322.58306
-779.014082,349,1322.955593
168.126182,1000,1323.959378
-235.483151,271,1324.178232
-533.737257,1000,1325.173394
-617.038624,1000,1326.172973
-166.342787,101,1326.255669
-162.820974,103,1326.339456
9.23213,414,1326.767413
-45.771666,200,1327.021007
-570.308885,246,1327.221824
-93.159797,365,1327.623238
-24.565922,155,1327.748935
-66.359093,144,1327.865455
-64.101707,299,1328.200053
-559.037663,485,1328.68786
-185.753722,172,1328.826701
-36.926301,165,1329.060408
-61.667382,113,1329.15317
-84.328956,221,1329.33191
-97.062908,667,1329.970906
1.684279,135,1330.177681
-313.244002,240,1330.375068
-303.458865,464,1330.847684
18.014873,167,1330.983463
-13.326568,190,1331.228724
101.374692,228,1331.417952
44.456649,181,1331.659547
-73.877978,164,1331.791503
-342.898097,500,1332.298756
35.190699,202,1332.463895
-85.742614,123,1332.656493
15.427123,175,1332.801304
-109.246548,120,1332.89858
-88.978924,117,1333.523973
-106.569969,108,1333.707139
-74.754846,125,1333.807911
-109.431132,150,1333.931726
-64.436046,156,1334.05893
-42.70288,117,1334.247049
97.416307,213,1334.421227
-74.912636,170,1334.560103
-38.246954,132,1334.761426
-96.427322,138,1334.873523
-45.656295,144,1334.991339
-84.766625,128,1335.096343
-61.952713,158,1335.317852
17.59084,172,1335.456751
-53.394455,141,1335.571987
52.666084,207,1335.835374
34.839136,249,1336.041705
194.403226,229,1336.322071
-38.628501,125,1336.42548
-24.74515,167,1336.561528
-66.589904,113,1336.654582
-31.623297,130,1336.854591
-94.481741,104,1336.940254
-120.566456,98,1337.020552
-87.44033,162,1337.153159
-104.072917,111,1337.340703
-45.575335,123,1337.442983
-60.470794,136,1337.554363
-80.599225,108,1337.643796
-69.830379,121,1337.836556
-25.407333,131,1337.943459
-51.201796,127,1338.046648
-105.638569,109,1338.13546
-76.947207,114,1338.322093
-74.149628,178,1338.465498
-3.988178,140,1338.580363
-104.992484,114,1338.673886
-57.761562,128,1338.869724
-63.742294,112,1338.961968
-56.049218,115,1339.055329
-62.115682,127,1339.158853
-120.270164,110,1339.341857
-74.138028,114,1339.434905
-101.054004,117,1339.53111
-57.937698,149,1339.652174
-90.60746,116,1339.841621
-100.954708,106,1339.928154
-19.343686,153,1340.052917
-25.320463,177,1340.195665
-31.953067,140,1340.403509
-117.983513,107,1340.492332
-94.822713,114,1340.58547
-11.427655,134,1340.694359
-8.693603,133,1340.897758
-91.476667,117,1340.993652
-40.196553,126,1341.098307
-64.68709,126,1341.200495
-33.870797,141,1341.40832
-54.591004,136,1341.51781
-20.608049,178,1341.661636
-57.914639,129,1341.76658
-47.396275,146,1341.977455
136.927707,224,1342.159333
-75.015981,116,1342.253889
-14.302916,144,1342.465841
-80.4823,128,1342.570603
-94.151431,106,1342.659047
-53.573128,125,1342.761239
-24.605655,140,1342.966371
20.055061,143,1343.082019
203.047312,256,1343.288246
-113.93512,106,1343.469432
-13.322333,137,1343.582483
-43.928177,124,1343.684953
-38.738052,141,1343.79971
-15.710445,130,1344.116387
-94.060184,133,1344.22503
-82.788185,119,1344.323618
-17.911391,129,1344.430074
9.06692,145,1344.76102
-82.511825,121,1344.860787
-55.212975,125,1344.963737
46.655973,180,1345.335492
-43.454353,134,1345.446324
-67.421488,135,1345.555895
-48.539369,125,1345.659434
-6.696214,136,1345.862114
-98.931198,111,1345.953687
3.652377,142,1346.070752
-74.802213,121,1346.17956
-16.104395,143,1346.394448
2.814223,131,1346.502248
-9.922887,146,1346.622158
-33.269316,166,1346.757054
-0.025557,121,1346.947584
-102.902986,116,1347.043888
-58.686306,126,1347.147226
-7.115071,190,1347.392718
-33.707615,128,1347.498699
-22.552023,120,1347.596519
-16.690997,129,1347.701876
15.42389,166,1347.940999
-35.325528,127,1348.045734
-92.220953,124,1348.148188
-18.185019,124,1348.250138
-13.290325,145,1348.46022
-57.539359,138,1348.573697
-9.359871,129,1348.681087
-50.276695,125,1348.784956
1.251673,156,1349.010484
21.84739,154,1349.136505
29.171559,147,1349.257584
-4.331202,161,1349.481687
-40.250406,177,1349.6257
-2.445749,160,1349.756528
-29.765633,124,1349.85829
-22.057936,144,1350.069644
23.870921,164,1350.205742
-6.052479,168,1350.34946
-71.343207,128,1350.682629
-17.743165,159,1350.811978
-21.597297,169,1350.951174
-11.087596,147,1351.302207
-65.994704,123,1351.403735
-26.995334,148,1351.52467
-41.92481,128,1351.630239
-4.945804,130,1351.830892
-43.082949,122,1351.932587
-16.39623,125,1352.035563
-53.809851,113,1352.130526
-69.757432,109,1352.315718
8.689398,133,1352.425284
-25.460793,122,1352.525515
31.156497,155,1352.652341
-114.433758,86,1352.816558
-33.563348,124,1352.919084
-105.440608,123,1353.020207
-40.211632,136,1353.131976
-16.070898,115,1353.226831
-8.658984,129,1353.425587
-12.193262,126,1353.529393
-29.408906,119,1353.627363
-33.088286,133,1353.738547
-8.015454,123,1353.932017
33.035547,136,1354.044429
-31.203339,122,1354.145912
-65.03613,106,1354.23503
-94.610102,101,1354.422626
-81.903418,109,1354.513651
-113.112271,97,1354.593568
-102.974013,101,1354.682238
-36.325536,130,1354.788043
-7.805653,128,1354.985704
-43.361164,121,1355.086843
0.072848,181,1355.235565
-115.971353,99,1355.522162
-90.032614,104,1355.610531
-73.452511,98,1355.692694
-75.951608,111,1355.785631
-68.33054,119,1355.884029
-14.099662,131,1356.221217
-55.367043,121,1356.322539
-95.677019,99,1356.404296
-84.322026,117,1356.501102
-43.140046,114,1356.817253
-90.720989,100,1356.907747
-79.678338,114,1357.004249
-38.817769,117,1357.102959
-66.431189,106,1357.192341
-88.138394,102,1357.502642
-84.668207,97,1357.586498
-60.215392,112,1357.679662
-93.824396,97,1357.760957
123.637326,205,1358.156804
-48.302543,123,1358.261524
-99.177956,100,1358.346771
-51.015081,114,1358.442045
-10.336485,125,1358.546026
-87.930217,116,1358.856881
-150.318886,91,1358.932155
-73.032379,123,1359.035363
46.384579,154,1359.164392
-91.589799,100,1359.446982
-74.944963,108,1359.53801
-59.33656,127,1359.64304
-53.354236,116,1359.738379
-44.841705,121,1360.038441
-81.783977,117,1360.133422
-89.272651,103,1360.219545
-100.530653,106,1360.30749
-68.039167,112,1360.400291
-37.433326,120,1360.593605
-49.570611,122,1360.695298
-22.732192,141,1360.812593
-97.729277,105,1360.90077
-170.989641,85,1360.971043
-110.841148,93,1361.145382
-3.296106,146,1361.2674
-16.871582,150,1361.391663
-23.19108,130,1361.590629
-69.396884,100,1361.674949
-66.68565,139,1361.790166
-43.770596,116,1361.885662
-55.705912,125,1361.987441
-22.31124,133,1362.190595
-76.835847,112,1362.284523
-92.840811,107,1362.373852
-32.341384,134,1362.484352
-63.923297,175,1362.718805
-117.700376,105,1362.8111
-94.712102,104,1362.897495
2.177143,139,1363.014042
165.114344,263,1363.323463
-77.947068,117,1363.42059
-43.893445,120,1363.518797
-158.084014,157,1363.742822
-62.697114,120,1363.842375
-43.085634,119,1363.94009
-18.855588,150,1364.064009
-101.787565,125,1364.264987
-72.682119,106,1364.35492
-13.44428,143,1364.474227
-118.584506,111,1364.565945
-35.478801,130,1364.874467
-96.017479,141,1364.991585
-53.118161,131,1365.099689
62.801048,294,1365.563213
-200.673999,86,1365.633104
-72.999139,110,1365.72481
-33.718019,121,1365.825819
-53.35644,128,1366.167099
-66.342164,127,1366.273666
-56.897485,137,1366.387028
37.516913,150,1366.514285
-79.29923,107,1366.804044
-85.709316,107,1366.892898
-66.491262,114,1366.990303
-167.56619,94,1367.069678
-95.966385,132,1367.406197
-64.583723,120,1367.510966
-80.272951,122,1367.613362
-56.429264,110,1367.70595
-83.859718,252,1368.141959
-75.470151,136,1368.26573
26.192456,166,1368.406646
-54.264312,117,1368.59361
-28.286288,143,1368.711272
-171.643979,178,1368.85995
18.607794,140,1368.980465
-36.499083,154,1369.209072
-70.769355,107,1369.29918
-43.018689,174,1369.445416
-211.902863,267,1369.777558
-21.341682,323,1370.080118
-65.764927,109,1370.268734
-60.245247,110,1370.362713
-124.690984,125,1370.46833
-29.469343,232,1370.755396
-33.111394,129,1370.864506
-155.037137,162,1371.00414
-46.84218,164,1371.169404
-85.688959,126,1371.39003
-226.614587,407,1371.736109
-91.530148,127,1371.937973
15.342018,138,1372.072354
212.360686,238,1372.278311
-171.781039,151,1372.729912
-133.427546,308,1373.185572
-65.033433,199,1373.655602
-127.847538,111,1373.804684
-104.074441,150,1374.010505
-152.618135,164,1374.389748
-107.694863,118,1374.550566
-138.641697,109,1374.704253
64.256823,200,1374.994481
-88.790125,132,1375.344527
-155.353999,161,1375.574826
-67.717905,143,1375.783063
-5.279676,165,1376.161622
-21.840054,144,1376.363885
112.557491,219,1376.663531
-38.55665,156,1377.029902
-3.738525,132,1377.214012
15.02151,205,1377.490973
-187.93631,174,1377.883534
-29.130443,164,1378.1108
-59.379277,127,1378.290439
-27.965673,192,1378.72573
-145.280906,230,1379.048821
-47.769261,141,1379.247344
-138.753598,154,1379.678598
-14.750595,246,1380.067843
164.405101,292,1380.725728
-97.938829,209,1381.122506
83.999551,171,1381.405872
-110.705831,343,1382.156659
-25.11217,159,1382.423811
-101.444682,113,1382.774281
-115.613904,109,1382.967737
-152.144194,97,1383.133886
-26.240602,143,1383.358679
-55.900366,334,1384.044501
-197.108506,526,1385.036826
-17.31323,136,1385.241902
8.91937,200,1385.788929
-162.332456,102,1385.98009
-2.72487,141,1386.223274
0.80133,242,1386.840494
-61.22096,586,1388.112398
35.532519,168,1388.362542
236.723075,361,1389.191968
-70.369542,122,1389.381366
-31.568018,128,1389.580095
-119.328077,252,1390.151104
-20.824895,135,1390.35375
10.199794,169,1390.609679
19.659146,149,1390.990321
-103.969775,109,1391.162626
-37.964054,132,1391.361464
-139.533921,228,1391.706949
36.847816,136,1392.092406
53.116147,260,1392.492218
-31.293732,155,1392.882942
-34.28248,142,1393.098274
-92.740214,766,1394.46431
-30.295576,403,1395.248194
35.205366,153,1395.481058
-53.919805,160,1395.894626
-29.637123,167,1396.144162
39.316717,138,1396.349462
-212.455235,81,1396.474181
-189.441446,107,1396.806271
-90.7332,392,1397.410774
13.57913,578,1398.600085
-39.842205,133,1398.815095
-34.903848,146,1399.967776
66.937055,139,1400.190401
-19.470406,130,1400.563482
-53.746853,368,1401.133479
1.657757,170,1401.558938
-56.532773,126,1401.757472
113.831991,257,1402.149951
-99.236985,115,1402.510983
155.194856,1000,1404.435434
-74.040748,121,1404.619376
59.151651,193,1404.916688
-70.614995,112,1405.088707
-191.977435,93,1405.429601
-114.148326,102,1405.586972
-72.429268,131,1405.784943
-22.256026,126,1405.97613
-56.555933,131,1406.594161
-132.694941,99,1406.756404
-58.460764,134,1406.956147
-143.66327,97,1407.103975
-101.822368,108,1407.273138
-521.967794,459,1408.41645
-129.740458,99,1408.786937
-193.926839,93,1408.935325
-9.470491,142,1409.146113
-227.006233,85,1409.276937
-38.82581,122,1409.460906
-104.08547,110,1409.795548
48.022907,196,1410.092156
-92.030355,111,1410.263656
-132.309402,111,1410.428855
-39.297299,143,1410.821075
-102.589238,106,1411.008918
-98.07148,116,1411.189829
-136.850743,95,1411.356811
218.024519,1000,1413.371989
-70.089073,123,1413.828213
-98.789928,580,1414.87582
-887.532881,1000,1416.794366
-157.335113,108,1416.957114
-48.784514,141,1417.167525
-197.748853,92,1417.30983
-97.691959,109,1417.639288
-154.329668,114,1417.836553
-3.912414,187,1418.116176
-181.183657,95,1418.254932
3.357525,151,1418.646892
-63.360045,152,1418.882474
-118.026028,114,1419.056901
-112.30055,110,1419.224048
-75.94411,123,1419.581708
-143.806219,106,1419.739586
-138.794922,106,1419.91046
-193.837236,93,1420.055571
-209.375325,95,1420.20001
80.575643,247,1420.831038
-99.800175,206,1421.148026
-153.243517,117,1421.31504
-134.282672,117,1421.885365
-60.444504,123,1422.112255
-196.498504,98,1422.285471
-188.350415,99,1422.478974
-143.682337,117,1422.918092
-33.350848,594,1424.015969
53.434099,149,1424.258856
-101.623855,169,1424.50758
55.053616,200,1425.134484
12.334984,138,1425.348783
-21.089509,185,1425.614587
106.283461,525,1426.72225
-21.866782,158,1427.128769
-99.032457,130,1427.327586
-36.450534,171,1427.590955
-173.816678,112,1427.780321
-47.24272,153,1428.344222
2.878619,178,1428.607894
-33.691149,146,1428.823248
-96.676845,116,1429.213802
-109.222281,346,1429.757381
-94.901597,116,1430.119755
-518.865353,882,1431.68075
-102.008697,453,1432.562249
-113.05266,115,1432.742244
-256.566371,367,1433.483438
7.441081,176,1433.741646
-454.276455,335,1434.451821
-93.643181,110,1434.622308
145.10217,437,1435.497289
14.964464,162,1435.737579
124.243481,501,1436.591784
-8.312259,135,1436.932894
-421.735859,359,1437.246695
-16.680896,141,1437.475294
-42.241168,124,1437.591085
190.175837,708,1438.359121
-80.213905,125,1438.560513
-11.980635,140,1438.680399
43.49063,139,1438.822482
27.967649,154,1438.958284
-32.07779,128,1439.186082
-105.414883,459,1439.684518
30.638874,168,1439.833099
1.635381,133,1439.948102
-28.422453,648,1440.707592
28.49917,168,1440.937358
651.497724,1000,1442.236768
-209.821014,633,1442.882177
38.292201,176,1443.032348
69.859103,178,1443.293097
-587.081892,351,1443.628367
417.180002,1000,1444.772757
-38.392551,129,1444.894553
-151.728417,432,1445.389142
-23.496695,121,1445.602806
146.448006,357,1445.905115
-38.587746,127,1446.1135
21.821192,171,1446.25914
102.143283,325,1446.536415
139.372543,284,1446.86903
-40.01274,124,1446.972644
-158.330773,1000,1448.036493
8.508622,144,1448.247131
-99.350076,841,1449.055835
89.084219,557,1449.664882
-0.763117,124,1449.772902
-68.420055,572,1450.426967
15.489355,166,1450.563558
-2.06522,153,1450.690027
52.382138,170,1450.918713
68.862987,198,1451.078931
2.868403,174,1451.22123
-37.88705,125,1451.417894
28.315246,175,1451.5628
-32.821375,121,1451.663338
-77.096526,683,1452.325754
18.629175,160,1452.548406
-744.78324,700,1453.223132
29.873529,159,1453.355566
-23.880419,289,1453.685512
101.458671,431,1454.143521
-218.808543,748,1454.861606
-122.864838,424,1455.325019
49.522978,152,1455.450315
88.135507,248,1455.743564
14.360254,218,1455.920151
81.382961,221,1456.199805
-29.597769,198,1456.415205
-24.065234,128,1456.537498
49.867398,718,1457.436798
-51.567875,119,1457.558137
88.889404,199,1457.740457
-466.310263,418,1458.218525
-44.826843,136,1458.440874
24.327004,156,1458.582949
-2.253258,136,1458.708345
110.384818,178,1458.866046
-650.390824,326,1459.243422
3.025727,151,1459.375074
-463.928371,864,1460.344005
-430.63605,287,1460.695044
-59.379077,130,1460.8141
-688.544256,330,1461.199394
-134.099405,213,1461.388825
22.197286,246,1461.609974
-220.563118,331,1462.006262
-53.103539,143,1462.129104
-163.869672,229,1462.430821
-54.145536,230,1462.629642
28.606005,170,1462.879954
-613.137231,297,1463.142697
147.767793,176,1463.297259
87.757166,187,1463.55535
-6.519478,184,1463.717492
-235.931022,339,1464.108283
80.101012,142,1464.237551
-89.956261,408,1464.731784
-16.793137,131,1464.848459
103.655871,165,1465.086636
76.615112,151,1465.233593
169.517484,174,1465.386486
-8.768766,131,1465.502047
11.251969,131,1465.715275
-67.431124,134,1465.83281
127.302545,193,1465.999725
77.835975,171,1466.245429
-107.746004,372,1466.569818
51.652078,131,1466.779633
-12.688603,128,1466.892826
12.42502,131,1467.008143
6.427661,126,1467.119762
51.888066,139,1467.336019
128.612367,290,1467.605175
-612.661467,235,1467.939635
90.568047,159,1468.084665
55.474259,148,1468.217791
106.308666,173,1468.474611
64.551399,155,1468.62257
136.308815,173,1468.781228
56.887485,203,1469.182773
82.1441,156,1469.321188
133.370811,166,1469.464077
102.981634,144,1469.816164
-363.276985,265,1470.051538
284.264543,311,1470.505816
158.514698,167,1470.649115
16.22311,384,1471.952841
-31.22207,123,1472.063094
50.405291,169,1472.212614
42.771515,142,1472.546178
177.958105,212,1472.732326
72.071688,158,1472.872746
9.450467,124,1473.151928
26.660185,128,1473.264953
156.736132,188,1473.429053
-18.976491,293,1473.909503
99.521006,169,1474.060676
-600.495891,244,1474.46032
35.106992,465,1474.873563
-590.610694,327,1475.265264
105.155009,178,1475.421693
326.173282,397,1475.871428
-613.940059,278,1476.245044
-654.367923,161,1476.390417
231.778262,243,1476.706056
-603.047191,192,1476.882088
-76.945857,235,1477.091159
88.136664,143,1477.317163
-402.67552,246,1477.54369
-463.675356,270,1477.878136
61.499165,135,1477.999715
227.407391,225,1478.196923
58.767645,155,1478.435133
9.816227,125,1478.544605
-10.117321,120,1478.652314
67.225829,147,1478.784388
-564.125608,220,1479.075699
-282.659782,753,1479.82944
-702.421636,232,1480.124092
-386.013097,248,1480.338588
-4.791014,229,1480.644038
-728.839482,717,1481.406954
121.957141,286,1481.760114
147.109742,209,1481.943346
-644.697518,715,1482.767356
-570.51516,240,1482.985429
-392.002661,418,1483.448104
-568.533947,280,1483.691286
315.588864,783,1484.590518
133.031187,723,1485.448156
-355.770074,482,1486.071562
297.493323,429,1486.595742
-382.009445,313,1487.074658
205.509137,200,1487.24896
-348.044145,541,1487.940249
391.790705,448,1488.521273
-310.380815,266,1488.975279
-539.939475,292,1489.233382
-16.449404,119,1489.337991
73.79397,141,1489.681486
75.542846,158,1489.821284
-94.238607,1000,1491.124621
60.218885,1000,1492.353178
38.024344,567,1492.952152
64.469555,265,1493.1813
24.641165,275,1493.522588
82.769187,157,1493.658632
-624.031817,419,1494.222299
62.695452,459,1494.724678
34.633916,165,1494.863192
15.483165,143,1495.178957
22.022095,574,1495.907632
240.344785,1000,1497.186785
2.068041,227,1497.387634
-37.531098,138,1497.507377
-265.099659,416,1498.082037
105.041518,483,1498.719998
-14.838944,832,1499.835469
-146.256374,330,1500.119619
66.592085,182,1500.486384
164.044378,440,1500.971811
80.277829,161,1501.11435
91.232235,204,1501.292957
121.153273,951,1502.313666
-516.343165,307,1502.683252
66.791271,373,1503.103672
295.134423,431,1503.48871
73.826028,406,1503.943889
-609.673719,456,1504.43816
53.927272,451,1504.934902
-666.091989,416,1505.398774
-451.769992,824,1506.228257
116.984605,166,1506.46574
-74.961014,219,1506.656361
534.354694,1000,1507.732292
-520.429672,308,1508.097739
209.639222,1000,1509.181811
4.288461,182,1509.347861
45.341972,174,1509.501808
-24.039466,195,1509.769558
-11.506782,170,1509.916737
59.525618,241,1510.13041
-10.929477,166,1510.374679
67.592648,210,1510.561183
87.482173,179,1510.811231
40.481653,220,1511.011559
0.797655,291,1511.363632
-79.981822,189,1511.528963
33.04162,247,1511.745397
39.003618,202,1512.018662
-59.235194,204,1512.198608
-14.411819,502,1512.740061
82.69316,263,1513.06725
-60.573368,273,1513.319559
-171.878336,367,1513.844887
-197.429363,314,1514.222471
-25.66619,1000,1515.306991
-27.399202,387,1515.658902
130.097998,478,1516.182752
-86.681903,728,1517.028695
-12.588298,1000,1518.343262
-147.068281,211,1518.540378
54.527748,232,1518.77987
3.991064,276,1519.138626
-73.587848,176,1519.297583
-53.046258,596,1519.92777
132.064947,459,1520.441603
42.750986,181,1520.706156
80.700604,344,1521.029862
-50.948198,176,1521.297366
-66.531152,208,1521.484213
45.263182,300,1521.842883
41.39753,249,1522.062424
-46.347382,222,1522.355803
-40.725666,188,1522.528255
64.814782,221,1522.730755
-7.5977,281,1523.074655
-88.065987,166,1523.219796
-118.02691,241,1523.535324
-83.897925,204,1523.715914
20.252617,185,1523.972818
91.960384,248,1524.195334
-75.826976,211,1524.383352
22.083061,169,1524.632245
52.565645,172,1524.784413
-9.558159,172,1524.938505
68.944405,234,1525.247084
36.985707,207,1525.436181
-115.047086,167,1525.697604
-10.752617,199,1525.869649
-41.617563,271,1526.198947
-18.672317,185,1526.368121
29.427447,230,1526.570284
-43.862199,184,1526.933974
-89.749782,170,1527.082228
15.886164,181,1527.241711
-155.812535,255,1527.666846
53.811633,180,1527.827022
-13.244601,190,1528.213015
6.352127,192,1528.388387
41.620392,183,1528.554347
-26.361163,187,1528.81884
46.708325,252,1529.74082
132.082303,291,1530.096836
-46.805052,173,1530.249654
-24.112294,161,1530.393022
-41.80302,171,1530.63814
23.318714,201,1530.815653
-9.144109,174,1531.062551
-6.754062,223,1531.263443
-5.557215,299,1531.623177
-19.215945,212,1531.814237
-4.680305,173,1531.968464
-10.986441,168,1532.210238
20.275162,183,1532.37512
11.918425,154,1532.513984
33.715878,184,1532.774012
53.22016,162,1532.917614
-94.231525,171,1533.066059
54.110065,183,1533.32363
65.774907,186,1533.490719
-24.584034,225,1533.691887
-56.054136,306,1534.057134
-37.56792,168,1534.205904
4.566706,177,1534.455897
-50.8471,179,1534.614956
24.305939,285,1534.966647
-21.834589,191,1535.139745
-135.785057,337,1535.53343
-35.275907,302,1535.799079
9.493459,684,1536.594274
29.314118,211,1536.781445
-39.165781,140,1536.904598
25.722598,159,1537.13957
-10.84861,143,1537.266773
-46.79599,158,1537.406115
7.493214,172,1537.652655
18.364177,193,1537.821931
32.786946,162,1537.968705
-88.474467,160,1538.205158
-67.754879,169,1538.358422
38.374911,211,1538.554677
-159.094522,506,1539.102575
25.546249,207,1539.380915
60.944825,188,1539.54815
-167.163603,230,1539.753339
-80.731147,279,1540.091168
-20.739377,184,1540.251758
-141.269553,159,1540.489121
-137.284261,197,1540.670826
-11.17162,198,1540.84826
14.033108,268,1541.179927
-61.243671,269,1541.511091
-153.069612,280,1541.757303
-252.313543,400,1542.334683
-3.758965,210,1542.522315
-97.604287,201,1542.917346
-172.085295,384,1543.258758
-35.166948,216,1543.674919
-100.359818,204,1543.854475
-133.884396,206,1544.231932
-93.304037,371,1544.560629
-103.176401,228,1544.988735
-42.666673,221,1545.181098
-423.604706,735,1546.146495
-258.437354,260,1546.374939
-36.825453,237,1546.691099
-204.864044,299,1546.951422
-194.768189,642,1547.606637
-30.336565,359,1548.033787
-325.820651,1000,1549.178145
-129.184858,213,1549.46304
-194.216444,158,1549.609001
-135.0979,226,1549.813227
-81.904648,228,1550.109856
-67.178934,193,1550.279506
-166.417109,221,1550.569123
-139.353059,167,1550.718795
-78.94808,185,1550.880535
-146.802666,823,1551.817508
-126.948609,228,1552.014381
-337.217978,448,1552.512129
-618.100648,800,1553.416123
-215.040224,236,1553.627502
-155.811385,213,1553.911422
-148.590049,211,1554.09985
-157.344093,223,1554.294392
19.040266,292,1554.654019
-111.863428,216,1554.844868
-147.412835,147,1555.075551
-149.103163,173,1555.22783
-127.18504,166,1555.37285
-205.052631,225,1555.664761
-110.913774,202,1555.840228
-93.272953,222,1556.129873
-86.577251,209,1556.318585
-166.807475,381,1556.864369
-97.390187,151,1556.996477
-110.278631,241,1557.304383
-155.390888,190,1557.470115
-197.294627,272,1557.707715
-134.813028,223,1558.126362
-147.275984,206,1558.309304
-103.75338,221,1558.736349
-122.002612,355,1559.057096
-128.399563,212,1559.469517
-113.891312,176,1559.628563
-164.654033,238,1560.077916
36.951794,184,1560.239661
-74.410301,181,1560.402743
-192.308434,184,1560.668498
-88.520899,186,1560.835035
-178.315655,154,1560.977091
-162.863389,183,1561.234246
-40.057102,179,1561.391217
-101.247243,209,1561.690447
-49.171715,180,1561.858377
-109.364445,186,1562.028658
-184.74337,276,1562.380948
-165.559885,187,1562.552747
-237.924602,417,1563.053249
-176.313767,238,1563.301411
-122.23111,181,1563.734122
-56.695125,200,1563.931888
-51.095728,207,1564.225929
-261.69303,233,1564.441013
-101.970987,176,1564.599782
-117.673188,179,1564.849797
-208.904102,167,1565.001287
-148.162571,172,1565.154121
-48.709843,185,1565.423496
-185.608408,281,1565.68299
-170.295655,168,1565.933033
-67.208392,242,1566.154414
-189.472929,171,1566.307941
-500.842223,256,1566.653775
-74.629665,193,1566.844309
-229.010026,241,1567.275428
-112.107893,207,1567.464506
-183.33468,229,1567.773875
-202.148973,238,1567.988902
-25.615584,197,1568.16232
-168.616377,161,1568.538008
-69.622555,202,1568.726204
-210.870782,228,1569.142467
-149.491403,172,1569.297902
-226.139871,231,1569.505584
-116.004168,180,1569.871014
-88.53537,213,1570.061916
-160.709719,171,1570.215294
-100.16581,188,1570.632557
-145.120305,227,1570.844321
-150.821464,160,1571.224476
-88.916494,177,1571.39047
-287.264518,239,1571.630304
-107.157938,272,1572.109813
-113.532161,173,1572.269475
-228.21901,228,1572.620823
-154.598243,168,1572.776999
-72.017399,181,1572.943785
-133.150266,170,1573.268621
-98.396838,177,1573.433114
-78.615695,209,1573.873517
-113.847967,170,1574.037989
-114.73207,169,1574.190384
-153.274342,161,1574.338232
-129.793497,156,1574.762626
-87.404069,191,1574.939399
-8.177646,183,1575.249806
-92.062424,171,1575.408663
-106.3287,186,1575.582829
-32.806324,193,1575.900552
-169.250947,168,1576.057287
-132.690419,167,1576.213738
-149.565667,175,1576.51917
-122.130837,542,1577.193244
-182.201104,170,1577.349906
-88.447134,217,1577.550594
-108.845641,168,1577.83872
-6.860826,217,1578.039483
-132.217396,361,1578.507469
-89.089763,197,1578.689674
-261.013364,313,1579.11634
-42.313288,202,1579.305738
-64.483757,207,1579.634949
-54.673,184,1579.805458
-104.589224,172,1579.959948
-170.848178,169,1580.275997
-122.138614,208,1580.461688
-171.597707,164,1580.607333
-64.115886,171,1580.991027
-102.945346,179,1581.149333
-90.734568,171,1581.301054
-145.314735,167,1581.594399
-85.907457,151,1581.728729
-169.750919,166,1581.877546
-112.846727,153,1582.25004
-76.449392,171,1582.40191
-42.083655,216,1582.593339
-87.406807,167,1582.842037
-112.161715,160,1582.986433
-102.538552,160,1583.126851
-146.599786,165,1583.364882
-86.463195,161,1583.507665
-122.867696,166,1583.653939
-115.167924,155,1583.883183
-116.737289,155,1584.022109
-114.591216,163,1584.167901
-102.740783,167,1584.412424
-145.636101,159,1584.554572
-113.366778,162,1584.697738
-122.517723,153,1584.926737
-176.81019,162,1585.072767
-84.586042,160,1585.219646
-9.590017,183,1585.483657
-114.140343,164,1585.630123
-106.921731,171,1585.784055
-168.206863,157,1585.935693
-76.353304,164,1586.182261
-120.39283,157,1586.323172
-106.646781,166,1586.469846
-113.663727,153,1586.704797
-14.745175,158,1586.845836
-119.952994,180,1587.007648
-88.708863,170,1587.249833
-125.39732,170,1587.400149
-90.279544,158,1587.543012
32.628247,209,1587.824595
-66.75077,164,1588.667778
3.42718,204,1588.854324
-120.375308,178,1589.120574
-64.731773,164,1589.275139
-90.178952,165,1589.422757
-43.695769,173,1589.673521
-110.482426,168,1589.82058
-111.957274,166,1589.96869
-30.81465,210,1590.248775
-70.086737,201,1590.433498
-74.638518,157,1590.678443
-87.437913,165,1590.830405
-62.409294,160,1590.976067
-91.872749,149,1591.112182
-103.797693,181,1591.382275
-80.553271,168,1591.536062
-98.880385,170,1591.786787
-165.327657,161,1591.932233
-90.46369,153,1592.070524
-94.314092,155,1592.214765
-92.533121,158,1592.473621
-75.529341,169,1592.627686
-97.477295,168,1592.782009
-122.014042,170,1593.03921
-81.905499,157,1593.184917
-117.681231,169,1593.352295
-150.201949,165,1593.60962
-59.290065,173,1593.769883
-135.570825,158,1593.916454
-147.518003,159,1594.154749
-85.486168,156,1594.296483
-69.96877,177,1594.457837
