#{"t_start": 1789394165.3822186, "env_id": "Atom-v1"}
r,l,t
-453.727303,82,2.784467
-445.474552,95,2.854541
-444.748491,81,2.914488
-453.242523,101,2.988849
-442.262445,113,3.071794
-460.236628,108,3.24726
-422.282073,98,3.319137
-461.937326,89,3.395886
-451.207232,81,3.455868
-465.103318,108,3.534635
-433.358748,84,3.8051
-433.505428,90,3.883023
-402.703016,84,3.952619
-417.96925,94,4.033816
-433.368834,89,4.108807
-420.016595,91,4.184303
-430.974449,89,4.359079
-454.634228,99,4.438982
-409.73783,103,4.515308
-434.492302,82,4.575151
-446.190819,97,4.646706
-432.828414,81,4.705716
-402.115171,92,4.865193
-423.429215,89,4.931572
-417.207926,72,4.984756
-430.569684,99,5.058293
-453.210028,86,5.122496
-445.65124,82,5.182842
-424.392872,74,5.329044
-414.442454,91,5.395488
-448.524429,109,5.475325
-448.829123,101,5.549148
-426.170115,90,5.615244
-442.609183,107,5.786475
-439.028938,96,5.856983
-405.303216,96,5.927643
-462.801549,85,5.989246
-444.977376,91,6.055937
-447.722325,98,6.219232
-437.02874,100,6.293438
-444.61615,77,6.349746
-422.681362,83,6.410293
-420.683581,108,6.489332
-443.743696,96,6.559661
-435.4521,84,6.713116
-385.525537,82,6.77334
-442.583877,121,6.861061
-410.823048,84,6.922767
-455.045393,94,6.991774
-427.920986,86,7.146456
-410.273648,74,7.20228
-410.090817,78,7.25967
-446.759275,123,7.349488
-412.886865,74,7.404049
-483.987689,129,7.498242
-453.356578,120,7.678656
-459.713012,96,7.749182
-423.96981,97,7.820798
-429.9666,100,7.895258
-416.82623,88,7.960048
-428.131689,96,8.124171
-431.793281,129,8.219338
-421.026194,145,8.325825
-427.233349,102,8.400584
-405.976777,84,8.553636
-444.219858,71,8.607116
-451.854038,104,8.684125
-428.140841,110,8.765254
-412.104384,94,8.834284
-445.598543,94,8.903383
-441.260406,96,9.06721
-462.047543,143,9.172069
-439.608878,80,9.230777
-447.268224,94,9.299986
-455.862081,94,9.369231
-454.456998,100,9.534253
-437.015859,90,9.600508
-442.462216,106,9.677909
-446.015395,107,9.755846
-440.755485,119,9.842383
-444.863901,102,10.009922
-418.024508,113,10.093265
-418.335789,101,10.167697
-439.397005,94,10.236846
-484.56308,123,10.326677
-420.622173,95,10.48973
-445.408456,106,10.567297
-419.705387,94,10.63649
-407.269481,99,10.709351
-455.30789,124,10.800368
-441.893849,106,10.973549
-432.262897,104,11.05028
-414.23728,88,11.114453
-431.36206,106,11.192157
-460.807902,115,11.369131
-442.956441,98,11.442674
-448.065958,116,11.528886
-478.456405,185,11.664085
-448.351677,125,11.848403
-439.979982,112,11.930845
-422.977795,98,12.002887
-441.971571,137,12.103344
-483.481208,168,12.325687
-433.403809,86,12.390121
-448.152059,139,12.493195
-468.561238,195,12.637099
-454.669268,112,12.8123
-458.982618,120,12.901617
-440.168746,83,12.963579
-439.294774,105,13.041422
-410.972831,107,13.120703
-445.265092,150,13.322062
-453.632148,88,13.38735
-447.666924,119,13.474808
-452.516369,142,13.580138
-443.777671,114,13.754973
-452.618678,162,13.874307
-470.450353,119,13.962408
-400.569079,88,14.027563
-437.162003,110,14.213168
-418.114255,92,14.282969
-426.395324,88,14.348096
-465.814261,110,14.429899
-413.070576,87,14.494038
-459.752709,100,14.567458
-403.989634,95,14.729553
-403.29595,135,14.828817
-423.655451,96,14.899373
-433.872741,106,14.978276
-444.492055,152,15.183798
-418.834106,143,15.289686
-416.520471,95,15.359969
-444.89221,163,15.480862
-400.782749,95,15.642621
-408.632448,109,15.722716
-431.238455,106,15.800439
-464.865103,106,15.87873
-453.662168,122,15.968293
-441.203774,111,16.141962
-396.286083,83,16.203163
-449.918162,103,16.279172
-414.664246,141,16.382952
-509.925839,217,16.634166
-465.845889,114,16.717879
-448.83419,223,16.882113
-494.257931,138,17.076623
-427.491634,129,17.172149
-452.424372,110,17.252682
-454.821022,124,17.343778
-484.255388,168,17.559479
-415.154463,155,17.672657
-433.906354,99,17.745344
-510.727104,358,18.101689
-423.370951,136,18.200888
-438.476518,111,18.281787
-471.778144,238,18.550213
-437.181665,132,18.646634
-444.002654,136,18.746234
-473.344128,230,19.009086
-432.49876,146,19.117001
-439.817062,88,19.181911
-459.34551,99,19.254576
-436.661796,154,19.467097
-489.466851,250,19.652592
-469.301045,127,19.745541
-461.977592,177,19.968318
-460.284103,219,20.128622
-492.746584,161,20.340686
-507.138971,226,20.507246
-462.244875,150,20.617157
-469.927493,206,20.861942
-456.468208,116,20.947281
-427.19775,170,21.071683
-415.313075,99,21.144501
-604.877341,650,21.807305
-466.977796,171,21.933603
-513.734964,479,22.377084
-507.173435,261,22.570588
-545.709849,387,22.951753
-544.800844,322,23.284019
-701.366409,615,23.834718
-656.595937,706,24.449173
-488.271253,375,24.822543
-510.728593,263,25.109015
-338.366034,1000,26.031776
-209.724512,134,26.130609
-373.870535,436,26.541389
-507.894354,810,27.233904
-380.016818,446,27.653547
-646.452975,469,28.095772
-225.573316,213,28.344515
-462.339547,645,28.917106
-320.41473,364,29.28029
-432.933421,618,29.88675
-437.325787,543,30.385747
-146.197888,136,30.486449
-198.488166,120,30.574828
-254.969659,174,30.796139
-187.808654,114,30.880491
-530.23873,826,31.583224
-158.902606,98,31.7484
-185.890952,114,31.831814
-195.251425,113,31.915989
-177.758985,108,31.995456
-181.642802,122,32.178571
-203.244558,135,32.279123
-185.507082,114,32.363139
-224.39051,166,32.486285
-178.165437,126,32.672327
-194.51926,123,32.763046
-211.975941,128,32.857891
-189.700468,126,32.95134
-193.579382,119,33.13214
-203.03112,178,33.263959
-199.117134,145,33.371313
-184.014328,122,33.461351
-223.870276,123,33.764026
-197.397588,122,33.854474
-205.972828,121,33.943873
-195.387151,121,34.034098
-184.836045,95,34.19549
-210.69522,144,34.30237
-234.103593,179,34.434205
-198.150526,115,34.520036
-224.973394,139,34.713883
-186.644521,96,34.78559
-182.256424,105,34.863156
-388.963143,482,35.312401
-187.172909,114,35.397449
-201.821818,138,35.590548
-388.588952,1000,36.424468
-178.647881,123,36.606194
-162.421489,94,36.676105
-169.16603,110,36.757745
-194.563377,152,36.870022
-154.062854,91,37.029499
-198.548676,110,37.111258
-180.706236,112,37.193748
-157.633761,97,37.26585
-190.710241,126,37.359121
-202.845933,144,37.55746
-424.417042,654,38.13955
-183.548193,116,38.225675
-188.291366,138,38.419787
-168.30062,112,38.503625
-163.555553,107,38.582815
-162.189518,108,38.662361
-172.154149,98,38.735196
-192.60669,150,39.043914
-178.799613,141,39.148699
-184.279795,127,39.242774
-171.648174,103,39.319347
-200.594563,137,39.618276
-175.893298,128,39.712925
-158.188264,106,39.791708
-225.515592,152,39.904582
-172.509755,184,40.133931
-171.473402,145,40.240798
-190.198446,143,40.346277
-250.469618,217,40.598049
-150.335852,107,40.677348
-183.152183,126,40.770587
-166.251628,100,40.844332
-160.745269,123,41.030609
-168.745047,114,41.115911
-143.694337,105,41.193476
-176.76183,108,41.273273
-157.803828,130,41.464594
-186.436725,134,41.563007
-159.915127,121,41.651628
-143.791475,118,41.739289
-216.044731,316,42.064454
-159.152172,124,42.156709
-273.958458,385,42.534301
-148.710549,166,42.656746
-175.411691,145,42.763069
-169.61608,107,42.934751
-242.428379,504,43.400333
-207.114,273,43.602811
-139.271984,146,43.710625
22.611092,1000,44.642219
-159.251879,120,44.823149
-169.845712,129,44.918703
-114.001499,124,45.011051
-160.616055,405,45.407994
-151.72997,176,45.538118
-72.797728,125,45.722554
-134.125245,252,45.908855
-113.488471,134,46.007728
-125.020328,162,46.219016
-192.183033,298,46.440472
-100.693119,133,46.539486
-96.531481,110,46.713382
-86.357944,247,46.897161
-102.79103,138,46.998822
-83.206596,150,47.204118
-82.327213,382,47.486918
-29.924034,181,47.713322
64.932635,692,48.316613
23.542688,468,48.755273
420.152895,1000,50.289084
616.020448,1000,51.22616
-69.946746,151,51.336828
111.53246,356,51.791814
538.611521,1000,52.714556
116.934062,383,53.095703
192.349232,436,53.509132
629.029534,1000,54.334842
3.655806,200,54.574894
75.709347,239,54.750344
10.341559,155,54.955009
241.181794,359,55.219196
136.02824,434,55.735555
46.095502,167,56.080789
3.112687,191,56.222029
151.791661,193,56.362675
168.742466,314,56.815358
-10.343999,241,56.993597
42.865904,166,57.319605
-27.800364,139,57.421959
76.440231,201,57.568467
-11.039546,141,57.76324
155.342012,315,57.992579
384.690691,627,58.551692
442.493142,703,59.36515
134.429688,317,59.597992
94.286216,175,59.818283
356.125822,561,60.336521
317.486973,452,60.757444
290.032146,431,61.164028
108.841174,234,61.335098
107.284464,250,61.609747
101.436988,187,61.746001
46.292572,166,61.867283
126.616603,188,62.097564
48.884853,157,62.212277
100.394023,189,62.350798
384.786383,440,62.767501
768.456974,904,63.739791
363.862711,487,64.197927
628.40731,786,64.868914
275.200457,392,65.251204
320.831619,431,65.662167
37.65332,256,65.946187
102.928144,287,66.158409
122.882732,183,66.292631
100.205893,223,66.549997
193.397328,272,66.748948
391.877373,365,67.111662
158.458922,215,67.362162
99.149131,235,67.536591
39.513026,130,67.633403
433.066165,501,68.096583
144.001007,209,68.342818
411.036993,449,68.766366
165.872458,271,68.968368
631.349789,626,69.635625
170.645707,202,69.877064
72.389478,182,70.011818
58.688668,139,70.114538
268.634855,476,70.557165
72.543003,165,70.770895
170.905928,264,70.965411
21.137882,138,71.066599
158.071653,222,71.369472
91.956775,149,71.479619
422.899853,486,71.928653
160.70751,207,72.080219
455.040558,513,72.666048
22.458187,299,73.109416
138.705419,149,73.219035
55.16036,148,73.52272
379.735954,373,73.796755
65.005055,156,74.005603
29.671128,117,74.092238
126.910033,150,74.20333
160.276909,218,74.4552
373.267517,378,74.734028
111.049224,185,74.964606
-73.533755,261,75.157854
103.989389,172,75.283105
33.09798,120,75.463226
109.678377,199,75.608731
28.42507,123,75.698749
83.000696,146,76.004355
144.951786,155,76.116182
11.106486,118,76.202018
90.61686,168,76.324162
143.494784,223,76.712451
167.316253,190,76.852971
123.278589,172,77.203115
311.652079,343,77.458248
66.978764,141,77.759456
146.892618,188,77.900807
309.955242,331,78.343647
156.97241,185,78.479266
82.603986,163,78.598411
331.425152,355,79.083438
131.0399,151,79.192747
57.917477,123,79.477176
123.965302,163,79.604216
195.693248,194,79.747026
116.706983,168,80.070745
43.025042,120,80.163331
29.880033,113,80.246526
318.534203,326,80.697774
66.009868,135,80.798124
13.384214,132,80.895497
126.617974,138,80.996637
33.188327,120,81.309006
269.792588,191,81.45052
145.242688,159,81.567557
149.666823,154,81.905407
272.931994,206,82.056892
135.504161,138,82.158412
65.960911,137,82.463247
203.853141,197,82.609914
145.459487,166,82.731818
57.858272,124,83.023044
349.795382,356,83.288463
105.004839,154,83.605579
135.460188,157,83.728338
172.26575,196,83.871807
170.01194,214,84.239402
113.242185,153,84.352667
68.923587,123,84.444127
42.417383,143,84.549476
131.779033,177,84.876982
171.47786,180,85.01096
168.141926,194,85.379074
165.714893,142,85.483003
165.026449,181,85.618695
146.680137,178,85.748059
70.98889,134,86.048273
194.582564,164,86.169288
79.097144,137,86.269243
181.273375,164,86.612826
234.852511,197,86.75841
154.262628,158,86.874585
170.771729,170,87.223457
309.922437,226,87.389867
97.158384,150,87.500385
204.008017,219,87.882913
184.714032,177,88.011924
380.592803,284,88.422054
54.981416,119,88.508915
16.046749,103,88.58427
185.976229,153,88.696046
205.845958,171,89.046773
309.849581,222,89.211394
241.027342,156,89.505311
186.367788,162,89.625277
175.940247,159,89.741456
50.977495,111,89.822274
201.316896,197,90.19144
146.251984,140,90.294268
237.422282,191,90.438408
219.858741,159,90.653814
214.125441,184,90.790052
425.709628,311,91.11105
140.524162,145,91.217825
307.218488,245,91.398785
167.992087,159,91.607201
525.404045,444,92.0275
170.00158,169,92.150754
63.846526,114,92.234421
184.710411,157,92.441443
200.271911,166,92.562857
121.228424,184,92.699262
319.168636,255,92.977729
300.802929,262,93.169872
528.648945,408,93.561682
120.898306,152,93.674168
296.57937,195,93.911183
322.103829,249,94.095081
204.662056,170,94.220407
300.281229,220,94.473718
180.143933,154,94.58771
108.285844,120,94.67608
193.095876,155,94.881085
169.601008,172,95.008506
326.934914,216,95.260441
180.921524,143,95.365858
181.392347,153,95.478217
112.490774,125,95.570855
164.99495,172,95.78821
167.053059,155,95.903598
357.064978,250,96.085582
183.229174,170,96.301151
266.28321,232,96.4709
185.181484,165,96.683289
143.061734,148,96.792782
116.559817,122,96.882099
159.091375,132,96.981071
225.39467,168,97.302213
192.124788,144,97.407209
100.221642,114,97.4913
132.995551,141,97.595141
219.469158,181,97.950871
129.579267,135,98.050248
264.852421,196,98.19402
231.198067,167,98.52538
310.381147,213,98.683883
443.981445,279,99.114777
200.471027,164,99.235464
145.473695,136,99.335191
467.999108,333,99.81423
429.448787,324,100.254793
54.859181,108,100.334651
165.037709,156,100.449141
238.424956,190,100.811622
203.574679,158,101.257716
313.636878,216,101.416398
77.400521,113,101.499626
169.2487,140,101.693142
178.18229,142,101.797199
506.831682,280,102.094744
195.273036,155,102.207096
128.777437,128,102.30203
244.506692,149,102.411575
259.805631,163,102.623219
71.945086,122,102.712382
171.594775,146,102.817941
211.168813,148,103.017626
235.424074,157,103.131626
148.223519,173,103.257516
178.608496,144,103.362174
266.002331,160,103.571496
260.008173,190,103.709893
288.133264,181,103.93428
220.062555,167,104.058139
190.518334,150,104.167362
185.63052,155,104.281063
213.238191,175,104.500325
77.113756,114,104.583787
104.433228,127,104.678132
174.723923,143,104.87337
381.08211,269,105.072125
222.064012,160,105.18813
180.191118,169,105.404703
214.316681,158,105.519385
136.699335,123,105.608569
192.751319,141,105.80222
286.542886,186,105.938731
256.052086,203,106.087199
77.151249,110,106.166651
169.573393,188,106.395721
202.942746,141,106.498923
73.900155,122,106.587774
139.507022,141,106.782801
155.654246,140,106.884335
241.638284,159,106.999439
235.73377,156,107.205767
55.35484,111,107.288
170.800665,139,107.38847
52.42688,114,107.47163
257.126859,159,107.680409
206.060085,151,107.790262
245.98993,171,107.913639
247.67444,181,108.137986
150.610672,182,108.269601
112.61039,154,108.382329
562.069646,484,108.827609
214.551318,160,108.944085
-93.988761,206,109.187213
214.55657,159,109.302678
252.117263,165,109.424818
189.045704,152,109.630276
561.83379,434,110.041767
230.320093,144,110.146075
244.347169,149,110.25329
185.303467,205,110.496501
218.758335,168,110.617413
132.898473,141,110.720603
219.06158,157,110.926209
188.059542,143,111.030302
247.81166,165,111.149491
211.062521,149,111.256778
110.773402,115,111.52393
70.672603,128,111.61755
148.778444,135,111.714462
217.340257,147,111.820491
216.414304,153,112.023999
118.858297,117,112.109279
176.6597,135,112.206608
105.269153,115,112.289951
88.416292,117,112.467352
120.651813,126,112.559913
45.421626,104,112.635404
123.985413,129,112.729237
181.677725,180,112.953972
98.026625,111,113.034469
257.84819,173,113.159267
270.216401,161,113.469162
424.669892,223,113.630813
220.211758,148,113.737952
261.91545,150,113.939047
315.062532,237,114.112052
213.915066,143,114.21536
167.043041,170,114.43165
642.538338,386,114.711974
217.290099,145,114.908919
-2.452972,212,115.061378
100.258007,268,115.347599
-89.031877,160,115.464028
695.365531,417,115.964408
169.665203,151,116.074194
47.603216,243,116.341956
227.845695,146,116.447965
454.717858,475,116.883571
393.294354,304,117.102631
235.410462,145,117.299512
168.877145,133,117.396916
215.373633,166,117.51573
276.814931,159,117.825902
-60.115928,147,117.932217
178.304489,145,118.037052
-45.566397,173,118.162262
77.905408,243,118.431068
83.039729,269,118.625933
281.076965,177,118.950376
218.244749,152,119.062358
552.78915,555,119.569522
574.364656,357,119.920995
180.923695,167,120.041526
269.194585,175,120.259851
260.189474,168,120.381107
262.874919,196,120.522616
-25.867094,215,120.874223
235.9317,171,120.998058
258.803935,168,121.11798
682.552127,437,121.659049
5.871992,221,121.91353
78.134724,259,122.101757
228.981044,170,122.223502
470.596726,298,122.532081
204.374368,146,122.636804
261.589478,151,122.838085
137.587314,120,122.924796
239.02425,326,123.161745
291.488554,255,123.440286
234.008364,151,123.549155
252.681436,170,123.764486
905.214873,665,124.342007
218.782546,150,124.450051
-57.325264,217,124.789645
199.645252,140,124.894751
277.838634,159,125.010772
263.704026,310,125.332672
586.269901,349,125.681245
286.612873,159,125.79705
1128.44169,863,126.519462
117.228768,274,126.810669
494.952177,296,127.119577
25.406897,265,127.317322
231.955782,190,127.456786
197.054779,143,127.654209
824.245637,477,128.094711
-1.314547,241,128.269196
-119.276861,184,128.495697
273.464463,360,128.761279
1512.420244,991,129.675303
520.632317,367,130.035758
263.075796,171,130.159626
835.821599,474,130.597609
316.179003,245,130.969504
157.750379,198,131.113177
66.024169,228,131.278252
151.412998,286,131.577457
106.932878,341,131.917593
3.523024,280,132.120385
372.977724,430,132.529091
-78.027848,200,132.675015
245.506356,162,132.884795
969.619424,626,133.432792
135.611881,268,133.718761
378.125373,277,133.920568
115.131563,245,134.193078
461.586096,273,134.392166
924.457229,597,134.923339
1155.021442,744,135.657597
121.510789,357,135.91848
572.319355,401,136.302449
996.888713,636,136.8594
965.360557,615,137.496451
321.952262,241,137.671664
297.750668,254,137.950261
286.072365,189,138.089219
379.73031,236,138.261345
1181.881496,752,138.998513
214.625659,146,139.105029
246.678842,181,139.328596
201.87869,157,139.442652
560.160798,325,139.683678
240.746907,156,139.889838
197.586119,160,140.010204
357.179188,189,140.148511
268.481791,174,140.496153
188.476931,150,140.605146
287.797797,174,140.733727
265.128053,157,141.043733
269.852188,170,141.167023
191.46476,140,141.274117
260.982109,200,141.515947
384.48454,380,141.791095
238.30739,152,141.993514
288.988233,178,142.122485
273.479434,157,142.235484
309.1113,173,142.452581
398.779578,225,142.615372
247.851625,144,142.719985
260.916467,156,142.924939
220.806159,148,143.03425
327.634711,175,143.161419
302.283582,183,143.387596
308.610246,186,143.524162
250.532421,146,143.630373
581.025873,297,143.938478
235.312532,155,144.053101
528.215087,297,144.361516
136.363302,140,144.463046
253.211949,165,144.58235
261.765515,242,144.850957
666.347657,356,145.281139
496.114863,282,145.487996
661.486145,380,145.857326
261.166521,173,145.982807
675.324007,592,146.508682
-35.935973,188,146.738569
-70.810656,195,146.880048
26.829471,226,147.13589
339.07683,205,147.285605
452.6497,327,147.724698
-96.217859,184,147.858056
-111.661041,156,147.970859
177.439375,323,148.751612
579.265297,326,149.082025
274.194029,216,149.239468
-136.773339,161,149.355928
187.82245,366,149.722104
-134.018157,162,149.840588
170.886787,299,150.15029
-110.556843,184,150.283758
-141.718128,166,150.497828
96.273558,253,150.681304
383.487577,212,150.92932
221.941519,177,151.059711
340.74033,270,151.257557
460.489641,291,151.563922
-144.112948,180,151.696131
-32.979551,237,151.9612
526.527106,282,152.170167
352.228441,248,152.573839
73.367025,230,152.742774
392.070022,221,153.099778
-100.034899,166,153.219723
560.239525,336,153.556728
192.557957,304,153.777856
4.800039,279,154.074332
171.212546,177,154.202768
349.430041,228,154.460993
-64.158326,220,154.620277
557.323202,343,154.962155
450.547387,293,155.176891
167.843562,369,155.540622
279.759939,322,155.996742
109.458408,137,156.09686
109.110779,130,156.19107
104.980397,127,156.283297
280.121316,180,156.507642
317.746751,225,156.671429
145.984493,154,156.874213
344.207781,185,157.00979
873.771347,491,157.473554
144.910567,160,157.589559
238.024783,154,157.702367
251.424137,167,157.916174
427.243813,265,158.113044
427.474787,275,158.407741
484.64869,284,158.616073
570.082961,561,159.119007
248.339134,191,159.352138
566.218057,323,159.589712
491.40635,329,159.922711
1076.34098,804,160.698096
535.023789,326,160.936236
166.981583,174,161.263978
972.96613,534,161.749876
290.785202,188,161.888931
363.014993,321,162.217118
182.384428,166,162.340197
558.834504,328,162.672394
358.991187,291,162.886287
228.735816,186,163.116681
170.891858,149,163.226203
280.310661,183,163.360656
336.883435,199,163.598789
150.857597,188,163.737808
659.139898,424,164.147118
212.539013,164,164.266983
254.190252,177,164.39691
246.658255,176,164.618702
185.423897,225,164.786854
270.609043,192,165.021342
563.482772,320,165.25728
398.744824,262,165.543048
210.413218,166,165.667002
314.386594,201,165.906055
304.464683,211,166.061191
310.847494,184,166.197546
260.273594,194,166.432688
153.562492,142,166.537324
209.302368,172,166.66299
225.879248,154,166.868606
102.391926,150,166.980527
262.140178,198,167.127522
182.85881,146,167.32757
151.513825,156,167.442698
275.046349,189,167.582142
236.665548,157,167.788733
252.877342,173,167.91588
205.07309,177,168.046374
231.649405,182,168.272242
262.51499,162,168.391753
216.192333,186,168.529013
189.430822,149,168.729262
169.593551,180,168.86289
226.896894,171,168.990031
427.274739,255,169.271091
243.606011,178,169.403524
242.119137,159,169.520561
57.868189,142,169.717606
162.613056,151,169.828064
219.179187,218,169.989723
84.436573,120,170.17156
204.9918,169,170.296978
217.518266,164,170.417724
250.231904,200,170.657899
237.893503,171,170.784751
197.768141,183,170.92019
168.85815,135,171.111096
341.066085,248,171.293079
176.766661,155,171.408087
283.425244,191,171.642547
99.417036,122,171.732343
213.017823,176,171.861103
169.918606,154,172.174508
184.154438,147,172.281754
219.735455,173,172.40962
181.857369,150,172.721987
405.999609,265,172.918796
182.297047,158,173.03441
258.930239,177,173.390445
195.959388,148,173.498749
261.583935,171,173.624372
38.541404,169,173.970537
136.841383,144,174.076748
232.212581,159,174.192998
206.657816,189,174.529302
184.523048,153,174.641449
441.818133,337,175.11389
88.498568,129,175.209441
210.93649,178,175.341885
185.909842,152,175.672598
281.016024,203,175.826296
210.565229,164,175.946099
138.844113,156,176.226712
219.321883,170,176.352872
179.282116,149,176.461426
127.744519,124,176.552456
114.294836,130,176.871679
109.003341,125,176.964302
262.239443,188,177.103473
224.740206,158,177.44187
188.429481,136,177.541844
248.541194,170,177.668304
237.408293,147,177.775882
196.33193,154,178.08693
97.882208,156,178.20319
765.487679,522,178.787471
234.775328,165,178.908708
243.727045,155,179.248328
200.532612,178,179.380544
177.639844,153,179.492683
274.044348,166,179.843051
193.07007,164,179.964543
250.16759,166,180.088833
225.895233,159,180.43026
223.27022,148,180.540497
219.429168,157,180.654965
206.167819,162,180.997982
198.251069,134,181.097173
406.440125,219,181.259865
96.281381,147,181.590827
509.345554,295,181.810693
250.342375,185,181.947742
356.471711,279,182.349953
369.27565,330,182.685873
269.288478,174,182.815309
119.224313,349,183.163992
-59.491868,222,183.328911
205.540799,342,183.672725
-139.195536,184,183.807193
329.017914,343,184.156085
739.953514,394,184.543294
236.683313,322,184.78019
807.813355,620,185.331841
708.36553,455,185.768202
295.236002,188,186.005291
297.37239,305,186.230884
14.978914,260,186.512564
1061.459626,908,187.377064
29.700843,234,187.549677
254.555772,341,187.893009
296.183317,435,188.304088
380.217893,504,188.677281
400.098632,297,188.990192
363.224088,552,189.594125
-26.176594,224,189.848916
728.696765,453,190.190939
-153.765594,197,190.427644
314.320947,196,190.5742
611.69389,438,191.104133
669.913655,491,191.675327
248.987202,178,191.806401
81.53502,224,192.197939
172.626696,202,192.347076
120.015895,140,192.669688
127.069172,151,192.786648
234.063327,176,192.917878
279.166967,200,193.274049
164.617521,153,193.385339
151.916094,157,193.500942
193.521897,150,193.610755
228.456003,173,193.939485
221.205221,159,194.059221
117.986107,139,194.162219
215.064979,162,194.515202
148.18979,168,194.640827
201.629211,162,194.760024
211.156812,147,195.092691
151.549093,143,195.197144
178.994845,173,195.327857
121.223004,140,195.431775
48.952557,110,195.714981
-29.013776,185,195.854459
159.374241,180,195.986088
106.507048,143,196.313025
-10.622479,171,196.44009
228.030147,304,196.890072
226.626974,175,197.018308
118.640127,189,197.15862
114.484062,137,197.484684
399.940727,275,197.689106
53.831767,161,197.810304
162.545189,198,198.048144
145.656712,172,198.174487
189.097544,165,198.389685
171.090308,155,198.50511
142.220148,137,198.607303
181.661341,180,199.162496
145.260609,164,199.379955
169.305847,198,199.545939
185.92495,164,199.68222
233.16048,183,199.992362
200.566912,153,200.107952
166.031076,146,200.215306
195.741827,181,200.441126
113.55255,136,200.539754
116.782065,142,200.644113
217.049344,178,200.874483
181.848373,168,200.998157
160.814634,186,201.135524
183.784915,152,201.337605
187.454653,166,201.461262
253.696423,221,201.623475
225.066927,206,201.867781
72.781191,132,201.964424
91.698116,131,202.059352
960.76858,789,202.821327
249.72842,204,202.9708
177.603655,248,203.24375
49.577695,227,203.409942
67.971981,144,203.514636
100.840488,213,203.762225
183.062842,168,203.885123
192.516638,195,204.248865
115.965008,137,204.349509
164.670126,163,204.468163
16.222492,208,204.845406
436.142139,380,205.12541
127.691357,175,205.477657
270.768377,198,205.621365
187.13587,244,205.983431
192.629599,184,206.119571
150.776016,195,206.261293
202.65217,174,206.614192
159.702129,176,206.74502
77.766591,188,206.881776
112.745102,161,207.22557
135.318341,203,207.37591
188.499501,191,207.515531
158.833499,161,207.859053
170.638878,254,208.052361
191.346255,182,208.3846
196.832938,177,208.515805
235.407638,182,208.649053
82.801957,185,209.01175
167.636122,191,209.152014
265.302849,180,209.285251
193.106509,165,209.495835
473.202738,313,209.72432
227.538287,175,209.943886
210.28432,166,210.065937
223.533091,229,210.234222
524.598671,419,210.630417
205.704758,203,210.868141
134.708699,180,211.000676
489.163696,326,211.328197
196.629755,188,211.465456
490.260535,286,211.765234
557.655507,419,212.071481
891.795314,798,212.845226
43.735458,241,213.020182
273.020965,470,213.453942
425.217389,228,213.709807
531.610874,329,213.951424
207.755589,156,214.159781
172.416959,191,214.299833
304.349723,234,214.560831
-179.632944,191,214.702435
767.267952,555,215.200784
231.547265,192,215.342086
567.834818,346,215.687472
1474.639523,1000,216.603652
939.068411,650,217.173432
473.692589,319,217.499857
525.378961,371,217.861118
1056.576468,977,218.671419
255.526391,167,218.888835
239.926568,190,219.029282
257.646754,179,219.25045
240.338745,194,219.392411
263.047303,185,219.527212
259.532761,178,219.747089
211.28877,161,219.864293
168.372647,160,219.981263
371.89628,310,220.298414
223.201561,164,220.418205
322.696892,226,220.673916
215.185791,168,220.79547
232.475846,184,220.929736
254.145058,170,221.147331
202.412464,155,221.260286
159.442641,150,221.369953
286.453633,194,221.602443
192.428265,153,221.713794
144.072035,149,221.821873
204.502286,158,222.026055
263.945716,179,222.158884
192.802778,162,222.27635
182.77859,157,222.391504
231.872386,171,222.606546
364.103271,238,222.780171
245.130434,185,223.00652
151.536883,159,223.121217
209.04232,161,223.239311
237.70097,189,223.468292
233.935909,157,223.583672
265.577587,178,223.713245
194.282331,139,223.90472
189.534089,151,224.018647
187.099148,158,224.133948
203.347571,142,224.239703
162.283124,140,224.43391
204.669327,150,224.544204
195.891029,170,224.668
201.517644,152,224.870046
127.166868,120,224.96038
196.722105,144,225.065773
227.906678,147,225.172769
237.253108,148,225.372848
175.304268,132,225.469326
76.738187,117,225.554847
137.023185,145,225.660786
218.974941,144,225.856478
95.253176,124,225.948796
192.634633,141,226.052886
223.735204,150,226.253405
236.638248,155,226.36649
287.986635,206,226.516701
113.125302,121,226.696501
239.8583,153,226.807968
193.113827,175,226.936353
257.97209,155,227.050858
185.978292,140,227.245148
288.509625,170,227.369034
186.079733,146,227.475303
239.144408,150,227.673767
187.775711,151,227.785599
157.715999,142,227.888531
212.880624,177,228.112096
250.728016,176,228.2418
191.663596,161,228.36098
220.316177,148,228.559623
295.279937,397,228.854197
339.564788,187,229.083784
295.150602,168,229.205896
203.819699,182,229.340463
98.608936,144,229.538843
394.174742,260,229.730979
804.631839,699,230.427605
274.493349,178,230.559442
218.106923,174,230.686605
250.137722,173,230.904471
136.895454,211,231.060048
226.118889,163,231.177964
291.755011,176,231.400243
230.055002,187,231.536973
-166.434194,211,231.690975
81.865911,126,231.977254
270.9435,171,232.102702
307.148286,173,232.229152
257.376932,175,232.449102
301.50423,184,232.585528
202.638277,154,232.697047
62.332265,133,232.884496
80.710507,124,232.976171
257.26813,174,233.106008
178.725537,136,233.204923
281.474797,178,233.561774
270.805785,167,233.686157
182.034291,236,233.950531
242.226049,167,234.07547
246.661076,150,234.184171
317.530518,173,234.310607
252.279392,177,234.537604
296.464616,183,234.673874
222.831817,156,234.883534
137.068534,141,234.988825
101.959931,130,235.088327
233.404522,176,235.217418
52.161249,109,235.388477
293.630003,329,235.633415
82.04871,131,235.728699
63.238631,124,235.910842
58.440205,127,236.002974
277.63153,166,236.124683
81.949619,122,236.304078
150.242292,145,236.408866
167.852746,138,236.514906
252.184596,164,236.634785
250.928587,178,236.856313
272.417329,165,236.976848
337.542624,249,237.250142
435.878243,284,237.457402
141.333027,144,237.562553
321.841646,188,237.790773
313.847534,200,237.938114
506.947633,559,238.440204
218.901426,145,238.636892
255.161933,176,238.765201
263.510578,194,238.90618
156.61957,145,239.104427
227.887448,183,239.238805
235.092973,190,239.37892
110.904076,154,239.586125
240.809564,159,239.701422
124.953758,274,239.901037
209.662517,312,240.217531
380.654511,307,240.612758
429.004849,335,240.855325
139.392512,202,241.093138
240.375944,196,241.236992
268.480158,175,241.36503
295.393504,203,241.604351
214.973276,180,241.737334
338.787057,244,242.005456
240.833123,190,242.146665
128.829722,137,242.247054
105.497286,237,242.509843
290.676446,172,242.636072
294.103418,184,242.769989
238.593185,165,243.100513
177.610898,149,243.209309
255.286155,170,243.333334
247.98269,162,243.662117
215.589227,180,243.794774
352.891159,184,243.931129
267.551331,177,244.273328
94.282959,134,244.372593
432.481623,225,244.537686
528.446189,245,244.938889
351.340462,216,245.098262
273.339736,181,245.454815
264.815485,153,245.565765
268.613534,148,245.673228
280.20497,176,245.904342
278.247366,194,246.048883
424.964821,229,246.215207
-55.539855,187,246.548758
55.04592,184,246.682351
412.414921,269,246.969376
417.568585,434,247.885489
292.457148,359,248.146338
-24.375533,143,248.341971
232.745529,227,248.510016
354.496769,210,248.661708
81.313255,192,249.032685
140.215196,238,249.206174
285.733562,146,249.527803
206.95058,141,249.631299
332.57664,179,249.761162
428.358283,227,250.150623
343.849235,174,250.277351
153.476947,234,250.446911
269.908349,181,250.790064
221.254087,193,250.933302
-11.274,143,251.038243
69.599165,195,251.384053
289.672626,172,251.510559
169.868601,153,251.622222
426.638191,247,252.024685
303.264332,295,252.24083
319.165721,168,252.564909
39.090259,182,252.698017
125.09495,130,252.792649
287.256481,182,253.16115
305.609357,181,253.29322
145.478588,147,253.402216
271.914055,227,253.79277
295.63721,173,253.919116
144.680515,199,254.28549
360.769255,175,254.419021
251.771258,150,254.527802
448.742966,221,254.923033
31.414014,209,255.075474
410.879223,221,255.237339
252.359259,153,255.441183
322.50464,168,255.56381
279.914425,160,255.681047
163.396809,241,255.949111
337.321724,160,256.06529
331.942287,166,256.278279
216.53067,183,256.411368
302.149937,162,256.531394
260.331993,181,256.755286
267.072284,169,256.878462
298.295628,158,256.993767
258.368259,149,257.104082
449.135304,247,257.379051
226.472089,162,257.496131
343.216023,164,257.707181
268.4147,166,257.829071
274.062798,176,257.957435
172.013518,198,258.19398
351.732801,165,258.314373
380.48771,192,258.45453
336.438392,166,258.666936
355.720743,170,258.791221
161.047277,247,258.971029
265.15009,148,259.278914
286.190133,154,259.390584
109.122622,127,259.483475
277.934043,151,259.684978
212.487049,145,259.790088
222.00436,137,259.890303
-16.214592,189,260.124446
319.948789,168,260.247492
113.917315,123,260.337271
-25.517231,183,260.472371
375.182859,174,260.691034
111.183684,122,260.78427
267.220693,147,260.891599
362.653218,164,261.103682
284.176065,153,261.215055
327.755721,164,261.334882
295.905719,167,261.663725
338.009935,168,261.786652
531.680423,361,262.143687
428.543659,247,262.324333
271.893353,149,262.434155
371.060305,182,262.66215
349.599678,188,262.800067
555.235417,243,263.068009
306.619788,164,263.190195
303.846867,178,263.319955
307.873722,177,263.545846
293.025694,156,263.659195
252.411634,143,263.762965
317.050982,159,264.075376
116.806561,127,264.170642
339.990578,160,264.287481
346.935907,180,264.418074
300.208544,163,264.632861
140.084096,120,264.720818
310.674771,167,264.841925
287.077456,154,265.133453
122.804263,118,265.219323
281.253193,147,265.325825
369.937546,167,265.447094
272.478548,145,265.650972
187.685616,129,265.744076
253.549751,145,265.849003
332.846784,168,266.063699
280.750393,145,266.170592
261.284712,149,266.27836
271.146141,137,266.377093
283.675914,139,266.576611
391.42554,164,266.697189
284.046288,146,266.802773
348.253074,152,267.134542
308.301039,169,267.257004
650.665371,314,267.685352
279.159386,150,267.793381
238.193822,137,267.892692
342.157854,161,268.008824
304.670484,149,268.209196
139.278342,126,268.300918
141.341725,126,268.392006
307.415714,161,268.607139
308.44261,144,268.711837
334.615562,159,268.826303
167.229129,123,268.914603
295.77551,160,269.232166
267.449993,175,269.359281
176.446827,166,269.479811
314.567784,168,269.694702
338.61208,166,269.814731
156.394553,127,269.905478
160.828532,147,270.103974
300.81964,154,270.215383
329.720357,158,270.330943
317.580278,158,270.445322
85.81157,127,270.629982
96.408367,132,270.725516
319.135024,170,270.850314
99.287188,121,271.150828
273.207546,166,271.273006
269.641244,173,271.398649
267.759404,152,271.5086
211.687685,141,271.704166
363.733711,165,271.822606
344.871237,164,271.941303
353.29494,162,272.152246
138.180269,127,272.244724
331.053458,187,272.379529
338.521614,170,272.702771
102.410215,119,272.788517
242.172087,143,272.892113
316.870185,162,273.008888
169.845634,126,273.304938
311.09674,159,273.420892
345.673423,177,273.548059
98.831718,116,273.84725
301.431506,167,273.971609
113.809575,130,274.06699
330.85033,160,274.381469
117.546766,131,274.486523
305.461818,158,274.600504
249.860999,164,274.719172
146.951339,127,275.034938
162.98811,128,275.12835
314.762345,155,275.240034
117.552574,132,275.335095
140.448444,138,275.661939
91.212405,127,275.75435
189.704657,140,275.854709
310.320686,150,276.186819
143.080932,136,276.28492
289.868971,158,276.398701
232.338657,164,276.51711
259.678952,144,276.821372
358.232014,163,276.938589
285.542002,150,277.046748
353.738806,164,277.374576
263.2739,145,277.478909
266.886206,163,277.596627
282.350261,155,277.932332
352.92824,173,278.058382
239.74045,182,278.189708
89.539332,129,278.282305
357.153443,164,278.606373
110.356203,130,278.700118
274.933607,174,278.826053
374.905866,175,279.162389
341.304995,163,279.280212
280.447212,151,279.389522
271.960214,168,279.706583
378.353404,164,279.826343
293.253579,148,279.933676
103.54511,120,280.24396
220.667854,146,280.35017
76.341569,122,280.438588
106.486468,124,280.528655
350.192985,157,280.866734
315.216644,162,280.983216
318.982334,164,281.102837
337.952076,173,281.452666
134.470506,133,281.548812
134.988337,118,281.634209
377.357152,167,281.755536
222.197357,138,282.063453
315.065169,158,282.177114
372.132612,164,282.29608
215.426067,146,282.583127
214.59831,136,282.687249
338.210772,172,282.810942
71.470847,124,282.900243
353.535833,157,283.238015
266.225666,138,283.338398
305.274545,172,283.464989
237.502122,143,283.765308
311.019477,146,283.871068
366.878626,174,284.000851
66.071704,131,284.095709
148.109814,129,284.286211
347.483413,166,284.406547
336.758834,153,284.517489
307.103061,148,284.717001
327.144138,164,284.836495
144.005776,120,284.923328
364.420642,158,285.128495
343.78527,163,285.249233
371.196742,164,285.369079
191.04353,144,285.474276
396.297246,173,285.692483
271.528675,164,285.811978
308.238493,160,285.928501
292.316895,149,286.126553
290.744846,142,286.229887
357.302979,159,286.345009
299.106237,145,286.539981
284.250394,138,286.640473
199.401627,127,286.733159
331.713486,156,286.846013
337.691721,154,287.047364
316.903303,152,287.157898
345.942044,153,287.269364
273.577142,142,287.46235
311.907714,164,287.581469
183.499127,121,287.66941
307.06523,150,287.778901
349.477508,161,287.986079
141.945095,119,288.072059
164.832199,121,288.160006
330.324069,155,288.361767
278.91806,142,288.466843
237.85934,139,288.568443
348.423081,153,288.679
285.498292,144,288.874329
333.407982,148,288.983426
308.591141,141,289.086317
158.031385,120,289.172938
302.701165,143,289.366919
322.909259,149,289.474856
292.486436,148,289.582541
363.502933,165,289.792631
266.413562,146,289.898592
318.596904,149,290.007484
301.426942,137,290.108351
184.38036,150,290.307115
268.566985,146,290.41385
323.208505,157,290.527781
313.158773,143,290.722606
78.700194,124,290.813249
327.831498,151,290.9227
334.034236,156,291.035536
250.348282,138,291.227005
265.712279,164,291.346267
268.032737,141,291.448048
330.332548,164,291.65632
273.805847,146,291.76228
170.112092,132,291.857406
301.181785,155,291.970794
234.969453,155,292.174026
306.105777,151,292.283547
338.338927,189,292.420918
242.687455,145,292.617441
357.03526,161,292.735005
143.631763,118,292.819909
293.13618,154,293.022689
263.703981,169,293.148356
297.656374,156,293.262131
284.221204,153,293.475423
292.539736,157,293.589815
254.285427,165,293.710958
182.956352,128,293.80327
330.5602,161,294.013883
265.749895,145,294.120631
282.408877,154,294.232621
292.024527,157,294.439136
112.529141,138,294.539331
211.053062,192,294.682496
264.81951,191,294.914007
259.465742,164,295.035011
234.876571,150,295.145923
165.362995,140,295.341663
319.45922,158,295.458033
237.477177,142,295.562284
260.160008,159,295.678913
273.070157,152,295.880638
284.287796,157,295.995602
144.691737,130,296.089891
156.950694,133,296.277814
299.955596,159,296.393184
266.943832,182,296.525509
305.683643,165,296.736705
216.892468,189,296.874222
280.41042,173,297.000519
190.766594,175,297.218382
89.661223,125,297.30915
279.942761,171,297.433049
75.426897,127,297.524299
264.094005,159,298.282416
109.045809,129,298.375785
235.336598,175,298.503467
290.281215,161,298.816242
90.540445,128,298.908817
260.822662,170,299.035706
342.45897,163,299.349326
224.053921,162,299.475948
218.154747,167,299.597351
230.817705,163,299.716074
325.260017,169,300.049504
219.663185,150,300.158643
220.154915,197,300.301821
291.910073,151,300.633633
282.501671,162,300.75077
328.719723,176,300.878917
284.662155,166,301.224462
134.100136,128,301.316797
163.849206,138,301.416346
250.678393,167,301.759229
164.53374,148,301.867533
231.083951,179,301.997169
257.423892,173,302.333888
339.582695,192,302.474174
251.152146,162,302.591966
301.082551,153,302.926379
284.874934,177,303.055161
224.599475,164,303.1748
226.732701,174,303.525007
282.383875,166,303.64597
271.266937,172,303.771451
280.138786,179,304.125241
270.314397,155,304.239446
181.179452,148,304.345956
347.833015,191,304.70854
268.094493,168,304.830517
244.683175,186,304.965649
224.387032,179,305.314721
243.699208,166,305.436627
295.244015,162,305.555618
312.351817,162,305.897446
275.435388,164,306.017537
254.158453,163,306.137166
325.861987,171,306.430016
238.000309,153,306.546983
311.899221,169,306.670024
277.106555,170,306.792272
292.935978,182,307.150274
333.455027,183,307.284642
347.432996,184,307.613003
305.489971,170,307.735937
266.860311,155,307.848533
322.86435,198,308.215486
279.752319,165,308.336611
324.660696,154,308.449254
330.103916,171,308.776179
282.958006,161,308.896369
158.181767,137,308.995989
92.940782,126,309.087968
273.451533,177,309.421181
109.041428,116,309.505136
282.640781,171,309.629974
312.847164,170,309.955621
230.941432,140,310.057117
164.536875,128,310.149444
294.486185,155,310.261905
332.271543,158,310.601635
232.234257,153,310.712977
291.242789,167,310.834791
321.061656,171,311.189699
294.256992,144,311.294981
283.096496,157,311.409985
360.672473,184,311.777808
267.4583,154,311.889216
93.634041,128,311.981202
224.844186,164,312.31056
340.647813,161,312.436488
217.498723,169,312.559093
291.229434,147,312.66467
268.871992,157,312.981833
258.036718,159,313.097022
284.445958,158,313.210926
261.060225,158,313.550584
219.081556,139,313.650396
260.796182,154,313.762047
270.335361,151,314.09588
282.173031,159,314.211297
280.732084,158,314.325989
122.744224,127,314.417905
128.641688,127,314.733791
189.477584,147,314.841249
249.89556,161,314.959288
231.342917,196,315.299618
268.55752,146,315.405905
283.758977,170,315.52855
268.109827,161,315.738588
291.469348,166,315.859053
241.990927,163,315.977351
228.281689,172,316.193093
310.016632,166,316.313564
297.130792,169,316.436153
247.119781,170,316.651597
272.206018,188,316.7885
328.226932,165,316.907359
232.717433,176,317.128626
292.433489,157,317.243546
255.67696,153,317.354307
321.360652,171,317.569911
279.553713,164,317.689762
281.00031,152,317.804019
231.925244,170,317.927387
266.604634,166,318.272618
275.869838,143,318.37751
263.291402,164,318.497348
269.413847,188,318.726136
278.201228,161,318.843294
145.963092,132,318.938975
281.692532,170,319.156254
333.656442,169,319.279435
225.980117,141,319.382159
351.867902,164,319.594362
229.692729,154,319.706889
306.237649,156,319.819855
268.451267,162,320.027057
73.920799,119,320.114778
290.306067,160,320.231633
129.620309,123,320.320211
237.15274,150,320.521719
141.633861,121,320.60954
230.603731,133,320.705946
284.017006,174,320.83186
256.211004,171,321.048005
278.94485,148,321.155449
251.823864,145,321.260381
262.668284,155,321.466344
268.112667,148,321.574286
259.827932,144,321.678961
301.012426,156,321.792182
135.482105,142,321.988039
279.895916,148,322.095614
269.452343,148,322.203216
278.270666,151,322.510073
163.459371,141,322.612844
348.076169,162,322.73091
267.77567,153,322.933634
327.109832,155,323.046324
224.091264,151,323.156726
319.76465,162,323.274384
181.956487,132,323.462555
339.020178,170,323.587766
258.867774,145,323.693525
180.024095,133,323.881045
302.848888,175,324.009942
200.948882,131,324.104918
287.453831,148,324.212607
248.676245,148,324.411366
287.360265,139,324.512346
238.579269,138,324.612748
291.056695,152,324.813619
243.050583,134,324.911011
254.838247,137,325.011184
265.616186,141,325.114071
272.293506,152,325.317029
325.604378,155,325.429934
201.709407,122,325.51891
309.071565,151,325.824272
239.527248,142,325.92838
283.258864,148,326.036181
316.677527,151,326.146937
283.127313,155,326.473791
322.697025,163,326.59263
268.706888,147,326.703596
154.816691,114,326.878255
330.316199,149,326.986686
298.493621,171,327.111397
351.90609,170,327.235204
308.10603,151,327.436848
169.190062,120,327.523561
305.776534,158,327.644325
289.11574,146,327.842601
284.301305,145,327.948535
295.355185,140,328.051034
308.576294,148,328.158249
195.962451,145,328.355092
320.719036,158,328.469932
328.348104,154,328.581772
284.475392,141,328.776787
306.188449,146,328.88261
278.581765,145,328.98915
361.837864,166,329.205133
399.101599,176,329.333539
327.904633,154,329.445732
340.593706,161,329.56231
196.570295,122,329.742257
397.506374,191,329.881881
325.425301,170,330.005517
356.878231,179,330.228466
219.879973,164,330.348681
291.805946,142,330.451065
517.255476,269,330.737077
424.236138,215,330.892786
242.025446,144,331.089326
343.041101,165,331.210355
352.996148,177,331.340195
689.300299,350,331.688353
344.128341,155,331.800601
342.922517,159,332.009146
332.63982,177,332.13807
252.197182,168,332.263371
263.531341,158,332.471773
283.043258,155,332.584404
262.998512,189,332.727777
334.203308,162,333.040899
184.849335,186,333.17624
355.682203,173,333.302595
256.54,171,333.518836
274.174324,163,333.637727
242.796388,176,333.76492
368.163883,168,333.980256
245.445317,168,334.103383
286.30329,197,334.252112
335.343717,156,334.458334
289.579132,176,334.586802
299.509365,174,334.713146
261.490358,174,334.932412
286.897824,162,335.050971
235.674276,165,335.172409
302.038553,152,335.373295
282.164245,158,335.489063
-68.188808,189,335.626235
268.938166,172,335.843443
311.299961,167,335.964128
277.975122,157,336.078227
269.225785,174,336.295465
295.442727,172,336.421244
103.870199,176,336.549563
324.265323,158,336.754488
349.176901,166,336.87654
867.062938,573,337.388287
371.172138,181,337.519723
365.470721,207,337.760778
299.214525,163,337.878909
301.003938,170,338.001825
159.049201,128,338.187976
289.315206,174,338.314879
281.44269,165,338.435117
257.212583,199,338.669254
687.376517,331,338.911775
366.290805,173,339.130216
365.647005,198,339.273892
334.292886,183,339.408578
289.842517,175,339.628983
294.683512,174,339.756096
252.225137,169,339.879322
303.213335,164,340.091585
310.474561,156,340.205514
319.723211,149,340.316336
311.160625,151,340.519529
191.365292,150,340.629214
162.602391,125,340.719791
167.149767,133,340.816452
249.64283,150,341.018104
218.982743,202,341.167082
179.126353,127,341.260168
293.524126,155,341.465167
571.009017,323,341.701412
327.406988,173,341.919972
308.423574,169,342.045285
266.384063,148,342.153108
306.202605,162,342.36217
328.660154,163,342.482376
312.202106,161,342.599723
250.72112,148,342.706908
344.08715,160,342.914694
182.785144,165,343.036654
293.001899,169,343.159381
253.412243,149,343.359079
253.706906,143,343.463054
301.766377,151,343.572789
350.553452,229,343.830242
281.920887,148,343.938333
277.491922,165,344.059524
269.9167,156,344.266998
184.925863,164,344.385763
321.799878,155,344.49928
281.837613,143,344.69593
305.110124,179,344.826327
242.923698,155,344.939012
120.396366,170,345.156503
207.228652,135,345.255896
155.721817,130,345.35085
293.340664,156,345.465765
184.87321,127,345.651676
291.018816,156,345.765499
314.78398,181,345.896923
281.652991,159,346.104465
144.821165,132,346.201677
317.963029,155,346.314867
239.726714,162,346.432477
320.117864,154,346.636516
182.429416,117,346.722296
316.9795,157,346.836891
210.660629,167,347.050009
294.576844,163,347.16952
223.635088,155,347.283156
255.391245,156,347.488914
185.334717,127,347.582059
280.766352,151,348.220495
288.829512,149,348.332806
293.572485,172,348.550797
226.954893,157,348.665544
328.358647,160,348.781486
304.422073,143,348.977834
293.116419,152,349.090018
319.821021,157,349.204892
312.992993,164,349.417061
307.308197,153,349.529475
120.18389,112,349.610675
301.64117,156,349.724735
319.161207,157,349.930567
208.13399,248,350.114643
314.824333,151,350.224518
332.442817,162,350.434472
291.336595,150,350.545062
324.3749,159,350.66085
213.626131,141,350.854764
265.295707,143,350.960227
228.813647,140,351.061838
343.505038,182,351.2997
175.925366,125,351.390697
290.813028,153,351.501654
274.101237,139,351.602433
259.30461,143,351.797794
316.368902,158,351.912772
327.807569,161,352.029701
334.434525,165,352.240802
261.582577,179,352.371778
305.047346,183,352.506088
241.400093,181,352.729379
281.646474,187,352.865823
293.672273,162,352.982886
302.058941,174,353.203337
270.299733,172,353.329183
311.729847,177,353.457901
285.260858,175,353.676497
289.671571,178,353.806621
204.569581,171,353.930922
44.029665,139,354.128696
289.86455,149,354.237281
314.09104,152,354.348461
282.734613,150,354.549298
32.952595,147,354.656859
245.779761,159,354.772112
225.36717,171,354.896954
295.773935,171,355.114277
271.905423,171,355.238599
298.660207,159,355.354422
318.847496,153,355.557043
320.484157,168,355.678914
327.239576,164,355.797967
353.212278,205,356.037711
323.666977,155,356.149768
266.466131,141,356.251879
351.232983,164,356.463146
318.764107,152,356.573376
377.360227,190,356.715116
164.989941,123,356.898198
306.113408,155,357.011181
350.366941,158,357.126599
349.408292,160,357.334602
382.359044,177,357.463544
329.195084,168,357.585057
311.027185,150,357.692924
346.362428,162,357.901695
401.192114,196,358.04333
306.619098,147,358.149034
348.046752,159,358.35623
338.072626,156,358.469471
293.678812,148,358.575844
322.719018,153,358.778453
332.193166,169,358.901143
316.869907,162,359.018825
291.311811,149,359.219217
181.455354,123,359.308745
332.390301,156,359.421929
354.165927,166,359.542258
138.746001,111,359.71345
402.909277,206,359.862531
353.701789,157,359.976099
295.457827,160,360.183715
306.24035,149,360.291822
354.415181,163,360.40998
310.034731,158,360.615537
346.537967,160,360.731153
295.86576,141,360.832702
359.641353,177,361.052806
282.308299,156,361.165405
338.963895,157,361.278513
247.276608,138,361.378129
317.400003,157,361.584007
282.362956,144,361.688024
284.228051,143,361.790471
328.073687,168,362.003808
262.171331,139,362.104856
213.081623,129,362.199494
361.691472,168,362.412992
334.319909,167,362.535011
315.681917,150,362.643121
301.683844,148,362.751347
227.449899,132,362.938549
319.524736,153,363.049593
339.85484,162,363.167507
360.950068,161,363.375857
407.903869,196,363.518137
279.271009,144,363.622876
325.312222,151,363.823882
270.214662,151,363.933639
366.629487,170,364.058257
269.742441,176,364.277598
260.603237,144,364.382183
438.119699,269,364.578134
315.111735,152,364.778778
339.452034,164,364.898103
314.510206,156,365.01162
363.689793,166,365.223921
409.035585,191,365.362933
325.235465,241,365.537348
327.174723,155,365.740814
270.185278,145,365.846396
368.015601,173,365.971563
371.433512,169,366.186043
302.088296,151,366.295111
372.014978,173,366.42074
330.57788,151,366.621957
411.606904,202,366.769769
327.242751,175,366.897446
334.040734,178,367.126024
266.142859,137,367.225927
349.612804,158,367.340854
286.85597,145,367.538095
322.074508,160,367.655025
156.181736,202,367.80144
430.113018,218,368.05213
241.316195,169,368.175394
301.606374,149,368.283128
333.749064,159,368.490851
346.269245,166,368.611985
298.038499,146,368.717933
326.70986,178,368.938778
252.824017,214,369.096329
214.355528,256,369.282143
319.301929,147,369.482915
313.705054,146,369.58951
380.534647,170,369.712271
317.352673,157,369.917864
294.336122,144,370.022922
370.780056,166,370.14349
296.23446,149,370.343348
225.325772,126,370.434822
286.484892,143,370.539155
292.058742,154,370.651111
106.782911,170,370.865477
282.344894,154,370.977842
416.629353,205,371.127214
323.207157,148,371.328003
347.571985,165,371.447776
269.363611,180,371.57963
373.435519,165,371.79104
319.095671,146,371.89723
173.401201,181,372.028135
275.907963,164,372.238353
351.851795,169,372.361964
328.846129,189,372.498993
303.074409,153,372.701797
305.604643,143,372.805947
280.572262,149,372.914671
230.583867,146,373.111004
360.190078,165,373.231053
370.869617,161,373.347948
306.032576,162,373.555779
301.366392,144,373.663224
252.741466,151,373.773191
304.224125,181,373.905109
315.128186,150,374.106385
357.537967,153,374.218044
187.136689,127,374.310703
305.867467,151,374.511752
373.64785,159,374.626914
307.459486,149,374.736217
337.311992,147,374.842443
428.980935,185,375.070523
128.320186,121,375.164222
343.364959,153,375.274445
343.443099,172,375.490937
336.809567,160,375.607647
220.29181,198,375.75087
301.722448,142,375.944415
332.948894,148,376.051377
254.609882,143,376.155112
369.847527,164,376.366565
314.166647,149,376.474335
356.01031,159,376.590109
362.900185,162,376.707447
296.493601,145,377.036077
289.891166,143,377.140193
169.018783,119,377.229748
334.950394,170,377.444898
352.968546,153,377.556047
321.89518,167,377.677276
338.262355,171,377.894815
188.139441,166,378.015688
359.389541,158,378.130157
403.849097,160,378.446301
292.056877,143,378.554286
298.964945,146,378.659995
241.254488,135,378.757092
282.120162,138,379.019458
402.88803,160,379.13574
345.734852,152,379.245748
374.489883,172,379.571717
324.047816,150,379.68043
356.403694,160,379.796221
290.267879,166,379.916891
322.602179,147,380.115996
335.272757,161,380.233026
384.822221,199,380.377663
634.204252,267,380.664346
356.242815,179,380.794501
375.017571,187,381.022022
216.556481,130,381.117
369.727197,169,381.239465
253.451898,133,381.439092
328.813531,154,381.551079
454.890056,208,381.702166
215.314606,188,382.035103
318.87242,153,382.146145
349.91561,147,382.252738
357.06943,155,382.458381
293.001312,149,382.567537
337.44608,157,382.681748
391.872941,164,382.800787
202.3698,131,382.988166
208.592823,133,383.084843
380.640267,172,383.211867
309.566646,166,383.554861
271.89898,141,383.656931
319.125193,143,383.760926
301.940991,155,383.873813
309.781312,147,384.076571
310.165829,150,384.186512
329.851142,198,384.330929
194.955574,119,384.510483
353.613044,153,384.621843
341.55697,146,384.728278
181.597299,129,384.911567
195.113073,118,384.998939
354.411653,199,385.144008
389.596093,157,385.258019
241.886298,132,385.445649
218.676607,128,385.53887
174.937269,114,385.621187
391.907034,168,385.742703
341.175778,150,385.944512
269.457197,142,386.047009
300.364908,153,386.158373
313.123263,146,386.358131
366.91521,158,386.474662
219.097915,135,386.573761
331.113381,173,386.793256
362.233442,158,386.908528
204.967177,133,387.003842
306.364444,143,387.107772
342.582529,152,387.311481
371.973545,160,387.429497
284.589817,163,387.546938
227.719666,132,387.816397
278.137454,150,387.925892
322.96391,169,388.04855
269.284981,144,388.153377
213.136125,128,388.341864
310.892017,159,388.458432
367.919754,164,388.578289
314.967521,151,388.78131
212.840854,122,388.86981
341.506809,147,388.977158
350.282725,147,389.086575
121.763947,114,389.380154
342.330727,159,389.4959
358.607615,153,389.607019
402.64323,181,389.83408
282.409743,143,389.938087
298.413081,138,390.039003
563.205798,229,390.429429
370.626919,165,390.549478
204.918057,143,390.653106
303.212362,171,390.972109
366.640625,179,391.103047
378.733679,154,391.215068
358.896004,167,391.430596
368.373391,161,391.549022
381.689278,166,391.669595
266.04835,140,391.771055
252.171248,138,391.96337
405.100747,171,392.087836
385.975605,173,392.213167
393.577981,183,392.566488
328.969269,148,392.674339
412.703282,164,392.793506
338.072241,150,392.995308
205.583798,124,393.085598
345.808945,167,393.206683
303.393195,139,393.400566
197.819372,114,393.483317
165.122596,114,393.565901
241.21134,125,393.656449
345.148586,151,393.857442
222.865487,120,393.945036
333.538639,156,394.060608
391.346466,156,394.1744
328.64144,144,394.372001
236.791203,134,394.469002
126.213116,118,394.55454
342.396432,150,394.662933
534.242539,280,395.408837
363.177967,150,395.518553
326.147605,154,395.85287
256.552593,134,395.950257
342.178306,150,396.059031
285.101836,136,396.156958
241.203355,141,396.352707
287.176035,140,396.454576
378.875448,166,396.575094
371.634325,190,396.82007
360.115181,160,396.937351
346.638831,165,397.057273
420.403314,183,397.283457
125.126119,220,397.442988
-24.633148,189,397.580427
397.012384,181,397.8036
340.834914,157,397.91801
336.553153,144,398.022223
141.592744,222,398.27516
415.274581,177,398.404548
348.569137,162,398.522418
635.324434,495,398.978041
80.624617,167,399.193494
360.316288,158,399.309116
700.486238,522,399.781146
705.22686,341,400.123877
225.797982,200,400.268418
337.624707,226,400.622498
778.215456,333,400.865581
-43.630892,151,401.068145
336.296554,161,401.187334
440.746508,190,401.325538
309.183303,168,401.539788
1156.109996,586,402.194066
52.12024,213,402.349589
401.139399,187,402.485926
84.425676,211,402.862513
607.51758,236,403.034488
317.210209,180,403.36372
351.746313,164,403.484085
449.579466,325,403.942684
127.446651,221,404.103336
357.154395,159,404.218415
556.167006,285,404.626029
337.645271,167,404.747339
411.93514,219,405.120738
316.243694,159,405.236543
257.003606,185,405.371144
330.899942,162,405.689938
411.417808,230,405.857758
349.250015,200,406.197856
-31.327598,178,406.330084
458.543099,382,406.831972
264.964493,144,406.936781
244.095829,246,407.117035
100.022237,231,407.508951
320.341491,170,407.632365
325.832828,173,407.758411
380.50364,164,407.970696
153.404303,149,408.077685
157.346067,137,408.176522
253.241526,151,408.50281
360.782018,165,408.623236
356.209734,169,408.74687
240.953966,242,409.133196
380.577825,178,409.263044
118.736667,115,409.346256
260.208595,149,409.67911
420.152215,182,409.812165
306.83404,162,409.929749
364.663671,167,410.251398
352.120426,198,410.396088
406.412708,180,410.526731
288.916829,157,410.841818
367.094889,155,410.954865
261.559862,148,411.061507
292.810609,149,411.40161
337.572029,175,411.52849
390.82241,185,411.664137
388.926474,165,412.007978
632.198268,244,412.185993
311.824643,174,412.313469
539.389128,234,412.708899
369.512495,155,412.821934
342.376878,156,412.935482
516.682587,222,413.321609
409.501715,186,413.457045
71.637854,211,413.819843
300.721854,143,413.923839
344.46414,152,414.034576
280.911666,146,414.346589
285.197898,145,414.454622
306.283498,147,414.56217
356.949895,153,414.673898
255.932239,139,414.998985
126.590561,138,415.100889
300.691159,148,415.20932
357.37601,160,415.55179
192.658483,124,415.642538
419.466815,178,415.772505
273.406402,138,415.87264
330.241454,166,416.195659
356.787948,157,416.310543
170.936549,112,416.391928
302.530558,147,416.700539
273.743546,137,416.800135
317.902539,170,416.924004
296.192629,149,417.031811
303.11558,145,417.378205
347.590933,164,417.497572
263.822175,137,417.596886
293.875052,138,417.920936
346.543593,144,418.026513
550.860274,229,418.193798
119.56339,253,418.585269
308.704846,148,418.693083
313.484572,145,418.798528
298.422062,141,419.124475
260.676195,145,419.231222
270.680862,138,419.331204
326.653852,148,419.659727
349.024168,153,419.77619
263.401125,127,419.868864
377.193271,176,419.997891
268.028058,150,420.317995
174.032842,114,420.401547
310.300769,143,420.506145
245.771417,142,420.610216
318.549082,150,420.956073
261.879618,143,421.060452
324.494389,152,421.172348
125.365434,120,421.447057
368.304531,164,421.567408
180.393981,131,421.661957
300.187742,151,421.770857
297.387911,157,422.108869
279.606843,151,422.219149
319.521048,144,422.324002
87.174605,124,422.636594
215.93048,142,422.739551
328.809593,162,422.858749
337.478149,199,423.243774
341.638704,148,423.352435
285.216133,135,423.45168
202.342374,139,423.553535
335.768828,163,423.896872
348.397103,155,424.011115
320.43889,150,424.120807
269.428978,134,424.311185
247.243246,129,424.405246
347.77835,168,424.528701
312.255657,149,424.637518
261.705465,141,424.831519
322.881353,148,424.939732
292.269514,148,425.048046
320.479319,158,425.256503
310.893747,149,425.365778
268.210206,147,425.473115
280.726181,135,425.583179
178.231208,135,425.905213
325.410737,161,426.023156
235.3455,141,426.124633
199.312107,137,426.31555
311.267847,153,426.427706
196.648332,128,426.520971
270.856213,143,426.624727
274.930208,151,426.825635
132.272097,125,426.916845
281.574071,137,427.016991
365.280319,161,427.13473
185.71796,120,427.3136
303.31142,163,427.43316
154.96298,117,427.520324
195.851042,142,427.716765
312.98711,155,427.830664
147.67903,117,427.915774
334.776202,152,428.027191
197.654849,116,428.204481
309.122683,158,428.320446
168.10351,144,428.42562
101.932802,126,428.517657
181.904289,122,428.699481
271.656252,134,428.797386
388.94988,171,428.922069
342.493342,148,429.255115
351.973496,162,429.374326
323.743842,161,429.492047
133.120412,129,429.585979
320.877722,152,429.921958
149.887811,124,430.012182
281.290119,139,430.113961
198.282925,142,430.440701
367.459351,160,430.558809
258.420631,143,430.663751
350.358454,162,430.783079
349.366983,161,431.12619
154.973583,127,431.218086
195.207256,126,431.309646
421.442457,194,431.62517
137.419935,126,431.716671
331.882561,184,431.85163
308.495604,166,432.196149
118.204353,128,432.288797
363.343878,160,432.405787
1716.670798,1000,433.565265
276.884169,170,433.689765
306.295588,151,434.025199
313.20215,163,434.146056
350.816485,168,434.268536
324.724015,179,434.635419
357.973125,179,434.766025
301.18508,180,434.897383
315.475118,169,435.258038
260.051762,170,435.383061
287.829523,168,435.507075
371.336916,164,435.850939
282.807509,149,435.959735
303.378747,170,436.083858
338.443082,156,436.407096
363.969687,169,436.531045
271.339285,140,436.633146
291.354065,141,436.959692
304.698351,159,437.076354
354.057475,190,437.21652
322.48968,163,437.559655
201.081059,216,437.716859
303.504676,174,437.844034
358.336078,192,438.178115
756.653846,368,438.446511
302.399124,174,438.798099
267.592883,176,438.927506
283.526485,170,439.053879
363.717362,168,439.381523
543.652443,299,439.598667
344.773151,177,439.951062
278.62186,167,440.074538
732.759798,455,440.621595
356.787262,175,440.749768
378.3015,173,441.092057
267.63173,287,441.306562
823.39182,395,441.796155
339.04457,168,441.918547
399.731149,223,442.303729
90.315094,253,442.488791
90.949617,230,442.880226
212.059493,280,443.084344
438.66858,223,443.470669
250.280284,178,443.600445
261.23144,286,443.809482
-18.049539,208,444.191953
642.105897,326,444.656245
45.60197,218,444.830572
293.294219,165,444.951629
720.510267,410,445.34584
319.629109,347,445.691661
62.371074,236,445.863457
117.018194,252,446.139092
12.828601,205,446.289326
-47.293617,187,446.425153
-24.774844,205,446.666372
610.097068,303,446.888028
293.932131,185,447.115109
42.618405,232,447.282472
-46.714799,210,447.528096
163.89416,273,447.726669
499.856048,232,447.98824
-53.032578,137,448.088461
108.453969,220,448.248296
-25.158179,194,448.481507
246.961734,184,448.616324
212.777227,240,448.883919
214.811222,152,448.995659
122.283347,206,449.147056
34.309761,244,450.079122
-34.40825,203,450.227548
53.581705,245,450.503301
283.615725,207,450.654616
117.58169,300,450.965573
66.009829,206,451.11728
573.174447,262,451.407202
376.098704,202,451.562093
79.470261,223,451.732093
286.396001,156,451.98362
322.936626,163,452.111902
97.864502,205,452.265804
71.463884,215,452.515221
8.136637,201,452.660645
329.842679,155,452.773887
201.727247,299,453.187114
5.3597,179,453.317148
491.731781,263,453.750478
276.198331,153,453.862468
86.330713,237,454.261323
742.814216,505,454.857945
517.218351,285,455.066601
94.176637,258,455.481578
298.94582,168,455.605358
328.903936,168,455.729112
405.012823,190,456.104078
486.282602,241,456.283801
386.932367,186,456.622735
350.601811,155,456.736679
314.462578,164,456.856665
329.761323,152,457.192338
328.711131,168,457.316164
299.881555,146,457.423277
220.669903,272,457.818281
281.052614,135,457.916734
336.786563,156,458.030784
271.647179,154,458.367774
224.050977,135,458.466284
156.735177,126,458.558342
326.323269,150,458.667426
163.986881,116,458.955705
156.341788,127,459.054767
299.239719,154,459.166576
286.049446,143,459.270337
298.587136,157,459.583118
249.275671,153,459.694962
289.004768,148,459.802157
341.366205,154,460.137739
314.692301,150,460.247289
303.338095,151,460.360388
306.410156,147,460.467788
287.656127,145,460.80184
281.158956,154,460.915149
277.71975,135,461.015972
212.125324,118,461.313153
312.066139,153,461.424979
275.699728,143,461.528601
297.093964,139,461.62995
397.941701,163,461.958236
171.207234,123,462.047453
326.1201,142,462.151226
305.865995,145,462.480347
289.613896,136,462.579438
206.783634,115,462.663372
168.645708,119,462.750951
808.104678,334,463.21894
301.60661,145,463.324317
311.205116,143,463.429
302.762072,153,463.764553
284.679731,152,463.876385
275.043955,133,463.974318
346.806011,153,464.288095
319.227015,141,464.390884
294.48187,140,464.492904
163.369578,116,464.57719
299.405896,147,464.894628
196.704791,120,464.982184
205.884521,121,465.070919
205.854133,118,465.15649
225.205758,126,465.473044
185.774852,115,465.556577
202.781522,115,465.641955
300.838343,164,465.761304
315.360114,154,466.097022
300.514194,137,466.196539
178.433006,118,466.282266
285.263807,141,466.385142
353.742622,152,466.700627
204.102344,119,466.786909
341.496511,153,466.898184
200.936055,120,467.208724
299.673694,143,467.314367
292.281828,150,467.423779
331.333698,181,467.55515
352.635867,170,467.90466
296.078875,178,468.036262
262.420847,174,468.163989
294.224116,140,468.364761
270.780453,138,468.465828
333.744917,165,468.586117
149.879404,112,468.759794
282.674508,142,468.865543
242.929363,130,468.9608
277.9916,178,469.092168
287.098867,141,469.286854
337.271169,160,469.403339
278.456385,146,469.509475
300.716937,151,469.824184
287.46538,144,469.929537
336.234535,171,470.055077
324.400135,172,470.413039
307.328121,148,470.523052
308.271867,154,470.636494
243.864814,144,470.741427
361.416241,168,471.097266
393.991792,167,471.219246
334.851988,163,471.338219
322.262605,162,471.653319
298.680628,155,471.767643
15.380474,210,471.921639
244.913594,141,472.228137
231.139093,141,472.331451
216.998403,134,472.429816
134.800476,124,472.520921
298.344424,156,472.858631
269.319088,143,472.963605
296.678289,152,473.074324
251.3997,141,473.401477
308.825024,168,473.524739
367.123206,182,473.658104
267.78842,173,473.98945
339.473065,283,474.196351
297.21444,164,474.485067
383.697668,188,474.623395
342.837797,166,474.745584
594.485357,274,475.173195
522.123262,234,475.34416
561.890421,269,475.763474
560.364086,381,476.039869
463.580285,206,476.387497
339.090045,183,476.520457
307.016914,160,476.864399
499.631825,241,477.040769
339.238393,171,477.165572
532.216167,225,477.431309
403.903792,211,477.584836
615.17606,243,477.982491
351.600513,179,478.11286
346.638294,182,478.245414
47.111299,194,478.610869
102.248211,247,478.790526
310.18623,177,479.116975
529.070246,249,479.300776
280.825349,167,479.423636
303.186013,168,479.64505
341.347971,155,479.759003
231.423366,144,479.863969
345.771694,163,480.207172
402.607353,369,480.474726
355.270866,163,480.791213
273.793236,175,480.918598
79.501676,230,481.086647
342.195339,170,481.410245
77.586214,146,481.517518
278.651136,154,481.630115
553.497371,288,482.066824
319.048609,160,482.184113
298.208792,163,482.50687
411.80476,193,482.647557
111.645825,254,482.833165
305.241544,162,483.158559
264.514754,161,483.275652
471.993223,242,483.544227
352.854889,171,483.668812
704.264234,294,483.882147
130.092588,234,484.144213
308.071336,172,484.269607
53.735604,129,484.456061
282.616246,152,484.568225
496.064515,249,484.749539
302.492991,158,484.956315
290.220956,174,485.085271
277.419471,170,485.209675
315.182091,165,485.427171
669.28066,309,485.652423
370.175278,202,485.892352
286.914886,160,486.009323
302.665231,157,486.12322
299.285402,192,486.357327
284.965899,158,486.472919
329.585353,175,486.600633
292.773909,161,486.810667
422.875754,392,487.099282
190.457487,136,487.291243
278.827478,147,487.397979
351.690926,194,487.539677
347.110721,185,487.766751
286.609284,155,487.879556
332.430046,163,487.998053
408.950703,189,488.232288
447.863947,238,488.408091
320.632994,174,488.535259
137.233878,267,488.821655
290.601834,168,488.943787
325.002469,177,489.16562
289.924967,165,489.28654
376.63315,183,489.419801
513.203877,362,489.774234
289.546728,172,489.899329
307.467868,150,490.099677
383.961147,388,490.381357
295.257538,164,490.59151
586.66494,252,490.774386
293.599748,158,491.080804
483.70621,240,491.262346
691.293587,397,491.644009
231.327199,156,491.75854
332.078347,173,491.884581
491.969898,465,492.316962
459.578394,215,492.566275
536.661651,232,492.733627
525.031534,225,492.988144
18.219233,195,493.129791
564.210835,242,493.305974
358.95264,186,493.535897
315.933437,177,493.666955
284.510612,152,493.778573
602.31777,264,494.063755
293.134458,169,494.187818
372.530965,159,494.397479
218.24763,141,494.500148
354.901954,160,494.617795
775.752806,344,494.963001
273.979489,136,495.062789
785.123476,419,495.464334
1183.683306,717,496.080184
317.448576,164,496.293104
612.112772,506,496.757403
144.622865,121,496.845504
249.778798,149,496.953568
330.196775,177,497.174087
275.05595,160,497.290222
140.591026,226,497.454938
167.663509,282,497.75411
297.39882,158,497.869249
263.464536,156,497.981683
160.161805,127,498.167443
350.455484,169,498.290918
388.232785,173,498.417251
189.772945,131,498.605764
407.710556,191,498.744116
328.838237,159,498.859969
368.594557,171,499.078344
467.561433,228,499.244016
406.971452,231,499.503061
602.235601,247,499.683561
251.547507,147,499.790202
194.805988,300,500.102387
299.849761,158,500.217251
321.688432,172,500.435041
551.941706,234,500.605787
625.181966,291,500.910873
367.248684,175,501.038244
400.706773,191,501.178129
284.945555,142,501.375115
323.77462,160,501.493142
396.3169,183,502.17927
322.463284,164,502.39005
346.479811,180,502.521876
352.132205,172,502.647516
367.959251,167,502.861209
302.521511,152,502.97215
334.552844,156,503.086084
345.039146,168,503.300992
319.695719,172,503.428363
354.158593,168,503.550735
388.215378,180,503.77509
289.265581,148,503.883739
337.287862,164,504.004164
354.427276,199,504.242264
304.954644,156,504.357348
303.514599,158,504.472318
288.120615,152,504.583167
331.67151,155,504.788934
287.986702,156,504.903259
366.947094,178,505.033113
321.954305,172,505.251059
365.799118,207,505.402145
178.788035,133,505.499875
319.620967,164,505.711108
332.279947,168,505.83346
352.682627,197,505.976491
311.95428,169,506.191187
103.003141,121,506.279471
113.43175,112,506.362302
122.606968,134,506.460466
302.97582,163,506.671832
265.111929,154,506.784307
379.67526,192,506.924457
323.91391,168,507.139535
346.463445,173,507.265378
386.545009,172,507.390953
378.991197,176,507.614781
142.553129,131,507.711115
337.777098,169,507.834527
360.15812,201,508.071911
361.184221,176,508.200443
283.891825,145,508.305907
90.863327,263,508.589381
217.493664,147,508.696381
220.570674,167,508.909218
605.595218,288,509.11995
281.629034,159,509.235338
486.67603,382,509.605528
437.999587,436,510.022564
293.944427,161,510.139854
306.173517,182,510.444283
599.992836,269,510.641402
112.000309,275,511.070029
306.793771,178,511.202152
371.819617,206,511.353571
102.906564,264,511.764123
342.261091,202,511.910158
647.065396,426,512.313847
508.610025,276,512.606854
289.336263,157,512.721217
304.669178,173,512.84603
234.422576,173,513.06285
516.777145,373,513.335312
172.076966,159,513.545528
198.928359,143,513.649535
309.897051,198,513.795299
253.123699,213,514.044635
225.575802,160,514.161199
280.119265,181,514.385503
223.306886,155,514.498548
334.125471,206,514.647866
153.725502,159,514.854156
324.557432,200,515.000278
585.922288,405,515.390208
363.089719,198,515.534328
172.589631,146,515.640336
354.467322,202,515.879885
363.048858,248,516.060401
402.747726,290,516.370625
419.540802,227,516.535453
117.578209,159,516.744113
240.871592,156,516.85842
102.659565,137,516.959523
289.763809,169,517.174322
206.720393,140,517.278381
354.954958,194,517.420366
98.978382,132,517.51689
180.975709,139,517.711593
294.515237,188,517.84901
218.800443,173,517.975492
246.241507,170,518.193166
316.284539,167,518.315197
230.927142,177,518.4449
232.054667,162,518.656066
245.664525,158,518.771833
418.219113,322,519.100275
344.946,220,519.260484
325.353302,166,519.382416
121.407042,139,519.578274
279.112202,157,519.691869
295.608783,166,519.812218
395.172441,247,520.194906
301.187054,177,520.323352
354.394819,204,520.562369
307.018303,164,520.681562
256.39548,170,520.804955
195.310691,132,520.90157
249.217961,149,521.10121
226.658906,137,521.20274
253.172105,143,521.306888
310.814859,167,521.520225
211.161845,138,521.621728
209.585912,138,521.723289
144.076951,153,521.835048
223.506035,136,522.027578
283.115393,151,522.137648
244.200309,152,522.248433
265.185344,161,522.564252
225.712792,162,522.683789
289.148078,157,522.797975
254.374891,180,523.136497
288.350266,177,523.266534
380.631157,205,523.416403
280.340767,151,523.620316
334.361568,202,523.767103
533.435886,286,524.068311
302.161462,173,524.194371
228.084864,150,524.303107
250.820882,161,524.514715
299.656464,158,524.630431
245.837143,162,524.749204
246.515209,152,524.859543
15.380954,262,525.264064
332.496876,301,525.706036
426.216075,231,525.87466
359.896832,187,526.009484
561.35796,479,526.584914
245.268857,178,526.93927
233.039765,159,527.054606
233.243839,149,527.163466
224.258936,137,527.465474
129.61053,124,527.559277
288.894377,162,527.677101
268.400989,159,527.794116
283.926464,174,528.119581
232.149878,149,528.227963
258.48134,175,528.355297
359.867974,201,528.724308
287.64377,159,528.840476
325.181373,204,528.989673
291.782984,165,529.313424
239.714176,153,529.426071
112.341369,142,529.530651
434.599424,223,529.879827
205.367886,144,529.985476
294.688043,160,530.105119
407.623589,195,530.467546
350.471883,180,530.599144
190.363275,139,530.701492
312.764248,157,531.038502
281.703999,167,531.1608
326.710452,208,531.311286
350.354073,220,531.673197
256.439224,169,531.795954
157.414435,131,531.891562
348.840487,201,532.260797
292.31891,157,532.375484
449.627448,224,532.761659
451.634212,225,532.924647
413.356219,216,533.081731
116.153116,248,533.480957
331.124819,189,533.618131
353.563733,197,533.954009
379.842764,200,534.101044
295.339373,171,534.225349
269.669483,224,534.613071
398.187567,237,534.784677
63.557043,222,535.149839
308.082503,168,535.273455
123.057594,123,535.363966
164.193666,168,535.711505
261.7432,145,535.817752
306.104073,171,535.94365
305.784991,204,536.300647
338.207814,223,536.461613
241.738124,171,536.586544
260.753888,160,536.905895
274.339003,157,537.019918
253.736115,163,537.138115
265.268106,159,537.477538
257.443058,162,537.596758
389.956618,199,537.742384
88.453417,135,538.045312
361.435832,438,538.560915
65.937347,254,538.754872
597.374095,365,539.222637
230.152446,164,539.343665
221.255327,166,539.46567
247.282249,163,539.808837
207.431172,163,539.928901
122.299111,240,540.105544
309.826873,180,540.432798
333.940403,171,540.558999
385.255024,196,540.89834
139.269991,271,541.097717
250.772152,170,541.221779
286.76365,211,541.596404
243.630095,165,541.718925
150.679044,235,542.102278
200.757948,147,542.216327
245.566012,160,542.334099
407.676455,247,542.73771
433.191479,227,542.903386
392.773896,232,543.295748
109.735371,146,543.403026
158.538585,278,543.604471
132.447063,294,544.02244
11.412412,154,544.135611
298.663335,214,544.514857
264.043405,216,544.671337
-62.770457,203,545.039165
296.806251,225,545.207407
120.294188,239,545.383924
61.684445,276,545.811099
182.361836,182,545.945001
-15.071298,252,546.222083
1356.810785,937,547.093738
186.16337,174,547.222095
252.522165,168,547.344776
1217.25932,740,548.072103
229.413599,167,548.195076
151.359661,295,548.618605
276.200728,183,548.752741
28.113734,164,548.872362
8.475801,259,549.268106
356.844989,376,549.768056
465.486012,280,549.973203
290.416581,404,550.478029
246.735008,178,550.607916
240.702941,173,550.958279
172.867421,173,551.084947
248.579334,168,551.207772
251.27883,176,551.557271
289.019928,203,551.705341
261.449967,161,551.822027
502.244292,297,552.273497
236.633928,163,552.392564
67.516464,141,552.495492
236.596509,175,552.847287
52.866335,229,553.016276
245.246434,185,553.361622
340.788633,181,553.494153
277.350499,165,553.614399
385.514261,210,553.991033
335.321175,211,554.708797
270.502714,179,554.838927
1718.269942,1000,556.03359
1058.943431,742,557.008659
269.355651,190,557.146402
453.733979,230,557.51793
236.183535,187,557.65375
331.431593,195,557.796422
266.778923,157,558.133482
274.181763,178,558.262729
1043.414004,778,559.24505
275.820821,158,559.361215
96.27927,133,559.458311
316.983667,219,559.841958
291.143676,183,559.975625
598.76913,408,560.497792
282.948459,383,561.00044
70.408908,144,561.106306
303.431056,177,561.235866
324.658979,179,561.366856
272.323553,161,561.577461
307.634624,168,561.700198
122.277958,125,561.79025
159.826628,134,561.981048
333.180537,188,562.118492
350.056064,191,562.258465
76.014095,135,562.461839
325.383799,164,562.582576
305.677159,195,562.725647
212.469618,151,562.927398
197.084857,151,563.036899
244.34808,157,563.151871
94.820461,118,563.237643
304.202557,168,563.453872
215.091491,145,563.559728
141.816877,143,563.664245
351.453463,191,563.89699
320.407676,193,564.039538
231.300586,156,564.153161
298.112397,162,564.36356
169.337533,334,564.607328
273.653066,168,564.821931
292.192358,164,564.943504
265.833123,171,565.069543
3.005153,162,565.309158
28.679565,137,565.409109
419.895479,218,565.566647
167.286532,233,565.960433
51.697598,147,566.068096
491.160922,275,566.47167
269.51544,180,566.603476
319.491878,201,566.750189
1536.604935,992,567.913692
267.124634,178,568.267876
399.088396,221,568.429619
452.625284,244,568.810995
506.898405,240,568.988682
443.852567,227,569.350091
399.743702,210,569.509046
151.997955,208,569.660651
250.114074,221,569.915713
623.387098,307,570.141398
435.485406,273,570.43531
481.271162,327,570.766275
378.233295,236,570.941889
333.829587,166,571.062627
307.774193,194,571.407249
254.060083,149,571.515106
350.380599,202,571.66289
67.281289,146,571.993255
110.672373,149,572.102706
236.703861,168,572.224787
259.080746,170,572.440174
374.617088,215,572.596489
585.396022,255,572.873726
431.800878,258,573.062403
336.869239,183,573.196088
462.034302,223,573.451699
364.800661,191,573.592077
285.194693,174,573.811134
746.117183,419,574.120017
331.429623,180,574.344731
307.618676,218,574.504362
797.527037,590,575.032117
376.089021,210,575.279445
359.210325,180,575.411553
341.916513,190,575.56097
342.965712,193,575.794586
556.250162,249,575.977702
241.427674,163,576.188223
253.574041,338,576.435143
20.975178,150,576.638167
267.4616,178,576.768617
232.133122,171,576.894385
202.39572,144,577.091898
433.834514,241,577.270412
679.779938,398,577.654069
481.275322,238,577.82848
143.389675,129,577.921713
2.025966,96,578.084234
208.784257,143,578.189647
205.595851,146,578.295252
233.721013,152,578.498499
255.63816,160,578.61492
173.872903,140,578.716364
258.198697,172,578.84241
189.294048,141,579.041548
171.588013,153,579.153686
115.974356,111,579.235611
245.704154,155,579.441113
145.700111,117,579.526456
91.735394,110,579.60659
124.452266,108,579.685004
100.862868,124,579.774874
132.5199,122,580.059551
219.612586,148,580.167217
141.419971,128,580.2602
187.060891,147,580.458997
200.555418,139,580.561091
97.175753,123,580.651251
183.682829,144,580.756033
74.043172,114,580.931053
111.465804,119,581.018067
131.441965,119,581.104791
136.659701,126,581.196319
84.766026,111,581.276724
91.057505,115,581.453765
100.314234,108,581.532659
119.711582,119,581.618711
109.659161,114,581.702262
109.216386,114,581.878198
93.296356,111,581.95994
114.046615,116,582.044494
104.36327,115,582.127797
113.445308,117,582.212936
77.84526,116,582.391715
111.631084,115,582.475995
111.951003,111,582.55687
129.78717,124,582.647733
-9.147292,95,582.809468
85.62561,110,582.889886
94.168659,111,582.971578
9.880584,94,583.040028
109.546682,113,583.122699
1.332956,94,583.283861
62.194809,106,583.362361
217.070547,149,583.475818
89.127259,132,583.572302
15.01381,96,583.857613
249.873377,169,583.983549
108.421677,109,584.065095
173.860221,140,584.167823
231.624303,147,584.480759
179.67731,134,584.578696
37.564383,102,584.652883
55.184459,109,584.733527
259.711627,160,585.053501
519.463284,266,585.249085
247.216462,151,585.359067
82.445078,125,585.641882
276.962363,158,585.757008
253.552274,171,585.881266
84.839274,115,586.057286
213.709559,146,586.164914
8.463368,97,586.235507
161.893333,124,586.326322
120.989811,121,586.41455
242.18408,167,586.631263
263.451224,152,586.742959
229.41584,142,586.847097
137.389124,118,587.026477
256.357376,160,587.143635
228.031013,140,587.246424
234.355594,151,587.449944
251.582755,160,587.568557
239.878576,156,587.682507
74.77731,141,587.787594
276.325108,161,587.997525
240.315078,153,588.10938
77.88315,118,588.196804
155.247083,151,588.401181
106.214229,114,588.48508
221.05792,150,588.5964
62.294542,132,588.69425
-9.692339,108,588.864843
91.534809,139,588.967882
241.091355,154,589.080944
287.944458,172,589.206504
106.016203,116,589.38322
101.943028,132,589.480826
235.557849,147,589.589086
75.132512,113,589.672001
161.886644,133,589.861775
324.477005,266,590.058018
154.681867,140,590.161357
83.634205,120,590.342342
246.526956,167,590.465407
117.507196,125,590.556989
256.509843,161,590.76628
226.172382,146,590.87479
249.603948,147,590.983668
-0.109693,113,591.066564
103.028053,113,591.242265
346.180338,177,591.372437
224.774584,154,591.4867
363.612883,235,591.752776
233.264917,155,591.866429
127.892967,128,591.960855
263.791966,152,592.16455
275.056733,163,592.284216
436.982905,228,592.452703
265.732112,156,592.658969
300.887057,161,592.777108
44.896008,136,592.879115
183.518543,169,593.096177
244.131085,229,593.263805
118.308223,243,593.442614
231.773568,152,593.645401
285.340574,193,593.787988
293.071167,179,593.918774
256.417782,164,594.133404
413.863588,353,594.39532
192.493781,227,594.656998
158.180969,312,594.978019
130.711823,123,595.070842
227.072773,172,595.197041
595.026382,519,595.671753
433.17453,197,595.907416
127.631735,235,596.080498
482.458184,230,596.247863
109.729451,249,596.523381
196.159746,142,596.626266
222.967454,151,596.735724
44.463911,111,596.938313
104.098551,113,597.020771
333.887394,368,597.38279
140.165666,145,597.489605
325.630751,174,597.616746
105.679756,121,597.7968
159.825694,123,597.88801
298.444462,172,598.013427
240.441267,173,598.140257
239.157291,157,598.347045
254.388141,161,598.465508
184.360822,142,598.570341
389.201597,192,598.802974
107.766274,130,598.898117
418.219414,250,599.084126
383.837461,221,599.337155
478.427226,243,599.515476
376.811289,197,599.752107
417.926201,243,599.929169
262.444669,159,600.137891
235.703117,144,600.244424
175.27304,293,600.45911
481.353112,243,600.859132
-71.564419,234,601.02915
243.154002,149,601.229732
363.611636,183,601.36204
225.109863,155,601.476659
329.883943,175,601.699766
115.114,110,601.779876
197.344057,132,601.875726
221.243339,148,601.98376
197.668344,136,602.175681
552.685578,274,602.375408
90.079198,114,602.459623
333.271949,163,602.67253
617.797129,385,602.955338
290.777728,155,603.161686
66.859884,109,603.241902
118.58688,117,603.326791
273.575206,151,603.93628
263.176989,155,604.257844
143.524795,122,604.34688
215.310165,150,604.456238
394.520467,192,604.693785
415.782882,195,604.835626
294.20856,178,604.964621
251.91547,157,605.274058
107.625457,111,605.355553
249.709279,149,605.463823
360.483964,177,605.686066
462.846481,214,605.842563
85.349498,110,605.923224
282.688996,160,606.131971
106.360822,120,606.220187
291.736806,169,606.343622
333.547539,178,606.47265
248.093735,168,606.689866
214.544592,139,606.790932
313.674044,360,607.146328
219.245742,138,607.24604
135.847377,121,607.334311
231.68531,147,607.534404
291.999948,168,607.656751
135.824774,111,607.737885
301.859543,163,607.856502
112.755479,241,608.229746
46.904392,150,608.340685
316.01492,164,608.459829
365.538553,185,608.686023
402.508537,198,608.829955
225.721959,140,609.129024
236.961362,151,609.244976
321.012578,186,609.381322
27.582282,96,609.45079
37.967353,132,609.743817
153.201434,208,609.898555
628.552983,265,610.183985
310.354312,215,610.341048
254.832574,160,610.457662
471.014589,219,610.709274
494.896809,239,610.881944
413.622607,185,611.108941
291.977618,172,611.234319
241.684364,150,611.343923
98.318234,111,611.425343
482.14453,232,611.68666
325.858676,179,611.817129
230.282467,146,611.922475
29.511639,109,612.094236
164.44977,128,612.187003
363.844165,193,612.328699
77.643506,110,612.508675
235.15551,140,612.610955
59.690875,105,612.688019
61.508324,126,612.780223
241.512525,148,612.980129
167.039114,146,613.087005
383.391233,190,613.225584
457.652903,232,613.487967
250.957957,163,613.605888
850.705826,533,614.093431
24.68796,98,614.164541
203.355704,145,614.269513
237.783067,148,614.470052
79.964755,110,614.54996
228.662085,147,614.655994
352.71445,187,614.885094
68.199831,107,614.962964
361.332658,183,615.097045
236.973623,150,615.205694
314.126659,170,615.425988
286.415352,180,615.556155
183.189049,129,615.649387
212.268336,151,615.97412
90.495865,106,616.051558
31.102639,105,616.127837
104.724625,116,616.212105
12.670836,97,616.507087
238.606261,141,616.610683
245.605648,143,616.714067
444.868663,199,616.857874
147.870165,125,617.173756
285.112919,160,617.289745
186.955052,135,617.387966
66.809225,111,617.691844
35.736476,103,617.767094
188.257674,157,617.881592
262.34841,152,617.992386
331.12956,192,618.373803
80.906564,108,618.452328
87.376066,116,618.536965
70.247896,114,618.620579
326.502864,176,618.840436
247.790463,160,618.957575
286.235922,161,619.076334
71.511004,107,619.247033
616.181776,272,619.445749
78.666838,119,619.534138
13.730772,101,619.607655
304.311648,170,619.823687
236.640118,156,619.937636
303.210049,173,620.063353
304.345476,185,620.290943
251.422587,156,620.403566
237.275911,144,620.509241
224.599894,146,620.709087
93.346763,115,620.792756
338.149305,182,620.925436
211.94628,140,621.124435
332.066052,173,621.250482
249.367802,159,621.366037
316.171425,164,621.576491
105.923462,110,621.657753
285.153403,158,621.772691
229.458529,147,621.879948
475.593968,269,622.169967
66.801375,109,622.250034
501.670965,342,622.592345
175.803164,135,622.690427
327.941951,177,622.818904
277.947919,181,623.04408
696.993101,457,623.471555
185.294388,134,623.569653
240.714341,151,623.679699
56.941906,101,623.753544
-86.069922,224,624.011136
227.049175,159,624.128638
237.219837,154,624.241126
866.434105,343,624.583249
72.777256,232,624.845072
633.609139,284,625.054318
394.641363,204,625.2037
211.359569,337,625.544553
150.944985,291,625.849339
210.197062,141,625.95286
105.018085,229,626.121747
243.510534,150,626.322787
-116.932223,177,626.453067
5.892533,234,626.71684
17.130374,100,626.789705
301.669393,256,626.978343
156.046264,128,627.072616
34.813515,95,627.234626
7.670557,260,627.426919
323.323917,180,627.648801
167.538766,126,627.742081
300.200551,171,627.866883
239.000854,161,627.985314
323.240932,175,628.206691
217.433939,148,628.315119
227.428751,148,628.423355
369.914911,183,628.650444
95.800814,229,628.818482
286.489682,178,628.948471
521.742792,267,629.237303
58.086642,248,629.419475
405.679282,195,629.65452
194.772757,138,629.755943
216.843487,152,629.866918
276.15844,161,630.080243
218.653289,148,630.191528
60.85781,104,630.267633
196.223246,137,630.458314
289.682881,176,630.588558
307.825297,180,630.719845
305.481124,179,630.943284
392.61082,202,631.091836
242.400183,169,631.214906
173.763784,135,631.406043
3.707438,96,631.483862
211.829382,144,631.589772
314.759487,184,631.72517
125.198939,121,631.916609
237.669722,153,632.028681
166.637094,131,632.125531
210.981327,146,632.237055
234.977793,157,632.444218
211.31269,140,632.550387
196.486925,142,632.654565
75.225572,108,632.825142
49.874834,104,632.902128
232.975035,145,633.0082
188.304789,139,633.110928
220.79481,149,633.313778
223.732762,142,633.418668
237.703909,157,633.532878
190.65936,146,633.6399
171.187393,139,633.834284
220.990423,144,633.940082
212.908841,145,634.049329
217.830929,143,634.245762
5.722593,97,634.316557
7.002187,92,634.382894
163.471844,132,634.479917
215.013357,144,634.586052
221.722639,151,634.788661
-11.96351,97,634.859939
164.009635,129,634.954132
94.940125,118,635.041729
-15.51269,100,635.207761
397.456019,236,635.381908
231.431024,151,635.4921
219.475415,137,635.684937
94.066997,109,635.764843
225.700783,150,635.874932
105.115083,117,635.961965
89.932459,109,636.134081
385.352357,204,636.28428
-6.385157,100,636.35801
220.015333,139,636.459662
275.257732,181,636.685193
217.548537,144,636.79137
103.102891,114,636.874831
274.794191,162,637.085692
212.766819,143,637.191175
127.33631,113,637.274194
276.356957,168,637.399459
-14.273278,93,637.559417
195.634302,144,637.664221
284.96452,181,637.796598
232.21945,152,637.99985
229.747845,150,638.110862
169.94851,142,638.216137
232.312954,158,638.332703
193.625021,144,638.532691
234.002005,160,638.649564
341.588278,183,638.784954
287.99245,172,639.002815
231.088013,155,639.11832
3.126796,109,639.197969
257.018621,155,639.40456
19.834238,105,639.481885
197.339286,146,639.588013
204.571078,146,639.694913
216.740376,148,639.896149
188.817383,138,639.998085
100.834946,119,640.085876
246.694576,160,640.202529
180.655972,136,640.422747
14.783552,104,640.500485
32.381821,105,640.578144
223.924146,143,640.681968
83.237707,113,640.856783
244.901213,148,640.965487
291.788892,174,641.093771
161.86865,123,641.183669
90.231262,115,641.361803
218.618676,145,641.469751
214.38113,137,641.569975
90.760698,112,641.652728
226.575488,150,641.858168
-11.896405,98,641.931656
122.55893,118,642.01893
13.013287,100,642.097549
210.671438,142,642.29378
210.013112,144,642.39967
56.30314,104,642.47718
72.862702,112,642.560185
249.494874,151,642.763155
163.1724,125,642.85474
222.180674,152,642.966846
209.046985,137,643.067913
17.476376,95,643.230574
285.407737,175,643.358347
365.068005,229,643.526475
83.873703,115,643.703722
275.001861,161,643.821699
237.061045,153,643.932897
106.901389,116,644.112027
47.664553,100,644.186821
130.895307,118,644.272689
177.67011,134,644.370658
45.280511,101,644.444456
380.349607,200,644.684769
158.185103,130,644.779494
217.589348,141,644.882514
254.277225,151,645.086805
101.787671,117,645.172688
312.663957,168,645.295735
86.535621,114,645.379697
80.546439,115,645.558323
232.066313,150,645.669341
23.046428,101,645.743981
56.231584,108,645.823683
116.691095,123,646.007434
15.325887,105,646.086188
67.537237,123,646.178606
834.990729,440,646.597011
239.049118,149,646.706748
305.574239,179,646.838216
246.089892,157,647.046543
28.243007,104,647.12498
102.039572,117,647.211161
286.051462,184,647.436996
261.807851,178,647.569062
63.761251,111,647.651009
26.027672,102,647.726906
1.472478,102,647.893938
349.005211,192,648.035252
5.565733,102,648.111959
10.490491,99,648.184351
299.619341,175,648.405106
327.328048,182,648.540016
18.965568,247,648.72323
489.375661,238,648.990504
249.815226,162,649.112498
123.155281,132,649.302812
407.55677,213,649.458845
269.100862,179,649.591327
101.229279,119,649.771368
95.291203,116,649.857408
7.581943,102,649.932966
119.238453,128,650.027963
206.46343,147,650.136989
228.793779,161,650.34743
296.939959,171,650.475138
254.284348,176,650.604773
70.837516,204,650.848989
5.67279,99,651.288808
42.128253,106,651.368072
22.931816,108,651.539643
272.47002,181,651.674492
268.462237,163,651.794478
373.037401,216,652.045069
71.688302,112,652.128595
125.422524,155,652.244848
330.868933,193,652.386472
335.635089,194,652.623961
322.328744,175,652.753254
189.169416,144,652.86014
385.560761,206,653.1065
190.855998,145,653.214965
314.904436,183,653.518637
294.814226,176,653.654542
163.900513,132,653.752657
492.603603,232,654.133743
52.094637,110,654.216097
327.825503,181,654.350523
317.022195,174,654.69584
240.397323,154,654.814116
196.07168,158,654.93138
398.380825,211,655.310515
309.249244,179,655.443845
228.617432,150,655.555531
-13.155067,87,655.620314
75.702537,124,655.803991
605.412876,272,656.005357
442.559102,372,656.372026
447.06153,232,656.546067
573.22102,278,656.844579
-12.116572,95,656.915159
169.977215,142,657.020925
93.438505,118,657.199788
250.856316,172,657.327101
339.895565,190,657.467115
409.236341,211,657.716465
96.188916,122,657.806323
78.669995,118,657.894044
268.679663,179,658.025582
226.914405,155,658.33641
326.801656,191,658.477106
107.113061,119,658.565439
40.713466,104,658.735296
484.75238,240,658.912747
274.833959,166,659.036519
615.218345,335,659.378856
305.622904,179,659.512569
409.565966,196,659.748493
228.757255,156,659.864783
202.999852,152,659.978708
61.181175,120,660.161133
576.624128,273,660.363136
182.328169,146,660.47348
283.649704,271,660.766108
6.816094,105,660.844956
301.081022,189,661.077107
173.30126,143,661.183827
540.08489,265,661.378844
22.430383,105,661.548911
5.284875,94,661.620217
488.517389,239,661.796594
263.97954,180,662.022247
611.086746,474,662.372951
520.472215,269,662.759609
43.62855,113,662.844145
33.498972,118,662.932936
288.055562,193,663.167641
332.382946,217,663.328501
585.203762,441,663.74791
32.832343,110,663.829059
555.832364,276,664.123233
237.242098,196,664.265911
883.686786,439,664.681789
53.135165,120,664.769263
619.149694,351,665.118771
398.418717,307,665.437278
112.605429,138,665.539162
11.128716,95,665.609169
-5.408689,95,665.678947
41.953912,113,665.761945
62.396143,112,665.94015
-37.262523,87,666.004386
-18.909614,83,666.065202
-11.967204,83,666.125994
-11.806214,82,666.186246
-12.568428,85,666.248065
-7.57827,82,666.400871
-25.33392,89,666.4663
-16.263799,85,666.528699
-16.275473,97,666.599595
-29.620946,86,666.662225
431.389567,234,666.925954
162.476777,145,667.031641
103.513298,126,667.123912
-13.14158,86,667.279523
5.560751,84,667.342299
377.978031,213,667.49795
-9.581305,84,667.55991
-24.251568,89,667.625255
79.797372,118,667.80388
33.176279,102,667.87832
4.627753,89,667.943666
-7.459148,87,668.006885
4.600775,101,668.081759
-12.581742,90,668.240481
-2.926912,83,668.301402
-12.267065,89,668.367879
-19.307302,89,668.434179
-25.643203,89,668.499988
-18.26758,83,668.560504
231.508944,155,668.765414
111.855045,127,668.858707
-25.786087,87,668.922596
-3.586579,97,668.994704
283.259762,185,669.223923
11.459893,101,669.299765
-25.673741,87,669.363561
-30.344846,88,669.428301
313.578349,197,669.664886
-36.545674,89,669.730742
-12.274185,88,669.795318
-6.90028,88,669.859962
13.310882,100,669.935344
-16.996596,85,669.998602
241.63548,170,670.214832
-40.831161,84,670.276838
12.082098,95,670.346208
-28.745614,83,670.409111
-21.027801,87,670.665259
141.780408,128,670.763208
-38.704034,91,670.830456
-4.57418,85,670.894319
-14.290696,92,670.962468
-13.252473,94,671.031251
-5.132071,95,671.194384
-29.614894,87,671.259163
11.632504,101,671.334112
1.302316,85,671.397167
-27.021222,87,671.462402
202.692976,149,671.664709
-14.676814,91,671.733176
-23.073202,89,671.799035
-20.147526,92,671.866996
138.858242,134,671.965248
-12.29565,87,672.12093
268.786111,175,672.251122
-26.797377,90,672.319121
-14.378932,86,672.382885
171.146176,142,672.654695
82.882205,120,672.744402
-10.745892,83,672.805888
43.57156,110,672.886713
23.122872,106,672.964761
-20.088572,84,673.119125
-15.066822,87,673.182994
-9.627572,92,673.250993
-20.226545,93,673.320075
46.828919,108,673.399727
228.122761,206,673.642153
-8.803485,93,673.710999
-4.225486,99,673.785283
12.663827,100,673.859859
6.700236,96,673.930322
-33.141694,93,674.091417
85.122191,121,674.180111
-1.208745,97,674.25271
-42.113133,91,674.320111
37.609531,99,674.393122
-23.111808,92,674.641912
183.104283,152,674.753793
243.502838,164,674.873637
-10.959048,88,674.939073
279.472114,170,675.159916
223.062442,160,675.276846
141.078921,163,675.39634
176.356447,146,675.594444
16.207368,102,675.669273
37.684205,113,675.752462
-20.319958,96,675.822455
-16.491482,93,675.890502
-117.20555,167,676.107606
391.659388,294,676.32406
211.02691,272,676.619813
33.122678,113,676.703515
-51.1449,256,676.984721
-45.242184,97,677.056276
-42.554683,91,677.123885
2.659119,98,677.196424
297.697956,189,677.427567
390.805115,207,677.581224
-22.644048,97,677.652276
-11.897777,92,677.721438
-18.173563,92,677.790047
-30.833888,95,677.956196
40.659758,114,678.0403
12.882281,103,678.117499
-21.994639,85,678.181098
-3.949137,92,678.249081
-15.099616,96,678.410928
204.342758,211,678.564959
-28.591175,96,678.635675
81.97323,176,678.856141
22.475077,103,678.93312
42.716533,111,679.015086
-19.620806,93,679.085413
14.524775,104,679.161629
382.83081,242,679.433851
12.689599,99,679.516894
18.793417,105,679.594403
-13.928049,95,679.66398
125.318028,135,679.854349
9.250623,238,680.029502
576.10783,389,680.408478
-2.927818,105,680.485053
56.796931,116,680.57054
308.568036,216,680.819923
156.311297,340,681.068869
-4.198249,97,681.232188
-24.349667,95,681.303458
-93.514067,150,681.414065
268.483778,376,681.783147
89.658154,153,681.895522
81.443309,121,681.988266
338.65596,284,682.291447
6.409739,106,682.369475
384.959008,239,682.63752
63.605934,124,682.728478
8.298136,110,682.808657
213.018132,282,683.107489
-39.407832,89,683.173584
125.14354,324,683.41158
-21.288471,91,683.570725
-24.297461,92,683.638198
-119.028369,161,683.757551
-8.530397,110,683.837982
-4.636317,98,683.909586
-17.976024,93,684.07338
-7.490888,99,684.146161
-139.693812,171,684.271499
28.81959,232,684.638852
245.553877,362,684.905948
209.650427,345,685.251409
-10.807632,102,685.325243
-9.071883,99,685.398155
9.418686,115,685.574103
298.132637,417,685.880481
-10.345137,111,686.054038
8.867774,111,686.135037
-16.16335,98,686.208461
13.195074,107,686.286602
16.363583,114,686.461968
1.402911,102,686.538484
-8.447881,94,686.608523
17.939127,108,686.687836
9.71906,104,686.764532
17.317046,106,686.935381
10.984311,109,687.017027
-4.171341,101,687.092183
3.880535,97,687.163328
-9.301742,105,687.24022
-8.837884,110,687.414565
-16.092926,97,687.485752
-1.838367,98,687.55905
-4.357197,113,687.641964
183.541822,155,687.756659
7.45963,94,687.919261
-28.902957,101,687.993572
227.525763,177,688.122686
122.529567,203,688.468828
-216.186468,170,688.594379
347.353247,223,688.759069
108.033132,129,688.947181
11.30007,95,689.020026
129.936479,203,689.170366
307.86251,186,689.501467
22.160368,100,689.575331
179.439512,143,689.680078
276.81267,182,689.814016
224.044434,165,690.026537
1.003607,107,690.105312
-12.763379,89,690.170329
173.174497,144,690.275826
-45.803096,269,690.566297
-27.25202,120,690.654536
-30.218964,108,690.733633
346.073306,203,690.974476
198.69515,154,691.086318
224.027075,167,691.210602
-22.31497,88,691.367995
165.950266,140,691.471688
155.421829,146,691.580042
71.384995,122,691.669768
198.912477,279,691.998751
-2.190137,97,692.070881
-21.780447,110,692.15148
3.724731,103,692.226687
-29.024887,98,692.390612
63.940109,117,692.475999
336.744153,240,692.651002
-27.727553,99,692.815606
167.671437,152,692.927122
338.643866,260,693.117203
316.944125,209,693.362781
170.530762,146,693.476109
-4.266359,95,693.545756
67.447643,112,693.627648
84.64095,126,693.812705
50.96079,121,693.90054
477.174242,370,694.265667
380.716882,303,694.489777
178.413004,156,694.694386
98.398957,129,694.788832
-45.900652,97,694.859348
-24.581342,109,694.939904
36.858556,120,695.027899
224.726324,176,695.251177
27.69495,102,695.327019
17.292424,93,695.394713
305.408956,199,695.632915
102.403407,140,695.737586
-13.845759,105,695.814915
101.546289,140,695.916677
21.268873,103,695.991882
155.26898,159,696.230883
33.418575,111,696.312117
226.618362,166,696.434007
59.159287,116,696.609737
60.999671,121,696.697661
-46.604908,91,696.763652
14.181908,103,696.839555
18.69675,125,696.931091
141.77079,136,697.120584
97.811337,143,697.224296
79.422906,118,697.311047
220.085205,164,697.5226
82.167117,118,697.609039
65.00251,114,697.692196
9.122657,104,697.767843
53.779696,128,697.862008
9.841342,118,698.04084
158.102395,165,698.161593
64.142356,137,698.261224
110.730795,131,698.450119
22.77812,108,698.859386
-7.663815,97,698.932592
209.171774,162,699.053677
142.304398,153,699.257286
286.809412,198,699.4077
57.459727,118,699.495989
45.120155,121,699.585838
46.04362,120,699.767082
-27.643014,93,699.834729
-18.074928,98,699.907326
182.080669,180,700.039275
-8.558667,91,700.198531
-24.62017,96,700.270751
172.5851,157,700.386294
182.6969,136,700.485661
146.104948,152,700.68929
-2.000752,87,700.754007
40.270991,134,700.852765
83.350134,145,700.958485
81.517434,111,701.13281
409.780106,246,701.315764
3.252017,85,701.378917
208.430418,159,701.496059
-12.138341,93,701.656497
211.132771,161,701.778979
39.748101,112,701.861811
257.491598,172,702.081334
57.096654,121,702.172146
38.325598,106,702.251279
58.176317,103,702.328419
18.102958,101,702.403315
291.197463,197,702.64069
80.369196,121,702.729555
4.322607,97,702.800086
332.117364,213,703.059372
-29.898536,97,703.131005
-65.383722,102,703.206762
12.125399,101,703.281431
168.598628,150,703.391536
-20.385936,94,703.55405
-14.482684,85,703.616879
38.823724,116,703.70254
18.060734,103,703.777695
47.130728,125,703.868973
-14.621829,96,704.031915
173.095364,155,704.146148
15.803606,108,704.225908
395.588061,222,704.480347
231.950739,201,704.627497
-1.639368,97,704.698814
76.57042,114,704.782304
194.6662,190,705.020346
-24.120959,94,705.089929
-23.342288,98,705.162613
307.682917,201,705.405408
44.416017,115,705.492052
-43.47471,86,705.55514
-9.712104,101,705.629161
13.875589,100,705.702723
2.731289,107,705.877198
-39.052208,120,705.967912
-44.413703,97,706.038929
-6.435089,94,706.107589
150.752017,160,706.226221
42.438183,120,706.409567
262.51355,199,706.556795
216.438922,198,706.701369
55.53677,122,706.883843
67.592555,122,706.974787
13.214292,107,707.053076
-34.091269,95,707.123377
194.909875,144,707.321809
0.133762,105,707.39828
14.70208,101,707.472709
363.138003,254,707.751657
-12.217997,91,707.824504
30.719692,117,707.912324
-23.527597,98,707.983792
-3.720052,101,708.058307
-27.382008,93,708.219257
54.453048,119,708.310926
338.233244,230,708.481859
45.871193,109,708.561229
-2.292927,98,708.724573
173.131933,151,708.83698
17.919704,97,708.909294
53.909552,124,709.001278
219.031732,193,709.23584
455.870578,295,709.452548
258.763321,174,709.673808
40.166647,121,709.764003
134.454331,147,709.872565
41.930999,118,709.960261
31.031877,115,710.1387
25.15015,127,710.232395
67.754063,120,710.321879
58.385176,126,710.41565
39.535063,111,710.591062
238.35843,179,710.724315
196.353764,155,710.837945
-29.021318,94,710.906829
138.769157,173,711.126776
201.948957,179,711.258206
242.314259,157,711.372924
258.10262,207,711.620268
163.472493,166,711.745607
121.409242,215,711.997922
303.777182,215,712.156973
218.64,168,712.278984
195.377126,186,712.508054
-20.089119,101,712.582044
183.534395,256,712.768842
68.741633,122,712.951401
202.438364,173,713.079567
206.550019,170,713.206598
48.075689,126,713.301466
183.487821,155,713.523786
226.675338,203,713.676908
-10.316689,108,713.756008
382.36459,265,714.049195
172.35025,169,714.173894
17.926715,110,714.256509
6.554833,110,714.431298
-32.822108,105,714.509295
276.518587,193,714.651837
-10.518772,102,714.727771
159.295548,160,714.93796
-24.730251,95,715.008938
238.792355,176,715.138613
-35.71683,102,715.214204
-1.56543,103,715.396808
16.372203,99,715.470487
-39.117318,107,715.552715
107.798355,144,715.658943
240.092546,223,715.917704
167.387704,179,716.049197
-47.294218,100,716.123122
59.46621,114,716.302149
308.179985,223,716.471832
325.748676,283,716.777056
286.383713,188,716.916198
46.375315,110,716.99831
21.738744,129,717.09381
206.836344,184,717.323494
-9.871415,108,717.403921
78.417237,124,717.495855
42.136511,115,717.580625
-40.468958,98,717.746742
-32.376833,109,717.827768
-37.091694,103,717.903911
-42.538978,100,717.978246
-30.149869,100,718.0532
-34.225717,105,718.315649
21.433381,109,718.396828
-41.873799,101,718.472162
-77.585359,98,718.544513
-21.427161,105,718.621654
-16.158995,105,718.791158
-30.332583,111,718.874966
-61.809796,100,718.948866
-52.77223,104,719.029019
-40.1101,111,719.11155
-8.871138,114,719.419493
-23.527332,112,719.50293
-0.348116,99,719.577226
-91.136801,95,719.648304
-5.032025,106,719.949644
-64.690943,96,720.023351
-48.182709,105,720.102524
-11.428126,115,720.190703
-37.313531,95,720.263595
-38.991644,101,720.431101
-71.638683,104,720.511314
16.676554,113,720.595251
2.246785,110,720.678984
-49.925191,116,720.766989
-18.894043,108,720.942603
143.182397,145,721.052794
2.687216,121,721.143647
-10.409584,117,721.231178
-184.592167,183,721.460968
327.231241,266,721.661367
-230.698965,186,721.893256
-228.934012,152,722.005835
-11.609972,117,722.093416
174.738694,177,722.225642
23.349006,280,722.631577
288.370336,224,722.799528
24.471988,126,722.987294
283.766691,263,723.184209
387.643108,263,723.476539
-16.769309,100,723.54995
0.021878,124,723.640538
-39.82866,104,723.717358
143.592596,172,723.938043
-4.265842,102,724.013759
-47.967344,219,724.17787
109.950475,177,724.402385
161.757555,178,724.536086
-151.197009,244,724.715394
-4.229288,113,724.890378
3.10301,116,724.976161
-43.144215,103,725.051917
-58.138792,116,725.13779
292.544009,194,725.37282
83.666387,140,725.483318
80.933487,141,725.587013
231.269115,242,725.858089
-248.901835,161,725.979205
-100.749903,237,726.247413
18.402279,114,726.331429
-4.030425,118,726.417933
-31.860491,125,726.510462
103.692242,175,726.835697
7.144956,115,726.921966
-8.553448,267,727.119956
13.17598,122,727.301337
1.89693,129,727.396633
56.03255,257,727.587052
197.177642,165,727.932492
239.375578,266,728.131054
21.735284,292,728.441098
-87.907286,90,728.50718
-29.462721,150,728.617799
5.665213,129,728.713136
-27.414662,115,728.891471
8.725231,120,728.9796
39.551462,125,729.07379
-32.588978,122,729.16356
-44.282417,108,729.336802
7.541612,108,729.417372
12.676199,135,729.517351
-60.188011,231,729.779379
-186.515359,183,729.917165
-12.877843,105,729.995437
41.870593,180,730.129485
27.081456,134,730.321536
-9.76539,109,730.403383
-36.181021,132,730.501393
-87.442721,212,730.751141
-47.874424,158,730.869076
-101.724336,110,730.95075
-39.871958,113,731.035055
221.513507,159,731.245233
-105.821496,94,731.314454
44.4424,119,731.4031
272.538986,218,731.564809
-99.508864,95,731.726647
35.473161,114,731.810651
-4.079225,117,731.89703
183.860239,225,732.154818
2.477903,115,732.239013
-54.147917,104,732.318806
-53.118224,107,732.399492
-64.992389,93,732.468191
-27.890968,102,732.635283
57.348036,145,732.74114
-7.010574,115,732.825886
-58.219206,104,732.902747
-11.671758,120,733.186687
-69.237384,98,733.258589
-47.677184,105,733.336569
2.910562,110,733.418316
31.7544,119,733.506347
-24.829571,107,733.682034
-58.138249,119,733.770003
-60.204842,102,733.844888
-61.319259,112,733.927195
-63.286406,100,734.001839
14.959077,109,734.176584
208.750997,196,734.321931
-111.646714,202,734.471421
-42.374409,101,734.638616
-38.212568,98,734.711358
17.75418,105,734.789569
-19.162099,135,734.88927
-66.949754,97,734.960055
-51.790101,97,735.123909
1.821804,121,735.21367
-35.834617,110,735.296328
-28.265131,108,735.375781
30.662974,111,735.549014
-38.199623,106,735.627084
-58.108268,104,735.703105
161.21764,205,735.85557
-35.937646,113,736.031275
-23.001766,114,736.114907
11.642734,135,736.215447
-40.468331,110,736.296395
7.098517,110,736.376782
-40.32685,106,736.547618
-27.981685,120,736.635528
23.918367,110,736.716602
29.932799,114,736.801015
165.702766,165,737.016278
-14.112527,121,737.106743
-139.197557,215,737.267395
4.52154,120,737.449764
-56.737326,113,737.532734
156.723001,171,737.659045
142.886334,139,737.762382
-2.620729,124,737.946082
-15.383674,109,738.026721
-25.926335,101,738.101031
11.638425,130,738.196247
-17.673416,148,738.508244
-38.388956,231,738.679787
74.040615,147,738.787995
-95.526755,118,739.099361
97.473156,146,739.206969
-63.692244,100,739.280595
-75.69396,114,739.366865
11.714811,122,739.457547
-109.581057,108,739.746243
11.873458,109,739.825982
-38.546424,140,739.928904
36.356185,114,740.012822
-44.269363,115,740.291714
11.978305,119,740.379277
-65.008323,100,740.453038
-28.231684,105,740.530086
-39.411639,128,740.821318
64.108825,281,741.033429
-53.65458,143,741.139774
-60.785886,139,741.475127
45.433512,123,741.56632
16.760262,137,741.6664
-143.272897,173,741.794119
-27.571191,103,742.092554
-38.75932,112,742.174707
56.343936,161,742.293789
-185.020676,183,742.650972
-28.898815,110,742.732853
-18.177814,118,742.820361
-36.116533,103,742.89696
-29.857287,113,742.980385
-20.060202,115,743.290413
-71.132502,122,743.382223
-19.378303,118,743.469306
-2.454475,115,743.554831
82.572477,207,743.931715
154.626133,168,744.056499
-56.367239,102,744.131025
-76.795521,116,744.2161
-18.591271,116,744.526072
-67.774781,107,744.604003
-52.208953,102,744.678051
-27.227485,102,744.752107
-90.525024,98,745.024015
-6.296742,108,745.105205
-76.175994,126,745.198905
8.612107,123,745.288588
-72.989796,143,745.392478
-30.409783,97,745.687943
18.766867,116,745.772655
-67.373123,103,745.847537
-79.820491,211,746.094214
-76.339871,105,746.172554
-18.656807,108,746.252293
43.917295,158,746.369217
-29.792842,105,746.447003
50.66224,123,746.745616
-14.418309,114,746.830766
15.959713,117,746.917446
31.115594,132,747.015486
177.606953,166,747.362763
21.604666,116,747.449071
-17.442199,125,747.541738
-47.064595,125,747.985151
-21.180593,131,748.305173
-21.976185,109,748.385308
12.987427,123,748.475048
189.700717,172,748.602839
-192.593909,149,748.808671
11.324446,106,748.886334
-23.002795,102,748.961479
69.994553,126,749.055975
-30.298365,104,749.225668
-7.522785,135,749.325711
23.940339,112,749.40724
16.267389,117,749.494195
56.311738,116,749.672482
31.098259,119,749.761568
82.227728,140,749.865639
-99.413112,95,749.935249
-5.730109,121,750.116148
7.167196,113,750.20078
64.171259,134,750.299802
-53.988722,131,750.397382
-113.960801,194,750.635547
36.597117,118,750.722942
10.379254,118,750.810804
184.285785,176,750.940666
32.703791,128,751.128122
164.997506,376,751.407732
-95.462885,190,751.642646
276.498413,390,752.027542
-194.881038,152,752.140295
38.590595,222,752.305703
-9.465419,116,752.392361
-16.272034,114,752.57016
-18.285334,110,752.653231
-227.390995,190,752.797153
13.761075,142,753.005839
-37.315945,109,753.0871
-33.93412,123,753.179289
4.658354,119,753.266486
90.639222,164,753.481199
-221.723074,147,753.589832
-49.100428,125,753.683395
91.674824,265,753.970843
-206.999147,127,754.068606
-219.525144,141,754.173319
-18.52396,105,754.250997
-43.712245,124,754.438385
-32.280477,135,754.537829
-214.527361,157,754.65425
-73.751589,153,754.768306
-219.828787,158,754.977708
-35.917858,109,755.058246
-193.860707,183,755.195019
-102.664087,180,755.42174
-150.600403,130,755.522597
-53.223846,112,755.605262
-55.266714,134,755.70472
-123.192699,196,755.943068
-191.394072,181,756.077699
47.800502,269,756.369843
11.329391,115,756.456371
-34.752576,267,756.654916
-234.505571,124,756.840138
-142.473444,162,756.961778
-41.973658,130,757.058265
-54.214306,107,757.13854
-244.528667,166,757.355029
5.100122,132,757.452507
-17.646172,139,757.556371
-36.671661,127,757.744109
-189.954635,133,757.842601
-35.059457,127,757.936679
-84.646552,217,758.190394
11.477578,109,758.272796
-249.906252,184,758.411146
33.276952,110,758.4929
-129.649222,206,758.740366
-208.109546,167,758.864787
1.661279,118,758.953239
9.920744,107,759.03294
-236.111733,182,759.260844
-171.577203,185,759.399444
-134.418104,214,759.649794
61.17346,118,759.737229
-198.525406,157,759.854086
-143.125085,165,759.976257
197.27157,315,760.302617
-98.414318,197,760.448642
-63.804653,98,760.613555
96.160748,146,760.721089
60.293131,113,760.804741
80.815215,160,760.924556
12.592311,125,761.110486
23.548658,106,761.189774
38.275614,115,761.275565
-9.712374,101,761.349654
8.067894,125,761.53714
-42.400175,100,761.610959
-247.176569,176,761.742648
-58.457024,135,761.846227
59.834202,222,762.105327
-41.821385,134,762.206628
-258.093114,151,762.318711
38.640798,117,762.498379
-11.830373,122,762.589696
-213.282822,158,762.708497
-55.702305,128,762.810552
-197.890798,187,763.042275
30.413581,136,763.143169
-221.540069,126,763.236661
161.813242,297,763.559401
-17.604039,141,763.666029
-36.91366,92,763.734043
-211.489339,165,763.951642
-150.749383,203,764.10609
-234.367858,160,764.224656
25.793258,137,764.422947
-75.326558,259,764.619474
-210.889877,162,764.742743
112.915063,156,765.064683
-245.086088,166,765.18743
-57.215545,186,765.325168
22.599836,124,765.619694
-197.377705,154,765.733303
-120.592756,201,765.883071
20.945675,118,766.194355
-35.848168,105,766.272174
10.974432,136,766.372706
7.515374,126,766.46673
-197.789349,114,766.776846
256.247728,312,767.012056
20.538419,123,767.104139
-212.315388,192,767.470369
-71.231988,106,767.548989
-184.037345,168,767.675571
78.319639,123,767.961407
-191.706318,194,768.108463
-232.103964,167,768.232922
-148.628807,194,768.579193
-160.260484,148,768.690527
-138.774626,145,768.796847
-247.040051,103,768.874519
-269.939951,178,769.230614
-186.398035,184,769.368635
-210.429599,127,769.46333
46.521972,144,769.766739
-190.670282,129,769.863016
-210.722596,151,769.975041
-184.432479,143,770.081879
-149.488666,188,770.428252
-152.47526,191,770.572301
-92.024218,146,770.680338
-87.614182,149,770.995849
-208.156212,132,771.092873
-144.304276,179,771.226899
-130.731217,190,771.591467
-221.839307,193,771.734847
-183.409124,129,771.830116
-214.062719,161,772.148016
-199.453996,130,772.243527
-146.526115,198,772.390615
-224.154924,149,772.717721
-178.325664,199,772.865388
-214.013177,158,772.983004
-124.904895,189,773.320281
-212.696748,139,773.422667
-163.903897,127,773.517992
50.301649,124,773.609784
-215.542015,161,773.952283
-164.569193,204,774.104559
-117.733834,207,774.482274
-230.660159,168,774.607638
72.37411,124,774.700047
-86.110623,183,774.835036
-211.477337,131,775.15895
-126.289277,207,775.313552
44.488,281,775.615677
9.49617,138,775.717939
-193.816221,183,775.854341
-171.727652,187,776.08613
-126.718448,179,776.219487
6.489621,113,776.302458
-106.049093,195,776.541164
4.855847,102,776.617226
-108.5665,217,776.778892
-188.99623,187,777.011575
-183.438242,188,777.153668
-41.838716,200,777.312809
203.192194,154,777.626562
-99.476868,186,777.76576
58.399107,134,777.864686
9.074333,111,778.168797
-128.312144,192,778.310313
-115.735219,212,778.466929
-89.452582,213,778.848654
-189.357533,197,778.993798
10.926715,227,779.386711
28.858482,112,779.469833
-8.343911,191,779.614144
-219.629283,187,779.977465
31.079515,119,780.066256
-29.001666,102,780.141765
230.388904,192,780.284126
-146.527115,210,780.644715
-73.489797,211,780.802377
-35.115362,101,780.87653
16.341315,109,781.180138
11.724901,110,781.262324
107.491569,283,781.473432
22.857203,233,781.869684
0.267807,191,782.011875
315.522076,246,782.40001
93.667445,149,782.511248
21.349968,126,782.604704
-132.921753,155,782.721022
360.543955,228,783.111433
-171.818694,185,783.249625
-155.655492,208,783.607243
29.321567,116,783.692064
-57.299027,96,783.762962
-9.644589,95,783.833108
-17.346723,100,783.906543
-159.09114,161,784.248803
90.77249,123,784.338788
106.690032,144,784.444556
1.489737,102,784.752341
-242.564971,145,784.865868
280.160419,189,785.006199
-19.971418,218,785.392318
43.091161,121,785.482512
-28.641365,100,785.556202
-40.283072,196,785.702788
11.114298,108,785.983774
21.05813,102,786.059275
-33.954858,212,786.217814
20.393455,143,786.52902
-195.799108,178,786.663055
-52.08164,99,786.736179
47.844372,121,786.826433
-105.602751,197,787.190908
5.435161,190,787.332433
54.571204,130,787.429213
-218.360685,187,787.781385
-102.665846,190,787.923877
-210.858429,184,788.061773
-6.277299,101,788.292073
261.735485,206,788.445697
-45.940342,186,788.5882
-129.329902,176,788.811147
-173.778599,157,788.929152
-193.676777,179,789.063384
-188.442242,150,789.272372
-156.968132,184,789.412098
-227.496536,120,789.502967
-20.779153,235,789.7718
-157.464137,178,789.904491
-190.33055,143,790.010736
-226.593895,141,790.208761
-156.762882,139,790.314144
94.745446,268,790.514663
52.973603,264,790.806324
-191.55741,150,790.920207
-201.577442,180,791.146204
93.200933,158,791.263108
-149.020327,190,791.405499
66.326368,119,791.495043
-84.781895,185,791.805841
6.8647,198,791.958721
-218.437745,113,792.044132
15.283902,229,792.440045
71.57093,256,792.631778
-200.836929,150,792.945353
-170.59537,170,793.071893
81.506813,139,793.174499
-183.694126,141,793.3741
-119.258981,163,793.495471
53.087155,126,793.590065
-174.366594,151,793.703997
-255.119744,97,793.869931
96.031532,159,793.988769
-210.92308,134,794.091695
-176.078102,154,794.208162
-74.645552,179,794.432605
227.069146,186,794.573574
-90.443188,179,794.800432
360.909202,239,794.979953
-23.206564,261,795.277061
126.128698,202,795.428188
-50.07242,180,795.563932
-195.378356,159,795.775282
-111.632285,192,795.921505
-169.543381,156,796.038068
-132.654087,180,796.264798
81.787174,171,796.391785
-237.369672,149,796.503748
-217.382808,143,796.835074
300.949403,198,796.983125
-85.352246,188,797.125014
-49.811573,202,797.50011
-70.485956,199,797.64999
-130.424244,190,797.794321
-228.81912,176,798.126499
94.114915,127,798.220832
-52.315966,174,798.352756
-152.782105,185,798.714974
-24.361988,207,798.870894
188.010918,323,799.331414
81.736968,118,799.433714
171.135252,186,799.585697
-196.755425,145,799.857045
-100.408226,177,799.989778
238.79957,206,800.669295
289.374889,266,800.960695
90.248899,304,801.191343
31.385348,252,801.471696
27.991461,111,801.554113
128.104895,141,801.658276
4.127348,214,801.912115
210.590698,211,802.067592
-161.115832,177,802.291203
314.105547,193,802.43617
-55.762339,272,802.735406
-117.514858,164,802.858597
19.089759,258,803.051067
-103.159937,188,803.284633
-167.313579,135,803.3859
-37.170944,186,803.525511
146.685904,152,803.730728
-227.532259,152,803.84603
164.543369,190,803.987809
-25.7428,191,804.22845
-186.101256,133,804.327881
120.819792,259,804.520875
-179.555324,138,804.720778
-131.004457,185,804.861823
-58.467744,222,805.120949
329.603264,209,805.27752
218.298095,182,805.412651
105.215497,130,805.601473
31.445794,110,805.683534
-230.076524,152,805.797352
252.672629,345,806.148737
-222.005424,162,806.269482
-196.509219,163,806.391263
-95.802194,163,806.606841
-199.082476,170,806.733636
112.80976,346,807.167058
7.632097,135,807.269562
20.471677,143,807.375858
-173.457862,183,807.604949
-148.444346,167,807.729078
-140.572161,188,807.888556
31.061346,229,808.257773
80.680375,246,808.448749
-204.902092,173,808.669438
-16.441417,202,808.8233
-67.338853,192,808.96732
214.282967,201,809.212482
96.522569,138,809.314943
-49.185197,180,809.449352
-215.888291,173,809.673647
-204.005704,155,809.789482
145.329333,146,809.897501
335.038822,256,810.179774
-201.085326,161,810.299377
-199.853548,182,810.434459
-100.565485,168,810.651254
-203.779243,150,810.763369
-201.36702,146,810.870466
-186.027997,159,811.082864
-179.7276,154,811.197403
-150.522524,134,811.298332
-163.205882,156,811.508713
-208.276148,151,811.621084
-80.798065,195,811.764498
-190.904771,169,811.986602
-197.880745,133,812.08564
25.167048,219,812.255088
-196.073404,168,812.515364
-214.979927,177,812.646961
-218.271119,165,812.769495
-210.734369,165,813.087761
-191.362255,123,813.179904
-229.329642,157,813.295855
-204.796399,166,813.419767
-225.645978,149,813.733042
70.121979,124,813.82481
-214.00902,147,813.935248
-191.186913,135,814.240914
-11.081643,123,814.336274
-245.576599,183,814.471668
-188.586382,155,814.585837
-24.2548,183,814.931324
-218.30436,169,815.058647
-231.028405,166,815.183565
-262.806151,167,815.507595
-232.362486,128,815.602383
-198.311358,145,815.7127
-192.314798,152,816.05282
-253.798909,164,816.177763
24.762408,131,816.276339
-197.644164,185,816.506199
-197.988418,151,816.626926
-104.24968,202,816.777904
-219.508179,161,816.990371
-35.962758,193,817.135791
-219.394835,176,817.270399
-251.389806,165,817.488636
-167.998905,189,817.629979
-229.313604,171,817.757535
-95.020323,179,817.985255
-169.352183,143,818.093116
-237.560098,165,818.219618
-247.578396,171,818.44032
-165.414263,158,818.558611
-215.083416,152,818.67279
-194.316542,166,818.798514
-182.248658,162,819.014971
-157.157924,157,819.135004
-228.485323,174,819.264924
-246.039578,164,819.482733
-124.868533,191,819.627502
-222.48024,178,819.760013
-134.86272,184,819.989023
-261.863666,176,820.120428
-190.24233,150,820.233252
-184.400964,162,820.446762
-220.233878,170,820.573499
-135.115836,185,820.711409
-184.059781,141,820.908662
-175.806834,140,821.01389
-169.581541,162,821.135977
-206.900863,173,821.357745
29.633975,183,821.494556
-206.118828,184,821.633991
-155.630288,147,821.836763
-53.420891,184,821.977083
-110.99387,174,822.107474
-99.836977,170,822.327479
-94.48304,168,822.453978
-194.847009,156,822.571845
-184.793388,157,822.782853
-157.533913,169,822.912
-151.704166,157,823.030874
-209.982473,163,823.246449
-186.10393,171,823.374791
64.554502,138,823.477814
-183.900682,158,823.689989
-197.524322,162,823.812607
-189.203225,163,823.935652
-234.914065,170,824.068199
-211.945408,134,824.261995
-181.586985,160,824.383457
-179.111302,142,824.49064
-192.472362,141,824.689477
-166.924142,139,824.799803
-163.574169,174,824.930993
-207.118452,126,825.026662
-222.732281,154,825.235362
-188.164698,127,825.331544
-221.826365,147,825.443521
-195.758832,146,825.643929
-208.306067,165,825.768781
-232.844107,170,825.897012
-218.330272,121,825.988281
132.901958,172,826.20859
-158.314366,172,826.337645
-214.971932,174,826.559025
-223.810821,152,826.673911
-138.281217,169,826.7995
-165.724471,187,826.938941
-183.611619,135,827.132541
-229.060498,123,827.226764
-255.371158,112,827.311689
-162.364207,155,827.521209
82.054318,143,827.629455
-189.293951,175,827.761008
-199.631919,141,827.867525
-157.949576,182,828.097535
-75.056333,209,828.253568
-110.386138,173,828.474456
-120.735811,190,828.617924
-172.812575,155,828.734525
-123.108675,187,828.965599
-115.850515,170,829.093754
-163.838754,175,829.224815
-246.360239,182,829.454438
73.652326,144,829.563766
-205.308458,180,829.699916
-88.291424,189,829.932638
34.092701,133,830.032935
-145.509234,166,830.159896
-218.033298,180,830.388944
121.258434,174,830.520681
-124.561281,169,830.649335
-246.793456,162,830.981832
29.689343,122,831.075252
-177.413487,171,831.204639
-221.589457,184,831.342585
-155.092495,169,831.56054
-173.954286,158,831.678309
-193.448819,174,831.809577
-99.835746,169,832.133827
-210.885915,149,832.245928
-65.048215,208,832.401413
-239.431425,169,832.742141
24.36689,118,832.830045
-207.772354,143,832.938824
-2.729324,183,833.276323
-171.757496,169,833.404341
-229.89611,172,833.532784
44.429807,183,833.76182
-25.625495,104,833.840534
32.807952,131,833.939454
-131.595777,181,834.079847
24.268774,118,834.260202
128.543139,142,834.369627
73.444321,139,834.474113
134.500108,151,834.779469
228.919894,231,834.955238
68.326445,142,835.06173
14.8981,116,835.242269
-208.142572,172,835.379414
124.832245,175,835.51392
-173.507561,178,835.740539
22.508852,114,835.824999
84.130192,147,835.939619
116.671122,154,836.056036
-213.847336,161,836.373307
6.91368,111,836.457351
143.363747,234,836.633808
-215.419774,161,836.848238
6.785086,165,836.971543
132.856162,186,837.111123
24.817706,121,837.296822
-161.833338,178,837.432784
-184.497241,172,837.563328
-13.202283,106,837.642962
19.643567,141,837.961467
20.867991,115,838.048098
-219.167301,164,838.171411
35.986211,113,838.44923
8.046639,114,838.540645
-6.0573,108,838.622222
68.466539,131,838.720443
33.099508,116,838.808647
-6.870674,110,838.985334
4.654428,114,839.073231
51.251264,128,839.168727
-17.109248,100,839.245083
39.393597,129,839.434267
32.308412,134,839.534651
175.774973,211,839.694785
-98.755622,197,839.935857
-31.198737,105,840.014517
30.353458,130,840.112702
31.567198,121,840.203704
-4.437943,99,840.368773
-3.909155,104,840.448801
-36.642685,99,840.525095
265.440086,223,840.693575
-154.590781,186,840.924197
-35.835107,101,840.999521
12.361163,109,841.08102
115.049519,212,841.330926
-27.069386,101,841.407325
-20.778098,101,841.482363
39.393451,139,841.586765
15.329794,109,841.668971
18.986381,113,841.846348
-30.637803,102,841.922415
-18.63265,96,841.993633
-19.637518,102,842.070792
-12.080341,92,842.140915
-14.675991,106,842.311746
-16.984593,101,842.388272
73.434484,134,842.488093
-19.645731,98,842.562024
-18.699699,96,842.634285
17.146517,106,842.807112
0.045991,86,842.872073
-29.242116,98,842.946253
8.229372,108,843.026335
-10.474034,97,843.097818
-37.184804,99,843.263082
-37.823178,98,843.336536
-1.610669,97,843.409551
-7.550893,103,843.487361
-32.248181,100,843.562238
-12.995383,111,843.737493
-12.75123,107,843.817965
-7.783032,96,843.890735
-2.100102,110,843.973354
-41.259802,96,844.045911
-34.199416,95,844.209454
-33.40055,98,844.283333
-20.434129,100,844.358493
-27.896869,93,844.427869
-9.290409,95,844.49973
100.341558,133,844.691329
-27.15931,94,844.761799
-27.304153,100,844.837461
19.284645,103,844.915063
-47.002401,93,844.984628
3.730173,98,845.164114
-4.802181,93,845.234396
-2.669736,105,845.313032
-9.959699,95,845.383179
8.078147,103,845.460467
-2.987513,97,845.625338
22.295556,102,845.704626
-50.539724,99,845.7795
-23.774583,97,845.85304
7.34749,99,845.928209
-15.00694,94,845.998935
23.868163,100,846.166144
24.454368,104,846.245239
-2.468884,93,846.316069
-6.892714,83,846.379529
-23.698586,94,846.450653
1.108175,95,846.614233
7.560176,99,846.688612
0.907449,96,846.761267
-16.257682,82,846.8236
12.763197,102,846.900131
-1.974843,99,847.067316
-4.547627,84,847.132738
6.402216,95,847.204366
-17.036648,98,847.280014
-11.412821,98,847.354566
18.513256,96,847.42636
-45.789701,94,847.702923
3.729648,93,847.773138
-43.677357,96,847.844651
0.972388,95,847.915585
112.221745,127,848.013106
-8.407878,98,848.310462
-11.97764,94,848.381033
6.58421,90,848.449063
5.19113,106,848.527854
-44.063115,87,848.594939
-23.777375,88,848.75387
40.383671,140,848.860602
-22.153009,94,848.931319
27.555515,108,849.012547
-26.466202,92,849.08502
-7.748849,97,849.249081
-14.675143,99,849.671041
1.773543,92,849.74213
14.001211,102,849.819728
17.731993,94,849.891658
-29.423436,94,849.961649
-6.064879,91,850.121826
12.718466,101,850.197999
-20.837252,102,850.275177
20.257205,104,850.353438
20.89487,97,850.426811
-31.146126,102,850.685073
-15.81931,84,850.748474
-33.424681,98,850.823058
-23.976992,101,850.899273
-3.219988,104,850.978394
-18.352656,102,851.14747
14.550352,112,851.232229
-20.799574,94,851.302749
3.074625,104,851.38026
12.572178,104,851.458316
-9.436047,100,851.626748
29.14089,104,851.705073
-29.232651,99,851.780101
10.607918,96,851.852423
11.000045,100,851.927924
31.404182,104,852.09831
-13.473661,98,852.172739
17.591322,96,852.246149
-14.361399,102,852.323322
28.863218,102,852.400916
-10.632781,90,852.561655
-5.046928,100,852.63775
-13.050291,90,852.705766
43.688245,109,852.788826
-12.59076,96,852.861419
-7.69375,97,853.128364
13.633263,111,853.215147
0.520914,99,853.290608
48.661743,112,853.374461
19.465229,107,853.455173
20.422603,92,853.615582
15.039872,104,853.694292
16.81437,103,853.772432
46.360404,102,853.849171
7.118831,100,853.925339
67.999875,129,854.115537
4.599787,102,854.191867
-6.739696,98,854.265659
3.117998,84,854.328701
-3.632317,98,854.402384
14.361552,102,854.570624
-0.836407,101,854.648356
5.528303,101,854.724541
25.783021,105,854.80317
25.485446,110,854.886483
-1.083544,108,855.058921
-38.126237,96,855.131076
-8.950821,83,855.194623
6.005297,95,855.265912
-11.720329,93,855.335621
9.713199,95,855.40836
10.188524,98,855.573774
25.755703,108,855.656239
-18.027617,88,855.722152
11.825441,95,855.792816
36.392785,98,855.866044
-5.049976,104,856.038325
-1.976958,93,856.11069
-10.463479,90,856.17795
-21.536902,82,856.239747
-5.147274,95,856.310755
-1.425277,99,856.474833
9.362188,96,856.54828
-3.307639,95,856.619153
10.875063,94,856.689875
12.865458,94,856.760201
-10.135683,90,856.827538
-22.2675,88,856.983694
-31.976737,85,857.047765
8.946669,98,857.122715
-11.731541,89,857.189834
1.67004,97,857.261817
7.355855,98,857.426684
-11.172481,91,857.496034
-27.439375,88,857.563067
-12.640119,95,857.634656
3.750527,99,857.709397
-25.667997,92,857.778264
11.466043,98,857.942985
44.068121,102,858.020075
-11.626595,84,858.083366
-12.261008,86,858.148108
24.740141,104,858.226285
-5.459654,91,858.38504
2.419136,99,858.45909
14.662119,101,858.534034
33.168819,100,858.609272
6.868976,93,858.678622
-19.53941,90,858.745721
13.299396,96,858.907827
-16.555665,88,858.973598
16.091939,108,859.055359
-12.487942,102,859.132292
15.011051,98,859.205315
13.06342,103,859.373432
6.451658,100,859.448893
8.442938,100,859.524275
-19.127385,102,859.60231
-16.025806,92,859.670643
-13.588714,101,859.840921
12.970343,100,859.916186
10.314889,99,859.991738
-11.625338,100,860.066625
-39.922486,97,860.138722
1.323305,97,860.302432
17.953391,95,860.374058
6.032863,99,860.44922
-8.568145,91,860.517372
27.110869,104,860.596502
11.318573,99,860.760327
8.85759,96,860.833088
5.34238,95,860.904258
60.006727,111,860.987778
25.352981,103,861.066131
36.916447,113,861.241294
11.353857,100,861.31973
6.115547,100,861.394387
6.658608,109,861.47598
13.931261,96,861.548697
5.902018,104,861.717079
-5.875926,96,861.789958
-17.064863,95,861.861904
11.094111,101,861.9378
-8.33835,100,862.013999
15.452247,105,862.094164
17.372115,103,862.262767
-3.53178,93,862.33226
-7.272759,96,862.404346
13.117437,101,862.480824
23.136856,115,862.567495
-41.966839,96,862.730885
19.626372,102,862.807584
22.558008,105,862.886267
27.505009,118,862.974249
15.737589,99,863.048231
24.370043,98,863.213051
13.746997,103,863.289233
28.664666,101,863.364612
-5.145733,100,863.441379
21.626159,102,863.51829
40.379052,105,863.822804
13.609177,111,863.907213
92.356676,144,864.016926
18.129755,115,864.106092
28.357055,109,864.280193
36.255771,100,864.355798
11.726804,103,864.433084
23.403276,104,864.511274
52.810372,109,864.59373
38.62057,138,864.787959
23.697518,117,864.875051
34.487217,99,864.950845
39.954296,102,865.028533
61.288742,111,865.203581
6.683014,107,865.285732
39.095964,114,865.370569
47.847796,107,865.451007
71.017744,148,865.563635
67.561695,107,865.735719
51.185341,110,865.817407
45.50166,113,865.901629
-10.605532,102,865.97838
42.40018,111,866.151612
30.50558,102,866.229511
27.244121,102,866.3067
7.141186,102,866.383023
53.235007,104,866.462015
17.182234,108,866.634749
24.262602,114,866.72067
46.051095,104,866.7981
62.567878,108,866.879049
112.326901,143,866.98509
150.746006,154,867.190076
34.441562,109,867.271944
58.273002,108,867.353368
68.583407,122,867.445261
67.265947,150,867.649406
48.994296,104,867.726574
64.37376,132,867.824979
9.155732,102,867.902245
42.454346,106,868.073103
29.921115,109,868.153744
44.83502,110,868.235494
41.493281,108,868.316292
-1.321984,103,868.39299
61.048973,107,868.564406
20.281341,99,868.638605
30.859769,97,868.711538
32.518149,111,868.794064
63.181867,112,868.877051
55.594564,109,869.050649
39.126502,107,869.131002
67.817078,115,869.217117
52.830808,105,869.295278
58.428053,114,869.471565
34.414806,102,869.548671
42.446776,118,869.637367
25.484292,112,869.722107
44.005065,100,869.797738
7.698611,100,869.964226
48.818523,109,870.048043
30.958415,100,870.123172
51.337521,127,870.218122
27.321291,105,870.297149
31.134798,106,870.571746
22.968101,101,870.647497
37.242186,108,870.727734
114.394972,149,870.83956
44.649022,107,871.010687
38.055934,117,871.099197
20.631911,112,871.182126
39.391025,99,871.256078
28.917987,107,871.336451
29.629408,102,871.503622
99.739333,136,871.605715
44.140741,108,871.686568
18.157268,106,871.765808
43.228825,123,871.948877
21.038943,111,872.032744
64.424559,138,872.136237
22.536469,101,872.211655
75.059848,134,872.312554
26.935816,105,872.481714
7.220255,109,872.563631
28.143415,109,872.645068
61.665146,129,872.742556
-2.538103,99,872.908368
25.62135,99,872.982541
27.123903,110,873.065834
61.632415,124,873.159008
17.897036,104,873.235672
25.223906,106,873.40801
41.234032,107,873.488621
36.340293,107,873.570539
27.170023,114,873.65711
16.278798,112,873.742175
29.546598,104,874.018075
45.848716,113,874.1047
24.96337,116,874.192839
41.792743,107,874.272905
46.579775,118,874.45647
54.174814,115,874.543195
38.113854,118,874.63252
8.041048,115,874.7196
43.578115,108,874.800727
48.672764,123,874.98505
71.587494,127,875.082448
71.877375,121,875.17365
13.529439,101,875.248639
29.38517,108,875.421794
24.204123,109,875.504178
25.14908,110,875.586947
26.974446,102,875.662946
41.245846,102,875.739892
3.002287,97,875.904014
44.043969,113,875.988409
36.806339,114,876.074371
45.033288,105,876.154328
10.31478,106,876.235236
57.270789,102,876.402467
34.731052,112,876.486705
32.439753,112,876.571169
16.511741,110,876.654161
27.326494,101,876.730714
42.259301,110,876.905259
27.460812,102,876.981888
27.633021,100,877.057338
43.149359,105,877.136756
26.241323,111,877.311141
73.543377,122,877.403948
44.215855,100,877.478956
33.188632,105,877.558036
45.355217,107,877.637544
33.876152,103,877.806614
38.292954,105,877.885291
46.983704,100,877.959961
54.714481,110,878.042154
110.303523,138,878.146301
16.847458,98,878.311516
39.441172,101,878.386602
17.452288,98,878.459605
0.929983,101,878.534784
42.950693,102,878.611671
45.66641,107,878.783579
47.219665,105,878.861832
55.73522,106,878.940921
46.165694,105,879.019334
16.267541,105,879.099725
32.721242,112,879.276368
25.208826,102,879.353368
36.863768,106,879.433103
54.056243,105,879.511379
72.173846,123,879.695149
39.968985,106,879.775394
-1.254909,88,879.841716
45.520575,117,879.930409
48.322493,106,880.009309
44.443612,107,880.181047
40.321675,101,880.256639
36.397512,117,880.34406
44.744755,103,880.421719
154.555144,140,880.525381
41.655531,102,880.693
31.479851,108,880.773702
56.405806,109,880.855477
37.664976,107,880.93527
32.244981,102,881.01135
41.322267,100,881.175879
29.883391,100,881.250187
33.409891,97,881.322823
39.87336,105,881.401353
29.809186,106,881.480634
41.182613,99,881.647696
28.011,109,881.729464
15.355091,108,881.810892
50.155793,103,881.88815
17.257147,101,881.963491
34.5078,101,882.130035
36.837117,100,882.204136
51.129982,106,882.283119
41.149353,101,882.359428
48.366783,103,882.43592
35.804302,100,882.601983
44.010628,116,882.689911
43.815273,98,882.762581
17.127108,105,882.841247
64.069765,107,883.01451
42.486739,99,883.089258
26.208876,101,883.165211
30.859349,101,883.240056
62.486789,109,883.321467
33.351255,96,883.39342
45.693168,105,883.563072
47.843524,103,883.640796
25.154863,96,883.713416
27.342744,99,883.78816
54.226354,100,883.862915
33.241439,100,884.029153
45.679621,110,884.112963
41.123285,105,884.191524
24.142883,101,884.267654
45.570738,98,884.341042
32.540229,96,884.609929
57.194242,103,884.687196
27.370581,100,884.762299
17.143784,92,884.831415
23.496713,97,884.903804
39.460573,97,885.068569
24.215357,109,885.150352
30.543137,99,885.224318
18.758894,91,885.292175
40.889778,107,885.372062
15.678806,95,885.658273
26.146002,107,885.738519
28.379088,97,885.811754
7.337185,94,885.882371
47.420508,100,885.957438
12.430352,93,886.119241
34.961812,100,886.194627
57.299326,101,886.270115
41.18431,98,886.343475
29.092035,94,886.413563
29.646472,103,886.686177
29.272187,95,886.758155
34.840515,95,886.828599
9.167328,93,886.898517
13.493165,104,886.975532
67.983865,109,887.056572
18.717247,92,887.362555
4.067336,103,887.439396
84.981877,125,887.532323
55.787453,108,887.61326
13.467734,98,887.910674
19.553809,96,887.983481
41.092019,103,888.060782
43.645957,102,888.137547
37.422817,103,888.214671
32.75866,100,888.487125
25.946841,104,888.569604
41.232218,98,888.6442
28.826776,102,888.720519
27.454186,101,888.796607
26.276999,94,888.867445
48.561707,102,889.170374
22.968596,95,889.242728
35.898716,101,889.318836
42.03802,100,889.39484
13.551409,100,889.470314
31.597338,101,889.74629
36.694901,108,889.828027
94.791496,129,889.926756
0.313298,100,890.001631
72.719157,113,890.17968
46.75862,105,890.258658
32.117758,98,890.332497
6.995731,87,890.398782
37.867792,106,890.478887
36.015775,102,890.646376
34.158804,105,890.726835
29.013651,112,890.811916
31.951364,102,890.888206
39.506935,108,890.969153
32.605392,103,891.138991
70.480998,123,891.231243
43.73589,104,891.311886
34.559865,100,891.386069
38.71619,99,891.460129
27.163822,104,891.744001
130.219646,134,891.843317
20.208778,98,891.918049
106.618813,131,892.017013
88.749997,128,892.337202
42.854051,111,892.420408
46.074609,106,892.500619
36.449496,105,892.579646
30.548677,106,892.658992
62.641986,107,892.963608
27.79741,101,893.039911
61.904043,103,893.117656
31.17181,104,893.195521
18.055208,100,893.270772
45.123001,100,893.569596
56.820593,112,893.65423
42.042455,102,893.731484
29.772651,105,893.810262
38.642593,104,893.888678
14.556947,92,894.183761
25.374488,107,894.264923
12.133932,96,894.338407
31.667358,99,894.412918
35.571655,103,894.491098
27.496909,106,894.802437
50.20858,103,894.880018
72.073758,104,894.958948
29.694555,100,895.034808
41.51224,102,895.111662
50.911416,104,895.282003
1.728608,86,895.347038
14.333339,90,895.414832
6.095866,91,895.484159
32.181379,99,895.558934
26.239771,97,895.632121
41.605765,101,895.798179
54.296266,99,895.873173
18.331595,99,895.948081
55.541178,103,896.025586
9.844759,87,896.091556
-8.432844,85,896.385185
1.219532,89,896.453281
30.524453,96,896.525763
10.828378,92,896.596774
-8.911605,90,896.665856
2.635765,92,896.927193
-2.935484,81,897.008094
31.64316,91,897.076922
35.301387,98,897.151149
13.560494,87,897.21682
38.818305,99,897.292033
14.946401,94,897.454361
27.337781,95,897.526349
12.363643,96,897.598137
22.266157,92,897.668309
9.013145,90,897.736062
46.572817,95,897.807492
16.096234,94,897.97055
23.323568,97,898.043927
-7.385782,91,898.112682
-13.801287,79,898.172589
25.386377,98,898.245917
14.63465,96,898.409262
39.941003,105,898.489527
6.842894,86,898.555076
-6.727819,91,898.624129
105.646464,121,899.064476
29.356231,100,899.23251
-1.744409,88,899.299094
38.091613,100,899.374168
23.200254,94,899.444249
45.900424,95,899.515676
59.19717,101,899.59117
17.677213,99,899.758605
17.693823,102,899.83523
7.588121,95,899.90667
8.406112,87,899.972492
36.6776,104,900.051696
7.260352,90,900.211525
47.679278,108,900.292766
22.949642,103,900.370666
29.486969,93,900.440694
20.62614,96,900.513163
19.423182,95,900.675375
25.15245,99,900.749927
-4.302088,95,900.8225
39.256695,103,900.900269
28.024238,96,900.972902
26.928111,101,901.14035
50.404825,104,901.21925
5.462015,96,901.291591
32.541435,106,901.370965
62.264116,114,901.456332
39.996773,102,901.62352
67.513735,112,901.706546
46.200875,103,901.78391
27.280122,101,901.859955
14.066217,99,901.934467
39.008733,102,902.102019
2.5902,95,902.173404
21.041329,93,902.243497
24.566706,99,902.317893
3.395638,88,902.384819
11.500196,98,902.549084
26.656709,99,902.625759
55.563559,104,902.703717
83.741927,121,902.794242
21.107938,98,902.867862
17.651145,100,903.035893
17.325503,101,903.113
19.673587,94,903.184535
42.85625,107,903.264954
28.636116,95,903.336776
26.234007,100,903.412762
-5.908894,89,903.570787
57.010905,100,903.646166
15.263142,94,903.716418
46.027162,102,903.793553
39.421283,111,903.876766
31.251749,102,904.045576
23.63402,99,904.120043
66.217288,104,904.198832
45.387756,103,904.276386
50.91079,103,904.353554
21.682327,98,904.636683
25.628352,92,904.706134
67.272192,104,904.784035
27.513627,96,904.856062
46.109999,102,904.932574
-3.182746,91,905.205816
10.598021,94,905.276959
87.552775,123,905.368537
28.462642,98,905.441739
-11.49132,86,905.506412
53.260093,106,905.818975
27.708494,98,905.896177
17.293573,98,905.969686
46.951326,103,906.047038
11.822594,88,906.112816
27.19993,95,906.407545
33.25173,103,906.484442
21.560632,93,906.554481
54.969379,109,906.636145
71.711081,107,906.716767
48.155609,108,906.998522
32.899379,96,907.073949
46.49893,111,907.157368
13.272109,94,907.229192
39.025112,100,907.304574
46.529874,105,907.60749
28.792235,108,907.688497
43.156799,99,907.763284
4.670544,110,907.846732
60.431126,105,907.925219
11.768377,96,908.204008
20.83716,94,908.276156
27.149858,104,908.353803
29.34648,98,908.42767
12.480423,101,908.503846
35.135711,104,908.780403
43.273049,102,908.859396
30.055173,116,908.946658
45.669623,100,909.022975
11.761667,100,909.097505
8.125159,96,909.39958
41.186544,109,909.48733
16.509914,106,909.566936
63.915285,110,909.649905
39.637265,106,909.729125
40.655507,115,910.016665
70.53504,132,910.115892
11.1569,106,910.194983
71.960629,123,910.288375
9.509172,95,910.360271
61.675995,107,910.664958
9.21877,98,910.738493
32.143539,102,910.814477
15.166177,99,910.889165
26.146884,98,910.962358
33.409435,103,911.264232
17.356411,97,911.337384
11.045707,95,911.408258
8.852542,104,911.488
11.963026,97,911.560995
37.6874,106,911.733613
34.237741,101,911.809527
38.764771,104,911.887578
24.303025,105,911.96653
25.529228,99,912.040405
61.599787,113,912.21901
39.136767,105,912.298015
128.099979,135,912.399788
86.362864,114,912.48479
61.427156,112,912.660465
16.514893,96,912.732803
34.82392,104,912.810372
32.665852,101,912.885346
21.279328,103,912.962447
110.539833,158,913.171259
24.854476,99,913.244713
31.780265,98,913.318884
41.06458,96,913.391018
38.656446,106,913.470027
54.311675,107,913.640835
16.714258,104,913.719339
71.302463,111,913.802373
8.082014,93,913.87284
15.686681,94,913.942948
66.375362,111,914.116645
37.070786,107,914.196011
48.326622,105,914.274923
34.029308,100,914.349634
25.541695,97,914.422103
27.330936,101,914.587976
19.900414,99,914.662295
57.192692,108,914.743967
22.563338,106,914.824732
84.143957,121,915.005789
57.907139,102,915.083931
51.142917,112,915.168144
-9.541699,95,915.23901
16.597923,96,915.311413
39.035259,99,915.385725
-14.666561,87,915.54529
34.935879,101,915.621726
42.811158,103,915.698623
19.282055,92,915.767015
64.692257,110,915.849884
24.594054,114,916.026715
33.10541,102,916.103098
-0.074228,93,916.172894
35.573769,102,916.248653
27.881775,100,916.322918
12.276523,100,916.490114
13.642734,102,916.56697
-4.409877,105,916.64644
21.450504,95,916.717416
21.19238,97,916.79019
23.753627,97,916.954317
96.820424,136,917.055977
6.076696,101,917.131352
16.07631,96,917.203101
26.200991,95,917.274312
10.026967,97,917.43814
8.456023,92,917.507479
41.055388,103,917.585877
21.233174,94,917.656701
41.364799,102,917.733654
0.299214,97,917.896757
25.676134,97,917.969744
29.990869,97,918.042828
24.138413,95,918.113153
50.947305,102,918.189711
-16.088926,104,918.359546
70.337646,116,918.447897
-16.697948,95,918.519567
38.666543,101,918.594505
0.315251,92,918.66326
12.642934,96,918.826575
21.346723,95,918.898451
5.105956,100,918.972857
14.51702,101,919.049372
42.387561,99,919.123478
21.955411,97,919.195642
26.125259,97,919.360586
13.574697,93,919.430204
32.371653,99,919.504917
5.295534,80,919.565737
10.256459,94,919.636277
38.015585,99,919.801867
62.467603,104,919.880614
30.614893,96,919.952819
12.585904,94,920.023004
9.106251,98,920.097164
49.330028,105,920.266504
69.176851,106,920.345976
-3.518404,81,920.407464
26.922061,97,920.479916
23.200515,100,920.554564
-10.246403,95,920.717315
19.674372,99,920.792423
24.704164,95,920.863683
11.300386,86,920.928693
40.055971,99,921.002607
10.742853,89,921.069457
13.464986,96,921.232416
5.519837,94,921.304173
17.983809,101,921.380547
35.931936,98,921.45475
36.774044,100,921.529579
29.726561,96,921.692966
44.831246,103,921.770828
19.895473,91,921.839494
51.16885,99,921.915026
34.919043,99,921.989218
6.542184,95,922.151186
59.672855,104,922.229637
-4.873445,90,922.297302
4.208942,84,922.360787
10.662505,94,922.430907
-9.832652,84,922.494649
15.315703,98,922.670848
-3.20125,82,922.732713
46.721305,98,922.806002
20.4843,90,922.873124
6.491278,94,922.943658
7.709002,83,923.007258
-18.193741,77,923.156415
10.91952,89,923.22284
11.044865,95,923.294729
39.351003,98,923.367745
25.328706,97,923.440342
6.46128,100,923.606619
13.243532,93,923.676912
60.151118,100,923.752325
15.893837,89,923.818238
2.292648,98,923.891284
-9.111725,95,923.96248
19.560246,84,924.117716
27.974211,96,924.189278
-7.317077,81,924.250077
15.184703,94,924.320935
13.031775,84,924.384208
1.572764,94,924.545302
45.998925,98,924.6198
-2.188842,91,924.688331
7.3421,93,924.757672
-1.074048,82,924.819055
29.170245,94,924.889052
38.100201,102,925.05787
21.412256,89,925.124565
12.720325,94,925.194103
81.979358,132,925.291403
7.580329,99,925.364651
17.626318,83,925.520029
37.756396,101,925.595617
36.552833,99,925.669911
17.084737,86,925.734431
33.504226,95,925.805322
29.668423,94,925.967661
17.394441,99,926.042372
10.569446,82,926.104336
62.256032,104,926.181757
-0.408958,89,926.248071
6.017164,85,926.311616
38.62309,96,926.474788
36.238281,97,926.548114
-31.895044,91,926.617573
-1.249976,84,926.680773
-5.361675,90,926.748602
-8.610559,102,926.915725
26.678463,96,926.989259
23.118397,97,927.061659
22.201991,95,927.132592
9.573013,90,927.200573
0.497408,94,927.270364
-10.229576,84,927.518717
17.217253,94,927.589065
33.666181,101,927.66401
34.514255,96,927.735625
3.189207,94,927.805536
10.375546,90,928.096598
15.718807,98,928.169657
44.533007,96,928.241612
14.090778,91,928.309682
32.950672,97,928.384702
-22.034875,78,928.443976
38.564123,98,928.753097
57.550579,103,928.830819
16.369494,97,928.903238
18.434343,94,928.973649
68.292708,107,929.054516
-20.516131,79,929.353955
93.793182,172,929.484267
48.219748,124,929.577664
228.847525,212,929.937082
113.001019,158,930.058428
68.053313,161,930.178738
-137.755777,227,930.574261
125.735034,154,930.690875
44.017028,129,930.78851
132.826613,150,930.900728
153.090326,204,931.27865
78.675644,175,931.410105
121.852075,174,931.764851
112.26741,154,931.882148
95.059364,174,932.01374
109.554314,160,932.134199
87.557673,174,932.488243
126.442069,156,932.605193
78.48989,157,932.725642
-153.071008,220,933.096808
137.684527,168,933.22388
77.581554,159,933.344228
89.798949,158,933.67016
73.176514,168,933.798262
195.69065,251,934.196633
-55.055018,138,934.302014
96.949984,159,934.423203
131.942656,225,934.79998
102.296568,157,934.918678
116.222761,199,935.069379
-160.683073,214,935.467795
-98.60475,258,935.663822
-111.709504,270,936.094353
137.584964,179,936.228874
-90.993281,266,936.655863
60.237749,180,936.792349
78.763298,175,936.925977
-84.519547,269,937.330996
138.745757,216,937.493263
116.034616,180,937.853499
108.56269,196,938.001886
-139.473078,256,938.392775
-254.845362,185,938.536181
101.889761,172,938.667491
63.909073,179,938.947313
64.186946,161,939.070251
76.015324,183,939.210221
-93.768458,280,939.624046
-141.263121,226,939.79758
73.668577,179,940.146461
103.307535,178,940.282296
86.387698,178,940.417252
116.010668,183,940.781772
-172.225407,240,940.964745
-141.069685,266,941.258086
310.891963,273,941.463766
-119.689513,294,941.78259
92.667496,157,941.902616
-140.671861,216,942.069396
-76.286669,250,942.35228
143.631144,265,942.552963
173.059012,211,942.80415
213.049627,217,942.969257
261.665971,245,943.244505
70.968235,181,943.383423
92.126412,178,943.519863
-179.145557,216,943.880901
-118.668089,264,944.08294
-114.186843,272,944.382273
164.46437,196,944.528253
63.949338,161,944.746042
81.835149,174,944.876958
32.240532,146,944.987254
183.630218,202,945.246327
86.157027,182,945.385834
132.743573,184,945.526681
57.759693,197,945.767358
238.632765,197,945.916665
190.653695,202,946.162972
-54.971323,145,946.273935
118.572915,180,946.410911
57.647092,188,946.648259
103.884537,170,946.77817
114.996648,189,946.920957
89.392076,167,947.139901
111.060564,181,947.277566
147.683091,200,947.429395
140.856357,278,947.737073
30.013432,155,947.854935
37.342429,131,947.952798
241.17344,218,948.339903
139.881769,232,948.514815
-8.529588,220,948.776503
268.080251,235,948.957007
-3.074887,138,949.063472
159.531691,166,949.408508
124.189071,185,949.547962
60.732773,177,949.679956
189.682051,201,950.055944
118.135609,169,950.185005
126.497824,191,950.555478
-131.802852,189,950.700887
-10.564208,134,951.518132
123.902352,167,951.853293
145.076796,160,951.975044
-147.566579,190,952.120283
127.606293,163,952.450741
-64.318048,248,952.64017
-69.142502,221,952.807733
103.138397,154,953.149943
123.2279,141,953.256966
127.867531,156,953.375595
128.188645,212,953.75597
12.041469,233,953.930734
174.39799,218,954.303571
-158.482852,200,954.454698
110.180341,196,954.603389
178.742294,261,954.891067
369.79696,291,955.112641
187.367741,194,955.350779
106.390368,365,955.719039
110.971941,159,955.841614
253.326015,299,956.07141
232.887514,222,956.332525
250.650719,226,956.503091
-65.980564,219,956.761585
-202.358247,168,956.889904
-161.836835,151,957.004021
78.411307,195,957.246226
117.529867,170,957.37616
-91.635567,207,957.625043
145.377508,166,957.752194
-173.887023,188,957.898326
124.956175,169,958.11857
-53.599251,194,958.266569
27.327346,218,958.431491
254.206969,193,958.670705
58.957365,143,958.779947
112.608535,158,958.901453
169.905804,195,959.143449
91.392718,172,959.274068
215.810916,199,959.424574
-90.230057,175,959.649707
159.313704,188,959.792627
-6.295177,136,959.897185
244.307903,191,960.136395
100.352032,153,960.253068
143.234301,214,960.415167
113.698422,153,960.624948
117.013108,175,960.756876
174.446164,164,960.88172
101.076488,152,961.105296
167.732189,175,961.236978
114.116493,158,961.357429
164.237337,191,961.726538
119.756871,152,961.843657
101.130028,186,961.985001
142.616509,159,962.32974
194.90068,190,962.474535
123.905382,159,962.594911
112.900609,160,962.943557
142.824182,188,963.087304
100.340057,139,963.194453
52.621942,130,963.489743
104.205363,153,963.606659
26.862314,185,963.746524
99.8907,177,963.97089
214.264858,185,964.114312
117.567659,169,964.243803
284.417014,240,964.517827
165.131084,178,964.652111
190.35192,196,964.891747
247.525468,457,965.242292
77.419086,162,965.456092
10.359426,116,965.544651
90.191051,156,965.666683
-139.545604,230,965.934529
194.217996,191,966.079649
-76.208277,189,966.224225
185.360414,178,966.450454
-204.846597,148,966.562348
188.067596,194,966.710928
129.550571,186,966.944663
-148.441966,257,967.140535
163.067943,269,967.434675
89.086335,143,967.545522
159.921137,157,967.6654
205.434195,216,967.919898
213.677251,198,968.070649
-292.763635,166,968.288016
364.963156,282,968.503894
113.101205,166,968.635554
159.887147,188,968.970929
139.106001,181,969.108788
75.160151,129,969.207844
-122.276048,224,969.587424
12.69423,137,969.693352
103.93704,172,969.824842
117.451713,158,970.169673
66.943739,150,970.285171
-172.083373,218,970.451106
156.909765,141,970.650075
91.778984,177,970.784684
200.666318,180,970.920429
187.762655,201,971.164531
-7.537041,294,971.3904
274.699254,204,971.636152
145.80752,165,971.763315
-81.916677,267,972.135794
122.752508,159,972.257361
137.958497,186,972.39924
122.440197,164,972.742313
389.679611,286,972.959533
216.405633,185,973.298602
292.798964,213,973.463818
184.912506,203,973.61959
220.721797,197,973.990505
269.146267,209,974.150747
129.836684,158,974.48997
-96.242988,243,974.682422
-139.925273,226,974.856745
62.904404,146,975.167814
140.311328,148,975.281644
228.863597,189,975.426188
111.434047,151,975.754361
8.711407,284,975.974675
222.210465,200,976.217224
255.90181,217,976.382869
127.21084,169,976.51214
374.179913,558,977.031833
133.027112,157,977.24295
122.256719,163,977.368128
174.65202,180,977.502935
74.827834,138,977.702396
120.350264,158,977.823771
-178.023147,156,977.943044
251.260974,213,978.197339
83.804687,130,978.298655
183.856279,173,978.431668
57.858144,109,978.606618
142.427372,161,978.730293
237.695312,234,978.909087
78.262557,135,979.1065
83.70827,127,979.20454
105.712928,154,979.322365
123.95594,162,979.44716
364.150772,265,979.743459
152.165965,142,979.851968
185.436968,147,980.055687
106.991989,151,980.172036
182.485798,157,980.291915
54.435977,118,980.382689
254.342002,211,980.634921
119.348329,144,980.745994
115.896027,134,980.848912
92.636663,128,981.040481
145.804936,156,981.159419
-55.845027,191,981.304897
67.153039,130,981.405413
71.30342,130,981.597277
96.546136,157,981.71849
148.33673,154,981.835526
108.911111,142,982.039292
101.283987,124,982.135729
154.903354,162,982.259581
72.092587,120,982.351365
167.003978,143,982.553044
166.089516,146,982.664197
194.190743,179,982.8003
71.584975,115,982.979841
155.992409,203,983.135855
88.184296,120,983.227743
17.022094,117,983.317504
130.291065,155,983.527377
14.25909,114,983.616717
130.086872,142,983.72712
226.788082,177,983.954506
39.519775,111,984.040672
44.128405,121,984.133059
-7.767644,106,984.213499
151.359699,156,984.424292
116.200837,150,984.539265
16.685479,119,984.630818
153.757245,140,984.737982
10.068702,111,984.915452
132.37351,138,985.022022
28.942661,120,985.11545
258.588709,192,985.26077
151.627944,198,985.505578
266.841966,171,985.636311
124.350538,121,985.729721
231.643948,161,985.942707
122.240095,127,986.03879
247.582317,179,986.174923
174.366851,149,986.380299
120.993097,152,986.495338
244.34994,170,986.623338
209.026622,154,986.832453
54.509073,117,986.923261
23.999629,111,987.008126
78.842616,122,987.101677
115.622532,148,987.215536
164.244852,154,987.424213
174.534956,149,987.537992
159.832294,132,987.639727
244.317391,170,987.860511
213.631601,216,988.025331
29.387775,120,988.118096
242.406468,380,988.499677
120.651734,156,988.618776
191.836979,208,988.869134
35.726719,116,988.95858
101.56337,165,989.085083
175.429714,151,989.292482
159.914017,145,989.403032
69.460489,143,989.512573
127.87339,152,989.629419
189.221212,239,989.904775
42.765316,149,990.018744
12.071948,120,990.112477
138.480972,138,990.321781
69.256318,121,990.41433
17.124293,113,990.501303
4.858644,113,990.58847
4.19725,123,990.777732
8.127799,121,990.871077
213.202426,155,990.988834
247.694048,189,991.224685
103.096433,143,991.335498
133.606159,157,991.455714
199.264109,300,991.779817
160.318642,155,991.898202
121.70163,155,992.016029
211.884828,187,992.249417
50.864813,135,992.353503
44.214448,137,992.461147
270.347372,217,992.722081
243.332341,190,992.869825
27.214246,130,992.97385
169.998348,176,993.330901
29.694784,123,993.426484
-8.221491,233,993.60601
120.435295,162,993.956454
233.159144,171,994.088501
146.12714,189,994.235709
187.838892,309,994.670588
45.216814,136,994.775093
46.442945,139,994.882516
164.873072,146,995.098403
30.452432,125,995.194082
-2.081334,126,995.292847
13.935552,122,995.388097
111.77344,163,995.60353
55.665808,116,995.693548
10.685655,121,995.788991
45.614653,114,995.877846
9.072483,121,996.185769
85.367915,126,996.28318
190.324601,192,996.432261
212.432761,181,996.661857
70.383384,122,996.758352
72.353032,112,996.844731
29.529825,111,996.930118
367.000616,243,997.207781
45.734597,119,997.299553
1.009489,109,997.38428
35.868784,117,997.564579
123.719139,192,997.716125
143.006142,175,997.848567
35.996945,119,997.940466
184.29406,170,998.162425
133.36824,139,998.26889
47.380231,122,998.363906
37.034307,119,998.547136
96.214552,124,998.642969
88.412483,154,998.761761
97.123032,122,998.85534
92.153363,134,999.05028
48.701607,120,999.144071
168.584565,181,999.282084
14.31483,119,999.374799
-14.725403,116,999.556719
31.565269,120,999.650018
18.86564,117,999.7404
282.322537,178,999.877145
151.324978,153,1000.086522
-124.093996,213,1000.25016
22.18477,200,1000.494147
10.880967,117,1000.584195
53.490893,118,1000.675277
88.147657,124,1000.770881
63.879369,145,1000.97269
83.970706,142,1001.081845
114.161392,164,1001.207778
162.108798,170,1001.337101
89.199441,119,1002.037733
84.832972,138,1002.144701
61.197877,123,1002.240028
-11.054868,123,1002.335636
187.42105,150,1002.54321
66.058274,130,1002.642892
272.367771,181,1002.780371
34.288358,109,1002.95335
98.64828,153,1003.070318
88.959318,161,1003.192665
91.301192,162,1003.404759
113.821534,148,1003.520427
167.656342,189,1003.665076
66.798977,115,1003.753682
36.027405,118,1003.936883
155.337454,133,1004.039769
174.136045,146,1004.152543
90.937171,126,1004.249687
207.47629,189,1004.48544
32.703672,138,1004.591664
113.165429,122,1004.685412
-96.373419,198,1004.932507
177.767954,149,1005.047368
41.046361,174,1005.179912
66.363111,118,1005.366133
20.577107,135,1005.470709
118.3011,145,1005.582174
13.496319,117,1005.672003
151.549508,283,1005.983099
-36.720862,114,1006.070775
55.338661,122,1006.164042
10.779002,116,1006.344455
85.603054,144,1006.455118
87.316995,141,1006.567423
127.752985,145,1006.678904
145.326697,150,1006.899489
-62.334929,116,1006.988952
6.603839,127,1007.087889
205.85647,189,1007.324546
5.401637,132,1007.426561
275.429854,198,1007.578772
123.853972,134,1007.681859
129.348247,150,1007.88958
69.931489,128,1007.988983
212.236253,180,1008.126135
195.310102,159,1008.343227
70.781921,157,1008.464007
162.824215,151,1008.583032
0.572091,114,1008.671508
110.250973,162,1008.886228
227.880186,191,1009.035841
235.011516,198,1009.27976
182.334859,170,1009.410336
209.550112,158,1009.532131
107.417304,160,1009.655641
157.817443,149,1009.861311
-22.52383,111,1009.947155
155.762629,137,1010.052927
38.714731,109,1010.137454
142.751155,156,1010.453009
99.856259,152,1010.569612
32.351408,115,1010.659013
107.873499,143,1010.861128
-30.39831,106,1010.942797
30.41551,110,1011.028009
142.172513,138,1011.133837
86.757663,125,1011.321601
170.670567,140,1011.431436
10.771765,107,1011.513008
-87.048515,211,1011.675575
96.963422,147,1011.878714
37.485812,106,1011.961269
2.058776,103,1012.040532
90.409555,204,1012.288709
136.107208,151,1012.404544
159.758445,141,1012.513544
138.958215,147,1012.626352
93.001694,128,1012.821123
27.815887,122,1012.916257
333.10028,264,1013.119178
6.662048,114,1013.296551
102.20977,130,1013.397044
125.05573,133,1013.499997
156.623388,137,1013.605044
100.724556,133,1013.801355
77.807459,113,1013.887711
113.58956,149,1014.000577
255.998659,194,1014.24252
114.318765,144,1014.352977
172.512803,153,1014.471851
81.959868,114,1014.559403
156.282437,136,1014.87859
174.929022,149,1014.992584
129.688936,134,1015.097891
64.080872,120,1015.191033
242.52684,195,1015.536879
120.826824,146,1015.648394
100.452963,134,1015.751217
151.608282,133,1015.944033
123.1938,135,1016.047524
144.069404,139,1016.154259
112.310569,134,1016.257244
119.564563,135,1016.450601
121.845817,128,1016.54882
180.037277,164,1016.673465
111.241911,145,1016.784379
185.491336,146,1016.986207
65.552648,108,1017.069518
191.238387,151,1017.184244
139.14929,150,1017.38887
263.045202,173,1017.52083
149.478744,147,1017.632961
188.704583,167,1017.85079
18.106357,159,1017.974162
121.439499,136,1018.078639
276.733923,204,1018.234083
283.288289,193,1018.480824
127.336052,138,1018.586545
163.842644,143,1018.695652
130.364622,132,1018.888124
182.305396,159,1019.010051
151.308882,161,1019.133647
85.618389,135,1019.327637
158.711477,144,1019.437783
139.962734,146,1019.548696
536.785284,448,1020.063924
111.421788,132,1020.164448
144.72232,137,1020.361695
205.751954,177,1020.496249
137.439336,137,1020.601775
196.423232,159,1020.722142
187.801377,159,1021.039409
134.755594,141,1021.147228
129.545913,142,1021.254781
213.174155,145,1021.457181
152.989614,150,1021.572737
109.613408,146,1021.685112
-29.930628,140,1021.792175
82.712207,151,1021.999713
180.698115,150,1022.116463
41.626339,107,1022.199483
93.133623,127,1022.296677
129.649477,136,1022.493115
38.958158,117,1022.583001
108.868788,133,1022.685307
98.900307,131,1022.888212
172.166959,144,1022.999741
266.795437,185,1023.140427
90.727722,138,1023.245104
135.415385,127,1023.43599
179.594745,159,1023.557295
124.410754,189,1023.702235
129.85234,189,1024.030177
172.133389,148,1024.145259
107.530669,143,1024.254282
43.742613,111,1024.33951
98.121612,136,1024.650602
141.629333,143,1024.759425
63.007307,126,1024.856688
209.449922,185,1025.208727
15.460425,122,1025.303115
11.324499,114,1025.391532
0.70655,114,1025.47898
197.779921,162,1025.825298
178.308977,141,1025.932815
256.657843,188,1026.076411
-29.167955,134,1026.403006
78.48903,130,1026.504801
62.118562,150,1026.619499
110.008202,154,1026.738201
17.020141,129,1027.065128
-5.664748,132,1027.167409
212.18998,178,1027.30282
179.276179,148,1027.616625
28.742179,155,1027.736704
31.066095,113,1027.82514
248.757829,203,1027.981765
111.553594,149,1028.296584
87.598266,144,1028.407533
14.715035,126,1028.504698
17.367967,113,1028.813388
35.868208,113,1028.915568
235.513973,176,1029.051001
-4.388989,126,1029.149182
24.127881,113,1029.46028
72.828553,126,1029.559303
2.131239,103,1029.638028
265.690367,192,1029.784896
63.46841,122,1030.103852
140.719278,178,1030.238872
168.157693,175,1030.372279
271.114256,188,1030.749382
16.859925,111,1030.835474
268.607723,188,1030.979075
73.003185,113,1031.065786
34.627332,115,1031.354627
234.496833,189,1031.497528
154.602171,147,1031.609918
8.121063,130,1031.943607
0.539174,105,1032.025134
38.558517,125,1032.121598
80.78296,129,1032.22138
225.663631,190,1032.462514
172.760671,155,1032.581594
271.012891,216,1032.746306
18.957707,110,1032.924824
-56.09729,274,1033.135959
165.967732,183,1033.275577
-22.437437,107,1033.450318
99.19419,132,1033.551542
49.201237,114,1033.639867
89.861911,115,1033.729581
-27.436032,104,1033.900749
83.995198,131,1034.001119
71.770029,113,1034.088242
154.804936,162,1034.212101
219.563631,171,1034.435946
-38.293146,112,1034.52241
62.22708,115,1034.611514
115.327902,130,1034.712354
103.062847,143,1034.914084
142.046413,128,1035.012646
7.207631,101,1035.090335
51.933902,116,1035.180673
-4.734847,103,1035.371396
30.492082,117,1035.461914
35.935085,95,1035.535529
15.527439,114,1035.623409
494.169488,299,1035.942698
26.102371,128,1036.040823
-93.764693,195,1036.190331
22.9896,103,1036.362192
382.673814,268,1036.567225
86.888103,353,1036.930377
24.283709,96,1037.003898
-18.930411,105,1037.084097
8.089852,108,1037.167243
17.004819,105,1037.340288
62.173801,155,1037.464648
5.944636,102,1037.543648
32.35163,111,1037.629199
96.161789,126,1037.82109
74.238562,138,1037.926306
51.295717,141,1038.034487
83.706939,137,1038.139457
-3.776488,105,1038.313571
105.89154,124,1038.407954
92.914153,124,1038.504622
100.35948,124,1038.600942
20.366588,115,1038.783248
56.224827,136,1038.887161
-107.95906,183,1039.027656
-21.576892,126,1039.125323
137.809604,142,1039.326293
194.559467,202,1039.484457
82.359715,315,1039.818497
190.619118,159,1039.939767
52.363484,115,1040.027577
-26.469822,104,1040.109355
12.767969,111,1040.287339
59.845671,138,1040.394849
145.020798,147,1040.506481
82.258305,134,1040.707861
62.921631,106,1040.789854
106.930346,120,1040.882798
62.357387,124,1040.978777
35.327363,116,1041.0676
-160.912161,197,1041.311071
128.001403,139,1041.417778
41.688172,110,1041.502602
16.359556,116,1041.685263
-36.985685,115,1041.774157
-9.726759,105,1041.854959
59.332193,101,1041.932133
2.122736,102,1042.010238
66.020958,136,1042.207676
45.222151,150,1042.322821
8.987818,101,1042.400829
34.005933,106,1042.482146
-22.70036,101,1042.66281
14.076533,107,1042.746397
5.735458,103,1042.825033
83.312799,123,1042.919654
109.8401,139,1043.026233
13.922121,106,1043.200008
-15.644214,105,1043.281073
11.331063,107,1043.364022
124.600659,133,1043.466857
15.729039,101,1043.636035
71.697141,119,1043.747478
159.54986,162,1043.87923
25.772039,102,1043.958162
16.759465,108,1044.042281
-0.104972,107,1044.295043
128.491543,138,1044.40235
105.600666,144,1044.513305
268.531864,191,1044.751587
86.285307,118,1044.841919
46.526685,117,1044.932086
231.082357,181,1045.07201
465.606188,423,1045.488301
-56.808128,114,1045.575591
155.633824,147,1045.779726
88.708267,161,1045.903026
0.480286,332,1046.251681
137.600295,141,1046.359485
209.444572,163,1046.483517
209.324571,167,1046.703885
-31.632793,265,1046.908404
66.137599,282,1047.217621
181.444564,201,1047.372931
-8.559761,285,1047.686329
234.136723,191,1047.833356
282.265498,203,1047.988878
36.327496,130,1048.218458
381.118326,237,1048.400833
262.624415,175,1048.534587
30.265404,276,1048.840478
309.585576,178,1048.976358
532.646466,347,1049.336745
222.854879,208,1049.496505
282.013022,184,1049.732233
-90.239568,198,1049.886233
171.892653,154,1050.098888
184.092872,134,1050.202722
267.359061,185,1050.344239
135.597099,154,1050.461612
145.567064,156,1050.673706
527.644735,319,1050.919673
182.495714,149,1051.126062
254.337391,176,1051.266492
249.085403,200,1051.423505
300.586845,187,1051.669647
43.821732,129,1051.769799
288.838588,192,1052.55155
367.845082,242,1052.831704
207.78419,166,1052.958442
375.906332,513,1053.447583
286.119932,192,1053.686074
107.450678,141,1053.794751
249.245839,188,1053.940714
228.392067,183,1054.174244
49.794767,134,1054.277082
199.604784,161,1054.399893
305.975582,211,1054.655383
265.2272,173,1054.788192
216.865785,186,1054.930455
208.311716,185,1055.165681
39.741154,105,1055.246826
230.861584,162,1055.370485
170.174123,183,1055.512
75.902416,140,1055.713127
67.817055,119,1055.805035
119.235138,142,1055.914067
294.972187,218,1056.182029
85.335948,142,1056.291955
251.503422,184,1056.431845
260.570422,218,1056.793627
281.136126,183,1056.933929
106.717649,165,1057.060241
49.394728,116,1057.242567
114.822246,146,1057.35537
278.647643,173,1057.488322
158.164585,137,1057.685877
25.564451,116,1057.775975
107.035957,145,1057.887217
158.446841,147,1057.999851
178.058247,437,1058.429187
108.890756,135,1058.532074
228.659722,186,1058.77085
297.361405,177,1058.906227
308.873525,203,1059.154673
115.612668,134,1059.257682
139.832166,158,1059.378435
243.101757,176,1059.512986
235.704929,193,1059.755204
32.513024,133,1059.8577
-61.002375,225,1060.121423
114.728008,178,1060.258117
64.384437,355,1060.624428
262.169028,197,1060.77516
104.331556,172,1060.906309
183.291532,190,1061.144175
299.398812,212,1061.306918
191.428976,161,1061.430129
249.231581,195,1061.67228
325.564683,228,1061.848275
270.157772,177,1062.075283
305.888108,211,1062.238669
190.770971,147,1062.351473
131.063646,161,1062.567267
234.886998,180,1062.705353
110.180873,144,1062.816453
146.024947,147,1063.021867
309.897676,207,1063.181271
245.398552,196,1063.332085
60.218832,303,1063.658201
294.988883,196,1063.809397
206.335339,148,1064.015251
91.63382,128,1064.117281
260.279853,209,1064.278131
342.166246,227,1064.544559
283.032426,189,1064.690633
135.177477,139,1064.797356
241.892037,200,1065.044771
232.052412,166,1065.172042
290.624579,194,1065.321428
205.756109,186,1065.558433
452.412911,288,1065.779462
160.763717,165,1065.999153
276.452047,213,1066.162498
271.464872,221,1066.425592
277.972944,184,1066.56805
142.922157,141,1066.676214
122.454766,137,1066.780997
168.674623,153,1066.991102
286.209587,213,1067.157387
175.45989,157,1067.277996
56.935815,111,1067.458833
9.550741,110,1067.542768
195.950632,157,1067.662937
424.858184,310,1067.994564
330.78193,225,1068.166274
72.398068,126,1068.263467
14.038039,107,1068.441357
273.177317,223,1068.612082
487.905769,416,1069.028158
190.887663,147,1069.142142
153.233462,141,1069.249605
321.946495,236,1069.52498
28.02193,137,1069.630342
46.236508,135,1069.73443
114.780238,139,1069.933338
53.273787,111,1070.018859
268.326421,210,1070.18227
297.217841,186,1070.417117
280.32987,192,1070.564183
228.704655,180,1070.702591
127.20075,130,1070.89663
24.944469,105,1070.977785
291.408979,178,1071.11405
198.92247,154,1071.325994
168.11386,140,1071.433894
277.965606,464,1071.983934
299.955664,226,1072.158326
59.043641,110,1072.242674
453.786511,292,1072.559338
280.189461,184,1072.699175
59.52154,110,1072.876266
249.0712,192,1073.023407
60.282515,111,1073.108148
148.382521,158,1073.227979
108.130168,133,1073.424234
135.016579,141,1073.532403
-10.647536,100,1073.60938
18.667816,99,1073.683951
160.909603,139,1073.998096
95.502586,119,1074.090569
152.908935,137,1074.195902
151.510106,128,1074.293648
218.455494,159,1074.507673
46.040831,106,1074.588983
6.273242,94,1074.661608
138.205522,124,1074.756284
160.028028,138,1074.955396
107.492712,141,1075.063677
174.464155,151,1075.17951
89.425645,116,1075.268153
129.348337,133,1075.461791
156.697922,148,1075.575015
237.24941,182,1075.714794
125.139656,135,1075.910439
172.197711,147,1076.022558
147.515896,133,1076.124082
387.276044,218,1076.384309
298.122493,183,1076.525347
140.686375,133,1076.627712
7.500738,93,1076.699449
61.176931,111,1076.878303
168.637451,155,1076.997115
209.857292,157,1077.116447
480.722568,304,1077.54987
85.717822,111,1077.635041
131.137468,141,1077.742033
148.269643,150,1077.949601
116.554743,120,1078.041592
240.060501,172,1078.17625
305.429498,185,1078.318882
597.631285,349,1078.680792
407.062132,258,1078.971547
144.967829,135,1079.077184
174.616179,146,1079.188547
138.432524,137,1079.299706
85.260494,367,1079.676414
144.168676,139,1079.783375
411.41625,275,1080.089313
126.952409,340,1080.444377
282.122065,235,1080.624124
266.007819,188,1080.962442
420.369837,307,1081.201602
439.196774,552,1081.851036
-114.960733,267,1082.254338
120.236572,143,1082.364975
137.720227,148,1082.478033
120.981841,154,1082.688547
38.452915,298,1082.917925
39.670355,349,1083.27861
797.878663,536,1083.785318
5.866662,107,1083.866273
-80.090844,250,1084.154016
72.20994,120,1084.24607
284.606565,227,1084.421752
207.061313,181,1084.654541
220.040474,242,1084.840708
-92.209863,272,1085.144943
322.74773,216,1085.311297
278.978427,202,1085.466119
450.5354,371,1085.846448
34.147796,292,1086.17008
313.665344,233,1086.349374
278.047561,186,1086.585278
-39.625019,300,1086.816152
441.695914,275,1087.121134
247.688261,232,1087.299801
-125.580243,265,1087.602949
-66.256169,278,1087.815767
21.761872,272,1088.11754
390.371337,553,1088.637619
-37.533367,326,1088.888843
651.592622,686,1089.608551
103.198827,427,1090.031119
-138.57898,204,1090.186286
353.389278,261,1090.476331
118.751843,398,1090.783651
-139.805674,226,1091.059775
41.119409,297,1091.287802
0.575705,300,1091.609244
280.450437,280,1091.825349
231.074463,163,1092.041603
440.291549,269,1092.249264
223.369514,184,1092.49657
188.766215,178,1092.634288
254.961501,163,1092.759497
240.593641,218,1093.018948
114.491742,126,1093.116827
173.978522,178,1093.253399
131.142107,160,1093.46953
252.723579,198,1093.622514
185.317027,153,1093.739808
150.368349,133,1093.934836
427.987837,299,1094.166594
264.664075,193,1094.408848
300.424749,222,1094.578619
130.408824,170,1094.709481
182.703321,156,1095.025135
247.173889,188,1095.170193
269.792916,192,1095.316972
153.241767,173,1095.541931
142.004336,145,1095.653536
125.639714,338,1096.120402
505.778996,338,1096.377417
187.110865,151,1096.715262
311.875977,181,1096.854163
167.436673,163,1096.98066
348.018447,267,1097.395989
207.171431,176,1097.531725
69.045714,138,1097.638863
187.655751,148,1097.975309
182.92718,170,1098.105408
349.678833,229,1098.280322
159.804659,151,1098.598732
229.111875,165,1098.724496
326.340298,217,1099.088477
162.995646,147,1099.209274
181.235604,145,1099.320155
260.354201,196,1099.46917
266.442944,176,1099.805545
260.272511,445,1100.244911
91.237177,118,1100.335466
82.933953,115,1100.423703
79.906846,111,1100.508755
4.687882,326,1100.851754
178.896401,146,1100.963434
148.555274,136,1101.159235
94.563386,111,1101.246445
177.312615,152,1101.363793
158.744679,141,1101.472915
226.344405,167,1101.695095
179.084628,181,1102.458488
41.165838,287,1102.886425
333.170191,307,1103.125247
156.480539,125,1103.220509
228.535696,194,1103.576334
181.909802,139,1103.684178
133.943788,130,1103.786233
140.036707,146,1104.132089
379.064356,267,1104.339974
194.434745,152,1104.457266
177.858794,142,1104.771562
248.663888,186,1104.91449
170.623068,139,1105.02057
174.012567,148,1105.354377
188.622729,154,1105.471403
139.114353,126,1105.567614
208.217751,160,1105.689386
156.099065,143,1106.007071
276.598626,185,1106.149073
421.628773,256,1106.586247
69.60148,100,1106.66311
90.577439,105,1106.744348
54.053117,109,1106.827724
161.319931,142,1107.1323
51.392879,111,1107.222142
493.314731,357,1107.501724
113.851545,111,1107.810633
193.137165,141,1107.919537
254.563495,166,1108.046909
758.116396,569,1108.709725
294.496058,188,1109.066866
188.814569,153,1109.184353
253.842785,271,1109.625006
61.691492,125,1109.725969
117.798018,129,1109.825941
179.716492,145,1109.936867
202.846661,187,1110.30503
71.716147,107,1110.38616
46.586482,107,1110.467719
201.057091,161,1110.590591
119.353964,130,1110.927847
145.224516,138,1111.033777
203.870765,159,1111.157208
221.923243,190,1111.50551
267.16431,203,1111.66232
-17.308415,258,1112.082262
272.938403,190,1112.227893
144.838765,150,1112.34241
125.399595,137,1112.446659
787.804244,551,1113.052459
162.945772,369,1113.333988
281.464219,428,1113.752259
163.289312,405,1114.155783
218.868272,206,1114.3129
188.704839,175,1114.53987
149.627492,154,1114.656678
178.5647,140,1114.763648
205.260667,175,1114.990309
157.87631,144,1115.100604
166.44684,154,1115.21767
171.843861,148,1115.33083
180.915546,160,1115.546385
188.187569,151,1115.663001
175.162003,143,1115.774248
200.546619,226,1116.039872
253.974075,182,1116.179121
332.765186,287,1116.488932
265.187019,202,1116.643193
176.600324,160,1116.765746
250.815603,191,1117.004855
259.310562,175,1117.13907
259.246859,231,1117.408182
288.547442,193,1117.56024
232.515697,180,1117.704099
269.520493,171,1118.0573
404.915531,319,1118.300414
193.459456,158,1118.512486
906.394266,799,1119.222446
155.399693,131,1119.323478
257.884718,228,1119.590136
194.570952,144,1119.700648
342.696214,257,1119.990202
280.007429,166,1120.118121
329.384932,459,1120.561798
184.170463,147,1120.674008
216.697194,193,1120.822054
587.681701,630,1121.490577
240.576213,185,1121.633913
319.46872,207,1121.793735
153.852162,138,1121.992163
353.69861,213,1122.156111
84.334654,371,1122.640991
260.037569,190,1122.787971
131.345494,245,1123.068789
199.660433,143,1123.177826
142.971376,234,1123.357369
300.598987,171,1123.684769
104.754044,420,1124.199026
200.928136,233,1124.377847
1008.535449,661,1124.976446
273.429964,179,1125.205826
303.457337,182,1125.348634
580.743394,318,1125.818849
283.734132,210,1125.978235
316.422534,186,1126.118591
1269.726852,826,1126.936414
211.875086,208,1127.095422
282.499862,180,1127.326027
349.899758,285,1127.542744
262.864684,194,1127.783539
223.503803,194,1127.932876
335.717018,251,1128.216689
213.455921,240,1128.401486
128.847212,130,1128.500244
272.742406,193,1128.740264
93.510923,141,1128.848191
145.392014,136,1128.951592
264.321423,176,1129.178709
256.238706,195,1129.328578
201.236736,147,1129.440356
417.309821,308,1129.768045
239.18997,180,1129.906184
256.289864,216,1130.16034
357.155956,287,1130.380002
258.650667,181,1130.611754
760.100733,578,1131.251964
185.342836,378,1131.538543
37.044235,289,1131.853962
45.064486,354,1132.217738
-88.445319,273,1132.428579
4.941991,292,1132.745682
-82.193501,270,1132.950759
183.720883,195,1133.191433
197.81849,233,1133.368377
240.113036,204,1133.615487
243.624837,317,1133.858453
490.441614,370,1134.233896
72.140255,342,1134.58687
37.081669,325,1134.835184
300.152725,197,1135.078082
14.830241,278,1135.290224
153.569679,215,1135.548963
183.32565,385,1135.843958
194.616642,269,1136.140436
244.08818,198,1136.2937
44.755583,312,1136.623347
383.132577,295,1136.848414
163.906657,225,1137.113828
840.055654,525,1137.607718
457.577348,295,1137.831988
568.844573,455,1138.271345
520.44103,332,1138.617302
325.058019,305,1138.94256
229.032265,163,1139.07192
392.694675,315,1139.439659
341.906365,268,1139.664545
164.900856,202,1139.840112
102.293297,356,1140.213477
411.877503,287,1140.548592
216.021813,199,1140.702898
577.064258,524,1141.208588
215.648384,169,1141.337893
258.82553,210,1141.592865
232.050382,201,1141.751854
255.021682,192,1141.992311
374.989181,269,1142.203997
211.060097,165,1142.331203
-90.428098,258,1142.626493
221.208117,163,1142.756964
227.908343,222,1143.024593
296.374822,222,1143.215525
294.946248,227,1143.498503
174.953456,151,1143.615366
432.64054,269,1143.824843
230.936313,185,1144.062212
250.509301,183,1144.211773
179.505148,154,1144.334458
-113.364255,253,1144.701621
143.332051,166,1144.828893
622.310212,459,1145.400319
-104.710047,211,1145.655799
357.092767,247,1145.85147
330.375835,219,1146.021792
-51.509337,210,1146.277646
1.428673,347,1146.641638
680.732452,540,1147.15817
159.02135,156,1147.277699
170.989551,178,1147.419804
233.870974,167,1147.764879
156.491016,172,1147.902846
245.667761,203,1148.060473
208.43978,207,1148.313488
119.721643,198,1148.470762
267.028598,202,1148.629034
-160.439246,263,1148.929883
189.228583,176,1149.065765
193.336236,227,1149.440456
496.732616,373,1149.824824
31.339546,300,1150.062686
138.238546,140,1150.17067
182.150007,168,1150.40334
267.161613,187,1150.551592
119.265393,146,1150.66312
298.845797,242,1150.945169
258.946359,210,1151.106572
303.438921,366,1151.500213
290.831189,244,1151.691163
272.041615,234,1151.970003
243.493562,285,1152.191076
187.295203,177,1152.429471
155.82665,171,1152.573572
281.179027,311,1152.917453
102.530023,150,1153.033355
127.949014,159,1153.155595
231.866703,186,1154.084967
155.827247,165,1154.2623
216.024833,284,1154.606582
136.540355,139,1154.724871
5.468903,285,1154.970283
208.057552,194,1155.237912
163.40133,159,1155.375092
266.900706,228,1155.672567
105.220621,133,1155.788196
132.353455,155,1155.923213
114.019727,161,1156.059844
394.410399,287,1156.399554
80.77982,182,1156.55572
27.439399,114,1156.754911
12.693144,112,1156.850894
119.774402,208,1157.029919
241.74534,181,1157.279588
62.428007,123,1157.386278
114.848599,151,1157.516172
-25.305672,342,1157.90397
-28.473791,306,1158.170988
120.594899,170,1158.414236
72.721023,126,1158.521313
184.350777,208,1158.698264
200.504425,244,1159.012628
116.141451,144,1159.135271
210.193855,224,1159.436265
110.810054,148,1159.568105
55.190117,140,1159.686663
17.355804,117,1159.788031
53.51572,132,1160.025744
251.577929,231,1160.222212
-30.653081,95,1160.302617
-26.713751,426,1160.778089
104.462995,172,1160.930461
-27.575825,107,1161.130584
158.970058,213,1161.315993
394.757312,324,1161.718884
-2.493589,124,1161.825802
-34.124121,99,1161.908124
62.069881,135,1162.021398
41.655452,147,1162.261293
232.868269,191,1162.420196
102.710688,160,1162.554721
31.256949,133,1162.77361
27.238564,129,1162.875785
91.696972,138,1162.984235
-162.125746,252,1163.286432
-27.466246,108,1163.370054
100.29987,158,1163.500488
133.591424,158,1163.622129
-31.921362,285,1163.951505
105.250209,141,1164.064576
-142.868999,263,1164.373955
111.214077,155,1164.497169
17.139994,111,1164.584263
-9.957788,116,1164.675499
-11.239948,108,1164.858064
108.083533,143,1164.972568
64.140875,140,1165.084082
-15.923146,105,1165.166696
59.323077,131,1165.364604
42.564648,139,1165.475821
-30.920457,96,1165.549767
218.613386,247,1165.848463
-20.850094,102,1165.930117
-37.727976,101,1166.007795
-20.897302,98,1166.08524
-2.675226,111,1166.170092
278.427971,201,1166.430466
50.788474,169,1166.560515
-34.581347,103,1166.640837
24.557311,118,1166.85282
-20.501588,113,1166.94515
-20.043545,112,1167.034472
-25.151686,94,1167.108894
-0.377527,118,1167.202842
1.444463,112,1167.396651
-57.459349,100,1167.479334
-34.649305,100,1167.563278
12.85601,131,1167.675198
97.672823,153,1167.910932
42.939578,137,1168.027195
8.462628,114,1168.125584
31.690744,115,1168.23701
-8.462853,107,1168.422446
23.636013,115,1168.516791
9.476496,118,1168.611809
49.145451,126,1168.71343
74.840273,116,1168.806065
29.032917,131,1169.003792
-40.901836,95,1169.078359
39.447636,125,1169.179632
18.641184,120,1169.276002
71.331425,127,1169.472422
70.896749,137,1169.580617
290.23421,253,1169.785848
-36.933362,101,1169.960604
127.138405,155,1170.084649
110.878258,137,1170.192814
28.983558,111,1170.287197
107.081263,136,1170.489157
-27.391456,97,1170.566344
-276.880775,163,1170.699589
162.421501,166,1170.923096
52.060871,114,1171.015482
96.792622,120,1171.110996
35.613371,122,1171.211612
94.566746,138,1171.32248
194.523235,158,1171.540306
149.211947,154,1171.66244
-25.788115,110,1171.750638
30.825505,116,1171.933938
-20.563242,110,1172.021043
-22.335587,107,1172.105731
54.461568,112,1172.194474
141.200435,440,1172.644908
93.598274,127,1172.745273
-21.891509,104,1172.828534
-3.63895,282,1173.152146
113.659149,137,1173.276139
73.190328,378,1173.671432
262.64918,213,1173.837207
61.706152,156,1174.047364
88.610375,142,1174.15798
93.486605,158,1174.286494
88.951521,146,1174.490494
77.379141,128,1174.590756
35.286623,109,1174.675348
1.955214,110,1174.760864
-7.713722,106,1174.932138
-9.342587,111,1175.019578
28.392127,106,1175.1022
68.328238,122,1175.196252
229.653298,235,1175.480354
-56.863096,93,1175.553459
-20.282605,103,1175.634708
11.916103,114,1175.74228
147.850848,158,1175.980319
151.579379,149,1176.098248
39.847367,107,1176.182088
15.359184,121,1176.278352
246.101028,177,1176.51243
248.670577,202,1176.681081
11.191151,108,1176.783212
-3.889071,113,1176.886194
72.494067,123,1177.096915
110.995802,191,1177.24984
125.62799,139,1177.359129
144.738272,149,1177.570939
133.81589,149,1177.706533
98.934178,174,1177.851318
126.299627,138,1178.116824
154.193775,155,1178.351931
169.938263,177,1178.597215
149.505494,136,1178.779054
89.533113,179,1179.338422
119.859141,153,1179.5414
127.7748,146,1179.728724
152.386923,150,1180.069864
112.645928,135,1180.250717
177.705308,164,1180.468417
258.937189,218,1180.927316
146.397573,147,1181.123142
121.378811,182,1181.366606
154.517136,154,1181.703841
148.464637,157,1181.914293
82.927408,126,1182.077575
135.483823,143,1182.26392
114.656312,131,1182.580872
185.824121,158,1182.798949
154.948042,157,1183.00725
106.480156,120,1183.315739
204.172911,162,1183.531956
179.072804,161,1183.747106
104.162084,171,1184.136844
153.670184,144,1184.335521
225.767987,176,1184.573444
261.8058,184,1184.968733
383.321058,334,1185.443601
162.506382,147,1185.646548
271.976436,194,1186.167616
239.462035,171,1186.39142
139.472592,163,1186.607352
295.616492,235,1187.07705
153.386636,155,1187.286344
153.46004,164,1187.649199
26.762617,125,1187.819304
188.947738,162,1188.03112
43.314739,113,1188.177358
164.954439,149,1188.515065
142.396773,132,1188.699412
719.888207,637,1189.771271
82.330571,120,1189.93624
44.939128,125,1190.256893
76.709059,119,1190.438441
73.649609,129,1190.627872
182.125554,152,1190.857903
176.30121,164,1191.236822
116.384265,128,1191.418347
260.994354,220,1191.712672
206.854639,172,1192.089566
123.82278,145,1192.282501
268.820619,187,1192.535923
124.551895,127,1192.928264
172.273007,157,1193.135585
174.262495,151,1193.335983
264.63398,201,1193.79763
198.800685,156,1194.027131
205.502937,171,1194.263682
113.329177,145,1194.740475
179.603166,172,1194.977592
124.392642,143,1195.156052
142.651903,126,1195.319104
187.704637,157,1195.704071
78.153532,125,1195.857236
139.479647,220,1196.154872
132.953023,159,1196.641815
200.526239,168,1196.869337
132.95786,140,1197.051705
143.398518,159,1197.549475
130.032449,143,1197.746638
178.679722,178,1197.997547
239.859698,279,1198.610585
117.31206,186,1198.885908
138.568332,135,1199.063338
142.41799,138,1199.41105
137.593276,143,1199.605701
155.047708,143,1199.800731
279.484824,224,1200.39028
79.058263,176,1200.610819
211.501851,170,1200.84955
43.943655,125,1201.170592
106.02339,145,1201.363324
190.706696,165,1201.584364
217.741326,166,1201.942112
114.911722,133,1202.118459
-24.140691,102,1202.255345
137.383378,151,1202.4523
180.147414,158,1202.810019
130.560136,154,1203.02551
192.295461,182,1203.272802
118.21,122,1203.427882
144.843739,138,1203.770452
188.158222,157,1203.980129
178.195327,143,1204.167191
29.240206,135,1204.484623
235.296426,188,1204.741077
116.508125,133,1204.914983
117.15402,138,1205.092424
155.51608,155,1205.438437
171.388256,162,1205.652923
204.575348,164,1205.871578
150.5207,164,1206.24404
204.265811,156,1206.447061
222.371126,208,1206.719796
157.67065,142,1207.046032
82.788031,140,1207.22412
190.694169,157,1207.428587
124.13924,142,1207.778531
39.083083,127,1207.949801
147.1823,145,1208.136882
152.40052,193,1208.535544
117.783024,122,1208.704082
117.404213,132,1208.870228
145.030359,149,1209.062402
88.348354,167,1209.42808
210.79345,191,1209.689653
135.999123,146,1209.88797
104.506253,132,1210.243248
152.783444,156,1210.447815
98.678175,128,1210.61392
221.694306,181,1210.854192
90.013076,185,1211.344581
2.903382,122,1211.507583
-168.797176,247,1211.984014
163.885558,151,1212.201036
0.541647,120,1212.369278
97.617935,171,1212.599057
142.498986,154,1213.05626
119.822962,128,1213.220807
186.20361,164,1213.433872
59.454258,131,1213.739464
138.735616,160,1213.941056
110.463276,152,1214.150072
-124.303213,191,1214.425558
82.461087,143,1214.784822
99.009361,172,1215.015806
74.736067,205,1215.432483
93.501228,170,1215.669034
180.743698,172,1215.903576
219.235185,205,1216.406137
174.406101,187,1216.657884
116.74818,203,1216.936365
138.157501,148,1217.283189
95.848475,178,1217.527025
90.095353,151,1217.724681
214.149337,187,1218.116861
156.036191,176,1218.37674
127.304645,154,1218.581254
112.334388,157,1218.942961
70.386211,175,1219.18059
202.461473,222,1219.473264
32.57083,124,1219.863072
243.056818,178,1220.100055
52.187277,122,1220.265279
194.045106,180,1220.663583
208.009329,177,1220.899551
239.443525,200,1221.164656
117.270192,159,1221.513036
97.543549,156,1221.720742
204.767406,186,1221.969543
124.178941,178,1222.38804
89.979374,138,1222.574025
110.142634,177,1222.805274
71.201939,125,1224.269073
102.624666,156,1224.616915
91.352962,132,1224.7913
-159.07116,254,1225.285764
175.457179,192,1225.552461
102.607856,157,1225.765549
-12.781667,111,1225.915268
68.289339,134,1226.240299
141.833773,165,1226.456326
99.706295,149,1226.652977
67.58488,119,1226.947852
18.376796,110,1227.094019
47.492975,113,1227.244216
104.729618,134,1227.419458
47.805928,117,1227.573221
87.14733,134,1227.892291
29.271752,127,1228.064707
14.332607,96,1228.192688
168.181198,154,1228.392366
103.784493,119,1228.836063
108.638621,116,1228.993708
29.185984,108,1229.139049
26.916345,103,1229.283981
24.129575,104,1229.558338
74.362623,150,1229.782629
127.614374,162,1230.00412
61.77569,118,1230.160945
76.156472,134,1230.682229
105.303295,145,1230.882907
76.089049,129,1231.060335
150.812173,161,1231.273753
111.455405,128,1231.584953
153.222185,145,1231.767347
136.434147,150,1231.968092
135.434403,152,1232.30335
78.462351,128,1232.47543
7.286728,105,1232.615703
100.193293,128,1232.786933
111.527553,132,1233.102311
64.214386,115,1233.255615
123.427785,149,1233.44883
123.073887,142,1233.636258
40.832487,112,1233.927015
117.58125,138,1234.113758
119.426334,177,1234.34833
151.424421,150,1234.543941
125.512492,154,1234.897486
47.455854,128,1235.069196
148.341963,153,1235.270254
39.653335,122,1235.618908
167.925757,145,1235.811491
-37.472678,111,1235.95378
195.155804,172,1236.17685
-75.318112,337,1236.827404
270.800353,201,1237.088807
186.332315,157,1237.450704
146.675946,153,1237.661181
46.183107,113,1237.823761
53.211062,110,1238.116309
23.428277,100,1238.25506
148.807272,164,1238.474251
143.112492,145,1238.67746
115.666044,139,1239.121828
117.507118,140,1239.308927
31.359495,105,1239.445693
75.574695,116,1239.606161
22.858858,109,1239.752409
139.668425,163,1240.248281
120.607956,143,1240.459341
42.375526,113,1240.609156
-15.36112,105,1240.88658
136.967093,144,1241.090909
127.261207,136,1241.273742
114.366279,132,1241.444165
129.029159,142,1241.779933
116.631644,151,1241.98912
94.524068,178,1242.231029
134.138024,140,1242.683081
94.261198,124,1242.861685
62.219012,114,1243.032307
168.994003,149,1243.245597
134.20438,149,1243.590867
101.270093,130,1243.756863
77.607383,110,1243.894773
169.829193,160,1244.115162
128.918384,142,1244.517271
32.463814,105,1244.657436
78.503765,119,1244.813543
155.424774,155,1245.030853
83.104085,125,1245.353701
274.721576,174,1245.584306
167.89267,158,1245.791754
65.603459,112,1245.943292
117.075225,141,1246.273262
156.704527,158,1246.484217
130.549358,153,1246.684689
65.368612,117,1246.986219
193.538714,162,1247.202138
196.309992,165,1247.415298
118.457469,134,1247.586834
130.555435,138,1247.958262
218.797653,174,1248.185095
141.795719,150,1248.382757
179.321487,148,1248.753515
20.272306,108,1248.89589
23.870224,102,1249.028195
59.249706,121,1249.199139
51.333596,113,1249.488342
72.996003,115,1249.650471
72.318872,120,1249.83211
49.183945,116,1249.976177
78.014747,126,1250.133735
67.996504,125,1250.599677
63.955781,114,1250.760939
55.423915,106,1250.901814
54.785647,119,1251.058292
64.144059,122,1251.35559
64.000473,107,1251.52065
49.839008,120,1251.688891
53.788695,113,1251.858854
76.064711,110,1251.998981
66.430246,105,1252.299498
67.183458,114,1252.445681
65.695014,120,1252.621674
32.163878,106,1252.769336
35.377214,107,1253.139559
86.498735,116,1253.286062
65.085664,119,1253.435858
47.403253,113,1253.581111
35.996463,107,1253.717709
-25.994048,92,1253.984386
54.407739,114,1254.135278
43.176784,114,1254.282339
33.721498,126,1254.440472
40.068457,113,1254.882518
40.933434,134,1255.056937
64.416684,114,1255.20036
58.615248,116,1255.347106
55.699651,126,1255.704748
63.197852,121,1255.864854
43.757992,113,1256.01348
4.137749,97,1256.136444
65.995219,120,1256.311641
37.776378,109,1256.638001
303.661739,233,1256.969324
35.123249,108,1257.110645
112.582256,140,1257.421982
-36.887214,95,1257.542372
57.900547,119,1257.698377
-29.046179,101,1257.826366
43.021514,115,1257.971362
201.562922,166,1258.329167
156.711636,148,1258.518532
186.116182,154,1258.717303
134.920915,145,1259.038507
284.508029,227,1259.338673
130.208047,151,1259.531151
44.58812,116,1259.81756
58.857212,124,1259.980888
21.85368,277,1260.346971
40.580022,122,1260.64965
57.711671,133,1260.82251
137.648681,151,1261.021334
168.41451,155,1261.210204
119.695342,141,1261.530987
77.439277,140,1261.721524
71.57879,118,1261.882001
24.838123,109,1262.026496
128.217232,143,1262.523799
107.164427,148,1262.711479
37.967603,139,1262.88428
71.416437,107,1263.022957
37.02476,129,1263.482366
147.12015,166,1263.695405
86.687482,120,1263.874921
24.187009,106,1264.013343
24.433143,105,1264.409286
31.184276,128,1264.575177
34.126806,113,1264.716589
41.475941,110,1264.855582
77.223004,119,1265.269065
62.709962,117,1265.421287
34.823605,111,1265.557345
192.268544,345,1266.131723
76.232952,117,1266.304031
52.57526,126,1266.463923
69.649116,115,1266.614208
8.12949,119,1266.948649
156.290837,156,1267.149482
36.915818,112,1267.289128
71.561665,133,1267.449321
23.129504,125,1267.820723
39.622506,279,1268.18854
68.088176,121,1268.345519
243.2367,205,1268.809099
147.797208,135,1268.987088
180.745234,169,1269.208645
142.843249,154,1269.60481
63.837848,114,1269.751037
219.538007,156,1269.952454
85.832071,143,1270.442128
67.211169,127,1270.608123
157.0536,171,1270.827369
45.67249,243,1271.301201
69.867967,121,1271.465762
103.387504,142,1271.649022
60.711414,123,1271.808042
64.517213,114,1272.093158
102.893448,133,1272.266872
153.146665,150,1272.457558
133.886605,130,1272.623101
112.919093,124,1272.919972
209.460941,168,1273.142177
19.215018,246,1273.465633
-108.665239,252,1273.943354
46.87118,295,1274.468991
150.157768,143,1274.651964
48.397174,122,1274.811171
216.450714,160,1275.019331
161.324408,154,1275.355244
47.983536,121,1275.512556
195.329317,165,1275.723853
125.666821,133,1275.898641
182.776047,154,1276.264173
41.682603,115,1276.420817
-106.789672,256,1276.933931
157.998869,143,1277.123902
206.745032,157,1277.320339
247.535223,229,1277.823355
71.396394,141,1278.011997
247.999075,185,1278.253413
61.143566,124,1278.409382
219.843945,159,1278.760845
267.991111,200,1279.022166
120.228232,132,1279.214125
228.733327,185,1279.610861
71.90668,355,1280.08998
253.105352,339,1280.804027
180.45243,168,1281.040618
140.740272,152,1281.387571
50.464169,123,1281.551555
307.694907,536,1282.399589
240.083822,198,1282.652274
339.500335,366,1283.309431
111.081626,136,1283.481627
328.501733,329,1284.059769
630.430627,485,1284.845287
87.63759,180,1285.08233
98.655269,130,1285.389347
93.679976,133,1285.55937
160.01822,157,1285.763586
100.504159,131,1285.928018
212.702533,185,1286.320748
83.452254,119,1286.49367
122.566799,133,1286.666373
55.827798,116,1286.817918
220.214873,164,1287.169109
57.937149,112,1287.313776
67.459796,132,1287.482809
90.646039,145,1287.809217
97.548675,129,1287.982066
158.299015,157,1288.195877
113.399333,150,1288.39226
170.787254,158,1288.897907
147.846658,143,1289.096717
166.367785,153,1289.2986
119.541059,137,1289.626467
236.712856,205,1289.909852
156.510251,148,1290.101946
173.844323,159,1290.45137
96.720955,134,1290.620887
77.786052,115,1290.770313
283.548842,345,1291.353047
151.3163,161,1291.558763
135.965387,175,1291.792366
584.748975,447,1292.537912
152.065918,148,1292.91049
173.091607,166,1293.121777
117.379086,132,1293.289261
116.968362,137,1293.457764
209.804477,175,1293.826488
82.074492,115,1293.970156
49.508536,123,1294.126076
118.665081,131,1294.293745
202.749849,157,1294.632761
77.303098,228,1294.936427
86.511473,150,1295.123544
37.816169,115,1295.418792
82.357535,126,1295.58895
179.527489,155,1295.792908
78.106675,131,1296.096359
182.218818,173,1296.32333
86.772385,120,1296.483072
59.953273,124,1296.64954
258.616036,173,1297.009938
156.735082,159,1297.221935
77.222713,127,1297.389531
112.154869,138,1297.569719
131.857719,158,1297.912232
164.974163,154,1298.113627
95.053993,177,1298.342481
55.911583,119,1298.645127
149.717393,200,1298.904601
137.610211,137,1299.077452
29.201424,134,1299.39477
5.609564,125,1299.557927
137.185097,160,1299.76187
241.902896,221,1300.198733
128.317822,136,1300.380606
137.381239,144,1300.561374
-139.46676,241,1301.017605
202.729575,158,1301.221968
104.858834,131,1301.393772
89.272721,132,1301.568249
242.470036,219,1301.996826
72.303414,176,1302.223213
279.193722,187,1302.617595
136.368189,147,1302.815475
79.135817,117,1302.972456
200.519068,184,1303.215559
227.136064,170,1303.57491
150.693161,153,1303.776982
-28.117446,285,1304.300941
-76.356361,237,1304.618495
235.798328,165,1304.832185
233.701561,198,1305.240718
-72.10331,250,1305.567384
210.364913,199,1305.972414
74.376581,134,1306.150819
124.603958,153,1306.344974
283.353965,193,1306.740814
108.090808,128,1306.91777
194.295054,182,1308.205145
131.142195,164,1308.574881
200.554955,167,1308.794056
211.941424,192,1309.047949
244.453238,179,1309.507194
288.92812,190,1309.759535
-45.371367,236,1310.070009
131.777237,142,1310.4033
111.144349,124,1310.568973
-48.519412,229,1310.871207
237.736352,178,1311.246831
167.014705,142,1311.43109
119.616856,157,1311.633586
117.254712,130,1311.937682
39.645613,122,1312.096257
-46.325894,214,1312.372216
162.280119,178,1312.742648
124.975114,200,1313.013954
176.503697,158,1313.21944
187.525034,178,1313.595917
34.903344,328,1314.028097
59.907637,113,1314.176577
211.41139,164,1314.540201
121.944499,161,1314.7513
198.436658,173,1314.97747
317.443957,276,1315.492859
173.929882,173,1315.724691
106.176756,132,1316.031602
218.610797,165,1316.257446
216.522767,231,1316.576686
-92.875143,242,1317.182586
454.348718,375,1317.819861
269.984992,195,1318.073225
152.57953,152,1318.268651
135.025086,155,1318.612903
231.838416,203,1318.886219
94.976225,139,1319.063723
146.050497,151,1319.425198
-274.054268,179,1319.655244
180.552015,143,1319.841641
212.524577,196,1320.245575
140.785708,190,1320.506498
186.642221,165,1320.733079
129.963171,330,1321.349982
231.484598,194,1321.667079
240.793141,169,1322.20944
38.626354,124,1322.385179
182.858671,179,1322.619653
110.768681,142,1322.801151
180.992209,163,1323.281068
157.888303,153,1323.428967
258.878499,193,1323.62954
238.692842,189,1323.949768
233.529606,190,1324.119273
238.27084,176,1324.463908
238.121446,167,1324.628815
62.770401,133,1324.749678
135.928471,135,1324.888829
209.590733,163,1325.158585
-68.210771,264,1325.400965
127.984619,151,1325.727674
189.391771,156,1325.878563
284.578132,235,1326.077534
139.861197,150,1326.296285
184.635463,164,1326.431101
79.654415,122,1326.525545
132.175221,134,1326.629505
101.275798,140,1326.828525
198.783621,163,1326.954379
71.759511,123,1327.048637
120.6944,130,1327.149135
144.060057,141,1327.349179
134.799406,139,1327.45621
143.855969,151,1327.572789
92.764599,112,1327.748913
158.019296,144,1327.859924
47.054567,116,1327.953504
484.717112,332,1328.312265
148.007763,144,1328.433774
286.767122,223,1328.621438
146.364415,153,1328.860251
142.052988,146,1328.980867
21.550816,132,1329.093483
163.669271,170,1329.342361
152.842651,150,1329.469691
72.411383,285,1329.694212
165.29987,157,1330.029917
94.289442,138,1330.141062
218.858898,178,1330.279031
162.907716,169,1330.648141
125.171465,148,1330.763539
158.52884,152,1330.883706
150.327694,152,1331.219843
138.78916,152,1331.342052
164.153169,170,1331.47313
141.404307,144,1331.585688
126.242653,155,1331.911934
127.14957,135,1332.015283
118.717682,144,1332.123976
111.382074,157,1332.470049
117.404754,132,1332.570445
89.849278,132,1332.671549
159.000736,160,1332.79453
115.912594,141,1333.128247
189.57228,168,1333.259265
200.333047,182,1333.399276
115.027559,145,1333.606241
94.671,131,1333.706214
134.148043,149,1333.821827
139.85415,145,1334.026517
134.197516,146,1334.141204
95.517698,137,1334.24677
104.895564,141,1334.354569
102.339569,181,1334.587852
117.75185,156,1334.709521
188.525042,221,1334.880574
55.373834,126,1335.072629
88.171402,135,1335.178428
127.349826,136,1335.284148
103.136884,156,1335.621292
90.433087,141,1335.731498
144.35382,148,1335.846836
137.447088,162,1335.97132
146.887154,156,1336.321916
91.124059,155,1336.444253
153.223493,158,1336.566165
102.682272,143,1336.895714
132.759468,156,1337.016883
138.890785,173,1337.152426
96.824996,138,1337.484359
56.56627,120,1337.57996
43.961797,125,1337.67659
89.517668,132,1337.779005
48.229497,119,1337.871052
117.302961,139,1338.207019
114.225643,137,1338.312335
111.597401,142,1338.42149
71.232759,127,1338.612497
108.338703,142,1338.72198
111.095494,133,1338.82551
147.447013,150,1338.940617
111.861473,138,1339.138836
148.487694,185,1339.281709
45.742637,128,1339.380809
159.37715,158,1339.596264
55.122637,115,1339.685285
56.24516,124,1339.782872
44.468848,125,1339.879542
162.485142,145,1340.085147
83.222863,142,1340.195894
36.457994,123,1340.290006
51.373129,109,1340.37366
164.410768,171,1340.599941
162.739191,150,1340.716257
105.611361,146,1340.829498
113.135419,152,1340.94752
56.430977,128,1341.139694
68.001359,141,1341.248154
47.938174,108,1341.331473
86.653814,128,1341.429379
71.059834,132,1341.626484
42.682731,120,1341.718031
46.993201,129,1341.818012
84.684095,126,1341.915132
104.033282,138,1342.114845
110.657093,147,1342.227668
108.915808,141,1342.336557
68.497152,137,1342.537134
110.77496,150,1342.65226
50.014877,119,1342.743887
111.520493,151,1342.86197
139.180852,149,1343.199069
133.298398,149,1343.315045
141.459616,153,1343.436259
91.524247,145,1343.641306
111.207601,148,1343.756074
85.644593,119,1343.847684
146.50917,157,1343.968477
69.581839,132,1344.163846
78.868485,126,1344.260955
118.296014,141,1344.369748
90.077428,149,1344.483688
155.647713,154,1344.699137
117.745073,141,1344.809363
107.211038,152,1344.9285
85.899404,123,1345.117562
185.634395,164,1345.24543
183.83778,163,1345.372553
140.909083,159,1345.696983
23.109515,132,1345.798344
143.912281,140,1345.906649
133.606158,155,1346.024427
120.51689,141,1346.344332
105.182198,131,1346.446316
131.261034,153,1346.564148
107.193692,141,1346.671206
153.902506,161,1346.889489
130.296648,159,1347.013232
105.024058,146,1347.125643
39.77248,121,1347.311481
132.931868,154,1347.433323
125.980112,148,1347.54707
107.874139,153,1347.664722
89.679411,140,1347.972038
176.148221,188,1348.118568
83.360976,136,1348.223691
98.472075,154,1348.542509
103.441757,137,1348.649042
59.458031,134,1348.75261
47.171127,127,1348.852809
179.079974,161,1349.073794
98.074342,140,1349.182068
64.350946,121,1349.275498
115.161823,153,1349.486403
100.400066,139,1349.595028
124.244059,141,1349.703378
87.575657,136,1349.806971
99.838148,146,1350.014519
52.109717,127,1350.113056
94.940009,139,1350.220128
148.902838,153,1350.43274
134.424435,156,1350.554814
113.762008,138,1350.661952
71.268437,129,1350.762408
137.650681,143,1350.967082
78.460032,147,1351.080556
112.722444,133,1351.182381
136.069688,169,1351.405186
155.832465,156,1351.527335
117.358825,144,1351.64077
56.57545,126,1351.737603
211.663727,182,1351.97017
115.113938,150,1352.085835
144.996494,173,1352.219267
32.882313,119,1352.402847
132.881476,149,1352.517004
98.015367,127,1352.613855
75.849015,126,1352.709409
92.897447,141,1352.912662
75.471729,137,1353.020957
154.334619,177,1353.158305
233.930688,198,1353.499654
84.755949,134,1353.606057
88.995319,135,1353.712316
79.653335,155,1353.832446
134.231416,168,1354.056873
60.655895,149,1354.171424
102.389045,141,1354.27912
96.467911,144,1354.481538
73.921368,123,1354.576151
73.354864,123,1354.670153
131.333056,151,1354.78711
25.704095,126,1354.977102
102.797145,139,1355.08418
96.437649,138,1355.190918
64.562535,125,1355.287381
131.748449,151,1355.496009
140.921984,154,1355.614464
73.202884,133,1355.71544
93.591459,130,1355.907418
29.027205,114,1355.995802
88.302631,129,1356.097666
79.597546,133,1356.200208
102.555549,131,1356.497011
28.456656,126,1356.59625
102.201673,136,1356.70194
70.999707,143,1356.812622
72.895566,130,1357.137568
115.683859,145,1357.249469
97.12607,145,1357.36193
13.096278,127,1357.46155
79.350974,132,1357.763432
86.893871,119,1357.855032
94.367118,143,1357.96572
90.836899,145,1358.07848
82.349553,129,1358.268743
109.953538,147,1358.384452
111.753798,158,1358.506604
59.056856,127,1358.698483
51.996687,142,1358.808372
105.655015,133,1358.912333
120.371456,146,1359.025241
95.884147,137,1359.232845
101.697032,129,1359.332001
123.51841,148,1359.446327
91.210601,155,1359.565417
94.68679,145,1359.774311
140.981011,149,1359.889711
61.510638,125,1359.98556
101.387239,145,1360.190396
69.670898,133,1360.293246
193.599826,184,1360.434948
122.232684,147,1360.547462
91.368891,141,1360.852873
78.136443,140,1360.960527
70.799905,123,1361.054966
77.542082,149,1361.393345
107.450379,135,1361.498329
47.28551,130,1361.598269
45.619069,129,1361.697613
59.262378,139,1362.02907
100.46188,141,1362.139406
107.840829,153,1362.256815
79.87203,132,1362.359754
129.221517,142,1362.6783
88.681722,143,1362.789493
158.498061,163,1362.91527
91.965303,158,1363.244005
28.909718,147,1363.357504
157.416156,247,1363.548704
52.693267,135,1363.854209
53.21844,136,1363.959935
68.387765,161,1364.086611
111.987332,144,1364.392262
117.767898,136,1364.504843
57.387089,132,1364.606843
75.716131,143,1364.717227
107.901167,144,1365.053042
224.249636,172,1365.185265
60.401635,129,1365.284682
128.653039,146,1365.397181
226.27892,193,1365.77799
56.309877,126,1365.875857
28.531765,140,1365.983803
113.674651,139,1366.316565
92.164457,145,1366.429247
50.304254,128,1366.527867
38.060089,135,1366.630835
87.026901,151,1367.432151
92.989759,138,1367.538241
46.775485,126,1367.635491
88.739695,143,1367.969938
0.272274,116,1368.071499
108.63555,145,1368.183159
121.059646,140,1368.290435
135.472268,164,1368.627591
91.248412,124,1368.723506
62.392799,138,1368.829895
94.327169,146,1368.942803
48.401617,145,1369.279058
107.45605,157,1369.400318
44.934705,129,1369.50038
87.504697,137,1369.805358
134.030575,150,1369.922373
18.636741,150,1370.039132
78.984525,140,1370.148818
143.815884,147,1370.481243
98.684654,165,1370.60809
120.668121,156,1370.728212
67.621559,146,1371.042036
85.774217,130,1371.141628
75.571025,150,1371.258772
119.927807,157,1371.380914
126.264737,146,1371.712821
86.606848,159,1371.836511
44.843366,144,1371.946918
141.233632,161,1372.257887
132.554657,148,1372.371591
118.151296,165,1372.49875
55.678028,159,1372.84626
83.861826,134,1372.949602
19.495995,122,1373.043513
127.521818,147,1373.157924
114.464786,139,1373.488631
80.467962,157,1373.613469
199.436244,174,1373.749645
113.6637,148,1374.065681
84.722151,133,1374.16912
133.819987,157,1374.289295
107.006482,148,1374.403477
98.634689,139,1374.716402
104.667535,130,1374.815831
122.857188,142,1374.924152
111.861315,156,1375.267013
85.846875,151,1375.399693
118.263655,147,1375.513258
25.449517,154,1375.633142
37.119897,134,1375.953987
125.690965,165,1376.081324
74.53854,143,1376.191052
141.490438,160,1376.486584
69.823636,128,1376.586791
21.805186,129,1376.685475
122.691712,151,1376.801343
157.338069,172,1377.157161
102.566836,150,1377.272727
62.875136,128,1377.371776
218.363089,198,1377.762946
152.266074,153,1377.880726
166.770144,166,1378.008424
143.694321,169,1378.33909
164.922502,180,1378.47885
151.135091,160,1378.602828
75.921575,164,1378.961011
48.439115,127,1379.061577
88.429256,136,1379.174356
55.389994,114,1379.261986
68.672315,127,1379.59609
130.387963,137,1379.705979
40.506118,121,1379.800081
115.470055,153,1379.918867
128.836474,143,1380.265414
140.558959,143,1380.37588
114.507474,144,1380.486347
84.975305,131,1380.585863
48.844246,124,1380.773649
127.63113,138,1380.881024
77.516165,134,1380.985428
246.738742,226,1381.253341
131.635121,158,1381.374692
110.661876,153,1381.491346
153.859222,155,1381.703022
115.747345,143,1381.81263
31.023477,108,1381.89514
220.669342,175,1382.029252
109.749808,130,1382.221336
32.542522,111,1382.306624
75.411313,120,1382.39878
122.750877,156,1382.51916
88.432593,140,1382.722414
81.667956,131,1382.82277
77.951391,127,1382.920057
56.58102,128,1383.019111
63.591551,124,1383.339741
86.510779,144,1383.450024
217.106488,202,1383.607028
181.696291,164,1383.971679
43.732722,127,1384.07126
56.050336,121,1384.164786
159.242466,157,1384.286495
130.213091,157,1384.606543
191.984665,160,1384.72972
26.651213,115,1384.818712
34.669914,110,1385.129155
219.868482,169,1385.261752
97.116798,142,1385.372331
120.702678,137,1385.476632
155.649688,160,1385.827864
139.882886,175,1385.965116
38.666179,116,1386.0546
151.560972,152,1386.381483
128.690593,146,1386.493762
78.416825,125,1386.588605
90.367739,126,1386.684896
152.378514,144,1387.020228
73.072977,131,1387.121434
157.567401,156,1387.242072
138.218494,143,1387.352479
51.391989,123,1387.673071
229.33375,187,1387.821497
131.328451,151,1387.938922
36.614294,116,1388.22877
117.376207,139,1388.337099
176.024588,158,1388.463976
109.661356,137,1388.573002
80.620836,124,1388.879743
93.953204,137,1388.987281
134.872604,149,1389.104229
105.636853,141,1389.431366
117.510829,138,1389.54019
113.355998,144,1389.652643
151.792976,146,1389.764397
158.684544,156,1390.07929
218.676203,183,1390.222363
184.960267,154,1390.341985
22.629099,125,1390.6652
126.308432,144,1390.777905
193.554126,171,1390.912077
46.36044,116,1391.001358
36.52284,121,1391.29478
152.923502,152,1391.412869
226.522711,175,1391.548613
146.647909,176,1391.893698
98.912912,141,1392.004378
24.63508,114,1392.09287
22.04618,129,1392.191507
81.084329,132,1392.500676
120.111272,154,1392.620676
149.1211,158,1392.744008
139.166578,154,1393.090256
122.974271,140,1393.199348
214.825719,186,1393.343939
23.341613,116,1393.434282
118.569921,149,1393.757214
111.737817,146,1393.872458
234.258831,191,1394.019691
157.255941,154,1394.340579
126.830716,135,1394.445371
227.320041,187,1394.590051
125.333207,155,1394.803838
165.606452,184,1394.946713
103.9885,143,1395.05794
206.707799,166,1395.280578
122.669744,137,1395.387678
162.449562,156,1395.510757
51.982165,120,1395.603534
211.158274,180,1395.840416
104.100081,143,1395.952467
134.152268,148,1396.066167
96.480309,144,1396.270796
84.852804,152,1396.388006
70.632288,154,1396.508266
17.866954,111,1396.593798
115.00939,140,1396.795685
123.283777,149,1396.91115
233.090138,192,1397.061503
156.351358,153,1397.272135
229.849633,173,1397.405277
167.988931,230,1397.584634
120.907501,146,1397.897587
103.317711,144,1398.009344
86.965571,161,1398.135596
96.302291,135,1398.465538
93.629884,153,1398.587463
116.70806,137,1398.692761
140.843079,165,1398.820123
117.964234,141,1399.159047
125.867873,147,1399.273224
201.302582,167,1399.405662
153.752717,165,1399.733047
174.525998,181,1399.901095
229.489714,189,1400.051324
231.094134,195,1400.419249
191.056381,179,1400.559134
137.901263,139,1400.666033
214.568103,182,1401.028545
63.86334,171,1401.161212
106.942051,153,1401.278176
109.295891,131,1401.602718
120.538267,163,1401.728222
256.562214,184,1401.870655
235.921429,199,1402.118291
119.782895,151,1402.233691
71.102941,148,1402.347084
171.441039,167,1402.568371
115.890888,156,1402.688065
132.705527,174,1402.820577
128.21988,155,1403.16317
-115.591813,234,1403.344651
112.97457,159,1403.466418
114.735769,165,1403.779462
146.781487,154,1403.897939
181.667061,169,1404.02928
142.218341,168,1404.252863
116.767622,158,1404.376277
151.090352,182,1404.516455
114.616232,138,1404.808572
222.503572,187,1404.953224
122.208454,159,1405.077132
94.413519,136,1405.183264
82.117182,180,1405.413609
257.360248,205,1405.571957
247.700307,208,1405.827328
165.488012,175,1405.962604
65.201838,333,1406.313243
154.163621,158,1406.434934
180.956918,206,1406.593598
242.313348,230,1406.861504
209.009222,196,1407.012931
217.953769,205,1407.26485
-6.216887,279,1407.481819
-14.344012,272,1407.783253
231.10823,191,1407.931013
228.542754,212,1408.104624
-107.079921,239,1408.382079
174.390174,206,1408.539384
164.262065,168,1408.776932
186.856708,210,1408.939632
105.287077,155,1409.061479
125.952585,145,1409.385468
359.71425,317,1409.635395
169.261719,253,1409.9254
233.862022,199,1410.078427
22.278093,311,1410.414999
227.253904,201,1410.568095
223.619499,203,1410.819018
132.951904,350,1411.09172
409.529529,354,1411.456341
164.026684,192,1411.603102
411.558486,284,1411.914565
256.676668,193,1412.062544
72.059951,276,1412.368879
336.411699,296,1412.597479
279.292027,271,1412.896123
-81.984938,254,1413.09129
-92.260866,241,1413.371571
241.593054,195,1413.521147
164.249874,161,1413.735531
181.025997,178,1413.87054
188.831278,183,1414.009199
-119.605292,254,1414.29882
179.454841,182,1414.436431
234.141586,203,1414.591535
219.460474,189,1414.827125
208.435411,198,1414.97626
192.087411,166,1415.195644
196.785343,195,1415.342643
239.291881,205,1415.498615
208.71903,190,1415.739486
138.547901,158,1415.860508
166.616402,159,1415.979901
-220.918202,172,1416.204066
216.942855,223,1416.376798
172.557748,221,1416.636759
203.525131,173,1416.767565
204.320353,164,1416.890937
234.147398,187,1417.12606
190.632042,220,1417.292481
-132.994372,177,1417.426043
168.434906,172,1417.650946
104.430501,150,1417.76364
164.099756,173,1417.895637
198.10211,177,1418.123613
185.237998,281,1418.33882
234.477603,188,1418.676209
150.479525,152,1418.794072
225.400819,161,1418.9154
234.294252,183,1419.26512
344.409269,295,1419.494148
192.839074,192,1419.638904
95.850214,148,1419.977013
144.912809,154,1420.093484
270.339947,256,1420.37983
195.108713,161,1420.50148
243.33903,175,1420.634587
-33.213353,251,1420.915705
115.322996,244,1421.100735
304.826347,287,1421.418868
447.130207,272,1422.460887
291.229527,232,1422.731371
203.200075,162,1422.859011
-84.866601,257,1423.148801
163.559123,156,1423.266169
221.153228,173,1423.396289
191.127696,201,1423.640792
128.723939,147,1423.752069
246.016956,199,1423.902861
260.053926,197,1424.143883
299.429066,232,1424.321319
212.812461,175,1424.454293
241.463792,205,1424.69986
262.0609,168,1424.826077
138.296668,346,1425.19187
193.416735,216,1425.356971
35.026508,274,1425.659156
263.152386,209,1425.816873
140.766129,225,1426.082628
250.823771,212,1426.24644
102.34118,143,1426.355077
189.62774,156,1426.568075
228.177809,188,1426.711321
242.405567,178,1426.846237
228.588786,157,1427.057238
102.783177,149,1427.1711
-7.756071,330,1427.518543
211.571368,248,1427.709641
50.649682,274,1428.013136
128.515058,244,1428.199677
151.701266,151,1428.314148
175.205884,166,1428.638659
201.866624,177,1428.772214
232.447523,196,1428.921388
174.766505,157,1429.233809
152.941779,148,1429.346061
132.633386,168,1429.474046
207.011114,168,1429.826976
205.543213,183,1429.96666
177.272916,163,1430.090345
-163.301846,231,1430.361223
324.850958,238,1430.545008
88.79743,159,1430.757743
81.362014,214,1430.920378
331.016133,240,1431.104255
246.000771,177,1431.331511
236.333611,173,1431.467948
107.213785,140,1431.573911
460.592824,370,1431.95195
118.895712,142,1432.059333
130.584571,156,1432.270242
221.336722,164,1432.393647
241.890342,201,1432.54655
222.005886,210,1432.799888
218.795252,206,1432.957157
271.853047,204,1433.206495
-238.595259,180,1433.343007
256.656961,188,1433.485071
-191.58286,181,1433.716908
-86.339353,218,1433.884071
1029.759301,769,1434.665286
257.924066,206,1434.821813
256.267821,245,1435.104877
297.70369,317,1435.35261
242.915217,198,1435.596858
140.865337,160,1435.722641
66.479971,141,1435.833217
182.441484,179,1435.969435
125.888235,144,1436.171718
165.50436,158,1436.290789
216.886555,174,1436.422157
231.532715,177,1436.64952
328.528952,421,1437.067496
148.02905,161,1437.190108
211.640216,164,1437.313788
207.571537,172,1437.538076
230.472238,168,1437.667015
158.597906,157,1437.785366
103.877333,143,1437.894091
190.623706,162,1438.110247
273.596638,206,1438.265871
119.992579,146,1438.374788
92.75554,146,1438.578937
176.917358,182,1438.717159
11.260999,268,1439.01529
185.263074,179,1439.155633
80.79064,139,1439.260036
127.607252,154,1439.470021
210.075292,169,1439.597808
223.541539,181,1439.736942
189.658935,169,1440.063745
230.408994,210,1440.225296
211.94967,209,1440.38325
90.439886,143,1440.706001
224.09189,196,1440.856889
186.536624,173,1440.988825
245.098044,188,1441.349794
173.608263,172,1441.48075
189.425298,166,1441.609971
213.575544,187,1441.954829
187.185738,249,1442.145853
242.43442,176,1442.502149
211.08483,182,1442.642593
94.69205,141,1442.750974
95.009043,143,1443.0848
-116.178385,245,1443.272943
427.676549,378,1443.789723
230.634902,186,1443.932332
46.663646,128,1444.029063
198.861719,217,1444.397954
250.454169,253,1444.593465
-212.356083,165,1444.951622
112.90996,156,1445.070996
380.578006,266,1445.275286
226.274083,186,1445.639358
186.577706,178,1445.774784
-157.696095,199,1446.016856
147.323379,167,1446.145138
120.315387,165,1446.27104
228.59657,184,1446.504019
183.277684,149,1446.616407
389.260314,275,1446.828117
72.881437,127,1447.017416
135.883446,163,1447.141166
222.596666,208,1447.298814
350.058276,298,1447.619139
210.605032,190,1447.76232
217.564542,173,1447.986502
184.20458,172,1448.117347
205.826615,183,1448.256232
168.956471,157,1448.473973
100.122269,120,1448.565314
62.119797,132,1448.665598
109.500743,153,1448.780979
248.093579,169,1449.0006
43.089675,258,1449.204425
64.097843,245,1449.484495
287.576252,334,1449.737916
247.098954,203,1449.984623
-98.416819,149,1450.097242
358.171994,291,1450.411425
140.685982,144,1450.520504
247.286531,188,1450.663208
-59.248949,258,1450.952761
-119.778529,193,1451.098504
220.04426,253,1451.384287
202.535989,173,1451.515655
272.635972,220,1451.682894
-99.47563,157,1451.894948
62.251503,131,1451.994663
189.854221,199,1452.147587
-195.787984,166,1452.368076
130.118688,173,1452.500155
140.044669,178,1452.633945
214.292593,182,1452.864816
95.463516,163,1452.98815
279.955569,343,1453.341981
242.223209,201,1453.4955
207.840292,204,1453.742974
506.800777,370,1454.025019
236.97827,175,1454.2519
104.928057,176,1454.385551
125.31354,155,1454.503051
-218.485883,165,1454.720122
232.03199,196,1454.86935
-24.771615,222,1455.038912
245.306959,195,1455.280635
212.150082,178,1455.417153
314.981805,279,1455.727831
224.696302,206,1455.884371
-202.314299,168,1456.011475
277.236161,280,1456.322004
290.570633,268,1456.525586
273.874518,300,1456.955163
296.79888,292,1457.402004
487.827753,343,1457.67012
244.676888,186,1457.90373
410.98289,376,1458.194633
-45.617091,272,1458.496939
-113.198524,210,1458.65619
229.600861,197,1458.898271
-82.827117,251,1459.088809
56.031118,146,1459.200292
219.25114,188,1459.435304
220.627631,317,1459.679627
43.64708,263,1459.973249
446.952956,372,1460.452255
574.774422,462,1460.902182
312.726885,287,1461.122135
290.591608,275,1461.426108
160.331912,158,1461.546788
16.819309,344,1462.009356
-204.572609,163,1462.13628
-130.396336,179,1462.273933
279.250654,286,1462.691149
-258.64538,145,1462.802251
273.688317,238,1463.209447
-239.875558,148,1463.323194
-211.82281,155,1463.443053
-203.841068,135,1463.765261
220.162341,198,1463.923765
-223.656444,164,1464.049587
-236.76553,150,1464.359095
-222.121855,125,1464.461817
487.84717,368,1464.746376
234.208621,200,1465.098663
5.392431,217,1465.267341
97.924982,266,1465.697119
-194.134836,124,1465.793068
95.532376,154,1465.910755
79.715849,191,1466.280652
216.495441,302,1466.51283
147.857958,183,1466.746272
182.427315,208,1466.906968
-83.886071,251,1467.1915
-239.644802,137,1467.298726
158.456816,149,1467.416417
7.983838,125,1467.511505
151.888787,162,1467.726913
2.826144,293,1467.951103
214.081003,156,1468.160602
47.629354,200,1468.313142
-88.770415,184,1468.453382
157.095818,149,1468.659055
218.989543,177,1468.793761
74.226986,144,1468.90863
139.903466,216,1469.166016
208.230962,197,1469.316217
38.529144,125,1469.411101
127.01489,140,1469.610163
11.177015,128,1469.708842
202.867283,202,1469.863581
121.985515,164,1470.081671
-247.574095,167,1470.212163
233.3966,217,1470.383037
-161.369749,179,1470.614565
-202.120648,168,1470.744643
73.213448,134,1470.847895
211.504941,182,1471.08054
123.550187,149,1471.195797
87.881231,118,1471.286077
187.225766,186,1471.431122
64.719554,337,1471.784035
64.838314,124,1471.879303
212.126173,196,1472.124932
132.327845,151,1472.241315
-155.994666,176,1472.376951
233.012608,235,1472.649526
77.517918,138,1473.350112
-108.740468,186,1473.495519
-54.480228,318,1473.833967
192.802956,179,1473.971575
32.684457,130,1474.164255
-155.026737,177,1474.299974
84.624101,130,1474.40121
66.216233,124,1474.587942
85.846992,131,1474.689317
225.347609,207,1474.847949
71.608221,117,1474.937903
217.481521,182,1475.171194
147.601229,149,1475.285558
-221.699253,173,1475.420083
129.163132,146,1475.627367
219.679959,168,1475.75613
71.931179,125,1475.851058
179.264839,148,1476.057414
134.17738,153,1476.176092
267.283529,175,1476.310756
143.654244,145,1476.421942
115.954636,150,1476.631905
70.084689,118,1476.724515
95.052776,134,1476.828166
134.315615,152,1477.037535
418.939134,371,1477.327365
117.438684,157,1477.546334
161.982112,153,1477.663745
208.202919,195,1477.81409
110.637568,143,1478.017813
138.419224,147,1478.130944
192.631146,178,1478.265382
95.357311,147,1478.380447
179.823221,169,1478.603407
86.153166,115,1478.69219
159.529464,161,1478.817822
125.051015,136,1479.015794
211.101066,193,1479.166334
116.638372,404,1479.574419
110.250325,138,1479.681138
148.438863,220,1479.851224
69.301499,119,1480.035328
125.484345,153,1480.154719
228.207736,198,1480.308698
-231.018026,155,1480.521574
135.033496,165,1480.650457
205.15374,243,1480.83898
200.209641,163,1481.057644
-98.148743,193,1481.209383
142.703934,206,1481.460544
207.670997,186,1481.602381
119.087059,144,1481.713925
254.65882,232,1481.985555
151.658522,152,1482.103757
335.741918,260,1482.303145
201.345524,191,1482.54273
55.183356,144,1482.651994
287.60143,240,1482.928807
72.144701,131,1483.028587
200.779639,206,1483.185453
208.92936,188,1483.428463
123.409698,146,1483.542099
85.280414,140,1483.649724
99.149416,136,1483.753233
239.32786,188,1483.993743
504.218633,519,1484.490137
198.487851,188,1484.634094
29.321995,133,1484.735309
221.070519,201,1484.983924
237.42305,166,1485.110934
150.37702,140,1485.218138
57.910554,126,1485.408049
206.315145,202,1485.565352
76.812978,118,1485.655205
205.69879,195,1485.897907
192.491161,190,1486.043366
228.978621,205,1486.203557
-28.618445,284,1486.62508
228.875598,201,1486.782126
243.815386,187,1487.149909
73.546622,113,1487.238356
-77.800229,281,1487.660509
219.175563,188,1487.80689
-111.41394,266,1488.015585
201.133885,185,1488.372779
396.41655,352,1488.647638
-176.091092,195,1489.025966
212.93263,184,1489.167261
91.074219,120,1489.258989
166.076057,207,1489.644876
118.940842,150,1489.76215
193.237228,195,1490.017093
81.448476,112,1490.103382
213.67441,188,1490.248365
118.654935,137,1490.35429
92.747502,139,1490.555138
84.04,110,1490.640114
103.344897,210,1490.802885
75.555266,127,1490.993109
62.325957,143,1491.105598
73.284018,128,1491.203858
73.455555,115,1491.292586
80.146256,126,1491.4826
88.702635,146,1491.595565
193.631536,237,1491.779216
86.472458,121,1492.071928
78.318968,112,1492.156924
46.199619,111,1492.241973
58.298695,120,1492.334562
144.03728,148,1492.449019
82.156762,120,1492.764992
70.658671,400,1493.079163
44.585016,138,1493.389604
57.674642,124,1493.48451
58.563743,118,1493.57617
44.544758,114,1493.663619
87.451116,119,1493.955726
83.147064,162,1494.083292
224.364196,191,1494.22906
42.677178,118,1494.543084
27.815363,123,1494.637615
103.061983,148,1494.753019
98.651312,213,1495.090062
80.632349,126,1495.186751
25.68091,127,1495.285367
32.28148,163,1495.413777
71.501332,122,1495.732704
78.430853,126,1495.829337
239.205999,171,1495.959924
140.579004,143,1496.071543
126.645902,205,1496.434977
51.612713,130,1496.533995
84.497175,113,1496.62075
183.722554,205,1497.001533
106.258444,137,1497.107843
135.846758,151,1497.223369
133.585998,154,1497.563886
65.233972,127,1497.660669
113.352007,145,1497.773058
90.900204,139,1497.881075
48.52022,139,1498.191047
160.138281,142,1498.300773
78.709747,129,1498.399893
89.598499,141,1498.508133
79.018427,120,1498.817105
215.051767,179,1498.956733
52.913922,121,1499.050663
201.866249,183,1499.403
74.08369,122,1499.496734
50.176524,120,1499.588327
99.78927,143,1499.69817
81.247093,121,1500.006218
30.258869,124,1500.101969
189.901891,181,1500.240389
115.006429,149,1500.579835
116.398103,124,1500.676285
134.107868,140,1500.782593
187.296743,168,1500.910535
123.184848,136,1501.238337
22.603488,133,1501.342706
104.363574,130,1501.441891
54.568013,136,1501.545636
63.273718,114,1501.834721
164.33082,155,1501.95352
77.31107,136,1502.059007
170.809071,163,1502.416846
76.407179,216,1502.584969
225.507931,163,1502.711975
73.421532,138,1503.050447
90.821796,117,1503.144336
60.517253,114,1503.233715
91.341024,123,1503.327313
86.885212,123,1503.422552
217.118744,163,1503.783689
167.658625,145,1503.894425
97.92879,121,1503.98874
145.86077,148,1504.325753
135.362344,209,1504.490146
150.24213,152,1504.608426
44.712074,127,1504.92951
94.66373,124,1505.024815
85.735321,142,1505.140265
183.050415,154,1505.260227
188.788113,194,1505.501271
218.558759,167,1505.63101
254.993402,194,1505.779877
290.682477,185,1506.016286
79.67032,127,1506.113332
243.966712,160,1506.23644
-81.429888,224,1506.502136
97.392239,124,1506.598349
95.752404,115,1506.686273
108.0467,148,1506.894068
228.402926,191,1507.042726
245.037159,187,1507.188004
127.305518,150,1507.397049
105.715062,139,1507.504374
115.371241,126,1507.601278
66.94489,134,1507.704526
65.615846,121,1507.890012
69.525252,137,1507.996258
-8.105955,291,1508.223788
230.162035,170,1508.448911
153.861085,159,1508.572452
76.574394,138,1508.678103
246.922519,165,1508.899572
107.099476,130,1508.999042
-122.018343,231,1509.180772
228.08378,222,1509.44545
105.152988,157,1509.566845
63.329369,133,1509.670374
115.094673,219,1509.933811
171.964158,160,1510.058315
43.798412,110,1510.143837
179.704202,144,1510.347346
53.922818,126,1510.445149
212.923386,182,1510.586578
166.736475,148,1510.794848
234.19683,213,1510.961366
107.915277,145,1511.074249
78.817434,129,1511.174415
220.792873,205,1511.425481
82.70127,143,1511.538054
99.726368,183,1511.772653
-135.587919,254,1511.967758
407.372662,321,1512.307965
143.99298,142,1512.418971
182.475203,169,1512.547473
86.912289,125,1512.643331
240.676638,184,1512.880468
27.146449,125,1512.976107
74.315025,127,1513.072916
176.494424,187,1513.312773
69.942203,122,1513.40569
83.132955,137,1513.510753
221.676516,180,1513.740324
84.985045,124,1513.835133
252.404802,169,1513.96338
66.433395,124,1514.057735
33.269388,120,1514.244629
122.907838,138,1514.351779
268.517135,198,1514.505132
188.579309,175,1514.734815
126.331751,151,1514.850614
39.265843,152,1514.967472
161.317724,143,1515.076927
265.700582,170,1515.302032
213.829254,195,1515.452016
129.814203,152,1515.569582
68.278708,119,1515.753409
100.644402,119,1515.845224
202.482048,177,1515.982174
56.909116,128,1516.171836
384.805393,370,1516.460026
97.302938,137,1516.66067
140.100049,151,1516.777253
134.158557,144,1516.888694
193.082548,154,1517.007569
98.912217,124,1517.194333
213.15371,209,1517.354825
23.338356,144,1517.464713
110.185985,140,1517.66332
144.135954,145,1517.774234
274.720827,259,1517.972938
223.274326,217,1518.234976
103.395975,124,1518.329664
38.182301,321,1518.671836
86.165674,116,1518.760265
102.507014,114,1518.846349
131.59931,188,1519.173306
118.643813,365,1519.455186
-17.500805,317,1519.793333
72.61688,126,1519.890486
71.725187,131,1519.990211
61.046664,134,1520.186325
48.589969,128,1520.284705
108.997982,132,1520.385119
269.089115,183,1520.526314
208.842508,160,1520.740768
261.045081,169,1520.87123
352.959032,354,1521.24424
179.855601,144,1521.356399
469.550498,531,1521.860466
139.03193,127,1521.959752
-192.81025,236,1522.234772
269.334326,162,1522.358021
120.978357,130,1522.457402
140.084849,160,1522.676103
69.649822,134,1522.779397
84.479299,211,1522.942265
327.699608,361,1523.312843
193.316873,153,1523.43125
101.219097,124,1523.620749
110.756331,133,1523.723233
242.332943,168,1523.851333
101.626304,152,1524.059038
166.536627,139,1524.165675
110.45134,133,1524.26659
262.060764,170,1524.39923
119.051083,139,1525.238086
281.683628,186,1525.379807
284.088391,201,1525.534353
70.337538,130,1525.725848
240.212047,175,1525.863451
173.421516,184,1526.004369
100.084502,142,1526.203936
130.867489,144,1526.314074
137.895506,177,1526.450146
86.206316,125,1526.636347
70.099321,125,1526.73178
348.145125,281,1526.94942
188.549228,151,1527.158157
-84.340699,264,1527.360171
204.352549,212,1527.616689
196.907296,172,1527.750768
247.581856,166,1527.878945
74.006428,138,1527.985075
127.516021,141,1528.18582
270.258371,192,1528.333743
65.191968,401,1528.735686
79.709644,174,1528.869478
62.582899,136,1529.066355
139.116885,228,1529.242873
104.0532,138,1529.347043
246.202288,399,1529.748132
107.753033,158,1529.869535
116.709331,130,1530.062333
127.603064,151,1530.179318
-149.584706,263,1530.381583
82.737102,127,1530.571817
-155.63832,272,1530.78148
246.736605,188,1531.02017
87.13821,146,1531.134738
188.812652,216,1531.30302
-162.272664,268,1531.60259
62.173383,115,1531.691025
133.902176,419,1532.104412
182.406693,173,1532.236866
178.973243,218,1532.495248
220.457468,169,1532.627211
231.523339,170,1532.757971
215.04201,194,1532.999731
90.840039,138,1533.108481
273.496589,188,1533.252116
-86.487775,245,1533.531606
198.087936,244,1533.718128
100.842226,121,1533.810236
202.413194,193,1534.05915
143.633174,160,1534.184669
213.162431,201,1534.4329
62.258615,130,1534.533006
98.128381,141,1534.641482
99.336285,119,1534.732908
120.788224,133,1534.927491
43.777789,135,1535.030759
146.347114,145,1535.143106
172.167939,160,1535.266539
97.200489,123,1535.453043
127.223056,147,1535.564683
223.495609,224,1535.73695
155.278448,188,1535.975877
149.680537,150,1536.090396
179.671257,149,1536.20511
97.54131,124,1536.392875
285.036263,172,1536.525053
151.546222,142,1536.63452
402.313817,351,1537.101149
211.789524,163,1537.225311
159.10266,150,1537.338897
274.243328,197,1537.582764
232.124536,205,1537.739746
82.489337,129,1537.929327
223.926403,184,1538.070932
75.558171,127,1538.168055
111.281635,126,1538.263578
209.942822,199,1538.508714
71.627888,134,1538.610535
217.262463,200,1538.766001
231.95503,210,1539.019841
157.084938,154,1539.139845
96.198284,131,1539.23994
117.530804,209,1539.49274
219.341951,180,1539.633598
130.748325,227,1539.899276
114.237214,127,1539.996427
123.216456,123,1540.091095
178.941935,185,1540.233901
204.869353,235,1540.50681
59.001329,236,1540.688001
166.74222,182,1541.02759
222.187491,218,1541.196741
79.412337,123,1541.290675
205.665856,210,1541.546214
144.048129,155,1541.66491
224.618554,180,1541.804578
143.965765,140,1542.002994
280.341082,196,1542.157736
377.079937,384,1542.659035
99.269342,115,1542.747553
64.064505,131,1542.848023
1.378077,342,1543.204844
141.645103,139,1543.311122
112.370127,123,1543.408185
241.059912,189,1543.764764
128.565403,122,1543.85773
95.562716,149,1543.970896
84.617187,126,1544.160199
107.49171,134,1544.260997
83.114018,117,1544.350213
112.369548,113,1544.437429
135.204467,121,1544.622735
156.835278,161,1544.747217
82.140149,123,1544.840883
77.766349,123,1544.934306
85.067023,114,1545.116889
123.409372,122,1545.211416
53.968661,124,1545.306306
59.758683,125,1545.402321
-205.78836,177,1545.632117
236.446506,167,1545.760153
93.790707,109,1545.843553
39.219503,117,1545.933602
71.655867,119,1546.117523
120.280333,120,1546.209587
136.742527,142,1546.316963
205.236544,204,1546.567444
137.354866,146,1546.677837
-212.694752,152,1546.793847
242.551992,174,1547.021703
77.663171,108,1547.105075
114.005403,120,1547.196487
102.615698,139,1547.302035
70.071961,117,1547.391532
90.839232,121,1547.5768
165.066877,138,1547.681542
94.93704,123,1547.77602
126.433908,119,1547.866314
91.825285,124,1548.159242
8.626204,293,1548.383845
251.473239,161,1548.598557
122.241322,147,1548.711605
252.819617,168,1548.841454
84.86436,111,1548.9271
159.869314,138,1549.127499
185.975362,140,1549.235233
126.826907,119,1549.326928
136.091834,127,1549.433061
140.30511,137,1549.735457
113.767961,115,1549.823196
80.491575,120,1549.914351
84.892697,124,1550.008633
53.558039,118,1550.192156
121.291919,116,1550.280525
50.614395,190,1550.42292
104.452395,122,1550.515581
212.517963,152,1550.83648
165.979164,139,1550.943362
119.216881,114,1551.030873
116.329962,132,1551.133761
114.460555,122,1551.424157
90.773413,125,1551.51993
129.647733,130,1551.619221
271.591321,202,1551.871746
122.984827,125,1551.967543
148.962031,138,1552.072828
85.254258,118,1552.163072
265.01411,208,1552.411705
148.717237,137,1552.516717
132.808151,126,1552.613666
102.729413,136,1552.884623
177.112667,135,1552.987803
99.295217,118,1553.0764
108.137148,124,1553.171342
116.281192,123,1553.359932
113.33447,122,1553.45206
70.297755,122,1553.545079
245.030995,169,1553.675456
107.266002,119,1553.990117
124.494842,118,1554.080958
224.547822,158,1554.201544
314.502536,202,1554.574626
107.39215,117,1554.668672
113.741901,118,1554.758253
423.149266,517,1555.384075
88.881885,122,1555.477214
92.648818,125,1555.573745
7.237292,281,1555.88358
134.41811,119,1555.973911
274.343886,178,1556.304259
86.430678,134,1556.406966
115.851456,121,1556.499005
141.839543,116,1556.587725
123.238515,126,1556.774653
-5.306456,221,1556.944545
136.428534,126,1557.04043
100.69168,123,1557.133247
69.222447,307,1557.4637
78.207466,120,1557.55475
79.648665,118,1557.737688
91.962831,125,1557.832335
72.863409,115,1557.921462
107.521092,121,1558.012628
196.121489,187,1558.250344
61.441086,126,1558.347556
85.583985,119,1558.440284
157.134325,138,1558.54587
156.822464,139,1558.744844
-104.482322,167,1558.872572
93.794802,126,1558.968136
79.025633,119,1559.060685
119.885502,125,1559.248728
-71.664864,261,1559.448845
68.03084,228,1559.7172
234.741037,174,1559.852839
146.899687,144,1559.963544
0.042606,123,1560.057657
160.975863,136,1560.255205
74.407422,115,1560.343499
96.124215,118,1560.436186
78.428973,119,1560.527233
122.222933,131,1560.721626
-25.740871,128,1560.820967
72.842958,125,1560.916296
-51.006913,228,1561.18357
-90.024629,251,1561.376057
82.493436,113,1561.461668
110.419969,126,1561.651045
79.053482,111,1561.735162
6.744942,250,1561.924279
46.562928,231,1562.193202
302.009351,295,1562.422203
-58.702245,203,1562.670962
92.364195,119,1562.762542
131.514225,123,1562.857101
101.164692,124,1562.95082
-85.287339,219,1563.211226
139.027979,309,1563.450488
246.14194,181,1563.681645
106.535738,139,1563.787434
433.663551,361,1564.159853
80.144788,116,1564.250054
176.765166,253,1564.535086
65.163591,110,1564.621819
391.99576,327,1564.872871
235.657654,201,1565.117772
86.760282,130,1565.217753
85.794072,113,1565.304923
112.365054,157,1565.517687
62.498104,122,1565.611972
229.748419,184,1565.755456
65.967154,122,1565.848488
56.780413,120,1566.033206
86.048891,147,1566.14995
65.853905,110,1566.235188
-73.738856,129,1566.334255
32.242981,122,1566.617289
-36.018378,105,1566.698238
58.436135,115,1566.786906
52.913789,127,1566.883156
47.524115,116,1567.091269
93.412712,121,1567.184513
-92.545997,141,1567.293089
66.686124,111,1567.37859
22.207018,128,1567.476212
93.478652,147,1567.682639
29.875655,113,1567.770634
-35.229883,121,1567.864102
54.533379,110,1567.948908
75.565414,133,1568.143692
-89.938777,223,1568.314959
-16.854633,137,1568.420642
70.710729,112,1568.600076
259.179031,306,1568.835387
24.35916,117,1568.924879
29.452616,102,1569.097863
59.569707,111,1569.188056
39.754369,128,1569.287238
76.768684,122,1569.381202
77.896558,112,1569.561321
69.945506,154,1569.680542
49.714195,111,1569.767162
204.92613,244,1570.046767
86.692234,119,1570.13967
60.090156,112,1570.227685
64.793438,124,1570.322923
61.517213,115,1570.412634
33.036815,122,1570.600194
67.361328,118,1570.691514
82.719021,118,1570.783771
52.408216,132,1570.885731
21.098229,120,1571.071152
81.162443,132,1571.174443
108.164454,202,1571.329825
-11.589988,114,1571.510535
89.938968,137,1571.617024
-60.606666,267,1571.823422
-98.247953,238,1572.098202
64.59628,143,1572.208312
-30.224919,128,1572.307704
-35.647914,117,1572.49177
4.291959,173,1572.625252
52.493263,114,1572.714413
29.244708,121,1572.807309
63.169455,123,1572.995878
80.457675,122,1573.09082
93.057918,136,1573.197012
1.299743,346,1573.560339
91.836528,121,1573.654482
-24.646192,119,1573.747878
50.606828,126,1573.967481
70.240296,144,1574.08101
84.111808,137,1574.186793
-98.925284,235,1575.054401
166.986795,492,1575.435312
90.480072,114,1575.748055
-107.584292,249,1575.938326
279.016993,247,1576.352682
54.900103,133,1576.454771
-37.854166,272,1576.66594
205.347166,177,1577.007656
82.265709,138,1577.113995
-17.844159,269,1577.519844
138.523714,420,1577.845556
69.267421,141,1578.178911
51.808125,131,1578.278398
-11.65997,130,1578.379543
79.652215,235,1578.784395
540.759429,444,1579.337243
51.221785,129,1579.438657
-104.031155,222,1579.609207
-52.988284,253,1580.026081
-139.251886,195,1580.178249
42.704624,121,1580.272287
294.791718,290,1580.696305
5.74389,128,1580.794538
45.505834,130,1580.893948
143.167224,174,1581.252208
20.155268,129,1581.35307
140.700869,185,1581.496986
228.968937,183,1581.873038
78.33486,165,1581.999536
-230.183889,156,1582.119059
46.886245,110,1582.295379
115.745865,189,1582.440148
66.936927,125,1582.536559
21.584466,285,1582.847067
22.699065,205,1583.003756
99.638848,176,1583.140592
107.042278,187,1583.375536
201.262349,191,1583.52182
91.813093,181,1583.753467
67.669268,123,1583.847245
163.469353,189,1583.991732
68.992855,137,1584.099098
-88.665882,231,1584.369544
247.154845,189,1584.513775
-84.514895,243,1584.790088
-240.197618,184,1584.934098
361.580827,438,1585.470711
65.764859,157,1585.59046
-121.674823,235,1585.859657
-56.859759,237,1586.040763
-50.528918,127,1586.138666
149.275833,205,1586.387816
148.922456,212,1586.552072
-237.549117,217,1586.914756
-190.260467,236,1587.094326
-37.449453,311,1587.427745
396.042483,449,1587.868504
200.532704,266,1588.072372
362.335871,360,1588.441032
247.444324,392,1588.836563
261.552762,287,1589.058821
295.39305,203,1589.307534
-66.259878,270,1589.515078
-92.75223,236,1589.787317
-64.122949,248,1589.978168
291.196478,496,1590.45235
-212.237007,210,1590.612455
140.878183,229,1590.881097
54.675792,317,1591.125049
108.37925,160,1591.34006
113.573446,166,1591.466553
178.351415,299,1591.910432
-150.734931,226,1592.083395
-159.434459,200,1592.32776
37.993916,139,1592.434573
-240.88041,197,1592.58361
-46.188833,292,1592.900618
20.5741,273,1593.107683
174.629611,195,1593.350902
10.594922,302,1593.582226
173.680632,159,1593.798569
248.593144,452,1594.148845
-119.868337,211,1594.519325
-186.718129,174,1594.651514
196.764769,216,1595.041475
-77.474474,253,1595.236452
-73.3865,224,1595.632403
144.315241,207,1595.792998
-161.17042,237,1595.975356
358.568681,290,1596.424897
-5.376507,250,1596.614828
-7.511279,207,1596.986
225.379205,198,1597.139217
109.816247,151,1597.478611
245.247214,197,1597.632129
-16.166372,245,1597.820778
184.537186,294,1598.257535
-139.627367,243,1598.446041
34.694013,286,1598.891962
-101.908548,210,1599.055811
174.283543,271,1599.476279
65.820081,135,1599.580902
-50.997869,240,1599.987781
-36.144038,214,1600.153019
-95.177417,212,1600.51669
-10.570851,147,1600.629901
68.794959,184,1600.76854
-57.361347,156,1600.888282
-162.749763,169,1601.242223
122.612059,164,1601.369572
75.247308,113,1601.457972
-63.749223,208,1601.843426
303.630114,359,1602.122461
38.962138,119,1602.41758
179.010532,505,1602.898084
90.262149,146,1603.010892
-131.018428,191,1603.156556
-20.626731,283,1603.46413
299.724845,459,1603.908969
114.459133,147,1604.022308
148.669116,305,1604.349546
7.661613,143,1604.459755
-29.021823,167,1604.587729
-188.041481,223,1604.848174
5.199046,236,1605.027978
263.188927,193,1605.279952
-69.235729,208,1605.440897
233.869625,208,1605.601357
260.079966,246,1605.882658
51.538932,125,1605.979547
396.314336,336,1606.430972
-129.151197,268,1606.637183
192.28419,212,1607.023739
53.587643,184,1607.165228
179.5204,174,1607.299639
239.485111,210,1607.686043
-147.480119,202,1607.842943
583.111864,566,1608.508809
21.20572,215,1608.877747
72.792739,151,1608.994521
182.143088,232,1609.173939
181.732584,172,1609.514988
-177.456269,213,1609.68074
129.030113,157,1610.02591
38.239094,123,1610.121537
73.526565,143,1610.232387
42.054618,283,1610.659194
221.800344,191,1610.808206
74.876654,139,1610.915901
173.608098,158,1611.152183
191.569952,165,1611.282019
235.36654,366,1611.659853
215.150354,191,1611.807348
223.164254,269,1612.018004
245.950825,228,1612.401107
-120.055679,252,1612.592516
269.333241,208,1612.948889
56.98163,130,1613.048991
82.985203,258,1613.471607
98.060529,156,1613.593155
20.88407,281,1613.810206
56.669309,122,1614.113276
-13.375716,264,1614.317135
94.717565,138,1614.423334
92.80774,120,1614.714051
176.26486,212,1614.879601
86.731804,127,1614.978099
153.425674,137,1615.283614
154.901954,420,1615.609365
615.568356,595,1616.470187
0.676469,260,1616.672672
181.504261,151,1616.789698
32.747161,318,1617.26017
304.637531,253,1617.652038
-86.868657,255,1617.848168
417.734033,362,1618.237265
194.791656,166,1618.366289
260.490869,177,1618.503708
244.59896,190,1618.743088
239.31298,182,1618.884072
266.433437,294,1619.20585
247.133993,198,1619.35888
132.72396,149,1619.474889
91.290062,133,1619.670109
17.09838,262,1619.870964
235.494696,201,1620.119822
115.888108,195,1620.272635
164.877646,176,1620.407428
508.216996,620,1620.981282
243.598352,192,1621.224759
173.692852,210,1621.387705
118.995747,365,1621.760467
207.163578,191,1621.908992
190.887036,206,1622.283985
-9.113452,302,1622.516231
-106.281965,255,1622.911972
180.494603,173,1623.044512
306.734885,292,1623.495074
-31.201323,236,1623.676437
-88.710554,263,1624.097088
-85.333432,240,1624.282031
66.642337,144,1624.392646
78.790495,131,1624.719741
-99.679669,249,1624.911719
5.287744,341,1625.3988
231.939677,195,1625.549845
167.358633,151,1625.890967
12.373697,210,1626.057116
159.44781,142,1626.168603
108.233593,183,1626.536695
98.048298,132,1626.637194
118.519039,151,1626.75372
201.981594,200,1627.111958
119.875725,154,1627.23173
140.060905,151,1627.349238
93.669099,217,1627.747383
208.736878,184,1627.890717
247.347332,185,1628.034014
176.162256,405,1628.560189
-64.771855,221,1628.918999
87.235582,141,1629.039064
214.995655,185,1629.184964
192.95008,156,1629.303867
-113.676491,250,1630.442373
99.450835,128,1630.540299
223.745939,201,1630.915313
-74.124355,235,1631.0964
224.83559,175,1631.232969
114.254252,200,1631.593935
107.596019,138,1631.70073
232.462287,220,1631.872729
91.584791,268,1632.282191
92.930205,141,1632.38978
76.029589,282,1632.832222
-91.206017,228,1633.00829
243.687477,290,1633.449578
18.549115,125,1633.546861
147.331706,212,1633.710933
247.336285,224,1634.111019
179.723313,164,1634.238667
193.453242,179,1634.601783
171.993883,162,1634.727078
83.29727,158,1634.849132
230.569703,273,1635.285414
-0.372335,119,1635.377179
86.103626,148,1635.491471
534.981835,441,1636.047395
6.452755,139,1636.152794
122.101882,135,1636.483728
38.680046,355,1636.757671
264.425731,228,1637.158549
361.13555,319,1637.404446
141.274298,153,1637.700907
117.23251,149,1637.815849
237.803494,179,1637.954686
578.468626,526,1638.58696
93.639293,368,1639.095713
138.953188,161,1639.219739
99.246454,203,1639.599099
46.43033,122,1639.692794
146.386045,153,1639.811278
109.777171,147,1640.129347
109.217566,196,1640.281279
108.428661,147,1640.394152
31.841549,134,1640.721583
107.584452,137,1640.828177
411.622274,352,1641.302695
126.864232,143,1641.411877
69.444995,217,1641.578568
-134.303483,278,1642.000455
224.589582,232,1642.177872
48.058886,143,1642.510231
212.100931,208,1642.67099
177.764583,163,1642.796674
224.744075,226,1643.18187
-10.23181,258,1643.378347
34.466624,255,1643.797537
-42.449359,234,1643.978928
168.482575,145,1644.09095
185.422793,214,1644.464916
107.297258,148,1644.579178
142.490568,356,1645.075324
138.853051,228,1645.250906
19.634613,289,1645.696079
223.831023,190,1645.842098
94.317474,143,1645.952075
115.579423,153,1646.271087
245.935561,196,1646.423731
227.360447,289,1646.872531
104.517932,139,1646.980327
158.791771,220,1647.152816
227.66468,190,1647.493469
44.489613,131,1647.596177
214.92829,176,1647.732634
171.511177,503,1648.342353
128.09041,211,1648.729941
9.988302,139,1648.836933
220.376908,244,1649.247559
243.671485,182,1649.386268
-10.663338,180,1649.525179
-30.381585,248,1649.947033
206.231898,194,1650.098695
-137.346062,229,1650.500012
376.83394,372,1650.790347
145.668029,153,1651.14277
73.215378,147,1651.263046
108.86237,177,1651.400933
19.929675,125,1651.497567
203.681923,194,1651.868193
112.720266,162,1652.00456
75.144718,120,1652.09848
302.704387,266,1652.512012
210.258839,197,1652.662328
74.961607,123,1652.980644
47.394833,115,1653.068915
157.697809,183,1653.210963
15.611566,115,1653.298912
26.813836,275,1653.733861
91.025249,139,1653.840143
45.364859,137,1653.94467
202.262105,166,1654.270144
138.813927,150,1654.383956
114.330316,362,1654.884197
47.697471,126,1654.980568
47.814387,135,1655.085069
151.42461,184,1655.426239
-139.219988,231,1655.603415
118.957765,145,1655.71463
192.232911,188,1656.087309
339.012492,304,1656.327096
43.972609,146,1656.648653
50.224932,142,1656.756876
26.818894,116,1656.845924
39.023082,115,1656.93453
127.728161,170,1657.284513
154.300257,163,1657.410126
68.119355,142,1657.520707
86.062477,276,1657.956728
105.811168,180,1658.098126
296.626011,382,1658.628959
426.267994,425,1659.185236
229.151066,166,1659.312895
-0.688225,175,1659.447017
43.485027,143,1659.779844
-21.711937,351,1660.051229
107.862248,146,1660.381035
260.03284,184,1660.522556
136.350346,205,1660.680493
188.063906,191,1661.041283
58.140306,136,1661.146475
97.104756,143,1661.257061
82.182978,141,1661.567731
35.568249,127,1661.666485
-12.510559,121,1661.759759
-85.668469,188,1661.904948
21.603417,132,1662.10652
56.597508,115,1662.195203
7.162025,135,1662.299936
119.716444,230,1662.569482
-21.930473,118,1662.660504
-26.141602,119,1662.752743
70.5229,141,1662.862502
20.71472,135,1663.059534
52.409643,122,1663.154434
78.041916,133,1663.256591
49.772522,122,1663.352149
57.315174,117,1663.534715
88.711474,175,1663.669408
29.81452,135,1663.774716
131.345632,151,1663.982617
205.661752,169,1664.134432
86.683011,120,1664.226735
26.022306,128,1664.325433
200.249244,356,1664.695645
76.975206,128,1664.793925
178.181152,157,1665.096531
14.403527,111,1665.183087
150.224703,154,1665.303146
-0.334445,250,1665.720729
166.43662,158,1665.844006
58.520802,142,1665.954216
3.843491,145,1666.06654
-120.887452,220,1666.430701
11.13527,118,1666.522304
44.610575,128,1666.620784
-52.127013,264,1667.017884
164.362951,187,1667.162682
148.88127,307,1667.487632
-128.425376,250,1667.679242
-3.233641,126,1667.865822
23.249658,295,1668.09316
207.777744,391,1668.487116
197.987534,199,1668.640601
10.444064,130,1668.831687
74.619246,143,1668.943053
-9.769032,332,1669.198107
449.576971,773,1670.124688
57.406081,145,1670.237436
-12.850957,248,1670.519366
-98.958342,272,1670.727888
88.177803,162,1670.944616
65.665784,158,1671.06655
-53.071716,137,1671.174478
87.092164,193,1671.41643
-4.256612,217,1671.583606
193.723337,205,1671.741359
-155.628656,220,1672.109537
-132.359248,253,1672.304135
16.726928,131,1672.54371
20.928005,502,1673.021886
105.703443,197,1673.174822
134.281838,211,1673.33594
-210.668802,152,1673.543708
88.065516,150,1673.660427
-32.506122,141,1673.768853
-17.105831,126,1673.865954
134.382173,166,1674.086819
-204.43751,251,1674.282624
11.297576,186,1674.639214
381.987794,387,1674.93843
23.766719,250,1675.222548
-114.096195,206,1675.379367
252.069558,544,1675.888445
177.760725,195,1676.129562
-0.814258,130,1676.227151
35.493463,145,1676.337069
-146.326002,248,1676.616456
386.299072,379,1676.909435
88.889131,202,1677.155846
94.266844,164,1677.283826
-74.567375,306,1677.607804
12.742755,126,1677.703663
103.240848,155,1677.823489
107.122905,224,1678.087916
-151.65221,236,1678.267906
-143.824074,236,1678.539204
151.657141,154,1678.658718
62.853153,150,1678.77487
23.512598,121,1678.957115
171.283141,241,1679.145491
37.573093,135,1679.248963
-153.28758,235,1679.5195
133.793353,160,1679.643638
37.413543,137,1679.749165
-63.422298,299,1680.068545
380.352395,666,1680.717692
194.838104,166,1680.936859
-7.312756,126,1681.03389
-162.104877,193,1681.181119
479.80603,464,1681.627769
9.689769,130,1681.726469
-25.678206,263,1682.02077
317.855103,319,1682.265571
168.903393,210,1682.518294
22.265779,113,1682.605916
12.690803,137,1682.711284
-78.605852,262,1683.0032
28.008919,177,1683.139851
18.885586,111,1683.228148
-121.197063,259,1683.651831
31.771126,131,1683.752364
10.002246,115,1683.841162
-4.61798,149,1684.177666
108.585811,174,1684.311707
293.216454,744,1685.088173
42.909892,174,1685.314397
24.876197,136,1685.419248
21.037325,153,1685.536284
-52.595113,143,1686.256424
61.597427,152,1686.374148
-43.125605,139,1686.480989
57.349539,145,1686.683348
-46.971265,240,1686.869555
120.843878,400,1687.268628
-89.272561,331,1687.522446
41.349535,163,1687.738519
-5.048252,158,1687.860637
-23.890199,121,1687.954813
-13.123186,117,1688.044059
-19.79604,131,1688.233917
-33.278865,439,1688.659397
75.798288,149,1688.774215
-30.567544,258,1688.971529
10.733481,124,1689.157631
-148.466068,234,1689.340218
42.762831,375,1689.721382
-191.394467,251,1689.911767
6.892558,148,1690.11697
81.073112,206,1690.277554
-125.054925,252,1690.560119
43.295907,389,1690.861486
-122.48451,260,1691.15423
39.273364,118,1691.244899
167.747945,200,1691.398579
337.26245,743,1692.151082
-16.589495,140,1692.259884
152.2932,208,1692.510882
41.673629,434,1692.843512
-217.676225,258,1693.132305
-64.477781,287,1693.35061
-130.024873,261,1693.643172
69.0159,193,1693.792348
-189.272663,250,1694.184609
-142.990326,255,1694.377614
-156.750704,228,1694.642797
-181.684111,222,1694.813235
-186.213584,238,1695.087419
-237.161304,254,1695.288224
-218.50871,237,1695.561472
-262.844849,217,1695.727587
29.525991,444,1696.159216
187.523964,174,1696.292143
-192.771688,241,1696.567869
-217.798893,239,1696.750442
231.914418,193,1696.991973
-188.728621,238,1697.173587
-198.682458,248,1697.453477
-93.775116,216,1697.622452
-80.720556,215,1697.788087
-177.190125,219,1698.05164
42.13308,407,1698.458201
-269.12586,181,1698.594935
171.255234,191,1698.740054
-315.587655,171,1698.962474
-227.550187,228,1699.139681
-267.568797,145,1699.25123
-212.69118,234,1699.51996
-272.514465,157,1699.639321
-205.75864,241,1699.916459
-192.690492,193,1700.06598
-247.243631,137,1700.17249
-197.396418,140,1700.372331
-178.812976,183,1700.51222
-220.672439,189,1700.658991
-250.030817,153,1700.876442
-175.19251,229,1701.051387
-200.730244,147,1701.163951
-259.620037,226,1701.428793
-243.106991,242,1701.613845
-247.532286,232,1701.880953
-7.865506,131,1701.983251
-177.103269,230,1702.158831
-262.277786,167,1702.381658
-233.342321,249,1702.573363
-254.524207,215,1702.830282
-314.313447,172,1702.961577
-209.136472,231,1703.138611
44.512533,402,1703.542911
-218.789272,229,1703.811246
-226.574744,210,1703.97112
-157.912914,139,1704.078455
-219.779521,141,1704.281301
-164.91054,251,1704.472878
-164.337316,204,1704.628846
-227.556996,230,1704.89625
-272.914004,252,1705.089406
-149.178597,216,1705.346476
-168.615775,197,1705.498616
-234.375748,246,1705.779198
-177.527513,205,1705.935539
-249.363105,199,1706.088437
-152.04426,150,1706.296704
-249.496649,203,1706.451237
-166.716845,205,1706.700368
-143.167471,325,1706.949826
-189.863836,223,1707.213151
-125.053846,216,1707.381266
-201.990511,212,1707.543566
-224.547336,174,1707.769466
-194.226195,250,1707.962853
-207.482616,222,1708.237463
-209.001145,203,1708.393012
-223.435464,165,1708.519695
-208.27259,239,1708.795486
-145.361344,264,1708.996697
-185.316589,258,1709.28573
-182.47603,243,1709.472167
-213.598355,253,1709.758949
-120.681104,320,1710.09771
-232.361102,226,1710.273856
-176.674593,155,1710.393549
-164.824212,260,1710.684131
-99.681785,259,1710.881798
-184.246918,275,1711.196381
-98.775773,326,1711.448364
-64.169143,129,1711.642415
-229.0428,184,1711.785969
85.957443,154,1711.905408
468.936294,557,1712.429198
-226.93393,190,1712.667186
-183.768366,190,1712.815725
94.77378,554,1713.468286
298.062013,536,1714.101329
-99.787643,395,1714.61063
-247.493401,151,1714.72764
-202.85915,204,1715.090735
-194.45479,194,1715.240775
-168.061832,222,1715.5044
-200.720906,251,1715.697905
-195.056174,224,1716.094513
-252.164829,198,1716.245282
-224.294473,215,1716.410528
-172.68015,250,1716.799168
-271.917287,184,1716.939846
-11.896235,113,1717.027191
13.140277,125,1717.321059
-27.311737,252,1717.513625
-152.292637,305,1717.973028
-196.302557,214,1718.13762
-260.750757,227,1718.406462
52.981762,221,1718.576356
72.603286,216,1718.743997
-238.775426,215,1718.999849
32.947478,445,1719.437578
-46.570788,371,1719.725514
274.957862,594,1720.371997
65.181583,394,1720.676795
-201.237527,205,1720.925883
-215.129617,143,1721.035617
-141.960169,149,1721.151157
-172.980376,229,1721.417941
-230.802881,154,1721.537578
-175.535024,152,1721.65561
5.226103,141,1721.854894
-183.993111,142,1721.964498
-239.962971,210,1722.125411
3.07079,295,1722.447245
-176.256714,256,1722.644254
-171.137473,139,1722.843998
-236.229671,228,1723.018461
-134.463409,276,1723.323441
-151.894578,277,1723.538305
-175.384963,143,1723.742222
-277.687877,233,1723.924421
-174.368466,155,1724.044243
-163.260367,131,1724.26707
-191.650378,226,1724.442141
-242.249673,215,1724.606676
-189.62707,181,1724.851487
-223.593627,195,1725.001697
-277.464969,200,1725.248009
-172.200019,271,1725.458689
-125.185738,163,1725.584851
-274.369796,175,1725.938263
-191.90252,195,1726.088649
228.241272,319,1726.427521
-30.718946,602,1727.103214
-68.706365,428,1727.527762
-195.868704,242,1727.712591
-39.631682,135,1727.81621
-196.244465,142,1728.019411
65.551435,453,1728.462303
-12.920133,148,1728.57512
62.404736,586,1729.118416
-64.319842,132,1729.220491
-246.070272,182,1729.584309
-272.607583,172,1729.717089
-158.135066,132,1729.819645
61.260654,173,1730.046635
-194.098242,217,1730.215434
-123.295638,375,1730.599553
-46.57437,131,1730.701768
-222.943088,198,1730.855799
-132.084728,157,1731.06953
-222.489149,251,1731.263529
-159.688689,151,1731.472612
-225.427738,224,1731.645371
-143.885622,152,1731.763081
28.473484,171,1731.985042
-150.463198,155,1732.105166
-236.10143,171,1732.236305
15.819733,182,1732.467672
-153.630212,126,1732.566232
32.403485,128,1732.664607
-118.382183,133,1732.766579
-263.161257,240,1733.041044
-271.338417,164,1733.167795
43.620079,302,1733.491004
32.819713,144,1733.602308
-211.887408,243,1733.787834
-252.513164,178,1734.016556
-69.761026,122,1734.111497
-176.575698,261,1734.407094
-17.087502,449,1734.752279
-219.745927,185,1734.991861
-31.121944,117,1735.082065
-11.651037,135,1735.675885
-223.675584,160,1735.895371
-167.990311,228,1736.079207
-73.461551,135,1736.182865
-234.646086,211,1736.437487
-145.289,236,1736.618251
-15.988724,281,1736.927334
-168.093757,179,1737.06537
-118.259526,419,1737.48136
-206.948986,218,1737.648272
-185.068943,219,1737.909204
-189.957615,135,1738.014525
-149.746897,249,1738.207137
-245.627012,230,1738.475416
-218.372904,196,1738.624166
30.111514,118,1738.806932
-249.026576,184,1738.946238
-134.111858,346,1739.302437
-266.570297,175,1739.436015
-118.549404,117,1739.526197
439.790056,874,1740.40912
37.264741,144,1740.532114
-152.212241,300,1741.000894
-141.021315,347,1741.282641
-83.174435,142,1741.598345
-203.190091,133,1741.701217
-221.71614,232,1741.879336
-189.409652,175,1742.108001
-246.698675,237,1742.293484
-132.04752,126,1742.394722
25.633598,217,1742.779705
-189.568228,154,1742.898602
-171.735925,417,1743.473421
-74.539148,137,1743.579972
34.05233,168,1743.90414
-236.895834,166,1744.032564
-282.240258,177,1744.172406
-232.280154,194,1744.41448
-194.071728,257,1744.612911
-119.247043,348,1745.040332
1.456085,218,1745.211695
-14.866726,135,1745.40811
-211.293139,182,1745.550667
-215.597797,269,1745.778028
-180.703769,210,1746.09132
-199.747332,243,1746.285228
-244.407021,198,1746.52628
-201.410325,223,1746.700414
-21.182662,121,1746.796221
-115.403573,141,1746.996887
-11.268536,156,1747.117989
-148.931644,204,1747.27452
-232.023815,191,1747.511315
-238.911596,173,1747.643454
30.640243,194,1747.794259
-283.047444,249,1748.075562
-242.707528,248,1748.264779
-284.181002,176,1748.490419
-193.592653,222,1748.658756
90.634342,261,1748.949417
-89.318821,143,1749.059993
-1.083774,126,1749.157987
-210.882553,221,1749.41846
-296.616873,180,1749.556599
-22.948691,130,1749.65572
-249.603323,184,1749.884578
-151.272347,126,1749.983371
-23.697552,158,1750.105227
30.423974,173,1750.238489
-31.251136,130,1750.427965
-204.758457,215,1750.592776
-8.648868,115,1750.681576
-252.958392,247,1750.970397
-80.468671,132,1751.076484
-269.309569,233,1751.375114
-182.599969,297,1751.626301
-248.612043,234,1751.915363
-146.783875,262,1752.121052
0.657182,124,1752.217543
-136.68859,317,1752.565179
-111.928258,213,1752.742684
14.119842,130,1752.948715
-4.906226,128,1753.048702
-250.304342,229,1753.23333
-286.910553,222,1753.500821
-40.947108,139,1753.608581
-204.487269,135,1753.7141
-173.558669,136,1753.952202
-94.189653,139,1754.063035
-18.870933,128,1754.163975
-3.360279,149,1754.280681
-1.898087,133,1754.475937
-197.932512,256,1754.677443
-200.162166,194,1755.023616
-9.480396,121,1755.121863
-0.375051,133,1755.225734
-22.455297,144,1755.339786
-37.075187,126,1755.527522
-217.701381,240,1755.722273
-117.504997,140,1755.84256
-151.475847,163,1756.066795
4.888354,157,1756.250305
97.65026,170,1756.477692
-83.673849,130,1756.785888
-253.793485,190,1757.033037
-21.911357,123,1757.197143
14.389624,119,1757.353245
-196.601451,219,1757.77613
-211.518556,167,1757.989727
277.954167,409,1758.665702
-265.805112,166,1758.872766
29.944941,153,1759.220218
-10.738475,118,1759.368067
12.282952,120,1759.521435
-106.985674,138,1759.700146
173.711277,286,1760.206539
-202.527478,182,1760.440892
-194.340704,170,1760.798792
-151.080506,134,1760.991167
-168.645204,309,1761.387921
-30.086579,150,1761.728578
-281.210424,167,1761.938667
-189.672851,177,1762.157152
-222.423813,220,1762.583315
-202.299729,204,1762.852268
21.790324,124,1763.01538
-134.405806,134,1763.338365
-257.939374,227,1763.623783
-37.003669,126,1763.779542
-26.040981,139,1764.102724
-220.099314,176,1764.335291
-116.225341,133,1764.512767
-49.95847,515,1765.343657
-212.469618,149,1765.674865
-58.671291,138,1765.860645
-106.625568,163,1766.066843
-13.073375,178,1766.294259
-176.575943,208,1766.708339
-231.001508,267,1767.047482
-205.048902,147,1767.381954
21.609226,442,1768.134611
-248.721487,196,1768.3946
-16.45714,128,1768.56214
-121.575754,131,1768.733019
-82.099781,142,1769.053435
-239.677676,230,1769.364204
-74.167221,149,1769.563423
-27.542908,131,1769.883633
-226.590491,223,1770.161244
-216.529343,230,1770.605655
-203.629741,136,1770.782675
-164.167887,127,1770.949922
-109.809266,142,1771.136895
-190.924463,132,1771.446166
21.189451,138,1771.628102
-261.406466,228,1771.923471
-202.219089,231,1772.363063
-115.189183,124,1772.527576
59.347495,151,1772.728992
-38.445897,179,1773.111182
-11.041389,132,1773.285279
-10.635323,109,1773.430033
-222.30782,146,1773.632154
-10.866183,113,1773.91313
-132.670911,121,1774.07818
-114.771727,203,1774.351608
-209.26866,197,1774.78819
-75.005459,134,1774.974285
-271.722059,167,1775.21055
10.490829,114,1775.356708
-85.449753,135,1775.706015
-42.164111,142,1775.900446
-252.478906,247,1776.352511
-162.156266,328,1776.775967
16.678147,143,1776.948349
-153.09855,133,1777.262735
43.296236,119,1777.413592
32.325748,110,1777.557165
141.313068,186,1777.973518
-132.639972,271,1778.324695
-173.015333,137,1778.505671
-147.134937,124,1778.80767
-104.630695,158,1779.011037
-100.356421,140,1779.193053
-128.373131,145,1779.381716
-11.670196,194,1779.893528
55.480498,148,1780.086061
-45.049227,431,1780.837358
-130.413233,127,1781.002676
14.536495,114,1781.148982
21.745227,263,1781.632855
-177.149262,137,1781.811861
-7.222446,120,1781.965826
-147.716429,140,1782.288105
54.736027,147,1782.475049
-8.828431,118,1782.630298
-145.514714,247,1783.099594
-193.353867,251,1783.410231
30.246892,139,1783.581176
-172.986574,206,1784.033585
5.915033,119,1784.184143
-88.942359,123,1784.342881
-272.332292,165,1784.74724
-57.957457,132,1784.914134
-59.957435,127,1785.081819
-26.387354,139,1785.262498
-114.373193,132,1785.656612
-24.293839,125,1785.815064
-34.563024,105,1785.949561
85.53467,200,1786.47181
-191.579292,195,1786.724489
-258.114564,253,1787.054918
-63.399992,239,1787.510285
-189.791913,272,1787.856491
-159.557443,158,1788.205915
-47.982345,131,1788.376045
-253.491007,157,1788.578705
-132.411637,177,1789.069847
21.063893,118,1789.188501
-11.328324,126,1789.298311
-31.010212,111,1789.394388
-215.794899,230,1789.73244
13.272767,113,1789.831699
-316.962724,171,1789.983278
-93.527856,140,1790.213577
13.969056,125,1790.331591
7.501044,184,1790.499278
-81.95814,131,1790.616088
-27.399471,146,1790.838639
-29.930076,236,1791.029195
16.802651,211,1791.308598
66.427698,128,1791.415249
16.673642,121,1791.516413
53.306823,152,1791.64767
27.50465,143,1791.879365
-124.240475,151,1792.012931
8.2453,120,1792.107755
-180.374046,243,1792.402649
-7.713717,104,1792.482868
-265.968245,188,1792.630135
-286.689961,169,1792.85449
-46.789605,133,1792.956574
-17.296662,137,1793.07414
-69.050476,127,1793.176239
-1.13114,141,1793.384471
-141.384233,158,1793.506084
-8.642391,129,1793.606312
-47.893283,154,1793.725414
-6.860944,134,1793.921635
50.847434,139,1794.027558
15.938018,113,1794.115366
-0.313338,178,1794.448182
41.407706,120,1794.541628
32.720731,113,1794.629885
-252.741734,179,1794.768965
49.648566,120,1795.062575
-142.409099,140,1795.171183
-81.604645,174,1795.305007
-1.177677,116,1795.39349
-167.41569,229,1795.771292
28.487569,122,1795.864965
4.840235,123,1795.959054
-67.736327,141,1796.303824
9.739265,127,1796.400414
7.456311,139,1796.50768
-238.174741,201,1796.887134
-100.638553,233,1797.069295
46.767212,144,1797.180638
-1.340764,117,1797.502298
-16.108513,125,1797.600143
47.921866,129,1797.699567
-1.924761,154,1797.818914
44.541327,115,1798.140481
-20.653259,146,1798.256
-4.419283,116,1798.344936
11.933108,113,1798.431093
28.079455,130,1798.754122
-202.452281,197,1798.907167
-210.892417,231,1799.08701
-184.197589,224,1800.117979
-215.396099,163,1800.246562
-51.10669,167,1800.375479
45.579729,136,1800.719457
54.292135,123,1800.812717
-211.861653,194,1800.961235
-20.054563,138,1801.292598
14.799795,110,1801.37764
-49.848564,95,1801.449945
48.502683,148,1801.564523
-69.62705,338,1802.027884
47.780077,157,1802.150226
-306.886983,166,1802.500604
-132.747791,216,1802.665487
34.697173,108,1802.747536
34.970076,205,1803.12721
-209.914008,187,1803.270513
47.779305,117,1803.360544
48.521199,118,1803.457522
-230.125237,168,1803.796687
0.549693,111,1803.882157
75.306973,161,1804.00494
-35.548496,90,1804.074804
-154.262121,244,1804.487187
-198.780111,184,1804.628559
59.327275,144,1804.932814
-16.363915,137,1805.037869
-141.516083,209,1805.20013
-74.500298,174,1805.558387
-203.949964,192,1805.708006
-186.624089,213,1805.872944
-38.596607,95,1806.144589
-218.494409,148,1806.258855
-254.88765,167,1806.386231
28.526736,141,1806.49361
-126.292719,145,1806.828298
-18.920734,99,1806.903642
70.292415,197,1807.054178
-196.999789,193,1807.294195
-238.429371,235,1807.474209
40.618994,110,1807.558619
0.27474,131,1807.751765
67.831996,148,1807.863925
-204.601019,179,1808.000595
5.3823,126,1808.189852
-226.113373,154,1808.307651
40.205281,114,1808.394912
-213.715209,242,1808.671729
-167.772966,150,1808.785683
-157.378793,195,1808.934752
-278.851959,233,1809.206318
-308.109503,149,1809.322434
28.367073,154,1809.441173
96.401246,157,1809.788501
49.023135,133,1809.890878
-159.213447,203,1810.046533
-191.924348,247,1810.331233
170.266241,231,1810.508856
92.659841,198,1810.753698
-166.391624,197,1810.905057
-205.769635,180,1811.045775
147.647808,162,1811.260901
-213.296919,244,1811.445831
-216.34222,239,1811.718081
-295.259321,133,1811.81997
-19.526376,129,1811.919479
-208.867615,216,1812.083386
-149.810827,148,1812.39527
-14.477227,136,1812.499974
-311.37623,175,1812.634257
-181.375365,203,1812.880439
-273.717562,140,1812.988485
-307.949035,149,1813.101566
31.239966,145,1813.307992
22.640172,161,1813.437453
-243.562593,191,1813.584951
-262.339952,156,1813.795354
-242.336216,176,1813.929114
101.293476,188,1814.074424
-209.856622,224,1814.337017
-0.313868,147,1814.45491
-311.280701,146,1814.566329
-265.788954,225,1814.830797
11.458816,107,1814.912754
-293.929242,152,1815.029199
-57.289375,264,1815.324208
64.138265,181,1815.464542
-222.659888,153,1815.583142
-264.902684,158,1815.795722
-209.580597,155,1815.91499
-283.294106,161,1816.038719
-57.647862,141,1816.238369
-209.535906,192,1816.386369
-228.338515,153,1816.50376
-151.162877,136,1816.700731
-158.230568,253,1816.896444
-29.933222,145,1817.008566
-140.69234,166,1817.22798
-67.437066,298,1817.457522
65.290608,135,1817.652351
-175.750054,225,1817.826387
-229.737108,152,1817.944089
-249.01793,221,1818.204504
-145.944494,208,1818.368902
-241.969231,167,1818.497309
-235.500456,188,1818.844559
-200.316172,166,1818.973432
-274.968234,143,1819.083983
9.740623,147,1819.288249
18.013956,129,1819.388027
-264.41665,193,1819.537099
-245.588002,161,1819.753335
70.487955,160,1819.875525
-216.09923,197,1820.027348
-27.036854,90,1820.097519
-263.58541,151,1820.30301
-164.768494,206,1820.462276
-4.721511,116,1820.551175
78.336974,157,1820.764602
-162.094079,226,1820.938542
-274.771667,162,1821.062746
-249.634962,149,1821.391471
-11.857748,120,1821.484453
-74.742744,158,1821.607038
-204.208172,143,1821.943469
16.135975,116,1822.033258
-241.53571,188,1822.180076
-9.891772,98,1822.255503
28.430836,142,1822.588965
-136.951583,241,1822.776593
-9.42556,114,1822.864352
22.139951,152,1823.194329
99.725786,146,1823.306717
11.860482,124,1823.401542
-163.706889,144,1823.513447
5.640575,114,1823.827402
-22.221587,93,1823.899904
-3.260337,110,1823.986312
-167.89179,188,1824.13273
41.256126,113,1824.311405
-9.841748,118,1824.403189
-37.403342,124,1824.503548
-127.761385,136,1824.611008
-39.590695,105,1824.784706
-18.902085,126,1824.881786
-13.999162,98,1824.958797
22.949795,105,1825.040137
83.215296,295,1825.359756
-174.089495,224,1825.529245
-51.602194,125,1825.71708
-12.873693,116,1825.807206
72.003753,155,1825.926851
-188.689753,216,1826.092522
-10.704499,107,1826.266996
127.737642,150,1826.38227
-123.258612,289,1826.694748
144.324736,190,1826.84261
171.75875,248,1827.034838
-31.911939,273,1827.335553
-36.591753,126,1827.433388
-144.685163,212,1827.687917
-228.037857,144,1827.799337
-165.18319,216,1827.969755
-8.076572,210,1828.356791
53.077593,152,1828.476342
-159.992379,149,1828.591887
116.091139,160,1828.939479
56.12971,137,1829.045232
53.722657,146,1829.16038
-82.806539,245,1829.577389
-9.102857,125,1829.67449
-188.320736,229,1829.851928
-202.684637,237,1830.254462
50.998518,229,1830.433511
-20.981771,114,1830.52215
38.205211,185,1830.883471
125.390505,209,1831.045191
-285.496709,175,1831.272304
-86.881262,290,1831.497833
-132.316642,220,1831.758332
-147.379327,223,1831.932185
-128.604687,245,1832.121467
29.166823,134,1832.316935
-57.845136,278,1832.532911
-238.23197,169,1832.753583
166.314258,161,1832.87922
-45.579492,164,1833.007291
-144.440512,192,1833.247154
-132.110515,212,1833.413101
-146.333335,275,1833.721871
-148.948488,209,1833.884341
42.748946,147,1833.998699
-135.499698,209,1834.253879
55.44982,182,1834.396744
167.414521,245,1834.677732
-136.181292,216,1834.845741
-131.535681,246,1835.035131
87.818991,153,1835.245277
-1.004096,116,1835.335809
-150.002029,247,1835.527484
-98.428644,228,1835.798048
-52.166819,238,1835.983078
104.577455,151,1836.192982
162.362062,171,1836.327466
-23.450514,135,1836.43326
1.112962,119,1836.525923
-144.126453,247,1836.809284
-133.934362,234,1836.991427
-207.200757,179,1837.219715
145.110959,151,1837.338049
9.771425,108,1837.423216
109.598726,172,1837.6474
154.111124,193,1837.797784
148.615776,153,1837.915963
-93.248579,204,1838.164123
-88.224616,275,1838.377239
108.293918,160,1838.592744
-206.009561,218,1838.763299
-66.031924,284,1838.980861
56.081422,127,1839.289586
-267.771646,164,1839.416561
-88.381445,217,1839.585897
-45.575638,224,1839.853806
-5.096915,164,1839.982083
126.821878,223,1840.362367
63.627112,174,1840.498184
88.727056,140,1840.606443
-207.079461,183,1840.840104
131.839625,164,1840.967133
-11.222387,287,1841.279296
-131.921723,277,1841.493705
109.512373,200,1841.6509
80.645011,236,1841.925835
-95.723448,331,1842.271072
-50.922502,268,1842.490278
121.674287,164,1842.620971
49.214902,264,1843.051424
87.779577,179,1843.190419
-87.73804,255,1843.479332
164.42122,169,1843.611916
33.713006,204,1843.773018
-3.704475,154,1843.983729
10.922586,122,1844.079164
110.214326,191,1844.242256
123.392998,169,1844.465692
-60.732467,128,1844.563744
41.80318,226,1844.742553
129.332729,259,1845.140277
108.038072,162,1845.265174
12.15728,105,1845.346816
-253.703619,160,1845.566875
-240.108806,145,1845.681032
-173.824216,237,1845.955869
36.293401,107,1846.040286
19.654972,110,1846.126368
196.169916,225,1846.300334
-41.250498,250,1846.584485
52.315058,129,1846.68468
49.650436,137,1846.790602
84.850007,184,1847.028202
99.867721,196,1847.180203
79.937258,207,1847.432585
121.827198,234,1847.616343
-186.785899,230,1847.791739
164.036483,224,1848.059155
192.587811,243,1848.247398
-77.114901,205,1848.501188
7.096832,130,1848.602428
68.745914,130,1848.703586
-287.83038,170,1848.926223
-168.683049,187,1849.070995
-215.083122,160,1849.194669
-238.5,158,1849.411233
-238.108069,144,1849.52383
-151.107989,181,1849.663408
-7.425335,109,1849.748544
-181.643499,229,1850.017629
-211.206823,231,1850.196751
2.886767,112,1850.452878
132.835395,149,1850.571922
-59.612676,297,1850.804316
94.087903,160,1851.018065
149.954683,147,1851.131687
-189.5952,232,1851.31112
117.384855,170,1852.351684
-283.781605,155,1852.475524
-135.030907,202,1852.631196
-146.311016,219,1852.893283
38.065613,119,1852.985999
-106.550802,216,1853.244169
87.980695,169,1853.37749
-121.777582,204,1853.536377
149.736372,155,1853.749949
109.082371,169,1853.881335
-197.308169,181,1854.021103
-7.511924,107,1854.297791
61.932392,115,1854.392859
-107.989756,178,1854.530857
81.913103,172,1854.667324
-244.141785,231,1854.937632
61.003875,133,1855.041181
-162.432842,172,1855.176629
-244.956035,137,1855.373864
126.588067,194,1855.526268
136.310661,183,1855.668897
78.338174,136,1855.864319
27.200498,112,1855.950841
52.270229,122,1856.046972
-35.819546,153,1856.166654
82.012202,136,1856.36265
-143.276213,200,1856.519963
-253.792416,171,1856.6523
19.882758,125,1856.840557
130.547329,245,1857.032448
78.694292,130,1857.133458
-180.348715,185,1857.36635
75.685588,133,1857.473761
23.598146,107,1857.558922
-162.187429,176,1857.785275
129.297099,180,1857.923284
90.782882,131,1858.025012
104.218687,364,1858.401134
-264.952169,196,1858.554931
73.473529,155,1858.881781
87.004899,141,1858.99164
138.178123,180,1859.133368
-194.684117,215,1859.478514
-152.293262,172,1859.610797
112.3676,148,1859.726965
-177.092256,173,1859.953171
7.840082,104,1860.034128
14.379042,97,1860.111518
2.558479,101,1860.190116
-0.466276,117,1860.281578
14.888151,110,1860.459653
-4.794116,130,1860.560509
33.489825,106,1860.645022
-25.825589,90,1860.715515
68.368931,134,1860.91122
81.292146,127,1861.008524
-196.478462,224,1861.182305
12.779426,119,1861.274346
-2.760001,90,1861.436046
132.698488,138,1861.542174
-0.386079,100,1861.621173
91.959999,122,1861.716357
-24.817881,96,1861.88235
-35.886545,94,1861.955384
-6.728476,104,1862.036038
51.626792,164,1862.164329
-9.113117,105,1862.245818
-121.404018,223,1862.52268
101.852083,154,1862.649416
95.681136,145,1862.762694
21.677582,94,1862.929131
-5.846845,104,1863.010532
44.946725,237,1863.191882
103.217078,152,1863.403046
14.946266,129,1863.504119
-106.874686,203,1863.664002
6.120734,104,1863.744866
13.150553,133,1864.071901
74.967587,180,1864.214872
28.481205,220,1864.580861
-9.774851,99,1864.661118
9.877975,110,1864.747629
59.442013,133,1864.849977
58.465907,176,1865.210691
3.491694,100,1865.288965
-120.729649,201,1865.446601
93.589203,184,1865.590223
3.085332,105,1865.886076
175.552499,190,1866.032757
127.589786,167,1866.162601
-95.80664,202,1866.543685
115.163395,202,1866.699036
9.788873,105,1866.781242
-144.374741,248,1867.169247
26.691424,116,1867.258811
-14.152056,92,1867.332058
95.501811,351,1867.815278
-8.117863,99,1867.893603
97.816987,149,1868.010196
-25.686476,108,1868.312414
50.023837,126,1868.410814
-181.246029,223,1868.583306
-71.433271,218,1868.959637
-131.314732,259,1869.158849
22.442403,114,1869.246844
-198.534665,186,1869.594258
79.311274,129,1869.692907
14.566491,101,1869.772315
-1.017245,122,1870.068209
-239.283678,172,1870.201658
91.321647,150,1870.31767
2.458374,108,1870.40201
-70.491095,274,1870.702924
28.113075,119,1870.793891
64.137239,127,1870.892389
80.807407,150,1871.098914
-205.912619,157,1871.219206
-42.768059,109,1871.304108
15.669924,112,1871.394596
68.885637,122,1871.712518
-194.864043,243,1871.898699
16.710336,123,1871.994
-99.623751,252,1872.413222
-30.02269,100,1872.49204
212.440224,402,1873.009384
39.055512,114,1873.098127
-90.240001,251,1873.479611
10.505057,101,1873.561594
62.971505,141,1873.670363
-15.930958,92,1873.743201
90.137196,169,1874.063834
31.074143,190,1874.212121
72.41429,115,1874.302047
2.511699,113,1874.38958
-279.059529,170,1874.712466
-39.172601,95,1874.787426
-97.012449,159,1874.913313
-28.054355,96,1874.989307
-4.8352,107,1875.297142
33.030538,119,1875.389683
83.622881,129,1875.49077
-74.258216,240,1875.901161
-16.316783,98,1875.978711
-2.923207,101,1876.058819
-253.520678,172,1876.191754
85.00792,174,1876.551277
-260.209211,157,1876.674202
42.396093,149,1876.789585
16.858835,105,1876.872066
-33.129978,98,1877.150103
1.068265,103,1877.230927
21.87658,108,1877.315385
22.241871,141,1877.423515
-15.030924,106,1877.505553
-28.597545,104,1877.809381
52.394242,168,1877.940728
-9.6381,161,1878.066067
8.773884,118,1878.376651
67.585144,145,1878.488917
8.766459,110,1878.57591
80.702393,190,1878.723306
173.781643,208,1879.110678
-7.218485,100,1879.189405
30.85111,126,1879.287721
-18.731321,105,1879.370942
38.235465,128,1879.625009
126.134933,147,1879.737943
-58.164664,226,1879.913799
141.240623,154,1880.228683
83.367974,137,1880.33534
-158.728393,224,1880.508712
71.472105,117,1880.827154
2.120867,104,1880.909633
22.913554,109,1880.995375
160.519771,167,1881.125944
27.874446,107,1881.407238
127.067042,181,1881.548995
-2.050928,117,1881.640611
-9.937138,111,1881.727369
112.76256,132,1882.055892
32.127471,129,1882.156648
-230.380317,163,1882.283074
139.518538,155,1882.495304
78.854503,140,1882.603908
2.952273,115,1882.693207
23.489489,112,1882.780743
118.039039,152,1882.989739
78.957862,177,1883.128491
-15.841998,94,1883.202445
-20.429955,98,1883.278958
98.118881,122,1883.46663
-106.854877,224,1883.640517
150.700582,183,1883.783952
162.889271,145,1883.987376
1.209186,101,1884.072223
7.900866,101,1884.152963
23.940761,104,1884.235388
65.674988,121,1884.329002
30.727154,106,1884.504601
151.15572,161,1884.630828
-22.675074,94,1884.705316
72.909031,141,1884.814279
14.966368,115,1884.99595
-10.333804,101,1885.075506
-208.33454,170,1885.208073
-27.830966,100,1885.287844
-21.801091,91,1885.453307
145.688733,166,1885.583018
99.750463,164,1885.711213
-31.443864,101,1885.790674
82.921948,123,1885.977366
-221.551018,155,1886.097965
27.095492,143,1886.209063
-0.494451,99,1886.287343
44.264539,114,1886.468721
-34.01498,90,1886.538704
34.497214,122,1886.633424
18.928655,116,1886.722713
39.347515,129,1886.912363
-8.230766,96,1886.989097
25.850978,107,1887.074228
2.815086,99,1887.15212
16.414937,111,1887.238013
46.087234,144,1887.442687
16.673044,103,1887.523782
22.093491,103,1887.605381
111.487669,148,1887.718546
77.032896,117,1887.903363
7.94079,105,1887.984506
60.631788,108,1888.073991
5.067133,103,1888.153816
-159.464302,222,1888.517115
61.785988,114,1888.606218
-8.181732,214,1888.772093
-24.633753,110,1888.857019
49.918626,121,1889.043599
89.048902,125,1889.147214
110.313601,147,1889.262413
17.829894,110,1889.348118
41.620063,140,1889.549335
91.622108,181,1889.68921
149.416537,164,1889.815134
-110.215575,218,1890.074188
40.116513,119,1890.165853
136.842041,145,1890.27868
19.304827,110,1890.455899
-109.463419,231,1890.633434
-6.566721,100,1890.711504
118.343,160,1890.923735
-118.122028,248,1891.113986
159.896254,185,1891.255144
-8.759053,93,1891.418681
-15.554603,98,1891.495417
-97.132272,233,1891.672614
36.981827,111,1891.757615
90.253479,153,1891.9684
-134.875206,228,1892.141405
-204.170089,171,1892.270934
63.562697,120,1892.452656
71.505172,142,1892.561813
43.716103,129,1892.659333
5.590208,113,1892.747066
-12.756606,109,1893.026816
-13.379787,99,1893.10336
-23.230095,96,1893.177632
13.731681,105,1893.259425
98.846469,172,1893.489056
7.031504,111,1893.575293
39.962729,123,1893.671216
-42.083844,166,1893.798167
-66.015367,269,1894.091759
-133.966283,170,1894.222601
-85.253597,219,1894.48718
2.878838,125,1894.582285
92.217373,141,1894.690153
89.622073,175,1894.915896
-1.921459,109,1895.000445
-195.957064,203,1895.158723
16.308356,127,1895.255527
-41.491384,102,1895.424966
-12.728428,109,1895.509854
109.990791,147,1895.622839
56.752241,118,1895.713188
68.600324,123,1895.974276
-5.731097,101,1896.053395
35.241559,127,1896.151038
-30.174965,104,1896.231682
-60.94089,247,1896.513287
7.228163,137,1896.618936
140.468771,194,1896.769495
1.898783,116,1896.954807
-129.858491,153,1897.073298
-11.747712,103,1897.154102
82.014969,172,1897.287637
12.240856,107,1897.462858
78.677039,347,1897.725363
-49.486928,101,1897.803201
92.427304,155,1898.0111
-4.547426,265,1898.212528
-13.488496,98,1898.289659
2.1826,110,1898.465161
25.017889,179,1898.601364
-26.126456,110,1898.685375
-79.749395,173,1898.908788
-35.482686,108,1898.991771
-198.049598,198,1899.143999
55.613787,299,1899.568468
-16.326978,106,1899.650508
77.439569,163,1899.77688
-2.417078,103,1900.082911
40.953089,177,1900.221658
16.325562,142,1900.329957
-167.023546,184,1900.470522
-13.805912,107,1900.779104
59.342317,131,1900.880562
285.216466,459,1901.43801
59.58227,182,1901.579801
-130.222622,234,1901.968541
-23.602885,138,1902.075561
-80.387918,251,1902.268239
-102.440338,234,1902.652819
-231.548955,155,1902.770647
-209.975749,188,1903.115284
96.832502,172,1903.245112
164.023662,182,1903.387004
-193.012198,155,1903.736316
-190.385145,158,1903.859475
35.757812,142,1903.970048
97.367582,163,1904.09892
-1.301108,164,1904.432788
-161.848019,190,1904.57611
-58.280274,290,1904.993626
-206.70714,218,1906.338667
-242.242604,182,1906.477954
-216.144372,169,1906.847384
213.491428,276,1907.057564
-211.668885,147,1907.393516
-222.316374,192,1907.537533
129.182803,160,1907.660245
-135.821797,239,1908.012335
-26.951381,166,1908.139957
-144.958454,223,1908.534026
-174.966603,197,1908.684288
-56.459857,252,1908.875534
-177.020242,155,1909.219189
-203.344497,168,1909.346886
-121.73132,151,1909.462141
-171.350099,191,1909.831543
-68.01327,246,1910.021538
-198.423124,194,1910.376574
-103.11563,140,1910.485786
-221.89485,156,1910.606838
-31.016382,315,1911.045135
123.857674,437,1911.577139
-149.742036,193,1911.724639
-45.284588,307,1912.154968
-155.067697,225,1912.329423
-12.819613,304,1912.787099
-237.511827,180,1912.924893
-100.113773,223,1913.096453
-194.950766,166,1913.323943
-205.752058,218,1913.489447
-211.946976,146,1913.600067
-134.54027,211,1913.852188
-7.488729,291,1914.075481
-190.427742,236,1914.367426
-43.408493,231,1914.54241
-41.090544,313,1914.872603
-251.907464,171,1915.002185
50.552738,121,1915.185193
-212.796271,178,1915.319991
-239.762041,170,1915.450351
166.245208,151,1915.658072
-93.360617,216,1915.823659
91.004281,337,1916.173771
421.623563,562,1916.694436
-250.327534,172,1916.82483
56.779624,135,1916.928908
-111.30528,242,1917.202134
-220.533312,175,1917.334823
62.987481,141,1917.44222
100.250706,317,1917.773674
-196.301556,156,1917.892752
-152.058991,241,1918.167706
-36.359566,283,1918.38277
100.981399,167,1918.601917
-138.878878,201,1918.753975
159.767563,234,1919.023969
-95.696827,253,1919.220616
-119.069319,229,1919.394855
190.171032,278,1919.699189
93.418807,245,1919.885687
-130.183555,250,1920.168424
100.838543,175,1920.302963
-123.926862,242,1920.579385
-7.371363,117,1920.669993
-247.092536,188,1920.812049
-215.277539,154,1921.031464
1.216741,122,1921.125907
90.860771,152,1921.242468
2.938001,106,1921.323318
107.572992,175,1921.547524
77.525414,147,1921.660704
66.563606,149,1921.774462
74.765776,138,1921.971072
-105.00011,240,1922.154327
-2.714924,106,1922.23669
5.889217,140,1922.435531
149.924848,156,1922.555238
-258.657894,147,1922.667494
45.898163,166,1922.793887
-230.10217,175,1923.020343
-217.785062,164,1923.145422
-141.262061,258,1923.432536
-204.098074,169,1923.561899
36.743862,116,1923.650928
24.640951,131,1923.751094
-202.318593,157,1923.965024
-101.354243,246,1924.155711
-102.938405,277,1924.459544
143.397785,149,1924.573772
-42.587555,96,1924.647264
43.877249,123,1924.741637
11.528004,117,1924.922864
-20.572266,266,1925.137713
-103.724248,248,1925.414707
-256.191563,184,1925.553107
-89.132488,230,1925.819329
-111.597291,254,1926.012646
125.986614,189,1926.156573
94.27308,130,1926.346902
32.586354,125,1926.444412
38.256594,157,1926.563758
22.369999,112,1926.649213
-3.638741,132,1926.844414
130.423449,156,1926.964836
-95.334961,254,1927.157409
67.063574,117,1927.340327
54.965624,284,1927.555296
-14.511684,122,1927.739377
133.782687,166,1927.868234
-31.141258,116,1927.957015
-157.833175,233,1928.223237
-154.946495,189,1928.369257
14.216128,149,1928.485499
23.231161,125,1928.581257
-98.507006,230,1928.979255
-195.896878,232,1929.154895
60.137168,181,1929.517833
81.506769,131,1929.617743
13.531748,188,1929.762385
-202.978109,224,1930.024081
-197.66027,160,1930.148289
46.918931,180,1930.290714
199.417411,259,1930.584313
-167.699369,203,1930.739741
45.202925,163,1930.957292
-191.623357,177,1931.091398
134.576272,176,1931.227813
80.949009,318,1931.560421
5.722877,320,1931.892876
-43.735233,299,1932.119875
-230.753545,172,1932.250767
14.047309,267,1932.661445
-204.884762,179,1932.797857
-164.20651,233,1933.064345
-207.784645,202,1933.218557
6.377774,123,1933.312684
154.542429,144,1933.513494
159.99824,408,1933.912168
-30.320286,277,1934.125008
100.116799,313,1934.45568
-181.121796,231,1934.632073
-77.911667,241,1934.905609
130.221288,158,1935.027069
48.814848,170,1935.157665
-107.825529,249,1935.44105
67.433774,129,1935.54022
74.241393,174,1935.674734
60.269135,168,1936.02707
-201.185253,175,1936.160761
-117.989693,243,1936.343659
-173.634948,245,1936.620437
-14.422572,98,1936.696594
-27.02942,108,1936.779723
-48.951196,161,1936.992652
60.477884,176,1937.126766
-1.718925,113,1937.212704
18.35872,112,1937.298558
214.349102,247,1937.698292
88.293145,151,1937.814604
31.911579,130,1937.913409
-36.122229,272,1938.332649
-43.523142,104,1938.412161
59.972249,166,1938.728869
-27.602403,134,1938.831216
-194.723823,179,1938.968022
-63.173972,272,1939.380861
34.188274,134,1939.483545
-43.339078,91,1939.553928
-228.376763,214,1939.91567
207.540355,613,1940.577677
-74.339479,277,1940.789583
75.933546,183,1941.154
-52.404261,275,1941.362545
-216.235814,229,1941.750557
-220.656896,168,1941.878822
-147.950421,253,1942.071492
-229.964149,161,1942.392022
-180.899873,206,1942.550021
-30.970155,132,1942.651106
13.474232,179,1942.985114
-216.816649,156,1943.104683
-205.854399,185,1943.244485
-87.59364,277,1943.676661
-239.604719,163,1943.799432
-85.977282,204,1944.15715
31.094371,138,1944.261621
82.246254,143,1944.371674
-152.688508,269,1944.804435
118.41437,156,1944.924333
-51.765713,308,1945.36022
12.75703,144,1945.469945
9.695809,172,1945.602078
-103.269283,246,1946.016757
86.72345,203,1946.172861
82.863094,167,1946.301397
69.428586,283,1946.745156
-25.493668,107,1946.826925
91.468304,145,1947.161684
-163.467968,227,1947.337494
258.324989,362,1947.82316
277.948305,479,1948.414547
195.764433,240,1948.598683
-79.162956,273,1949.029465
32.21398,200,1949.183465
59.176052,393,1949.704179
119.668662,162,1949.829173
-124.476336,208,1949.986763
29.938783,392,1950.505116
142.386945,163,1950.859921
93.323957,164,1950.988085
107.594588,168,1951.117502
89.012941,184,1951.483865
153.199161,174,1951.617682
-73.518017,260,1951.816334
197.246116,489,1952.418824
74.364583,186,1952.760636
142.933923,368,1953.043784
159.08783,217,1953.408516
71.357385,169,1953.540912
100.621111,174,1953.869205
57.840415,332,1954.126343
130.076413,154,1954.45542
3.115288,192,1954.6099
-148.03341,240,1954.794512
466.233014,404,1955.338417
85.897119,181,1955.478308
49.811541,202,1955.859875
109.388033,272,1956.069551
116.189182,158,1956.432862
133.456209,256,1956.631494
79.021294,140,1956.738601
102.680204,214,1957.140653
-93.309691,267,1957.348356
-169.354183,263,1957.760713
65.040487,187,1957.903652
123.848452,158,1958.262175
-56.141919,287,1958.48453
41.479477,148,1958.5991
266.350016,251,1958.993121
51.501818,170,1959.124497
73.449385,174,1959.465493
12.025185,125,1959.560414
57.843361,403,1960.093971
75.055281,178,1960.801041
133.284324,250,1961.213035
101.025447,163,1961.343176
297.166657,299,1961.574414
5.496042,112,1961.882336
140.073844,167,1962.011565
-26.827102,328,1962.487369
-93.693731,266,1962.690544
72.838774,141,1962.798414
-4.41367,114,1963.119236
92.778265,155,1963.24011
-13.669924,98,1963.314283
136.546818,167,1963.442065
70.765188,175,1963.774945
117.813547,170,1963.904866
27.104789,123,1963.998563
33.602526,141,1964.340494
14.881657,107,1964.422096
128.2207,178,1964.558322
155.297188,152,1964.673621
118.516377,187,1965.025964
-24.437253,289,1965.249309
-13.391576,114,1965.560697
62.924211,165,1965.686843
26.759993,133,1965.786811
182.629142,204,1966.034373
92.464298,183,1966.179353
219.388503,538,1966.805809
130.189222,249,1967.211474
497.214799,411,1967.529863
136.123511,155,1967.872936
173.139627,305,1968.106608
-0.307308,113,1968.192334
121.487704,169,1968.427735
119.392244,248,1968.616979
20.179085,190,1968.852105
196.473172,237,1969.033268
71.672836,180,1969.17296
-8.415375,105,1969.347514
58.455645,182,1969.486565
95.392798,208,1969.647269
-197.98873,166,1969.86296
93.023191,163,1969.988642
-227.142123,186,1970.130099
-280.2895,172,1970.351127
14.082002,319,1970.591406
-0.871201,116,1970.769678
58.641848,180,1970.908176
71.414562,180,1971.04645
1.702146,238,1971.321454
166.921429,296,1971.551316
277.393214,287,1972.012402
177.757187,277,1972.226024
-86.49668,229,1972.609306
-130.718275,266,1972.812084
-156.485357,253,1973.239991
72.191045,354,1973.710066
14.403327,253,1973.906377
-45.255299,312,1974.353003
-106.450207,259,1974.550194
-170.694592,192,1974.897032
-67.821641,198,1975.052762
73.580467,188,1975.197425
27.573231,178,1975.559902
-30.017969,297,1975.784796
-145.664914,229,1976.167564
-154.761364,264,1976.366859
182.218376,506,1976.982598
-202.013299,252,1977.397043
128.654125,167,1977.523587
355.942969,626,1978.219894
220.596537,427,1978.660922
-50.258528,239,1979.063768
101.925319,383,1979.355674
159.565918,202,1979.734863
161.199125,177,1979.868644
-16.517693,300,1980.321055
37.349763,189,1980.464044
102.65151,197,1980.614305
276.149914,550,1981.121504
-182.696723,249,1981.406085
36.239033,127,1981.501596
-3.667148,166,1981.717436
40.859544,123,1981.812107
453.662597,428,1982.225058
-119.008819,211,1982.384585
-124.397492,208,1982.541859
-146.815018,214,1982.795272
-212.615982,193,1982.942447
238.906411,535,1983.443257
-150.287882,241,1983.714692
20.798068,175,1983.847749
195.490891,192,1983.992913
568.632149,757,1984.750976
-172.8498,222,1984.921661
314.083063,433,1985.342906
153.367939,244,1985.6178
96.71323,135,1985.719704
-152.502565,249,1985.907663
-35.997645,267,1986.201443
84.353898,172,1986.333967
39.59222,175,1986.559685
349.919366,604,1987.107119
92.821509,177,1987.240644
383.305762,401,1987.640284
150.647648,174,1987.772166
85.569279,170,1987.990324
151.934936,174,1988.122957
308.39029,526,1988.612201
196.104836,223,1988.780439
136.846541,171,1989.002941
71.730476,177,1989.138571
-75.861427,206,1989.294135
-24.385961,108,1989.468431
114.74954,133,1989.570667
-4.818915,115,1989.656605
58.255126,122,1989.748267
-113.621501,208,1990.004371
347.787387,317,1990.247454
69.080521,156,1990.458897
12.03844,156,1990.575624
127.102199,200,1990.726204
134.498961,144,1990.927669
246.521531,416,1991.333891
100.823359,183,1991.473688
165.924731,165,1991.598572
131.141039,171,1991.81888
-88.209001,188,1991.961973
68.363019,159,1992.082937
49.347446,120,1992.17234
-59.08006,234,1992.442474
102.659137,131,1992.543114
68.449663,160,1992.665776
-187.468136,246,1992.944233
-85.925912,199,1993.095345
49.521277,154,1993.304865
-33.24633,173,1993.436549
126.043684,239,1993.619261
178.971772,239,1993.893188
25.569455,326,1994.234856
84.576198,187,1994.377765
327.959856,512,1994.857244
71.48932,155,1994.975082
-213.391521,171,1995.196704
141.00571,183,1995.333828
105.984953,185,1995.475208
74.440347,178,1995.703202
112.467742,167,1995.830169
94.426757,153,1995.947274
-168.518885,238,1996.332435
77.570918,150,1996.446711
-27.929643,331,1996.91952
456.009206,455,1997.355397
-71.375595,284,1997.568327
352.07789,546,1998.073793
-79.689739,171,1998.20463
-149.729165,240,1998.479062
-131.444209,195,1998.630434
-3.93532,270,1998.929626
-268.691258,167,1999.07057
-206.113179,189,1999.44136
-35.879509,293,1999.665224
-162.187543,234,1999.935158
-96.402655,274,2000.143184
-167.640623,253,2000.428599
-135.130038,247,2000.615072
-150.113999,207,2000.863219
-159.591414,193,2001.009901
-160.83072,203,2001.163127
7.437649,156,2001.376471
-67.513291,335,2001.631858
646.286233,722,2002.359748
40.48676,130,2002.458032
48.558825,139,2002.561483
-57.235902,201,2002.804605
56.64161,163,2002.927105
4.386888,185,2003.066751
-0.432367,137,2003.266168
18.503772,272,2003.471654
70.609024,133,2003.571415
29.594768,325,2003.908428
-168.960604,238,2004.08962
29.379307,139,2004.418135
96.155878,191,2004.563625
34.988387,152,2004.678691
56.24432,179,2005.013162
108.292611,172,2005.145631
-35.030518,114,2005.232079
-26.512461,103,2005.309877
-211.427463,169,2005.650112
29.595576,134,2005.751327
2.290838,104,2005.829234
-21.079545,103,2005.906515
143.474825,182,2006.269191
-15.452294,107,2006.35051
152.639779,154,2006.468638
132.383627,165,2006.685017
28.87918,178,2006.819518
-17.697031,280,2007.12203
67.43646,133,2007.222176
122.338506,125,2007.316995
125.323857,149,2007.430091
-0.035786,105,2007.602711
33.510778,126,2007.698203
30.853661,134,2007.798508
-188.617095,181,2007.935604
-41.850905,110,2008.111754
70.57202,125,2008.206664
-107.624373,253,2008.3976
117.285907,169,2008.617551
-7.681028,105,2008.696368
-17.299577,104,2008.775322
102.526643,162,2008.89851
83.447289,125,2009.085843
47.562846,117,2009.176123
28.676976,162,2009.298509
-132.302197,242,2009.573964
166.3838,196,2009.722613
-220.994682,163,2009.844669
69.243207,152,2010.051297
258.04435,354,2010.321803
-21.278618,117,2010.502456
101.82965,175,2010.636165
202.122903,213,2010.797088
-19.724001,148,2011.103878
29.391807,130,2011.203876
179.142129,217,2011.371409
-42.055174,112,2011.652494
176.006411,476,2012.61458
-111.143015,200,2012.98914
174.307508,215,2013.152156
9.338782,107,2013.232754
473.554452,522,2013.814501
10.169911,148,2013.927789
-40.532756,263,2014.127342
-10.602674,102,2014.296191
132.44269,426,2014.623534
-156.049229,234,2014.995234
332.956712,374,2015.478364
12.247231,115,2015.569357
14.827793,107,2015.649893
43.132859,129,2015.745669
62.611219,146,2015.85574
108.51301,160,2016.206088
162.060547,178,2016.341629
129.97831,178,2016.695626
75.80377,144,2016.810843
13.771823,317,2017.052844
88.554884,183,2017.3916
-127.679942,249,2017.580199
438.072324,390,2018.076612
-129.841606,237,2018.257149
28.169078,140,2018.588367
-5.432778,126,2018.682794
-133.072743,210,2018.840964
68.306863,118,2019.154592
-12.569033,258,2019.350971
-35.558698,325,2019.813704
-29.252664,333,2020.066154
237.120951,493,2020.645106
93.971641,373,2021.154201
-1.184593,141,2021.261148
-170.441257,177,2021.620874
-78.394042,247,2021.808698
-149.765159,184,2022.160403
45.739699,152,2022.276307
56.162587,126,2022.372198
-144.920944,189,2022.51546
-109.080903,185,2022.843829
-1.875964,123,2022.93791
-41.891662,299,2023.365674
-49.345099,224,2023.535141
82.805365,283,2023.971992
202.200101,341,2024.230907
-123.891141,229,2024.57384
28.99466,145,2024.684044
-93.472508,244,2025.064667
420.090889,427,2025.390813
47.884491,135,2025.709789
121.455235,150,2025.824128
93.913972,417,2026.366823
-96.054682,185,2026.50726
-15.122369,332,2026.959868
6.742167,239,2027.14128
32.410271,126,2027.239179
22.771453,117,2027.555926
-33.240238,274,2027.763029
63.515063,136,2027.865946
52.853252,408,2028.372016
28.043751,290,2028.804227
-129.865241,238,2028.98282
-97.042253,235,2029.390532
134.631869,166,2029.517419
53.708476,172,2029.646954
-39.744728,114,2029.95715
-188.705302,178,2030.092415
-27.45275,293,2030.518209
-257.929073,146,2030.63019
-19.950759,117,2030.718116
-144.447334,231,2031.096503
-83.490102,241,2031.279115
-42.993555,302,2031.714421
31.97463,131,2031.814795
113.035866,177,2031.951808
114.264112,165,2032.278529
112.247998,192,2032.428048
-130.81571,216,2032.592135
145.787983,187,2032.957774
520.579179,492,2033.531936
-32.392882,214,2033.696254
101.800623,226,2034.091368
156.350535,196,2034.240677
85.092519,428,2034.665046
-173.631842,185,2034.80692
74.921892,181,2034.944315
41.810454,417,2035.355466
-131.831867,224,2035.617419
-183.141905,177,2035.751051
161.380462,185,2035.893446
81.293739,172,2036.116619
246.187777,316,2036.367242
-158.657921,191,2036.605378
-3.4073,119,2036.695035
38.387685,130,2036.792776
43.400753,128,2036.89031
-17.160496,223,2037.149742
-116.014895,249,2037.336562
84.541182,146,2037.542555
93.039044,139,2037.646841
-143.406125,287,2037.955815
-118.36209,244,2038.14367
36.14369,133,2038.244339
-180.022112,241,2038.516887
0.385054,113,2038.602722
-75.650153,335,2038.948362
-195.689849,190,2039.092913
166.352628,154,2039.209123
-129.767535,240,2039.482359
1.132537,147,2039.59371
-149.248364,252,2039.876082
-167.021775,224,2040.046686
-194.376904,168,2040.17381
38.259991,147,2040.376697
-5.734642,102,2040.454098
-218.959395,166,2040.58035
-248.950233,149,2040.69327
18.812146,146,2040.894748
-143.911223,227,2041.065387
133.703172,163,2041.19068
-118.467176,206,2041.436661
-127.639268,216,2041.601303
-190.872838,195,2041.945491
-45.408387,260,2042.139758
397.403336,560,2042.656012
116.154652,170,2042.875831
-7.935066,102,2042.952634
-34.716721,335,2043.205939
-179.175822,172,2043.539334
-53.684234,255,2043.731667
-23.780756,152,2044.042871
-12.501717,139,2044.150842
86.749797,168,2044.279819
-170.54858,225,2044.646146
-114.309366,224,2044.81767
155.24975,165,2044.942315
118.09893,165,2045.2924
12.024217,110,2045.376786
22.685097,111,2045.460552
-205.215846,173,2045.590825
-1.009379,395,2046.099927
19.520626,174,2046.457142
8.877045,139,2046.564219
68.062084,150,2046.679418
24.835026,119,2046.769885
144.93337,223,2047.16328
-146.760399,212,2047.322936
196.291864,224,2047.712356
61.66788,139,2047.817335
-88.511838,262,2048.014096
-70.434062,184,2048.351738
-105.215858,254,2048.542964
180.839421,180,2048.902441
47.109673,180,2049.039679
-213.718008,155,2049.158644
28.273241,115,2049.349524
233.001449,251,2049.542195
0.012764,112,2049.627866
84.957029,153,2049.834481
-246.057316,155,2049.953911
237.922211,300,2050.185586
105.825593,131,2050.376493
69.520801,126,2050.471572
114.870687,151,2050.586245
52.178134,127,2050.682271
31.049298,171,2050.904212
-24.178454,139,2051.009001
-123.020143,226,2051.180102
-21.605129,114,2051.356416
10.828126,122,2051.448993
179.060982,509,2051.925106
-22.065861,112,2052.010226
8.882714,126,2052.104731
-154.663133,217,2052.359263
91.378483,164,2052.483786
-18.098768,110,2052.567264
261.080646,330,2052.908544
42.431792,116,2052.995478
-11.150503,118,2053.082696
-1.575488,103,2053.254176
95.928295,164,2053.380131
115.09711,134,2053.481672
237.293333,235,2053.748937
-58.769171,98,2053.821616
58.268306,120,2053.912166
-17.588019,110,2053.993859
53.879594,117,2054.173581
35.383832,147,2054.284716
179.20642,432,2054.703791
65.500267,153,2054.818379
0.992196,107,2054.899047
-94.812908,327,2055.241726
124.489603,159,2055.363259
39.172368,181,2055.593627
-23.437465,115,2055.680791
17.311056,115,2055.76953
131.0285,176,2055.903964
-226.497855,246,2056.17979
-29.053434,104,2056.259144
4.977057,114,2056.344315
1.661217,124,2056.516532
16.14762,117,2056.694314
124.747936,160,2056.817167
-33.552107,107,2056.897975
65.153476,150,2057.101068
-122.324312,204,2057.256108
1.810591,139,2057.36097
128.168723,162,2057.484361
-8.874721,109,2057.656645
-30.084777,101,2057.731635
-161.136733,232,2057.904528
-0.076667,107,2058.075116
-55.434794,103,2058.154268
75.959159,139,2058.259331
4.527094,109,2058.340979
49.712439,113,2058.426608
-32.922312,105,2058.603067
-204.159949,234,2058.779566
-13.044209,107,2058.859717
0.561329,106,2059.029469
-0.26543,101,2059.105587
-0.741907,109,2059.188803
-29.478927,106,2059.269129
-11.139506,122,2059.361413
17.392903,110,2059.534746
-47.122783,110,2059.616909
-43.493719,106,2059.69636
-29.768665,95,2059.768478
-10.117532,101,2059.844358
-36.287989,105,2060.013959
38.063135,123,2060.107023
-11.699141,104,2060.1854
-37.627099,151,2060.299535
2.777808,99,2060.464777
123.15103,139,2060.569182
36.324969,123,2060.665959
-50.366761,91,2060.734262
-16.429929,101,2060.809292
26.052917,118,2060.98872
-39.32702,112,2061.075093
-20.952633,110,2061.157446
65.891817,142,2061.26596
3.283995,115,2061.443839
-3.389542,129,2061.543325
38.651374,116,2061.630413
5.35091,123,2061.723024
-6.417922,103,2061.891271
-17.237173,102,2061.968327
-28.555322,109,2062.050959
3.611809,106,2062.13047
-10.77795,114,2062.216286
-29.300061,140,2062.415199
-14.352227,107,2062.496383
170.554198,209,2062.654499
18.427388,107,2062.735213
102.730022,149,2063.054497
17.545479,116,2063.142062
-13.490985,102,2063.218095
118.512322,221,2063.610256
-30.760295,95,2063.683338
60.021641,133,2063.78526
11.451385,133,2063.884594
139.710603,148,2064.232405
7.166169,108,2064.313196
-150.446748,204,2064.46681
160.663447,242,2064.850721
-48.312651,105,2064.929508
7.015229,120,2065.020098
15.875196,111,2065.103797
94.686884,149,2065.421746
-110.24516,215,2065.581725
31.639435,186,2066.089051
-1.212567,109,2066.395777
5.820443,108,2066.477455
74.585157,143,2066.584875
165.466527,584,2067.249546
-242.086655,168,2067.611311
-13.665765,116,2067.698355
-201.56868,255,2067.89209
129.742351,149,2068.207862
65.16126,128,2068.303895
18.67634,123,2068.397433
5.442395,109,2068.478775
-24.971412,100,2068.752243
-11.561846,110,2068.84209
-21.727788,110,2068.925562
-4.85693,111,2069.008321
-73.33759,286,2069.428116
98.822552,148,2069.539632
-219.015933,237,2069.719072
115.762657,159,2070.050684
-121.149596,287,2070.270081
-12.795596,117,2070.582828
0.336169,115,2070.671284
-106.078307,256,2070.863861
101.185968,167,2071.214556
-148.678276,193,2071.361937
-9.162807,120,2071.452996
-142.490134,245,2071.730971
59.061542,125,2071.825778
237.064762,226,2071.995976
45.350557,128,2072.184191
132.410374,420,2072.50375
-31.561365,105,2072.675283
-104.914347,256,2072.86781
-33.188551,105,2072.946742
-24.325517,113,2073.124095
-45.184496,274,2073.32877
41.14435,122,2073.419987
27.259022,121,2073.605955
-9.492407,126,2073.700027
7.384563,119,2073.789709
47.078016,118,2073.878381
-11.595166,107,2074.052484
355.374289,579,2074.588143
42.092612,123,2074.681731
82.277754,179,2074.817876
-27.689481,109,2074.899953
-150.895302,228,2075.16742
28.757982,136,2075.271688
127.661217,184,2075.51262
6.955787,124,2075.606462
43.497266,205,2075.762303
-98.62839,255,2076.047096
303.568684,336,2076.301508
87.634582,172,2076.525869
56.352347,489,2076.994603
-88.58018,320,2077.238832
-242.315602,158,2077.563109
6.641627,118,2077.651797
43.135532,146,2077.76176
-153.100409,223,2078.123069
-114.723638,191,2078.279205
-1.932282,171,2078.409919
-139.555906,217,2078.814703
-84.339749,238,2078.996141
-174.4067,250,2079.363233
-150.754304,218,2079.531704
-242.747071,161,2079.653525
-181.697232,239,2080.037054
-113.85222,249,2080.225858
-63.381851,256,2080.629416
234.499419,534,2081.260068
-111.729997,205,2081.416054
73.44239,188,2081.76456
108.440779,196,2081.912885
-159.888532,202,2082.06651
-76.339381,270,2082.474553
118.860424,161,2082.597869
-139.961797,271,2083.030152
44.17024,180,2083.169837
-199.871772,185,2083.310806
38.548719,138,2083.617504
102.904765,412,2084.131742
70.846326,351,2084.399261
-31.400577,226,2084.794984
-58.905591,296,2085.0191
-1.375922,115,2085.106106
115.691277,458,2085.656415
24.374991,172,2086.011263
95.48818,188,2086.153788
-59.210754,146,2086.264089
8.363954,126,2086.583982
-10.771203,115,2086.671937
-2.864312,111,2086.754949
-15.127696,127,2086.850449
-129.840406,201,2087.10223
-58.312704,142,2087.210032
-37.393838,306,2087.534361
20.67866,134,2087.635827
-196.514459,181,2087.771492
-159.475502,253,2088.053484
-191.60406,182,2088.189645
4.319971,121,2088.281181
-18.334566,129,2088.380119
96.686787,160,2088.596898
-117.83135,216,2088.761413
-66.107432,282,2089.067778
-56.271554,300,2089.297906
68.749873,145,2089.502132
-105.118095,213,2089.661804
139.912807,156,2089.782089
212.362541,198,2090.02709
-80.298905,253,2090.219656
49.551586,165,2090.441225
-120.272901,315,2090.679292
-52.696322,274,2090.98213
84.289153,171,2091.110923
-73.330815,272,2091.406909
-183.169401,195,2091.553792
96.60884,220,2091.722261
66.712566,350,2092.07978
120.219608,156,2092.198345
105.085251,162,2092.414361
79.100462,157,2092.534533
-270.476722,159,2092.653315
52.215675,170,2092.874892
-12.141621,128,2092.971025
137.23694,158,2093.091716
131.7575,176,2093.317166
-244.307578,168,2093.444551
-198.852607,168,2093.571919
55.704438,130,2093.670058
121.306903,151,2093.874778
-181.230716,193,2094.021773
-191.960487,174,2094.155124
-26.198947,125,2094.342161
-147.392727,179,2094.476767
9.98861,144,2094.586287
-201.262824,246,2094.866113
-261.533265,169,2094.993639
64.623218,142,2095.099647
131.551825,196,2095.342579
-187.817119,174,2095.475394
96.623421,146,2095.586824
-1.167218,122,2095.770786
125.108602,160,2095.893376
47.53328,160,2096.016416
-10.687637,144,2096.217731
-156.921142,198,2096.369136
97.534443,194,2096.519188
33.723285,141,2096.717314
9.045742,121,2096.807903
-144.280432,240,2096.987962
-126.605534,234,2097.256512
-1.646452,101,2097.332467
92.567944,155,2097.451406
-3.27718,128,2097.639932
66.918109,196,2097.789397
10.266325,109,2097.872545
133.832677,182,2098.011638
97.735251,167,2098.232114
-133.816629,251,2098.42217
-18.055896,112,2098.598006
36.619104,115,2098.685711
109.544018,165,2098.813102
171.061512,178,2098.9499
-23.611384,121,2099.133832
166.496845,444,2099.566436
73.462693,150,2099.687105
-142.858418,253,2099.879483
11.908381,121,2100.166203
115.194658,150,2100.27985
104.849093,381,2100.666712
-15.291246,118,2100.757065
119.984922,159,2100.878703
-112.173227,194,2101.116238
29.100591,441,2101.451032
-175.308867,239,2101.722111
-262.078445,153,2101.836826
71.854432,149,2101.950407
-247.385273,173,2102.1733
6.862713,128,2102.27033
25.758763,114,2102.356363
-180.317016,256,2102.642605
-171.974048,172,2102.77279
-45.448448,272,2103.0724
-40.246326,110,2103.155018
-211.214292,267,2103.358835
-126.966816,179,2103.587457
-125.857546,201,2103.739363
-14.601489,395,2104.131376
67.661996,174,2104.264552
101.186242,214,2104.520102
-74.670939,253,2104.712644
-10.283264,112,2104.797139
-202.790468,165,2105.118423
-29.077662,115,2105.205356
-203.895056,167,2105.331956
107.0197,181,2105.562151
-47.638409,333,2105.814863
-215.471231,230,2106.079971
115.267524,145,2106.189966
94.005984,143,2106.298157
-217.010067,238,2106.572444
20.456515,183,2106.711388
-272.961339,169,2106.840254
-7.19921,116,2107.021552
-82.873392,270,2107.225675
461.56024,471,2107.675325
16.876834,176,2107.809363
-170.613203,238,2108.081875
166.079702,253,2108.271966
-45.155058,155,2108.481704
198.573592,241,2108.664805
-80.889593,295,2108.982122
-182.014567,214,2109.145531
153.98675,173,2109.276699
-6.314952,364,2109.644206
-44.930313,182,2109.979691
-34.296962,309,2110.215567
150.18579,167,2110.343349
58.324944,198,2110.588063
-21.032518,142,2110.695604
-67.713043,448,2111.128731
-45.930792,349,2111.489554
-244.423815,163,2111.613154
65.600151,319,2111.94483
76.200961,190,2112.088932
-74.318502,303,2112.412173
140.952028,175,2112.546302
132.942392,193,2112.691406
149.376271,188,2113.028087
-232.123593,165,2113.152703
16.092741,115,2113.238443
282.489597,374,2113.616204
-159.344999,277,2113.828017
32.220549,130,2114.01991
108.185646,166,2114.146246
-146.40492,240,2114.423646
104.254437,181,2114.561789
-141.545607,194,2114.708568
-121.016092,310,2115.034228
102.678241,175,2115.168345
-14.293698,182,2115.397853
133.927858,159,2115.518962
-65.244693,324,2115.856265
-99.859347,300,2116.085244
-169.765851,240,2116.359367
39.2397,128,2117.567888
-78.728408,234,2117.744136
-85.604248,330,2118.087366
-149.151984,218,2118.25299
141.220168,157,2118.464764
-104.062676,259,2118.663649
-87.701111,207,2119.005599
-179.49074,192,2119.15423
138.423515,212,2119.315993
97.908345,172,2119.540624
-119.660208,265,2119.74289
-136.606086,242,2120.018685
37.887566,123,2120.11089
-103.689685,317,2120.443896
-58.385763,279,2120.654057
120.026463,161,2120.775618
251.263034,341,2121.134483
-121.592216,238,2121.40594
241.210072,242,2121.590338
61.581509,164,2121.715559
-41.478849,241,2121.990356
-112.400721,205,2122.145296
-105.568864,241,2122.418596
-226.642777,167,2122.545421
93.833499,150,2122.65916
-162.543611,166,2122.876524
147.894366,208,2123.035505
-175.66912,194,2123.181855
58.98333,122,2123.367339
-34.111009,274,2123.577338
-257.606402,170,2123.705477
-137.834048,236,2123.979387
153.531759,172,2124.109807
-151.123116,188,2124.344031
-121.27821,210,2124.503896
19.538124,147,2124.616074
-186.005924,237,2124.889828
-63.394231,254,2125.082457
-110.929667,196,2125.324531
329.927137,411,2125.642746
236.203628,261,2125.934517
78.675758,141,2126.04053
122.137866,182,2126.269332
-221.899658,172,2126.400676
125.479055,168,2126.528853
-61.027702,247,2126.807009
97.630256,162,2126.931369
-152.942952,173,2127.061708
-231.821929,169,2127.281191
-90.713454,245,2127.468927
-85.021998,190,2127.706172
-86.691413,214,2127.86757
56.345034,123,2127.9605
-136.34384,174,2128.183884
-185.926245,179,2128.319403
-34.663446,300,2128.743001
-277.72873,176,2128.877221
355.733344,423,2129.298699
95.895826,211,2129.459732
-222.060144,154,2129.576835
94.676628,378,2129.95305
-35.243909,339,2130.301575
401.201508,411,2130.708298
131.878969,151,2130.821921
-9.583567,253,2131.013684
-95.952697,242,2131.289139
-110.912473,278,2131.502793
44.398668,187,2131.739094
-176.481422,178,2131.874338
-139.692798,172,2132.005889
125.50801,163,2132.222032
117.489436,429,2132.642775
6.235528,178,2132.777723
-118.946147,313,2133.209477
85.675571,174,2133.342607
-101.792933,229,2133.519581
232.075558,210,2133.883301
-63.467756,306,2134.118153
22.40745,120,2134.419851
106.716287,256,2134.615427
97.819177,147,2134.727087
-137.958844,290,2135.187553
-231.292589,171,2135.316951
-130.43486,186,2135.702104
187.211422,245,2135.889036
7.329527,132,2135.98783
-215.192714,183,2136.350053
-230.471678,181,2136.486889
-202.680262,160,2136.607548
120.2603,175,2136.9336
-28.213192,360,2137.207952
160.103019,246,2137.585522
-66.633598,285,2138.026563
-151.315604,212,2138.187299
-198.087298,232,2138.364456
-119.230095,243,2138.768384
-288.415382,156,2138.885878
-73.176532,332,2139.359888
0.783664,404,2139.877559
104.828354,189,2140.022228
2.209309,393,2140.547367
-36.406487,327,2140.795822
50.725081,383,2141.285039
58.863164,394,2141.80716
127.589562,247,2141.997274
-258.4298,168,2142.36192
-240.020166,149,2142.472914
116.022464,171,2142.602977
261.919379,324,2143.040867
2.270375,126,2143.136438
368.297985,346,2143.601061
180.648473,276,2143.811152
-29.066418,330,2144.272016
-200.245592,225,2144.636782
154.010029,190,2144.787115
-43.152757,418,2145.339969
-8.995882,347,2145.604461
88.144281,178,2145.96503
-58.422444,354,2146.236037
-147.053204,251,2146.649864
93.119109,262,2146.850244
-181.18332,197,2147.208112
-3.114374,264,2147.40943
169.118562,255,2147.805803
374.911263,443,2148.368668
-139.536574,275,2148.580647
300.424035,337,2149.064857
-212.635178,173,2149.199182
202.949449,261,2149.603515
-70.322734,326,2149.852102
58.115011,189,2150.218275
45.403285,164,2150.343381
45.613602,193,2150.491731
-220.258004,165,2150.822202
91.713895,167,2150.951042
-84.800935,274,2151.358869
271.705119,316,2151.602706
2.652734,183,2151.940491
89.9258,161,2152.063474
603.980388,914,2153.185651
-6.533767,272,2153.391453
-65.736236,319,2153.856903
-77.182185,350,2154.324936
44.398569,178,2154.464089
136.091765,264,2154.665904
-191.438212,195,2155.050645
131.79896,204,2155.209211
255.75632,398,2155.723483
46.36585,358,2156.213097
511.516977,673,2156.948474
-211.663852,210,2157.105882
57.176196,152,2157.421445
196.130952,300,2157.649703
36.930452,194,2158.019841
105.2765,210,2158.181272
161.279034,326,2158.667369
238.799957,241,2158.850554
-159.720606,248,2159.241923
-150.642951,243,2159.422565
104.290498,181,2159.559262
365.399625,373,2160.078554
246.177841,203,2160.432422
-52.191205,297,2160.65915
68.817104,445,2161.216978
32.474738,127,2161.311728
-214.607936,182,2161.684591
168.673028,205,2161.839163
289.276039,374,2162.346406
210.254685,203,2162.498938
99.230793,201,2162.875201
-210.479813,220,2163.040715
-33.293857,337,2163.517918
9.650159,265,2163.716624
-134.257092,267,2164.140819
175.213937,193,2164.286354
171.415531,203,2164.439133
-162.840197,240,2164.844546
-39.802473,275,2165.050915
126.715071,165,2165.400448
90.102689,161,2165.521407
267.579513,439,2166.088116
175.598456,244,2166.271596
-132.72898,226,2166.665225
-55.747085,290,2166.882089
-130.948676,330,2167.358099
350.600839,368,2167.850657
-50.444757,326,2168.095021
-139.604306,275,2168.512334
-189.915505,173,2168.641308
-141.655782,195,2168.989301
-160.002702,210,2169.148401
-96.24493,318,2169.609232
240.883978,367,2169.890599
-213.40497,167,2170.220228
194.530709,336,2170.472854
-286.272224,166,2170.800924
-208.645469,163,2170.922947
-179.117274,198,2171.070447
-31.608994,313,2171.514362
-131.143592,225,2171.905473
182.528584,273,2172.112826
-282.888796,138,2172.214583
-40.5239,283,2172.663158
-184.917194,196,2172.809012
-235.35632,181,2173.910951
138.646315,222,2174.078609
242.147373,722,2174.715176
109.146811,333,2175.058373
-276.357183,163,2175.180479
-156.227167,179,2175.406922
126.570106,205,2175.560188
-232.348787,169,2175.686477
46.449808,184,2175.918508
148.993772,205,2176.071728
-293.513153,148,2176.37875
105.179727,196,2176.528995
-265.072419,125,2176.621618
-58.570439,269,2177.048451
-183.422366,211,2177.206812
-136.817953,263,2177.497973
-238.708169,164,2177.619512
-141.015573,202,2177.769027
117.843407,391,2178.15117
-273.793666,159,2178.268225
-61.065339,293,2178.581677
-179.606829,195,2178.727728
-196.733663,166,2178.943206
208.652397,300,2179.168225
-166.781223,205,2179.415119
190.497124,306,2179.645172
110.702307,193,2179.882303
-245.201215,169,2180.007309
10.425968,428,2180.420912
136.876232,498,2180.883084
-187.828584,187,2181.023082
-79.600361,308,2181.345618
-258.940108,148,2181.456851
139.640798,256,2181.746035
-46.232177,344,2182.004141
134.515906,160,2182.215777
-72.735704,281,2182.426703
-113.605632,271,2182.780578
-151.249432,222,2182.953826
128.762866,540,2183.48818
35.114185,373,2183.943761
59.335149,389,2184.458904
23.610929,155,2184.573756
-238.235529,253,2184.768425
-322.07119,158,2185.090131
153.737211,325,2185.337459
-1.163471,390,2185.738268
-219.910117,180,2185.878354
-230.485468,221,2186.169291
-259.750708,216,2186.346877
-27.236342,369,2186.88185
168.453063,586,2187.442544
120.66228,405,2187.890028
-93.173329,247,2188.091025
-44.853235,335,2188.453178
-227.587556,238,2188.866611
-104.583522,276,2189.080125
-112.583734,275,2189.53071
95.199989,243,2189.714759
-61.994631,315,2190.070821
-71.531397,279,2190.281623
-185.646525,198,2190.518584
-75.115373,297,2190.7437
-150.337349,199,2190.984524
3.706387,155,2191.113583
-169.564852,235,2191.321052
233.970156,508,2191.924508
-208.835024,185,2192.299988
-308.388048,153,2192.423238
5.641559,178,2192.557084
-126.218363,238,2192.948939
-226.339579,242,2193.146323
-114.551019,309,2193.555451
-184.580755,191,2193.807935
-87.553879,285,2194.454538
-226.694139,186,2194.685124
-153.414503,276,2195.178416
-113.628498,270,2195.515256
152.467465,297,2196.159322
-50.147449,287,2196.4989
-305.812018,156,2196.837387
-156.367883,251,2197.152997
-109.64415,328,2197.741463
12.236316,371,2198.3702
-127.052021,226,2198.656688
-225.850789,198,2198.917473
-224.287814,175,2199.305851
29.084567,374,2199.79514
-142.550948,188,2200.188047
71.524818,352,2200.777177
-196.515067,268,2201.11708
975.406126,1000,2202.692029
-109.844512,298,2203.220563
138.02491,407,2203.75535
-106.530369,339,2204.409308
-94.211992,269,2204.895758
512.720816,862,2206.315569
58.551167,636,2207.269032
-156.389237,211,2207.673747
18.79675,208,2207.948002
45.414644,445,2208.63893
354.684908,643,2209.622742
-84.867644,398,2210.272377
61.847715,538,2211.081017
-135.577949,301,2211.605836
48.902685,417,2212.263255
407.03478,407,2212.7821
142.407857,284,2213.287078
210.132638,394,2214.038493
-167.459753,291,2214.405558
141.550963,364,2215.007046
404.079855,446,2215.725225
-253.804876,222,2216.004508
-281.38367,146,2216.327269
-193.306236,244,2216.646283
310.934978,463,2217.416924
216.866638,534,2218.260115
108.646301,270,2218.746711
33.552044,639,2219.707484
18.925569,259,2220.032603
-118.914518,350,2220.620148
-189.082277,250,2221.073998
-131.192952,203,2221.332001
49.510025,420,2222.011085
597.797274,624,2222.94561
-53.521778,403,2223.597104
-171.69106,184,2223.842686
271.259593,618,2224.860789
-101.93548,330,2225.524547
-67.277026,166,2225.740995
215.564784,414,2226.543737
120.944012,541,2227.38806
-91.103447,353,2227.964339
95.973088,273,2228.324093
-15.619038,164,2228.667874
-30.826178,356,2229.102042
109.629983,270,2229.587056
-83.562722,288,2229.935143
-110.024077,287,2230.451778
-274.189826,159,2230.643898
521.681586,777,2232.024008
-164.483753,220,2232.317271
-107.073755,398,2233.012699
108.944831,264,2233.549951
-274.903155,149,2233.755332
336.184672,445,2234.540021
281.638377,428,2235.294619
-256.72199,234,2235.614174
-42.145261,131,2235.808485
-38.404441,366,2236.685047
175.251087,360,2237.406245
96.974697,504,2238.296472
-49.823103,359,2238.85599
26.24875,166,2239.374764
-67.533961,282,2239.760831
87.781462,209,2240.227896
-132.842618,231,2240.537678
-140.137267,385,2241.234643
361.610713,507,2242.097238
157.75594,261,2242.472648
-85.83791,247,2242.984557
44.887037,194,2243.259559
67.392257,222,2243.748933
73.984182,503,2246.097153
55.925172,157,2246.333464
138.386097,276,2246.883444
383.24098,511,2247.745977
-48.370123,112,2247.911819
136.284865,245,2248.261744
73.665666,150,2248.689669
-43.778634,118,2248.867984
75.922121,147,2249.066523
74.171706,189,2249.318769
34.410292,156,2249.730206
12.472641,135,2249.917857
119.583025,226,2250.229151
56.436181,218,2250.697202
104.273619,211,2250.988481
76.223342,174,2251.416259
67.175365,176,2251.669998
73.974119,211,2252.061897
234.264702,360,2252.790209
70.193395,140,2252.984361
-85.916354,335,2253.616379
73.696477,164,2253.823229
173.492474,331,2254.393156
-64.754852,196,2254.646869
51.720971,194,2255.051273
-109.297417,275,2255.399288
17.152762,194,2255.996744
21.254951,151,2256.185863
-177.493121,167,2256.397417
60.98968,149,2256.74601
139.731349,221,2257.034744
50.407739,164,2257.258303
60.509657,148,2257.604818
110.660219,271,2257.953789
105.140121,251,2258.407052
18.601187,160,2258.618707
39.52561,165,2258.826453
5.97505,183,2259.233891
119.1922,182,2259.459832
160.07829,211,2259.710705
169.663354,286,2260.237503
67.109189,257,2260.570686
-111.407783,196,2260.982099
124.377825,217,2261.253317
5.323439,166,2261.604352
102.866243,240,2261.906711
56.273498,144,2262.088367
235.515297,410,2262.796713
23.398953,161,2263.009825
462.42823,675,2264.220032
17.367716,266,2264.577945
14.771085,194,2265.003126
254.618403,298,2265.396794
64.491646,269,2265.898736
0.339668,114,2266.047734
-22.428141,161,2266.258155
100.34,172,2266.697158
4.804589,170,2266.9382
201.793228,431,2267.654285
-37.934869,214,2267.929404
54.489768,225,2268.404478
-38.252331,131,2268.618704
68.57481,155,2268.852816
229.006172,271,2269.398846
-44.479619,113,2269.562282
64.162702,175,2269.810685
109.219872,366,2270.483907
100.696309,155,2270.684115
108.843853,286,2271.276487
112.072624,191,2271.537324
169.36317,345,2272.27793
96.246685,165,2272.51229
77.060412,147,2272.922532
50.506388,203,2273.210174
8.296051,132,2273.383166
-8.168105,189,2273.776027
19.042013,160,2273.98249
88.994432,276,2274.442674
130.174722,218,2275.035029
91.742721,241,2275.349611
44.999182,143,2275.752255
-73.782092,136,2275.925169
65.661556,196,2276.165958
121.506119,195,2276.610935
122.281349,248,2276.906338
221.563256,302,2277.610649
58.978755,163,2277.823412
69.544521,152,2278.022266
74.636967,190,2278.58267
180.255937,429,2279.172704
82.672588,157,2279.737477
109.086626,147,2279.926793
49.485068,196,2280.1742
93.113175,161,2280.80509
170.30538,237,2281.118122
86.604309,236,2281.623027
23.528118,190,2281.870872
-160.097686,247,2282.375778
76.09405,136,2282.565567
-133.502988,259,2282.894526
44.793193,170,2283.364946
-33.472273,120,2283.519686
-154.328307,300,2283.903561
19.244743,177,2284.315653
68.95036,191,2284.550496
20.809922,182,2284.925051
45.044546,174,2285.146748
156.511017,226,2285.42479
24.515789,172,2285.814893
-49.645048,134,2285.98531
-30.489216,131,2286.148442
63.693739,158,2286.491651
251.675392,335,2286.911396
-5.836948,125,2287.064113
-75.815695,111,2287.34069
372.649709,594,2288.226443
87.439148,274,2288.570461
81.394699,288,2289.232742
79.80279,147,2289.441658
24.812751,183,2289.926164
-41.816201,110,2290.071068
65.442301,184,2290.372594
36.782892,179,2290.647314
-38.859354,109,2291.046102
19.78814,154,2291.262104
11.815644,176,2291.481301
65.878663,190,2292.034363
54.360532,157,2292.229796
-44.575307,122,2292.383905
-75.783664,115,2292.548054
-67.649802,123,2292.958609
127.197042,209,2293.223326
75.863191,179,2293.451107
-8.889044,161,2293.909062
122.822434,190,2294.158095
115.013753,284,2294.792358
-21.626969,172,2295.007601
113.827367,173,2295.222134
-116.573332,358,2295.917636
53.132375,161,2296.11984
-41.907868,188,2296.49759
56.0938,172,2296.713315
27.551161,168,2296.927449
278.900006,411,2297.638105
7.150611,138,2297.816614
106.313008,237,2298.514447
207.668341,266,2298.855125
-17.906251,131,2299.33123
34.914181,191,2299.571877
74.408941,183,2299.803501
43.664253,181,2300.338435
44.094249,190,2300.58518
269.205198,404,2301.248522
9.656311,144,2301.421096
53.059813,141,2301.756192
101.012554,162,2301.971749
36.406809,176,2302.204542
80.76679,157,2302.40999
9.386672,208,2302.820252
99.522407,258,2303.155831
9.564087,161,2303.528453
49.086299,175,2303.758816
87.107118,150,2303.949212
346.109644,546,2304.804204
143.944339,236,2305.272413
-55.36342,136,2305.443044
64.686398,171,2305.666583
21.007779,174,2306.036889
94.89927,157,2306.23715
68.003668,172,2306.455713
-139.155343,251,2306.97971
163.551439,225,2307.277078
-100.635783,321,2307.832784
47.162759,138,2308.029161
82.03225,259,2308.511796
164.556598,290,2308.879664
49.755461,134,2309.213227
-65.042067,171,2309.433373
370.629568,485,2310.199536
316.995795,374,2310.822588
100.44496,131,2310.990687
151.604786,264,2311.343556
-26.951582,265,2311.824712
45.262853,181,2312.05238
136.631058,193,2312.435339
16.51385,186,2312.67004
-268.132719,153,2312.867222
-230.515817,224,2313.312786
71.532041,254,2313.632917
95.905783,228,2314.073751
118.863664,132,2314.253345
298.029089,437,2314.960661
107.975098,153,2315.178642
497.253798,550,2316.028461
317.08598,428,2316.879041
460.701593,503,2317.841917
78.795139,193,2318.084999
45.670948,177,2318.528618
63.53009,178,2318.780947
65.653994,141,2318.965895
186.680847,261,2319.469658
-264.682825,155,2319.672861
-121.861753,273,2320.189795
-6.942135,129,2320.360718
-100.216657,261,2320.687406
56.641819,120,2321.03475
75.606122,155,2321.245081
12.884586,162,2321.474009
-225.297799,138,2321.818564
100.611864,158,2322.036414
75.342086,144,2322.225758
38.21204,155,2322.42935
358.559985,361,2323.093548
96.332026,164,2323.316675
-245.337894,200,2323.723456
-123.260866,256,2324.047739
103.453573,242,2324.554214
61.998326,218,2324.854268
3.470331,305,2325.537307
-210.611233,147,2325.716019
71.025075,202,2326.236818
62.909776,131,2326.395375
255.171867,327,2326.813134
81.232599,144,2327.37768
303.502755,330,2327.832887
37.409909,161,2328.23503
137.377105,192,2328.468601
5.338966,171,2328.673183
48.713511,121,2329.130009
88.666411,180,2329.365828
211.49755,290,2330.046863
219.859962,277,2330.377809
-127.256388,325,2331.000995
80.919023,176,2331.985458
65.792471,147,2332.165511
75.933374,230,2332.616572
-216.097346,181,2332.87623
-145.794703,261,2333.393958
264.511583,406,2333.899969
118.552539,156,2334.266996
38.352525,188,2334.50947
89.900349,150,2334.702914
181.633498,263,2335.171884
31.514156,220,2335.447855
92.322031,163,2335.81
134.218057,156,2336.01175
63.663246,187,2336.248851
-48.586074,163,2336.769282
16.804653,112,2336.942261
93.75702,146,2337.134145
198.25799,235,2337.609832
2.427206,441,2338.18773
-73.936093,249,2338.784549
24.267939,333,2339.631824
59.574517,185,2339.896842
354.855672,309,2340.505296
24.473047,424,2341.072688
374.625799,444,2341.969044
-265.227666,162,2342.331413
-187.108984,191,2342.569784
-94.842235,217,2342.835203
-182.471799,166,2343.223578
17.734013,325,2343.62903
68.775019,166,2344.035946
-76.35742,271,2344.415333
-190.677929,234,2344.896881
-241.626233,168,2345.11116
-177.174455,204,2345.368634
-20.757517,302,2345.9327
333.743091,554,2346.781531
13.846944,340,2347.387501
-139.591409,190,2347.634017
-100.489745,283,2348.139537
-226.554714,156,2348.343202
-209.140696,191,2348.601501
-227.342735,163,2349.002002
167.458189,426,2349.551599
287.79595,368,2350.223501
644.417561,747,2351.642627
165.176716,194,2351.918383
76.154382,148,2352.100815
56.675038,142,2352.428921
103.86546,156,2352.629184
66.268543,133,2352.777319
-164.336471,192,2353.163719
-181.834676,254,2353.519599
127.537718,195,2353.774304
2.309379,180,2354.377619
-170.58576,151,2354.584993
109.695751,253,2355.052166
-229.24164,159,2355.246536
99.228783,225,2355.518703
154.961237,197,2355.918417
153.377979,224,2356.207402
102.012016,194,2356.597164
37.996208,180,2356.873763
-173.768899,201,2357.127337
71.17082,141,2357.485426
98.846549,184,2357.727409
146.278416,208,2357.991516
-250.986511,177,2358.527214
-222.693759,180,2358.744291
106.301933,158,2358.938213
36.220306,177,2359.447106
-279.167882,149,2359.644279
39.405393,120,2359.78998
-251.861327,165,2360.301497
121.804461,194,2360.554279
196.951811,215,2360.818079
-192.824008,194,2361.284041
-35.367702,284,2361.621867
101.535685,229,2362.19841
193.392531,204,2362.45091
-160.316076,256,2362.944058
51.313557,187,2363.176323
-240.332928,189,2363.346778
-125.170189,298,2363.72545
-163.137169,242,2363.92566
-148.736589,189,2364.203828
-252.542537,142,2364.322721
178.250385,185,2364.478973
-286.11677,149,2364.710781
81.8061,186,2364.866441
-175.497594,255,2365.171561
-60.211462,264,2365.385388
-149.77263,220,2365.564329
100.535455,176,2365.820462
-47.633957,282,2366.049704
-205.434145,171,2366.285851
-306.040528,168,2366.422333
-284.273946,166,2366.556564
-149.903496,227,2366.837726
-127.222492,249,2367.041354
-231.67384,212,2367.313077
225.587741,268,2367.535992
64.682835,158,2367.909844
-157.63417,227,2368.094354
124.508963,185,2368.244762
98.625524,161,2368.475298
335.665112,649,2369.098036
-155.065596,262,2369.311596
-220.484784,210,2369.577968
-237.910418,155,2369.702704
81.059286,134,2369.81042
186.4634,299,2370.151457
-269.148137,148,2370.269672
72.455457,171,2370.504048
-193.091736,264,2370.717613
154.267369,261,2371.025553
-147.097138,216,2371.203053
169.908498,211,2371.376879
124.730858,227,2371.749714
85.883241,237,2371.943661
-90.140757,223,2372.216545
170.451681,358,2372.615719
-247.82661,257,2372.831739
40.793213,171,2372.981443
-43.596383,115,2373.182574
-105.156665,292,2373.437812
370.701539,526,2373.975199
69.167552,160,2374.108552
62.86961,171,2374.421297
64.311442,120,2374.521137
118.593802,186,2374.678089
-189.969418,178,2374.924997
9.672096,172,2375.072811
140.605489,284,2375.401888
69.099118,163,2375.537977
188.093012,364,2375.929266
60.605311,425,2376.418601
166.872278,260,2376.651051
92.65197,160,2376.791212
180.705879,202,2377.069306
177.394914,232,2377.265109
202.570197,251,2377.573725
424.549272,390,2377.904817
-202.241894,181,2378.157212
90.405919,171,2378.30389
-73.300528,297,2378.648895
303.140377,430,2379.097997
131.218617,231,2379.288528
117.806767,163,2379.423704
88.972644,158,2379.644146
475.484531,476,2380.153125
92.893535,169,2380.300096
111.807278,181,2380.447614
-107.214642,178,2380.684958
515.901991,511,2381.201858
49.800221,195,2381.361748
54.503381,342,2381.729918
69.663351,139,2381.842728
122.877608,172,2381.983675
-144.780909,246,2382.280107
239.332626,220,2382.458434
-57.363396,300,2382.7958
-136.419916,235,2382.983435
96.063401,176,2383.217756
186.580853,264,2383.4394
128.781481,192,2383.60638
-184.512423,188,2383.861328
-47.800999,333,2384.138494
-56.472273,259,2384.445888
-150.207346,225,2384.631142
85.472533,180,2384.885714
-40.943014,267,2385.10896
115.537619,449,2385.693363
171.184928,198,2386.091691
204.095167,220,2386.272174
-159.161467,228,2386.459625
-227.077951,155,2386.810176
113.437023,433,2387.295945
-76.306472,266,2387.513327
-146.583272,232,2387.79491
216.850214,354,2388.088773
35.522988,195,2388.458215
-102.421589,226,2388.639135
-131.477452,240,2388.83109
-24.919938,266,2389.138125
-174.097344,238,2389.329316
71.358326,154,2389.674761
-48.080748,292,2389.910632
-116.8772,243,2390.328269
-94.304462,205,2390.494625
-62.376341,324,2390.982189
-167.952424,216,2391.1564
-115.976177,206,2391.544733
365.437206,395,2391.872917
-306.702217,166,2392.206331
64.604596,319,2392.468089
50.810782,147,2392.682021
-241.573759,163,2392.817616
262.737926,338,2393.187663
-76.512783,242,2393.383697
-64.447715,319,2393.740927
-232.22302,133,2393.84875
-187.07992,247,2394.146702
-161.653438,203,2394.313521
37.368216,126,2394.417253
154.398946,217,2394.689739
-101.840448,256,2394.899992
-135.225361,199,2395.060734
-288.954149,158,2395.280691
-124.320392,266,2395.502098
306.356518,370,2395.900347
-87.149461,260,2396.208673
-232.419919,159,2396.337891
129.527014,159,2396.469982
-149.191813,237,2397.398544
142.070508,446,2397.763598
-194.702477,184,2398.005127
-230.591962,163,2398.138114
-159.487971,212,2398.521799
-180.233282,206,2398.689584
-176.481508,202,2398.854462
12.218316,350,2399.235463
-145.480196,336,2399.71554
-183.070218,227,2399.899105
-59.943856,327,2400.259344
135.278343,159,2400.39468
-153.451235,251,2400.789946
-62.83799,188,2400.944085
-160.261849,171,2401.084193
67.720071,173,2401.31943
-235.610356,186,2401.475581
-161.661073,201,2401.635031
280.653573,518,2402.160035
36.276285,151,2402.384148
-271.998373,145,2402.511103
-189.757622,163,2402.646694
-135.230675,188,2402.909028
258.127745,291,2403.165069
-269.260033,163,2403.391515
89.260179,150,2403.519171
-27.778261,293,2403.767164
-166.551211,191,2404.016577
-22.227507,349,2404.308409
-178.02273,200,2404.568291
428.775763,408,2405.010275
-66.83281,216,2405.194476
49.172463,177,2405.345986
117.357554,189,2405.604297
-163.66665,179,2405.754378
-187.32672,187,2406.007696
-33.83576,256,2406.219079
-90.82217,212,2406.392956
39.948735,185,2406.64454
91.491407,179,2406.795069
31.650497,176,2406.940667
55.704127,157,2407.169442
75.352985,390,2407.579569
31.023808,380,2407.887227
48.700709,290,2408.316221
-208.819508,168,2408.455221
73.700363,199,2408.818086
-165.767313,191,2408.973385
-214.684545,167,2409.109666
-222.832388,132,2409.313072
327.335112,453,2409.69952
-169.011117,214,2409.975222
80.594789,151,2410.103502
-186.438597,167,2410.246817
237.94111,338,2410.635173
-82.832748,99,2410.721388
-62.867864,258,2411.042005
43.4047,163,2411.184706
72.77934,158,2411.320351
110.040521,164,2411.566468
96.208529,143,2411.694127
135.95991,174,2411.846944
209.640412,282,2412.18871
47.826337,131,2412.309107
52.612502,155,2412.446808
78.105937,141,2412.667333
29.256689,147,2412.797015
100.905804,138,2412.915874
75.113431,168,2413.155684
36.030755,122,2413.260232
60.553143,183,2413.413043
192.162722,206,2413.681269
79.376525,161,2413.819472
138.954752,203,2414.001337
-235.809797,159,2414.239355
79.89238,195,2414.418035
43.691212,168,2414.565731
71.55983,137,2414.835639
274.899763,293,2415.079201
176.950675,243,2415.380361
192.485719,254,2415.596093
-139.67281,204,2415.874775
89.810334,152,2416.004107
49.788222,177,2416.155416
67.792205,153,2416.379459
76.095786,141,2416.501755
62.339192,160,2416.639887
89.758567,187,2416.800831
67.704959,152,2417.026032
111.975963,192,2417.185162
171.476904,217,2417.463745
101.320178,216,2417.648299
305.503385,300,2417.991062
-89.878114,245,2418.195656
256.437773,282,2418.536525
-130.774075,261,2418.75454
217.831486,244,2419.060262
115.186456,157,2419.199511
74.581325,157,2419.362295
-258.193621,169,2419.636905
161.343314,238,2419.862235
64.896271,390,2420.304609
76.538843,227,2420.501209
33.380713,429,2420.977849
-161.582523,231,2421.187423
-143.909111,210,2421.465778
544.053403,565,2422.050436
69.034345,163,2422.184505
-194.63329,240,2422.480945
338.875085,374,2422.895901
82.819664,161,2423.03497
142.865609,417,2423.482592
216.112925,243,2423.700567
171.323972,254,2424.009597
71.563009,168,2424.156381
66.897135,172,2424.302895
-120.824448,250,2424.611529
348.050135,419,2425.052587
28.355423,115,2425.149801
64.637212,151,2425.275177
261.099005,422,2425.896187
103.310178,165,2426.036011
53.226327,170,2426.413986
121.70727,163,2426.5495
116.613021,170,2426.693964
151.489701,207,2427.096907
80.125114,158,2427.232276
-10.968169,181,2427.385674
-31.508306,266,2427.827925
92.067316,135,2427.941614
53.597449,177,2428.089249
93.868647,176,2428.459565
66.024746,148,2428.583436
67.435026,133,2428.695664
83.837048,139,2429.03444
101.889753,156,2429.164538
-80.687173,249,2429.371353
122.093245,262,2429.79422
165.241907,209,2429.96859
-134.939421,240,2430.376884
97.513991,146,2430.498297
102.037308,128,2430.604181
59.946207,128,2430.920972
74.354547,141,2431.036316
135.945694,190,2431.191293
122.818329,205,2431.570061
54.818733,145,2431.759374
48.71116,165,2431.914003
85.197287,190,2432.200795
-136.549034,220,2432.399008
192.365569,274,2432.781946
192.191413,249,2433.023082
175.487552,221,2433.245817
229.294118,241,2433.569144
318.451351,297,2433.928571
41.406693,123,2434.038307
-121.004015,221,2434.223906
128.427852,256,2434.545334
51.95052,138,2434.66332
-146.267007,194,2434.830245
159.398663,241,2435.13513
109.40622,164,2435.274473
68.828059,181,2435.432296
120.716273,171,2435.695229
215.342024,222,2435.890224
35.324956,133,2436.213993
36.731926,118,2436.313456
29.246961,115,2436.410841
218.925294,283,2436.747291
91.03099,156,2436.883167
239.665413,307,2437.154858
80.120525,138,2437.378973
66.165701,164,2437.521433
240.793733,324,2437.906351
-121.688792,165,2438.04481
85.97042,413,2438.491825
73.779242,139,2438.610842
181.21952,206,2438.787368
87.318919,162,2439.028028
52.435486,166,2439.173791
102.52926,185,2439.333719
174.765445,245,2439.651186
19.065724,113,2439.775213
119.076047,159,2439.924224
100.545194,143,2440.146866
156.995927,260,2440.363183
223.200991,280,2440.710293
83.247409,144,2440.837143
173.921401,221,2441.176745
116.386224,146,2441.362716
57.846065,140,2441.49542
-124.765876,219,2441.776937
-56.050122,226,2441.971889
123.561648,276,2442.214641
77.788515,151,2442.465527
417.308104,456,2442.95273
-108.922492,171,2443.097217
363.530293,430,2443.674783
236.879351,516,2444.266629
474.838274,569,2444.840104
76.415539,144,2444.964
-92.730996,181,2445.336962
81.294222,136,2445.450008
141.567722,169,2445.591941
105.028267,146,2445.713973
100.345415,143,2446.046206
-106.443652,187,2446.201459
56.037896,138,2446.315907
-159.356247,232,2446.716457
97.180542,163,2446.852667
167.173183,185,2447.103744
151.919678,195,2447.267056
110.193054,147,2447.390198
144.26371,170,2447.742465
-56.416354,229,2447.928599
97.780181,148,2448.053549
87.438466,406,2448.621742
59.200105,128,2448.733558
186.410276,190,2448.992942
161.743514,256,2449.215333
225.049773,244,2449.514919
138.656693,178,2449.667679
-129.623006,176,2449.817241
72.578867,156,2450.045297
240.065609,232,2450.24405
96.44119,128,2450.349953
-19.539237,245,2450.649638
153.580647,151,2450.776458
163.880767,184,2450.933015
100.479647,153,2451.165984
-155.834145,200,2451.334544
405.274804,447,2451.845906
118.950326,137,2451.959482
124.579422,195,2452.226875
64.633028,349,2454.056325
101.950261,161,2454.303077
-53.819662,259,2454.530291
129.158653,158,2454.771068
94.81172,128,2454.88729
95.530829,132,2454.99857
53.792863,143,2455.12533
68.628056,121,2455.367967
72.118368,123,2455.473579
77.636942,119,2455.576786
31.389029,109,2455.671608
93.502012,133,2455.787959
124.330065,178,2456.052296
208.716692,338,2456.348955
71.709755,113,2456.562531
216.36349,267,2456.803996
223.061245,274,2457.15156
-103.8214,202,2457.362247
107.998916,142,2457.499065
49.498865,319,2457.893657
159.563003,205,2458.074239
139.780956,151,2458.306714
133.154775,186,2458.471872
130.606263,159,2458.60721
-272.707449,148,2458.83732
126.818668,173,2458.982629
115.878731,148,2459.106694
145.714458,179,2459.360836
108.021667,211,2459.539826
10.056325,212,2459.847338
113.327928,218,2460.03795
191.113471,238,2460.240325
154.1338,211,2460.534364
22.600039,106,2460.626302
48.976321,146,2460.7503
186.942499,218,2461.037432
46.341195,133,2461.155249
36.73282,120,2461.255579
117.35216,153,2461.481982
97.190732,138,2461.596376
114.067272,169,2461.735888
-39.790728,257,2462.045846
159.901692,187,2462.204084
109.189147,154,2462.334612
58.530435,123,2462.535842
97.153208,158,2462.673077
127.337066,163,2462.80918
73.394733,188,2463.060739
183.734203,483,2463.457315
105.698802,132,2463.662453
279.982941,287,2463.901998
-4.597397,279,2464.231867
68.309142,126,2464.336892
102.892503,189,2464.495462
-259.332577,158,2464.73533
132.623072,181,2464.892857
162.272247,166,2465.034319
140.537059,346,2465.426147
342.456417,343,2465.812069
-11.569108,105,2465.901079
78.18369,167,2466.037935
26.751673,126,2466.235395
7.885436,137,2466.345947
72.735202,147,2466.468403
101.210239,146,2466.586988
1.867264,112,2466.774403
158.598277,264,2467.001425
73.327353,134,2467.119432
100.824495,188,2467.377298
196.37772,257,2467.59477
75.979839,142,2467.818765
133.588799,165,2467.964037
-176.330032,236,2468.163117
161.707947,218,2468.463727
147.726268,193,2468.625648
43.587847,116,2468.723592
32.824421,184,2468.979357
67.350209,184,2469.135211
5.443186,323,2469.496778
145.703736,215,2469.671314
68.343244,139,2469.786844
-114.414002,308,2470.141812
103.402161,163,2470.281331
324.112429,471,2470.778211
112.65548,168,2471.016216
-134.889296,198,2471.182698
-38.203074,269,2471.403587
121.706368,153,2471.629207
132.374146,435,2472.088611
-45.827564,318,2472.357293
-20.564845,347,2472.751464
-30.922887,223,2472.935611
125.035443,209,2473.206993
-76.344878,254,2473.424628
-103.833694,248,2473.727473
-30.061662,257,2473.937941
117.931644,154,2474.180363
113.075968,215,2474.367206
278.684056,344,2474.768083
156.305201,225,2474.965176
226.352587,343,2475.357725
52.80034,424,2475.909875
-161.488548,246,2476.123245
157.41063,421,2476.594911
52.807033,130,2476.712601
-200.814027,152,2476.843652
204.096675,276,2477.18963
-94.7353,203,2477.369415
77.578677,187,2477.644425
95.410824,152,2477.783558
80.616445,168,2477.931293
-48.970472,257,2478.249973
-190.288286,178,2478.400138
-230.145173,160,2478.635931
-30.719489,325,2478.911505
72.567041,419,2479.371815
86.032777,153,2479.501457
219.645558,201,2479.774125
-15.066203,378,2480.10308
176.344875,234,2480.407898
198.790397,230,2480.610344
70.003315,173,2480.862615
-235.61385,177,2481.013927
-206.009541,255,2481.23291
100.144175,168,2481.473822
-100.50341,254,2481.687461
-102.233674,260,2482.005181
184.32925,270,2482.231493
293.16934,521,2482.776387
256.396917,531,2483.319479
-106.630055,202,2483.587194
-156.92206,248,2483.798851
97.410612,375,2484.216213
360.119675,533,2484.779606
80.933548,419,2485.25115
-142.54037,272,2485.478592
57.595489,165,2485.720176
-150.855055,229,2485.921976
-175.314736,182,2486.178282
-213.852976,172,2486.324234
-165.011845,196,2486.484324
104.601953,442,2487.101079
-173.876037,189,2487.278376
114.760992,163,2487.638818
149.240623,171,2487.792893
364.587025,679,2488.619304
76.908571,366,2489.15933
-131.386813,252,2489.473173
-209.311205,164,2489.608952
-96.288198,315,2489.963098
-181.04032,201,2490.129175
-230.189465,245,2490.331451
-124.745096,246,2490.637907
287.806419,339,2491.02384
-165.597998,240,2491.223802
1.792893,291,2491.564062
109.093212,171,2491.70753
39.178833,326,2492.075925
152.771185,223,2492.267088
-173.369396,195,2492.432693
154.301312,211,2492.707482
252.213547,324,2492.982111
37.1389,176,2493.228235
60.136158,169,2493.370062
238.470912,246,2493.67797
74.930163,143,2493.800076
77.076588,143,2493.920188
-126.029726,256,2494.236679
157.451796,188,2494.396179
69.08327,120,2494.499529
-83.398411,251,2494.805172
110.538938,179,2494.95762
-162.829966,244,2495.258694
164.898516,153,2495.385822
-0.279061,329,2495.776529
103.28743,197,2495.943953
290.802606,326,2496.318053
76.834924,423,2496.669474
218.360492,287,2497.001794
-118.262794,272,2497.225486
81.636789,189,2497.478169
74.150449,137,2497.59193
-66.7707,254,2497.892025
60.746832,354,2498.184894
304.089452,298,2498.656741
-130.407152,257,2498.931218
-0.27098,374,2499.372731
239.881111,223,2499.686425
25.907677,330,2499.990027
487.118464,516,2500.655476
124.007232,168,2500.912237
377.818779,754,2501.655141
299.69237,518,2502.184921
67.199709,196,2502.348065
231.717376,528,2502.898204
-195.542737,176,2503.157706
312.183904,331,2503.435926
237.965821,501,2503.957018
-42.399888,264,2504.272404
360.884421,383,2504.696482
328.550303,306,2504.950894
175.294131,189,2505.206793
-97.422235,269,2505.430356
80.120441,378,2505.840714
-10.322534,417,2506.291677
360.305707,583,2506.884256
266.474042,525,2508.680399
119.640017,159,2508.820681
-22.494786,264,2509.141313
284.788518,308,2509.414062
-80.12819,264,2509.740414
35.032649,424,2510.209745
112.159375,162,2510.346292
-66.232989,333,2510.719587
-229.496074,147,2510.839917
172.363308,452,2511.30893
109.82188,157,2511.439749
509.454184,378,2511.887039
181.287766,221,2512.076446
55.187952,140,2512.289378
272.789552,315,2512.560752
10.883918,116,2512.658787
-211.870521,181,2512.921878
94.084231,201,2513.094986
84.306939,355,2513.527859
63.214242,144,2513.653652
-25.865031,328,2514.043949
-4.862142,113,2514.144114
-204.366114,179,2514.294729
263.575931,466,2514.817092
-216.192742,171,2515.08568
132.710904,262,2515.312356
104.806265,367,2515.737156
-94.841406,242,2515.934623
172.78208,242,2516.275505
116.219687,209,2516.455676
131.929828,160,2516.585898
55.03286,167,2516.816731
457.844508,508,2517.33008
82.821099,174,2517.468655
-146.971141,238,2517.868573
87.800897,151,2517.985162
106.015359,173,2518.119014
69.442966,170,2518.443837
503.024873,465,2518.800476
148.569621,171,2519.025805
86.356718,156,2519.145946
99.057265,161,2519.269055
76.719473,149,2519.479229
56.218535,170,2519.610375
96.771328,186,2519.749537
30.087274,265,2520.042655
218.867355,505,2520.517482
-136.336106,239,2520.700511
-149.349591,197,2520.944307
20.134796,113,2521.03117
85.757273,163,2521.159597
140.350517,180,2521.394123
44.962197,174,2521.528247
157.429222,186,2521.669904
330.284429,428,2522.201516
473.573882,449,2522.65562
211.344112,287,2522.969527
-107.572526,236,2523.151953
126.149492,264,2523.442931
186.45808,198,2523.606816
389.090757,316,2523.977896
814.340853,919,2524.804233
269.976654,312,2525.175487
88.192467,138,2525.289615
146.621654,332,2525.65555
75.180228,143,2525.765162
171.805875,270,2526.062936
56.81294,136,2526.167523
114.926885,179,2526.302959
238.777683,304,2526.645425
198.304747,220,2526.818223
116.494989,148,2527.027385
87.501265,133,2527.13072
292.050884,288,2527.353272
170.69853,227,2527.618407
146.617303,179,2527.761284
207.1098,228,2528.03329
242.573905,272,2528.254075
160.555104,189,2528.498801
-149.324689,251,2528.696911
15.022099,111,2528.784468
118.200789,256,2529.075589
111.381994,146,2529.205461
837.295414,888,2530.075296
58.125245,149,2530.192564
-14.322636,235,2530.468379
142.183658,230,2530.65143
343.114785,299,2530.97572
51.259583,160,2531.10903
100.991389,171,2531.240029
255.526347,350,2531.600893
136.153067,177,2531.738479
149.079419,164,2531.959595
177.143833,186,2532.104514
89.835713,156,2532.226897
65.828914,168,2532.483864
67.424437,138,2532.592245
80.02181,141,2532.706251
190.045605,248,2533.000029
300.38162,288,2533.224202
224.237272,310,2533.5612
192.155227,218,2533.745524
80.158813,157,2533.962976
190.763202,197,2534.136262
-31.058791,188,2534.28596
375.279593,418,2534.702912
207.776204,207,2534.953913
205.802369,214,2535.12178
211.37712,219,2535.288137
114.671248,161,2535.513388
52.911764,146,2535.661837
234.847178,251,2535.895964
200.361072,205,2536.190152
143.709294,193,2536.353104
177.555444,227,2536.759044
41.949415,173,2536.909129
460.92115,339,2537.288494
-5.152556,287,2537.530419
21.311773,170,2537.793497
30.016503,171,2537.940363
75.239206,151,2538.065952
124.340761,161,2538.38358
-97.044155,327,2538.663315
54.651001,143,2538.784261
218.378547,242,2539.228591
38.89559,114,2539.328341
128.91801,172,2539.470768
223.56293,234,2539.856061
326.375533,324,2540.234532
-138.181474,243,2540.431031
-45.367549,315,2540.86142
95.02128,176,2541.014888
475.982973,441,2541.519666
253.119597,253,2541.739687
-2.234379,352,2542.159747
-195.683332,188,2542.323212
134.804899,163,2542.752595
483.929853,660,2543.547235
113.237801,156,2543.674599
174.1952,203,2543.938475
83.792545,166,2544.083121
120.240407,163,2544.232949
183.063161,263,2544.581635
98.219617,148,2544.710852
230.547903,278,2545.059146
153.446009,259,2545.273825
-34.440302,318,2545.623982
78.354365,170,2545.761241
579.280407,643,2546.379976
91.374809,135,2546.593486
155.281355,160,2546.717174
564.188636,528,2547.233204
84.089618,148,2547.351441
243.632132,501,2547.849847
-29.855745,287,2548.165748
638.002234,516,2548.67155
255.292649,258,2548.878877
-167.855465,189,2549.115651
119.547722,151,2549.231721
114.680078,145,2549.348109
