#{"t_start": 1789340668.2041306, "env_id": "Atom-v1"}
r,l,t
-263.437716,113,3.681397
-254.317169,134,3.793869
-253.721852,99,3.881513
-242.76732,93,3.964318
-251.828953,106,4.391095
-234.96798,127,4.494585
-243.208578,100,4.58057
-242.67676,130,4.692986
-246.962386,112,4.784642
-208.646315,124,5.04072
-247.801636,225,5.223938
-238.199154,122,5.325823
-249.142212,145,5.584755
-254.943043,86,5.656487
-274.273123,86,5.726524
-248.669991,94,5.804809
-222.087737,108,5.89566
-236.827833,149,6.16102
-203.750006,221,6.342809
-222.705069,89,6.416217
-125.898357,265,6.809837
-252.78045,118,6.910049
-204.612747,237,7.374921
-184.108909,144,7.497322
-238.795858,139,7.622022
-181.511127,174,7.767333
-246.520204,125,8.016753
-233.979642,127,8.128665
-237.79486,180,8.278114
-256.523868,99,8.360227
-240.495555,99,8.591798
-236.331649,85,8.661424
-255.170151,94,8.73892
-231.565043,142,8.856409
-269.901892,114,8.950776
-242.559418,79,9.165436
-255.992056,126,9.269809
-250.829426,80,9.336798
-261.508883,92,9.414021
-247.393493,161,9.684719
-221.290126,140,9.799471
-267.50419,96,9.878535
-249.357709,146,10.00108
-242.146349,85,10.070649
-249.201543,140,10.3293
-267.252675,104,10.416017
-253.273404,93,10.493239
-239.414266,127,10.603515
-239.216668,101,10.828292
-254.398586,117,10.925455
-250.47433,87,10.995797
-248.437157,86,11.067063
-248.24884,101,11.151371
-242.887633,79,11.216066
-270.356947,151,11.495285
-229.320101,163,11.627027
-253.574523,112,11.717458
-253.398292,92,11.795211
-253.53049,106,12.021831
-259.037811,111,12.113127
-233.181035,83,12.189629
-257.824927,96,12.273093
-232.37163,145,12.550411
-239.768009,109,12.650019
-231.999965,182,12.813766
-239.233397,110,12.914217
-249.983152,113,13.175931
-222.759942,255,13.396457
-256.817667,132,13.505803
-218.802598,257,13.8518
-259.583061,101,13.935309
-244.903469,133,14.044262
-254.144434,90,14.11933
-246.473489,96,14.336327
-239.241112,106,14.433698
-211.242597,145,14.555813
-250.031042,169,14.696944
-242.114764,101,14.934019
-261.181145,102,15.023882
-225.684588,153,15.153242
-252.173294,114,15.248884
-269.922369,89,15.468464
-230.112902,120,15.567433
-255.217966,103,15.651647
-244.893064,100,15.734234
-261.161099,97,15.81609
-252.862395,84,16.028239
-251.803879,82,16.095566
-249.006003,136,16.20892
-255.18744,117,16.306242
-263.725724,104,16.391836
-252.824686,70,16.582156
-239.002765,125,16.685259
-215.456732,149,16.807713
-202.003048,204,16.977515
-236.537907,144,17.227729
-260.750781,102,17.311499
-257.261868,107,17.397666
-258.680752,111,17.489172
-213.958628,167,17.758111
-231.507554,119,17.855804
-271.529448,82,17.923312
-248.350198,112,18.015779
-256.813653,111,18.240774
-250.87434,98,18.320711
-269.001633,167,18.457849
-270.560168,93,18.533862
-255.118724,88,18.606315
-216.111815,203,18.905684
-251.936412,66,18.960788
-235.603009,109,19.049604
-258.72139,110,19.139429
-222.826308,128,19.376425
-191.039405,193,19.535026
-152.806875,355,19.958191
-204.465729,226,20.14235
-202.635178,79,20.207423
-231.298984,88,20.279428
-251.300181,191,20.567762
-259.940767,84,20.636358
-272.443619,102,20.720015
-220.661132,134,20.829158
-124.913966,212,21.135109
-222.525275,144,21.252732
-243.077491,122,21.352227
-207.687265,152,21.607049
-257.26889,99,21.687515
-237.71675,191,21.842968
-262.415773,117,21.939858
-266.666572,110,22.161502
-166.309107,378,22.470514
-236.438402,131,22.708091
-202.027518,198,22.870329
-237.076176,145,22.988787
-219.017809,147,23.240262
-265.62081,139,23.353665
-243.072096,158,23.482189
-237.960438,73,23.542051
-245.072297,130,23.782557
-265.723151,110,23.872114
-155.130915,326,24.13863
-186.375453,351,24.557671
-212.306024,334,24.962527
-181.115293,303,25.208027
-216.567417,254,25.547168
-238.135899,194,25.705304
-202.968345,127,25.810577
-241.465213,154,26.067401
-61.384952,308,26.319668
-293.149462,184,26.602273
-256.110653,99,26.683007
-198.20001,237,26.875358
-179.809131,235,27.199415
-200.485274,344,27.61202
-190.258282,181,27.758671
-274.896142,149,27.879701
-172.84472,575,28.482224
-239.020346,268,28.834449
-184.126642,429,29.316793
-233.813305,268,29.535782
-78.070692,178,29.813776
-242.640196,234,30.005201
-247.633908,166,30.140451
-266.226742,114,30.363667
-225.631386,238,30.559024
-171.391143,286,30.925995
-265.117272,126,31.029716
-264.420752,192,31.186046
-161.861525,214,31.495118
-205.156428,261,31.70976
-61.910205,308,32.095023
-37.299817,363,32.392557
-145.892302,514,32.944187
-190.057449,315,33.335759
-77.825825,149,33.457
-54.012461,164,33.723875
-115.429807,238,33.917986
-77.389286,162,34.051523
-91.576529,149,34.304587
-98.31231,126,34.407488
-184.187035,293,34.779382
-172.589891,332,35.052825
-100.836327,765,35.943804
-149.539444,189,36.100248
-92.069894,132,36.208716
-236.979856,187,36.49329
-65.512634,335,36.767607
-226.9893,193,37.058925
-96.527471,110,37.149055
-239.351844,247,37.352412
-205.875667,264,37.699294
-238.569265,168,37.836875
-77.808379,182,38.116914
-85.639101,159,38.248013
-91.733428,142,38.364243
-148.639349,144,38.481766
-189.535741,403,38.945984
-229.234009,113,39.037584
-91.194755,154,39.296454
-227.7273,221,39.478233
-76.136172,122,39.578128
-81.266538,314,39.967287
-142.391943,112,40.058773
-88.117285,159,40.320858
-96.924375,254,40.529366
-60.726785,300,40.916559
-84.325916,152,41.040851
-236.415892,186,41.193321
-218.363734,213,41.499281
-158.680975,489,42.030904
-222.427219,233,42.222608
-215.693627,254,42.56292
-115.128702,144,42.680093
-27.277225,357,43.10409
-114.537388,96,43.182524
-110.428553,118,43.279162
-9.416905,481,43.806704
-116.447496,198,43.968647
-229.155104,221,44.281702
-78.729172,138,44.394591
-155.310888,358,44.819452
-106.98445,165,44.955765
-105.036938,145,45.075019
-140.827631,421,45.557629
-164.730221,349,45.988791
-127.452082,306,46.238209
-236.874835,267,46.589401
-170.020446,264,46.937321
-129.091902,346,47.219338
-70.475193,571,47.818015
-232.026187,175,48.094599
-56.44422,192,48.253604
-65.81771,186,48.405355
-97.022033,168,48.674308
-64.483528,503,49.21769
-105.586703,135,49.327939
-71.21995,226,49.513621
-105.449098,462,50.023695
-55.658304,208,50.332067
-158.96503,246,50.532415
-84.018826,148,50.80028
-95.265709,196,50.960662
-93.60835,296,51.203198
-47.862917,803,52.123631
-74.852016,226,52.307857
-115.007563,111,52.529809
-245.804146,178,52.675332
-89.509396,554,53.300905
-117.183139,119,53.397798
-176.391929,469,53.930802
-55.932812,276,54.306708
-72.039205,213,54.480142
-54.09306,244,54.829321
-66.027243,132,54.935869
-191.205788,301,55.330583
-107.336989,138,55.44298
-91.980347,286,55.677342
-84.762209,146,55.934493
-51.797812,276,56.15967
-86.815394,137,56.272016
-117.666385,158,56.533735
-81.107173,231,56.722179
-89.722631,147,56.97346
-88.900874,105,57.06038
-109.232981,105,57.146246
-91.93218,125,57.249513
-127.284831,231,57.573866
-57.820254,272,57.795797
-185.473058,331,58.198758
-119.898434,162,58.332223
-90.95477,194,58.907475
-90.606926,189,59.1932
-109.222902,136,59.304452
-96.597148,705,60.148041
-89.60141,151,60.272105
-83.446916,221,60.454222
-197.770825,195,60.748066
-76.041419,360,61.045382
-91.76579,170,61.318298
-66.464657,292,61.559136
-79.402433,112,61.652723
-104.393159,91,61.860837
-149.636926,181,62.010019
-33.114752,333,62.417421
-89.861958,149,62.53932
-62.796802,315,62.933258
-85.542846,123,63.034591
-69.81599,176,63.181085
-103.535265,107,63.269171
-86.059922,115,63.496314
-149.83522,645,64.161694
-63.840984,366,64.598819
-60.86629,239,64.797677
-92.95849,122,64.898983
-118.190239,185,65.184002
-113.738374,117,65.2803
-33.417486,520,65.844562
-68.435657,169,65.984207
-256.281474,189,66.272707
-105.645016,217,66.453709
-165.2178,171,66.597487
-163.458932,381,67.046815
-49.339927,906,68.066952
-56.597935,283,68.302584
-252.923815,166,68.573368
-225.854138,421,68.920148
-111.231842,291,69.2952
258.434812,1000,70.393057
-136.520567,494,70.938603
-73.829358,180,71.087173
-101.72836,254,71.429669
-70.646678,177,71.576063
-205.094314,244,71.910346
-123.484258,130,72.016831
-37.890019,577,72.63065
69.693476,960,73.693379
-66.240314,595,74.319835
-67.477235,194,74.480767
-134.119908,124,74.715984
-132.518645,359,75.015136
-91.585166,103,75.233596
-43.321042,682,75.935806
-138.560578,687,76.644562
-107.641519,509,77.201405
-139.824605,329,77.608353
5.528133,635,78.271342
-90.187777,311,78.673638
-88.651326,124,78.777063
-111.046874,160,78.912756
-79.390667,187,79.2019
-81.931315,231,79.394524
-111.267206,174,79.538163
-60.46692,218,79.851915
-123.380826,293,80.096769
-72.065892,150,80.355307
-43.859048,574,80.966158
-112.69168,159,81.098526
-47.821272,264,81.452926
26.843999,538,82.031692
-35.354166,490,82.572846
-33.341316,466,83.090036
-22.148866,707,83.811236
-190.628123,260,84.158081
-37.492477,463,84.543686
-102.577525,105,84.762105
-24.842511,420,85.10897
-84.70835,113,85.335414
-71.124149,270,85.559278
-98.123747,144,85.677634
-89.117178,520,86.246605
-62.296356,230,86.593129
-124.282154,142,86.709286
-92.731265,184,87.015058
27.881204,326,87.286851
17.865964,853,88.302097
-75.97642,148,88.425752
-105.513456,219,88.759053
26.290854,752,89.532807
-80.582581,221,89.711888
-66.845638,348,90.149558
-66.159049,168,90.286405
8.001488,564,91.056721
-83.967333,457,91.430026
-35.050673,298,91.828722
-54.333562,280,92.210857
-84.481925,132,92.319819
-85.694923,410,92.811989
0.062135,365,93.113236
-59.585005,188,93.41885
-91.543808,121,93.518516
-128.418154,260,93.734487
-35.903662,330,94.157494
-54.670001,428,94.674881
-138.262987,290,95.065856
-145.885552,506,95.647723
-139.219438,150,95.770836
-64.547901,167,95.907133
-132.927388,155,96.035815
-107.344007,217,96.366625
-154.594029,250,96.573169
-61.237619,199,96.890262
-81.906171,109,96.980273
-78.785406,419,97.479354
24.236898,725,98.225797
-51.682097,197,98.539919
-67.25592,133,98.64896
-45.962175,174,98.792808
-92.046693,198,99.086855
211.184723,1000,100.179639
-93.559968,113,100.273374
282.587929,1000,101.363648
-49.779391,186,101.516859
-18.072339,337,101.925105
90.499257,814,102.729455
-27.259168,370,103.167587
-78.187995,215,103.346006
-68.688061,182,103.639127
-106.568277,95,103.717171
-192.19268,312,104.107818
-80.152366,129,104.214051
-7.371736,450,104.725601
53.580789,788,105.510252
-164.562868,295,105.885796
-103.968825,130,105.993497
-106.383284,142,106.110763
-54.886036,373,106.555667
-19.562955,483,107.088669
-81.546413,138,107.203163
-109.006086,762,108.099334
-53.356009,148,108.222201
-80.815361,253,108.56199
-8.667855,269,108.782457
-102.253213,197,109.076314
94.084952,1000,110.034504
-89.217766,172,110.308476
-98.873307,217,110.488222
-95.161154,142,110.604719
-47.275286,481,111.13343
-74.163803,124,111.36831
-65.572308,261,111.584554
-71.568746,178,111.862967
-73.685377,127,111.967126
18.984025,459,112.483615
-53.395836,343,112.769964
-58.530658,164,113.038472
-94.499348,168,113.176569
-183.842075,357,113.604202
-88.748696,288,115.932713
-97.619674,120,116.033294
-70.393316,608,116.839428
-82.929096,147,116.957582
-68.00784,135,117.069377
-62.977581,181,117.370258
-19.057081,430,117.724236
-2.878887,256,118.084993
-71.76587,149,118.206281
-48.602436,284,118.588175
-92.580207,124,118.688858
-9.941417,492,119.249117
-69.290479,247,119.453207
30.225875,443,119.965891
-64.643341,165,120.253392
-30.635853,270,120.474408
-99.381802,172,120.768602
-63.136944,258,120.977633
-62.796604,140,121.09108
-41.177666,437,121.604191
-15.211321,269,121.975893
-60.927504,202,122.142512
-78.472538,127,122.247145
-98.009664,130,122.504069
-98.650768,417,122.853481
-59.132577,429,123.342145
-58.13635,157,123.601725
-13.553321,311,123.859544
-113.031686,129,123.96499
-76.096504,111,124.187813
-49.311831,216,124.36517
-20.472896,497,124.909107
63.769701,736,125.65485
4.429215,308,126.040151
-77.656118,153,126.167102
-38.874198,308,126.552876
-40.814793,209,126.727201
-49.474459,217,127.038604
-61.606355,195,127.198071
-26.339236,312,127.589834
-19.069756,542,128.177834
-62.239127,147,128.299715
-53.212303,172,128.442197
-58.413502,183,128.72579
-62.793648,145,128.844751
-66.219188,132,128.954121
-4.888009,290,129.325071
-73.558483,107,129.413511
-74.879801,124,129.517808
-74.211714,153,129.776456
-120.555893,92,129.852297
-206.933915,754,130.610214
-59.636212,376,131.056617
41.1677,694,131.765824
-76.064,201,132.062951
-58.750993,129,132.170651
-184.607016,469,132.692849
-25.032411,174,132.836967
-76.178595,145,133.08837
-60.006014,146,133.208822
-70.396571,152,133.335968
-15.012451,426,133.822514
-41.214601,141,133.939327
-37.942361,219,134.252609
-79.984797,487,134.791699
-25.852612,316,135.052769
56.026283,368,135.489361
-44.498529,190,135.647927
170.592036,948,136.711957
-185.904677,910,137.724523
-17.998247,469,138.24505
-110.803655,280,138.481112
-50.97932,528,139.046422
2.045252,269,139.40267
307.441536,1000,140.508977
-100.278557,514,141.067097
-238.485023,154,141.193281
-52.070403,271,141.550729
113.032824,561,142.176168
-9.191201,421,142.675055
-190.633349,93,142.753313
-58.757704,418,143.250449
-123.67072,855,144.113649
-219.524074,261,144.478772
62.60591,1000,145.611467
145.913802,962,146.725093
-167.036743,288,146.962731
-21.032355,539,147.548171
-171.786937,421,148.030003
-162.172127,294,148.403249
251.127775,1000,149.50067
-92.693594,399,149.833204
-3.982511,349,150.257908
-45.256532,202,150.559891
137.338596,440,150.927146
-34.29707,733,151.803517
-85.757497,717,152.529968
-48.119162,141,152.646348
-105.273653,650,153.455562
-22.011125,207,153.626682
-74.310272,202,153.92524
-73.953892,107,154.014022
-60.577814,151,154.139189
-65.85956,246,154.473597
-46.847213,292,154.717169
56.595309,306,155.104374
-165.408678,343,155.387961
-91.174672,226,155.745813
54.133975,392,156.223085
-185.65204,286,156.459692
-43.736974,215,156.789112
-113.656417,532,157.38556
-47.074241,154,157.512012
40.148004,304,157.922712
-42.495256,475,158.313865
-50.113544,141,158.58345
-60.614254,206,158.753495
-38.431815,171,158.897417
-29.634057,495,159.465739
50.216468,764,160.400798
-62.908876,435,160.910545
-39.934758,216,161.086623
-35.064416,379,161.549856
-94.856208,331,161.974148
-26.003499,580,162.60353
-3.583386,217,162.782608
23.813542,443,163.304787
10.432874,203,163.473557
-164.650372,299,163.869665
-94.224157,108,163.958202
-217.216535,181,164.257758
48.984426,433,164.614662
-228.562608,626,165.432337
72.861372,437,165.796519
10.47594,270,166.167531
4.850904,533,166.766863
109.963209,870,167.78455
-17.539795,175,167.926929
-15.066682,276,168.304487
-20.579812,457,168.680029
-89.692157,239,169.031677
25.425735,454,169.555528
-56.239097,163,169.690095
-12.239601,237,170.04042
2.374903,368,170.342483
-176.660015,227,170.685538
-4.133159,257,170.909331
64.728959,616,173.316133
-185.959675,962,174.38635
58.70511,288,174.758868
-74.671326,413,175.234252
-5.228513,213,175.411083
99.144344,1000,176.505631
-4.674201,178,176.652657
365.612567,1000,177.76053
-7.830884,244,178.098038
-79.26661,108,178.192788
-26.670933,222,178.510821
-109.836622,205,178.684079
-1.560222,608,179.324379
91.660807,361,179.756749
108.773678,361,180.189291
-27.666561,156,180.318991
-162.346763,393,180.783924
-33.927749,192,180.945024
-48.345393,559,181.545098
-112.008368,625,182.205496
-14.037059,181,182.486529
-107.003723,218,182.667298
-0.146563,452,183.175996
-33.663423,189,183.334635
25.219719,720,184.202584
-91.91003,306,184.459021
-195.695949,191,184.750357
-240.128176,297,185.000419
-78.138757,248,185.339281
-2.113005,155,185.4679
18.768044,225,185.787324
-37.807092,122,185.888426
-34.335249,234,186.08543
-60.037991,350,186.514086
-66.596129,257,186.727174
42.680571,207,187.043205
1.804376,183,187.197099
-61.936714,134,187.309965
-209.942484,349,187.734776
-36.453061,271,188.096344
-84.695055,386,188.419953
-142.236717,214,188.730019
-146.864683,400,189.202326
63.539061,312,189.466044
-162.659841,232,189.792058
129.849691,1000,190.895422
-60.680059,174,191.043124
-4.665401,232,191.238144
9.18081,312,191.636087
-47.704227,128,191.742404
-62.62684,236,192.082139
-68.687849,139,192.197996
-52.258178,299,192.582733
-264.491381,707,193.311414
-75.372536,192,193.474037
75.88902,267,193.828689
-376.876692,960,194.900889
-22.737655,553,195.497522
7.25087,157,195.628689
2.502843,189,195.788219
28.768273,197,196.085991
31.799925,672,196.783933
336.186584,704,197.671086
271.716273,579,198.300655
-123.525621,306,198.556764
-69.952357,313,198.981391
-158.26972,107,199.070154
-31.828497,179,199.218397
-69.275371,143,199.488422
25.311829,231,199.680045
-70.210568,267,200.062435
-44.082651,142,200.179997
-205.077735,213,200.355194
-66.238674,158,200.636791
-6.899018,159,200.769787
-60.026309,125,200.873969
-86.388905,213,201.204469
43.845362,510,201.782143
-42.010022,146,201.902912
99.142862,393,202.390652
25.707795,382,202.708265
-144.983408,250,203.066341
-54.727709,276,203.29907
-25.890452,153,203.57672
-87.589546,161,203.710164
-243.676804,294,204.104871
-191.812017,162,204.23718
-9.600588,172,204.379579
-4.134007,183,204.683404
3.651598,148,204.805634
62.151967,276,205.185841
46.995703,246,205.390187
-20.622738,273,205.769537
-258.282879,638,206.45816
-225.232881,200,206.621
71.180063,382,207.102804
-6.680075,245,207.307651
83.389893,283,207.690368
-108.063461,483,208.243895
-66.431021,124,208.346105
-14.622086,234,208.712475
32.426752,262,208.930058
-119.71389,292,209.321528
81.78818,296,209.567147
76.831825,263,209.937839
-64.759587,227,210.124814
-1.764202,175,210.42025
-25.810537,195,210.58103
11.959912,150,210.705068
-171.897688,122,210.805465
-50.424914,168,211.098817
-192.869303,201,211.265794
-123.904836,229,211.606046
-0.963332,333,211.881524
-24.737869,152,212.16121
51.041253,351,212.453215
75.43599,309,212.858791
32.876643,218,213.036233
-152.851727,207,213.36459
-45.155117,124,213.466694
-204.547866,223,213.651547
89.328816,273,214.028347
-72.927853,387,214.500277
-3.849219,170,214.642048
55.531464,277,215.022016
67.161274,240,215.219118
38.033104,390,215.701069
-44.15724,156,215.830249
-94.472191,250,216.188678
-25.611406,183,216.341217
-31.974749,139,216.457675
-20.755403,256,216.819895
-40.899051,168,216.958905
-18.977925,300,217.358358
-25.087598,295,217.604805
-28.501836,367,218.063463
-0.818944,217,218.24206
-114.824968,286,218.634807
-29.952723,189,218.792092
56.838557,222,219.128962
7.653298,212,219.304431
13.245668,211,219.48108
24.293915,343,219.919935
-79.544757,200,220.237905
27.706219,339,220.519884
-38.689972,133,220.630975
-19.64293,141,220.899631
-27.641827,286,221.141351
-20.342037,154,221.421488
27.979964,196,221.58408
-212.288658,799,222.547475
-15.864188,139,222.664421
-34.040024,290,222.905416
75.633884,266,223.284691
4.282374,201,223.451694
-25.562621,142,223.722603
-42.446612,117,223.818091
-15.485238,145,223.939371
54.805406,238,224.288916
-107.063105,749,225.073729
10.977989,174,225.220713
21.500683,287,225.619719
-178.204856,271,225.847012
-240.68527,943,226.943855
-14.171487,338,227.381919
-10.426392,152,227.509899
-13.827798,255,227.876201
-57.902647,113,227.969603
37.38254,249,228.17859
-22.783703,160,228.464906
-38.284251,139,228.582511
65.625445,226,229.61009
24.354519,188,229.918131
-29.164296,176,230.065998
-26.838416,133,230.177208
-57.790593,214,230.510737
43.525274,202,230.681106
14.22269,270,231.064691
1.135016,190,231.222903
95.263406,314,231.639468
-10.56887,365,231.944541
253.507948,1000,233.10176
-210.074311,605,233.916092
-74.876946,327,234.192244
-197.393417,327,234.619493
-7.260222,154,234.747136
6.792207,221,235.083805
34.827714,176,235.231153
-280.489917,440,235.754682
53.21744,339,236.194146
1.392939,187,236.350091
-20.056901,222,236.535244
-98.647788,164,236.824183
-117.796593,752,237.605291
-62.515645,517,238.187172
-5.248505,174,238.330862
44.349492,201,238.65272
-13.794704,299,238.901261
74.713353,219,239.238227
53.761073,228,239.430083
1.415694,127,239.688139
3.776871,262,239.910846
-20.114084,143,240.030048
42.241958,444,240.555189
-132.987545,313,240.970603
-85.167131,714,241.724427
-40.534527,233,242.069634
-34.793068,258,242.28867
-52.299676,167,242.42792
-291.845187,811,243.419178
16.364976,167,243.559363
47.12625,188,243.868455
11.202587,211,244.046077
51.499319,273,244.427988
-201.394076,124,244.530553
-54.582541,126,244.637441
-15.486646,158,244.923215
-250.270735,507,245.352009
-32.283613,144,245.625901
-49.777151,116,245.723023
32.130955,179,245.874128
-64.378746,108,246.122728
-0.373909,225,246.312944
-73.043484,245,246.518376
-9.944198,156,246.801656
-111.328131,295,247.049736
-46.002382,126,247.308705
-30.572177,133,247.421413
-317.424379,337,247.859592
-84.073301,289,248.104112
-29.509878,137,248.219018
17.806275,208,248.54678
-26.126394,133,248.658477
18.612826,224,248.847272
-235.573127,268,249.228233
-17.659087,133,249.340115
-20.753407,166,249.632234
46.078947,174,249.778245
62.014152,210,249.954468
-40.879444,116,250.204742
-12.561121,172,250.348018
-111.053943,258,250.562394
34.587391,254,250.927431
3.235524,155,251.057582
-5.74516,204,251.379875
-45.926844,175,251.526416
-37.440082,340,251.96307
-15.369982,301,252.216098
-233.768326,611,252.881021
-66.120773,154,253.171033
25.444214,187,253.327615
-220.236174,420,253.834308
-95.26545,146,253.9579
-12.679509,179,254.107732
-23.650831,211,254.435803
-49.530193,143,254.554504
-55.310386,326,254.982427
-65.724921,105,255.071565
34.05927,245,255.433442
101.493474,331,255.708638
-7.349067,177,255.856055
-4.612862,179,256.156049
3.503494,133,256.26957
-30.45344,205,256.576067
34.843336,206,256.751124
-30.140174,155,256.88151
-36.313662,129,256.990769
8.749088,262,257.341846
-11.80784,131,257.452354
1.103943,160,257.719643
-90.183307,188,257.877965
5.512795,142,257.997288
157.702398,418,258.481956
-39.535269,171,258.626857
-22.677401,359,259.062122
-194.177406,728,259.802379
2.292171,446,260.308439
-270.436363,461,260.83518
-4.085153,628,261.496714
-3.98207,503,262.051821
-27.36611,119,262.284563
93.434126,311,262.545525
-386.434516,843,263.51794
-140.037891,1000,264.619087
-293.885775,587,265.245382
-75.815894,757,266.142142
15.138794,930,267.051016
11.738324,312,267.445424
-34.884752,127,267.550365
110.147048,464,268.070884
-225.511201,835,269.037664
-17.799063,214,269.217225
106.411521,1000,270.338131
25.118318,257,270.685475
46.25502,294,270.931423
-35.065791,268,271.290381
-123.175692,1000,272.397143
-98.735224,497,272.946687
-223.290577,1000,274.052355
-2.885391,143,274.17201
-6.281897,258,274.387327
-5.502486,630,275.194043
-136.29928,526,275.770289
37.498088,187,275.928366
-51.293818,291,276.30737
-133.671303,803,277.114382
72.862754,290,277.491587
-6.324461,132,277.601195
29.353346,584,278.225768
-323.012796,1000,279.327164
-47.584609,234,279.524335
78.61368,915,280.563565
69.716502,485,281.106347
169.304643,924,282.150329
49.028595,231,282.343711
-97.022899,250,282.688624
-158.801349,194,282.848307
34.161427,1000,283.958067
31.688178,198,284.257501
109.719299,269,284.484759
9.495182,519,285.055517
-2.224567,195,285.364698
198.84547,745,286.619451
49.186543,253,286.965036
-153.303479,190,287.12531
71.195564,527,287.700814
4.343003,608,288.342514
-2.8864,260,288.692958
-45.290819,157,288.826127
-35.403535,142,288.945642
55.653547,251,289.288821
14.138075,253,289.503044
-33.403626,167,289.777031
36.38755,288,290.020877
-147.221791,736,290.92221
-241.561123,947,291.854672
297.318038,984,292.95146
534.337751,1000,294.060911
-191.91968,307,294.451538
-129.520322,252,294.66646
-139.897176,174,294.94659
-184.409418,227,295.138038
45.50665,219,295.456785
35.709562,592,296.088075
-44.87622,120,296.189547
-132.382275,213,296.368192
-6.919034,416,296.875602
37.80385,161,297.030272
30.725444,254,297.399905
15.713593,261,297.773061
-22.055828,140,297.889208
72.128593,1000,299.002467
-48.169343,182,299.156344
-23.702242,447,299.683588
74.345303,267,299.907839
228.065497,640,300.763753
266.737409,807,301.598549
581.080655,1000,302.750305
-15.48363,220,303.088614
-41.695903,184,303.239667
-189.304934,183,303.391965
25.961219,277,303.779094
242.230841,630,304.458873
-102.709554,133,304.567864
-19.074248,175,304.866921
-39.57934,242,305.07144
-52.417157,142,305.350322
176.77085,1000,306.371962
-46.401818,135,306.636844
174.2469,420,307.140399
-88.560768,158,307.272184
73.659935,325,307.698349
-38.707829,165,307.83492
-13.151863,147,307.956183
102.981309,410,308.451278
125.530975,392,308.933813
-23.259397,260,309.150972
28.125231,163,309.441936
31.544155,171,309.584965
8.851641,177,309.733158
-155.004323,290,310.128735
-73.722549,219,310.310633
28.729464,412,310.808516
124.466393,289,311.209674
63.524195,258,311.426946
81.272465,271,311.80591
50.844394,263,312.025723
31.662009,1000,313.172227
144.164055,391,313.652467
248.702044,952,314.754503
242.298982,1000,315.89781
-25.556468,160,316.030949
60.97284,325,316.464533
-42.42552,204,316.635104
99.267302,302,317.038858
149.453604,441,317.406649
47.797428,222,317.744017
-9.362163,132,317.851189
5.550917,177,317.996051
20.005681,148,318.270266
86.00078,246,318.470785
221.707265,576,319.101859
68.423265,239,319.452329
-24.217644,164,319.588694
34.474172,338,320.019079
15.947331,141,320.135911
29.973009,170,320.274987
27.209826,193,320.58629
2.678283,143,320.703759
-139.649869,402,321.19383
27.52315,171,321.335482
123.285356,259,321.685756
91.378746,205,321.858288
-146.883402,488,322.399395
-59.042363,347,322.819289
50.302428,705,323.543639
202.141337,556,324.14113
54.00008,435,324.634595
-105.489995,257,324.977977
-13.126168,207,325.149488
32.397518,208,325.324372
16.290802,170,325.598577
-65.084694,313,325.858633
106.761214,228,326.182316
52.018074,354,326.478772
33.091237,243,326.812863
45.971659,426,327.301116
-100.270308,330,327.576444
51.020574,269,327.940057
-122.456201,238,328.136953
-25.585069,168,328.407948
163.286506,878,329.275077
-167.119069,237,329.602868
15.420431,206,329.773767
-12.354786,226,330.095546
105.061574,261,330.311089
6.091055,388,330.767404
103.935998,260,330.983027
95.586109,241,331.316727
-130.952015,276,331.675786
-11.754308,160,331.809515
64.563256,313,332.070248
122.773821,449,332.578527
-270.454539,114,332.806291
97.333086,329,333.080384
3.632403,280,333.446119
-39.596961,142,333.564399
-233.48171,426,334.051458
-70.097853,307,334.30998
-142.697753,229,334.631186
100.673358,300,334.88179
-67.151283,159,335.147093
79.566604,435,335.644564
24.311861,177,335.791715
-61.128767,184,335.943319
-106.671,282,336.311422
2.865758,175,336.45766
-56.971177,387,336.911901
-21.79549,185,337.067089
-41.009745,109,337.292164
-142.685971,82,337.359585
81.818227,307,337.615237
-86.171844,330,338.021496
-73.212663,582,338.640066
40.507747,337,339.05564
-94.221384,123,339.155952
-221.579271,294,339.532966
-28.440081,113,339.627345
-7.727669,189,339.783821
-126.436714,395,340.247146
-49.320954,131,340.356591
-59.150678,126,340.460301
-157.167787,252,340.801971
-33.229163,145,340.920193
-39.099402,220,341.239281
23.113712,177,341.38611
-81.468348,123,341.486994
-8.050535,215,342.873668
-4.284298,269,343.100569
-37.8584,217,343.414023
-41.984365,121,343.51512
-17.528657,258,343.728332
-165.36196,207,344.031713
-95.812097,475,344.558498
-4.275637,189,344.713304
-75.282189,299,345.095091
3.606254,163,345.231819
-22.675966,151,345.357123
-51.569636,133,345.466677
-38.758877,146,345.718217
95.166504,283,345.953238
206.787844,1000,347.055787
-35.63843,310,347.45014
-35.736153,181,347.601073
172.725334,395,348.064091
-8.046985,160,348.198571
219.325802,697,349.051477
116.695765,527,349.621172
-71.753825,167,349.758952
-119.149839,777,350.673496
-16.873885,384,350.996231
-85.294908,227,351.320901
-204.558277,853,352.16642
34.576425,374,352.61023
131.637965,926,353.658505
55.554545,339,354.078087
318.289448,691,354.797752
41.411014,1000,355.909177
-76.693596,413,356.403416
-221.284025,155,356.532653
-9.49574,240,356.734442
-28.564935,137,356.980885
-5.262491,376,357.294606
71.766451,308,357.703788
88.521096,388,358.164833
-10.412604,663,358.860416
-77.011894,255,359.207358
-23.301022,166,359.344843
3.537039,194,359.506109
-84.240178,110,359.731046
-48.957331,147,359.854513
-24.259517,142,359.972102
-39.915644,517,360.537668
9.719441,208,360.845266
139.839999,677,361.54716
49.531969,334,361.959704
-21.123156,144,362.081538
-15.948522,144,362.20129
-260.162949,748,363.103031
141.355506,398,363.435967
-106.892213,284,363.806961
-34.825147,161,363.94269
232.153161,694,364.826842
235.030795,1000,365.963866
374.260261,1000,366.932028
61.941068,644,367.753912
24.631691,366,368.060211
132.071924,587,368.819125
384.919365,894,369.711674
28.179015,703,370.570423
-79.765727,119,370.671802
-34.559445,219,370.858753
-32.120154,363,371.30199
400.883236,1000,372.420873
164.025247,603,373.061038
-82.548851,89,373.135286
455.366265,1000,374.247408
-27.328494,227,374.569428
43.126074,918,375.606305
138.485011,1000,376.7246
120.39233,810,377.541289
37.611046,213,377.855488
173.705984,470,378.252439
410.138486,1000,379.365708
227.741194,626,380.175231
303.461285,1000,381.295546
245.206673,541,381.906067
-56.484427,216,382.08409
-16.305948,215,382.267568
-288.222752,852,383.292191
-11.226566,360,383.745507
58.860402,229,383.938417
-25.835097,476,384.492375
-28.067439,157,384.778174
-65.869663,111,384.871163
91.754405,295,385.122144
107.12075,655,385.990252
-95.722463,1000,387.139623
229.650825,563,387.768521
339.061038,1000,388.925766
-35.301519,1000,390.071196
61.404158,269,390.297313
14.111997,256,390.66239
93.00096,611,391.325662
-83.837246,426,391.838646
246.497942,545,392.454551
-40.99874,591,393.108876
198.468976,611,393.768024
97.774487,399,394.254851
95.973719,370,394.719594
-34.180026,384,395.042582
148.123306,385,395.522008
30.148762,562,396.146338
304.805655,851,397.171967
-51.622456,257,397.389267
-26.126128,200,397.711542
31.850862,191,397.871621
-92.106878,347,398.317976
-32.849489,144,398.439844
48.433421,676,402.652994
653.53737,1000,403.806644
472.192482,1000,404.953685
20.653781,542,405.559637
447.965688,873,406.585397
94.854498,291,406.962749
35.282355,738,407.713776
126.109244,384,408.168702
68.403427,315,408.431878
-189.351859,137,408.678167
653.998589,1000,409.826584
-133.393635,484,410.362821
-101.420379,216,410.542992
-43.934234,257,410.758045
-210.067256,568,411.503946
-129.016638,129,411.610985
35.17615,406,412.089064
-113.874415,231,412.281181
-98.353629,199,412.448573
-45.862673,381,412.902111
-22.755001,336,413.317178
-131.831672,274,413.550195
-54.070437,197,413.847039
53.99113,274,414.079806
-8.287315,191,414.37304
42.267954,278,414.607207
580.357245,1000,415.713798
33.526514,163,415.851124
23.700862,215,416.167519
-31.413227,318,416.567882
343.999503,630,417.227639
33.652929,660,417.914919
-220.927049,209,418.089322
-162.575937,192,418.383009
213.212493,707,419.111834
-64.915569,317,419.508456
112.306568,747,420.281809
230.207179,438,420.784853
-56.529134,212,421.093891
-45.647205,470,421.49089
-21.815827,363,421.92608
-63.551292,161,422.061771
-86.831294,165,422.333364
66.144803,394,422.797373
71.53769,308,423.05747
132.177743,431,423.553391
14.087461,254,423.900728
107.515463,844,424.739012
-118.424663,583,425.363746
-97.85289,202,425.665689
56.990591,304,425.921337
63.267713,220,426.239255
-124.646275,200,426.408588
19.852298,311,426.804398
14.109575,185,426.960367
-61.181092,280,427.329629
54.318261,308,427.586002
-164.564841,207,427.891306
146.938874,347,428.186477
5.906434,418,428.672092
-23.02102,136,428.787048
39.872342,189,429.079046
-31.39799,216,429.260128
-16.559258,156,429.391278
64.94828,209,429.698999
-82.666821,402,430.171489
107.129179,211,430.350916
39.7711,411,430.830458
-192.195602,249,431.040435
-55.1072,177,431.32478
-43.342484,113,431.422359
47.086417,256,431.639003
-154.475861,359,432.077322
123.90447,270,432.440963
-91.277779,203,432.613361
110.471571,323,433.019339
30.627889,899,433.913951
227.832836,475,434.473764
-10.485718,168,434.76499
-124.396863,502,435.3513
65.716547,203,435.522207
143.110291,292,435.921665
-27.55745,149,436.045864
-214.349998,370,436.510399
31.947323,216,436.690902
76.845972,310,437.100695
34.005386,181,437.252102
-244.718878,554,437.868166
178.008461,622,438.542121
19.417667,153,438.822086
57.68193,283,439.062931
-31.650172,619,439.733494
679.431126,1000,440.899158
-56.932504,211,441.230287
130.3306,258,441.450144
68.152552,214,441.784258
64.465279,326,442.060307
32.786776,232,442.408571
-91.42892,312,442.673279
77.464385,219,443.013755
39.164582,186,443.170066
127.36323,299,443.573858
-22.492778,161,443.70702
25.714727,166,443.847062
80.970363,281,444.239319
-50.679219,145,444.361339
98.549457,259,444.726356
-111.037313,379,445.197558
8.418532,312,445.461258
7.278249,194,445.623794
52.863544,204,445.949699
4.330773,180,446.102235
102.351061,305,446.52104
17.449666,188,446.679312
45.154147,562,447.303777
-11.709007,167,447.59551
67.52775,220,447.78334
29.869195,198,447.952132
141.110785,393,448.438016
101.877398,228,448.785611
-141.021124,304,449.039254
-35.146635,141,449.313046
-22.625524,183,449.46744
8.076229,176,449.616151
18.062544,197,449.934737
-8.480516,148,450.058855
-33.673354,124,450.164216
43.016203,188,450.476439
77.455242,337,450.761957
12.433456,170,451.059991
-258.437411,277,451.291559
38.395223,176,451.440357
69.036552,317,451.86149
-185.587327,484,452.420826
125.986893,316,452.841415
-135.1199,324,453.117036
166.56112,534,453.725189
-89.771934,206,454.050589
-113.22603,422,454.403789
88.223814,292,454.802501
-99.080402,214,454.981522
-52.193915,169,455.274457
-27.037849,151,455.401742
-69.956401,133,455.515263
-22.948979,175,455.816199
75.625173,243,456.02369
31.440528,177,456.3276
-34.591936,161,456.462224
88.773266,261,456.682098
28.912226,216,457.017362
-15.925702,163,457.153409
-1.137112,251,457.521651
-44.992353,122,457.624754
-39.062869,150,457.750696
25.818063,195,457.914358
-50.082773,110,458.15918
-20.626406,277,459.257432
-31.747388,224,459.598811
53.1503,336,459.87729
-39.507136,271,460.259998
-37.345059,114,460.35512
-23.305366,150,460.483732
38.050487,340,460.909208
-17.853665,185,461.065955
25.89866,159,461.335326
41.430394,422,461.85794
-16.060364,253,462.07016
44.36873,205,462.244292
-2.577887,195,462.565914
6.488502,186,462.72156
81.322119,297,463.12536
113.613878,267,463.348939
132.883124,365,463.813706
-123.542716,405,464.307141
-227.712726,353,464.603087
35.472999,217,464.938942
-12.675733,185,465.097681
-128.98247,346,465.546825
-26.319828,175,465.692551
67.031323,261,466.066946
24.31543,188,466.227094
44.769513,190,466.542238
-257.643228,577,467.180815
56.383264,171,467.325289
-116.427284,462,467.869617
116.97429,243,468.071437
96.189088,261,468.445795
55.044044,223,468.630831
15.882746,250,468.993009
74.682153,349,469.281893
36.841754,368,469.742198
121.881253,386,470.218348
-64.089475,195,470.378937
-49.764556,192,470.694925
-77.318873,192,470.854817
-50.162792,314,471.273863
-50.181623,182,471.423641
-1.814455,197,471.585976
-67.734842,236,471.937165
27.596882,254,472.148995
-21.75537,156,472.432317
-54.087948,207,472.60854
-29.402245,153,472.737011
25.286469,184,473.044974
45.683889,233,473.242143
-247.256164,105,473.328771
-35.815389,198,473.65026
-21.572803,331,473.926919
-27.143441,169,474.222257
-2.417002,170,474.3637
-21.616484,152,474.492883
-25.094567,224,474.837947
-135.389874,172,474.979354
-62.18809,205,475.30897
-188.598686,300,475.558753
-90.393091,123,475.663193
-67.665174,158,475.949858
38.386263,187,476.106303
-33.173933,138,476.221263
-84.372352,175,476.524958
-117.764792,314,476.786266
10.13766,346,477.228703
-92.152539,92,477.304094
-68.707121,119,477.404338
-37.705854,129,477.667136
-97.557969,208,477.839561
-6.291049,224,478.025256
-96.829424,306,478.435423
-13.070083,218,478.773857
-23.258944,212,478.951858
-18.097408,135,479.064355
-136.220572,233,479.411563
25.875264,184,479.567015
-55.782408,132,479.678934
-116.311763,122,479.781732
-181.826759,272,480.161256
-24.352759,169,480.304769
14.906879,237,480.660537
-23.215293,197,480.825742
-109.408049,223,481.170001
6.102495,296,481.417002
58.539511,183,481.731274
3.225308,134,481.84268
-45.02777,157,481.971976
-52.375413,132,482.081647
5.080733,138,482.353735
9.470175,147,482.477632
-32.465923,133,482.588242
-68.641856,133,482.698544
35.125456,192,483.016769
53.620488,215,483.195845
-85.898743,162,483.487386
-0.376313,247,483.694319
28.908372,176,483.840661
-6.010834,136,484.111961
-10.387734,147,484.234646
-54.287449,128,484.344059
-57.851039,122,484.445789
15.083594,167,484.739021
-3.97543,147,484.860702
-109.743164,120,484.960349
25.604364,157,485.249229
15.699141,179,485.401063
-91.631872,253,485.609663
-55.313104,211,485.939108
-78.913573,162,486.073766
97.962566,350,486.52533
-255.745366,261,486.744622
-104.744248,217,487.084274
-5.75785,188,487.243748
-3.860252,243,487.60384
-10.069341,147,487.728554
-56.148976,206,487.900534
-51.571384,156,488.184523
-17.474745,195,488.347901
-194.320928,182,488.498764
-73.738069,151,488.776362
75.54359,229,488.968346
-38.911475,164,489.10529
-232.438538,223,489.444992
-2.743601,140,489.564046
-78.0628,130,489.672535
56.527437,355,490.124795
12.316595,170,490.269357
-121.511973,193,490.584286
4.932422,171,490.728063
4.684838,124,490.834334
-37.540517,284,491.227327
-51.613148,114,491.324365
-73.814462,208,491.651759
22.264914,170,491.796955
39.443141,229,491.991003
-89.362596,168,492.283475
-113.512208,180,492.433041
-18.277244,192,492.593844
-36.157717,205,492.918324
-218.403906,102,493.004262
-10.19372,155,493.137873
25.101811,154,493.41134
47.316466,207,493.585697
-42.655333,155,493.715689
-14.957988,129,493.96321
-61.490179,176,494.107773
-85.645772,172,494.255114
91.937852,221,494.579469
-72.46573,220,494.763753
-134.78133,219,495.085449
-191.6335,66,495.140737
-107.042102,149,495.265955
-119.073432,90,495.342778
-48.1501,229,495.669318
-132.448549,256,495.884514
51.236756,252,496.231621
-10.994653,200,496.400377
-77.881262,122,496.500989
-259.19641,220,496.819761
-32.85317,203,496.99153
-7.790051,169,497.13031
101.58016,486,497.675399
31.413806,371,498.125268
-153.050992,394,498.590842
10.207204,167,498.730562
-193.423614,189,498.886553
114.315851,298,499.270961
28.456491,192,499.432327
-48.070069,136,499.679104
31.763174,193,499.842712
-9.837639,161,499.977616
39.256498,290,500.357359
-26.473882,117,500.455644
-50.556808,280,500.822924
43.510584,242,501.027454
21.189409,207,501.335525
-199.244078,150,501.461004
-3.62103,128,501.569329
-139.055613,467,502.095813
-23.157556,157,502.23018
-81.323302,162,502.520892
-126.035221,231,502.713396
-4.172926,180,502.865552
18.088176,204,503.194652
-94.237159,231,503.385554
-88.777836,139,503.652697
-45.245315,143,503.771655
-82.114369,214,503.951355
-99.126307,140,504.220499
42.873726,234,504.457844
-93.737537,135,504.711249
77.826419,197,505.415811
4.8149,146,505.691592
-205.810196,195,506.059318
-67.799535,219,506.801764
-10.695108,147,507.085004
30.273625,301,507.992405
-1.072468,165,508.308171
-168.154589,207,508.703083
-215.531067,129,509.269379
86.523907,249,509.746938
-37.599691,224,510.496354
-70.215732,136,510.754324
8.481595,173,511.085265
-57.500782,279,511.943084
14.572791,155,512.245229
54.576756,163,512.560753
-43.992193,155,513.180065
-45.009598,136,513.442114
45.268237,234,513.893298
24.99688,189,514.578782
-120.713286,86,514.742524
-28.914799,215,515.155701
-54.895216,205,515.868859
-97.676855,165,516.183512
-53.200799,120,516.411999
-2.087826,170,517.058091
11.907997,142,517.334948
21.451412,157,517.638871
-14.22279,213,518.367241
-84.185376,170,518.691309
-27.419351,239,519.148231
-2.258437,193,519.839668
52.391764,236,520.291954
35.17867,209,521.015404
-39.961232,181,521.355487
69.917009,507,522.558884
-17.851041,150,522.822792
137.13645,557,524.094779
-47.842038,194,524.746331
120.891522,264,525.206755
32.027845,377,526.196058
-146.625464,232,526.609636
65.016908,326,527.459248
-2.287265,162,527.740182
1.354721,194,528.363866
-48.162851,290,528.871136
23.134632,220,530.874203
23.202893,149,530.997977
-7.931024,179,531.151927
6.842,225,531.506066
-2.844978,147,531.626042
-221.539413,397,532.114439
-77.869953,184,532.264493
-215.717165,168,532.570081
-3.702695,522,533.149187
-124.77311,196,533.311575
-35.920508,193,533.470943
54.22837,300,533.884107
14.661167,185,534.035322
-64.133718,239,534.419194
-200.351528,192,534.575631
-115.830209,364,535.027927
-95.890703,138,535.139216
7.282039,275,535.548131
-49.434312,145,535.665457
36.329792,438,536.17983
-168.089415,213,536.35502
-50.977857,446,536.87323
-163.910881,285,537.257428
-184.418285,260,537.469954
-75.303885,148,537.590766
6.845243,170,537.901943
-41.436031,243,538.103333
-68.57564,350,538.543358
-70.727534,196,538.705126
109.610242,236,539.070765
-172.864202,222,539.252363
21.035563,373,539.714118
26.4505,145,539.83385
128.635291,391,540.309582
23.538653,373,540.769028
100.97192,253,540.97839
-145.678788,169,541.285287
-19.39913,193,541.442991
-21.243815,245,541.642193
-23.653664,181,541.959883
-166.749039,201,542.125096
61.562284,350,542.567474
26.498966,185,542.719382
72.518324,350,543.162399
7.599007,179,543.310215
-179.854697,212,543.637983
-147.739618,228,543.824259
-43.862488,216,544.15505
-58.48501,197,544.319073
-125.376163,377,544.781297
-53.524921,168,544.919729
-46.635617,186,545.072299
-77.536479,208,545.396302
-166.453009,197,545.558547
-65.79245,273,545.956614
196.215327,434,546.485283
-47.681974,281,546.716484
-57.37878,204,546.883641
-40.801421,257,547.266341
28.002989,279,547.66305
35.567881,292,547.904043
255.807394,517,548.48894
-103.292091,146,548.609261
-45.181565,196,548.933795
-24.640682,240,549.131152
38.56546,221,549.46641
38.862039,299,549.712079
-57.39801,179,550.031352
-27.76138,144,550.150823
-161.488189,235,550.344253
49.902087,276,550.725371
-50.848449,174,550.868658
24.42795,376,551.328506
-116.174543,445,551.847719
52.508191,314,552.106359
-51.189654,186,552.411505
-66.104751,248,552.615179
-50.143546,199,552.931313
-150.545863,187,553.085325
-26.771397,221,553.268766
-111.137296,201,553.585958
-49.772907,218,553.765665
-129.303605,210,554.092492
-5.588431,188,554.246433
-193.622657,203,554.413315
5.45979,193,554.728307
-164.736907,252,554.935821
-206.681782,166,555.224165
-195.960788,444,555.741823
-125.100213,262,555.957144
-135.554211,282,556.375728
-9.656392,153,556.501128
-63.891412,177,556.647306
62.988,277,557.026996
-62.822063,206,557.197426
-107.051603,212,557.526457
-7.71008,215,557.70505
-148.834681,170,557.844651
-16.131004,282,558.229958
38.227137,244,558.430695
-20.994583,205,558.737223
-162.080866,155,558.865927
-78.758622,367,559.298669
-225.084688,128,559.403877
-110.028787,191,559.560946
-111.327328,191,559.849839
-59.607239,141,559.965261
-118.842612,70,560.023532
-29.218398,182,560.306765
4.162077,182,560.458142
-117.534729,154,560.584986
-90.51854,178,560.862984
-176.321274,155,560.991859
-29.895846,319,561.253677
-212.989943,615,562.026891
5.256112,232,562.217835
-36.276913,134,562.328279
-67.802774,139,562.576451
189.118514,469,563.109297
-136.99504,394,563.437995
-23.977708,158,563.699688
30.412597,186,563.852975
-239.678639,172,563.996131
-158.374551,236,564.322836
-162.933762,187,564.477066
-70.292208,194,564.768879
-317.25587,559,565.361647
14.525685,135,565.473311
-4.193968,182,565.623286
-153.77447,286,565.992388
28.916878,314,566.250701
75.651687,196,566.543791
-92.166366,343,566.827511
-49.40779,226,567.146975
-65.377906,134,567.258299
116.435011,370,567.699785
-17.465939,257,567.912034
-75.973618,190,568.212214
-45.524531,405,568.67896
4.826621,214,568.855355
95.420472,236,569.051382
53.597172,332,569.457973
-105.736121,302,569.842176
131.921474,394,570.168388
-136.258994,87,570.370996
-67.53523,170,570.511888
-141.972515,188,570.668945
-27.174518,252,571.007758
33.37081,193,571.168924
10.066135,234,571.495655
61.80333,237,571.691658
-245.559468,281,572.056533
26.367685,222,572.240438
90.756133,274,572.599716
-38.124799,143,572.717025
-115.048297,254,572.925558
-180.290876,221,573.250651
-25.396124,152,573.374942
-272.545828,796,574.296371
-176.74209,175,574.440537
-53.492086,173,574.584722
-232.138783,225,574.900908
-54.637912,207,575.069771
-23.313437,164,575.336935
-83.681053,188,575.491573
7.463536,135,575.602609
49.63991,214,575.912827
-38.879213,177,576.060476
-50.253732,148,576.182552
53.709442,285,576.550165
-137.488844,150,576.674469
-72.263948,175,576.818062
-175.747333,224,577.134003
-58.97032,259,577.347608
38.611765,149,577.603607
-201.073356,255,577.813434
-43.893909,211,578.120488
-78.664407,209,578.293999
-48.392942,229,578.484508
6.89458,148,578.738336
-46.391989,230,578.928064
-33.945213,311,579.317345
-33.091068,190,579.474109
-237.960507,181,579.623964
-28.603178,184,579.907209
-254.102053,270,580.128692
-168.457171,212,580.43421
15.322315,306,580.685999
66.583013,294,581.059573
-129.801844,298,581.446169
55.256245,354,581.739462
-129.863839,355,582.166022
-62.115472,171,582.308399
-66.680051,221,582.62341
9.241763,255,582.834912
36.05941,238,583.163506
-2.402992,447,583.66421
-210.334803,594,584.287104
38.176516,234,584.479512
-95.055269,211,584.784839
-327.698174,388,585.104706
-24.453212,136,585.346671
78.136056,295,585.588356
-146.157513,184,585.871467
-49.971747,575,587.117175
47.603738,495,587.695245
14.951077,226,587.88186
-151.920335,539,588.477924
-2.805253,210,588.804949
-33.98955,194,588.964776
-39.896236,345,589.398753
2.259538,160,589.532671
13.567826,191,589.688963
51.798271,209,589.990773
-42.526623,239,590.186414
9.66333,346,590.6022
-59.673121,179,590.749555
-54.632109,229,591.067976
-227.476693,563,591.661505
-35.608408,192,591.818758
-75.975411,205,591.986886
-115.504915,320,592.380752
-228.460572,419,592.856925
5.925498,230,593.046204
6.770805,208,593.349745
-166.711228,181,593.49842
-73.595176,155,593.626118
64.10139,219,593.937286
-151.112875,168,594.075045
-9.635017,160,594.337859
-110.340224,282,594.571555
-18.668565,221,594.753859
6.000889,183,595.034139
-25.795183,142,595.151444
-14.075794,209,595.454792
-83.926504,183,595.605868
10.82963,202,595.773273
-79.796647,215,596.082554
-37.616848,102,596.167039
-73.794216,102,596.251487
-19.688549,138,596.364403
-107.409696,282,596.725543
-51.164371,98,596.805814
32.323543,166,596.943578
-278.244202,468,597.461246
59.448356,305,597.843047
-48.15899,163,597.976461
51.03181,248,598.338429
-29.371854,139,598.451602
76.924082,362,598.903413
-89.359821,136,599.013858
-4.968115,226,599.200628
-189.195176,196,599.515567
21.558619,225,599.702046
-143.765953,234,600.051291
-31.518864,176,600.195449
100.850095,225,600.377467
-128.171676,203,600.711076
-18.917639,286,600.94506
-145.789766,339,601.378961
-21.282503,355,601.820318
-31.748298,241,602.016843
-54.080681,126,602.293397
17.978492,245,602.494762
-62.928668,230,602.684628
17.603021,174,602.981572
8.725631,545,603.594656
-62.056131,108,603.683872
38.746754,200,603.846685
-89.580912,174,604.143735
-176.53513,236,604.337011
-2.903396,186,604.645745
-87.826687,304,604.895721
157.91431,391,605.371023
-22.609403,241,605.570144
-3.80243,509,606.155313
0.06342,436,606.669065
-24.618766,155,606.949513
25.452395,198,607.112861
-165.233337,441,607.627695
-108.270583,585,608.289968
-77.308387,457,608.83605
-12.659247,369,609.297949
121.956105,452,609.672797
-209.350938,153,609.956941
7.273114,181,610.105681
-43.148267,106,610.192359
-146.961737,294,610.590251
-56.173051,196,610.750606
-108.510012,348,611.200067
-49.108863,368,611.660217
13.225703,165,611.795432
-214.600294,177,611.940184
-11.484965,150,612.220851
39.761916,192,612.378345
-170.420947,213,612.554023
-183.412612,249,612.921638
-55.995045,179,613.06753
7.180095,245,613.420904
-139.491713,154,613.548329
-226.324909,299,613.949002
-7.849351,256,614.159335
-34.320841,129,614.264822
7.913979,173,614.574964
-25.285734,114,614.667643
-3.11688,179,614.813958
40.517566,187,615.145608
46.585326,216,615.323472
35.416335,175,615.469394
-60.993619,191,615.82744
-15.022462,231,616.017372
-9.31561,198,616.338937
-240.026073,208,616.510012
-218.405792,329,616.954364
-0.613577,173,617.095872
-26.259441,152,617.220484
-75.941282,256,617.584889
-26.097768,177,617.730005
61.667763,241,618.080286
-82.37546,137,618.192361
-114.207454,203,618.360601
-169.878641,165,618.656995
-106.180499,297,618.899867
114.593956,376,619.35273
-56.110987,140,619.46663
-40.818223,120,619.564884
40.628865,224,619.882058
0.004943,148,620.003194
-160.813674,247,620.339542
-3.449418,164,620.473322
-7.680889,297,620.849123
-52.97258,118,620.947164
-116.354396,166,621.084241
0.944348,164,621.217492
-89.838076,160,621.482009
-168.748907,392,621.934608
-11.588272,170,622.07561
-34.342779,274,622.303055
-44.029415,159,622.565444
-77.012708,280,622.794743
8.986586,187,623.07986
14.722019,154,623.207104
-234.395477,196,623.368839
-92.693963,117,623.5954
-20.859469,213,623.770648
-36.371885,115,623.863627
11.908534,176,624.138785
-5.049057,124,624.239295
-36.28487,164,624.373949
-16.503243,123,624.473838
2.834683,220,624.802951
24.378723,184,624.954494
-262.120897,157,625.083972
-17.830035,131,625.323089
-83.078793,245,625.524098
13.803926,183,625.805273
-148.580324,221,625.988031
4.130645,201,626.152163
14.885666,348,626.580897
-226.445792,214,626.765166
-54.632145,239,627.126844
-159.35411,196,627.291584
-12.486081,451,627.801796
-123.220728,1000,628.886329
-56.450341,221,629.232336
-194.705793,180,629.380759
58.461233,207,629.549104
-5.386865,190,629.857608
-132.827165,192,630.015786
-7.119738,145,630.135246
-19.876868,187,630.45983
-175.797005,366,630.760644
-76.648349,255,631.122009
-176.908388,299,631.367309
-174.220676,213,631.722536
-125.695123,86,631.792878
46.013053,1000,632.908879
7.603181,189,633.063397
-150.874311,355,633.50367
238.020622,1000,634.62265
4.184036,451,635.127851
-24.722386,123,635.232106
66.669238,244,635.563916
-65.847956,208,635.736471
-117.023454,295,636.12956
132.344162,627,636.827153
-57.513728,463,637.366889
-103.203444,353,637.657267
-23.550676,163,637.947756
-51.640796,173,638.090477
-141.946016,220,638.427445
-146.795107,521,639.007691
94.425063,232,639.198347
418.631202,847,640.22232
-184.905207,1000,641.350873
9.697665,208,641.522365
-269.087403,167,641.659934
-74.39317,172,641.934923
8.795614,292,642.176315
172.963263,493,643.527747
-38.913357,125,643.630445
-3.959247,238,643.95642
11.018914,230,644.145746
-203.457818,200,644.441572
-220.310792,712,645.15841
43.704037,251,645.496587
9.961885,225,645.680239
-209.399639,425,646.16063
-93.838706,487,646.693937
74.188167,336,647.100669
6.552769,173,647.242381
-5.445289,168,647.381794
-147.57112,228,647.701064
106.890002,374,648.007841
14.409541,219,648.317951
11.495485,189,648.472989
149.084135,416,648.945497
-94.608259,208,649.114607
-214.77473,168,649.434444
83.276808,326,649.702604
-265.58196,155,649.983339
48.797569,252,650.190769
-228.024268,273,650.586483
-217.819794,156,650.714233
-16.588991,164,650.848329
-42.870828,329,651.276032
44.260713,314,651.688213
-191.602398,175,651.833122
-16.430073,317,652.24477
-154.002785,451,652.618828
288.865425,609,653.426105
137.360836,453,653.802545
-206.093812,227,654.149866
172.696741,368,654.604321
-193.584586,196,654.766121
-133.065465,346,655.208623
-41.610304,327,655.475502
-252.489438,159,655.758401
126.479455,328,656.027789
33.42098,254,656.391841
-148.515268,671,657.100712
134.524892,541,657.698584
576.985389,1000,658.830366
-220.308316,237,659.178561
-197.803218,374,659.488953
112.479258,335,659.939111
-225.202705,161,660.071001
62.972991,374,660.531768
1.575209,423,661.034802
-214.808832,208,661.206261
-283.832097,204,661.548348
-276.438812,188,661.702171
-98.249733,281,662.09529
-195.209589,262,662.313654
574.910685,1000,663.475808
-29.114144,134,663.585503
3.350169,1000,664.723414
-214.196881,170,665.019529
26.436863,210,665.189621
144.851037,288,665.577184
-14.914584,253,665.783844
73.776418,598,666.427344
471.306651,948,667.515217
9.167271,168,667.651409
-34.437938,786,668.604952
-2.892594,565,669.217566
24.885649,264,669.603485
66.418775,369,669.906077
-54.914114,372,670.366216
-9.306312,201,670.529798
-32.92199,256,670.922054
-113.786113,432,671.437106
90.284393,401,671.763906
238.632229,865,672.773881
81.999217,480,673.317251
-48.748148,501,673.857058
115.053279,287,674.220631
-227.911072,203,674.385922
70.580054,201,674.548062
54.468114,264,674.891223
175.638051,430,675.373608
-242.108459,206,675.542367
199.594291,413,676.009881
27.527173,133,676.117611
-0.030809,137,676.360141
15.385697,154,676.48506
-84.892624,875,677.462327
-45.917262,411,677.796319
80.41533,626,678.573207
54.141363,246,678.772266
-15.70488,132,678.879651
-16.400463,286,679.242872
99.004394,565,679.835211
229.241938,1000,680.939307
-68.061559,242,681.137659
91.619434,358,681.564442
40.164344,350,681.982531
-67.821561,168,682.120374
148.395665,506,682.704892
-211.235435,196,682.865252
55.060555,200,683.180572
-25.544383,258,683.391864
-210.395224,233,683.742193
58.203841,480,684.286747
-73.800883,122,684.386387
35.194081,265,684.766675
-40.676539,132,684.874557
-0.02216,158,685.002321
-130.920144,171,685.141079
-22.812793,448,685.659496
173.083045,380,686.120986
35.191566,285,686.508162
-45.963444,279,686.734024
-1.276322,445,687.281223
88.003296,246,687.482966
26.570842,164,687.772691
-49.717801,329,688.040289
-50.032573,191,688.351202
23.088956,388,688.826678
62.113319,273,689.048215
-46.789519,187,689.201388
9.624811,264,689.567994
-163.768086,235,689.759655
93.668938,254,690.119053
66.949248,191,690.273904
36.21712,199,690.587862
174.676788,325,690.85284
-16.534872,174,691.189656
-150.164843,328,691.457189
80.45938,293,691.868719
61.505154,999,692.988891
-186.331101,980,694.101527
134.254564,336,694.373718
28.469956,237,694.718496
137.518247,436,695.224482
74.771199,225,695.405999
64.34623,219,695.737022
101.075307,293,695.975925
-237.761151,257,696.338718
-102.484714,316,696.59543
100.932618,336,697.035376
45.717011,349,697.482873
7.016189,209,697.652354
228.723911,453,698.170192
694.383061,1000,699.983209
-7.858988,196,700.142223
32.32175,320,700.553781
-109.498971,353,701.014076
-21.056965,295,701.252925
595.234884,1000,702.37876
-86.995576,291,702.777709
20.488445,508,703.359777
20.029421,243,703.555917
-157.41323,212,703.880612
332.586575,1000,704.84703
-174.699893,236,705.190719
-36.367851,667,705.88569
40.056927,415,706.377998
94.668383,702,707.101179
-149.559141,292,707.4958
173.407858,849,708.494733
-83.854999,252,708.699135
60.363474,393,709.172273
-197.982074,388,709.651219
4.791898,308,709.901246
95.600631,414,710.398187
-242.814386,212,710.727017
-231.301622,163,710.858216
86.255932,523,711.447542
-69.716813,448,711.968422
-207.973675,191,712.122285
-9.010101,508,712.685582
-35.43531,347,713.14424
-180.680716,392,713.616393
53.645941,678,714.320286
-217.263582,274,714.543966
-58.900523,375,715.006418
-154.007545,274,715.403353
-253.374153,134,715.51222
-95.528289,271,715.731902
-49.989175,237,716.09302
-52.066711,265,716.308282
-28.851657,208,716.658783
-266.707041,186,716.807945
-197.498328,193,717.118226
-213.591418,174,717.261769
-53.509644,302,717.642511
-145.701266,189,717.794878
-102.144985,362,718.220485
37.927863,349,718.505368
-69.518035,200,718.799042
252.747546,594,719.447333
-191.604339,308,719.698117
-116.092204,417,720.188051
-103.635984,401,720.66703
-150.267955,205,720.833364
-121.189028,351,721.271744
148.239656,393,721.76245
-5.817651,145,721.879698
304.08682,706,722.761245
-230.433694,170,722.899226
-158.483785,309,723.150233
0.653288,492,723.702525
-65.858154,296,724.09422
224.197592,790,725.046164
-125.552013,176,725.187713
-217.176792,252,725.39165
-42.179101,489,725.942109
119.920653,762,726.870008
91.669099,455,727.392375
64.042695,279,727.618282
53.832442,257,727.961022
-216.326073,204,728.126335
118.035801,374,728.579389
-127.4327,160,728.709491
26.116623,591,729.322747
26.682803,131,729.560379
-89.31012,559,730.145019
59.992377,241,730.340077
-77.247404,504,730.880246
-66.215564,250,731.213044
-48.908714,182,731.361287
-197.366879,186,731.513326
-85.969437,186,731.795201
-92.227852,323,732.059017
-49.422931,152,732.313352
24.552513,329,732.579819
-32.890401,179,732.856431
22.087207,218,733.033178
-10.950691,135,733.142554
-206.792589,188,733.425873
-241.22157,158,733.553343
-73.288005,101,733.635742
-157.560968,224,733.949959
152.463634,551,734.591009
-34.188797,145,734.708403
-95.69493,169,734.84589
67.091947,612,735.616019
-138.151714,248,735.816496
-8.145054,160,735.946238
-37.492801,120,736.174483
114.020311,409,736.506685
-259.958613,321,736.898767
-31.431868,154,737.023531
18.463414,291,737.391938
-135.361598,283,737.620962
-154.382632,248,737.951979
60.01949,302,738.197125
-90.678961,159,738.456346
-195.684037,211,738.62679
-62.7382,194,738.915177
-68.016034,177,739.058848
-215.290873,153,739.182484
-79.654293,184,739.464605
-54.606183,136,739.575042
-81.381587,357,739.995659
-128.561496,86,740.067145
-206.289296,271,740.287111
-9.907296,202,740.582623
-37.195037,137,740.693916
-29.744356,192,740.849831
-216.91846,168,741.116403
-42.709047,131,741.2224
-94.257329,134,741.332961
14.529887,237,741.656659
99.037359,556,742.23952
105.77953,259,742.449015
-42.534889,162,742.711022
118.014757,480,743.100465
56.291376,268,743.448892
-39.200413,165,743.582177
67.155369,221,743.891762
-27.06085,155,744.017201
94.475496,635,744.665766
20.725833,197,744.957617
-163.687292,139,745.070035
-150.223721,189,745.224654
19.960878,353,745.642901
-79.39982,116,745.73697
-126.477465,258,746.075859
-206.793178,253,746.282002
0.139043,144,746.399138
87.695845,301,746.802978
-132.974446,307,747.207546
-11.65728,167,747.343224
-33.000259,310,747.75782
-157.843625,193,747.914638
-200.259815,228,748.100296
-80.167276,134,748.36177
-85.382975,95,748.439133
-84.837883,124,748.539292
-31.976841,254,748.880974
-22.34598,151,749.003694
195.49768,355,749.423607
-199.958682,200,749.58622
104.352352,339,750.016851
198.072971,439,750.558945
-135.354866,313,750.814088
-51.803794,150,750.935341
-7.209766,188,751.263253
-181.318389,168,751.399939
-248.256436,194,751.558598
172.964069,403,752.050162
61.816143,496,752.611357
18.189876,136,752.876405
6.785861,138,752.988602
44.204443,178,753.13226
-120.473907,251,753.498484
-95.402191,117,753.593137
-130.778495,192,753.748712
-116.990326,119,753.845637
87.824787,459,754.394207
157.175442,276,754.780789
-51.22021,481,755.921448
-79.521906,272,756.142071
63.526388,217,756.484721
16.907756,228,756.669023
-156.970055,185,756.973002
-1.105755,319,757.232504
53.173737,161,757.514851
44.800853,258,757.724519
53.003747,324,758.146542
-106.437029,292,758.383221
-232.135074,155,758.661389
-102.837956,397,758.983778
19.421237,224,759.302872
-119.687853,167,759.437958
-254.396126,174,759.579522
-323.683366,392,760.028874
-58.225529,136,760.139313
-261.551895,117,760.364716
-232.436367,204,760.53067
-287.904534,199,760.692493
7.718088,258,761.034
-137.952044,185,761.184352
54.363112,233,761.521784
-3.088284,299,761.76524
-0.600267,187,762.068532
-6.866716,222,762.249608
-95.929388,380,762.714805
-223.592198,215,762.890121
-208.711732,178,763.198225
62.196417,295,763.437485
55.09177,213,763.7636
148.181667,397,764.087865
-33.755982,163,764.351308
57.328239,221,764.530527
58.30573,288,764.897305
70.305215,338,765.172296
-22.690765,129,765.409373
-57.190751,354,765.698982
144.454293,320,766.091273
-62.715303,272,766.445024
85.037171,250,766.648623
-12.550791,217,766.825628
-34.092685,306,767.206125
-17.299447,375,767.65213
-41.997089,494,768.247121
85.328039,295,768.486673
-87.901143,220,768.822398
275.831654,507,769.401475
42.754612,239,769.595633
131.826643,286,769.986246
-75.9132,265,770.201077
-135.547151,244,770.563017
44.875117,357,770.852578
-18.104311,138,771.134399
-6.898144,259,771.344706
-22.904919,124,771.44614
-16.204492,495,772.000697
9.411104,273,772.384652
-8.694366,252,772.589186
58.249109,257,772.963923
-130.149011,444,773.492444
-83.508307,838,774.350722
3.559781,173,774.645025
-56.70448,139,774.757601
-1.844982,241,775.105023
-246.881896,131,775.210962
-219.892301,197,775.371226
-13.219931,144,775.489496
74.097624,202,775.815691
-70.389283,631,776.489545
113.189054,278,776.866897
-237.461335,377,777.17374
-68.731593,424,777.709502
-32.255152,175,778.014292
-152.925906,287,778.24787
-84.393778,349,778.6857
-135.144243,263,778.899068
70.58898,296,779.29293
11.848767,224,779.475117
48.774186,195,779.810618
16.958144,201,779.972889
6.499659,165,780.106418
-91.288331,227,780.444066
-195.705306,1000,781.58146
8.187845,158,781.709943
14.133192,178,781.854113
-38.287168,148,782.14092
12.171862,159,782.270599
0.846231,180,782.417922
13.320645,203,782.761914
43.696311,334,783.034846
3.537411,171,783.345201
-52.322334,220,783.52444
62.895817,223,783.861426
-251.478997,167,783.99623
-83.08754,184,784.14546
55.211301,296,784.539462
538.201618,1000,785.665356
0.805664,150,785.787544
-49.941482,268,786.15719
-14.768428,146,786.277083
22.292227,188,786.431027
79.209445,187,786.736581
57.263365,228,786.924224
-13.90768,165,787.059514
32.28796,221,787.386289
-79.265124,195,787.544517
-199.323088,160,787.810151
12.828997,205,787.976783
-220.935984,225,788.159145
-146.73528,765,789.047033
-185.261317,359,789.472317
-4.498032,171,789.611424
-30.635845,163,789.743714
-18.767162,239,790.070433
-25.399705,215,790.24592
-41.716385,145,790.364513
-70.487514,412,790.833818
66.057398,175,791.107599
25.101654,190,791.262328
-152.202257,453,791.764832
-31.273956,119,791.863044
-11.386311,160,791.992585
-19.394574,191,792.280227
-37.324446,153,792.404862
-224.977642,403,792.864299
-22.490083,248,793.066197
-40.440169,205,793.36383
20.079576,174,793.505265
0.391889,180,793.651388
-116.567072,177,793.926973
4.810607,259,794.138638
-14.291113,184,794.419995
78.740744,274,794.644589
-49.986762,424,795.120455
319.634699,1000,796.203329
-75.451409,345,796.617657
-48.755,181,796.765364
-187.023948,849,797.721886
50.064373,249,797.926227
15.049476,348,798.342529
-149.484617,156,798.469598
85.046379,239,798.796304
-125.950798,998,799.873728
-23.136796,304,800.122463
-130.56436,299,800.499937
-156.963784,275,800.72593
151.935325,494,801.262685
-49.945812,180,801.543578
51.155415,333,801.815206
14.219179,230,802.13365
-159.010673,313,802.388648
39.240412,334,802.793526
38.198758,212,802.966272
-31.051021,334,803.369454
46.047371,458,803.87626
-170.791843,480,804.400892
32.880842,205,804.567116
102.902562,392,805.021127
314.290011,1000,806.105249
-51.951398,166,806.240322
-34.795006,255,806.582283
8.124902,247,806.783192
52.77466,246,807.116561
-35.23606,220,807.29622
-22.426895,408,807.761567
37.32732,233,807.951506
-56.13953,248,808.284835
0.433375,205,808.453017
-4.160326,274,808.808539
-102.288773,502,809.352024
-178.715863,199,809.515957
225.605482,518,810.072949
-42.627926,1000,811.562678
-28.688628,255,811.902461
4.131309,623,812.546134
83.477457,272,812.768031
47.436291,272,813.123498
-106.173638,173,813.26429
-58.214662,273,813.620359
-87.380971,214,813.79478
91.846264,1000,814.878649
-205.884114,305,815.259647
-17.449282,535,815.87154
-66.704929,1000,817.009153
23.456296,376,817.473166
-139.181538,389,817.790788
45.15066,314,818.200626
-285.094724,518,818.806045
34.755003,288,819.043174
8.589671,167,819.333461
28.073935,253,819.541605
-108.051113,359,819.989046
-110.605953,266,820.364856
-0.845629,213,820.540885
9.491484,184,820.691574
-178.043682,1000,821.823113
-5.169689,203,822.144288
-97.024516,128,822.250514
-6.255618,164,822.385695
-48.995774,141,822.500924
-2.519695,181,822.802313
-74.806926,133,822.911379
23.191269,204,823.078713
102.360049,381,823.544915
23.517367,322,823.987093
-5.828387,169,824.126126
-27.357359,130,824.232368
-137.503638,229,824.591931
-2.057655,197,824.755632
44.113799,207,825.092649
-1.34383,380,825.403142
101.245965,239,825.771266
48.956208,303,826.021437
-277.688241,203,826.341151
-18.730523,195,826.501855
-91.066942,353,826.960767
-12.378505,217,827.137865
-58.104285,141,827.454113
45.119855,226,827.639364
17.350183,193,827.795439
-100.761988,141,828.084762
-135.467175,308,828.336046
33.804735,185,828.646517
-41.385567,165,828.781977
-30.700653,277,829.176314
-53.179172,196,829.337259
-34.483367,305,829.737528
-62.651608,144,829.856073
82.029905,249,830.060335
-10.797619,1000,831.155456
562.059961,1000,832.247136
13.185028,529,832.814007
7.223956,276,833.171029
25.169981,296,833.413822
-69.73586,130,833.663772
-58.824031,233,833.854483
51.751032,349,834.272058
65.610223,590,834.890404
-9.71435,861,835.954206
48.503272,209,836.125846
20.382523,455,836.685035
-63.166576,154,836.809736
37.46637,200,837.126719
-57.634005,389,837.447237
-274.250663,177,837.744166
-76.390819,123,837.844067
-67.351684,263,838.058642
-172.204054,242,838.408336
125.715761,496,838.984933
-41.804279,216,839.164315
33.921457,393,839.639349
103.02531,327,840.043205
22.064667,227,840.230079
40.598714,245,840.56115
-46.62879,174,840.705055
-49.071623,104,840.789923
14.204456,205,841.094127
-2.145678,251,841.301553
14.17545,189,841.456801
-63.471186,173,841.731158
-12.01517,144,841.848093
1.346978,217,842.024654
-23.711228,211,842.329173
114.464055,887,843.323569
83.092545,290,843.562464
-181.407127,468,844.080998
162.940612,491,844.617228
-28.943171,170,844.755947
133.343704,581,845.496775
9.678709,190,845.654613
-12.633489,162,845.786923
61.762487,217,846.126694
-34.038385,341,846.410274
-37.301176,154,846.670618
-184.945645,677,847.358993
29.339546,227,847.543866
-108.321596,225,847.879836
45.483906,253,848.088708
-8.825547,147,848.366364
-72.93826,385,848.68295
-57.808589,151,848.998134
-135.413827,427,849.347536
-57.981803,144,849.619418
-108.307578,422,850.128577
164.175554,497,850.693502
-42.84111,230,850.883157
-26.744758,192,851.041249
66.133603,309,851.451581
86.857013,298,851.849495
-35.386022,178,851.996128
-33.120292,133,852.105138
-20.791891,180,852.416639
31.136601,216,852.594322
-45.954622,126,852.697653
-72.689805,130,852.804923
-55.242711,148,853.084208
19.081316,204,853.251186
-26.594011,164,853.385989
-45.25647,163,853.672441
-118.294957,339,853.951209
15.502698,223,854.30108
-24.847969,328,854.734272
-4.758534,157,854.86393
-156.61074,369,855.339605
16.012584,252,855.545805
38.409037,195,855.704793
-101.363854,184,856.021908
128.897285,475,856.572166
2.040272,319,856.834731
54.129634,455,857.377081
40.773219,260,857.746357
-51.878528,139,857.862873
-161.275545,213,858.037945
-43.432893,213,858.344211
-93.351116,288,858.581496
121.173371,338,858.992532
-98.307327,102,859.076211
-74.240252,314,859.463925
78.194306,335,859.872874
43.688405,239,860.068056
-10.767829,419,860.550573
-93.61194,190,860.707181
-139.905003,432,861.195493
-266.322605,427,861.677764
45.139561,275,861.904751
-1.976562,168,862.173702
168.730448,450,862.682415
-10.658752,239,862.880576
11.342236,205,863.049231
46.606734,210,863.372212
20.308071,294,863.615085
310.042774,549,864.332702
-155.631712,226,864.51705
-79.371915,227,864.702292
-79.268743,222,865.015303
-123.626636,189,865.172446
3.880292,363,865.604983
-30.90622,254,865.813437
69.326901,327,866.215441
16.197216,252,867.400374
44.186267,308,867.654206
-24.353099,331,868.0589
-24.20854,214,868.234104
-73.269704,96,868.312912
-92.605227,94,868.521064
3.0448,256,868.73352
-64.641803,156,868.861476
1.001533,233,869.184872
-64.467507,108,869.273423
-119.058307,117,869.370472
-18.976828,220,869.685716
-153.981265,417,870.162232
-8.745332,164,870.296306
-3.950481,228,870.483514
121.830628,318,870.877149
29.174637,153,871.00229
-20.766465,317,871.397363
119.132931,346,871.685663
-0.948787,266,872.037696
-4.737006,318,872.432468
44.491907,233,872.623748
-52.222993,134,872.734282
-82.518805,102,872.950182
-77.108215,156,873.080203
-32.287678,142,873.196179
-35.153256,181,873.346779
-55.859001,170,873.617832
-66.717248,134,873.728349
-85.179943,474,874.250145
247.555084,860,875.226098
58.687021,194,875.387227
26.257295,245,875.721791
-27.042875,195,875.883762
-53.582355,100,875.965757
-44.733233,366,876.401763
-67.922876,155,876.528953
-37.022088,176,876.675147
-94.286286,600,877.434562
-55.141953,244,877.636519
-38.402321,237,877.964641
-71.382557,110,878.056275
-52.124387,174,878.199138
-96.568956,333,878.603214
27.974394,179,878.750203
-18.215193,149,878.873168
-59.084829,126,879.108671
15.245872,215,879.285237
-23.411252,162,879.418582
-199.993644,373,879.856128
-68.1424,287,880.225049
-34.916751,131,880.333495
-80.65955,121,880.433342
-37.814544,156,880.69368
-63.828659,147,880.815721
-107.738992,88,880.888043
-65.397437,587,881.50554
-23.849906,143,881.623977
-47.187486,173,881.89992
22.358842,194,882.059878
-207.058266,256,882.400512
-3.864131,183,882.551144
-21.912701,166,882.686917
-23.918615,164,882.952394
-21.059599,124,883.054111
-77.844581,96,883.133918
-80.605028,88,883.2073
-16.808379,748,884.084274
17.675993,165,884.219862
-79.892197,90,884.293792
-6.025968,179,884.572625
-71.402782,119,884.672674
-82.957911,170,884.812511
-70.210367,217,885.124693
-119.596877,97,885.205939
-57.425243,126,885.309419
-45.074972,121,885.410136
-54.199994,188,885.699616
-19.921415,360,885.999918
15.195959,172,886.27332
-81.822277,272,886.495924
-33.683968,153,886.621006
-65.832719,118,886.85062
-40.62417,145,886.970766
-91.012344,123,887.07184
-21.491833,220,887.384782
51.309487,261,887.59856
-268.318773,133,887.713027
46.063433,232,888.036637
-64.934809,140,888.152274
-333.975146,663,888.830803
-57.952026,184,889.11257
-20.665304,162,889.245364
-73.247001,126,889.350434
-192.78306,283,889.733566
-58.321041,144,889.851938
-22.25025,121,889.953346
-44.655909,113,890.177752
7.050005,187,890.332094
6.056051,231,890.522463
2.505087,159,890.786464
-31.357144,128,890.891476
-38.980995,307,891.296001
-42.945168,431,891.650459
-183.068858,239,891.985099
101.708617,398,892.448684
-107.416682,83,892.517492
-9.258216,224,892.704067
-278.844613,321,893.105184
-47.916709,152,893.230398
-25.26202,238,893.559963
-57.678117,292,893.800879
4.89807,208,894.103392
-99.830103,214,894.279399
-0.787899,227,894.465611
19.338412,211,894.770676
-105.283836,134,894.88044
113.659519,482,895.408257
0.918497,122,895.507574
-101.369802,283,895.906801
-30.892393,173,896.047493
-46.663958,105,896.13872
-89.282337,99,896.381072
-63.714776,128,896.49092
0.323546,157,896.620169
-42.532296,172,896.92338
-44.646771,152,897.048538
-53.340784,180,897.197923
31.025098,297,897.615129
186.562533,307,897.867504
-27.499274,272,898.260771
-91.467084,234,898.452851
-56.100233,138,898.723352
-31.06476,132,898.83018
-0.45452,127,898.935452
-32.753699,112,899.027077
-77.981112,156,899.309251
-31.583381,177,899.45538
-59.945834,125,899.557758
-186.235796,201,899.885506
-52.38719,163,900.019033
-64.459595,132,900.127778
-47.582209,123,900.228522
38.875877,386,900.711785
-110.048136,358,901.163564
-66.477704,144,901.282372
23.605261,167,901.419745
46.902297,293,901.815408
-9.654332,371,902.287099
38.490751,182,902.437297
-76.172466,97,902.518445
77.660271,222,902.854648
-230.106217,157,902.984144
-6.869205,234,903.318599
-140.374167,324,903.588298
-72.342911,132,903.696741
-78.240915,138,903.964646
-56.935333,133,904.075662
26.38246,438,904.56961
-15.833437,183,904.720828
1.014414,250,905.080077
-20.215909,169,905.218367
-3.002417,254,905.43208
-130.56477,275,905.813148
-226.466717,282,906.19995
-56.032221,141,906.316906
28.877563,262,906.534284
23.718833,215,906.874388
-94.464131,268,907.098109
-68.706398,129,907.392335
-86.115777,118,907.489703
-82.034881,124,907.593257
1.773339,218,907.772885
38.750179,294,908.18674
-53.564885,124,908.288787
-33.320307,180,908.602828
30.759759,265,908.819864
42.988142,223,909.155446
15.094996,721,909.899982
-191.33156,414,910.394735
-124.21534,215,910.571455
-165.250597,134,910.681499
33.851074,203,911.001847
-69.421497,154,911.128168
-82.178712,123,911.23056
-136.079015,217,911.567421
72.524434,265,911.784528
8.643938,174,912.084332
-78.052444,170,912.224385
16.337095,198,912.389071
-156.7799,359,912.841595
22.656357,215,913.175229
-65.476142,133,913.284392
-182.492184,183,913.435584
-102.046874,209,913.760055
-65.010515,141,913.878027
-52.36118,137,913.990962
18.10277,258,914.383032
-39.7294,203,914.551319
-43.725029,141,914.666315
-122.013159,257,915.028488
13.556598,319,915.290862
-16.802971,129,915.532171
-162.119669,554,916.122922
32.236911,518,916.679522
-240.019068,359,916.975714
-28.067179,141,917.222053
4.485695,193,917.380868
-86.534171,206,917.682844
-51.848522,360,917.979247
-42.69792,108,918.067634
-42.42241,121,918.297355
30.621798,490,918.833582
24.065632,406,919.170902
-42.836993,194,919.459753
-240.344679,601,920.085202
-71.537383,504,920.632701
81.432603,456,921.140683
-143.806455,192,921.30054
-205.543079,693,922.133425
-85.11148,113,922.225226
-39.607177,198,923.597233
-224.336622,348,924.049769
-83.536637,123,924.151394
-78.509578,138,924.264954
-39.51053,159,924.530416
-90.551653,102,924.614201
-122.077881,245,924.815789
-98.083827,131,925.056986
-3.233741,234,925.251601
35.284518,271,925.607785
-14.400106,360,925.905346
-33.24778,139,926.152361
-9.68433,321,926.417897
-20.239131,217,926.731611
-57.661281,157,926.861277
-50.136654,155,926.988367
-23.117505,186,927.274434
-91.614826,276,927.502376
-6.492876,194,927.793378
-75.769084,161,927.927403
-32.077984,144,928.046418
-52.056747,125,928.149261
3.006267,256,928.491323
-30.411006,142,928.61004
-153.636407,181,928.759282
46.445615,321,929.15593
-118.949676,582,929.764727
-29.010087,157,930.025764
-142.367348,206,930.195753
-68.464622,164,930.331493
-171.973154,123,930.563219
-77.78664,120,930.662538
-89.652094,142,930.778537
-47.148541,149,930.901595
-6.258378,1000,931.991534
-59.433766,129,932.230286
-199.924302,173,932.371097
26.160561,433,932.861041
-103.507227,367,933.164856
40.619172,255,933.505825
-17.131871,244,933.707101
-252.547963,176,933.984601
-35.081665,215,934.16262
-265.500262,496,934.704584
-195.0339,285,935.071647
-73.161102,654,935.786353
-158.734439,282,936.171549
-59.627863,132,936.281862
-201.732824,153,936.407728
35.928105,321,936.842817
-80.932701,211,937.016356
-26.927452,276,937.405041
-36.109149,198,937.56783
-77.399768,194,937.726348
-96.085489,700,938.629271
-89.156474,107,938.71704
-204.928721,289,939.108663
-55.184437,244,939.308696
-36.616873,283,939.696789
-58.840486,215,939.872988
-79.541419,249,940.079133
-43.323924,142,940.365633
-88.760231,159,940.497298
-79.790927,112,940.589083
-70.742923,117,940.838461
-113.221185,99,940.919691
-96.596599,122,941.021496
-27.137467,279,941.252017
-19.129726,227,941.614491
-49.988005,144,941.733335
-22.117608,262,942.101597
-80.889102,164,942.237322
-142.487594,119,942.336134
-137.019404,365,942.791794
-60.72455,202,942.959768
-173.450986,306,943.365363
10.006443,244,943.566665
-3.940904,246,943.922744
-80.820869,153,944.049357
-92.879332,121,944.149641
-19.466627,375,944.643845
7.259595,256,945.005979
6.616169,314,945.265254
-85.649915,145,945.539724
-67.346204,150,945.662579
-156.859074,249,945.869471
-259.3767,220,946.206202
-43.263646,179,946.354803
-60.627302,137,946.470212
20.953944,340,946.916873
16.69953,196,947.079087
-19.296059,182,947.387239
62.836517,321,947.654076
10.68527,197,947.973544
-53.229985,128,948.079536
-65.272178,154,948.207802
-98.43338,129,948.489671
-267.438851,258,948.703937
-76.53623,187,949.037113
-69.421658,266,949.256606
-72.717533,132,949.366543
-109.420618,149,949.643046
5.018839,256,949.856394
-249.175627,386,950.327531
-237.479436,196,950.489096
-97.103142,277,950.871692
-25.73743,170,951.013468
-116.988319,170,951.153549
-142.657168,261,951.536721
2.669298,257,951.748774
-48.74249,214,952.080292
-33.917233,236,952.275323
35.806385,236,952.622658
24.212741,278,952.854351
-176.218505,156,953.137455
-118.587737,190,953.293383
-71.843543,146,953.414113
-85.562689,183,953.746665
-155.948356,220,953.929726
-307.329061,199,954.091975
-28.516735,166,954.38471
-182.499802,237,954.581456
-26.635627,200,954.904642
-19.769776,215,955.083477
-23.438941,228,955.427748
-268.720441,147,955.549172
-79.257593,196,955.712165
-28.176937,192,956.032112
-75.823369,147,956.153609
-178.502861,186,956.308303
-174.806381,150,956.433962
-50.027404,202,956.765341
-239.017054,239,956.961981
-118.195045,210,957.290597
-43.917872,159,957.423587
-125.902637,276,957.831436
46.823606,400,958.164072
-73.595678,112,958.420301
-39.416105,126,958.525239
-164.148832,120,958.624798
-97.831854,218,958.961029
-101.613722,242,959.16058
-41.778708,322,959.591002
41.282134,254,959.802451
-6.817616,308,960.211766
-52.53062,147,960.33451
-70.696834,147,960.455993
-154.374685,244,960.828597
-78.344426,135,960.940587
-180.737481,378,961.410178
-57.485642,181,961.561126
-13.548621,249,961.903164
-47.317889,167,962.043212
-21.609541,230,962.23446
-135.773422,192,962.526388
-202.374905,174,962.669429
-49.031938,146,962.790998
-7.668539,251,963.136157
-17.836506,247,963.344638
-64.967642,184,963.664667
-51.892258,340,963.948256
-86.603354,155,964.231594
-74.676331,285,964.467401
-115.205517,221,964.819392
-97.941265,99,964.901764
-57.189359,196,965.064888
-85.880137,118,965.162819
54.79379,234,965.510977
-78.642732,95,965.591431
-86.648078,152,965.717425
-246.110047,403,966.219017
-58.113142,161,966.513447
-105.089229,118,966.61586
-73.298742,170,966.757096
17.108112,448,967.30713
-124.774737,370,967.782629
-19.199542,239,967.98311
-46.033356,148,968.106598
-12.99674,264,968.485567
-18.926485,244,968.688006
-16.229979,170,968.985243
-86.652861,115,969.080111
-23.365282,314,969.499067
-108.444384,181,969.649247
-47.737725,172,969.792212
-108.373473,143,970.082432
-2.273922,284,970.318587
-22.343617,242,970.676184
-8.433285,266,970.898508
14.229147,217,971.230217
-25.117376,190,971.38868
-81.772231,204,971.559272
-76.152912,232,971.912847
-85.997207,208,972.088162
-82.421448,128,972.195102
-100.874803,244,972.557076
-49.438413,393,973.041237
-50.171148,165,973.180081
-58.653265,258,973.39629
-3.049131,283,973.788887
-5.385,198,973.953749
61.541672,350,974.405961
194.119921,919,975.49217
-118.406881,308,975.90279
-79.578282,145,976.02482
-129.995869,175,976.172584
-35.361536,218,976.487177
-90.821056,113,976.582369
-131.482545,305,976.838032
-82.132036,135,977.081546
-157.62479,242,977.281953
-33.558094,241,977.617285
-85.275578,122,977.719028
-86.713584,119,977.818668
-41.154563,175,977.965868
-58.147745,179,978.248105
-72.528234,158,978.379101
-138.191787,218,978.56232
-144.687524,160,978.830665
-109.864235,255,979.044583
-56.229934,152,979.303385
-82.82402,185,979.456399
-74.260059,222,979.643587
-45.395066,150,980.535194
-41.93192,150,980.663078
-78.867986,214,980.842983
-174.141774,207,981.148464
37.215333,214,981.32979
29.638093,232,981.655566
31.787538,243,981.857069
-18.855697,252,982.198507
-74.052722,145,982.320535
-61.517723,174,982.465349
-20.380484,208,982.769424
-47.094278,157,982.89993
-32.703564,207,983.072776
32.128971,304,983.45887
-1.10477,229,983.650486
-18.014666,508,984.208085
-127.42466,198,984.504588
-25.417981,430,984.989879
131.043483,386,985.310939
-72.615002,180,985.591488
-99.165852,118,985.691284
-190.063086,335,986.099467
-60.085811,187,986.254387
-94.512211,778,987.165695
-64.37348,252,987.374398
-58.782318,189,987.53166
-82.194601,230,987.854974
-72.985146,113,987.948622
-3.662676,197,988.112714
-66.213717,183,988.395159
60.051307,409,988.879323
-15.278342,248,989.085741
-184.079383,155,989.215387
-191.381236,212,989.52262
-76.024936,222,989.708437
-129.553711,286,990.079297
-22.70054,192,990.238327
75.940952,305,990.625738
-169.794704,603,991.290867
-60.789888,138,991.408966
-26.943087,258,991.777229
-40.66351,530,992.373525
-10.922672,157,992.503832
-221.386296,125,992.607023
-11.826202,216,992.940992
-94.573025,356,993.23671
-51.791777,153,993.51841
7.014517,256,993.728617
-21.479633,151,993.853934
-30.971261,245,994.235621
-35.754475,169,994.375334
-177.35789,120,994.628256
-55.172464,162,994.762824
-84.311593,221,994.946159
2.765064,221,995.291394
-3.761242,243,995.492703
-56.295846,129,995.600805
-172.645722,179,995.9043
-64.601747,216,996.083448
-72.085755,160,996.399817
-36.018654,190,996.558104
-1.872794,197,996.722037
-4.507693,298,997.120695
-74.779289,356,997.575064
-78.797129,122,997.677572
-79.829241,198,997.8419
-56.032781,158,997.97195
-47.294609,139,998.245317
46.630579,247,998.451419
57.159126,467,998.990968
-232.660971,461,999.533102
-45.508916,203,999.699463
-28.622992,334,1000.145772
-35.669814,411,1000.654513
-157.518673,186,1000.808988
-132.212743,329,1001.233894
-16.374596,309,1001.646713
-34.899997,299,1001.89616
63.686421,363,1002.351941
2.771445,210,1002.525152
-85.210329,105,1002.612715
-23.759601,181,1002.92212
-26.106732,172,1003.064188
-124.915105,121,1003.165231
-40.12651,163,1003.453882
-77.99797,217,1003.633754
-31.246893,524,1004.222108
-71.508947,114,1004.317348
-12.655572,183,1004.623109
-131.214114,340,1004.906498
-82.387978,138,1005.174092
5.451996,237,1005.372068
89.647976,345,1005.811508
4.007636,274,1006.039512
-156.24074,245,1006.376065
-1.632549,221,1006.559457
90.951566,258,1006.907294
-22.272495,256,1007.119722
-101.133819,265,1007.491212
-63.219129,159,1007.622913
-112.810686,108,1007.713089
89.518786,334,1008.150548
-156.436055,151,1008.276622
64.543231,378,1008.746996
-12.541258,157,1008.878434
-35.902744,180,1009.186071
-26.748845,135,1009.299256
63.636234,283,1009.535187
27.79366,205,1009.858986
-69.387429,211,1010.034755
-113.45576,212,1010.372256
-16.507708,329,1010.644925
-89.95679,179,1010.960244
-18.116154,225,1011.147695
-35.627012,166,1011.285436
-60.32723,124,1011.556606
-36.642915,258,1011.771634
-36.44669,167,1011.909754
-18.890825,347,1012.352046
-68.620555,124,1012.454011
-80.274628,146,1012.731336
21.700693,236,1012.925879
-52.128838,217,1013.259071
-25.451211,341,1013.543582
-5.666776,201,1013.871722
-32.179721,144,1013.991302
-27.996639,202,1014.159362
-73.789098,397,1014.651265
98.602372,461,1015.195867
-17.691826,192,1015.357223
-107.173477,148,1015.611993
42.079294,177,1015.760425
-56.289379,258,1015.974072
-25.400092,202,1016.293647
14.808558,230,1016.484892
12.740906,195,1016.809614
-14.286758,199,1016.974531
-73.441899,122,1017.07678
-17.074322,185,1017.386111
33.123444,278,1017.617373
53.533578,230,1017.97391
-54.579509,175,1018.118735
-59.947319,214,1018.297113
28.981017,355,1018.751012
-13.262358,145,1018.870633
-0.345143,222,1019.206759
-8.711008,151,1019.330784
20.827826,270,1019.743967
-86.516201,168,1019.882005
15.972864,227,1020.069791
-52.466657,193,1020.38583
-45.629862,197,1020.549036
-10.537817,207,1020.873171
-65.766144,111,1020.964183
-135.693953,114,1021.058797
1.792706,216,1021.239218
-24.04133,168,1021.565191
-6.502195,227,1021.75334
-63.137294,188,1022.062869
-47.573711,112,1022.155122
-68.65341,155,1022.283608
-52.836562,144,1022.403887
-178.722752,178,1022.707744
-48.596784,111,1022.800912
-6.280716,179,1022.949552
-69.34597,164,1023.236123
-50.368522,255,1023.447232
-26.117148,247,1023.821147
-77.689782,105,1023.908322
-56.236606,132,1024.017244
36.02308,192,1024.176337
-123.083797,180,1024.48
-50.541785,135,1024.592102
-48.153692,177,1024.739622
-35.493037,145,1025.01935
-46.05786,138,1025.133186
-33.332832,133,1025.241845
23.029926,202,1025.562607
-97.253231,87,1025.633941
-3.89278,125,1025.737323
-45.88007,156,1025.86673
-29.906195,256,1026.240708
-56.528156,150,1026.367084
-61.251844,142,1026.484354
-170.048236,151,1026.77016
-47.134994,144,1026.890615
-107.862265,90,1026.964984
-19.410691,159,1027.095438
-106.953543,74,1027.351525
-67.598702,113,1027.445388
-85.020992,135,1027.5577
-105.791074,155,1027.688445
-33.523537,158,1027.996822
-52.041795,185,1028.150517
-65.730707,137,1028.264197
-231.632906,209,1028.59306
-73.605659,113,1028.6864
-5.231418,326,1029.108168
-23.744826,204,1029.278022
-32.120767,239,1029.475175
-159.089129,421,1029.988237
-31.284861,186,1030.29656
-71.266764,322,1030.563357
-53.599006,117,1030.81137
2.313179,462,1031.194955
-93.829927,134,1031.457704
-104.180532,285,1031.693126
-52.433674,215,1032.00181
-45.714296,174,1032.145899
-95.48089,183,1032.296335
-109.198777,128,1032.536013
-28.61976,192,1032.694786
-31.718631,200,1032.860014
-34.379811,182,1033.14022
9.829448,189,1033.297636
-52.010002,175,1033.442161
-123.764108,112,1033.666956
-90.379416,102,1033.75137
-71.563784,111,1033.843117
-252.639657,278,1034.202804
-71.752203,160,1034.335981
-33.657219,192,1034.495044
-82.411016,119,1034.72617
-7.038619,158,1034.856167
-58.990988,149,1034.978808
-93.793201,144,1035.098068
-111.783626,96,1035.309966
-67.898797,203,1035.476747
-12.444318,223,1035.66202
-86.781399,131,1035.901839
-13.832863,140,1036.017076
-107.313631,84,1036.088224
-71.510037,119,1036.187216
-62.868276,128,1036.424418
-269.761036,230,1036.614121
-15.126147,163,1037.140383
-136.360111,194,1037.434486
-36.284704,197,1037.596407
-81.217262,156,1037.725323
-89.095653,137,1037.969902
-199.568668,206,1038.140277
-140.053209,168,1038.279636
-38.283078,157,1038.541541
-103.996652,103,1038.626499
-32.161622,192,1038.784232
-96.37637,124,1039.018724
-42.24625,138,1039.132938
-68.776653,151,1039.257878
-46.790751,203,1039.556549
-53.707565,132,1039.666789
-105.331372,135,1039.777678
-53.457069,118,1039.87469
-30.58795,216,1040.222726
-71.238169,144,1040.341817
-54.915049,149,1040.466222
-68.787207,135,1040.741945
-19.032877,182,1040.892635
-67.208357,144,1041.010941
-71.130468,124,1041.112948
-133.715999,159,1041.420953
-84.892691,215,1041.599353
-113.510538,117,1041.696081
-78.614541,256,1042.064041
-77.314869,230,1042.252963
-108.764853,88,1042.497541
-194.810826,188,1042.652943
-29.859373,162,1042.787801
-189.23953,247,1043.145489
-42.2357,202,1043.313872
-108.004506,239,1043.682638
-30.15272,152,1043.808749
20.865368,282,1044.042782
-35.425239,143,1044.314227
-60.603477,136,1044.42552
-76.460982,395,1044.912494
-46.265861,192,1045.070076
-165.538949,324,1045.492936
-47.978031,134,1045.602863
-15.676077,175,1045.746559
-76.669366,453,1046.272353
23.179411,208,1046.600389
24.706646,402,1046.932373
-46.973476,130,1047.197269
-70.593877,247,1047.402872
6.631374,242,1047.760842
0.066669,247,1047.963882
-16.405228,219,1048.29633
-79.396106,188,1048.451348
-16.59772,227,1048.638943
-21.096165,197,1048.933957
-24.690712,181,1049.083343
-200.684936,343,1049.503532
-11.32459,249,1049.709157
-32.656199,137,1049.821643
-10.086312,153,1050.079654
41.152562,226,1050.264521
129.941101,390,1050.719067
-42.15507,136,1050.832165
-73.184253,200,1051.129255
-28.791942,199,1051.294695
-33.542181,330,1051.702605
-55.171899,314,1051.963141
-82.670143,95,1052.040648
40.177048,162,1052.305098
-87.39016,170,1052.445494
-43.094369,201,1052.742763
-89.791277,114,1052.837523
4.649726,233,1053.030765
55.375768,335,1053.437804
45.03272,248,1053.641327
0.159242,268,1053.990597
67.693864,283,1054.223467
-137.124196,118,1054.453496
8.203439,232,1054.644768
17.40627,249,1054.981119
257.944018,604,1055.611935
40.381098,211,1055.784219
-120.108152,239,1056.111746
-43.426886,179,1056.257761
-114.421353,159,1056.390372
-47.837623,354,1056.816503
-85.775296,133,1056.92679
-97.775511,107,1057.014284
116.01299,445,1057.51612
-60.314297,139,1057.762388
-36.73205,175,1057.906744
-15.679436,172,1058.047139
41.836633,246,1058.381454
-41.67161,190,1058.539268
-42.480264,138,1058.652056
-39.735599,155,1058.912215
-22.736561,346,1059.196844
-58.791011,224,1059.537935
-18.205389,191,1059.694041
-43.735814,175,1059.99121
-83.393981,130,1060.099052
-97.94613,113,1060.191319
-196.662971,269,1060.56954
81.739852,201,1060.734457
-16.162777,178,1060.881071
-91.780327,165,1061.209769
2.001372,259,1061.424242
55.832665,512,1062.002413
-243.596635,751,1062.92346
5.091744,261,1063.140229
-29.269235,158,1063.270673
-83.781506,156,1063.540592
-6.19961,165,1063.677564
-163.995305,376,1064.141909
39.741326,453,1064.668469
-26.331269,163,1064.804647
-6.304791,219,1064.984771
-56.186225,268,1065.339817
-60.190405,127,1065.444439
-21.145294,132,1065.552898
-136.42858,236,1065.880237
-104.866627,159,1066.011815
-6.327961,203,1066.312134
-33.480102,222,1066.49543
-86.929811,112,1066.587494
7.797645,222,1066.902687
-80.823266,130,1067.011047
-28.265374,135,1067.121382
-13.735878,140,1067.237532
-95.240963,205,1067.537051
-63.45511,116,1067.63308
-134.17094,286,1067.999823
-85.603375,116,1068.095578
-105.845077,195,1068.256318
-76.429459,138,1068.500924
-8.591973,201,1068.664856
-40.889139,152,1068.789239
-135.751956,112,1068.882057
-29.627556,160,1069.167179
-46.84193,153,1069.292789
-37.789797,119,1069.391694
-65.324101,140,1069.669771
1.016962,315,1069.929149
-25.131499,143,1070.046721
-34.210582,262,1070.414548
-61.726629,159,1070.545652
-72.952126,108,1070.63422
-64.654028,220,1070.992585
-41.851824,196,1071.15623
-83.765146,102,1071.240526
-74.491914,115,1071.516752
-100.176909,107,1071.605338
11.189309,196,1071.767684
-27.023159,354,1072.216476
-124.753398,303,1072.619646
37.867249,259,1072.833848
-37.967942,180,1072.982954
-70.316725,115,1073.231973
-48.521116,125,1073.334974
16.023052,238,1073.532239
-70.496718,391,1074.028883
49.350207,215,1074.358959
-184.361232,468,1074.744633
-69.996811,105,1074.98587
-47.334174,129,1075.092144
-88.629499,472,1075.630441
-52.252786,162,1075.763576
-8.856422,227,1076.102473
-30.067453,182,1076.251513
-39.16582,177,1076.398204
-34.342048,234,1076.750083
35.236171,309,1077.00404
-87.822298,208,1077.327126
-41.283701,222,1077.509615
-116.358404,95,1077.588036
-138.735559,239,1077.971066
-19.023202,159,1078.103257
-103.289274,235,1078.48314
25.03282,226,1078.669568
-23.891772,239,1079.019366
47.679936,317,1079.280454
-136.890141,311,1079.690327
-44.237136,119,1079.78935
21.429624,280,1080.181542
-14.568879,240,1080.38045
-52.189891,130,1080.486906
-22.106267,181,1080.795365
-66.317093,174,1080.938794
-52.068078,189,1081.094788
-109.67874,192,1081.417982
-69.047096,327,1081.686291
-37.327579,239,1082.034609
-12.007914,240,1082.231703
-40.82812,207,1082.563347
-46.166424,153,1082.690462
-22.891705,167,1082.827721
-24.604556,256,1083.200043
87.692299,184,1083.351955
-123.491809,151,1083.475916
3.049143,184,1083.780295
-75.208983,99,1083.8629
-68.099372,133,1083.973356
34.813819,289,1084.367605
-4.920415,195,1084.527784
-49.220159,160,1084.798358
-56.364256,116,1084.893928
-4.042442,255,1085.106373
-94.053001,218,1085.416814
-144.619814,219,1085.59761
-144.49966,252,1085.937485
-48.129575,126,1086.040899
-133.168817,183,1086.191628
-21.112073,162,1086.458025
-135.285996,175,1086.604319
-9.717636,195,1086.765471
-69.366692,260,1087.110895
-54.090863,128,1087.216304
-119.029594,163,1087.351002
-76.696054,112,1087.596133
-79.325426,157,1087.726373
-115.216408,197,1087.889425
-28.927447,260,1088.261195
10.048735,173,1088.403912
-83.853217,123,1088.50486
4.046225,192,1088.81492
-168.904475,199,1088.97935
-62.769109,109,1089.068464
-53.992691,130,1089.333408
31.395241,314,1089.593894
7.196655,281,1089.983172
-64.621883,127,1090.088017
8.478205,193,1090.2471
-39.217646,210,1090.589534
-91.117701,104,1090.675644
-132.727237,173,1090.817958
35.154637,292,1091.209895
-1.265268,207,1091.381593
-119.070721,133,1091.653778
-197.31225,433,1092.00729
-33.266949,137,1092.290902
-59.009765,136,1092.403579
-108.872752,104,1092.489189
-24.103502,162,1092.62216
21.028949,399,1093.825633
-12.065028,174,1094.125314
-21.613969,233,1094.31643
-35.300066,239,1094.512696
-161.592134,275,1094.915407
-94.81397,137,1095.027755
-80.121572,128,1095.323098
-62.912286,148,1095.445811
-28.891349,155,1095.571156
-94.790886,117,1095.666499
-65.855948,156,1095.947922
-27.081294,204,1096.115193
-101.681168,132,1096.222768
-42.368668,141,1096.499733
-33.413725,138,1096.612604
-83.209982,126,1096.716151
-23.330581,159,1096.846079
-81.817805,112,1097.091467
-11.523381,162,1097.22381
-81.029312,157,1097.351889
-75.818374,113,1097.444402
-88.808961,86,1097.684794
-100.410152,89,1097.757121
-306.295588,288,1097.991669
-79.514613,113,1098.259907
-74.889592,147,1098.379868
-114.738703,114,1098.472794
-77.91913,181,1098.621221
-190.255512,245,1098.996107
-2.203826,161,1099.127045
-58.728034,122,1099.226985
-136.896597,190,1099.56151
-67.429118,157,1099.689866
-52.172473,143,1099.806225
-110.631356,111,1100.050289
-116.985035,139,1100.164726
-70.854232,123,1100.265936
-96.4912,137,1100.37834
-127.376082,132,1100.666987
-41.567664,131,1100.774027
-149.86752,150,1100.896232
-52.952473,120,1100.994351
-61.000696,179,1101.294876
-9.89531,162,1101.427248
-34.876629,135,1101.538145
-34.131707,151,1101.817765
-20.781109,188,1101.970967
-52.996471,123,1102.072145
-108.699737,118,1102.320786
-101.453424,112,1102.412506
-38.192185,135,1102.522475
-85.38873,210,1102.694422
-78.821276,106,1102.938283
-301.801605,288,1103.174025
-35.480109,145,1103.293054
-199.304025,256,1103.656117
-53.147494,159,1103.787203
-39.422684,133,1104.051719
-74.975868,117,1104.148135
-109.24844,169,1104.286336
-73.522568,124,1104.388679
-63.196628,248,1104.761631
-57.300819,112,1104.853492
-109.895219,153,1104.97847
46.550965,190,1105.286451
-29.551493,134,1105.396497
-135.25077,163,1105.528864
-164.855615,160,1105.792611
-28.752868,147,1105.912703
-61.198708,119,1106.010886
-14.077294,190,1106.298227
-111.746958,89,1106.371963
10.915393,203,1106.538646
-86.449027,142,1106.655021
-74.067142,143,1106.903877
-41.492804,253,1107.1134
-30.355056,120,1107.21185
-75.741025,119,1107.443031
-143.478913,188,1107.596914
-104.588418,174,1107.739446
-231.575753,233,1108.060697
-263.148633,399,1108.520144
-71.432695,142,1108.637033
-133.342687,162,1108.769488
-80.680671,200,1109.066655
-130.674546,170,1109.205238
-67.683566,129,1109.310227
-7.227491,185,1109.462136
19.646997,159,1109.723772
-19.075895,306,1109.975809
-100.274989,231,1110.297296
-99.453671,131,1110.404212
-41.97516,222,1110.718969
-61.742393,127,1110.823819
-60.987622,133,1110.932866
-168.230737,261,1111.277957
-76.973188,156,1111.408075
-93.076562,104,1111.494602
-12.630701,273,1111.850283
-85.293758,139,1111.965082
-205.587824,308,1112.218886
-38.57629,223,1112.535585
-27.54155,142,1112.652119
-10.325385,288,1113.02221
-37.151551,287,1113.258997
24.58273,186,1113.54391
-108.484489,187,1113.69825
-47.737255,195,1113.858669
-51.807518,133,1114.100878
-165.080069,242,1114.299526
-62.765266,169,1114.439154
-35.128327,168,1114.708992
-84.860285,171,1114.849893
-105.045981,88,1114.924322
-23.68778,185,1115.206769
-33.584542,132,1115.315869
-15.793484,182,1115.466511
-84.945444,194,1115.78474
-237.977907,254,1115.994498
-28.688388,228,1116.335625
59.284059,295,1116.58049
-89.880615,334,1117.010761
35.185725,244,1117.213107
-35.427395,213,1117.545267
27.430555,273,1117.77097
167.367774,420,1118.28079
-7.339505,239,1118.637632
-147.715643,261,1118.856739
-168.564072,241,1119.212233
-292.679333,301,1119.459565
-52.444632,184,1119.612678
-100.370445,380,1120.079848
-47.242892,324,1120.519276
-13.350357,208,1120.692045
66.928677,465,1121.228402
6.853448,265,1121.601173
-55.10263,330,1121.873925
39.795075,568,1122.498846
2.032857,252,1122.868942
-1.680722,197,1123.031996
-191.994854,128,1123.31541
295.282218,807,1124.140329
63.865136,550,1124.746793
269.080191,743,1125.672776
-25.453935,170,1125.811923
9.276867,152,1125.938613
-334.905329,307,1126.344307
-36.44646,199,1126.510126
6.853171,198,1126.827321
86.849727,261,1127.043021
35.026144,247,1127.414577
-91.55755,113,1127.508207
58.011828,352,1127.953668
178.616188,671,1128.670102
81.976288,295,1128.914587
286.378763,904,1129.970755
54.413891,281,1130.345772
-24.070103,203,1130.513204
-0.414518,226,1130.838901
33.41407,326,1131.110264
32.218016,430,1131.619611
-9.438256,238,1131.970421
35.903517,443,1132.338551
57.884635,207,1132.65044
-120.277284,498,1133.228536
76.04011,328,1133.498992
-33.541465,401,1134.000674
-43.735317,172,1134.298902
3.699689,204,1134.46773
25.490652,201,1134.632998
-137.50304,644,1135.500794
-42.349307,324,1135.769821
-50.11422,125,1135.872382
-6.631634,395,1136.350299
9.731375,253,1136.719926
51.293757,303,1136.971957
-35.452534,244,1137.3308
25.877215,280,1137.56297
-82.230961,100,1137.822293
-51.881476,614,1138.503752
-72.512137,236,1138.699713
41.526809,370,1139.163502
-62.830351,523,1139.758501
57.627005,346,1140.223835
37.646965,356,1140.520452
-22.517681,153,1140.801691
-64.016844,348,1141.090068
-4.724431,146,1141.363745
-30.448241,245,1141.567126
132.746905,465,1142.086193
143.735782,509,1142.641314
-9.555863,158,1142.773076
-64.849849,138,1143.019201
-87.985856,748,1143.774837
64.500685,411,1144.249871
13.191814,457,1144.764745
-66.587396,350,1145.056061
-45.680018,223,1145.371468
193.562711,756,1146.13582
189.978947,636,1146.937877
-153.051707,641,1147.60695
282.31013,1000,1148.704823
135.356828,1000,1153.188903
-302.099757,332,1153.464689
-297.976222,552,1154.095465
236.12913,1000,1155.237206
-330.700168,234,1155.590802
312.646286,1000,1156.734213
-231.975629,309,1156.990174
-275.179765,397,1157.479785
113.36523,1000,1158.622697
209.688224,1000,1159.775045
-44.867867,477,1160.346366
337.483169,1000,1161.49441
-228.607971,291,1161.9149
-74.342194,675,1162.665432
298.983586,1000,1163.813418
226.666608,1000,1164.99298
-242.483806,334,1165.270489
175.47527,1000,1166.419543
-53.781663,870,1167.47141
38.697429,474,1168.021505
-79.290912,361,1168.4806
-169.76375,692,1169.231748
-18.799419,421,1169.744915
-216.525129,339,1170.193696
23.329661,535,1170.795812
36.078756,394,1171.127263
209.646274,841,1172.153929
-210.246587,559,1172.773543
-87.584056,851,1173.793748
434.378349,1000,1174.963508
-9.321417,391,1175.291256
-58.884072,255,1175.661766
-285.638728,174,1175.805776
341.227422,1000,1176.980031
-223.315051,595,1177.631649
3.571068,361,1178.084608
-30.264816,815,1179.036072
68.674835,756,1179.797958
-115.85941,348,1180.220134
36.679329,1000,1181.315665
-144.958062,193,1181.474524
37.66842,375,1181.916762
-217.197488,264,1182.135902
-292.737301,182,1182.418611
-162.331261,502,1182.968896
250.820339,953,1184.021261
-332.952328,246,1184.225649
-75.509042,583,1184.867431
28.421297,260,1185.250269
-0.187519,190,1185.406433
-213.003389,487,1185.977867
4.78104,955,1187.139814
-183.145663,487,1187.704392
-10.470472,272,1187.930012
-284.021058,225,1188.284037
-204.84084,426,1188.791259
-165.738223,412,1189.132865
-17.539887,290,1189.52954
-156.953815,171,1189.674317
-266.586277,412,1190.187219
10.039181,557,1190.805017
-13.824237,192,1191.120138
-170.447566,384,1191.438642
-11.65295,179,1191.751364
-40.361403,144,1191.869439
19.041393,504,1192.438617
-98.491818,720,1193.188067
-183.811482,398,1193.671385
-67.494535,176,1193.982627
-314.504893,394,1194.308279
-48.768369,545,1194.917715
-99.023512,379,1195.387085
-312.147191,218,1195.729507
-21.949045,132,1195.839005
-101.266519,175,1195.983201
297.876226,1000,1197.136918
9.058147,310,1197.54409
-55.365661,352,1197.837425
-134.009735,631,1198.663563
-262.538301,278,1198.891659
-260.502532,773,1199.842877
-51.094562,202,1200.009746
-280.047411,394,1200.487996
51.073959,1000,1201.639862
50.068625,862,1202.506727
-164.559925,218,1202.851279
-69.172097,185,1203.00422
-369.972209,284,1203.392155
-52.274464,164,1203.528206
-156.72517,336,1203.959064
-85.188426,149,1204.082989
-12.392977,288,1204.475232
-83.444016,392,1204.798719
-20.431224,550,1205.410183
-10.805726,493,1205.973486
-35.123353,332,1206.419986
-195.792529,222,1206.758142
-48.830509,269,1206.98008
-45.860356,738,1207.903258
5.76417,255,1208.115317
-21.458206,225,1208.301799
-116.87212,244,1208.657287
-112.24229,341,1209.094007
-120.882991,134,1209.204733
-84.181637,115,1209.301004
-97.938355,164,1209.435717
-50.09986,707,1210.900251
-84.533165,131,1211.011076
-104.243331,118,1211.109411
-24.290656,233,1211.49116
-32.441802,149,1211.613466
-31.416484,170,1211.753284
-61.761835,144,1212.024101
-60.407946,161,1212.157324
-22.516276,246,1212.362011
-145.742747,241,1212.715454
-76.667787,156,1212.844922
-15.96217,182,1213.145605
-148.744294,126,1213.24891
-30.850752,130,1213.355559
-106.325588,104,1213.4413
-6.418431,298,1213.865492
-12.211315,149,1213.986979
-38.591079,146,1214.106466
-63.022158,167,1214.404419
-121.552537,267,1214.624181
-116.789883,368,1215.088977
-52.758913,167,1215.225954
-32.186425,261,1215.593511
-32.316801,142,1215.709944
-85.059126,101,1215.793629
-93.5143,135,1216.083984
-76.154954,125,1216.185747
-56.590283,101,1216.268317
-84.665092,155,1216.396124
-148.753897,196,1216.716
-91.264715,99,1216.797065
-64.738291,99,1216.878952
-79.219972,182,1217.027379
-85.673661,138,1217.293542
-81.634341,120,1217.392051
-47.617986,141,1217.506881
-62.909197,113,1217.599881
-34.758056,157,1217.894236
-70.622542,169,1218.034048
-94.90501,111,1218.124644
-30.955719,144,1218.411802
-102.130438,212,1218.587102
-107.687491,104,1218.675102
-93.75535,100,1218.757386
-47.551549,165,1219.047166
-43.389144,171,1219.188574
-59.640551,158,1219.319145
-42.524302,181,1219.621116
-14.141136,182,1219.771356
-85.549661,112,1219.863387
-49.226134,177,1220.163976
-92.177679,111,1220.254915
-91.342249,97,1220.335598
-57.766484,186,1220.491019
-58.471794,121,1220.754819
-83.181989,105,1220.840305
-74.599331,111,1220.932094
-74.537611,106,1221.018687
-80.164864,123,1221.118542
-79.161376,128,1221.380425
-73.139858,108,1221.468716
-101.10116,80,1221.535427
-102.962007,91,1221.611417
-115.548567,116,1221.705712
-79.58829,123,1221.966205
-140.837024,62,1222.016516
-46.699872,152,1222.143825
-79.301812,101,1222.227369
-102.900731,87,1222.457024
-7.778623,227,1222.64394
-136.123425,67,1222.698595
-87.086661,122,1222.798376
-87.278712,111,1223.041593
-111.293159,74,1223.101884
-7.496286,172,1223.242974
-87.674533,91,1223.317395
-30.254043,165,1223.607015
-78.632444,82,1223.674024
-84.76499,123,1223.775309
-95.921551,102,1223.859007
-100.518691,106,1223.948074
-116.175614,83,1224.017012
-81.598951,131,1224.276903
-111.21834,77,1224.340379
-33.890994,171,1224.482101
-120.426894,89,1224.555483
-28.626152,177,1224.867949
-113.95513,105,1224.953694
-91.620182,103,1225.037813
-79.084149,92,1225.113023
-72.215326,95,1225.349802
-96.917673,89,1225.422939
-124.382479,87,1225.494701
-52.34658,187,1225.648151
-100.958831,98,1225.729517
-82.834284,107,1225.969361
-74.81116,101,1226.054175
-80.486475,124,1226.157145
-54.395868,160,1226.287964
-64.398262,114,1226.55147
-84.175069,89,1226.624729
-101.635526,93,1226.701277
-63.368854,124,1226.802799
-109.249292,77,1226.866392
-92.725001,108,1227.118015
-43.514618,174,1227.261522
-80.028221,117,1227.359422
-110.052484,94,1227.437989
-48.918429,134,1227.701549
-98.738878,101,1227.784437
-18.22454,169,1227.924144
-107.68065,81,1227.990454
-71.660859,219,1228.339088
-105.844043,81,1228.40498
-82.710239,109,1228.494707
-124.017466,76,1228.557793
-104.064324,87,1228.630026
-124.977084,120,1228.885068
-109.753333,112,1228.978015
-67.817032,128,1229.082396
-86.301778,97,1229.162431
-91.982411,91,1229.237193
-87.801143,107,1229.481297
-85.960326,135,1229.591294
-61.068708,115,1229.68699
-103.460036,82,1229.754713
-90.398444,106,1229.992762
-100.514167,86,1230.062777
-109.411019,84,1230.131667
-88.918004,114,1230.224554
-94.722651,97,1230.30463
-81.268484,109,1230.394505
-117.174758,135,1230.657039
-52.362317,99,1230.737926
-86.270519,109,1230.827188
-78.311416,114,1230.919912
-135.272218,127,1231.1748
-90.184995,116,1231.26919
-86.075358,95,1231.348028
-100.659764,81,1231.415309
-105.129743,72,1231.474353
28.084477,211,1231.801017
-112.466601,82,1231.86838
-88.670539,84,1231.936774
-47.17216,165,1232.071228
-96.71989,82,1232.318546
-5.580894,136,1232.42916
28.708215,172,1232.570361
-106.746052,113,1232.663615
-102.682193,85,1232.88587
-8.527894,173,1233.028881
-68.59844,92,1233.104451
-78.77397,180,1233.25155
-97.280782,105,1233.490948
-33.143622,138,1233.603644
-85.098292,164,1233.737705
-75.306354,127,1233.841509
-10.527971,147,1234.115046
-105.287445,75,1234.17629
-70.63932,156,1234.304685
-14.497384,182,1234.631716
-133.586256,254,1234.840559
-62.1006,131,1234.948581
-70.134738,149,1235.226437
15.450277,241,1235.425118
-58.501645,123,1235.525325
-104.124244,91,1235.600089
-126.225731,84,1235.835207
-54.678186,134,1235.945044
-111.918621,76,1236.007332
-106.726695,126,1236.112107
-7.066537,178,1236.415428
-98.412873,83,1236.484369
-54.056633,95,1236.562167
-78.958257,96,1236.639981
-100.365123,108,1236.728215
-100.110522,103,1236.975371
-94.039449,205,1237.143905
-73.389854,102,1237.226919
-62.150424,123,1237.328634
-65.435132,115,1237.602134
-86.271424,389,1237.920564
-10.898784,157,1238.217634
-75.326453,100,1238.299276
-98.686366,96,1238.378036
-53.12823,142,1238.494164
28.365371,193,1238.806447
-62.438605,135,1238.916231
-68.941696,99,1238.998342
-34.542629,121,1239.097712
-75.024918,100,1239.363956
-115.680646,91,1239.438771
-12.553351,132,1239.546337
-90.732209,189,1239.701247
-96.569043,85,1239.927034
-86.357259,105,1240.012731
-26.117184,142,1240.128873
-76.36361,167,1240.266105
-59.952614,146,1240.569318
-157.732504,165,1240.70381
-84.05247,101,1240.786011
-115.754743,162,1241.09582
-42.977124,109,1241.187701
-67.249602,171,1241.329422
-89.728114,98,1241.410389
-49.21987,150,1241.687582
22.376537,203,1241.852872
-149.091528,341,1242.282331
-101.113197,120,1242.381059
15.456325,322,1242.798291
-106.210627,70,1242.855319
-97.066136,102,1242.938017
-94.94417,94,1243.014041
-70.53484,207,1243.182678
-90.710665,130,1243.458595
-140.579186,246,1243.658909
-218.762977,309,1244.064276
-11.218482,222,1244.245932
55.824446,321,1244.660534
-15.377326,179,1244.806519
-26.691944,278,1245.187373
-91.319047,166,1245.32201
-110.052076,109,1245.410993
-134.366697,146,1245.691282
-35.541186,410,1246.025034
-236.314458,282,1246.408752
-84.049111,149,1246.529749
-36.22829,145,1246.646582
-85.583097,279,1247.028234
-85.136666,92,1247.102994
-113.017333,175,1247.398314
-63.892946,143,1247.516111
-14.801637,158,1247.644449
-80.246925,211,1247.978919
-76.511154,106,1248.065523
-73.29269,156,1248.192955
-80.13317,123,1248.292304
-136.335067,173,1248.585087
-74.56366,194,1248.743369
17.413162,185,1248.89342
-307.515548,269,1249.27425
-73.477486,142,1249.389442
-203.947535,216,1249.718468
-56.931864,252,1249.92479
-109.056166,80,1249.98974
-117.573003,114,1250.083043
-8.833198,161,1250.364252
-24.378818,397,1250.847652
-95.431719,121,1250.946233
-172.344635,503,1251.511249
-100.905706,233,1251.700744
15.336571,187,1252.01786
-40.065498,371,1252.321741
-143.8661,228,1252.660369
-32.161949,154,1252.785893
-172.360708,219,1252.963721
-106.355237,134,1253.229551
-112.329769,160,1253.358937
-9.141426,152,1253.482663
-206.138782,357,1253.925613
-41.996798,203,1254.090304
-67.688712,407,1254.595676
-64.750779,607,1255.240077
-54.56763,252,1255.596683
-195.708572,481,1256.141781
3.756608,237,1256.333834
-149.599328,240,1256.683431
67.316395,395,1257.189834
-78.584914,527,1257.773722
-191.030325,174,1257.915985
-135.784761,451,1258.436216
-151.641614,218,1258.61406
-74.526901,230,1258.96754
-46.590431,232,1259.156793
-150.620809,203,1259.487997
-220.671831,211,1259.658354
-78.710418,139,1259.771544
-163.835052,187,1260.085673
-66.540962,123,1260.185382
-86.712912,162,1260.317137
-42.353351,192,1260.627331
-82.428789,198,1260.787488
-130.850133,288,1261.022557
-114.421402,294,1261.438156
22.13678,290,1261.828274
-31.42087,129,1261.933609
-90.977489,275,1262.157696
-26.746621,208,1262.462058
-100.981197,160,1262.59234
-147.009324,310,1262.977886
-157.281148,245,1263.176811
-174.882736,208,1263.475662
-72.60209,185,1263.626634
1.661519,161,1263.756626
-126.715116,193,1264.044499
-135.37365,483,1264.567277
-61.404152,190,1264.72179
-113.319316,278,1265.080399
-8.577068,459,1265.452427
-133.11745,432,1265.934274
-15.244138,230,1266.253798
-169.259611,97,1266.332786
-42.746452,184,1266.48291
-58.930799,126,1266.716714
-113.178456,141,1266.831391
-174.678804,243,1268.065776
-86.118443,139,1268.310057
-55.414338,165,1268.442731
-81.694249,279,1268.668916
-284.266538,224,1268.982205
83.930168,486,1269.509269
35.468067,178,1269.65454
27.252945,226,1269.968976
-174.760105,155,1270.094764
-128.12373,170,1270.232652
-81.964708,119,1270.328858
-60.600926,106,1270.546293
-107.684707,84,1270.614707
18.745045,239,1270.80817
3.274978,185,1271.090358
-58.844453,198,1271.251083
-24.128679,162,1271.38307
-69.660844,226,1271.699671
-23.701464,187,1271.850336
-101.74083,114,1271.944168
-169.490552,403,1272.401544
-77.908477,188,1272.686947
-12.520948,255,1272.894058
-107.056645,94,1272.970049
-19.546979,691,1273.793566
-46.412874,106,1273.879407
-73.459028,147,1273.99878
-74.119875,116,1274.091939
-143.580778,212,1274.394778
-87.062497,224,1274.575957
5.295603,315,1274.963217
-20.831087,231,1275.163485
-101.718119,113,1275.256126
-297.1612,336,1275.682528
-107.960862,73,1275.74136
-87.05146,120,1275.838042
-96.382272,135,1276.110682
-132.215399,173,1276.25086
88.328235,443,1276.784451
-101.691619,150,1276.906278
-88.027174,97,1276.984993
-8.102518,193,1277.294228
-43.087565,260,1277.504897
-24.258744,133,1277.782408
-3.63336,263,1277.997317
-48.149768,128,1278.100703
29.566776,304,1278.500846
66.984099,204,1278.66637
-29.950943,273,1279.050674
-226.921506,298,1279.293411
-306.34924,340,1279.737131
-99.137578,402,1280.217461
-30.182158,305,1280.465597
-368.497334,278,1280.843297
-105.792201,248,1281.045066
93.79988,459,1281.576339
-6.013061,156,1281.857283
109.990098,734,1282.609258
-250.076515,708,1283.453956
-39.639729,229,1283.639585
-84.96793,177,1283.783638
-99.865543,330,1284.201536
-47.535843,118,1284.297415
-35.259506,151,1284.420115
-21.952959,112,1284.664716
-21.116905,127,1284.767277
-159.594794,130,1284.872365
-12.792375,396,1285.345767
-48.854883,201,1285.509569
-107.200103,153,1285.786549
-96.715941,249,1285.988343
-34.858223,114,1286.081124
-102.490121,101,1286.316177
-68.077503,159,1286.44505
-44.964046,164,1286.577454
-75.569575,283,1286.995264
-97.427071,191,1287.148722
-30.473486,237,1287.511369
-41.335011,181,1287.657124
19.104946,253,1287.862455
-17.847279,257,1288.225394
16.72044,220,1288.404404
-135.297917,147,1288.690659
-81.758317,128,1288.794654
-17.895355,156,1288.920585
3.899316,262,1289.28705
-75.412898,164,1289.419438
-125.818393,164,1289.553068
-149.25332,208,1289.874324
-53.91394,130,1289.979592
-25.322966,220,1290.159353
-80.598951,137,1290.423236
-64.301609,169,1290.560526
-33.799777,129,1290.664815
-77.979203,97,1290.742922
-85.332536,239,1291.089266
-125.822211,173,1291.228536
17.912164,159,1291.522924
22.685002,191,1291.678724
-7.062198,260,1291.889994
-7.31871,132,1292.149287
-56.241689,158,1292.277826
-43.650875,170,1292.41634
-33.056901,148,1292.713819
-24.140573,183,1292.86298
-88.393262,111,1292.953053
-46.538397,148,1293.254811
-62.133938,121,1293.352856
-100.822439,85,1293.421275
-74.856349,117,1293.515395
-32.647265,135,1293.624733
-163.266893,415,1294.144412
11.850599,211,1294.468956
-61.434081,162,1294.600826
-84.362163,110,1294.689978
-59.716271,121,1294.788418
-50.275563,320,1295.202365
-194.620936,275,1295.577862
-27.26543,163,1295.710145
-49.098883,293,1295.948197
-14.838923,153,1296.226071
1.550442,180,1296.374021
-43.115216,161,1296.504133
-87.268118,169,1296.796244
-138.095534,304,1297.043878
-72.606815,94,1297.276867
-54.981668,103,1297.360306
-74.816102,94,1297.436628
-42.203382,149,1297.558014
-23.808733,122,1297.656954
-68.391883,105,1297.913319
-60.587219,101,1297.99469
22.853176,182,1298.141785
-1.254508,175,1298.435628
-96.12172,127,1298.538548
-27.223787,150,1298.659872
27.300919,164,1298.791469
-80.479657,92,1299.019755
-66.125527,103,1299.102835
-84.876883,109,1299.1908
-106.476887,94,1299.267795
-90.621601,91,1299.341989
11.711301,191,1299.648825
21.315325,167,1299.784839
-54.182032,174,1299.925993
-28.508822,132,1300.186706
-57.485838,160,1300.315998
-14.359935,224,1300.497533
-38.748969,225,1300.859448
-35.535042,133,1300.966726
-94.631652,226,1301.310333
-42.112062,175,1301.453446
-20.106793,162,1301.583559
54.890493,247,1301.935301
10.590608,180,1302.081056
-51.033466,107,1302.167084
-58.980977,162,1302.450793
-43.86301,141,1302.565276
-68.953547,118,1302.660642
-27.298288,130,1302.765156
-87.019413,128,1303.022266
-42.283008,139,1303.134731
-104.952686,79,1303.198827
-33.251462,153,1303.323837
-69.203494,116,1303.570803
-60.45041,223,1303.751343
5.189529,172,1303.891129
-54.463937,149,1304.163436
-14.290764,152,1304.286542
-48.094755,108,1304.373725
28.719682,145,1304.490106
-43.913195,121,1304.750732
-51.351272,98,1304.8293
-32.428948,147,1304.949039
-98.151877,102,1305.032095
-104.954286,121,1305.283323
-82.416462,133,1305.391673
-38.487762,166,1305.526082
-81.064922,112,1305.617342
-102.926139,157,1305.877882
-49.05241,100,1305.958653
-56.232607,103,1306.043223
-50.0886,193,1306.199718
-52.901636,314,1306.586462
-67.6664,134,1306.695705
-76.452621,164,1306.960804
-43.353724,162,1307.092154
-24.012018,229,1307.277451
-31.491104,146,1307.552374
28.793562,184,1307.699673
-24.515724,140,1307.812769
-75.495981,95,1307.889043
-40.621494,142,1308.157626
-52.380844,132,1308.264834
-79.313275,96,1308.342038
-50.700333,116,1308.435212
9.203463,155,1308.712739
-91.650913,105,1308.798047
-53.160692,132,1308.904515
-40.411491,127,1309.007092
-103.778722,127,1309.246334
-26.869773,139,1309.359763
-49.438497,123,1309.460402
-62.17069,144,1309.577464
-37.50943,102,1309.792336
-47.938507,96,1309.870213
-0.645682,158,1309.999403
13.999377,145,1310.116562
-37.405779,155,1310.373698
-112.637225,85,1310.442923
-54.207042,171,1310.581325
-32.44343,126,1310.814198
-63.765145,95,1310.891413
-58.860081,110,1310.980089
-44.502344,134,1311.08894
-0.232432,152,1311.213064
-24.47097,256,1311.553572
-29.903693,125,1311.654583
-39.101432,180,1311.93381
-66.643887,135,1312.044031
-78.605671,95,1312.121529
-213.187225,314,1312.507653
-80.697436,133,1312.615746
-79.785007,102,1312.698593
-9.94013,189,1312.851372
-67.171958,112,1313.073942
-19.104351,145,1313.192015
-71.297508,109,1313.281525
-16.668872,136,1313.391364
-14.073131,146,1313.641118
-66.571557,131,1313.7469
-34.612593,125,1313.849554
-121.701171,120,1313.947134
-88.293053,103,1314.161927
-107.28075,84,1314.229723
-108.744067,116,1314.32454
-37.34625,131,1314.431173
-88.837637,109,1314.652121
-43.832245,215,1314.826585
-69.448463,135,1314.936664
-58.290453,132,1315.042962
-59.953933,147,1315.292869
-58.371583,140,1315.406715
-104.783036,104,1315.491303
-110.29678,97,1315.570477
-36.105775,161,1315.832463
-31.480212,174,1315.973322
-85.850624,121,1316.071546
-3.810817,156,1316.330112
-28.469323,249,1316.536006
-119.177799,75,1316.597107
-49.956882,112,1316.688704
-133.02187,129,1316.925155
-60.506609,196,1317.084203
-23.995514,299,1317.458273
-36.163461,128,1317.562782
3.615313,173,1317.704103
-103.306094,128,1317.940312
-52.109977,254,1318.148568
-80.834802,147,1318.267838
56.645285,244,1318.598224
-48.464964,217,1318.773218
-52.350098,443,1319.266725
-72.206065,140,1319.381398
-82.990926,92,1319.619531
-42.733298,117,1319.714797
-42.954308,169,1319.850752
-183.545757,379,1320.313765
-50.470207,136,1320.423843
-37.240336,127,1320.527302
-124.372918,143,1320.794998
-57.257043,149,1320.915496
-106.518045,199,1321.078968
-68.8283,113,1321.34486
-89.279482,122,1321.443525
-75.844778,110,1321.5335
-23.727649,108,1321.621806
-53.122908,132,1321.729389
-23.45471,182,1322.030212
-41.948145,123,1322.130075
-139.814509,104,1322.213908
-51.880198,206,1322.537519
-58.118088,118,1322.632996
-104.445733,96,1322.710432
-26.754408,230,1323.054776
-34.10012,104,1323.51754
-108.740789,64,1323.56937
-45.890386,127,1323.673261
-53.833018,107,1323.760596
-72.8134,136,1324.024121
32.581894,386,1324.339874
45.726345,227,1324.677115
-18.493771,170,1324.816258
-53.151237,138,1324.928449
-116.563509,96,1325.176544
-126.598345,180,1325.322691
-53.71892,152,1325.446614
-91.414978,224,1325.799799
-70.110511,91,1325.873795
-90.107781,104,1325.957433
-65.369361,122,1326.056186
-102.478619,124,1326.158207
-38.366741,141,1326.428547
-101.628148,125,1326.530766
-54.758837,173,1326.671287
-67.971269,105,1326.911788
-30.568537,197,1327.071941
-38.602171,254,1327.2795
3.985763,276,1327.658598
-62.598094,162,1327.790614
-45.006053,119,1328.040066
-79.537681,89,1328.111878
-73.706032,144,1328.229508
-102.670214,108,1328.317456
-83.266475,139,1328.431375
-97.552333,119,1328.680401
-113.281996,86,1328.750892
-82.025927,84,1328.818758
-51.773477,127,1328.922868
-49.971838,152,1329.198416
-92.692766,119,1329.294811
-96.184372,178,1329.439424
32.624946,213,1329.775396
-98.664495,101,1329.857932
-52.221936,160,1329.98896
-27.119233,232,1330.329683
-42.963455,133,1330.436933
-80.67559,84,1330.505102
-93.44335,180,1330.651825
-237.83901,270,1331.023285
-44.595842,210,1331.194408
8.257067,181,1331.497166
-41.177962,189,1331.651206
-133.543739,103,1331.735855
-83.785465,111,1331.826652
3.181541,403,1332.309731
-39.332433,164,1332.443609
-108.842284,98,1332.677457
-33.983569,165,1332.811276
-44.302945,223,1332.993999
-114.442325,477,1333.533681
-11.162627,322,1333.950098
-49.519918,264,1334.333853
-76.63873,122,1334.433684
-20.851621,241,1334.629702
-105.448259,202,1334.972363
-82.956683,180,1335.119402
-84.616796,122,1335.220247
-36.636808,148,1335.340538
-83.334444,105,1335.579692
-105.296158,89,1335.652401
-82.500417,113,1335.743932
-35.555143,377,1336.253476
-17.150318,241,1336.452809
-71.280159,157,1336.732184
-75.30764,148,1336.853141
-90.618483,202,1337.019104
-91.397889,156,1337.299692
-6.859645,180,1337.446248
-20.254266,183,1337.594916
-14.677321,218,1337.947205
-36.551182,203,1338.111857
-68.623491,123,1338.212899
-65.589342,138,1338.479243
-80.320538,103,1338.563398
-75.517242,139,1338.677876
23.56994,258,1339.050763
-55.134426,240,1339.245934
-0.015126,239,1339.59406
-54.280173,302,1339.840779
-88.856818,241,1340.188267
-104.494003,237,1340.380469
-66.460305,137,1340.491469
-90.511001,111,1340.743986
-33.445691,324,1341.006684
24.588928,526,1341.593913
-206.050612,354,1342.038193
-48.800353,340,1342.471077
2.108913,238,1342.664585
-16.764312,294,1343.0588
-79.985048,144,1343.177214
-15.373135,269,1343.397823
-72.655893,361,1343.864158
-197.524471,365,1344.344893
-109.020995,185,1344.497697
-107.282552,528,1345.081687
-190.650019,200,1345.397964
-79.632401,104,1345.482296
-233.711522,267,1345.699626
-52.782557,661,1346.581656
-46.144445,450,1347.101587
-55.128363,303,1347.349135
-80.6838,119,1347.446061
-183.729576,384,1347.934228
-166.34796,370,1348.367963
-84.954205,342,1348.649787
-149.061807,548,1349.363514
-104.032321,158,1349.491886
-66.706337,180,1349.638524
-41.493847,276,1349.996838
-103.830313,87,1350.070081
-269.252643,181,1350.21858
-93.489521,125,1350.452574
-305.830224,224,1350.635245
-172.283942,603,1351.262707
-93.64808,373,1351.69926
93.889574,445,1352.194955
-264.434403,184,1352.345263
-130.44197,307,1352.727586
-143.454047,145,1352.844667
-184.576521,357,1353.266347
-169.473543,245,1353.465665
-64.640395,210,1353.785091
-220.963297,189,1353.938551
-204.422627,284,1354.171781
-33.082688,469,1354.71909
-227.308252,292,1355.12273
-148.878934,373,1355.580562
-82.819121,176,1355.722466
-44.408197,740,1356.491335
-164.732231,186,1356.795455
-67.225204,141,1356.910872
-146.567693,413,1357.401223
-30.306457,365,1357.852987
-161.751783,401,1358.179504
288.739238,1000,1359.304516
-217.470776,496,1359.86326
-120.117591,528,1360.447531
-239.067802,356,1360.89265
-195.267205,689,1361.63787
-283.157256,339,1362.096241
-56.535181,132,1362.204756
-222.440416,253,1362.586642
-258.636703,286,1362.818729
66.79813,774,1363.755863
-84.337989,99,1363.835709
-202.310018,723,1364.731741
-117.537795,445,1365.096525
-272.210677,204,1365.416009
-72.008322,126,1365.518646
-233.238029,271,1365.906657
-294.802268,763,1366.691149
-281.297279,193,1366.849677
-230.068893,202,1367.187398
-256.046751,287,1367.422822
72.068845,1000,1368.571685
-265.785905,384,1369.063264
-206.788403,248,1369.442146
-265.865545,454,1369.813446
-196.511453,153,1370.091719
-218.764952,851,1370.942825
347.944418,1000,1372.074149
-216.311055,258,1372.480373
-238.237152,258,1372.689268
-32.855778,167,1372.977641
-278.161529,247,1373.177662
-262.261271,239,1373.54179
-218.844212,180,1373.689421
-13.315898,696,1374.417635
-271.699024,278,1374.796937
-238.969767,492,1375.352272
-222.600429,242,1375.550093
-243.440754,210,1375.872592
-188.60309,278,1376.099744
-256.092833,168,1376.412722
-170.476645,262,1376.627692
-257.013256,284,1377.014328
-283.822305,274,1377.238308
-250.124631,417,1377.733708
-217.38869,249,1378.088221
-206.899158,270,1378.307676
-103.48539,430,1378.820276
-257.895549,243,1379.018796
33.409845,544,1380.187042
-33.173692,574,1380.982958
-118.374442,756,1381.777711
-270.981911,256,1382.164301
-8.506538,338,1382.440754
146.327326,935,1383.520972
-4.868775,577,1384.147314
-267.841257,302,1384.54917
-264.489819,228,1384.735856
-266.030031,272,1385.112096
-16.929149,168,1385.250284
-19.880603,184,1385.401043
-269.918821,310,1385.806818
-226.811011,223,1385.988398
-167.756332,360,1386.435771
277.005651,1000,1387.563323
-254.890289,386,1388.041919
-70.895351,179,1388.190263
-77.082483,523,1388.788447
-156.141823,275,1389.168648
-250.842289,270,1389.390586
-264.696128,228,1389.729974
-256.19665,339,1390.007634
-183.069862,433,1390.554997
-87.511785,228,1390.899188
112.008148,774,1391.699014
-214.606594,341,1392.144968
-112.746347,291,1392.383362
-165.122958,448,1392.919895
-111.69668,520,1393.500721
-106.519133,512,1394.075022
-239.387722,256,1394.438321
-221.585688,238,1394.632591
-35.368669,441,1395.155994
-96.218441,165,1395.289746
-300.279205,257,1395.658931
99.369145,400,1396.145165
76.616445,520,1396.727323
-229.169462,232,1396.917124
-46.2691,205,1397.243067
24.148634,586,1397.884879
189.85093,801,1398.70152
53.899354,361,1399.148173
-287.919239,166,1399.28278
-15.809613,381,1399.761532
-281.50986,188,1399.914363
-152.483029,250,1400.278077
-27.33835,237,1400.473777
-290.117518,376,1400.934409
-24.17886,344,1401.378694
-177.878939,570,1401.99918
-107.669178,306,1402.408127
-54.91408,1000,1403.375934
172.362975,749,1404.307985
-72.208603,134,1404.418103
-61.746511,121,1404.517085
-42.841517,488,1405.089523
47.334515,425,1405.595036
69.73312,575,1406.223685
-33.605222,169,1406.515316
-36.687201,223,1406.698114
-197.852313,240,1407.048274
175.343979,654,1407.744809
-208.859324,317,1408.004852
-19.977282,347,1408.447575
-179.465932,484,1409.018414
-40.213603,137,1409.13238
129.61463,1000,1410.276752
-27.252461,169,1410.571216
-278.795718,225,1410.755321
118.697024,464,1411.291138
-203.119947,386,1411.761548
-110.458272,487,1412.322913
-208.740086,305,1412.572584
-190.086412,253,1412.912715
-171.028333,741,1413.654192
-33.901776,266,1414.001907
-170.888032,198,1414.163237
80.143068,527,1414.727794
66.852948,435,1415.215172
-125.03579,765,1416.105872
-64.780458,267,1416.32438
39.704899,265,1416.672903
-114.234742,236,1416.866374
-148.366969,455,1417.370857
-162.394628,216,1417.546384
-184.624527,257,1417.887868
-145.580334,915,1418.899863
-55.68581,146,1419.020504
-172.966446,565,1419.614732
-222.282624,355,1420.035438
40.460954,405,1420.365669
-13.028062,399,1420.824485
-134.261408,621,1421.466904
133.749391,687,1422.295134
-35.520494,283,1422.526603
78.242351,255,1422.866712
-251.463882,164,1422.998981
247.948126,1000,1424.079142
-56.923129,558,1424.664053
-153.136753,299,1425.037439
-173.010945,290,1425.275891
-200.492771,572,1426.009868
-242.121668,141,1426.123851
-254.001763,158,1426.252987
-177.185234,505,1426.797759
-47.798313,192,1426.953451
-128.037745,329,1427.354282
-124.474982,360,1427.778769
13.372136,482,1428.303773
-190.639689,161,1428.436034
-32.943804,322,1428.831118
102.371727,627,1429.475847
-264.475604,192,1429.632
-56.771611,123,1429.864707
-252.690465,189,1430.018633
-59.107269,389,1430.466049
-206.179722,193,1430.622892
-271.557276,203,1430.787675
-76.105674,141,1431.067969
-147.030314,231,1431.255239
12.34308,297,1431.650445
-57.781377,468,1432.185851
-191.065897,252,1432.391083
43.244708,253,1432.749236
-191.574287,262,1432.961384
-171.927915,394,1433.415398
-111.194763,87,1433.4865
-69.963112,243,1433.816922
14.487653,576,1434.421319
-240.009528,406,1434.75228
-55.714014,157,1435.012013
-89.336023,180,1435.159887
-176.233291,340,1435.56761
-208.032221,231,1436.478018
-49.277756,815,1437.412323
-153.561199,216,1437.586338
-51.475761,424,1438.065129
-225.934469,150,1438.187196
-192.732703,356,1438.61144
-92.899475,405,1439.104111
-152.766059,788,1439.880985
-243.125834,113,1440.105077
-195.330295,221,1440.285452
3.440618,748,1441.164565
-111.450912,446,1441.53086
-251.335877,194,1441.820442
-57.384528,211,1441.993922
-105.04761,234,1442.316123
-235.287394,408,1442.648786
-19.15376,150,1442.903296
-52.446518,383,1443.219928
-173.276653,305,1443.599268
-221.978455,262,1443.942283
-2.694339,236,1444.134595
-249.743401,190,1444.291257
-60.209687,337,1444.697543
-163.446725,242,1445.025315
-232.335893,142,1445.140629
-190.259641,400,1445.599747
-177.867102,433,1445.954073
-131.066616,294,1446.325568
-214.433558,229,1446.511942
-246.232845,190,1446.798166
-250.62221,141,1446.91316
-27.354027,395,1447.366626
-146.165314,305,1447.613678
-64.498497,183,1447.893713
-3.409626,289,1448.130252
-236.383423,254,1448.469589
-74.243837,359,1448.894214
-23.780946,189,1449.048672
-75.576845,280,1449.408724
-78.619764,139,1449.523155
-45.94477,171,1449.66192
-2.915201,166,1449.798278
-65.915813,158,1450.0583
-123.218593,281,1450.286908
-67.124645,273,1450.640341
7.255412,351,1451.057645
-32.59101,278,1451.284798
-195.971253,280,1451.64554
-24.495805,345,1451.926693
56.37381,320,1452.318534
-65.35011,629,1452.972265
-219.970864,164,1453.105762
-272.053822,237,1453.456605
-14.996507,251,1453.661848
-237.299294,245,1454.013355
-15.142214,175,1454.156629
-63.003767,215,1454.483281
84.158207,329,1454.752176
19.411875,401,1455.214332
24.995553,408,1455.685492
-112.502212,216,1455.860913
-90.707928,403,1456.341018
-57.136699,278,1456.717528
-56.974853,509,1457.287086
-56.669683,561,1457.898423
-89.057818,358,1458.190767
67.576699,478,1458.734781
-17.545915,199,1459.048597
-117.573485,354,1459.339845
-217.135599,184,1459.644754
-74.285105,428,1460.151662
90.69892,429,1460.502127
-203.23945,203,1460.801145
-238.782535,181,1460.949412
-39.666274,212,1461.261849
-86.998876,129,1461.368498
-178.27408,323,1461.765276
-220.829412,193,1461.924193
-52.159031,364,1462.352359
-200.238117,152,1462.475987
-238.710957,159,1462.606381
-72.07742,283,1462.971159
-167.084285,227,1463.155596
-233.126952,255,1463.495607
-139.161728,462,1464.013349
-190.242669,149,1464.135409
-197.245063,242,1464.333007
-113.726364,152,1464.586856
-267.836468,239,1464.78181
-60.801401,144,1464.899829
-78.787426,126,1465.133989
-55.216747,150,1465.256833
-153.804768,104,1465.340868
312.580175,1000,1466.425159
-85.556955,521,1466.984032
-216.216082,171,1467.125546
-208.051866,212,1467.432005
-135.613427,171,1467.570855
-19.886645,157,1467.830405
-42.318633,170,1467.970351
-107.778092,168,1468.107072
-125.956215,192,1468.395428
-40.991617,261,1468.608933
-125.365911,540,1469.18204
-214.157129,139,1469.295553
-21.25184,360,1469.724999
-68.021834,266,1470.075284
-157.413113,171,1470.216138
-196.653295,158,1470.345191
-49.009103,192,1470.633429
-41.656026,351,1470.920307
-85.525846,238,1471.244955
-199.68716,255,1471.455004
-270.887528,147,1471.705731
-168.052462,260,1471.919756
-52.115765,149,1472.04364
-270.120594,130,1472.282961
-190.365578,177,1472.429251
37.946345,249,1472.631937
-79.55641,640,1473.444063
-246.464318,137,1473.554797
-224.403795,273,1473.929573
-248.375116,201,1474.092303
-201.298749,283,1474.322765
-252.44209,167,1474.610935
-241.449589,124,1474.711912
-281.425994,165,1474.846338
-245.527758,199,1475.159885
-270.529561,110,1475.248631
-129.336541,131,1475.354831
-34.610219,365,1475.805972
-289.073957,214,1475.979765
-94.153211,128,1476.247555
-195.17848,232,1476.438428
-223.91677,190,1476.592411
-249.189537,112,1476.83792
-216.644323,176,1476.98111
-261.365178,166,1477.116836
-277.914056,165,1477.404695
-282.226377,207,1477.572525
-92.334201,318,1477.986267
-255.185796,184,1478.134576
-191.564451,195,1478.294546
-187.693163,407,1478.757057
-139.141281,178,1479.034815
-216.123151,134,1479.144342
-150.128699,304,1479.392282
-198.298126,143,1479.640718
-184.009424,300,1479.885957
-19.756411,332,1480.289013
-97.159778,194,1480.445893
-171.860223,292,1480.814997
-207.661739,223,1480.996308
-200.622303,160,1481.257554
32.382489,299,1481.501745
-195.588774,450,1482.000186
-30.851623,229,1482.187378
23.195148,489,1482.720451
-268.711394,182,1483.000127
-71.684217,181,1483.147138
-68.323106,139,1483.259287
-85.644969,132,1483.498247
-61.626795,148,1483.619468
-58.040179,133,1483.728382
-185.187039,465,1484.237532
-147.992387,335,1484.644527
-77.52359,99,1484.725844
-179.592257,225,1484.909612
-75.757055,131,1485.148666
-102.793621,103,1485.234221
-116.142859,150,1485.356727
1.315544,272,1485.709281
-70.852849,244,1485.907912
-81.284297,437,1486.395185
-74.278061,387,1486.842784
-78.865467,180,1486.988409
-190.156273,129,1487.092738
-176.769692,247,1487.424584
-69.929861,114,1487.51664
-97.569708,120,1487.61418
-105.025425,249,1487.948031
-6.084334,343,1488.228102
-40.227534,193,1488.518718
27.445922,507,1489.061858
-56.709519,206,1489.230176
-83.068456,140,1489.476198
-33.027093,255,1489.68578
-86.502618,131,1489.79289
-106.430996,208,1490.094994
-104.524286,136,1490.20514
-201.063747,195,1490.365274
-168.685693,138,1491.230076
-232.099021,296,1491.473281
-98.49441,131,1491.579996
10.544998,413,1492.048658
-170.905818,212,1492.352369
-36.468173,145,1492.470562
-60.043658,240,1492.666946
-52.569471,195,1492.957201
-46.776787,191,1493.112401
-210.532241,229,1493.429553
30.420284,323,1493.693402
-178.824764,163,1493.95876
-93.860738,231,1494.146873
-9.692491,316,1494.560059
-17.955084,299,1494.803428
-113.532469,91,1494.877408
-98.589581,367,1495.328023
-210.216596,230,1495.667846
-229.410829,164,1495.800348
-118.33082,302,1496.044332
-18.499563,248,1496.420135
-41.318194,366,1496.879703
-79.550523,151,1497.002068
-65.828886,128,1497.105734
-88.435806,110,1497.195488
-28.978216,229,1497.536588
-120.301059,108,1497.624066
-41.78393,500,1498.184048
-72.595692,188,1498.334973
-172.116586,373,1498.817826
-48.255851,310,1499.221978
-86.260388,110,1499.311509
-71.428692,151,1499.439687
-195.348404,177,1499.738685
-246.361876,103,1499.822236
-95.395698,330,1500.091438
-64.745778,289,1500.480816
-80.322052,198,1500.641646
-71.735607,242,1500.974098
-115.950709,143,1501.090601
-112.704456,101,1501.173135
-43.894463,279,1501.530633
-93.310082,288,1501.76988
-91.573478,116,1502.033684
-92.896867,103,1502.116582
-183.408942,311,1502.524854
-24.983287,239,1502.7192
-72.988202,190,1502.873268
-127.112924,85,1503.095059
-230.967319,212,1503.269861
-101.176431,95,1503.347005
-59.515587,338,1503.775263
-53.873763,559,1504.388782
-109.498804,128,1504.491784
-80.522651,111,1504.583385
-210.936235,128,1504.843304
-218.04181,197,1505.00269
-101.990606,125,1505.105204
-215.288662,215,1505.433559
-169.401837,137,1505.544961
-156.580801,169,1505.682656
-87.633168,146,1505.969278
-89.093237,128,1506.074066
-231.987829,184,1506.225078
-66.767551,157,1506.354153
-192.247772,260,1506.735733
6.348122,357,1507.207729
-38.1042,197,1507.368686
-229.26947,149,1507.490516
-110.741006,93,1507.728193
-11.613685,232,1507.918134
-130.87921,225,1508.101568
-89.238723,172,1508.393634
-150.037102,299,1508.639318
-51.465,267,1509.027319
-41.978769,146,1509.146527
-40.562392,147,1509.266206
-237.270317,130,1509.530256
-85.700863,185,1509.682105
-58.164711,177,1509.825591
-100.392629,122,1510.079357
-41.671511,270,1510.298964
-90.722563,183,1510.449211
44.636435,443,1510.966722
-73.831647,139,1511.231195
-123.045051,162,1511.363767
-212.714977,146,1511.481231
-94.34596,154,1511.758093
-220.025116,165,1511.891974
-57.457187,284,1512.123024
-103.223874,186,1512.428759
-3.750717,265,1512.643912
-107.719605,117,1512.922821
-82.951946,253,1513.133456
-106.417293,136,1513.244217
-240.691302,129,1513.513748
-81.884051,413,1513.849676
-43.05563,310,1514.256873
-234.10904,180,1514.402531
-130.936474,107,1514.640802
-138.166777,243,1514.83833
-75.304091,178,1514.982076
-127.230695,114,1515.250473
-113.583704,97,1515.328945
-90.741714,256,1515.537085
-97.991503,116,1515.631145
-88.608582,276,1516.007975
-130.411007,191,1516.162456
-94.992986,102,1516.377461
-216.796962,203,1516.542814
-47.689175,233,1516.732419
-121.988724,87,1516.934019
-109.501255,82,1517.000492
-87.885895,351,1517.28517
-79.417102,152,1517.540384
-60.911379,112,1517.631262
-133.402975,101,1517.713375
-206.543175,103,1517.796999
-118.015012,96,1518.006155
-78.204938,119,1518.10272
-51.836989,159,1518.233502
-135.615371,206,1518.400857
-213.86579,151,1518.656054
-149.340618,327,1518.922597
-190.336533,207,1519.223101
-43.163226,174,1519.365132
-196.208805,261,1519.710234
-180.077699,269,1519.929613
-98.866125,182,1520.209728
-172.294556,101,1520.291764
-165.870492,374,1520.598444
-65.470859,231,1520.916874
-178.512041,244,1521.115863
-209.443606,139,1521.359885
-176.738045,153,1521.483546
-66.808446,134,1521.59228
-144.037738,190,1521.879737
-209.095778,195,1522.03974
70.468861,834,1522.983362
-213.519786,200,1523.147513
-64.105417,215,1523.322751
-219.576005,135,1523.56401
-198.076938,194,1523.722178
-127.601501,210,1523.893237
-92.505286,204,1524.190045
-74.309478,295,1524.430794
-79.771469,130,1524.66929
-95.085962,203,1524.833768
-104.087518,111,1524.924593
-190.730559,266,1525.273073
-163.718316,261,1525.484875
-111.253184,94,1525.691419
-191.273879,156,1525.819711
-231.709368,165,1525.954277
-191.184465,300,1526.331832
-131.897621,85,1526.400654
-117.42733,83,1526.468202
-224.111514,119,1526.565614
-201.321466,119,1526.793422
-64.875552,131,1526.90039
-62.666864,152,1527.022889
-99.283735,115,1527.116318
-82.192704,114,1527.340395
-205.700357,187,1527.49329
-93.425196,120,1527.589835
-66.510893,161,1527.719814
-111.012155,162,1527.98176
-41.006375,497,1528.518505
-218.152163,143,1528.635814
-58.854007,270,1528.988701
-133.052226,396,1529.313047
-102.25541,139,1529.556721
-141.405127,260,1529.768118
-102.622463,222,1530.082887
-90.652747,139,1530.196005
-105.800449,105,1530.28155
-66.786635,207,1530.449846
-101.914986,274,1530.804941
-218.685171,200,1530.967931
-173.328799,147,1531.21928
-243.042437,144,1531.337909
-74.852227,201,1531.501338
-131.859984,112,1531.723798
-239.406871,226,1531.908845
-217.725183,148,1532.029349
-200.521835,236,1532.355922
-184.32845,136,1532.467113
-141.852969,295,1532.841241
-123.214653,143,1532.958023
-226.620972,162,1533.090566
-209.271327,185,1533.372886
-207.306216,180,1533.520241
-223.261865,160,1533.651122
-229.432943,207,1533.953944
-141.228912,169,1534.092059
-92.836033,339,1534.501729
-205.934923,170,1534.641701
-155.770387,139,1534.755607
-100.497407,347,1535.170562
-164.344857,234,1535.361691
-80.368585,141,1535.607067
-208.936463,151,1535.730567
-242.226352,120,1535.828743
-217.967563,187,1535.981028
-181.505172,190,1536.267913
-74.903855,134,1536.377329
-206.135992,214,1536.684948
-231.256777,122,1536.784133
-107.221519,127,1536.887304
-42.224308,183,1537.036321
-215.427924,152,1537.291525
-131.96756,189,1537.44703
-140.792076,205,1537.614232
-177.72756,122,1537.845946
-95.268353,101,1537.927814
-202.891051,188,1538.080636
-99.023022,155,1538.338221
-72.991415,109,1538.426445
-184.164026,203,1538.592037
-235.903163,197,1538.883985
-91.449317,122,1538.982876
-200.255965,469,1539.498245
-76.41678,137,1539.609881
-74.260865,251,1539.814368
-219.116188,135,1540.056658
-50.435135,154,1540.180888
22.371735,390,1540.632172
-116.302567,118,1540.727953
-140.209319,162,1540.859439
-71.620049,347,1541.274004
-246.982508,121,1541.373551
-106.825487,135,1541.615229
-96.150025,148,1541.736277
-199.686703,202,1541.900865
-93.867132,136,1542.011952
-233.0186,222,1542.32485
-161.046344,135,1542.43458
-109.52006,111,1542.525176
-70.285898,183,1542.804107
-163.011784,230,1542.990756
-81.52328,259,1543.333626
-232.55637,178,1543.478676
-116.429301,81,1543.544037
-86.372738,125,1543.645256
-155.573367,167,1543.914838
-8.545822,348,1544.198443
-82.26163,99,1544.411118
-84.158717,140,1544.525339
-5.913294,384,1544.970137
-115.30198,108,1545.057612
-99.719046,170,1545.195296
-109.863625,341,1545.603487
-212.482492,244,1546.223986
-116.853157,95,1546.475978
-202.119768,146,1546.594413
214.819093,1000,1547.75322
-67.010625,100,1547.834348
-95.788447,115,1547.927497
-66.714273,121,1548.024906
-137.573813,123,1548.285253
-131.531693,130,1548.391976
-254.512964,159,1548.521217
-200.953477,274,1548.899312
-139.887087,263,1549.111991
-196.99103,198,1549.426993
-37.46927,435,1549.932016
-108.835385,255,1550.1385
-238.797923,184,1550.28972
-176.623949,220,1550.626984
-150.711419,102,1550.709135
-92.258947,126,1550.811094
-209.816413,264,1551.187297
-129.693943,112,1551.278282
-188.085798,323,1551.697325
-163.400298,417,1552.035899
-191.912052,203,1552.352132
-153.335814,102,1552.434947
-109.307043,125,1552.536779
-224.989571,247,1552.891837
-181.537942,124,1552.991267
-138.832205,126,1553.092981
-115.073196,86,1553.162578
-74.06977,130,1553.420264
-200.841213,718,1554.16146
-33.586871,173,1554.302213
-162.846038,166,1554.588432
-186.473392,293,1554.825475
-241.027066,233,1555.166818
-193.84633,131,1555.273404
-169.07659,153,1555.397823
-192.161745,160,1555.681192
-114.257871,580,1556.314517
-95.191524,152,1556.438033
-112.222701,239,1556.786108
-116.892808,127,1556.88915
-232.999718,148,1557.009986
-174.823149,228,1557.194682
-148.64169,149,1557.489329
-215.320896,177,1557.633056
-223.747504,195,1557.963509
-169.420514,244,1558.161835
-137.952889,257,1558.370356
-127.498408,169,1558.672157
-24.725028,495,1559.230964
-211.410872,207,1559.399335
-100.93599,145,1559.516772
-92.734997,89,1559.782348
-179.184232,564,1560.405563
-21.495162,354,1560.693114
-235.079794,217,1561.025586
9.484384,370,1561.459612
-89.097824,101,1561.541653
-71.254622,256,1561.750512
-55.165032,143,1561.997959
-59.968118,162,1562.130422
-194.236204,110,1562.219617
-86.274545,114,1562.311632
-108.915913,248,1562.646066
-60.724209,112,1562.737953
-177.688555,335,1563.142573
-107.425094,102,1563.225119
-208.657608,255,1563.433962
-59.504507,158,1563.695249
-94.53189,115,1563.788708
-218.171279,155,1563.914895
-255.892522,388,1564.360038
-2.750235,354,1564.78012
-195.880022,275,1565.004343
-171.512779,188,1565.287662
-141.722425,181,1565.43505
-73.505986,136,1565.546407
-170.037428,118,1565.642012
-100.886789,96,1565.850451
-65.143971,177,1565.994243
-189.459417,250,1566.197543
-82.03682,109,1566.417915
-113.245369,115,1566.512331
-216.397081,160,1566.641503
-82.35659,127,1566.744902
-65.177941,340,1567.173515
-242.125853,267,1567.54418
-2.630412,811,1568.348658
-60.440135,225,1568.676295
-208.854829,219,1568.855586
-119.446532,101,1568.937751
21.175363,652,1569.736076
-61.555617,133,1569.844308
-180.150256,158,1569.972714
-64.62581,163,1570.105303
-176.200753,167,1570.373116
-119.44662,210,1570.542914
-85.025902,192,1570.830383
-61.207594,229,1571.017057
-115.047343,274,1571.372259
-84.030765,287,1571.606436
-28.586563,200,1571.767962
-68.96339,291,1572.134455
-156.821969,311,1572.520753
-54.492173,146,1572.640384
-7.39231,392,1573.092598
-141.952081,603,1573.715755
-252.145064,127,1573.818566
-86.194361,130,1573.923843
-105.786816,159,1574.184223
-133.830105,332,1574.454707
-130.356951,214,1574.760467
-196.03292,231,1574.950307
-226.236371,209,1575.270155
32.230346,516,1575.844725
-258.434152,195,1576.002582
-153.942052,579,1576.616579
-237.427036,117,1576.710963
-55.335409,486,1577.236361
-80.329523,136,1577.478599
-196.599738,161,1577.608966
-182.108998,322,1578.00134
50.039658,661,1578.673935
-102.966345,152,1578.797497
-87.999278,136,1578.908574
-86.043067,109,1579.129721
-117.021178,299,1579.373614
-70.623679,117,1579.468965
-164.060089,226,1579.786103
-66.808408,130,1579.892461
-195.281414,325,1580.289643
-145.253197,210,1580.46068
-52.403313,358,1580.88433
-76.337278,117,1580.979668
-82.19044,497,1581.519732
-51.28881,192,1581.675737
-89.595598,117,1581.90323
-77.47596,115,1581.997285
-95.614164,103,1582.08141
-113.585678,119,1582.178745
-12.667674,229,1582.497205
2.481578,297,1582.742462
-204.573635,267,1583.092654
-153.730557,370,1583.524882
-79.24495,448,1583.890061
-7.927057,388,1584.33691
-106.379346,143,1584.453242
-35.200695,332,1584.857515
-143.962019,211,1585.161394
-142.744812,248,1585.363017
-193.579251,270,1585.713694
-29.626581,135,1585.823021
-139.97608,273,1586.046307
-143.788065,151,1586.325231
-23.661926,451,1586.846606
-90.169571,97,1586.925149
-79.324147,143,1587.041594
-99.144077,369,1587.498388
-140.604738,827,1588.328333
-83.790442,262,1588.695412
-175.76827,336,1589.123038
-34.185659,261,1589.335814
-113.453006,113,1589.426655
-38.507507,240,1589.805986
-89.017239,132,1589.913223
-60.884837,263,1590.126534
-143.205414,143,1590.419193
-121.003683,103,1590.503618
-78.336902,202,1590.667167
-183.379959,192,1590.988564
-48.002215,228,1591.173722
-116.662098,92,1591.248612
-83.003349,206,1591.569697
-93.495079,179,1591.715391
-98.062049,142,1591.830693
-124.742484,211,1592.160623
-140.255915,185,1592.310759
46.89278,561,1592.935005
-74.710041,132,1593.182326
-44.52338,363,1593.477207
-37.96788,313,1593.863886
-210.994509,133,1593.971136
-64.107542,166,1594.106485
-138.081781,105,1594.322398
-95.538763,135,1594.431762
-86.341765,114,1594.523863
-105.138295,109,1594.612513
-83.114938,113,1594.836694
-25.726378,218,1595.015373
-188.491262,187,1595.167893
-104.657965,101,1595.380502
-111.759404,105,1595.464831
-115.097821,166,1595.601717
-34.936571,349,1596.074558
-224.879673,197,1596.234661
-86.933988,211,1596.572032
-180.464249,297,1596.814015
-233.119206,135,1596.92419
-167.436094,308,1597.326461
-89.612795,136,1597.437256
-133.496851,147,1597.709844
-130.114856,172,1597.8499
-55.405429,157,1597.977083
-50.111525,383,1598.425891
-49.266221,151,1598.548663
-104.027544,122,1598.647295
-96.45584,187,1598.931085
-58.076671,285,1599.162228
-93.336906,104,1599.378361
-95.742411,129,1599.483472
-35.325678,385,1599.928917
-181.447537,221,1600.10929
-101.072107,124,1600.210445
-70.342852,130,1600.447021
-69.296976,227,1600.63121
-49.901736,168,1600.767358
-157.267754,116,1600.994358
-57.93303,169,1601.131437
-94.432514,144,1601.594446
-113.013057,130,1601.699384
-184.723782,265,1602.066942
-239.729268,173,1602.206333
-202.46613,276,1602.583205
-47.323167,153,1602.708101
-85.973259,339,1603.141081
-137.461966,129,1603.244509
-50.037226,227,1603.428067
-49.927224,316,1603.838396
26.446053,390,1604.309742
-93.978697,153,1604.434008
-108.920204,155,1604.558981
-43.162746,190,1604.866213
-45.089679,430,1605.370216
-171.66763,239,1605.564534
-195.186153,240,1605.913735
-59.159669,115,1606.006958
-158.395356,162,1606.139883
-145.230469,172,1606.27983
-80.04486,118,1606.508437
-95.073671,132,1606.615167
-224.20509,346,1607.02959
-116.813037,284,1607.260126
-36.713538,185,1607.54235
-134.189508,181,1607.689928
-56.590296,146,1607.808308
-137.389563,182,1608.087871
-78.557441,152,1608.211081
-116.671005,122,1608.309854
-206.585116,180,1608.455124
-80.669184,152,1608.738542
-17.527384,162,1608.870157
-162.784954,112,1608.960813
-72.352549,145,1609.211346
-125.046342,126,1609.313769
-121.917949,261,1609.525656
-4.85084,269,1609.877241
-103.496291,154,1610.002375
-138.027387,105,1610.087602
-107.391321,95,1610.164146
-65.443226,111,1610.417847
-96.556911,106,1610.503757
-110.800165,90,1610.576158
-81.448463,89,1610.647646
-20.898193,291,1611.037488
-46.890659,243,1611.236565
-140.038938,135,1611.515718
-163.104762,211,1611.687792
-132.188267,123,1611.788241
-37.265642,291,1612.176567
-93.310948,127,1612.279977
-108.058322,234,1612.470971
-81.48058,156,1612.758621
-130.575957,115,1612.852014
-93.096564,113,1612.943936
-108.131395,96,1613.021786
-98.585816,164,1613.309327
-101.588854,148,1613.429096
-75.613383,207,1613.596782
-107.295128,120,1613.861894
-94.059052,149,1613.982717
-52.320501,162,1614.114338
-100.557138,97,1614.192089
-61.950494,138,1614.48321
-102.3887,95,1614.559875
-147.109215,185,1614.709559
-94.538462,97,1614.788005
-172.668664,197,1615.101487
-107.23715,101,1615.183197
-212.973836,224,1615.365919
-155.091028,142,1615.633931
-42.330512,182,1615.782647
-86.980871,113,1615.874568
-159.624287,149,1616.150946
-51.974171,168,1616.286064
-91.436907,158,1616.415029
-115.128817,108,1616.50264
-87.531279,143,1616.786596
-153.08629,199,1616.948405
-168.266643,168,1617.083966
-81.49415,137,1617.377231
-161.236701,237,1617.570325
-179.926187,737,1618.515697
-111.879632,194,1618.673726
-79.917327,136,1618.784832
-95.223874,111,1619.026276
-139.805372,370,1619.327265
-89.520308,190,1619.642618
-247.751882,275,1619.867307
-202.856611,224,1620.209795
-130.030973,70,1620.266825
-89.602245,121,1620.365364
-44.085614,143,1620.480841
-60.028395,237,1620.807278
-75.932194,126,1620.909533
-21.790461,210,1621.080559
-109.510544,117,1621.323209
-160.499049,140,1621.437323
-126.107024,167,1621.572745
-92.862978,86,1621.64263
-102.09462,137,1621.886202
-115.77596,97,1621.965032
-72.239564,218,1622.142274
-65.92806,121,1622.243299
-154.311873,208,1622.560821
-102.447444,271,1622.781798
-77.707002,248,1623.134284
-109.775223,163,1623.267642
-80.573974,142,1623.382391
-133.156482,75,1623.576575
-220.59471,221,1623.755981
-76.353673,122,1623.855523
-108.289454,173,1624.127595
-56.263198,141,1624.242897
-94.995373,309,1624.625953
-138.461669,113,1624.718147
-37.187321,258,1624.928251
-107.052414,127,1625.031948
-98.161233,141,1625.322985
-108.016672,123,1625.422771
-82.153263,104,1625.507616
-34.159715,230,1625.863349
-162.744102,77,1625.925978
-93.816902,126,1626.027694
-110.99736,158,1626.15649
-53.311926,509,1626.756026
-56.958715,159,1627.024116
-119.164058,99,1627.104368
-65.303982,146,1627.222379
-59.527313,218,1627.53094
-172.025421,127,1627.633759
-92.176443,89,1627.705296
-135.208958,81,1627.771458
-43.274975,236,1628.094955
-94.476091,161,1628.22575
-84.249544,208,1628.39534
-85.435813,99,1628.607765
-13.39911,219,1628.786327
-106.441542,127,1628.889075
-86.817728,161,1629.150797
3.416635,276,1629.375467
-96.610226,94,1629.452196
-94.367442,134,1629.56112
-82.919897,140,1629.806367
-49.054665,239,1630.002534
-40.158171,140,1630.249204
-74.514666,135,1630.358003
-135.857302,119,1630.454278
-44.083142,183,1630.603726
-71.184921,109,1630.824105
-177.112339,215,1630.999679
-25.138516,243,1631.197835
65.75404,507,1631.743536
-118.645528,108,1631.961354
-105.666651,193,1632.117494
-162.013016,89,1632.190107
-88.211428,115,1632.283545
-45.756627,140,1632.529089
-36.986792,165,1632.662523
8.494583,473,1633.179589
-195.840312,126,1633.281429
-91.080805,116,1633.375468
-119.408287,114,1633.59936
-130.863942,277,1633.82386
-142.03916,113,1633.915531
-70.574088,146,1634.165694
-100.550771,163,1634.298075
-113.198445,102,1634.380905
-181.179359,130,1634.485064
-185.688929,140,1634.730998
-228.745527,162,1634.862497
-91.085835,200,1635.026181
-74.115183,251,1635.362825
-47.072232,206,1635.531436
-135.92655,184,1635.82961
-42.328284,400,1636.156375
-110.260227,179,1636.454101
-36.987108,306,1636.70309
-86.837904,338,1637.136201
-48.502844,154,1637.261155
-78.305605,124,1637.520582
49.646658,400,1637.846824
-98.987724,870,1638.862469
-196.378085,170,1639.001757
-51.709768,209,1639.324446
-39.33388,333,1639.746143
-25.288655,273,1639.970191
-69.058907,143,1640.085502
-107.876931,98,1640.317702
-111.055546,144,1640.434232
-148.51036,415,1640.936496
-73.257258,483,1641.500786
13.897802,395,1641.822371
-67.33412,162,1642.105511
-95.541421,312,1642.361349
-173.641538,261,1642.729311
-68.300777,378,1643.20559
-158.489704,116,1643.299656
4.134228,304,1643.54824
-121.152688,208,1643.886319
-175.811086,425,1644.386176
10.482186,370,1644.687749
-69.400619,203,1645.017805
-58.927082,182,1645.165972
-69.495693,162,1645.297189
62.022751,297,1645.693083
-204.750804,264,1645.907286
-77.208836,308,1646.312651
-75.396792,197,1646.474537
-179.845427,155,1646.766287
-61.332545,320,1647.027261
-41.050756,262,1647.401082
-141.921071,319,1647.660979
-73.742844,124,1647.921761
62.47147,976,1649.036981
-111.407364,95,1649.11513
-117.457476,124,1649.216231
-77.610097,142,1649.331557
-112.754664,121,1649.582124
-40.707515,191,1649.738668
-77.14271,149,1649.860559
-229.042123,211,1650.204171
-200.617894,185,1650.355119
-74.354102,156,1650.481972
-136.774969,249,1650.857059
-191.738706,241,1651.053221
-211.746116,163,1651.339171
127.878851,713,1652.084431
-67.835882,181,1652.23118
-140.45591,121,1652.483457
-64.242528,403,1652.812745
-93.27296,217,1653.159514
-99.983339,185,1653.311053
-75.918786,116,1653.405277
-114.040739,156,1653.66402
-27.711294,196,1653.824173
-105.472141,101,1653.906393
-54.336985,210,1654.208113
24.283522,262,1654.420686
-118.984894,142,1654.53621
-82.828919,127,1654.771048
-224.777401,195,1654.93128
-161.141368,104,1655.016331
-170.551299,361,1655.442867
-197.17244,160,1655.572316
1.342375,483,1656.096673
-120.452476,106,1656.183807
-36.841641,200,1656.479073
-219.527647,259,1656.68957
-174.221207,342,1657.454942
-102.368586,96,1657.532636
-7.156742,260,1657.876045
-205.585637,368,1658.175738
-153.018149,346,1658.590531
-119.935296,168,1658.727208
-118.02719,130,1658.965071
-59.213322,303,1659.212295
87.061853,512,1659.762818
-32.716116,256,1660.105209
-74.393258,320,1660.366605
-79.948686,215,1660.707294
-16.157201,408,1661.193992
-38.597142,225,1661.376374
-84.623334,162,1661.508198
-85.901936,117,1661.755728
-99.196423,393,1662.076269
-72.018225,217,1662.40702
-17.129998,266,1662.623686
-233.256707,195,1662.935649
-204.868104,130,1663.041278
-119.378974,184,1663.191112
-83.969306,167,1663.468025
-79.16785,210,1663.639486
-167.663105,111,1663.730001
-223.154534,180,1664.006776
-106.979667,209,1664.177827
-69.261936,150,1664.30105
-123.785586,198,1664.595895
-189.209246,192,1664.753634
-154.37272,207,1664.923858
-103.408303,213,1665.230324
-111.821502,99,1665.310598
-105.293416,222,1665.622146
-39.852586,190,1665.778077
-119.912947,211,1665.950141
-43.295907,206,1666.248846
-28.6915,244,1666.447302
-54.528321,136,1666.556784
-197.971904,224,1666.870616
-128.362449,93,1666.94734
18.168561,447,1667.444113
-144.38711,89,1667.516604
-134.330618,178,1667.661578
-189.477544,275,1668.06031
-103.099486,461,1668.588406
-52.912671,168,1668.725019
-128.125722,152,1669.001452
-88.356679,163,1669.133627
-55.962398,153,1669.257745
-160.300913,101,1669.339539
-174.646229,255,1669.701643
-66.712549,150,1669.823702
-60.316827,255,1670.2013
-111.447953,155,1670.327034
-95.989429,206,1670.493917
-69.474992,154,1670.778961
-134.685453,159,1670.907866
-108.379209,661,1671.602444
-80.740862,99,1671.682884
-136.549171,150,1671.937353
-168.486229,327,1672.203186
-209.203482,144,1672.451505
-114.636377,86,1672.522015
-101.564687,222,1672.704387
-65.714544,217,1673.013676
-89.665079,222,1673.193614
-123.452721,96,1673.272195
-136.463326,161,1673.533761
-139.156714,166,1673.668759
-86.49161,114,1673.761004
-206.850281,223,1674.07291
-99.532884,96,1674.15071
-72.235437,221,1674.330088
-161.697048,223,1674.644128
-49.254186,224,1674.825575
-33.061561,229,1675.142137
4.763789,236,1675.334111
-69.103231,207,1675.501423
-136.69788,294,1675.872985
-205.161414,167,1676.008633
13.37258,394,1676.51679
-239.324749,266,1676.889101
-200.59438,231,1677.076459
-79.688189,217,1677.253236
-173.451786,249,1677.624949
-67.921431,127,1677.72784
-36.852307,178,1678.048475
-174.680383,199,1678.20911
-112.646881,83,1678.27682
-144.852968,168,1678.412924
-29.498163,390,1678.909854
-63.497342,413,1679.40493
-84.484304,120,1679.503829
-100.778929,176,1679.805137
-126.439049,472,1680.38308
35.315774,400,1680.707451
-140.210607,232,1681.063586
-63.518768,120,1681.160865
-236.46528,137,1681.272998
-120.310917,292,1681.675979
-103.795782,162,1681.808248
-55.157393,223,1682.147806
-156.864761,239,1682.342896
-31.663821,302,1682.745806
-141.044963,271,1682.966508
-52.247827,246,1683.318394
-60.282014,181,1683.465743
-77.864049,285,1683.852913
-165.68487,278,1684.078922
-154.999269,371,1684.533269
-2.861327,188,1684.686951
-92.087105,223,1685.004954
-11.50797,355,1685.29436
-113.025476,331,1685.693381
-12.8384,181,1685.841082
-84.521578,153,1686.096681
-80.548446,220,1686.275384
-35.754018,343,1686.68947
-53.412051,211,1686.861597
-103.938073,120,1686.959495
-84.495894,107,1687.177657
-175.154601,287,1687.411992
-25.876575,278,1687.779743
-96.58004,103,1687.864257
-93.974346,208,1688.033408
-15.577639,211,1688.337529
-12.556108,249,1688.540857
-64.219151,199,1688.834483
-93.613994,199,1688.996251
-81.529216,249,1689.19802
-140.751502,174,1689.472191
-68.536468,159,1689.601452
-10.890682,208,1689.769598
-12.181055,164,1690.035459
27.228628,331,1690.302324
26.475723,820,1691.231982
-58.477251,209,1691.402785
-106.145479,195,1691.692811
-65.136432,164,1691.826636
-39.468126,271,1692.179716
-129.696235,105,1692.264854
-12.700926,350,1692.685512
-63.973109,147,1692.804913
-79.983511,362,1693.233496
-46.45609,323,1693.495841
-40.750276,219,1693.806033
-119.951239,126,1693.907518
-85.394746,110,1693.996605
-5.055587,273,1694.350812
-158.69453,312,1694.604346
-15.531104,236,1694.927861
-55.498438,207,1695.095658
-11.88561,325,1695.494403
-84.84555,114,1695.58668
25.191177,384,1696.030133
-79.311217,248,1696.230288
-71.127026,264,1696.600066
-75.36646,232,1696.786405
-111.975374,128,1696.8895
-77.429819,170,1697.18186
-91.34913,249,1697.38671
-112.918579,116,1697.480728
-78.121737,121,1697.748294
-83.623845,141,1697.861606
-152.258779,172,1698.001073
137.375863,636,1698.880603
-98.911966,311,1699.133142
-62.566868,278,1699.520287
-193.663653,177,1699.663409
-144.925426,400,1700.141366
-3.328138,235,1700.331651
-33.867861,204,1700.653885
-58.905061,182,1700.800742
-58.839955,213,1700.97308
-80.476,179,1701.271027
-53.643505,173,1701.4123
12.93773,248,1701.77939
-20.854738,222,1701.958308
-95.954726,143,1702.074827
-140.842656,164,1702.363505
-44.21447,317,1702.621657
-146.573215,188,1702.941717
-37.013093,294,1703.18044
-7.261134,449,1703.700173
-101.002929,164,1703.833588
-40.220387,174,1704.128813
-49.438743,294,1704.365957
-74.925149,156,1704.668806
-54.317948,189,1704.822467
-238.281778,91,1704.895623
59.521136,480,1705.440369
-88.030031,125,1705.541008
-11.937027,268,1705.917698
-112.645715,271,1706.138854
-106.281618,310,1706.559597
46.155589,399,1707.056098
-70.1119,123,1707.155932
-34.556587,248,1707.510124
-153.930091,200,1707.672872
-79.319543,103,1707.756267
-51.499293,231,1708.095144
-72.842438,345,1708.37558
-65.271581,139,1708.661034
-68.830374,144,1708.779211
-199.256906,199,1708.940602
-57.174635,181,1709.242873
-142.70758,219,1709.420473
-8.058853,340,1709.849403
-108.106114,151,1709.97215
-79.724625,113,1710.063928
-83.172611,138,1710.174965
-58.015785,450,1710.680246
89.884104,1000,1711.805368
-174.527265,146,1712.087819
-219.32835,415,1713.02826
-88.401659,190,1713.346024
-115.218966,157,1713.473416
-42.096742,232,1713.661175
-216.450247,285,1714.042789
-73.72358,159,1714.171928
-151.555397,127,1714.426214
-77.743539,199,1714.58683
6.546811,226,1714.769396
-108.128309,265,1715.136919
-92.678247,155,1715.262053
12.139753,227,1715.600804
-164.383452,166,1715.734285
-79.542391,158,1715.862773
-60.604065,146,1716.151468
-122.187149,384,1716.464946
-70.841515,181,1716.764497
27.507309,243,1716.961606
-30.274663,212,1717.307564
-87.023392,183,1717.455918
-73.981561,168,1717.593911
-75.526389,144,1717.888738
-226.119109,323,1718.150109
-79.4886,114,1718.241529
-118.489536,129,1718.498106
-124.357323,167,1718.633605
-123.574414,264,1719.011635
-20.906961,296,1719.251182
-82.904973,190,1719.405773
-65.197641,165,1719.716468
-100.04655,179,1719.861608
-152.116193,179,1720.005139
-118.305593,156,1720.298223
-92.681611,129,1720.403321
-87.500228,129,1720.506894
-46.959393,219,1720.836691
-108.985811,273,1721.060726
-226.264545,171,1721.369259
-46.17932,348,1721.650697
-58.811472,207,1721.97113
-93.854046,110,1722.060019
7.238821,220,1722.237601
-74.368996,145,1722.510877
-118.26375,275,1722.733552
-133.568364,117,1722.828261
-80.33978,179,1723.12488
-7.703861,281,1723.352009
-65.566876,253,1723.709338
-36.279085,508,1724.273176
-38.84455,256,1724.4825
-101.443781,107,1724.569669
-108.614328,113,1724.815832
-78.485241,126,1724.918457
-42.340066,228,1725.103571
22.000096,356,1725.546492
-143.284002,243,1725.899236
-191.093492,357,1726.187383
-97.08586,247,1726.539612
-53.101059,151,1726.661297
-120.937313,196,1726.81831
-82.038257,229,1727.166631
-12.380876,225,1727.349213
-72.829128,123,1727.601604
5.650417,303,1727.849029
-62.717902,159,1727.978838
-2.345234,175,1728.279453
-19.880371,298,1728.520079
-78.557927,179,1728.820423
-114.591015,159,1728.950646
-36.414508,298,1729.373413
-46.152936,156,1729.500243
-73.367865,130,1729.605185
-57.41543,222,1729.944019
-145.661443,253,1730.148326
-163.213458,157,1730.274341
-129.014678,118,1730.544086
-128.475401,158,1730.673451
-123.65462,161,1730.803317
-111.871191,191,1731.11102
-86.399146,162,1731.24288
-138.661554,170,1731.382442
-110.805285,386,1731.850353
-193.019312,303,1732.248575
-55.507034,219,1732.426631
-51.671497,174,1732.566756
-49.189958,242,1732.917931
-54.18368,182,1733.067222
-132.17104,374,1733.548594
-53.122402,315,1733.95975
-88.206703,132,1734.066511
-75.976024,174,1734.207266
-42.900148,236,1734.55321
-63.800281,221,1734.732391
-123.890104,167,1734.86714
-35.062148,191,1735.183596
-108.953557,192,1735.33774
-109.853436,95,1735.41604
18.788204,298,1735.809948
-50.709446,201,1735.971809
-112.417506,132,1736.2321
-164.616147,152,1736.356057
-52.55214,141,1736.470643
-76.492392,188,1736.623258
-55.853418,492,1737.177089
-216.336043,180,1737.476763
-59.145547,148,1737.597847
-114.418211,109,1737.685424
-26.655235,191,1738.008413
-47.715774,161,1738.139009
-83.615952,149,1738.260625
-30.507871,245,1738.614839
-125.691191,115,1738.707909
-49.659829,246,1738.90891
27.443563,290,1739.317326
-124.014315,355,1739.777309
-4.56163,218,1739.95329
-68.037419,162,1740.084477
-63.259419,248,1740.450761
-130.580921,246,1740.650286
-145.955081,135,1740.912973
-75.102476,146,1741.032065
-64.489609,333,1741.456944
-109.843972,79,1741.520767
-101.514039,365,1741.819036
-74.577723,151,1742.094274
-93.930553,236,1742.288444
-91.114605,124,1742.391097
-0.701185,246,1742.74999
-67.187869,149,1742.871852
-99.306952,126,1742.972991
-80.685314,138,1743.238829
-102.436649,103,1743.322289
-104.861845,182,1743.469872
-152.246612,220,1743.812932
-93.766568,275,1744.037895
-39.930951,128,1744.293384
-168.132257,268,1744.511201
-180.22742,484,1745.070404
-46.422794,161,1745.20077
-103.510092,254,1745.575376
-115.20489,521,1746.156408
-73.812518,146,1746.275919
-92.592456,121,1746.374715
-42.318356,219,1746.708726
-155.708804,352,1746.996848
-219.441573,239,1747.344323
-105.854262,162,1747.476303
-151.36153,313,1747.884463
-68.587101,181,1748.031389
-147.240865,409,1748.519329
57.703838,446,1749.036446
-65.381716,187,1749.188999
-123.790101,377,1749.652873
-17.850547,245,1749.851372
46.931097,614,1750.671719
-151.881088,133,1750.779855
-213.670828,213,1750.954606
-215.808697,142,1751.222903
-97.587454,282,1751.454319
-146.598223,369,1751.920343
-87.845457,149,1752.040617
-10.774398,367,1752.498648
-69.562563,121,1752.597254
30.148093,405,1753.08226
-150.549502,218,1753.262191
-23.530096,269,1753.636329
-129.499611,349,1754.090458
-117.592605,138,1754.202029
-242.859281,301,1754.444638
-30.449598,289,1754.842163
-85.849119,138,1754.954814
36.255683,443,1755.473503
-148.548315,133,1755.58126
-118.977186,262,1755.949307
-122.909797,170,1756.08755
-61.192184,118,1756.183241
-97.756341,148,1756.494688
-193.972845,163,1756.627575
-90.765839,169,1756.765406
218.464864,975,1757.849846
-85.740527,698,1758.724579
95.626385,488,1759.274959
-117.386686,196,1759.433006
-38.505406,175,1759.574923
-54.619331,185,1759.890959
-201.635537,171,1760.030098
-76.276043,148,1760.149693
-71.328899,363,1760.600724
-70.915395,131,1760.7076
-46.606373,282,1761.093635
-110.825887,166,1761.228585
-90.727938,101,1761.309752
58.806884,329,1761.756244
0.76301,305,1762.170523
-79.972872,211,1762.343183
-113.309168,165,1762.477757
-56.032274,164,1762.788556
-52.946261,280,1763.016939
-125.125486,100,1763.097998
-201.627729,191,1763.405891
-61.650216,112,1763.495973
-100.650509,82,1763.561691
-194.291477,203,1763.882792
-71.044792,105,1763.967483
-139.395793,86,1764.036806
-162.488956,113,1764.128209
-93.467909,295,1764.52755
-8.261881,282,1764.757515
-26.536951,150,1765.032113
-91.232467,95,1765.108487
-66.929112,200,1765.271243
-70.322562,319,1765.731522
-95.50327,273,1765.953287
-46.997314,218,1766.286913
-52.494943,252,1766.492728
-70.844332,130,1766.598141
-139.295082,120,1766.850442
-53.460878,307,1767.099372
-12.907794,266,1767.450642
-104.479135,177,1767.594603
-72.973683,110,1767.684639
-116.043075,75,1767.877137
-169.711837,176,1768.019553
-89.203331,166,1768.154408
-45.341547,112,1768.245398
-79.620892,172,1768.517106
-131.518819,110,1768.606734
-79.529168,249,1768.810241
-174.757327,156,1769.06779
-42.651117,420,1770.278625
-16.365609,223,1770.459755
-64.210289,121,1770.558231
-142.738736,165,1770.836552
-123.999044,192,1770.992913
-82.421731,113,1771.085215
-61.298176,168,1771.221344
-61.872357,164,1771.486849
-106.788716,156,1771.613492
-31.726526,133,1771.721242
-69.404814,352,1772.140788
-213.753234,160,1772.269943
-66.071175,169,1772.5441
-107.062669,141,1772.659316
-39.060778,213,1772.834398
-89.21711,163,1773.100302
-123.088691,139,1773.213871
-69.700159,130,1773.320617
-153.048253,208,1773.621392
-89.035321,228,1773.808124
-21.568905,205,1773.97658
-165.022479,339,1774.387939
-127.116331,116,1774.482395
22.57653,296,1774.853474
-218.40464,205,1775.021304
-111.160873,107,1775.240346
-68.194999,147,1775.360919
-267.930303,244,1775.558496
-35.757652,209,1775.860159
-177.269278,481,1776.387095
-77.294647,97,1776.46564
-61.437332,122,1776.564761
-65.773162,194,1776.720879
-116.345909,112,1776.943759
-296.183851,481,1777.467199
-100.192204,191,1777.621757
-75.698394,119,1777.719904
-98.277047,98,1777.798747
-151.830412,133,1778.039134
-23.623634,266,1778.256452
-113.220497,74,1778.317017
-63.242844,221,1778.62672
-53.531981,154,1778.751683
-101.809714,317,1779.140566
-60.18883,150,1779.263283
-50.881165,952,1780.320343
-84.356995,101,1780.402951
-66.124295,191,1780.560687
-117.314036,118,1780.78895
-97.758994,133,1780.896532
8.266699,298,1781.271382
-2.739744,305,1781.520817
-90.875224,101,1781.602763
-52.420085,219,1781.912652
-26.18925,303,1782.162092
-113.420013,249,1782.498621
-26.096214,399,1782.958741
-120.230763,153,1783.082798
-110.89659,119,1783.179571
-79.234385,202,1783.476768
-37.777291,246,1783.677267
-58.352482,130,1783.782936
39.915354,518,1784.336067
-92.490979,129,1784.573865
-76.663693,130,1784.680009
-94.845352,393,1785.133876
-120.906728,315,1785.391597
-36.546351,249,1785.727317
-93.404419,489,1786.258523
-196.418396,420,1786.606129
-114.817674,256,1786.945097
-76.551912,126,1787.048022
-100.595477,126,1787.150334
-61.432297,139,1787.395072
-61.394513,219,1787.573008
-166.879506,155,1787.698203
51.367175,442,1788.188205
-107.801437,216,1788.496069
-61.995922,121,1788.594446
-79.420844,164,1788.73038
37.838386,380,1789.172301
31.858166,368,1789.606057
-104.388178,292,1789.842697
-134.650812,220,1790.15439
-108.695078,272,1790.380732
-212.482458,348,1790.799369
-90.415607,188,1790.951894
19.041914,380,1791.395233
-85.680329,108,1791.482952
-148.546081,149,1791.736306
54.171235,333,1792.007638
-30.354688,340,1792.420271
-87.910948,90,1792.492684
-171.694394,261,1792.84118
-154.878008,187,1792.992414
55.206126,416,1793.465302
-236.619277,624,1794.106187
-72.587945,175,1794.248173
-155.634713,113,1794.33901
83.205848,569,1795.074231
-80.556188,153,1795.198144
101.059121,775,1795.968282
182.942202,1000,1797.066288
-69.690932,108,1797.286361
-69.800613,149,1797.408205
-49.86481,145,1797.52675
230.013852,1000,1798.616657
-146.0906,311,1799.005991
-21.708388,296,1799.247601
-123.802359,298,1799.621918
-91.375901,124,1799.722563
-128.945575,105,1799.809096
-39.561936,180,1800.086412
-109.903965,118,1800.181422
-10.707311,143,1800.298166
-85.173972,112,1800.389004
-55.107671,183,1800.669397
6.938197,431,1801.149766
-46.142827,202,1801.313543
-178.213166,243,1801.514665
-99.903934,99,1801.733156
-96.668554,117,1801.828589
-56.927715,133,1801.936876
-208.627822,173,1802.080517
-87.787647,136,1802.322949
-63.684502,142,1802.438675
-56.72549,225,1802.622831
41.203354,609,1803.384516
-64.52463,321,1803.646339
-58.648358,186,1803.930966
-117.028146,432,1804.28335
-62.81683,215,1804.589069
-3.660649,259,1804.799759
-114.058214,763,1805.691493
10.130665,317,1806.082227
-74.04285,129,1806.187084
-87.909403,197,1806.350963
-78.442129,159,1806.483212
60.146803,446,1806.984477
-45.426043,177,1807.261595
-58.029251,276,1807.488281
181.472182,808,1808.42296
17.694586,359,1808.847831
-23.556903,267,1809.066806
-74.35814,188,1809.220727
-78.918423,158,1809.483552
97.532504,566,1810.08158
-60.515241,157,1810.208604
-52.048533,165,1810.344786
-49.387409,205,1810.643235
-78.392948,119,1810.740507
-43.427506,176,1810.883949
89.384167,541,1811.467085
-89.460211,380,1811.910234
-89.300666,155,1812.168973
-57.736795,202,1812.333738
-77.084446,219,1812.512724
-4.115492,291,1812.884439
-69.924466,330,1813.285083
-26.659617,171,1813.42425
-39.681905,219,1813.603441
-130.476435,126,1813.846117
-106.392912,210,1814.018182
-109.082951,190,1814.174624
-33.507178,254,1814.5145
-58.385087,160,1814.646445
-80.797244,127,1814.74902
-6.137305,200,1815.06508
-144.321787,165,1815.197774
-6.139872,258,1815.562153
-15.731193,211,1815.73563
1.230564,235,1815.928361
-20.625428,216,1816.270113
-179.844355,174,1816.415168
-179.935256,380,1816.892827
-225.417869,149,1817.016581
-71.231197,151,1817.292331
-42.408328,201,1817.457598
-42.192233,165,1817.593539
94.079375,610,1818.250509
-74.042948,140,1818.517623
-56.947273,126,1818.620734
90.498919,611,1819.278736
-51.353128,181,1819.579674
98.742273,617,1820.217091
-80.262695,164,1820.350659
40.7256,468,1820.866289
-132.374612,185,1821.01628
-114.639348,95,1821.223858
-39.971837,213,1821.398431
-12.996381,228,1821.586243
-69.604043,299,1821.962688
-39.954981,206,1822.132687
62.768793,570,1822.730936
-61.234068,159,1822.990645
-60.497811,273,1823.210808
-75.989254,162,1823.474119
-72.723235,148,1823.595517
-48.66585,224,1823.776559
-51.76135,182,1825.458766
-97.312641,205,1825.628051
-74.915196,161,1825.758804
-74.897255,109,1825.979078
-133.313344,165,1826.112795
-87.903695,175,1826.254314
-8.308433,352,1826.67469
-28.437955,205,1826.840563
45.70245,469,1827.355866
-70.614577,188,1827.640777
-55.65921,205,1827.80874
-148.209224,134,1827.917342
-30.776751,247,1828.249037
-129.743582,188,1828.402375
-86.349805,206,1828.722637
-63.480689,167,1828.858166
-30.852521,206,1829.024772
-69.599455,181,1829.325921
-61.432314,142,1829.441546
-72.594516,143,1829.557616
-111.009405,80,1829.622333
39.382821,760,1830.557969
-96.448814,109,1830.645377
-79.677653,114,1830.738341
-21.779178,177,1831.046973
-74.411288,106,1831.133732
-131.289411,142,1831.249424
-35.244409,236,1831.598537
-55.363141,924,1832.510087
-87.667046,113,1832.756246
-35.629166,210,1832.926141
-69.299044,193,1833.084242
-4.323324,260,1833.492702
-100.89151,171,1833.632953
-51.672609,202,1833.964119
-61.467856,150,1834.087194
-73.65859,117,1834.181873
-97.210373,106,1834.267513
-102.570822,339,1834.722136
-79.908439,115,1834.81478
-59.750352,267,1835.189514
-47.152547,182,1835.337007
-23.677915,250,1835.693143
-114.557829,149,1835.818736
-38.189861,208,1835.990018
-14.164532,285,1836.396008
-59.182373,188,1836.55057
-142.621182,239,1836.899553
-317.360737,468,1837.421547
-24.585237,327,1837.690407
-185.95344,148,1837.96078
-77.130536,114,1838.053774
-90.198924,129,1838.158354
-99.98258,638,1838.822948
-13.282013,206,1839.123389
-16.365707,224,1839.305706
-73.974997,138,1839.419394
-0.545025,299,1839.795308
-222.840443,312,1840.18614
31.640191,334,1840.457682
-58.490588,545,1841.035106
-96.340901,178,1841.31212
-93.239073,93,1841.388132
-23.868391,270,1841.609878
-85.529811,175,1841.883826
-23.291011,362,1842.17945
-118.760986,156,1842.440207
-348.843917,939,1843.476723
-52.308892,238,1843.671079
-59.28476,128,1843.774218
-107.232905,122,1844.025103
-97.565717,130,1844.130884
230.516051,1000,1845.253456
-119.942252,317,1845.512723
-78.527155,209,1845.849524
-58.247963,258,1846.05839
-67.863637,153,1846.345352
-78.699111,182,1846.492021
-27.088367,328,1846.922593
-62.503974,168,1847.05975
-105.385882,158,1847.1891
-83.959244,165,1847.479704
-76.833719,161,1847.610111
-133.578407,88,1847.681262
1.453936,319,1848.092747
-94.286322,164,1848.226533
-26.121379,308,1848.636436
-114.033674,195,1848.793718
-88.355241,111,1848.883393
61.745226,515,1849.483365
-207.532759,192,1849.798326
387.959122,1000,1850.801216
-97.038884,100,1851.034513
-40.483934,175,1851.175949
-151.406542,955,1852.261299
-32.845892,337,1852.693523
216.23075,850,1853.521069
47.658076,632,1854.17217
1.501623,394,1854.62487
-107.806848,288,1854.991367
96.286302,808,1855.808429
-124.490086,83,1855.875575
-83.150991,237,1856.220774
-45.140378,188,1856.375239
35.86148,379,1856.857715
8.823632,211,1857.02903
-167.130028,209,1857.352302
-39.267892,255,1857.558787
-61.736072,158,1857.850342
245.450224,1000,1858.940359
-62.610952,122,1859.039216
-106.518888,781,1859.811768
39.72727,502,1860.352249
-34.967404,323,1860.766645
-44.263744,272,1861.140752
-16.62667,236,1861.335614
-57.233309,150,1861.457401
12.591368,450,1861.98131
-14.153042,513,1862.555596
-36.634464,281,1862.946856
368.71237,1000,1864.053976
-39.971592,235,1864.246186
-143.559165,226,1864.562143
-84.196099,302,1864.810471
-45.576987,308,1865.194125
-88.927196,227,1865.37815
-40.77878,455,1865.881212
-75.384188,176,1866.023374
15.407313,323,1866.42057
-114.087877,541,1867.025307
-126.152872,110,1867.114876
-88.634347,111,1867.359749
-31.72846,361,1867.658284
-159.538328,237,1868.005226
-28.138688,242,1868.202193
-90.818039,155,1868.462632
-161.663723,202,1868.627664
-38.771349,353,1869.047789
84.987761,646,1869.709362
-10.721286,296,1869.949815
-102.116538,148,1870.220359
-7.337759,407,1870.681702
-79.50252,147,1870.800301
-64.735201,127,1870.902286
-75.191087,164,1871.034057
-35.46777,162,1871.296748
-7.465169,217,1871.473096
-81.99548,224,1871.785327
-89.169089,136,1871.895142
-45.615148,217,1872.072072
25.273189,477,1872.593881
53.269145,385,1873.038003
-104.319847,95,1873.11561
-89.878258,124,1873.217023
-84.305569,122,1873.447322
-39.64305,352,1873.731601
-66.912956,134,1873.970767
-64.085886,196,1874.129802
-179.896341,159,1874.257931
-29.455688,573,1874.858646
-59.524056,166,1875.124083
-96.374347,247,1875.32521
-59.920539,137,1875.435729
-76.193057,114,1875.659683
-14.6405,332,1875.92787
-168.832711,427,1876.405695
-18.509397,302,1876.783643
60.326276,460,1877.287004
-44.930636,162,1877.419748
-67.738157,163,1877.55145
-41.404183,186,1877.836391
-62.07906,185,1877.985944
26.356989,443,1878.475544
-121.09296,92,1878.55131
-96.620301,108,1878.63938
-65.063775,349,1879.053923
-52.73234,166,1879.188918
-42.742374,485,1879.715269
-72.099275,141,1879.830852
-65.74102,132,1880.06979
-143.610234,404,1880.97209
-3.593325,321,1881.232396
-69.080033,167,1881.368734
-73.322983,113,1881.591125
-66.429066,177,1881.735032
-76.827313,136,1881.84433
-81.283721,187,1882.128908
-13.82464,286,1882.362501
-4.513446,247,1882.695459
-132.27742,261,1882.908751
-102.283046,148,1883.160887
72.447528,473,1883.546603
-149.548649,173,1883.817643
-77.859443,150,1883.940199
-109.217331,206,1884.107293
0.167318,645,1884.895622
-115.691311,150,1885.017013
-102.858564,177,1885.16019
-15.026215,488,1885.688297
199.44223,808,1886.610938
-60.927214,313,1886.99685
-101.374435,117,1887.091025
34.073995,633,1887.733613
-94.363523,315,1888.122075
-76.584651,140,1888.234932
8.236857,342,1888.646359
9.203826,539,1889.212769
-6.331479,414,1889.55291
-2.423305,358,1889.975507
-115.505559,142,1890.089707
42.490233,742,1890.99412
-90.992446,117,1891.088557
-100.880421,84,1891.155779
113.55161,842,1892.10644
43.949322,411,1892.574342
28.851954,469,1893.091777
477.449744,1000,1894.172389
-115.248623,656,1894.83898
-62.939054,123,1894.93817
-56.513309,177,1895.081126
-17.395074,299,1895.455326
-43.993458,171,1895.593407
-9.119485,242,1895.935517
24.470006,382,1896.417382
-65.916124,122,1896.516043
-122.327555,164,1896.649727
-68.553748,162,1896.779435
-71.707983,130,1897.037319
-73.670616,188,1897.190178
-120.156891,128,1897.293378
-42.008598,581,1897.917643
-84.928615,477,1898.4555
-65.02217,274,1898.840566
87.464471,472,1899.375923
26.159285,327,1899.639934
-28.243254,280,1900.032138
-54.039666,256,1900.24033
-182.332117,163,1900.524539
-76.324081,183,1900.672684
-104.642407,220,1901.01004
62.742951,482,1901.553605
-89.095227,345,1901.833019
53.617364,631,1902.497092
-14.889762,265,1902.86386
-142.406412,144,1902.980734
-19.105855,496,1903.539996
-68.73566,235,1903.887299
-49.656282,323,1904.148794
-96.567026,189,1904.454884
35.378085,410,1904.787571
-86.74415,128,1905.043512
-20.784871,568,1905.661009
-99.56395,276,1905.886412
-46.654229,283,1906.267233
-90.103747,266,1906.487796
-44.426112,267,1906.857355
-57.610924,154,1906.981879
-31.146916,563,1907.575711
-154.581165,860,1908.540324
-130.802914,372,1908.984176
-40.772059,249,1909.185979
-44.745084,507,1909.730859
-60.107206,385,1910.174101
-99.091978,302,1910.548733
-102.349903,724,1911.268974
-142.118132,225,1911.452542
9.820962,401,1911.909678
-53.953715,214,1912.214396
199.527782,914,1913.089109
280.999179,1000,1914.169806
193.080948,936,1915.194173
-134.428929,561,1915.778869
42.912544,595,1916.394984
94.291491,824,1917.351633
50.7194,486,1917.900182
-4.305131,262,1918.264837
-54.388479,185,1918.417486
-4.310642,237,1918.609879
4.626435,225,1918.979693
-35.068298,238,1919.172226
-146.158591,371,1919.636465
79.136591,806,1920.626533
-63.11183,225,1920.808891
-5.225133,604,1921.479645
-12.330708,512,1922.049912
-89.591996,450,1922.619101
-88.937997,131,1922.725126
-87.648055,392,1923.210087
312.457855,1000,1924.36098
-94.526402,250,1924.716448
-81.055462,109,1924.804674
-48.647289,213,1924.978073
72.415518,683,1925.705266
-60.328237,175,1926.000172
48.881119,544,1926.600337
-115.354708,514,1927.186853
-87.441974,216,1927.363882
-34.714951,996,1928.480317
4.853297,841,1929.486681
-24.872159,407,1929.986332
-29.559312,454,1930.508951
-50.600108,184,1930.658277
37.213918,505,1931.222757
-188.909487,298,1931.622453
-146.240143,489,1932.02122
58.949002,870,1933.03529
-51.17571,170,1933.17345
-91.215168,128,1933.459002
181.435497,1000,1934.580441
-5.861711,327,1934.846006
-77.423089,138,1935.127512
-27.478554,238,1935.321687
-169.185408,280,1935.703226
-100.158317,405,1936.822273
-117.665784,247,1937.176492
42.343004,511,1937.755545
-29.563209,285,1937.985581
-50.197557,253,1938.343822
-63.422238,155,1938.469966
-111.642957,168,1938.774772
-153.943348,271,1938.993885
-95.296438,298,1939.392465
-70.34553,932,1940.482252
-78.667408,342,1940.75859
-52.643416,249,1941.115601
-57.003212,158,1941.244045
-76.747473,289,1941.634893
-94.252404,105,1941.720824
-95.484225,212,1941.894011
-53.846373,214,1942.225868
-78.393073,146,1942.344408
-76.748109,319,1942.604034
-85.74066,170,1942.874788
-33.484734,259,1943.084351
-86.691105,127,1943.339691
-71.817735,188,1943.492235
0.79636,655,1944.179431
-35.750827,221,1944.511311
-59.885769,230,1944.697781
-33.405079,227,1945.037745
3.655801,257,1945.247567
-5.488737,353,1945.715159
-52.825837,180,1945.861838
-121.426438,241,1946.218536
106.342605,660,1946.910483
-6.275101,230,1947.098458
218.000855,1000,1948.226988
62.691071,747,1949.104632
44.033504,806,1949.892895
59.014325,548,1950.471684
-77.97242,222,1950.801757
-173.865739,670,1951.500637
346.025488,1000,1952.624146
-147.116943,420,1953.120629
95.200394,490,1953.692842
-46.472588,189,1953.846647
-94.201083,225,1954.208135
-49.195559,302,1954.456691
-45.703255,465,1954.990322
-233.093373,248,1955.358395
-107.306294,273,1955.578463
-126.16275,488,1956.130858
-53.65672,366,1956.581434
-66.298506,174,1956.722321
8.279927,390,1957.206001
-17.67139,219,1957.384548
31.322194,298,1957.780373
13.550342,238,1957.974701
-91.241245,115,1958.22598
43.879666,376,1958.531168
267.326316,764,1959.444524
51.748093,527,1960.027039
53.278805,470,1960.544541
-90.128029,142,1960.659087
-76.014187,342,1961.079457
-46.722685,153,1961.205161
-66.312359,183,1961.354816
-71.780688,210,1961.658042
-100.830939,111,1961.748374
-61.852146,841,1962.698374
-64.56709,341,1962.973639
-53.367294,147,1963.22447
-241.544742,309,1963.477891
38.813394,767,1964.36662
-158.518777,204,1964.530914
37.174006,334,1964.960543
-57.954899,154,1965.085919
-85.429319,220,1965.263454
-33.458147,276,1965.640308
-163.812119,361,1966.098391
92.271729,784,1966.890944
-220.330558,263,1967.265999
-52.13978,318,1967.526112
-79.519875,229,1967.86968
-237.613916,250,1968.073989
-45.652267,555,1968.692301
-78.99118,168,1968.982623
-40.59522,204,1969.147956
-57.718561,321,1969.555168
-118.007388,370,1969.856941
77.451703,892,1970.847064
27.51815,360,1971.270287
-63.87574,124,1971.371045
-93.81383,96,1971.449096
-28.820397,292,1971.818596
-18.052071,306,1972.198564
-90.426638,138,1972.310398
-6.010044,285,1972.54435
-59.124489,260,1972.888389
-72.310652,123,1972.988009
-45.234011,223,1973.3006
103.901019,1000,1974.244733
-99.553687,131,1974.481559
-88.086537,220,1974.661109
-92.286726,208,1975.004867
-73.394465,116,1975.100715
-98.933893,285,1975.331777
-40.86026,194,1975.641814
-106.990434,286,1975.874832
-81.467294,210,1976.200991
-57.973301,217,1976.379611
-14.808777,249,1976.779238
-24.712704,312,1977.032624
-62.080943,146,1977.304601
-32.50156,256,1977.513004
-36.160834,238,1977.70622
-44.715499,323,1978.12352
96.373534,702,1978.863975
147.632928,722,1979.758854
16.510281,416,1980.251735
-39.558754,131,1980.358737
-101.888241,232,1980.54673
-133.709126,145,1980.859504
9.527731,701,1981.595429
-71.914088,134,1981.703897
30.564707,614,1982.520415
68.014994,549,1983.121317
-152.925068,697,1983.842213
-119.407324,83,1983.910497
-44.903646,263,1984.290643
-144.183379,304,1984.537661
-150.719378,218,1984.875722
-159.806194,257,1985.084195
-53.80031,181,1985.41429
-19.573464,472,1985.797275
114.958597,628,1986.654497
-73.558252,182,1986.804284
-106.629918,103,1986.888963
-56.620754,135,1986.998749
25.14315,274,1987.374005
-59.012582,191,1987.528731
-85.777086,99,1987.798448
-102.329103,93,1987.874173
-32.505357,176,1988.017232
-60.649214,233,1988.391002
-30.463295,219,1988.570484
-34.592625,297,1988.972357
-55.801969,182,1989.119677
-15.846269,271,1989.340596
-96.097272,151,1989.627634
-86.572164,186,1989.778771
-97.724611,153,1989.902306
-84.671195,184,1990.224054
51.984068,389,1990.722934
30.931827,480,1991.116916
-43.137548,314,1991.525267
-7.531498,542,1992.119132
-165.108948,183,1993.315381
-76.386914,269,1993.535214
-158.220549,222,1993.716587
-197.78165,298,1994.118408
-114.31664,163,1994.249604
-75.896946,152,1994.552847
-95.62681,134,1994.663263
-223.820894,130,1994.769447
-57.395536,191,1995.078174
-96.221061,182,1995.225625
-90.17365,168,1995.361363
-34.865294,267,1995.733473
-80.494989,102,1995.815948
-84.924128,230,1996.003293
-111.594307,765,1996.955064
-29.968137,297,1997.196812
-124.689387,120,1997.487615
-70.517376,123,1997.587452
-43.664931,340,1998.017973
-40.49535,354,1998.306199
-104.354578,163,1998.610005
-63.189817,215,1998.784482
-31.407751,257,1999.147996
-77.791742,157,1999.275442
-169.035844,391,1999.744269
-154.443513,207,1999.91099
-149.194877,385,2000.37636
-73.800276,152,2000.499909
-138.204843,228,2000.837418
-74.235216,110,2000.926507
-95.758918,105,2001.011978
-61.101684,312,2001.456536
-67.415398,161,2001.587205
5.566462,545,2002.200596
-220.602943,170,2002.339796
-53.911918,165,2002.626974
43.265098,547,2003.231311
-93.332565,306,2003.481721
-73.662858,194,2003.792244
-212.932829,195,2003.951349
-64.586244,164,2004.085943
-50.547214,202,2004.40479
-70.891893,226,2004.590616
-88.643686,116,2004.686262
-153.999702,204,2005.036241
-25.940658,405,2005.518266
-70.982737,153,2005.64249
-159.60686,212,2005.817901
35.050565,565,2006.433137
-72.029115,245,2006.80028
-98.472748,528,2007.384936
-65.18944,161,2007.515584
-62.412072,297,2007.911256
-35.994021,240,2008.108522
-269.986934,215,2008.462324
-108.030299,484,2009.017915
143.200159,1000,2010.144319
-75.704723,661,2010.86301
-103.849912,209,2011.034572
334.24422,1000,2012.164233
-131.243411,157,2012.455014
-61.483994,157,2012.582131
-61.52152,129,2012.686775
-69.05638,144,2012.803568
-88.037861,385,2013.249288
-186.660227,314,2013.63759
40.704451,565,2014.230461
-53.015725,238,2014.424686
-68.665381,219,2014.734565
-40.514988,238,2014.92786
-8.865259,301,2015.305885
-238.921705,173,2015.446996
-58.712358,225,2015.78665
-110.471634,104,2015.871278
-89.665872,191,2016.027133
-240.734319,242,2016.377401
-191.092128,178,2016.522607
-11.86146,428,2017.042198
-81.599831,219,2017.219336
-85.731802,135,2017.481973
6.244377,371,2017.785092
-193.036012,235,2018.150319
-139.897429,222,2018.332082
-57.970678,158,2018.461718
-238.887339,166,2018.761749
-0.547349,523,2019.349246
-138.525185,311,2019.605287
-188.416014,242,2019.956993
107.078308,887,2021.001423
-67.810578,325,2021.268573
-178.916913,306,2021.672874
-74.390952,216,2021.84958
-136.359401,240,2022.212563
-36.497928,287,2022.448207
-91.245813,195,2022.760885
-117.517254,255,2022.97042
27.620282,752,2023.869022
-187.110489,227,2024.055199
-111.362724,231,2024.37519
-36.493378,396,2024.698594
-45.623571,256,2025.039559
-57.967522,237,2025.232753
-83.517599,421,2025.708861
-86.191562,100,2025.791735
-89.791122,352,2026.212877
-162.785429,673,2026.896295
-115.470817,653,2027.693961
-99.244488,206,2027.863114
-249.116895,130,2027.970821
-125.144901,352,2028.390974
-84.56941,764,2029.155663
-146.034529,200,2029.449489
-106.465424,127,2029.55393
109.994632,550,2030.142999
-147.818917,416,2030.616222
-94.858857,147,2030.737497
-11.367518,469,2031.255614
-45.866592,180,2031.406516
6.617923,609,2032.174187
-120.877257,509,2032.727594
79.869507,594,2033.347029
-67.588777,216,2033.524562
-33.933745,230,2033.844332
101.535748,497,2034.387033
-83.745676,112,2034.478408
97.643496,1000,2035.562366
8.670685,370,2035.997527
-48.11816,261,2036.210812
-84.781241,188,2036.366116
18.242768,433,2036.85564
383.107375,1000,2037.941366
-111.365972,636,2038.596848
-73.938341,226,2038.913763
-19.600575,265,2039.130116
-63.99954,277,2039.487524
53.836722,452,2039.99024
-121.769499,150,2040.114319
-13.930036,692,2040.8136
-133.432654,584,2041.650885
-48.50205,634,2042.325458
-94.111754,427,2042.860433
-131.904621,244,2043.059715
-247.27999,398,2043.541109
-52.315667,248,2043.744812
-88.957875,170,2044.039506
-284.674097,354,2044.330148
68.351504,696,2045.207796
-150.592975,619,2045.870713
-16.75943,429,2046.377076
-110.238651,490,2046.934025
-246.038572,283,2047.16597
-149.050225,481,2047.72161
-260.875352,459,2048.250213
-216.775166,311,2048.657575
64.523828,828,2050.702092
-267.830844,167,2050.992594
-158.305338,225,2051.177672
-29.003541,387,2051.656526
-116.927023,539,2052.256343
-9.417931,864,2053.307353
-247.114083,316,2053.566408
-260.651257,133,2053.827907
-245.048368,209,2053.997357
-263.343429,130,2054.103776
22.953941,468,2054.639703
-59.076877,259,2055.032764
-62.913411,249,2055.236995
-215.228028,169,2055.375574
-239.869684,248,2055.734207
-242.704157,148,2055.854436
0.692707,394,2056.334166
-281.654234,161,2056.465455
-58.426824,602,2057.266865
-245.254867,192,2057.426241
-163.144786,586,2058.06177
-243.934092,134,2058.172288
-12.680493,646,2059.025294
-93.178291,583,2059.661346
-10.316229,244,2059.862335
-137.522667,295,2060.279876
-117.470717,497,2060.841542
-81.420334,263,2061.054884
-170.411849,318,2061.470015
-225.074558,116,2061.564035
-285.303716,378,2062.028168
-212.522426,331,2062.301241
-56.364529,571,2063.087737
96.750492,527,2063.674546
-166.456764,100,2063.756876
36.193533,400,2064.238746
-193.049506,319,2064.500199
161.016514,795,2065.468401
19.688588,730,2066.217963
-21.510834,233,2066.562159
-57.358006,805,2067.382615
-227.788644,340,2067.816153
23.524046,435,2068.34093
-104.860396,188,2068.495697
34.422287,477,2069.040688
-73.069517,376,2069.503047
-247.986707,174,2069.646185
-255.617985,272,2070.024412
25.614576,685,2070.741307
-205.097868,280,2071.139419
333.015383,1000,2072.12408
-35.051736,348,2072.561592
-33.773509,394,2073.037528
47.484198,814,2074.019819
133.378523,725,2074.771003
-153.219868,162,2074.903171
-119.978975,251,2075.274898
-103.283411,308,2075.528528
52.482957,592,2076.186251
24.030938,514,2076.778613
63.351115,457,2077.31013
-91.380407,133,2077.575999
-188.623671,224,2077.758666
-88.852964,165,2077.891837
321.583312,1000,2079.047114
-172.941267,516,2079.647898
132.024005,1000,2080.792248
-47.676919,259,2081.156999
-121.263865,183,2081.30604
-269.868937,494,2081.878623
-143.739085,281,2082.282646
-292.972038,199,2082.446056
19.056986,439,2082.975318
120.124013,711,2083.729922
-217.545725,126,2083.983357
60.014517,503,2084.550049
-160.784409,216,2084.727948
-81.193373,322,2085.148344
-289.352486,216,2085.324779
3.975215,419,2085.83885
44.533358,763,2086.629952
-245.863311,218,2086.979424
-52.634798,630,2087.676878
-71.520228,427,2088.179794
-90.080558,914,2089.237465
-205.256683,360,2089.531201
22.075036,683,2090.400475
-248.565847,212,2090.574295
176.596763,614,2091.240377
86.019589,583,2091.875245
55.766721,988,2092.987461
-128.171381,228,2093.34106
-51.762357,312,2093.597467
-77.41635,142,2093.867534
92.991253,718,2094.607199
-80.839988,290,2095.026575
-62.984056,286,2095.260913
-60.227665,179,2095.559475
-47.311319,232,2095.750116
-108.473944,407,2096.240299
219.528233,814,2097.111309
-68.285672,218,2097.471933
-75.118639,208,2097.642225
-246.106465,319,2098.055463
-106.625334,639,2098.731271
-134.206231,269,2099.123399
-36.550177,300,2099.367079
-85.420297,408,2099.865209
-39.781024,574,2100.487972
-134.431404,297,2100.886648
-0.180791,416,2101.405842
-11.974441,717,2102.158007
-79.333153,203,2102.325119
-211.835245,163,2102.628006
-280.046358,117,2102.72352
316.603947,1000,2103.883836
-91.747956,138,2103.996174
-234.808022,133,2104.104588
-63.144707,148,2104.390329
7.032465,346,2104.673148
-91.619141,121,2104.91904
22.087441,724,2105.673999
-16.697741,745,2106.441097
-102.056557,265,2107.367271
-42.788682,216,2107.544977
-52.708771,302,2107.944542
-186.010449,206,2108.112514
-49.045088,146,2108.38892
-258.041352,143,2108.505371
-36.947313,206,2108.6738
12.885708,392,2109.15901
34.440528,338,2109.589499
-96.2518,624,2110.255785
166.43515,787,2111.074268
-1.172318,495,2111.636608
-1.379926,386,2112.106057
-232.826511,188,2112.413517
-79.596834,426,2112.760795
-66.692487,607,2113.58028
57.772057,420,2113.922546
-128.052804,172,2114.215077
-47.119494,654,2114.918614
-33.449938,212,2115.09239
-203.214397,256,2115.488202
-75.207875,454,2116.012836
121.776504,660,2116.709687
-70.843449,409,2117.197389
13.877112,295,2117.438701
-20.725801,236,2117.78635
-207.293165,219,2117.965062
-75.240547,187,2118.271459
-30.839024,281,2118.500974
-40.825622,219,2118.844468
-241.338045,156,2118.973048
-230.347246,268,2119.344249
-91.358639,336,2119.618463
-91.229062,192,2119.929848
-98.086594,744,2120.694042
-181.945813,429,2121.201946
-250.410841,235,2121.394583
-28.330948,430,2121.900651
-32.050696,322,2122.328944
-164.61814,349,2122.613472
-377.027709,988,2123.739767
-84.440857,253,2124.101288
-52.376374,196,2124.261993
-207.319806,371,2124.715721
35.872868,372,2125.156688
13.316631,1000,2126.239151
-16.248138,397,2126.564066
-17.800192,343,2126.976559
-26.057733,496,2127.535827
-139.1323,357,2127.961045
-108.465048,149,2128.082129
-174.080537,524,2128.644294
-68.100548,126,2128.748328
-47.800776,167,2129.021724
-41.376586,271,2129.245614
-67.984899,492,2129.79926
-41.34505,153,2129.924513
-139.493749,172,2130.218908
-90.396803,148,2130.339547
-29.275079,387,2130.808547
-126.784605,463,2131.340386
-47.191133,330,2131.608126
-134.089098,319,2132.026182
-65.749161,254,2132.388282
-249.265262,907,2133.292265
56.961757,496,2133.8527
-3.170802,284,2134.249802
-211.34032,475,2134.793128
-93.037668,138,2134.906767
-39.842034,210,2135.07947
-123.186268,169,2135.412067
-108.289154,181,2135.561736
-157.028262,473,2136.104731
-35.272156,253,2136.470606
-70.315102,224,2136.65442
-216.629241,273,2136.879775
-56.541888,574,2137.682633
-74.167355,143,2137.800548
147.781664,697,2138.53268
-161.978694,275,2138.936076
-101.266573,217,2139.114559
-241.665903,886,2140.151043
-129.203967,163,2140.283397
-6.117058,237,2140.631186
9.22545,249,2140.836048
-186.958064,299,2141.262462
-85.532187,171,2141.403782
-144.994745,681,2142.124677
-80.124751,165,2142.413562
-36.153012,297,2142.658119
-114.853134,149,2142.969809
-96.89978,137,2143.080869
-70.14231,183,2143.230733
-149.847118,447,2143.789819
-180.519738,212,2144.117133
-94.100304,187,2144.270226
-58.39783,263,2144.4864
-94.271844,179,2144.787408
-217.574931,154,2144.913191
-90.322688,130,2145.019257
-225.749086,208,2145.34734
-161.4828,259,2145.560842
-210.53596,210,2145.866528
-115.061759,369,2146.169664
-39.643433,172,2146.443663
-72.301604,373,2146.753562
-77.899204,243,2147.087379
-121.108575,352,2147.507607
-91.014662,500,2148.049784
-96.114114,159,2148.179175
-67.599302,297,2148.422885
-72.035673,158,2148.684313
-86.978549,131,2148.793442
-189.664025,196,2148.953119
-128.586561,548,2149.668576
-133.231599,139,2149.782764
-84.551042,399,2150.243886
42.818408,411,2150.581536
-188.120027,149,2150.834431
3.553183,454,2151.350851
-83.224749,176,2151.494908
-16.812376,316,2151.755451
-59.861513,170,2152.034425
-62.978452,210,2152.209304
-128.502682,410,2152.675639
-91.955716,303,2153.055401
-109.202173,646,2153.717493
-72.983169,152,2153.842743
-76.120808,205,2154.141652
-48.214006,179,2154.288018
5.286858,416,2154.765806
-88.354288,151,2154.889431
-65.894506,240,2155.250287
59.612712,746,2156.022804
-191.610921,705,2156.760865
-124.347381,299,2157.162627
45.470628,420,2157.678825
-106.902105,607,2158.334584
-73.502746,278,2158.565339
-232.106946,218,2158.897106
-79.084407,225,2159.081662
-109.74471,345,2159.518707
-67.477207,299,2159.919801
-6.204785,267,2160.140765
-51.223023,581,2160.776616
-96.797813,160,2161.061153
-90.765252,174,2161.203028
7.403462,314,2161.617381
-67.899195,306,2161.869486
-131.385623,245,2162.234191
-140.161666,180,2162.382524
74.218887,556,2163.001962
24.482993,838,2164.440935
-218.948521,348,2164.729985
154.086546,973,2165.847794
-86.848747,267,2166.238235
-12.665929,282,2166.47488
8.277846,606,2167.267538
-192.941292,525,2167.832839
-12.812224,282,2168.065971
-231.436875,179,2168.2142
13.419952,311,2168.603003
-70.192113,370,2169.043711
-167.486896,399,2169.505364
-65.811496,424,2169.85844
-70.8422,347,2170.277726
-110.249101,492,2170.817865
-233.639821,334,2171.228061
-123.666049,186,2171.383406
-219.53034,488,2171.9199
-67.874738,565,2172.531835
-266.037702,146,2172.650575
-85.871341,912,2173.668611
-294.696565,894,2174.673121
-214.158274,221,2174.856388
171.104718,1000,2175.97319
130.284916,638,2176.78083
-182.959203,499,2177.364753
19.41782,450,2177.736914
-173.648482,432,2178.255993
-79.896592,771,2179.204092
-70.035223,717,2179.956647
-137.600553,622,2180.627792
5.507272,426,2181.131123
149.115939,1000,2182.271519
-248.358573,790,2183.236998
-77.073476,373,2183.545148
66.395755,748,2184.473024
-75.89134,312,2184.733224
113.023782,672,2185.597973
113.609585,721,2186.351206
-10.332875,985,2187.483341
-57.416876,370,2187.943141
-195.41563,247,2188.150256
-43.366463,695,2189.036037
51.115873,814,2189.86324
56.4773,578,2190.495217
-189.988238,260,2190.863971
-66.459001,173,2191.006958
110.734265,678,2191.880074
-174.994646,217,2192.05819
-83.230484,342,2192.493639
-69.291254,188,2192.650183
-92.163966,230,2192.840461
-35.591158,157,2193.119917
-203.346756,327,2193.390213
-41.16193,224,2193.729637
89.012852,1000,2194.867988
-62.329507,125,2194.971822
-41.711032,302,2195.380795
42.469612,1000,2196.531609
-193.251581,299,2196.779014
-73.815697,198,2197.088903
-94.957699,235,2197.282127
-19.897955,532,2197.867601
-22.822103,448,2198.391058
2.73437,357,2198.843104
-60.541687,272,2199.067085
-43.715734,391,2199.541939
3.194601,325,2199.965645
-17.705151,576,2200.597254
-84.955366,203,2200.765471
4.37602,262,2201.13583
-158.120438,892,2202.032622
-59.300707,582,2202.673736
-271.845251,205,2202.995437
-52.484464,250,2203.201563
-201.738771,646,2204.062768
-116.06268,422,2204.413823
-187.479503,553,2205.179947
-56.898058,735,2205.941196
-151.153109,371,2206.413424
-93.083735,259,2206.627663
18.901892,624,2207.325785
11.903786,796,2208.303029
47.937797,462,2208.848922
8.295549,327,2209.283279
-12.820098,202,2209.448383
23.035055,729,2210.216324
-32.649577,269,2210.593301
-13.850154,363,2211.043547
-97.453254,576,2211.672099
-138.029855,805,2212.491531
-96.893374,296,2212.869126
-110.00693,185,2213.020783
-98.368803,497,2213.560013
-166.290231,237,2213.886065
-92.400275,307,2214.140322
-50.902162,167,2214.409526
109.374744,1000,2215.501601
-121.03534,514,2216.056454
-54.220824,333,2216.329169
17.751147,218,2216.641165
-155.22072,702,2217.351141
-54.981815,172,2217.492387
98.751078,1000,2218.585778
-10.216259,863,2219.559917
12.718591,385,2223.356252
-43.827922,328,2223.629292
-88.71312,714,2224.549597
-96.242717,173,2224.691877
-25.699807,1000,2225.851243
-150.009025,269,2226.227885
-140.99111,396,2226.557554
-137.867871,282,2226.949709
-268.795732,201,2227.115854
74.579109,774,2228.088549
121.052858,560,2228.703173
123.465702,657,2229.402177
-107.663945,158,2229.533672
-46.560325,336,2229.953449
102.194295,803,2230.887069
-103.507557,415,2231.36136
-75.613841,285,2231.597264
2.029308,414,2232.091389
-123.473957,241,2232.291926
123.345012,1000,2233.431804
237.112586,1000,2234.564276
-249.376625,159,2234.858405
213.699636,720,2235.624349
-147.845264,331,2236.061811
-65.508534,421,2236.406972
-45.098817,590,2237.242897
-0.523301,659,2237.982268
-109.09837,439,2238.497931
-14.213574,425,2239.001195
-100.423832,335,2239.278515
-36.940867,179,2239.580209
220.087525,1000,2240.801404
47.497186,545,2241.422966
-66.44452,262,2241.640232
-87.210281,145,2241.759135
42.403669,517,2242.353256
-37.321632,332,2242.780252
-114.640245,276,2243.162089
-75.330006,544,2243.802907
-36.522183,598,2244.461483
-71.095395,166,2244.5984
-121.256653,362,2245.070726
-265.764174,281,2245.303859
-75.801338,237,2245.654824
-8.647513,468,2246.218805
111.32063,662,2246.938655
-142.590448,277,2247.324232
-83.116438,128,2247.429987
-219.938975,174,2247.57555
-69.544202,475,2248.137234
-46.367624,485,2248.690751
-207.014732,520,2249.2837
-137.522321,179,2249.429317
-163.565253,401,2249.913092
-192.128829,404,2250.410608
163.494731,722,2251.171019
-102.874746,166,2251.461904
188.777847,878,2252.343516
97.303665,861,2253.346814
-127.677018,250,2253.685567
-198.063443,241,2253.884881
302.089073,1000,2254.976717
-22.849296,488,2255.512053
-55.562179,382,2255.961752
-159.387548,200,2256.128825
167.311448,1000,2257.222727
-145.91027,563,2257.818971
-192.316857,290,2258.189669
-55.680745,199,2258.355052
-51.998704,307,2258.773568
-15.940436,279,2259.00298
450.882915,1000,2260.137488
376.857977,1000,2261.272831
-85.403534,159,2261.407055
-10.863804,477,2261.954822
-6.934757,681,2262.826242
-142.115793,394,2263.304784
-65.205285,232,2263.497537
-8.397168,692,2264.220925
-92.767378,376,2264.664071
-60.88829,172,2264.805103
-242.866057,215,2265.113636
-187.656619,327,2265.38941
-78.94849,187,2265.677634
-6.962091,506,2266.232745
35.428733,447,2266.732498
336.701879,1000,2267.822083
-134.467616,353,2268.110555
32.232677,792,2269.033035
-227.724706,529,2269.601926
-100.312037,454,2270.106222
-121.998139,414,2270.582573
-162.455468,349,2270.869917
-86.022723,612,2271.519608
-62.196982,143,2271.790199
-55.099396,310,2272.046296
-169.648058,400,2272.528398
-21.212832,305,2272.933762
-147.50601,382,2273.247994
492.134178,1000,2274.359467
15.424059,772,2275.260278
-25.169813,281,2275.624111
269.662999,1000,2276.583415
83.834194,613,2277.352941
97.83397,1000,2278.440182
-87.825612,436,2278.803082
31.199693,463,2280.239699
226.87556,1000,2281.331768
351.899632,1000,2282.42617
175.108057,801,2283.35088
-109.056746,902,2284.365525
-122.215325,664,2285.047375
180.07153,1000,2286.144014
159.361108,1000,2287.246254
235.615753,862,2288.089059
-151.255834,422,2288.568738
-280.329537,536,2289.141765
-256.80628,197,2289.433975
221.172694,1000,2290.52732
-250.273595,287,2290.762958
43.939062,1000,2291.855283
-256.430106,133,2291.965064
-102.356367,296,2292.34133
-37.766475,832,2293.294328
-9.636632,616,2293.9325
16.558451,590,2294.548388
-31.832598,528,2295.1133
254.071858,953,2296.164762
24.54663,463,2296.699755
-228.923123,310,2296.956046
137.222213,1000,2298.093852
-23.812237,320,2298.525934
-142.398611,101,2298.609474
-71.723989,315,2299.021016
-248.810734,233,2299.211519
-47.308352,333,2299.660477
-115.588802,161,2299.790877
-222.666638,303,2300.194049
189.30215,1000,2301.289448
-47.681986,185,2301.441224
-46.84262,337,2301.848634
-106.986199,283,2302.083266
-8.904827,419,2302.560729
-93.56593,225,2302.887159
-43.725903,177,2303.031984
56.979534,775,2303.819882
24.427652,515,2304.377242
259.559449,1000,2305.462948
-305.099171,736,2306.329935
-58.987348,222,2306.513898
128.807017,639,2307.30196
-41.29606,712,2308.01687
-42.452892,229,2308.210784
-79.415359,288,2308.581208
-183.281502,344,2308.995215
-70.931048,155,2309.122202
-218.325917,676,2309.808971
-34.779795,547,2310.394732
-24.5642,333,2310.798523
-76.730975,134,2310.908738
-80.175583,370,2311.341136
-42.02721,169,2311.48093
-15.349992,559,2312.071004
-85.606033,108,2312.312764
-62.772558,671,2313.036312
-55.385167,775,2313.835706
-148.797949,218,2314.195661
-90.47687,432,2314.704912
-130.141376,263,2314.920213
210.069077,1000,2316.077066
-117.330146,143,2316.195279
-166.702699,209,2316.524641
93.752046,541,2317.121333
51.502637,408,2317.609874
-139.867673,353,2317.898796
-58.664488,186,2318.201981
-157.384139,155,2318.329391
-203.969355,234,2318.520707
-44.128509,263,2318.889789
-81.92239,178,2319.035414
-95.139606,199,2319.35217
-251.420683,189,2319.507246
-72.900358,185,2319.65795
-102.362374,266,2320.055568
-123.653757,155,2320.182738
-101.050006,161,2320.467891
-209.871127,361,2320.764298
-201.382063,353,2321.234889
-93.080151,337,2321.673265
-110.982532,253,2321.879433
-78.662724,139,2321.991798
9.589083,431,2322.512912
-101.11572,202,2322.843128
-65.321092,291,2323.081707
-71.332511,191,2323.391875
-207.877231,189,2323.545246
-442.718753,940,2324.649283
-192.336224,889,2325.709299
-155.020669,494,2326.269508
-84.606567,416,2326.611224
-79.452574,668,2327.483605
-299.614938,542,2328.097602
-82.644718,323,2328.363112
-270.846413,677,2329.250145
-26.518408,233,2329.439467
34.945926,633,2330.128369
-147.08588,551,2330.731735
-92.905149,192,2331.041698
14.196493,395,2331.506923
-115.462237,188,2331.660248
120.878424,892,2332.657449
-124.217662,289,2332.894716
-125.856207,114,2332.988719
-147.37828,295,2333.361094
-235.458862,292,2333.730944
-110.064271,225,2333.914096
-115.763724,241,2334.24268
-77.729939,152,2334.366604
-82.4994,152,2334.49086
-30.191596,199,2334.653653
79.889057,763,2335.977976
-239.87186,303,2336.355474
-22.908996,354,2336.647955
6.366987,281,2337.010507
-143.912836,336,2337.284567
-96.579524,249,2337.620622
21.566711,684,2338.315678
36.513346,497,2338.857244
-48.408301,185,2339.13993
-93.246674,172,2339.279413
-18.941095,247,2339.480153
-81.349016,180,2339.781929
45.846889,1000,2340.913149
-17.350646,447,2341.445569
-176.723032,267,2341.664218
-91.578293,214,2341.992416
-112.971099,484,2342.558039
-13.758236,927,2343.47313
-87.312807,194,2343.796453
-143.627733,163,2343.929339
-137.365721,83,2343.997358
-163.410095,323,2344.41743
-61.357589,251,2344.624182
-91.478379,239,2344.971291
-96.158943,108,2345.060082
37.519971,640,2345.738747
141.199255,775,2346.670616
-178.65587,435,2347.158723
-150.337333,379,2347.471118
-37.065032,487,2348.005354
214.00854,1000,2349.089575
-186.449482,197,2349.392602
-197.269254,266,2349.609773
83.119935,705,2350.453914
336.843311,1000,2351.411705
-34.417902,962,2352.466032
-76.35514,192,2352.754295
-32.761954,224,2352.937526
-79.45932,213,2353.24506
-45.101463,157,2353.37486
19.525723,397,2353.83344
-53.875191,377,2354.143934
-124.245453,148,2354.396674
-116.808177,104,2354.481833
7.666955,355,2354.905079
-34.659143,381,2355.216609
-51.517276,161,2355.479917
-70.404589,190,2355.635588
-67.239981,353,2356.055515
31.217963,572,2356.659925
-81.193979,175,2356.802803
-71.966468,170,2356.942178
-76.020904,123,2357.177326
-113.358192,123,2357.280161
-62.581616,170,2357.418894
29.487077,364,2357.848603
-109.258801,210,2358.021853
-242.773781,214,2358.327487
-266.26803,135,2358.437725
-45.072437,154,2358.563585
-98.021677,164,2358.82939
-31.419889,372,2359.137646
-203.060476,314,2359.527256
-22.251258,190,2359.682635
-102.400811,140,2359.930016
-2.702093,396,2360.25439
-32.303382,285,2360.620066
-45.830872,170,2360.759516
-54.731933,324,2361.155768
14.887289,478,2361.680607
-87.457205,179,2361.826126
-12.171248,365,2362.262216
-96.346251,426,2362.745513
-117.584996,116,2362.840286
-60.033721,287,2363.208015
-139.505127,257,2363.419961
-129.657155,470,2363.937845
-111.733363,197,2364.099533
-47.263304,193,2364.390518
-263.927196,206,2364.55866
-64.515428,210,2364.872829
-72.331587,351,2365.163643
-57.71411,253,2365.523838
-77.891673,159,2365.652781
-74.652052,328,2366.055403
-58.819236,189,2366.209209
-162.066377,265,2366.559351
-60.520156,334,2366.831761
-57.893319,211,2367.137101
39.726179,412,2367.474724
-46.708068,244,2367.806679
-122.700301,136,2367.919265
-69.66878,179,2368.198699
-36.507596,305,2368.449188
-43.487651,206,2368.751941
-69.413985,171,2368.893018
-41.355892,344,2369.307557
-86.805309,240,2369.505162
-169.296519,168,2369.641706
-74.555676,194,2369.934348
-108.291483,656,2370.60797
-98.440712,159,2370.739469
-169.63002,250,2371.096385
-122.338622,279,2371.326916
-26.034418,424,2371.840363
-44.642389,184,2372.151
-228.450005,297,2372.395746
-198.049217,153,2372.520297
-86.609116,195,2372.832168
-52.994793,943,2373.91034
-59.481309,180,2374.058748
-193.993401,203,2374.225328
-15.552147,189,2374.538908
-121.633087,113,2374.631598
-78.983371,136,2374.742728
-173.759384,223,2375.084052
-6.2057,466,2375.62093
-20.761657,490,2376.176612
-91.463841,157,2376.304751
-75.25115,156,2376.431734
-145.81334,194,2376.774238
-54.394328,247,2376.975622
22.117556,283,2377.361955
-41.412832,515,2377.940194
-70.112809,130,2378.047508
-70.289035,143,2378.165235
-12.601331,267,2378.53828
-108.198025,123,2378.639518
-46.82266,309,2379.051247
-153.344049,195,2379.212793
-82.249253,165,2379.347522
-113.192816,490,2379.906585
-176.775141,148,2380.029393
-81.158804,133,2380.290117
-89.662025,222,2380.471979
-79.198764,294,2380.867496
6.118972,535,2381.461466
-63.318666,390,2381.955922
-103.363224,137,2382.068127
-92.694214,167,2382.206355
-85.902048,152,2382.333292
-93.564559,368,2382.81664
-103.289445,112,2382.908467
-32.347891,228,2383.268173
-74.11824,165,2383.405694
-171.039815,257,2383.770057
-79.310881,134,2383.879939
-231.154395,403,2384.36472
-7.182312,449,2384.883896
-69.622527,172,2385.025297
-91.341458,369,2385.471186
-121.864146,93,2385.54754
-103.175044,141,2385.663495
-81.568234,116,2385.758872
-58.308021,313,2386.150817
-130.704438,804,2386.948412
-41.921724,450,2387.452611
-68.66967,153,2387.70921
-46.351511,250,2387.913798
-108.255523,173,2388.055013
-72.439253,169,2388.325589
-71.974179,201,2388.491058
-70.480129,180,2388.770288
-74.916975,464,2389.151277
-129.271149,144,2389.402482
-121.462077,145,2389.521212
-75.496107,151,2389.646436
-187.695513,264,2389.993089
-56.846158,307,2390.243964
-50.3496,445,2391.251127
225.251095,976,2392.317924
-165.919498,202,2392.618209
-147.371244,168,2392.756135
-136.76371,171,2392.897698
-100.833388,170,2393.168782
-111.592528,113,2393.261533
-40.706355,344,2393.676671
-57.697767,240,2393.87417
-62.3281,279,2394.237453
-63.763883,186,2394.389515
-97.709455,119,2394.48962
-80.722962,143,2394.607172
294.116256,1000,2395.775056
-128.934109,302,2396.175917
-63.971486,309,2396.584437
-27.300286,167,2396.721271
-61.74609,191,2396.877944
-79.198898,203,2397.198357
-78.154807,207,2397.37029
-96.209442,159,2397.503075
-80.647929,195,2397.814677
-44.607961,170,2397.954937
-104.91911,125,2398.058369
-22.553729,597,2398.708556
-77.655592,281,2399.093154
-179.739869,319,2399.508138
-58.217154,185,2399.660085
-73.739865,172,2399.799666
-109.898717,158,2400.085743
-86.87461,148,2400.208533
-105.093123,190,2400.362439
-12.495945,226,2400.715975
-51.662553,194,2400.874663
-18.998771,190,2401.184098
-109.356356,302,2401.434225
-156.60004,526,2402.037719
-81.741457,153,2402.164498
-86.558541,129,2402.425111
-114.632656,175,2402.569086
-116.846433,131,2402.676855
-95.341567,179,2402.978528
-48.721727,136,2403.09067
-21.227301,373,2403.555736
-86.157739,114,2403.649915
-95.147381,260,2403.862343
-62.904267,205,2404.195978
-74.384681,309,2404.451664
-71.906103,179,2404.751021
-95.120216,100,2404.83404
-65.076947,204,2405.003484
-228.311658,174,2405.300255
-131.802594,153,2405.427134
-69.379605,143,2405.54422
-131.706777,161,2405.853603
-75.329048,150,2405.977171
-112.668518,160,2406.109864
-74.677969,367,2406.58641
-100.365869,137,2406.699274
-128.170096,170,2406.838537
-101.449648,128,2407.097801
-70.023854,134,2407.208348
-90.060177,171,2407.348341
-74.630295,174,2407.666397
-49.400074,121,2407.767392
-74.836379,134,2407.877324
-66.284539,133,2407.985843
-107.138307,149,2408.266971
-84.047118,145,2408.384861
-95.105237,184,2408.534824
-101.54517,137,2408.800131
-60.140284,118,2408.897286
-80.154769,108,2408.987318
13.353693,523,2409.572239
-121.010537,131,2409.679495
-85.238906,218,2410.012174
-131.003261,123,2410.113957
-214.609141,418,2410.611455
-113.600218,125,2410.713542
-49.029403,139,2410.827457
-46.598015,190,2411.154619
-29.169581,370,2411.461663
-64.718835,251,2411.820157
-93.852387,134,2411.930443
-51.228179,137,2412.042743
-58.95412,187,2412.330184
-98.554576,134,2412.442386
-150.256975,204,2412.610569
-115.091899,144,2412.861392
-117.065121,120,2412.959996
-59.153277,185,2413.113575
-64.459459,168,2413.383251
-84.164281,138,2413.496964
-135.952381,324,2413.902009
-68.672943,202,2414.068074
-69.712319,154,2414.19475
-79.01005,102,2414.278237
-133.96729,333,2414.682401
-102.147417,124,2414.783292
-54.783259,554,2415.371538
-183.534958,569,2416.104014
-129.861874,153,2416.229275
-125.734436,468,2416.752602
126.096967,693,2417.457944
-115.767897,160,2417.588798
50.964346,510,2418.140748
-48.919949,203,2418.438586
-46.912927,222,2418.620878
-32.23788,178,2418.898162
-114.5826,152,2419.024176
-75.255415,232,2419.214354
-115.749363,721,2420.069424
-90.983276,663,2420.748965
-69.257859,153,2420.874464
-2.773076,254,2421.214774
-80.056627,175,2421.359422
-193.029978,258,2421.70414
-30.575971,233,2421.894522
10.486196,228,2422.21077
-245.374529,242,2422.410988
-100.115133,212,2422.584689
-53.788507,147,2422.835865
-67.950346,190,2422.990128
-71.786698,189,2423.14642
-255.881052,229,2423.463372
-93.124661,130,2423.570826
-61.617536,163,2423.834914
-94.657739,143,2423.953111
45.202866,519,2424.511945
-74.96041,187,2424.666006
-19.245031,526,2425.229555
-58.711128,220,2425.541205
-127.900722,114,2425.634716
-106.163815,111,2425.72579
-73.087899,247,2426.060587
-69.780725,139,2426.174205
-132.396425,170,2426.312223
96.445742,663,2426.989541
-73.090851,450,2427.494228
-114.212353,113,2427.718611
-122.590237,106,2427.805034
-37.000057,628,2428.455614
-44.638227,339,2428.86645
250.440552,1000,2429.950903
-69.6023,173,2430.090655
-72.580889,210,2430.260649
-164.39564,129,2430.497442
-139.45391,133,2430.6071
-73.168691,369,2431.041074
-227.944217,199,2431.205834
-102.798819,429,2431.704643
-90.41808,165,2431.839319
2.92837,339,2432.256759
-110.633518,154,2432.385799
-185.82008,184,2432.535739
-103.779712,388,2432.987817
-30.852744,294,2433.363164
-58.605923,286,2433.59843
-58.634974,334,2434.004484
-246.6363,225,2434.191014
-13.284689,665,2435.000596
-57.459358,152,2435.124981
-16.548254,249,2435.459958
-68.473659,208,2435.630561
-80.9366,140,2435.745304
-120.567167,290,2436.114563
25.190921,423,2436.617636
-11.039779,224,2436.800283
-86.759549,130,2436.906332
-54.174651,223,2437.247122
-295.548956,180,2437.394869
-67.720854,170,2437.533576
-84.309289,211,2437.861188
-14.363687,378,2438.336875
33.725716,413,2438.673311
-198.301593,179,2438.971367
2.234593,586,2439.617421
-78.461253,132,2439.724566
-85.104787,296,2440.118959
6.527214,459,2440.645733
-94.577759,196,2440.804191
-84.755192,173,2440.945778
-75.266474,143,2441.213577
-115.397162,204,2441.379894
-140.975735,193,2441.53754
-92.556762,115,2441.785434
-66.148945,127,2441.889119
-24.897441,217,2442.067368
-11.431548,445,2442.59219
-26.917325,231,2442.933118
-48.200083,142,2443.049536
-44.439802,235,2443.243729
-23.413949,201,2443.592905
-46.918214,345,2443.874984
-40.6146,128,2444.132732
-136.715093,303,2444.383206
-69.108083,143,2444.500093
41.007082,928,2445.570337
-143.010969,151,2445.859753
-249.030396,376,2446.166982
-54.899311,221,2447.055709
-153.500305,379,2447.522314
-72.845263,182,2447.670963
91.525262,1000,2448.834979
-66.54601,146,2448.953338
10.313697,633,2449.634528
-29.447777,341,2450.066424
-89.448273,169,2450.205221
1.583408,388,2450.689865
-198.340898,208,2450.859222
-97.036576,138,2451.125119
-115.057251,162,2451.257176
-54.064656,222,2451.59231
-183.409366,173,2451.73277
-75.951689,132,2451.840535
-162.862104,166,2451.975546
-95.620825,145,2452.258229
-71.729307,135,2452.369373
-57.99816,164,2452.504189
-58.200071,495,2453.058314
-147.342721,358,2453.529194
-126.011332,95,2453.606026
-20.793051,285,2453.994024
-59.447485,210,2454.165444
-88.063065,118,2454.262427
-165.626461,196,2454.601094
-113.697038,179,2454.748486
-74.8909,173,2454.889447
-53.691295,156,2455.188068
-82.919244,166,2455.323059
-147.091089,449,2455.843075
-103.668461,150,2455.965731
-79.745519,123,2456.06576
-119.944511,169,2456.361049
-56.646761,254,2456.569764
-86.788895,164,2456.871738
-115.046706,87,2456.943928
-81.842877,134,2457.053103
-89.016454,672,2457.764821
-108.63591,112,2458.016749
-232.884905,209,2458.188986
-147.222422,347,2458.643439
-83.227365,156,2458.769459
-19.67673,256,2458.977857
-91.130917,157,2459.284336
-55.528828,191,2459.440402
-51.937881,192,2459.753421
-48.423345,197,2459.914593
-86.663384,195,2460.07519
-258.945573,161,2460.361955
-60.12344,171,2460.501193
-123.084768,254,2460.708744
-13.101381,264,2461.078782
-114.308686,335,2461.523536
-73.257326,320,2461.784392
-78.932362,182,2462.084323
-84.359829,147,2462.204316
-195.238763,272,2462.429109
11.753256,842,2463.434032
-4.755394,584,2464.069307
-199.585211,202,2464.385358
-229.484158,215,2464.565322
-99.025537,205,2464.734068
-102.046146,157,2465.01608
-105.355607,506,2465.582566
-158.73947,457,2466.108777
-110.457754,154,2466.235171
-56.085236,242,2466.436601
-73.490958,187,2466.743117
-91.136388,118,2466.838829
-173.439097,179,2466.983131
-92.873134,121,2467.25998
-135.924473,209,2467.430981
-86.915053,116,2467.526289
-91.64305,161,2467.657956
-65.650192,145,2467.931643
21.149031,465,2468.47412
-109.25806,119,2468.570985
-64.397397,156,2468.698752
-152.419846,185,2469.008851
-153.466993,221,2469.190547
-78.137111,110,2469.280817
-159.250556,148,2469.560693
-115.547446,139,2469.67485
-113.779795,281,2469.904499
-174.557836,296,2470.309613
-112.301143,768,2471.127227
-48.673804,163,2471.428388
-85.85661,217,2471.606862
-55.340312,234,2471.953121
-152.120873,174,2472.095565
18.356619,334,2472.521305
-103.585556,121,2472.618452
-130.75662,224,2472.79895
-78.738064,153,2473.097353
17.521632,445,2473.46173
-36.230672,178,2473.761445
-159.962875,254,2473.967488
-55.165851,159,2474.251376
-11.879971,843,2475.105277
-177.355776,246,2475.47534
-97.127878,120,2475.572266
44.070947,589,2476.209505
-80.471389,173,2476.349365
-74.958747,140,2476.634681
-144.760889,303,2476.8837
-182.522311,328,2477.307306
-150.944765,158,2477.436717
-52.034723,162,2477.720721
-65.328004,129,2477.827179
-75.992524,132,2477.934515
-73.243684,117,2478.030216
-85.547523,144,2478.281873
-58.535885,134,2478.391907
-113.187119,119,2478.488971
-79.05315,122,2478.588645
-88.753908,193,2478.876492
152.703485,827,2479.705563
-75.459873,390,2480.177399
-113.992891,350,2480.615957
-44.303411,143,2480.733457
-221.979256,173,2480.873725
-1.099248,484,2481.423964
-78.464963,251,2481.783048
-252.754067,153,2481.908515
-169.739524,157,2482.037864
-111.216368,167,2482.342242
-0.988135,369,2482.64403
-68.290778,161,2482.929232
-110.839216,136,2483.040345
-107.0209,174,2483.181825
-235.931662,308,2483.585861
-40.144472,286,2483.984107
-98.547333,312,2484.239319
-40.636512,250,2484.59886
-252.402785,164,2484.733067
-92.448422,485,2485.283017
-99.869906,219,2485.461146
-68.090217,137,2485.725234
59.731877,489,2486.286896
-146.140531,247,2486.490892
-114.117987,398,2486.986851
-148.184885,209,2487.157024
-7.369773,807,2488.134155
-78.963095,159,2488.264508
-96.383203,142,2488.37959
-41.196127,293,2488.786659
-122.863559,376,2489.260823
-133.955369,103,2489.345642
-102.038884,462,2489.882313
-42.737869,329,2490.149128
-49.020791,212,2490.477306
-110.669102,140,2490.591969
-72.724876,126,2490.695981
-82.359904,116,2490.952389
-65.264792,158,2491.082074
-117.548582,91,2491.156017
-127.583399,151,2491.278271
-109.731904,363,2491.726285
-115.020202,157,2491.854953
-152.657886,151,2492.131737
-87.893749,120,2492.228795
-63.119392,164,2492.361681
-64.929325,156,2492.658525
-70.363372,144,2492.775765
-30.700414,209,2492.944839
-70.584088,158,2493.229975
-115.01796,139,2493.343257
-62.606272,149,2493.464622
-216.240134,220,2493.80868
-85.100546,184,2493.957932
-122.358198,191,2494.115306
-136.415086,140,2494.383751
-96.580783,160,2494.515071
-90.498239,149,2494.636626
-164.562058,243,2494.995579
-77.660127,96,2495.075153
-65.78626,162,2495.207043
-66.752081,129,2495.312844
-66.935479,195,2495.627301
-234.51199,189,2495.782277
-92.62913,99,2495.862648
-139.140185,181,2496.168119
-88.234762,153,2496.292429
-99.182302,216,2496.468615
-24.849299,272,2496.848501
41.73077,862,2497.879744
-233.410742,223,2498.062798
-13.550029,262,2498.450624
-124.136676,666,2499.14786
-73.159141,397,2499.623949
-103.542367,174,2499.765473
-63.421554,129,2499.870816
-75.126453,386,2500.351533
-35.650395,285,2500.740381
-73.435307,140,2500.855345
-69.599223,378,2501.328291
-147.388009,184,2501.479875
-47.259696,168,2501.61693
-93.902073,254,2501.978257
-29.556435,221,2502.159094
-41.584603,300,2502.561051
-33.770344,311,2502.815351
-94.209797,162,2503.102823
-200.650731,223,2503.285169
-120.582585,419,2504.376192
-53.349492,140,2504.491518
-72.490501,243,2504.845437
-58.521824,215,2505.021814
-90.982477,173,2505.162518
-74.37235,175,2505.458601
-84.816578,451,2505.984936
-95.594848,368,2506.287979
-146.784946,216,2506.619116
-85.780745,303,2506.867331
-75.260382,241,2507.217133
-91.765566,113,2507.309239
-124.310833,145,2507.428434
19.74707,476,2507.970791
-214.769316,211,2508.29636
-163.753129,170,2508.436039
-14.424369,206,2508.605568
-148.576224,98,2508.840798
-26.180434,506,2509.427645
-127.094108,501,2510.00877
-59.369611,168,2510.144647
-69.514947,219,2510.32286
-90.807345,190,2510.630839
-118.655343,192,2510.78533
-93.677697,108,2510.873057
-111.695365,199,2511.231829
-202.045323,161,2511.363739
-38.162441,628,2512.04067
64.890152,597,2512.710518
-52.118288,161,2512.995531
-239.83779,299,2513.240112
-86.459434,147,2513.516759
-52.897426,350,2513.802149
-50.329623,175,2514.124045
6.010982,494,2514.680344
-82.415454,113,2514.773196
-115.107775,507,2515.355741
-49.09104,311,2515.609242
-43.175846,277,2516.003569
-79.245573,611,2516.65774
-126.657762,351,2517.096419
-101.820377,184,2517.245221
-93.766974,132,2517.353143
-89.151168,185,2517.669564
-44.128209,172,2517.808287
-82.162139,144,2517.925647
-47.05594,184,2518.228577
-209.562246,333,2518.500578
-97.919806,708,2519.392109
-75.695936,129,2519.499497
-59.491267,187,2519.651369
-107.999509,272,2520.024895
-199.528183,357,2520.471719
-201.808642,330,2520.741054
-101.23034,135,2521.021297
-120.20934,157,2521.148449
-120.297396,170,2521.286115
-126.897093,292,2521.68546
-108.451683,113,2521.778797
-112.531657,183,2521.925636
-92.937499,321,2522.344175
-75.585541,177,2522.48824
-147.322312,334,2522.93677
-40.824253,302,2523.345349
-63.319235,288,2523.581772
-152.271914,344,2524.039471
-87.661164,146,2524.159262
-68.465967,227,2524.512544
-15.177403,332,2524.785553
-60.453464,135,2524.894014
-224.313939,176,2525.205577
-71.071532,179,2525.350773
-71.898007,136,2525.461781
69.722502,842,2526.457079
55.427956,478,2527.0055
-124.324104,157,2527.133544
-108.379588,121,2527.388602
-147.795455,337,2527.665175
-76.897638,261,2528.032768
-108.925565,157,2528.161127
0.749115,489,2528.707374
-87.032074,130,2528.813077
1.087465,416,2529.308898
-91.485239,125,2529.410367
-80.09216,154,2529.689363
-65.712052,136,2529.799212
-34.417197,224,2529.981042
26.786988,858,2530.939578
-111.212665,140,2531.052704
-33.610849,158,2531.332731
-32.61014,199,2531.49435
-56.738197,258,2531.704956
-98.108269,305,2532.08462
-268.536933,263,2532.427851
-68.579599,489,2532.827111
-109.37487,136,2533.068718
-69.676152,149,2533.190896
-59.970749,170,2533.329619
-58.950563,155,2533.606102
-71.649075,258,2533.816163
-205.477516,318,2534.206253
-47.224324,319,2534.464933
-87.194852,118,2534.691034
-81.748034,119,2534.789582
-93.739083,198,2534.951441
-115.705575,205,2535.247832
-47.449878,279,2535.476308
-16.662199,221,2535.789033
-169.781092,200,2535.953493
-79.467938,289,2536.320501
-103.572314,112,2536.412332
-165.598345,326,2536.67754
-57.500602,159,2536.938382
-13.333287,353,2537.227354
-25.536176,334,2537.629032
-39.916618,256,2537.96913
-85.656656,333,2538.240873
-83.910384,225,2538.554665
-74.99989,185,2538.704632
-50.859208,168,2538.840978
-57.658165,397,2539.294728
-80.910405,149,2539.414896
-87.02339,163,2539.679297
-103.955338,110,2539.770301
-108.084842,166,2539.90535
-234.404327,167,2540.172194
-107.338714,397,2540.496012
-172.573549,385,2540.940592
-35.161281,447,2541.436518
-18.06452,494,2541.971146
-18.918511,496,2542.510774
-65.845736,334,2542.914725
-87.541673,201,2543.080716
-105.20261,178,2543.224946
-213.693326,251,2543.559813
-81.166381,161,2543.691473
-73.716809,170,2543.963352
-64.728274,138,2544.076344
-100.705371,306,2544.324723
-153.089172,200,2544.620079
-148.245781,198,2544.781035
-71.694684,169,2544.918452
-87.804097,217,2545.228066
-244.16776,125,2545.329542
-22.571809,352,2545.74662
-47.917234,148,2545.867147
-120.035181,275,2546.222419
-205.025564,196,2546.383445
-86.043814,651,2547.046957
-86.920772,145,2547.29666
-73.921227,173,2547.438606
-92.937562,120,2547.536829
-215.731354,145,2547.654247
-80.230517,141,2547.900235
-139.843018,215,2548.076155
-30.486151,333,2548.479569
-99.229373,161,2548.610476
-130.766018,242,2548.93946
-201.385567,164,2549.071783
-139.04277,288,2549.307429
-84.163777,340,2549.718778
-93.745513,273,2550.072493
-156.782925,355,2550.361871
-164.202634,129,2550.5985
-103.285827,224,2550.781512
-96.22349,163,2550.914057
-47.806817,184,2551.196607
-116.556944,281,2551.426918
-262.756149,123,2551.658528
-81.324013,931,2552.552019
-104.897407,117,2552.779749
-85.880799,184,2552.929644
-96.384179,314,2553.316551
-74.091369,164,2553.449179
-124.018285,151,2553.571181
-101.21634,176,2553.851116
-216.875808,231,2554.036798
-68.100049,196,2554.196414
-102.035634,140,2554.440492
-84.822245,195,2554.598231
-174.413187,487,2555.123086
-82.124518,114,2555.215363
-110.388221,159,2555.343266
-91.910801,134,2555.584291
-80.431575,164,2555.718168
-36.19394,184,2555.86871
-168.81288,274,2556.223063
-68.289364,207,2556.390965
-34.40643,370,2556.822071
-91.405831,204,2556.986126
-135.975498,165,2557.271905
9.355744,283,2557.501695
-107.099231,421,2557.995947
-103.762116,150,2558.117469
-89.491938,160,2558.398871
-60.883746,257,2558.606829
-95.775959,137,2558.849627
-55.17416,218,2559.025901
-139.018281,265,2559.826942
-135.663421,142,2560.072411
-102.927033,104,2560.158492
-107.554755,105,2560.244018
-98.601155,143,2560.359845
-91.969961,114,2560.583888
-51.018865,286,2560.813579
-82.754562,314,2561.198997
-82.324253,202,2561.363427
-120.653981,439,2561.850453
-110.509417,422,2562.323679
-39.831047,173,2562.465132
-226.879747,168,2562.733187
-82.466782,398,2563.05498
-61.651578,210,2563.357316
-79.06334,177,2563.501318
-106.807298,124,2563.602344
-67.45707,153,2563.87911
-163.811796,346,2564.157172
-71.032891,471,2564.690921
-61.631358,437,2565.197173
-86.727854,140,2565.311179
-63.083312,246,2565.661618
-73.551033,381,2566.123903
-213.800506,209,2566.291327
-140.963123,166,2566.426457
-24.996079,384,2566.908116
-54.569462,436,2567.41161
-101.668057,203,2567.574191
-82.798164,96,2567.80919
-35.690929,604,2568.462832
-125.809938,138,2568.573917
-62.335839,149,2568.694622
-124.916389,115,2568.946758
-88.524562,309,2569.197145
-50.510647,187,2569.348166
-116.301942,121,2569.609818
-102.074518,137,2569.721386
-60.175949,131,2569.827602
-174.227371,201,2570.143283
-76.616611,115,2570.236489
-139.131875,119,2570.33214
-77.107411,147,2570.451001
-110.158397,128,2570.724113
-105.860356,150,2570.844919
-219.978448,267,2571.058697
-123.975703,143,2571.343283
-165.770453,268,2571.560393
-32.057117,196,2571.871747
-46.061483,195,2572.029558
-76.432073,221,2572.209143
-83.286851,109,2572.452096
-178.859913,288,2572.68563
-147.655261,433,2573.168396
-88.905462,112,2573.259759
-87.613451,198,2573.551652
-63.616587,231,2573.738598
-80.572615,123,2573.838444
-90.14955,142,2574.085933
-13.652515,297,2574.325255
-92.939222,477,2574.842143
-91.830505,127,2574.945324
-93.110226,206,2575.243979
-62.514874,165,2575.377537
-68.800224,169,2575.514148
-127.13481,388,2575.958905
-75.349376,196,2576.247907
-191.226025,481,2576.772069
-89.569808,105,2576.856408
-76.488792,396,2577.176956
-98.799574,223,2577.489958
-217.208481,301,2577.863848
-103.641311,114,2577.955571
-99.983093,104,2578.039709
-108.769067,136,2578.150483
-85.729398,105,2578.235464
-58.681225,137,2578.478236
-54.581593,257,2578.685933
-98.024211,207,2578.984216
-139.260659,260,2579.193758
-83.203644,210,2579.494368
-77.090693,143,2579.610079
-200.840704,480,2580.149881
-66.103699,399,2580.633373
-98.852569,137,2580.743396
-176.306253,333,2581.0095
-73.628508,151,2581.286829
-162.587348,276,2581.510293
-73.795013,296,2581.900971
-76.193216,137,2582.011162
-36.99021,202,2582.17349
-104.354934,106,2582.411091
-63.827653,264,2582.623257
-174.416251,273,2583.0244
-107.841968,193,2583.180348
-93.556752,129,2583.284912
-71.636268,146,2583.58131
-91.004378,282,2583.807922
-77.59422,232,2584.151255
-69.411974,168,2584.285765
-151.348333,268,2584.654228
-23.296825,274,2584.875748
-65.878822,149,2584.995412
-196.49595,478,2585.533634
-70.737332,251,2585.908782
-1.203875,319,2586.165686
-205.398035,168,2586.466884
-29.889532,225,2586.647916
-85.791921,132,2586.753977
-176.73693,345,2587.188602
-111.752444,228,2587.524555
-71.495053,371,2587.823454
-75.520876,143,2588.092339
-79.43736,108,2588.180268
-74.665452,175,2588.320955
-144.715453,539,2588.909153
16.916684,468,2589.447895
-45.020627,307,2589.849769
-104.890485,116,2589.943689
-23.965645,363,2590.389163
8.514992,318,2590.644698
-63.866129,233,2591.007973
-52.171162,259,2591.216217
-218.700202,140,2591.32963
-217.957156,161,2591.626649
-114.091466,309,2591.8749
-103.419773,392,2592.345636
-202.892533,122,2592.443771
-37.50271,166,2592.741991
-131.206526,250,2592.944513
-128.41892,375,2593.416115
-162.224604,143,2593.531868
-133.764898,229,2593.893389
-53.738093,960,2594.968462
-11.655062,448,2595.328907
-38.496618,401,2595.803541
-200.571088,327,2596.224766
-88.349435,118,2596.320248
-61.90742,270,2596.695006
-154.232718,291,2596.928828
-118.746427,535,2597.512756
-160.940241,137,2597.622869
-80.023055,230,2597.960436
-75.447891,173,2598.099867
-181.887784,318,2598.507455
-250.260597,223,2598.686757
-66.09286,263,2599.030204
-88.23225,145,2599.14801
-208.693378,266,2599.492812
-90.562583,139,2599.604914
-207.497262,257,2599.812507
58.072701,714,2600.653866
-44.637673,202,2600.816175
-92.77428,122,2600.915062
-144.717798,207,2601.213357
-7.343023,473,2601.727945
-59.482309,243,2601.924231
-84.928236,502,2602.460798
-140.836873,287,2602.823576
-77.269149,178,2602.966901
-71.155004,170,2603.103812
-190.359773,729,2603.952331
-66.017485,182,2604.09919
-137.072587,288,2604.462635
-44.296261,232,2604.649074
-17.10104,499,2605.182759
-17.751708,555,2605.760933
-113.120284,269,2606.1078
-73.207828,154,2606.232403
-147.25754,153,2606.356358
-85.902411,187,2606.639603
-234.608124,232,2606.825273
-67.81422,183,2607.105127
-163.402897,469,2607.613081
-104.739766,338,2607.885125
-82.493547,127,2607.987384
-20.171602,638,2608.778016
-102.007019,140,2608.890602
-42.134675,244,2609.087066
72.748499,815,2610.028865
-108.006535,107,2610.115024
-71.066717,148,2610.366851
-88.357772,590,2610.971895
-183.2237,291,2611.20546
-183.888907,301,2611.606253
-118.054065,145,2611.723252
-128.106092,163,2611.854233
-181.14596,406,2612.348378
-64.926008,263,2612.710988
-59.089194,158,2612.837958
-232.602007,516,2613.405754
-174.215267,383,2613.865439
-98.660367,253,2614.06776
-114.850489,104,2614.151761
-80.015327,325,2615.599599
-154.397504,613,2616.257893
-63.64672,157,2616.536007
-28.435416,208,2616.702142
-237.1553,168,2616.836335
-76.457591,472,2617.366688
-80.221259,187,2617.669208
21.302438,792,2618.483294
-111.413959,129,2618.587328
-235.588359,179,2618.889304
-76.17636,198,2619.048778
-118.318716,119,2619.144363
-88.262554,140,2619.420066
-164.604488,265,2619.632678
-139.750891,222,2619.968351
-199.88488,326,2620.230253
-63.615901,251,2620.584586
-86.809321,727,2621.321906
-40.756061,323,2621.737395
-67.358915,173,2621.878341
-79.466689,162,2622.00949
-57.80841,340,2622.415151
-22.153156,789,2623.311947
-170.09434,283,2623.53903
-100.926625,459,2624.039295
-74.977873,216,2624.34468
-46.16736,348,2624.624936
-216.34812,225,2624.936565
-90.773466,188,2625.087612
-116.104923,182,2625.233243
-82.758772,242,2625.557526
-185.892449,454,2626.05313
-222.726069,267,2626.267351
-94.153443,183,2626.570501
-196.609858,285,2626.798774
-98.564512,137,2626.909353
-230.437919,207,2627.229049
-173.167062,242,2627.422283
-118.847298,597,2628.052179
-120.798747,144,2628.32114
-199.887244,191,2628.473565
-24.074494,386,2628.935194
-200.524142,285,2629.163025
-24.105506,370,2629.616118
-95.594731,301,2630.010523
-107.62166,127,2630.112193
-104.393967,131,2630.216909
-85.274004,194,2630.530176
-244.425158,170,2630.666902
-164.624603,815,2631.633407
-76.930029,311,2631.883251
-185.104206,237,2632.227292
-62.489729,154,2632.351014
-123.573434,224,2632.531122
-166.34461,369,2632.978772
-247.30609,197,2633.135415
-93.315571,474,2633.653065
-150.204125,259,2633.993333
-129.99587,564,2634.576266
-91.681444,138,2634.687876
-83.2597,139,2634.930708
-62.675067,246,2635.128694
-97.623591,211,2635.299248
-74.932748,138,2635.541687
-84.527823,171,2635.679144
-93.234191,165,2635.812505
-45.160739,181,2636.089892
-96.860691,346,2636.367152
-21.407675,457,2636.866804
9.276751,576,2637.458574
-241.962525,160,2637.743119
-102.012713,539,2638.341592
-125.27097,385,2638.807343
-69.949105,301,2639.04951
-175.958752,319,2639.458946
-117.999693,550,2640.051329
-201.145181,236,2640.240271
-151.942109,493,2640.786211
-110.264694,276,2641.162305
-88.423572,658,2641.862376
-205.836663,211,2642.035091
-113.718733,183,2642.363279
-75.201457,197,2642.522699
-20.999789,424,2642.995746
-4.239148,559,2643.575828
-81.095689,194,2643.87551
-232.140927,249,2644.073963
-92.934594,115,2644.165671
-134.060686,276,2644.519214
-107.952776,168,2644.654101
-51.475755,554,2645.230345
-71.298122,197,2645.519904
-125.444615,335,2645.7877
-165.049313,577,2646.383164
-107.066459,110,2646.60333
-136.596897,186,2646.7515
-93.981249,456,2647.24665
-189.740951,345,2647.656002
-127.921838,193,2647.810975
-105.537809,172,2647.948473
-211.9383,231,2648.264046
-93.815081,175,2648.403888
-110.756445,203,2648.566359
-173.472802,295,2648.934504
-144.900435,315,2649.318866
-182.819909,231,2649.504109
-161.796131,449,2649.994775
-10.11338,639,2650.638953
-221.672945,187,2650.921318
11.615009,436,2651.271758
-114.819495,331,2651.669604
-127.703077,93,2651.743837
-122.984266,300,2652.117563
-227.482022,223,2652.295714
-113.332521,113,2652.386085
-98.210313,159,2652.645131
-228.342796,227,2652.825833
-74.676523,400,2653.278392
67.213485,825,2654.205295
-120.947328,150,2654.325692
-126.638972,322,2654.717385
-37.631228,262,2654.927532
-96.846755,369,2655.353992
-111.551259,175,2655.494544
-47.401356,427,2655.971062
-109.998376,251,2656.172275
-71.940499,396,2656.624098
-196.941254,377,2657.081775
-80.771489,414,2657.549285
-66.54678,602,2658.164008
-221.13832,322,2658.554037
-200.173299,245,2658.749992
-65.434888,243,2659.076126
-242.811609,261,2659.285704
-198.265031,320,2659.675362
-135.190284,142,2659.790953
-161.869237,750,2660.527538
-145.760337,398,2660.979615
-6.047633,387,2661.423545
-29.782793,308,2661.803684
-62.853251,240,2661.995726
19.831664,707,2662.698433
-82.087284,143,2662.947396
-130.017295,175,2663.087127
-123.133469,176,2663.22782
-31.898732,209,2663.527991
-183.502911,305,2663.772345
-240.59057,149,2664.023593
-217.609895,127,2664.125642
-95.342706,393,2664.571846
-33.345928,196,2664.729749
-67.36284,171,2664.867765
-162.669402,315,2665.251529
-252.919697,263,2665.462116
-218.776682,557,2666.17449
-200.675787,205,2666.338472
-203.501987,279,2666.696156
-193.203223,315,2666.949448
-43.677377,402,2667.406525
-223.025664,233,2667.593626
-149.929747,503,2668.131469
-124.339571,233,2668.450372
-203.326778,878,2670.379064
-118.834219,477,2670.76255
-108.826807,167,2671.028407
-111.154466,154,2671.15214
-63.170624,205,2671.317938
-137.743063,313,2671.701895
-219.428077,616,2672.330881
-126.897813,628,2673.099327
-148.159046,163,2673.230216
-163.322008,288,2673.460037
-74.814596,444,2673.948189
-74.047054,217,2674.256542
-171.214694,199,2674.415739
-108.289908,412,2674.87833
-188.730509,376,2675.311283
-119.331279,240,2675.50441
-69.084349,425,2675.978273
-133.755691,249,2676.179159
-188.756133,205,2676.476774
-83.279677,258,2676.684644
-216.815857,178,2676.958807
-81.687909,388,2677.271422
-93.438068,163,2677.536381
-207.222842,351,2677.817456
-201.014577,331,2678.215631
-92.973012,397,2678.667222
-160.881327,345,2679.075988
-24.475501,358,2679.366695
-128.425481,163,2679.651178
-165.856771,237,2679.841378
-144.246111,137,2679.951615
-210.755948,230,2680.291035
-143.454103,244,2680.487195
-229.264369,166,2680.774647
-48.454352,203,2680.937675
-236.173473,470,2681.449193
-100.538623,663,2682.112806
-245.640138,150,2682.23336
-143.610139,487,2682.757191
-90.990573,156,2683.015435
-252.155613,264,2683.228663
-77.851466,158,2683.487334
-240.433748,203,2683.651132
-106.714353,355,2684.069057
-76.810264,251,2684.271611
-74.248907,272,2684.622734
-79.61818,270,2684.839799
-210.489443,372,2685.270236
-256.658324,284,2685.499141
-43.471985,302,2685.872875
-122.561055,420,2686.34404
-53.940241,146,2686.46294
-170.947574,281,2686.844113
-149.863748,108,2686.931183
-51.711937,492,2687.48146
-144.90704,462,2688.013298
-215.421807,182,2688.158796
-90.725479,162,2688.290057
-230.004806,211,2688.648761
-16.758485,333,2688.917087
-209.351087,219,2689.245898
-166.136297,624,2689.898774
17.200305,611,2690.557808
-78.359021,384,2691.025749
-214.94241,262,2691.389304
-177.383427,441,2691.74491
-108.98069,468,2692.273759
58.920132,483,2692.821259
-97.782807,256,2693.181782
-159.521983,363,2693.658003
-84.33363,244,2693.855312
-76.488015,195,2694.012219
-84.80456,176,2694.306204
-95.633705,126,2694.407291
-86.531449,233,2694.595513
-136.152849,221,2694.927606
-45.307844,327,2695.192054
-190.678504,275,2695.565274
-105.598182,231,2695.751168
-24.466232,490,2696.297447
-0.884458,753,2697.276333
-214.817269,364,2697.741989
-130.624714,248,2697.94129
-77.138601,547,2698.551404
-165.529502,163,2698.683504
-232.249538,113,2698.931298
-135.868676,364,2699.221441
-65.00579,307,2699.627818
-40.409898,265,2700.020688
-226.355847,210,2700.188572
-137.778681,373,2700.653706
-187.580288,249,2700.853529
-65.519069,257,2701.198895
-129.378043,193,2701.353213
-104.238018,159,2701.481281
-153.514392,322,2701.892957
-28.819722,594,2702.523258
-236.164322,198,2702.834992
-224.896636,337,2703.104916
-227.341561,177,2703.399447
-133.835293,184,2703.54739
-132.093851,304,2703.793821
-97.449,129,2704.050051
-69.952749,161,2704.18065
10.839854,446,2704.694357
-73.391695,158,2704.820986
20.982666,458,2705.345238
-80.664061,147,2705.463145
-210.161255,222,2705.776049
-227.757478,114,2705.867498
-113.449221,277,2706.229297
-188.593412,261,2706.440355
-235.318402,236,2706.761359
-46.149096,269,2706.978476
-100.654055,431,2707.456347
-149.579202,536,2708.019363
-67.226556,141,2708.132562
-141.288898,224,2708.443703
-48.50717,349,2708.723543
-83.943804,404,2709.178619
-146.215442,201,2709.472096
-185.208436,523,2710.024797
-179.01829,408,2710.352382
-48.825421,172,2710.622237
-240.440988,132,2710.728619
-243.493808,166,2710.861288
-7.016293,387,2711.302236
-78.088289,314,2711.686908
-106.864227,111,2711.775634
-95.649708,354,2712.192032
-209.580215,392,2712.506497
-118.241082,121,2712.735486
-134.747703,276,2712.955881
-73.354564,391,2713.402995
-38.622903,376,2713.836139
-133.17219,140,2713.949005
-44.044038,518,2714.56154
-208.951958,222,2714.73897
-140.23517,168,2715.030074
-106.606346,109,2715.117755
-178.643299,182,2715.26306
-103.007895,208,2715.585224
-33.767715,237,2715.775004
-170.05945,347,2716.217093
-167.599312,224,2716.39794
-135.30762,129,2716.501872
145.653229,1000,2717.605485
-207.867641,381,2718.064801
-221.763524,141,2718.176983
-106.429873,207,2718.498895
-56.27426,662,2719.182732
-132.364215,341,2719.608444
-216.992464,164,2719.739616
-149.172831,286,2720.155595
-93.28914,218,2720.329691
-106.520184,218,2720.688212
-61.661266,169,2720.824504
-112.250553,473,2721.360483
-124.199777,124,2721.46125
-236.275484,169,2721.595797
-158.165479,347,2722.025079
-139.964659,287,2722.440862
5.592402,617,2723.090309
-60.647239,279,2723.31351
-65.412409,284,2723.693924
-183.293332,170,2723.829377
-66.003431,196,2724.147128
-231.556548,158,2724.273352
-205.891987,340,2724.699281
-147.176722,305,2725.651515
-255.185647,180,2725.960613
-90.01136,130,2726.065199
-227.934977,300,2726.305793
-119.417588,129,2726.564941
-68.260929,175,2726.706527
-148.104939,734,2727.448522
-199.915207,218,2727.781861
-179.776858,203,2727.944922
-211.326061,190,2728.249525
-105.251378,109,2728.337505
19.224971,650,2728.994116
-234.336278,238,2729.315945
-183.094695,233,2729.502911
-78.930206,200,2729.663779
-137.931178,227,2729.978711
-89.837237,301,2730.220538
-243.13234,136,2730.460737
-58.675821,385,2730.768953
-247.603855,188,2731.050807
19.143114,496,2731.582492
-225.183715,112,2731.671694
-50.995213,268,2732.020009
-199.761771,221,2732.197226
-116.961397,234,2732.384377
-235.682253,232,2732.700962
-213.676254,379,2733.134714
-104.419981,216,2733.308156
-232.944142,181,2733.452728
-203.676146,273,2733.802476
-81.281724,122,2733.900307
-198.725863,253,2734.234774
-194.120387,134,2734.3418
-259.922529,396,2734.790388
-75.197798,203,2734.953306
-247.422683,364,2735.374333
-223.774976,171,2735.509655
-76.557741,188,2735.659037
-244.504118,288,2736.020728
-9.09563,439,2736.505296
-150.823043,165,2736.636408
-231.132076,182,2736.912285
-127.985736,330,2737.174429
-162.184372,140,2737.28619
-203.727963,226,2737.597994
-156.294947,249,2737.796679
-216.846201,263,2738.137745
-136.215854,193,2738.292351
-96.618658,225,2738.628044
-42.864283,228,2738.809454
-169.978576,264,2739.191566
-163.572703,251,2739.391426
-81.673869,181,2739.754691
-146.228956,304,2739.996062
-182.266586,181,2740.311724
-84.32482,307,2740.55695
-222.497105,228,2740.909747
-122.294413,564,2741.525808
-83.111014,229,2741.708085
-141.522113,329,2742.12297
-210.061637,241,2742.314246
-177.62656,159,2742.605157
-242.492804,216,2742.777773
-181.954006,240,2742.969461
-208.453433,132,2743.241315
-105.287222,188,2743.391181
-228.461408,274,2743.794065
-85.115779,249,2743.993805
-244.521363,314,2744.405494
-204.632481,265,2744.616759
-223.191008,137,2744.725324
-124.920878,141,2744.999308
-211.7539,199,2745.157508
-176.296434,297,2745.547193
-193.019119,413,2746.034424
-184.372114,339,2746.304219
-205.750638,168,2746.438764
-216.844819,239,2746.786856
-219.402947,286,2747.201513
-209.941078,248,2747.399942
-72.097475,215,2747.571069
-150.246561,374,2748.04113
-232.274997,139,2748.152358
-229.965532,117,2748.412614
-217.031989,193,2748.565828
-114.023059,210,2748.733768
-139.506833,219,2749.053444
-186.125912,171,2749.190741
-166.546769,138,2749.302137
-254.671467,161,2749.562163
-186.03368,164,2749.692989
-141.074204,318,2750.078456
-74.119286,141,2750.19079
-222.620704,230,2750.373675
-193.563451,262,2750.71426
-114.775465,215,2750.885452
-142.5813,234,2751.204114
-101.083209,270,2751.420807
-177.301184,381,2751.856673
-260.343168,254,2752.191446
-250.140262,177,2752.333181
-94.332523,263,2752.543314
-70.820949,202,2752.837861
-196.464398,220,2753.014138
237.002165,1000,2754.078947
-96.033705,423,2754.549158
-96.499771,287,2754.921426
-96.086924,150,2755.042345
-142.608173,370,2755.470151
-34.644796,359,2755.759618
-108.190015,345,2756.170348
-139.311588,307,2756.550443
-209.281242,340,2756.822142
-65.346022,333,2757.221251
-143.017131,221,2757.398874
-84.21718,134,2757.638753
-116.382872,554,2758.216337
-246.685202,235,2758.404843
-122.485737,148,2758.523118
-113.32667,229,2758.83962
-8.668405,330,2759.236418
-71.839278,234,2759.424493
-85.965423,174,2759.564299
-12.067701,366,2759.989702
-64.259905,456,2760.486726
-97.210234,129,2760.590245
-105.362151,151,2760.842725
-91.880523,431,2761.189699
-72.337875,297,2761.560065
-83.480008,304,2761.935497
-90.989127,346,2762.213614
-148.411886,261,2762.555266
-111.30488,226,2762.736033
-110.607659,237,2763.057446
-100.534393,435,2763.405052
-8.080247,309,2763.785287
-215.160968,334,2764.185675
-182.574843,297,2764.423801
-79.253975,739,2765.277022
-51.014527,588,2765.87973
-22.326894,321,2766.270389
-128.308915,193,2766.426165
-79.345235,242,2766.619841
-193.557642,360,2767.040307
-50.48501,191,2767.194097
-183.812649,394,2767.644822
-88.703782,142,2767.759301
-152.760602,183,2768.037242
-77.010757,151,2768.158193
-21.307462,323,2768.549539
-50.392751,210,2768.718208
-144.532227,132,2768.823441
-85.617257,267,2769.16949
-238.858166,195,2769.325188
-67.343922,533,2769.884135
-122.546429,275,2770.236227
-61.871148,281,2770.461129
-131.944209,137,2770.702711
-167.04727,425,2771.176628
-84.232168,130,2771.280662
-118.003186,177,2771.424065
-217.001397,556,2772.001715
-48.743884,384,2772.442186
-100.188959,128,2772.544451
-77.148491,273,2772.893996
-180.505043,297,2773.130537
-104.344639,209,2773.429268
-59.409745,275,2773.649144
-97.590883,253,2773.983373
-111.588658,282,2774.207628
-168.828377,139,2774.44963
-42.271211,272,2774.667388
-67.515484,277,2775.020265
-178.865282,278,2775.243
-105.216326,139,2775.485597
-121.496866,205,2775.648675
8.820329,351,2776.060789
-76.154284,288,2776.291223
-79.361803,273,2776.643374
-107.575423,274,2776.864565
-54.797123,224,2777.17598
-154.716023,358,2777.462874
-117.470162,185,2777.741685
-89.485838,205,2777.905401
-182.117628,470,2778.41247
-51.960716,406,2778.869237
-53.909785,404,2779.323665
-178.504621,220,2781.317277
-118.92631,279,2781.672735
-223.65516,135,2781.780022
-56.676206,263,2781.990302
-48.560613,202,2782.283101
-170.903162,278,2782.506344
-145.347944,142,2782.752853
-174.141851,168,2782.887384
-7.883934,313,2783.2693
-109.393134,233,2783.454757
-82.393397,149,2783.574079
-99.775665,172,2783.842426
-50.97128,248,2784.040235
-63.946181,280,2784.394601
-123.483553,198,2784.553083
-79.201512,128,2784.655575
-123.853828,106,2784.740393
-197.321018,312,2785.121146
-86.217062,136,2785.230116
-96.539212,274,2785.580079
-50.516974,301,2785.821622
-61.345693,159,2786.080155
-105.913986,216,2786.253381
-185.807203,379,2786.689344
-81.824254,510,2787.229091
-88.786117,405,2787.685045
-113.98741,110,2787.77308
-121.036426,174,2787.912492
-126.777324,220,2788.220238
69.488832,494,2788.746911
-125.071434,144,2788.861763
-57.264632,178,2789.005115
-83.783466,154,2789.25957
-138.506,326,2789.521054
-123.623246,290,2789.885691
-81.109325,112,2789.975434
-92.635022,419,2790.442693
48.784418,444,2790.931193
-66.776639,163,2791.061718
-69.621285,149,2791.182245
-33.759802,427,2791.657528
38.520498,600,2792.270983
-201.862922,231,2792.588277
-193.30753,382,2793.026322
-83.225448,142,2793.140569
-38.169574,214,2793.312214
-133.831064,146,2793.561022
-83.187996,127,2793.663202
-97.763465,172,2793.801308
-94.032252,124,2793.900975
-108.155318,125,2794.13305
-57.254495,236,2794.322284
-102.886808,149,2794.441973
-77.760609,637,2795.216524
-233.97814,185,2795.364888
-92.237494,286,2795.72577
-48.450451,292,2795.960804
-66.030857,201,2796.121971
-57.726462,226,2796.435319
-206.475333,296,2796.67116
-60.020654,239,2796.992701
-14.325049,557,2797.569487
-155.295679,209,2797.736181
-108.543957,132,2797.973274
-3.439792,361,2798.260744
-19.863342,271,2798.610403
-0.291288,515,2799.155507
-72.680141,146,2799.272401
-4.106747,356,2799.689057
-65.881851,479,2800.228675
-159.506825,276,2800.449428
-66.612488,158,2800.707686
-4.70458,451,2801.201829
-60.840772,384,2801.509485
-126.072949,823,2802.430091
-139.412083,343,2802.83597
-96.224396,216,2803.008411
-171.002929,434,2803.486535
-102.094439,149,2803.606339
-27.286294,316,2803.991134
-118.343536,189,2804.14236
-133.616465,293,2804.507874
-120.322345,671,2805.175944
-93.70678,150,2805.294953
-37.124704,258,2805.646159
84.256722,610,2806.26669
-87.007839,139,2806.37858
-80.901101,632,2807.148161
-235.164955,217,2807.321643
-212.934303,161,2807.450206
-165.676165,144,2807.69679
-166.334328,392,2808.008901
-79.581877,432,2808.484922
-186.249555,182,2808.762504
-50.797333,537,2809.322273
-50.732043,167,2809.456038
-59.796919,375,2809.889744
-162.249087,235,2810.078626
-50.91796,179,2810.221506
-74.206284,197,2810.510458
28.931609,432,2810.989529
-224.204383,349,2811.268033
-167.23451,249,2811.59894
-84.72058,163,2811.72898
-148.676719,232,2812.044784
-15.589121,356,2812.329543
-192.271084,216,2812.635396
-114.81177,199,2812.794908
-18.48529,298,2813.165726
-127.886228,265,2813.377534
-95.599909,183,2813.655943
-180.777615,236,2813.846172
20.481795,579,2814.44154
-101.302376,335,2814.842269
-138.126844,328,2815.10451
-146.323703,186,2815.386201
-96.952329,164,2815.517566
-164.395338,383,2815.955306
-59.605538,163,2816.085392
-78.538794,221,2816.395508
-177.448667,282,2816.621276
-112.97651,106,2816.706395
-167.134007,287,2817.067542
-81.792933,167,2817.201216
-150.89186,203,2817.495369
-228.603198,102,2817.576908
-143.538981,302,2817.818578
-166.684829,385,2818.259469
-223.487488,220,2818.56731
-98.392658,713,2819.27202
-74.265054,254,2819.606384
-105.529972,122,2819.70405
-220.743103,169,2819.838617
-60.781889,409,2820.29917
-105.109698,145,2820.416071
-48.137053,260,2820.757589
-30.704344,188,2820.90873
-144.839508,314,2821.292862
-51.121711,398,2821.61421
-156.181456,158,2821.871883
-117.682563,186,2822.021265
-191.580505,221,2822.32928
-106.81905,143,2822.444182
-76.348051,172,2822.583154
-59.76259,145,2822.700392
-73.27615,118,2822.92731
-125.367482,243,2823.12321
-113.121006,184,2823.401608
-116.295919,151,2823.523165
-70.955544,146,2823.64125
-170.266825,494,2824.169143
-221.88513,147,2824.286701
-185.997532,252,2824.621604
-110.796974,178,2824.765057
-215.293333,239,2825.087022
-11.512109,662,2825.750587
-76.753538,137,2825.86055
-87.87367,281,2826.217999
-191.864086,236,2826.408664
-199.248911,276,2826.760679
-73.845357,547,2827.331262
-26.664975,241,2827.525425
-91.057081,143,2827.772937
-212.060054,252,2827.974704
-47.197276,292,2828.341044
-133.655122,327,2828.603921
-113.793505,229,2828.918757
-236.631744,218,2829.093061
-81.388188,119,2829.189018
-221.304848,296,2829.557164
-25.662275,197,2829.715644
-93.171026,131,2829.951952
-223.128886,272,2830.168852
-128.825531,142,2830.283312
-48.350858,534,2830.84365
-150.48256,435,2831.32533
-100.043634,284,2831.686038
-69.344505,141,2831.799675
-90.429616,122,2831.898299
-76.609747,181,2832.174925
317.637877,1000,2833.245687
-146.826463,242,2833.440566
-86.694236,179,2833.716573
47.777841,728,2835.185599
-66.328977,177,2835.327955
-98.217967,234,2835.647904
-207.422259,309,2835.89473
-108.693873,130,2836.130082
-231.779272,198,2836.28869
-187.011081,243,2836.484968
-111.626712,187,2836.767289
-162.055679,329,2837.032591
-91.922239,147,2837.282973
-94.459615,113,2837.374101
-96.842607,280,2837.729953
-23.780513,208,2837.89724
-210.270518,196,2838.05502
-105.662569,129,2838.290492
-99.029934,172,2838.428894
-109.144487,149,2838.54821
-57.10253,196,2838.837816
-226.784083,433,2839.18514
-91.144793,118,2839.412108
-72.09913,281,2839.637112
-68.634272,145,2839.753254
-152.867276,338,2840.156314
-125.599516,142,2840.271756
-81.089347,264,2840.615353
-28.817355,366,2841.041343
-36.730346,202,2841.203065
-168.046298,302,2841.577043
-20.603374,543,2842.145551
-136.98127,177,2842.287924
-72.861234,168,2842.424173
-98.438742,149,2842.675445
-174.137907,292,2842.909434
-82.759127,309,2843.289612
-205.933537,415,2843.755044
-45.651781,129,2843.858549
-65.100563,256,2844.063603
-68.445511,129,2844.321512
-32.581479,258,2844.529124
-90.515618,140,2844.640991
-112.739652,152,2844.895116
-80.900956,131,2845.000746
-58.680861,162,2845.131626
-193.169659,254,2845.488775
54.947171,431,2845.988111
-216.190153,191,2846.139958
-63.685557,326,2846.550614
-156.013544,519,2847.097321
-72.524225,163,2847.227964
-62.192288,150,2847.348533
-118.565079,625,2848.002671
-52.189951,406,2848.46191
-78.332167,153,2848.716916
-63.571707,149,2848.837377
-242.765591,179,2848.980025
27.437108,455,2849.47657
-132.627011,269,2849.824125
-2.420168,758,2850.564496
-99.527373,140,2850.677419
-67.253349,415,2851.150405
-128.950942,156,2851.409644
-108.573107,259,2851.616558
-66.073718,153,2851.739671
-89.249264,194,2852.027511
-77.230661,203,2852.191223
-79.286942,520,2852.739806
-0.218367,750,2853.60885
-63.456487,142,2853.723068
-76.872099,229,2853.907436
-117.324423,317,2854.294784
-32.242489,191,2854.449594
-85.559882,735,2855.303209
-224.479999,279,2855.527192
-119.624276,176,2855.800743
-66.087546,178,2855.944845
-63.533228,167,2856.079663
-121.089934,196,2856.368919
-45.844326,265,2856.583657
-82.944817,333,2856.983232
-117.01792,406,2857.453768
129.188707,733,2858.17717
-75.148246,139,2858.289867
-197.207534,262,2858.631638
-81.076216,252,2858.835091
-71.483697,295,2859.203988
-29.555445,463,2859.707988
-74.331424,218,2859.883582
-74.071248,205,2860.179065
-120.548219,124,2860.278787
-17.63503,249,2860.480635
-187.537447,291,2860.846939
-118.869382,220,2861.024724
-79.829609,147,2861.275407
-101.509383,118,2861.371585
-200.615404,284,2861.599901
-219.390911,256,2861.935908
-149.680156,238,2862.126973
-50.41206,224,2862.439739
-77.84963,152,2862.562745
-124.133399,175,2862.704045
-96.999668,332,2863.103163
-103.693295,113,2863.194602
-109.342587,926,2864.207
-56.808064,195,2864.49684
-224.528141,255,2864.701453
-152.274587,329,2865.098255
-127.163653,381,2865.403909
-145.186279,200,2865.721007
-107.334647,109,2865.809042
-161.938681,314,2866.213326
-64.00815,250,2866.415531
-122.706333,188,2866.721804
-137.291989,269,2866.939133
-254.034957,340,2867.374625
-99.845467,169,2867.511609
-53.797586,184,2867.660371
-76.98485,110,2867.891618
-47.870935,519,2868.43995
-127.669693,668,2869.108877
-113.376088,124,2869.208571
-18.351226,286,2869.570833
-94.543987,126,2869.6713
-104.721938,123,2869.769994
-67.634684,152,2869.891999
-100.545107,149,2870.144263
-85.102173,139,2870.256584
-116.946773,137,2870.366326
-97.93112,137,2870.60824
-75.866431,395,2870.926089
-203.748061,373,2871.356732
-81.34256,139,2871.470107
-145.508834,339,2871.874698
-13.2882,280,2872.230407
-119.86023,129,2872.333984
-76.593553,221,2872.513755
-57.768694,158,2872.773614
-130.73969,85,2872.841847
-39.36422,346,2873.119688
-102.411965,249,2873.478632
-82.336206,122,2873.576967
-114.038234,156,2873.702719
-96.597528,253,2874.059818
-89.470172,158,2874.186522
-25.205607,159,2874.466229
-54.220575,230,2874.652222
-208.153171,227,2874.834409
-102.357406,121,2875.081712
-127.47095,125,2875.182222
-113.919271,330,2875.603234
-89.843109,447,2875.963871
-105.717493,319,2876.373441
-15.410078,366,2876.820569
-105.735245,141,2876.934881
-132.664339,157,2877.061491
-92.274024,288,2877.444832
-4.134258,236,2877.633977
-189.089703,188,2877.936637
-62.221754,135,2878.045408
-130.898815,353,2878.481476
-76.224567,242,2878.677011
-110.730535,702,2879.553436
-4.974776,347,2879.833076
-95.943862,144,2880.101514
-82.005971,188,2880.253925
-80.540079,172,2880.392586
-183.28755,345,2880.823285
-13.181611,338,2881.247213
-47.913843,143,2881.366036
-134.931899,491,2881.89426
-207.218341,205,2882.059425
-22.768713,300,2882.439603
-84.611369,181,2882.585334
-112.861791,381,2883.043286
-99.329591,239,2883.236073
-64.105188,141,2883.482588
-106.305989,127,2883.585358
-131.603874,166,2883.720044
-80.986736,135,2883.828572
-66.413227,263,2884.177175
-180.03091,290,2884.542853
-143.827145,169,2884.679536
-96.916775,163,2884.810964
-43.782994,228,2885.126871
-128.986863,155,2885.25171
-229.394555,370,2885.680054
-101.90024,425,2886.023139
-177.941859,412,2886.486995
-130.669527,224,2886.798525
-129.907483,182,2886.945039
-51.268618,200,2887.106075
-183.288247,529,2887.663673
-101.999738,160,2887.924123
-152.170594,240,2888.117837
-88.143315,143,2888.364724
-89.793095,112,2888.454871
-139.573694,256,2889.021587
-84.536429,173,2889.291985
-46.434691,176,2889.432781
-83.399195,141,2889.546801
-128.782205,159,2889.806981
-58.431099,174,2889.946634
-77.516795,128,2890.04991
-94.501185,113,2890.142236
-126.75777,553,2890.72083
-75.79153,238,2891.045665
28.671966,518,2891.597217
-81.942788,165,2891.730923
-67.171507,168,2891.998098
-103.967758,203,2892.161607
-82.15445,176,2892.302866
-110.959213,204,2892.599848
-86.777818,105,2892.684201
-81.999944,169,2892.820051
-91.287926,116,2892.913337
-92.580003,129,2893.148625
-61.163072,220,2893.326037
-92.846951,110,2893.414251
-73.367329,153,2893.690367
-61.227284,160,2893.819527
-143.999221,114,2893.9113
-47.007206,185,2894.21906
-49.326248,251,2894.420563
-99.761247,133,2894.52702
-103.376373,115,2894.772889
-100.904961,111,2894.862263
-101.957476,118,2894.957422
-113.820049,109,2895.044946
-78.411802,129,2895.148654
-117.256081,114,2895.39265
-76.455319,149,2895.512173
-56.05324,161,2895.641364
-100.220769,179,2895.940947
-117.289764,122,2896.039292
-82.363709,194,2896.195604
-90.473552,113,2896.286184
-33.801782,167,2896.585186
-91.219715,146,2896.702677
-106.798821,139,2896.814029
-53.111837,342,2897.242368
-81.030487,107,2897.328494
-107.483073,130,2897.433631
-81.256297,103,2897.669668
-59.112928,142,2897.783992
-81.87752,132,2897.890028
-89.535938,103,2897.972441
-60.953995,118,2898.21889
-90.691371,151,2898.340193
-93.214804,108,2898.426301
-136.501138,322,2898.858119
-148.040805,188,2899.008602
-87.561605,150,2899.129655
-83.136476,121,2899.380723
-93.240192,110,2899.469669
-75.983476,132,2899.575356
-84.424771,149,2899.695506
-90.849261,185,2900.005475
-71.180003,119,2900.101625
-91.074533,104,2900.185687
-66.574961,115,2900.278165
-122.055119,158,2900.557181
-110.137726,102,2900.638929
-68.408477,173,2900.777651
-40.525659,235,2901.122541
-87.793526,121,2901.219998
-93.937836,98,2901.298798
-67.485526,127,2901.400277
-71.570605,114,2901.653774
-67.763144,124,2901.752975
-181.467316,299,2901.992254
-82.050807,148,2902.286438
-78.499092,249,2902.48814
-59.64041,177,2902.786409
-94.398874,123,2902.88409
-99.860001,153,2903.007067
-93.465302,127,2903.108911
-108.537964,171,2903.425488
-34.189567,196,2903.584416
-68.196433,124,2903.684718
-74.934801,137,2903.940424
-69.552718,189,2904.09228
-75.428632,146,2904.209723
-103.279898,95,2904.286236
-93.583311,129,2904.521754
-238.494868,94,2904.596124
-76.634995,220,2904.773726
-52.557075,240,2905.098812
-103.174876,130,2905.203953
-117.156274,113,2905.295606
-34.191846,180,2905.572091
-93.109926,161,2905.701041
-77.982104,144,2905.817084
-73.893309,145,2905.933696
-76.717762,116,2906.157875
-93.561087,127,2906.260067
-59.634758,185,2906.410341
-99.467887,93,2906.61774
-83.521735,103,2906.700681
-72.459177,141,2906.8146
-59.667769,134,2906.921968
-68.757312,140,2907.165899
-105.474887,152,2907.287747
-71.944507,141,2907.401628
-44.188359,293,2907.77011
-44.194562,208,2907.938801
-82.768289,159,2908.066924
-59.632364,140,2908.312137
-86.440203,108,2908.399989
-65.047418,120,2908.49649
-66.280026,113,2908.58765
-93.916561,157,2908.845856
-69.1488,197,2909.004173
-78.559666,107,2909.090286
-77.275959,146,2909.340051
-89.537634,140,2909.452884
-67.37523,285,2909.681619
-79.594064,103,2909.895344
-91.904707,141,2910.00887
-57.24457,144,2910.124454
-37.374581,150,2910.245855
-71.018329,126,2910.491168
-60.814289,190,2910.64415
-40.923907,180,2910.789107
-74.26982,121,2911.019923
-48.826063,209,2911.188414
-79.554606,148,2911.30736
-87.406135,300,2911.680705
-68.324481,144,2911.796267
-64.071355,113,2911.887975
-84.124468,185,2912.168729
-101.043067,162,2912.298712
-62.44335,202,2912.462042
-94.782108,93,2912.669531
-76.553152,227,2912.851129
-99.841638,191,2913.004189
-71.90991,172,2913.273197
-79.718256,502,2913.807967
-83.063141,157,2913.933709
-84.461546,176,2914.075174
-71.080651,124,2914.309206
-78.039719,132,2914.415433
-89.924096,111,2914.504703
-67.511338,142,2914.618819
-91.018789,110,2914.839504
-40.90413,210,2915.008806
-58.706299,171,2915.146433
-63.090071,167,2915.412591
-61.989096,167,2915.547801
-87.849879,136,2915.656728
-41.006899,304,2916.031519
-19.924643,361,2916.452673
-75.561541,113,2916.543926
-84.603005,143,2916.659062
-87.401172,114,2916.750268
-74.387462,152,2917.003831
-81.119412,131,2917.108605
-76.437279,115,2917.200751
36.025312,584,2917.801408
-90.343833,147,2918.050201
-95.197692,129,2918.153952
-60.215854,220,2918.33096
-106.427901,136,2918.440241
-39.904908,197,2918.730671
-85.567259,131,2918.835994
-107.609884,128,2918.938382
-85.122055,147,2919.188144
-63.012637,163,2919.318515
-42.491036,129,2919.422265
-93.35714,139,2919.533652
-80.884493,148,2919.78454
-80.425406,146,2919.901824
-37.047995,249,2920.232391
-70.287616,278,2920.456515
-64.939381,228,2920.773271
-33.090734,183,2920.920738
-103.387373,142,2921.034322
-30.380119,264,2921.39924
-78.022818,183,2921.546622
-82.164418,151,2921.667748
-45.178956,184,2921.982378
-86.980299,144,2922.097576
54.089243,499,2922.661893
-69.619775,179,2922.80478
-78.058679,118,2923.051663
-69.822631,254,2923.255282
-90.773154,213,2923.42611
-64.315607,157,2923.709156
-64.422317,153,2923.83182
-16.842842,673,2924.550261
-94.685107,154,2924.830302
-71.487071,162,2924.960421
-98.368407,167,2925.094699
-82.840378,131,2925.368655
-85.286431,175,2925.508248
-52.170134,111,2925.597046
-95.776937,128,2925.699181
-24.596912,270,2926.070596
-43.58748,160,2926.199109
-2.958821,357,2926.640665
-47.422721,183,2926.787555
-71.574105,124,2927.043262
-37.366759,374,2927.343063
-68.102284,137,2927.606883
-59.192823,141,2927.719947
-44.357886,206,2927.884261
-51.197281,304,2928.284644
-16.089031,216,2928.458544
-61.865765,140,2928.571152
-59.181539,147,2928.857053
-90.168561,263,2929.068124
-70.328608,178,2929.389659
-108.024975,140,2929.501641
-64.851087,139,2929.613491
-58.223102,162,2929.74284
-32.399754,530,2930.480395
-50.033924,267,2930.694576
-81.412883,159,2930.822264
-102.217726,127,2931.07466
-128.501674,125,2931.174906
-62.366183,130,2931.279085
-79.392851,163,2931.409927
-161.153482,235,2931.750794
-75.723531,126,2931.852293
-108.422377,241,2932.198671
-60.155344,151,2932.320091
-69.598988,156,2932.446488
-109.530222,126,2932.548176
-105.961691,172,2932.840624
-76.319141,162,2932.970383
-117.673224,121,2933.067577
-108.929706,512,2933.63255
-90.501259,103,2933.867755
-63.992694,166,2934.000769
-39.461133,256,2934.205509
-16.923044,420,2934.69486
-85.208834,173,2934.986559
-43.935249,292,2935.222269
44.302369,715,2935.947569
-80.748488,157,2936.226175
-71.619245,131,2936.337997
-73.04086,176,2936.480929
29.31566,495,2937.02407
-76.836141,130,2937.26006
-52.556726,160,2937.388619
-176.408977,379,2937.824669
-15.621306,260,2938.033039
-71.933848,165,2938.166903
-130.951474,419,2938.635515
-72.820141,173,2938.907362
-74.337253,166,2939.040876
-59.099428,162,2939.170267
-66.254424,134,2939.410046
-104.330452,179,2939.55479
-94.491796,186,2939.704301
-82.83971,252,2940.068372
-54.686404,145,2940.184719
-35.660979,183,2940.331105
-69.570116,130,2940.568799
-96.766004,212,2940.73918
-97.913007,120,2940.835477
-77.568495,124,2941.06641
-121.320276,102,2941.148266
-90.680571,110,2941.236634
-64.179614,157,2941.362218
-100.081524,188,2941.645687
-125.125704,168,2941.781188
-103.497452,110,2941.869819
-51.599123,202,2942.164431
-76.920236,125,2942.265795
-63.156467,141,2942.379372
-108.814679,162,2942.511228
-75.602466,111,2942.764153
-117.064583,148,2942.882788
-50.459599,173,2943.022059
-89.266839,191,2943.340784
-136.99173,180,2944.444583
-85.448191,156,2944.570107
11.813992,459,2945.089767
-53.027231,196,2945.429232
-57.137577,186,2945.578069
28.682056,510,2946.141799
-74.980796,127,2946.243665
-94.014266,453,2946.760125
-60.680928,169,2946.895227
-78.330374,107,2947.150053
-71.142714,119,2947.245776
-68.943791,190,2947.397871
-71.554651,127,2947.500059
-66.652686,146,2947.770722
-102.969654,167,2947.904667
-66.01424,189,2948.05561
-56.010173,170,2948.36824
-6.185281,394,2948.850756
-122.596342,110,2948.939225
-56.211431,189,2949.091
-83.276472,200,2949.251174
-71.838153,173,2949.548536
-71.211106,198,2949.707804
-80.94563,131,2949.813118
-49.34877,191,2950.121649
-45.509794,178,2950.263873
-58.164837,163,2950.548378
-49.006457,223,2950.727543
-50.936946,201,2950.889755
-78.660137,176,2951.18346
-33.716465,230,2951.36817
-99.284376,254,2951.754234
-163.66187,212,2951.925133
-81.079667,173,2952.062836
-74.470943,156,2952.338561
-92.893502,153,2952.462987
-88.600807,165,2952.594874
-29.568562,302,2953.007403
19.86246,432,2953.510892
-67.721678,150,2953.632295
-40.419525,198,2953.792258
-98.838329,107,2954.031621
-85.584728,151,2954.153394
-30.222284,413,2954.637288
-40.106803,218,2954.811422
-94.605661,159,2954.939155
-70.416699,151,2955.212354
-119.27735,133,2955.319418
-46.947667,240,2955.512292
-51.342083,160,2955.79403
-51.866262,181,2955.939426
-81.295278,245,2956.30151
-54.016955,644,2957.003826
-50.572049,516,2957.569782
-64.077117,152,2957.691741
-75.277898,125,2957.792107
-94.143398,130,2958.048002
20.08143,463,2958.551743
-66.521615,158,2958.678929
-52.395513,160,2958.807278
-87.061577,140,2958.920048
-0.923395,360,2959.340324
-44.476998,153,2959.46386
-64.504503,192,2959.749879
-45.250835,205,2959.914011
-38.716826,186,2960.194209
-69.991766,141,2960.30743
-50.019775,256,2960.513631
-68.185356,152,2960.767731
-79.406793,114,2960.859252
-92.897053,142,2960.972897
-33.300148,327,2961.391699
-249.459901,204,2961.555336
-105.576887,323,2961.972672
-54.382945,191,2962.127938
-52.69148,235,2962.472157
-86.243881,150,2962.592123
-65.843704,144,2962.708122
9.344816,388,2963.172462
-39.180187,180,2963.316662
-66.613141,167,2963.634729
-64.771121,184,2963.781907
-79.396375,166,2963.915311
-64.50431,216,2964.257693
-88.212565,172,2964.395125
-70.785045,165,2964.527516
-61.33931,149,2964.816961
-69.13294,279,2965.039844
-39.068743,403,2965.516911
-70.426355,187,2965.666255
-13.301688,320,2966.07471
-124.300722,96,2966.151646
-77.520951,190,2966.473412
-99.82328,263,2966.684131
-32.453711,181,2966.982964
-61.688184,171,2967.121014
-63.328019,159,2967.248157
-74.464222,176,2967.543214
-76.062028,194,2967.697868
-215.904442,209,2967.864213
-87.091438,128,2968.118393
-146.516405,356,2968.404931
-58.740844,138,2968.670966
-44.676135,152,2968.792645
23.499704,403,2969.270854
-87.953877,121,2969.367469
-62.809828,165,2969.499507
-73.98769,158,2969.62681
0.213069,231,2969.96429
-76.888514,139,2970.075783
-117.616364,147,2970.192974
-75.261645,273,2970.563932
-20.741575,291,2970.96909
-90.408649,152,2971.091021
-42.124857,225,2971.271151
0.916711,436,2971.779889
-74.351154,140,2971.891708
-120.65915,155,2972.171476
-52.58808,285,2972.399395
-63.436725,171,2972.690372
-104.895874,167,2972.824024
-28.657198,253,2973.02686
-134.321267,146,2973.294234
-29.140847,224,2973.472919
-45.839347,190,2973.792338
-72.755993,143,2973.907744
-68.113078,123,2974.006717
-60.593534,130,2974.111472
-41.736271,343,2974.538858
-73.046933,166,2974.671594
-60.857439,221,2975.003737
-61.52537,160,2975.131698
-84.301404,201,2975.292583
-92.372783,208,2975.62885
-29.179786,294,2975.864981
-208.245382,327,2976.305467
-90.831716,149,2976.42567
-133.35456,129,2976.6984
-56.585202,210,2976.866749
-70.35508,155,2976.991013
-50.969267,176,2977.294307
-222.535727,164,2977.426698
-73.371417,256,2977.631274
-12.854202,264,2977.974669
-50.829326,273,2978.325819
-236.263636,153,2978.448323
-92.151375,135,2978.556137
-47.886758,253,2978.890804
-194.57618,182,2979.035515
-106.528874,122,2979.133546
-49.587555,215,2979.436377
-51.602365,231,2979.622482
5.819905,481,2980.139262
-55.611606,197,2980.297307
-101.472583,163,2980.560892
-83.591521,152,2980.682872
-236.628192,234,2980.870012
-30.092474,287,2981.233311
-108.95203,193,2981.389445
-88.70006,179,2981.677958
4.402131,548,2982.250302
-56.779686,220,2982.427103
2.028531,424,2982.899827
-40.178631,281,2983.276779
-49.429969,144,2983.392094
-207.168124,310,2983.640541
-26.110021,266,2984.006124
-52.130272,329,2984.422106
-90.273616,148,2984.541142
-72.76475,153,2984.664407
-70.970815,220,2984.988321
-204.196345,215,2985.159656
-81.256428,138,2985.270816
-110.521696,167,2985.536936
-89.132551,282,2985.763902
-89.343521,415,2986.228025
-113.604488,178,2986.371022
-29.509057,214,2986.676792
-227.138211,204,2986.840512
-61.643436,139,2986.95256
-90.204489,191,2987.237499
-106.820238,241,2987.432684
-135.496999,164,2987.696335
-71.295679,327,2987.957974
-53.142049,196,2988.246025
-33.058064,613,2988.869463
-89.944502,160,2988.99753
167.388037,777,2989.885073
-96.969977,184,2990.033029
-60.334129,219,2990.209503
-62.996859,212,2990.511039
-44.524326,157,2990.637048
-20.934981,273,2990.989151
-50.094569,166,2991.123828
-91.035684,129,2991.226949
-95.273943,243,2991.554967
-37.393357,311,2991.803912
-54.916335,145,2992.051477
-95.565922,140,2992.164115
-82.785275,158,2992.290065
-102.38132,144,2992.536976
-172.273822,155,2992.66108
-41.696856,212,2992.830388
-78.29201,253,2993.164022
-43.260769,192,2993.318067
-59.846928,178,2993.460277
-56.36726,219,2993.76691
-55.319015,141,2993.879746
-94.424134,177,2994.152938
-68.619224,158,2994.279137
-107.32638,191,2994.432427
-58.682605,182,2994.70964
-33.752324,467,2995.084218
24.107475,505,2995.619518
-109.145822,180,2995.895804
-169.18034,410,2996.354101
-119.158391,139,2996.467427
-60.072159,342,2996.874455
-259.276047,152,2996.99549
-98.175374,169,2997.130432
-95.383834,169,2997.397108
-46.567204,219,2997.574702
-44.957403,225,2997.754385
-11.840251,312,2998.136218
-81.245912,285,2998.496664
-92.21978,148,2998.614658
-6.630552,265,2999.415068
-71.154755,137,2999.656808
-12.279952,441,3000.008889
92.31134,606,3000.757695
-57.753247,269,3000.972049
-30.373271,372,3001.400973
-113.741568,109,3001.490024
-34.222813,224,3001.822883
-21.512605,368,3002.116692
-159.772503,457,3002.661318
-233.244369,151,3002.781942
-58.900027,260,3003.141132
-38.212342,346,3003.567959
-10.526586,385,3003.875378
-74.608619,207,3004.19149
-71.384644,180,3004.335037
-56.330612,251,3004.690966
-197.733627,169,3004.826918
-60.798081,256,3005.032183
-80.215675,173,3005.320244
-176.080276,257,3005.525468
0.515251,346,3005.954726
-132.455013,109,3006.042147
-96.949295,153,3006.318728
-102.946358,203,3006.48254
-26.315038,262,3006.692033
-139.481959,224,3007.023011
-152.363307,124,3007.122423
-118.753727,193,3007.27692
-124.029894,185,3007.578175
-100.040075,196,3007.735463
-219.811284,195,3008.04249
-26.570221,295,3008.27802
-73.326268,171,3008.584861
-64.623637,183,3008.730896
-43.075132,239,3008.922348
-55.928004,202,3009.23982
-139.858712,444,3009.744421
-113.169704,159,3009.871924
-55.835576,179,3010.015207
-26.376712,255,3010.366323
-25.12482,277,3010.587603
28.323806,422,3011.079983
-80.203494,156,3011.204715
-45.497224,419,3011.692343
-164.957399,127,3011.79407
-218.313783,404,3012.275366
-110.578685,196,3012.584284
-59.68785,151,3012.704198
-74.700538,223,3012.883256
-82.154464,214,3013.207156
-103.526064,161,3013.33626
-40.212378,329,3013.752497
-105.968646,127,3013.854344
-150.002073,225,3014.034894
-79.080782,225,3014.367138
-70.237237,138,3014.477235
-74.408185,162,3014.607559
-41.331143,214,3014.931402
-94.6614,181,3015.076483
-45.905781,239,3015.418469
-63.244916,167,3015.551694
-60.55783,190,3015.704046
-230.760613,198,3016.015969
-30.513534,259,3016.224109
-247.582036,180,3016.518928
-111.031016,151,3016.640719
-196.352973,328,3017.05705
-29.197095,232,3017.242278
-68.877808,206,3017.406929
-89.207973,200,3017.697858
-78.584715,225,3017.876938
-76.976115,143,3018.122488
-171.400777,219,3018.296556
-78.103792,177,3018.437231
-32.681383,306,3018.812757
-68.102327,168,3018.946466
-69.165253,147,3019.19374
-101.150246,212,3019.363127
-66.210766,175,3019.502477
-171.300883,96,3019.57855
-93.695891,398,3020.027202
-66.686865,142,3020.273259
-128.884058,228,3020.455917
-30.909623,197,3020.613809
-60.151437,210,3020.913876
-89.386114,118,3021.008474
59.177519,450,3021.50236
-103.399474,131,3021.607497
-20.883043,217,3021.912428
-209.131481,262,3022.121074
-53.710286,219,3022.428016
-84.015799,452,3022.789162
-95.368995,130,3023.024663
-40.950558,306,3023.269531
-83.777527,151,3023.522099
-89.437547,146,3023.639087
-34.073967,323,3023.896855
-52.375872,176,3024.169186
-107.253549,125,3024.269444
-64.033422,167,3024.402009
-99.148181,150,3024.653043
-107.092355,263,3024.863833
-91.776121,175,3025.135763
-66.69415,184,3025.283216
-74.321436,154,3025.406456
-56.814073,178,3025.680625
-119.07745,200,3025.840218
-93.599215,169,3025.975304
-65.801401,176,3026.249357
-68.627945,173,3026.389133
-28.609871,214,3026.560127
-45.380575,198,3026.851112
-26.62394,299,3027.089408
-243.662779,138,3027.331077
-42.67851,197,3027.488917
-82.119552,149,3027.607683
-58.710491,159,3027.866154
-48.82928,337,3028.134996
-65.57916,198,3028.425019
-82.865121,170,3028.562055
-159.729223,154,3028.68514
-71.689971,213,3029.00841
-101.428939,181,3029.153297
-63.210626,175,3029.292684
-177.637644,295,3029.66024
-67.407567,165,3029.792654
-141.829538,132,3030.030541
-119.206364,499,3030.558948
-66.148682,192,3030.711719
-91.885659,156,3030.836317
-44.380553,209,3031.134531
-83.914103,196,3031.291743
-57.785421,221,3031.470494
-67.546613,157,3031.727451
-76.020275,170,3031.86465
-17.353914,356,3032.280238
-96.815345,228,3032.462745
-93.226864,150,3032.581991
-63.113371,187,3032.862109
-109.377003,378,3033.29496
-146.137487,194,3033.449418
-122.881602,308,3033.82727
-42.397897,223,3034.004366
-104.202261,244,3034.199259
-9.760979,260,3034.539455
-56.789822,208,3034.706353
44.188912,523,3035.255643
-69.006319,368,3035.682015
-124.743684,184,3035.828241
-74.571053,359,3036.247112
-66.968852,163,3036.510013
-41.557198,162,3036.640372
-63.426957,175,3036.779322
-89.827914,120,3036.874732
-103.56101,156,3037.130567
-92.455558,142,3037.243885
-86.942198,153,3037.36567
-64.962961,147,3037.61652
-78.926026,146,3037.732724
-63.666798,236,3037.921322
-35.20177,232,3038.238674
-257.811668,136,3038.346943
-82.684799,195,3038.503295
-33.941492,307,3038.884672
-65.297921,163,3039.014915
-4.668288,257,3039.350948
-69.445501,156,3039.475252
-56.475303,160,3039.602722
-30.566517,329,3039.996931
-39.189323,246,3040.324743
-90.066954,394,3040.639035
-57.176879,313,3041.021343
-228.498136,214,3041.190762
-85.126897,269,3041.538942
-34.626363,210,3041.706865
-93.26314,108,3041.924746
-232.35598,431,3042.267074
-4.668762,521,3042.814426
-77.383536,113,3043.035958
-86.543393,142,3043.149292
-59.216024,205,3043.312842
-104.847041,271,3043.660583
-51.964123,148,3043.77845
6.400065,443,3044.263143
-110.90877,178,3044.404498
-44.628637,182,3044.69335
-83.89299,230,3044.876436
-97.384877,146,3044.993566
-107.769725,109,3045.211888
-66.467822,160,3045.339835
-105.041407,232,3045.524281
-35.825847,275,3045.875369
-2.04129,416,3046.338181
-96.011995,258,3046.544794
-65.83578,184,3046.838055
-52.60905,211,3047.008011
-122.763501,186,3047.156155
-8.829637,285,3047.535347
-64.743314,401,3048.008918
-72.766263,219,3048.184323
-33.691229,208,3048.503437
-176.821228,126,3048.604543
-110.309502,172,3048.741235
-63.39066,179,3048.883427
-74.101929,207,3049.208531
-49.44335,329,3049.619458
-50.872552,296,3049.855537
-71.2112,176,3049.99535
-69.7051,270,3050.353288
-169.648049,219,3050.528494
-91.549857,193,3050.81458
-100.20409,192,3050.968457
-57.684036,211,3051.269281
-72.241275,165,3051.401954
-117.839957,300,3051.642689
-37.794366,272,3051.991513
-219.761335,176,3052.131338
-160.173599,266,3052.475419
-150.068571,164,3052.607183
-44.250366,171,3052.875777
-86.457793,127,3052.977269
-161.784367,332,3053.799217
-113.954267,311,3054.179095
-137.120766,740,3054.900569
-70.739257,154,3055.155466
-30.075261,230,3055.339099
-42.982728,292,3055.704368
-21.399933,405,3056.158516
-146.824204,423,3056.4953
-24.508332,568,3057.210382
-90.433598,790,3057.972166
-234.07399,713,3058.672267
-43.489277,276,3059.023166
-104.483595,251,3059.223417
10.462566,315,3059.605255
-259.46408,166,3059.736963
-11.043805,411,3060.196263
-170.715921,249,3060.525799
-186.815831,453,3061.018405
-303.460347,750,3061.771526
-7.168593,355,3062.211861
-23.130699,248,3062.409557
4.512962,573,3063.018014
-186.623713,229,3063.361236
-68.642453,181,3063.505833
-116.680846,250,3063.85914
-164.300169,335,3064.125909
-29.344291,228,3064.483309
-14.629294,282,3064.709815
-246.381687,210,3065.050939
-138.396183,188,3065.20082
-257.525916,370,3065.661158
-25.601982,241,3065.853343
69.579391,636,3066.683029
-67.359402,166,3066.815269
-70.808708,266,3067.027863
-140.594463,306,3067.42528
-130.150459,248,3067.623685
-145.674466,501,3068.18473
-74.807049,117,3068.430163
-99.374673,275,3068.649055
-152.516828,324,3069.060753
12.208656,426,3069.562235
-22.258525,237,3069.751507
-100.535092,245,3070.102519
-5.513779,447,3070.45866
52.345302,968,3071.518804
-111.908275,251,3071.868976
-73.369954,187,3072.018259
-57.700049,224,3072.329798
-143.973219,997,3073.391657
31.368583,335,3073.658489
-126.969466,251,3073.990713
-88.563599,165,3074.12357
-86.307953,153,3074.245291
-28.94292,1000,3075.3068
-53.151055,186,3075.587462
-104.703723,183,3075.733937
-143.858191,182,3075.878356
-208.931624,316,3076.260599
-183.272085,618,3076.916166
-203.590462,524,3077.486516
-36.706812,188,3077.788888
-73.736129,199,3077.94713
-228.004,469,3078.474181
-240.33191,187,3078.622524
-204.665976,414,3079.104605
-64.624458,131,3079.209634
-38.355811,298,3079.600182
-67.12549,169,3079.734558
-68.14203,184,3080.033897
-94.099015,175,3080.173712
-63.710029,255,3080.377072
-171.675469,303,3080.781374
-118.832875,783,3081.743732
-202.058465,265,3081.954247
-77.001644,173,3082.092936
-171.024503,219,3082.420034
9.799319,671,3083.106891
-182.382076,725,3083.990157
210.013566,1000,3085.120087
-78.176081,174,3085.258123
-41.535304,216,3085.429948
-83.035444,132,3085.688078
-67.72851,265,3085.898724
-60.37952,161,3086.026394
-61.091016,149,3086.30561
-72.055504,200,3086.465316
-113.96921,533,3087.042029
-104.648154,161,3087.17004
-59.635246,372,3087.619517
-154.108187,524,3088.203511
-29.29071,178,3088.498
-77.081069,249,3088.697537
-73.226091,156,3088.82142
-49.877141,192,3089.131744
-36.944849,215,3089.302833
-90.88104,257,3089.662203
11.169434,455,3090.023649
-36.560524,332,3090.450957
-80.609191,200,3090.777802
-30.456368,392,3091.090018
359.427577,1000,3092.220163
-130.660148,194,3092.528889
-255.934978,100,3092.60786
362.90974,1000,3093.706028
-156.207013,197,3093.862993
-25.208183,239,3094.185237
86.190877,1000,3095.275112
21.826264,1000,3096.405402
-166.536912,342,3096.67802
84.266499,1000,3097.8256
-182.836712,202,3098.139652
-117.1327,161,3098.26875
-210.81451,823,3099.075656
-28.705012,339,3099.498591
-241.066687,167,3099.63141
70.532498,1000,3100.75838
-87.303653,152,3101.069406
-25.037768,310,3101.316334
-359.424303,772,3102.249983
390.018337,1000,3103.313722
-129.438785,188,3103.464113
-49.040032,217,3103.769264
-273.702452,612,3104.390381
-125.382218,190,3104.541599
-19.925455,604,3105.158716
-171.367872,661,3105.947531
-81.640082,233,3106.133613
-105.351086,194,3106.288843
-217.62496,344,3106.697304
-0.14662,573,3107.285877
-230.068721,184,3107.564344
-20.871427,441,3107.91567
-144.855166,191,3108.997888
-7.989748,304,3109.241167
-18.571152,497,3109.771737
-133.124438,133,3110.008906
-109.16495,155,3110.132848
-48.455181,154,3110.255811
-74.834086,214,3110.558333
-84.692833,231,3110.742108
-29.357537,185,3110.890068
-123.815648,136,3111.129069
-137.470502,140,3111.240787
-69.700391,223,3111.419123
-140.173463,395,3111.864954
-171.585857,345,3112.272319
-222.905792,233,3112.458909
-133.630329,150,3112.711639
-159.603256,435,3113.057701
-140.764212,628,3113.822959
-90.042269,239,3114.014069
-72.260523,173,3114.284464
-294.617329,804,3115.05631
-29.246168,320,3115.442752
-143.860377,765,3116.184431
-97.802472,258,3116.522308
-130.005427,174,3116.660815
-27.113822,310,3117.039562
0.946405,357,3117.325961
-68.962772,301,3117.698447
-96.113273,770,3118.443858
-31.206875,310,3118.822687
-73.188453,231,3119.140188
-220.108352,200,3119.299811
-109.408884,134,3119.4068
-199.294572,101,3119.487152
-33.313699,322,3119.876119
-12.978572,1000,3120.935698
-136.288305,615,3121.556396
-62.370322,164,3121.688111
-85.178689,176,3121.959304
-96.056534,635,3122.597542
-78.871122,227,3122.778687
-175.327111,87,3122.979454
69.719691,637,3123.619549
-226.011091,852,3124.571913
-169.946988,445,3124.928524
-201.472936,275,3125.280808
-93.218683,209,3125.447426
32.291964,546,3126.01509
-234.133855,558,3126.724344
-73.302672,261,3126.933523
-167.875756,654,3127.588569
-85.838164,126,3127.820819
-170.478507,448,3128.179069
-110.376229,204,3128.474289
-101.755119,752,3129.209589
-187.59147,542,3129.772956
-102.001468,264,3130.114623
-38.520553,372,3130.542724
-30.971574,270,3130.758443
-64.772422,1000,3131.823127
-106.395758,744,3132.70123
-339.02332,930,3133.599024
-29.021308,456,3134.116186
-135.444791,165,3134.400287
-110.283909,494,3134.952149
150.095346,1000,3135.902729
-247.837045,507,3136.460188
-139.962819,200,3136.775918
105.804094,774,3137.553135
-104.803685,244,3137.900213
-69.325224,349,3138.331448
-131.691312,482,3138.717434
-282.231753,879,3139.723393
-121.182503,173,3140.002625
-75.064293,585,3140.599904
-113.797748,734,3141.316002
-137.926741,183,3141.463094
-236.513723,389,3141.926302
-6.564852,817,3142.890338
-77.597797,175,3143.031144
-66.402622,180,3143.331874
-55.121751,167,3143.465104
-171.50525,311,3143.712421
-2.953611,326,3144.10695
28.209855,383,3144.544486
-111.456848,145,3144.660838
-129.512428,564,3145.242632
-50.219215,487,3145.763019
-55.745985,178,3146.036525
-219.106151,1000,3146.966576
-56.31639,124,3147.197618
-66.991728,603,3147.810766
-87.49696,151,3147.932133
11.080041,584,3148.577424
-130.70595,294,3148.981695
-254.596864,702,3149.707247
-215.411367,287,3150.088699
-83.861153,197,3150.245199
-37.830096,522,3150.81216
-139.773327,264,3151.174958
-97.200431,166,3151.307684
-125.08369,492,3151.869437
-52.016263,160,3151.996094
-81.119422,148,3152.286794
-51.52374,196,3152.443218
-152.739211,370,3152.898798
-221.48282,156,3153.023305
-274.434277,873,3154.001477
-286.664118,517,3154.544688
-87.635594,307,3154.790707
-87.86109,174,3155.061482
26.108162,354,3155.343185
-173.767946,789,3156.236019
9.593306,329,3156.631641
-256.298492,264,3156.843192
-53.301534,372,3157.271828
-70.405612,216,3157.444723
6.818525,376,3157.87624
-99.021604,677,3158.547901
-66.718484,197,3158.836287
-75.99095,155,3158.960189
-291.280017,685,3159.639324
-181.095199,535,3160.197235
-259.717023,609,3160.948626
22.667244,297,3161.185935
-101.70145,192,3161.471761
-67.577419,138,3161.582391
-85.237859,183,3161.728538
-81.222109,165,3161.859955
-84.651273,310,3162.238122
-110.63681,167,3162.854277
-124.893569,140,3163.096841
-74.765301,232,3163.281685
-135.186456,326,3163.672537
-219.062698,659,3164.329552
-42.884034,173,3164.467443
125.363305,1000,3165.526089
-278.13937,406,3165.981138
-229.205789,291,3166.344962
-102.710601,539,3166.908658
-275.084476,309,3167.154319
-88.00579,148,3167.403361
-69.514273,301,3167.643103
-99.899728,140,3167.88585
-105.016067,482,3168.269954
-45.052079,202,3168.561076
-57.698626,251,3168.759884
-102.26165,144,3169.006285
-110.365251,508,3169.542131
-193.248535,324,3169.800483
-84.886364,372,3170.229959
-212.645557,271,3170.446921
-74.637823,209,3170.746132
-303.521231,673,3171.414887
-25.066784,193,3171.7008
-169.995059,800,3172.470356
-99.727713,160,3172.598598
-12.781778,371,3173.025201
-100.633714,153,3173.146818
-107.16145,197,3173.435295
-70.270718,212,3173.604409
-72.507914,182,3173.880955
-156.299115,241,3174.073241
-106.076487,193,3174.227355
-223.896621,421,3174.694054
39.449243,1000,3175.752341
-161.490855,507,3176.289795
56.026457,1000,3177.352121
-16.771912,355,3177.766232
-280.193611,495,3178.292279
-115.106813,370,3178.718582
-83.852713,155,3178.843052
-163.589145,424,3179.315689
-166.489972,764,3180.056711
-31.932433,224,3180.411328
-257.137421,648,3181.094013
-62.829072,168,3181.227589
-147.308723,253,3181.596343
-190.043187,803,3182.40083
-46.75833,203,3182.717297
-323.980743,672,3183.423333
-57.415667,209,3183.590278
-208.472065,527,3184.164534
-130.802116,186,3184.463684
11.593066,332,3184.735454
-174.001766,419,3185.225929
-179.140814,306,3185.623087
-156.780073,460,3186.148207
-62.652784,207,3186.312556
-49.013593,214,3186.638995
-20.487475,586,3187.256483
-155.360052,181,3187.399436
-6.593308,1000,3188.513847
-100.409876,177,3188.654976
-62.185814,149,3188.909686
-96.139012,158,3189.035538
-109.952733,519,3189.58014
-46.589285,191,3189.732362
-70.478036,195,3190.018703
-37.520335,267,3190.232273
2.173515,308,3190.610719
-101.853505,191,3190.763705
-3.397751,331,3191.158822
-117.753408,163,3191.288317
-17.665813,297,3191.657859
-94.208957,153,3191.779488
-81.235552,166,3191.911623
-42.872971,171,3192.179253
-15.547682,304,3192.421754
-56.391465,175,3192.713321
-16.302705,446,3193.220369
-213.660461,701,3193.930008
-68.812552,153,3194.051655
-100.023799,567,3194.671179
-58.482744,184,3194.972286
-183.992236,249,3195.170088
-72.748462,170,3195.457361
-121.276662,641,3196.126812
-131.591102,197,3196.283837
-145.920121,411,3196.781318
-75.463721,165,3196.912858
-187.064188,285,3197.330446
-55.296038,304,3197.572641
-193.992455,535,3198.149918
-67.775732,218,3198.475534
-76.782856,158,3198.601087
-228.807694,768,3199.541319
-215.79254,423,3200.066864
-48.057665,163,3200.196638
-193.656214,240,3200.38744
-92.805807,164,3200.670981
-167.495131,239,3200.860976
-60.455113,151,3200.980908
-220.437128,348,3201.41293
-157.056993,343,3201.838676
-152.281197,163,3201.968107
-290.978315,781,3202.923457
-100.209803,375,3203.220854
-169.06445,336,3203.642504
-141.223097,376,3204.102542
-105.979559,171,3204.238616
89.964219,1000,3205.358012
-231.88642,309,3205.772486
-165.840977,197,3205.928848
-45.075097,256,3206.293175
-59.392222,205,3206.456487
-147.466757,208,3206.621361
-136.801756,219,3206.949916
32.111309,1000,3208.069693
-176.518373,496,3208.615328
-83.41344,171,3208.751547
29.744485,357,3209.190904
-59.224769,186,3209.338342
-132.200084,173,3209.476589
-67.239979,159,3209.756073
-129.712929,570,3210.360616
-197.78109,875,3211.386767
-65.698704,177,3211.529047
-280.584805,215,3211.699544
-68.545572,196,3212.008913
-34.354263,290,3212.238673
-190.022566,1000,3213.356958
-208.605695,378,3213.79268
-190.924706,215,3213.963086
-92.429154,109,3214.182336
-127.819655,452,3214.542151
-81.519991,301,3214.915659
-105.572783,415,3215.396496
-183.32743,496,3215.943669
-52.641996,179,3216.086426
-138.15906,135,3216.193785
-59.066482,360,3216.632519
-38.619554,202,3216.947056
-71.2801,185,3217.094169
-351.19492,870,3218.529247
-116.92343,403,3218.850228
-58.448447,313,3219.23165
-76.913923,475,3219.73966
-64.312874,566,3220.321104
-207.45007,541,3220.883423
-43.001663,400,3221.333521
-70.939419,632,3221.971189
-79.584628,212,3222.271154
-112.634182,375,3222.569855
-254.427241,452,3223.063364
-181.883653,316,3223.469521
-125.782048,248,3223.666828
33.414911,375,3224.118003
-192.732756,481,3224.650566
-53.677254,435,3225.129756
-43.603915,221,3225.305798
-91.729337,274,3225.655614
-64.085528,817,3226.438646
83.403456,1000,3227.499801
-126.105739,166,3227.762979
-78.798898,152,3227.883596
-69.221218,184,3228.029882
-28.014172,230,3228.344259
-130.779438,238,3228.533765
-61.259601,226,3228.845667
155.171794,1000,3229.907071
-50.508674,469,3230.280389
-45.501777,147,3230.528987
-160.541044,305,3230.770999
-83.872291,250,3231.101597
-225.147997,316,3231.351553
-64.360464,214,3231.65594
-36.5817,350,3232.065574
-143.247859,572,3232.651396
-162.590103,278,3232.874468
-190.549059,259,3233.211419
53.690055,1000,3234.290704
-248.876233,696,3234.975573
-7.23374,1000,3236.035006
-79.443078,131,3236.140071
-179.984396,362,3236.56202
9.959868,1000,3237.623369
-70.063863,243,3237.816708
56.419193,603,3238.559527
-235.699081,315,3238.811092
-87.138949,130,3238.914104
-92.420094,452,3239.406046
-250.936954,464,3239.908107
-179.837156,303,3240.279682
-60.444849,207,3240.444255
-27.850714,308,3240.861013
-124.531163,422,3241.366075
-216.927203,294,3241.600008
-103.758046,180,3241.897231
-110.321643,140,3242.008315
-125.011429,456,3242.545262
-58.448718,289,3242.774455
-188.49589,216,3243.098882
-61.702103,166,3243.230343
-130.173031,403,3243.690936
-141.494785,461,3244.190211
-32.375169,292,3244.422317
-86.368725,200,3244.714463
-324.7871,763,3245.459351
-24.662399,499,3245.988606
-262.93003,469,3246.493484
-85.658793,467,3246.99553
-256.738375,657,3247.651346
-275.482665,814,3248.563191
-235.277464,252,3248.763857
-31.009722,301,3249.154667
-50.726086,660,3249.82222
-107.023067,217,3250.14602
-84.581254,680,3250.820053
-43.017574,292,3251.18399
-119.676499,151,3251.304526
-26.118763,314,3251.555714
-90.321061,220,3251.863394
-162.601502,290,3252.094306
-23.593875,434,3252.571644
-30.557168,412,3253.031605
-63.05745,160,3253.159502
-30.947545,397,3253.612493
-102.77365,648,3254.260798
-92.89661,336,3254.660457
-59.850637,343,3255.065129
-8.289128,293,3255.298418
-258.304015,624,3256.05945
-121.415845,339,3256.329051
-3.452077,596,3256.939517
-16.826244,357,3257.356114
-209.909905,483,3257.874686
13.203728,313,3258.256129
-78.140234,171,3258.392402
-85.600045,471,3258.900977
-93.74464,332,3259.309121
-164.607811,222,3259.485976
-74.184625,171,3259.622361
-30.92659,285,3259.981853
-61.918582,189,3260.132305
-127.016293,414,3260.594812
-194.570732,199,3260.754163
-124.451974,190,3261.037733
-108.255141,152,3261.158735
-10.745192,373,3261.588854
-60.185183,195,3261.744556
-77.077347,158,3262.001115
-67.041052,144,3262.116568
-52.88236,192,3262.269134
-78.411408,202,3262.561321
-72.412069,243,3262.755795
-64.655173,348,3263.165148
-125.876722,135,3263.273523
-81.590195,142,3263.387217
-85.691097,141,3263.631074
-106.223984,183,3263.77706
-53.729495,164,3263.908067
-113.268027,790,3264.801161
-44.907868,514,3265.341325
-144.706945,256,3265.545398
-23.144499,394,3265.991496
-23.274731,226,3266.17168
-74.274316,127,3266.404963
-39.303328,201,3266.565571
-77.391088,148,3266.683566
-216.786247,424,3267.155034
-93.863681,114,3267.245694
-108.079458,385,3267.685696
-94.419722,175,3267.957048
-202.586821,271,3268.173223
-50.744685,199,3268.331515
-46.617045,226,3268.642014
-281.396882,700,3269.33655
-142.027262,733,3270.184081
-91.500436,161,3270.311978
12.934695,343,3271.374018
-40.188984,195,3271.531248
-113.654756,281,3271.887903
-160.899073,276,3272.107894
-82.581937,168,3272.372439
-338.243746,676,3273.044313
-147.806234,230,3273.227613
-115.859004,202,3273.520354
-238.921456,829,3274.312797
-88.39589,183,3274.590381
-142.231009,279,3274.813724
-131.75552,208,3275.11124
-94.935147,109,3275.198152
-89.652105,170,3275.334748
-169.303543,287,3275.695715
-220.253498,367,3275.987085
-272.862885,586,3276.71964
-321.074239,585,3277.323377
-68.399294,248,3277.521354
-103.722665,216,3277.85521
-54.527046,221,3278.031586
-191.533381,294,3278.425842
-46.564901,214,3278.596596
-99.001387,134,3278.702649
-58.134208,120,3278.961772
-139.998362,282,3279.186836
-99.899475,199,3279.344764
-91.177977,143,3279.615514
-158.803907,583,3280.248447
-173.816289,217,3280.420495
-84.656531,264,3280.79862
-118.712355,801,3281.589614
-81.914825,152,3281.874121
-46.028654,1000,3282.9791
-196.811777,211,3283.148026
-81.521785,136,3283.257474
-79.696604,141,3283.523158
-361.348546,723,3284.277021
-207.239305,385,3284.734735
-319.269976,670,3285.426296
-86.512761,134,3285.533649
-119.795573,159,3285.827846
-83.087782,129,3285.929876
-166.325267,927,3287.005428
-86.549835,287,3287.233839
-158.593552,144,3287.535018
-338.947687,692,3288.253411
-96.313252,135,3288.360736
-253.200102,422,3288.87361
-149.358622,185,3289.020099
-354.064465,664,3289.870289
-122.919943,129,3289.972869
-258.255925,455,3290.489996
-138.97315,139,3290.600149
-94.61102,153,3290.721932
-83.729054,197,3291.017658
-62.966156,171,3291.154664
-123.720417,327,3291.557369
-63.400474,147,3291.675214
-113.796388,570,3292.263354
-287.479407,655,3292.918931
-36.460873,1000,3293.979914
-72.880264,152,3294.232208
1.595414,411,3294.56029
-83.490822,135,3294.798993
-193.680504,221,3294.975804
-144.757722,235,3295.294406
-176.84973,130,3295.398741
-115.050283,222,3295.576712
-93.517069,157,3295.834222
-109.771107,126,3295.934536
-113.791016,172,3296.071543
-209.67523,1000,3297.176391
-86.019315,179,3297.318767
-157.469941,165,3297.58195
-130.920667,174,3297.721155
-160.619772,178,3297.862413
-74.746443,156,3298.116904
-137.962782,129,3298.2198
-158.874964,477,3298.733054
-128.265647,104,3298.816804
-53.653724,202,3299.140047
-204.65605,277,3299.360707
-118.698235,158,3299.485889
-138.142007,516,3300.056105
-215.857993,303,3300.451314
-263.42509,547,3301.041139
-143.070292,154,3301.164643
-113.317659,102,3301.398378
-174.320354,264,3301.610016
-91.044665,143,3301.724625
-109.431923,150,3301.996829
-111.713395,154,3302.119551
-77.052882,573,3302.727768
-130.789841,297,3303.122044
-70.47147,144,3303.2368
-78.111275,149,3303.35473
-76.052406,236,3303.693998
-116.084539,147,3303.810157
-105.782793,136,3303.918385
-85.145466,129,3304.173023
-155.468151,115,3304.264095
-91.642389,137,3304.373202
-104.393432,103,3304.455435
-67.789323,157,3304.729406
-101.719374,147,3304.846465
-86.575705,134,3304.957613
-89.387454,377,3305.411749
-83.311166,153,3305.533902
-106.750279,119,3305.628875
-102.82511,135,3305.891462
-107.068527,169,3306.026397
-129.275777,291,3306.260194
-73.133309,200,3306.572061
-83.119939,165,3306.703446
-67.530069,141,3306.815662
-97.038324,123,3307.083881
-132.049622,129,3307.187445
-102.905365,253,3307.389661
-131.710669,146,3307.657463
-86.401971,178,3307.799849
-75.959144,207,3308.118719
-95.721594,213,3308.288991
-65.114029,121,3308.385722
-130.166664,172,3308.523474
-71.996069,177,3308.817009
-73.329268,158,3308.943144
-142.2363,135,3309.050802
-88.05974,177,3309.357411
-196.934393,238,3309.546615
-138.728669,244,3309.895194
-112.124922,203,3310.056291
-87.676202,141,3310.168379
-111.852195,143,3310.436539
-38.61151,283,3310.661728
-134.758497,198,3310.977463
-106.774554,107,3311.062738
-83.678679,120,3311.158354
-89.128684,133,3311.263806
-87.720475,145,3311.536268
-107.373926,182,3311.680766
-24.779321,325,3312.094495
-76.463921,260,3312.301334
-34.752825,281,3312.675453
-91.108134,121,3312.771185
-128.657868,137,3312.88073
-66.993888,179,3313.022762
-52.212801,313,3313.450241
-98.059287,154,3313.572863
-208.190934,294,3313.984863
-70.786082,223,3314.168819
-58.328167,302,3314.562281
-50.965663,226,3314.742141
-135.021776,245,3315.106244
-75.49783,266,3315.318594
-83.340879,119,3315.566182
-85.615846,125,3315.665876
-92.800063,248,3315.862471
-80.162416,154,3316.138603
-77.275151,186,3316.285799
-58.047862,194,3316.440845
-106.509055,315,3316.844196
-67.680507,154,3316.966744
-190.030079,150,3317.268881
-77.320311,188,3317.418208
-96.852507,336,3317.841115
-56.522858,174,3317.979287
-105.190672,106,3318.063149
-59.5003,133,3318.168809
-71.20087,142,3318.436927
-101.059363,141,3318.548443
-113.644581,128,3318.650651
-57.912438,231,3319.007759
-188.049867,174,3319.145848
-111.951284,122,3319.242695
-169.813187,173,3319.552372
-112.746931,170,3319.687385
-68.100741,148,3319.805551
-97.642002,123,3320.06704
-131.785301,236,3320.255417
-96.66812,177,3320.395938
-129.178765,114,3320.668466
-138.033602,182,3320.812775
-115.433839,127,3320.913684
-108.349312,466,3321.437069
-184.411089,252,3321.796431
-113.388178,131,3321.900423
-150.235059,349,3322.18008
-83.70172,151,3322.452077
-131.214012,163,3322.581737
-100.721242,108,3322.668143
-88.970205,407,3323.144975
-81.588231,127,3323.246933
-92.614157,119,3323.493418
-87.574979,269,3323.708271
-198.881957,222,3324.038921
-98.738636,211,3324.208425
-137.72938,143,3324.322221
-83.363289,121,3324.418688
-85.390089,125,3324.672195
-72.426071,239,3324.863205
-43.378885,378,3325.30523
-114.795234,413,3325.767346
-119.962005,157,3325.892667
-83.819248,148,3326.460974
-69.765806,156,3326.718286
-6.646934,276,3326.938823
-102.12307,177,3327.213069
-127.114187,205,3327.376461
-98.690572,183,3327.524013
-106.360554,95,3327.599484
-50.685909,229,3327.915583
-42.209368,241,3328.107714
51.460528,464,3328.610351
-76.117545,150,3328.877414
-66.595286,196,3329.033821
-163.883545,205,3329.196466
-73.611038,157,3329.455121
-98.756023,164,3329.585262
-106.53648,130,3329.688703
-131.098692,195,3329.976151
-82.353185,111,3330.064236
-104.647636,103,3330.146027
-85.227939,152,3330.267482
-88.060516,250,3330.597051
-103.104684,173,3330.734814
-316.660494,607,3331.350257
-56.296856,231,3331.667297
-220.448478,671,3332.348342
-284.09759,708,3333.047543
-75.653976,228,3333.361014
-169.301633,437,3333.8406
-143.475576,134,3333.94725
-80.693263,153,3334.068683
-178.254917,458,3334.565006
-126.049226,273,3334.91481
-89.0203,201,3335.075302
-138.792574,205,3335.370319
-48.974178,162,3335.500079
-138.429722,145,3335.616012
-93.775965,140,3335.728142
-90.941333,124,3335.95769
-102.100647,99,3336.036692
-94.429118,123,3336.135182
-84.081063,178,3336.278349
-213.322554,418,3336.810645
-66.101282,160,3337.070669
-104.575987,139,3337.181517
-94.027526,871,3338.184496
-250.366442,387,3338.492125
-13.722991,367,3338.936194
-240.088416,355,3339.370778
-187.033318,288,3339.599898
-65.120587,179,3339.897775
-156.661241,131,3340.002386
-106.994314,112,3340.091456
-42.850093,321,3340.500143
-242.730249,401,3340.976958
-198.944246,466,3341.347254
-108.579487,355,3341.783654
-61.761562,285,3342.162862
-64.864187,346,3342.43771
-121.793233,316,3342.84231
-87.676558,316,3343.269754
-59.851261,197,3343.426188
-69.213162,172,3343.563159
-73.295803,186,3343.86426
-186.381546,281,3344.08847
-233.67723,405,3344.574883
-46.163041,239,3344.765608
-115.675437,196,3345.075953
-83.192832,132,3345.181654
-150.791527,415,3345.690345
-158.528156,692,3346.407246
-211.297812,347,3346.83602
-99.151634,234,3347.02308
-104.83584,234,3347.370647
-90.722831,174,3347.509783
-67.048243,244,3347.868555
-268.386265,506,3348.424817
-97.647387,185,3348.571805
-36.963473,181,3348.715719
-77.864659,143,3348.999632
-108.001285,118,3349.09366
-73.181447,142,3349.206027
-97.982105,129,3349.308227
-42.111566,348,3349.760908
-91.87473,197,3349.917408
-82.845676,363,3350.369122
-182.58267,428,3350.86767
-117.304977,157,3350.992832
-89.852403,248,3351.346604
-109.196635,197,3351.504201
-143.43318,364,3351.946485
-46.756745,427,3352.439131
-5.960438,284,3352.665366
-88.766283,132,3352.925336
-186.832775,612,3353.566638
-81.713634,321,3353.822357
-57.594485,162,3354.113039
-48.620107,171,3354.249987
-60.290822,181,3354.393438
-74.463003,175,3354.685907
-24.368983,227,3354.866595
-238.504662,549,3355.458499
-79.486386,340,3355.884078
-52.743071,251,3356.083671
-108.439585,371,3356.53155
-84.892626,190,3356.83423
-40.277306,244,3357.028293
-268.510932,697,3357.742674
-108.154841,439,3358.259674
-113.272146,294,3358.673234
-112.437965,118,3358.767015
27.35917,340,3359.197044
-207.959015,238,3359.385667
-20.533964,280,3359.768856
74.273888,465,3360.323759
-15.219742,258,3360.529297
-79.197419,170,3360.664315
-141.889021,230,3361.001984
-63.279788,132,3361.107295
-254.333708,645,3361.77422
-132.408462,363,3362.220342
-61.452752,136,3362.328569
-63.029138,207,3362.645659
-185.718996,334,3362.912265
-182.754447,758,3363.851262
-31.627182,467,3364.38016
-87.315892,370,3364.825768
-95.218777,200,3364.984817
-52.529704,207,3365.150066
-64.472153,328,3365.574104
-245.706286,502,3366.134618
-101.922643,138,3366.245288
-183.400681,269,3366.647839
-165.123052,303,3366.889118
-130.552017,213,3367.211179
-95.765056,201,3367.370498
-25.662324,347,3367.80077
-260.422378,564,3368.405704
-59.740869,280,3368.628196
-131.345264,146,3368.896162
-197.009319,746,3369.643821
-50.231967,309,3370.041834
-97.871515,153,3370.164365
-97.00968,128,3370.266334
-19.57481,327,3370.695075
-88.801552,139,3370.806626
-145.984974,387,3371.271004
-341.769866,574,3371.893207
-75.189422,131,3371.996931
-81.674879,143,3372.263465
-73.230454,460,3372.782875
-278.119552,403,3373.103242
-321.418005,484,3373.663525
-83.199745,141,3373.926895
-342.403236,724,3374.662958
-61.881029,185,3374.81141
-52.060302,213,3375.138979
-56.837657,173,3375.2772
-112.210176,221,3375.605076
-92.393319,156,3375.73011
-175.556596,518,3376.295098
-33.389231,277,3376.518747
-68.239607,349,3376.97443
-45.730714,164,3377.106187
-155.715184,446,3377.619329
-84.51759,118,3377.865895
-240.730596,421,3378.201398
-155.941132,359,3378.651297
-301.609212,584,3379.284542
-249.819889,766,3380.207725
-10.729302,749,3380.956827
-331.562465,672,3382.232929
-391.955884,742,3383.091332
-84.860959,214,3383.263088
-67.696132,213,3383.564903
-154.117238,325,3383.823732
-59.319655,314,3384.208107
-82.998981,224,3384.386227
-20.599153,212,3384.687383
14.53102,496,3385.215301
-69.027013,154,3385.338962
-31.942613,214,3385.641961
-95.206916,163,3385.772496
-89.83855,164,3385.904551
65.216651,364,3386.326031
-19.447435,303,3386.57116
-195.23255,329,3386.965706
-101.111579,228,3387.278675
-211.55589,237,3387.469453
-102.599361,290,3387.85573
-88.542695,218,3388.028817
-243.1018,205,3388.19238
-54.293242,181,3388.489186
6.882784,374,3388.789349
-67.636987,127,3389.04549
-386.002092,585,3389.66583
-79.814538,125,3389.765357
-90.740251,102,3389.847307
-453.422852,677,3390.69372
-28.918653,338,3390.963157
-135.713961,372,3391.412103
-135.254693,155,3391.535963
-97.940696,219,3391.864535
-81.042436,607,3392.502334
-213.726708,495,3393.051708
-89.313379,279,3393.276468
-62.844156,227,3393.590067
-100.418804,115,3393.68256
-199.32251,355,3394.099356
-122.675218,568,3394.687314
17.756953,354,3395.103306
-218.011548,452,3395.598517
-184.191485,481,3395.983021
-189.529954,246,3396.310914
-119.952912,363,3396.733526
-157.573509,409,3397.060445
-261.68481,339,3397.464369
34.603554,364,3397.887981
-98.083956,191,3398.042185
-191.239487,317,3398.427165
-103.958167,323,3398.685021
-237.84049,827,3399.613092
-26.390457,321,3400.00124
-63.442473,152,3400.123047
-214.138747,142,3400.235673
-106.487173,116,3400.328076
-121.290298,185,3400.641474
-111.661351,592,3401.267122
-81.899998,145,3401.383046
-82.700689,277,3401.739834
-119.356506,130,3401.843557
-21.652469,379,3402.280109
-143.384228,294,3402.515862
-92.880709,110,3402.736873
-23.359341,439,3403.088207
-150.585155,234,3403.407877
-101.695469,125,3403.507904
-42.045524,463,3404.011966
-95.530546,150,3404.134448
-102.69323,126,3404.368347
-44.179201,306,3404.613732
-87.802595,249,3404.944667
-97.023054,224,3405.124288
-252.226833,420,3405.590187
-114.871648,477,3406.100619
-185.383112,454,3406.597464
-89.568105,107,3406.683063
-174.467105,223,3406.861881
-141.394345,184,3407.140632
-14.098609,817,3407.926042
-88.49418,154,3408.181257
-69.164604,140,3408.293192
-50.398369,193,3408.447098
-86.168986,201,3408.740269
-133.828998,100,3408.820072
-75.952712,194,3408.975642
-104.470244,207,3409.272777
-59.899146,143,3409.388102
-77.008953,172,3409.526181
-56.526774,202,3409.820669
-1.614699,405,3410.143443
-62.651467,185,3410.428437
-161.986153,266,3410.641661
-100.944462,511,3411.182758
-48.140576,196,3411.472603
-72.516668,284,3411.699266
-86.682566,121,3411.927633
-100.631843,410,3412.255757
-126.440596,311,3412.635663
-102.806417,154,3412.758218
25.068038,323,3413.147511
-168.68533,172,3413.284333
-218.14442,377,3413.716188
-101.543948,236,3413.904429
-134.597214,416,3414.369369
-204.4359,160,3414.628085
-106.640076,161,3414.756287
-92.874283,108,3414.842355
-60.820265,235,3415.160591
-94.019963,132,3415.265916
3.860451,288,3415.495474
-105.45141,172,3415.765031
-112.75899,128,3415.867606
-111.578527,183,3416.013839
-119.972107,189,3416.296694
-149.088981,155,3416.420728
-98.303928,114,3416.513085
-163.875894,547,3417.081291
-130.505549,335,3417.481322
-43.213577,276,3417.702116
-104.662488,144,3417.949977
-63.534568,295,3418.18549
-143.724755,361,3418.605305
-209.959266,217,3418.77791
19.466525,571,3419.500737
-96.292944,110,3419.588766
-245.976528,430,3420.063391
-260.831238,505,3420.597454
-0.79891,326,3420.857048
-229.717466,310,3421.235803
-45.523552,310,3421.484672
-223.183953,335,3421.886119
-63.010757,197,3422.042785
-101.763371,174,3422.313577
-113.209837,271,3422.529914
-150.175615,636,3423.300934
-102.016902,241,3423.49337
-66.417886,147,3423.610652
-267.072473,705,3424.437378
-46.384533,227,3424.61891
-111.616227,629,3425.252958
-81.838216,142,3425.500079
-165.596692,370,3425.800219
-107.486091,458,3426.298141
-345.665577,991,3427.35518
-59.106051,354,3427.768693
-47.383347,696,3428.457292
-85.500739,688,3429.271799
-110.609197,409,3429.598028
-282.387634,927,3430.60342
-83.981832,1000,3431.669242
-412.240044,988,3432.723654
-68.127124,174,3432.862873
-165.349994,580,3433.5894
-59.383827,207,3433.755346
-110.982794,474,3434.267864
-74.547116,386,3434.70856
-230.967228,634,3437.987365
-57.856972,309,3438.368566
-62.944266,171,3438.504578
-38.908047,236,3438.693529
-63.555865,209,3438.992791
-57.439742,207,3439.1586
-198.197734,221,3439.466629
-114.135473,165,3439.598827
-112.812353,231,3439.783139
-125.255851,342,3440.18959
-106.696449,159,3440.31681
-177.854992,376,3440.748447
-86.655166,158,3440.875276
-199.752934,380,3441.309114
-79.776062,116,3441.402393
-24.246315,303,3441.776239
-149.440761,163,3441.90644
-41.720152,242,3442.232277
-28.97273,252,3442.434422
-227.058324,430,3442.910109
-122.006809,121,3443.0062
-112.001878,160,3443.267115
-110.892497,366,3443.559654
-211.974263,471,3444.067494
-176.645765,151,3444.319443
-83.326435,172,3444.457315
-91.251594,376,3444.89072
-96.639509,158,3445.017024
-144.221128,1000,3446.081136
-192.418664,408,3446.539503
-156.709029,249,3446.739651
-141.525521,874,3447.704507
-98.300348,174,3447.843485
-13.345302,363,3448.265623
-56.463447,1000,3449.329191
-99.466783,352,3449.742697
-128.929203,385,3450.05044
-41.318827,1000,3451.113719
-279.562314,690,3451.929822
-213.139108,437,3452.279185
-178.24212,149,3452.540132
-137.157523,232,3452.725842
-24.852069,1000,3453.792246
-246.690997,641,3454.436804
-102.711326,856,3455.390027
-270.636314,830,3456.316604
-168.016484,270,3456.53229
-9.097511,468,3457.03837
-91.259708,179,3457.181247
255.99647,1000,3458.249465
-280.705387,108,3458.467225
-47.698658,1000,3459.529512
-190.325148,270,3459.745326
-17.955647,511,3460.285416
-116.635568,195,3460.442182
-81.197823,134,3460.681352
-71.905311,139,3460.792638
-155.085032,937,3461.806443
-99.2754,756,3462.544053
-206.157847,372,3463.012887
-29.805851,852,3464.00358
-35.491675,357,3464.288154
-60.180741,383,3464.749815
5.307965,988,3465.865547
66.194749,709,3466.614452
-241.972507,172,3466.915599
-36.788338,594,3467.55353
-207.16622,332,3467.979047
-57.22123,202,3468.140313
-93.829766,103,3468.222973
-57.119428,319,3468.64773
-29.833417,493,3469.198769
-67.023082,234,3469.386337
-45.443451,609,3470.03619
-55.500891,570,3470.801062
-78.884837,333,3471.067366
-34.27868,470,3471.596123
-45.129504,253,3471.958957
-29.68053,524,3472.543621
-129.803088,112,3472.633314
-74.083696,191,3472.785433
-87.571193,201,3473.117114
-90.025289,720,3473.87342
-48.910494,268,3474.247013
-194.735012,670,3474.948257
-288.024075,665,3475.640736
-276.386671,955,3476.727962
37.766495,712,3477.453424
-93.315107,196,3477.763389
-75.156366,142,3477.876536
-63.374726,788,3478.811539
-125.930082,233,3478.998313
-138.449694,359,3479.423157
-187.828297,604,3480.036345
-220.462326,157,3480.162201
-52.352704,474,3480.671976
-128.701659,211,3480.971562
-74.315918,210,3481.13946
-59.882242,372,3481.569639
-156.882049,830,3482.366062
-228.35652,163,3482.627637
-66.542041,378,3482.930772
-215.908309,274,3483.280943
-130.162157,637,3483.921265
-216.662385,369,3484.347773
-76.684286,213,3484.517568
-186.039447,658,3485.309498
-214.015667,482,3485.826812
-152.154344,273,3486.044581
-95.153982,228,3486.359844
-184.395217,502,3486.894328
-201.3547,342,3487.167745
-231.667254,211,3487.467781
-77.624936,159,3487.596035
-246.533693,134,3487.702821
-185.570492,289,3488.064967
-33.706124,366,3488.357525
-36.421634,413,3488.820212
-171.668349,256,3489.197614
-153.254404,472,3489.741847
-58.965272,304,3489.984742
62.2254,1000,3491.089408
56.836774,1000,3493.193764
-106.808455,698,3494.086586
-148.893589,818,3494.905058
61.866794,1000,3496.008406
-31.335235,945,3497.073045
-241.210227,141,3497.185002
13.73122,1000,3498.291302
-122.13572,552,3498.885204
-107.888289,380,3499.342288
153.470903,1000,3500.45598
-195.504201,259,3500.662457
49.447496,1000,3501.763956
-189.903705,528,3502.336856
-175.654976,816,3503.272295
30.191436,763,3504.157524
-216.170057,374,3504.457253
-151.171742,283,3504.816466
-25.22539,808,3505.593165
66.806352,805,3506.501259
-87.18727,209,3506.669015
-204.612728,361,3507.08896
-260.913051,409,3507.547859
-202.73123,509,3508.08758
-231.626723,351,3508.499052
-0.195677,718,3509.206643
-177.108816,222,3509.385384
-80.94763,898,3510.36969
37.53118,1000,3511.430789
-213.967534,266,3511.775009
-172.567384,336,3512.043192
-211.561177,171,3512.31186
47.342983,586,3512.914016
-189.193394,370,3513.210571
-229.709376,255,3513.544437
-48.196082,534,3514.102555
-94.891295,165,3514.234209
-140.862612,268,3514.580277
-174.295109,524,3515.132741
-189.732394,522,3515.715186
-50.237365,345,3516.144805
-263.749183,145,3516.260723
-173.491628,743,3517.00514
-256.408905,198,3517.318144
-63.833005,281,3517.54373
28.754206,1000,3518.67095
47.691394,827,3519.665196
173.401258,1000,3520.730372
-208.875597,415,3521.196767
-151.251913,505,3521.753624
-196.902585,624,3522.435058
-86.515583,986,3523.57336
-102.442155,250,3523.773451
-212.859774,842,3524.762732
-221.656082,266,3524.976715
-69.427713,110,3525.217216
-86.698535,576,3525.831522
-138.546371,812,3526.647035
26.927172,1000,3527.756915
-114.654313,145,3528.025418
-206.562996,931,3528.946935
-84.169208,131,3529.205707
-109.839519,423,3529.54446
-218.495625,166,3529.832892
95.945781,1000,3530.971483
-215.819855,447,3531.485999
12.661721,528,3532.066406
-100.666661,176,3532.207232
142.786428,1000,3533.33981
-155.015689,710,3534.060608
85.845381,1000,3535.182027
-36.861544,676,3536.039045
-164.851641,598,3536.67422
-101.493898,589,3537.326963
-119.461051,412,3537.826615
-128.875966,224,3538.006368
-98.334038,200,3538.1666
-97.320293,279,3538.546711
-194.471074,289,3538.932759
-76.996937,416,3539.265489
-110.468282,329,3539.682624
-67.613711,245,3540.030389
-16.133462,608,3540.670535
15.460182,512,3541.258987
-171.175407,271,3541.476794
-85.647561,135,3541.756561
-168.138425,530,3542.33679
-144.720338,292,3542.572108
-5.526102,737,3543.478073
-165.965925,503,3544.013024
-1.784542,623,3544.642201
-222.055057,213,3544.812843
-1.868335,495,3545.341687
53.092704,997,3546.406554
-72.056968,233,3546.726458
153.441279,1000,3549.07588
-194.796327,619,3549.723813
-131.768823,172,3549.862411
-62.348612,371,3550.311665
-133.791849,268,3550.526324
-48.083339,374,3550.978759
-69.326563,357,3551.417106
-36.374727,313,3551.670761
-102.331344,450,3552.183924
129.234929,1000,3553.256034
-113.870322,119,3553.351574
-76.830508,297,3553.722039
-123.983357,308,3554.100747
-96.677738,114,3554.193473
-23.135376,301,3554.434302
-114.261708,289,3554.799901
221.351643,1000,3555.866309
45.388079,758,3556.615126
-17.485812,554,3557.191169
-282.888354,129,3557.426733
-118.137599,99,3557.505892
-92.158639,328,3557.901007
-20.850151,666,3558.567339
174.234878,1000,3559.63221
-106.753466,354,3560.046532
-97.945928,577,3560.647275
-104.461181,158,3560.773904
276.161612,1000,3561.842584
-82.564528,155,3561.966397
-143.803358,512,3562.508496
-66.808768,264,3562.85226
-126.624443,434,3563.33197
-25.437106,469,3563.708132
-49.002502,358,3564.12499
-57.37828,376,3564.555696
-113.97439,111,3564.64443
-81.360056,235,3564.964184
-237.999716,236,3565.153201
-76.19208,650,3565.804058
255.414498,1000,3566.870109
-5.69412,759,3567.783656
-189.069299,234,3567.971062
-233.540033,192,3568.256162
-40.269408,418,3568.590088
-111.351704,181,3568.86518
134.071733,1000,3569.933199
-225.444112,491,3570.458104
-91.201532,177,3570.599439
42.517446,858,3571.552423
-116.787376,190,3571.704307
-153.762289,86,3571.773155
169.625551,966,3572.810035
-279.046189,380,3573.270674
83.607288,1000,3574.3371
-48.129232,565,3574.921597
-156.122635,365,3575.348831
-127.238145,159,3575.476009
-80.501268,549,3576.047173
-57.914659,233,3576.233681
-199.111594,293,3576.600539
-138.975332,146,3576.718373
-26.470271,584,3577.318306
194.236295,1000,3578.384719
-287.115005,881,3579.357143
-109.850666,543,3579.92451
-171.151627,507,3580.464271
-189.078378,823,3581.41652
-65.704048,429,3581.894988
38.213858,1000,3582.962441
-176.154657,885,3583.804219
-176.457544,606,3584.421209
-60.592749,421,3584.891802
-106.833394,335,3585.293357
-88.484468,207,3585.460833
-63.183034,383,3585.900332
-65.086328,327,3586.295765
-49.615783,618,3586.925904
-73.073636,319,3587.314368
-221.844647,182,3587.461262
-128.832518,949,3588.490476
-21.747058,515,3589.033079
-178.127304,642,3589.688514
-93.408692,305,3590.084486
22.619204,908,3590.952536
-144.079462,354,3591.370144
-55.594205,579,3591.974306
-82.948297,160,3592.233115
279.051883,1000,3593.301676
-72.038725,159,3593.429847
-94.116347,616,3594.055968
-20.865443,925,3595.065181
-160.178153,849,3595.879429
-122.370807,801,3596.864243
124.987939,1000,3597.973351
-139.848714,715,3598.705049
-15.145398,504,3599.263226
-72.956783,682,3600.133038
9.461832,714,3600.871816
2.502101,680,3601.569396
-37.438416,741,3603.522265
-102.251736,375,3603.986591
-177.923419,418,3604.321874
-228.976366,547,3605.109582
-261.085448,148,3605.22728
-170.624738,251,3605.428723
182.933679,1000,3606.567135
18.570249,740,3607.474228
192.590761,1000,3608.564256
-50.711757,771,3609.34763
-201.084144,753,3610.215902
-4.571594,1000,3611.34507
-48.094478,314,3611.59713
-61.724098,470,3612.135675
94.114349,1000,3613.252526
-26.055252,229,3613.589814
22.651905,883,3614.465652
-242.139052,187,3614.768614
-46.588483,450,3615.128971
-141.649685,247,3615.478333
-202.41157,229,3615.661492
157.543606,1000,3616.80361
101.461349,1000,3617.917897
-242.766892,142,3618.183535
-124.974222,560,3618.804869
-152.123818,587,3619.428321
-190.114586,733,3620.201665
-234.620567,157,3620.480143
126.366012,1000,3621.609359
138.872001,1000,3622.574905
-136.469062,346,3623.006976
-245.95034,160,3623.135364
-147.441771,572,3623.911911
222.221858,1000,3625.040173
166.228666,1000,3626.012954
-273.568919,138,3626.287762
152.781968,1000,3627.419106
-188.109892,174,3627.558308
92.666201,1000,3628.677265
-77.657891,380,3629.156962
-194.482189,335,3629.426247
-192.415157,858,3630.443573
85.745039,1000,3631.577413
-215.119057,212,3631.746385
121.54254,1000,3632.862559
28.163023,751,3633.798885
72.088544,1000,3634.91284
23.914814,1000,3635.989691
-67.127712,471,3636.547358
-153.17672,996,3637.664762
55.109463,1000,3638.783885
-23.538324,779,3639.564417
87.652751,1000,3640.693236
23.182869,721,3641.427078
189.461397,1000,3642.54321
-224.038768,296,3642.923343
94.299274,1000,3643.997862
172.333836,1000,3645.074208
-44.824741,374,3645.507773
-201.36826,320,3645.767308
-56.695369,487,3646.292831
-283.159599,158,3646.550763
-85.348134,145,3646.668299
-248.694549,121,3646.76528
160.642373,1000,3647.838768
-251.345766,700,3648.533763
-153.339971,321,3648.923879
-188.96521,342,3649.333472
168.282785,1000,3650.413643
-169.374072,283,3650.643476
155.907877,1000,3651.711569
-26.31599,307,3652.115706
-57.410951,523,3652.691282
-38.173464,587,3653.321246
153.440267,1000,3654.442292
-52.402545,558,3655.06259
-172.107311,571,3655.704683
-233.565149,232,3655.892096
-22.042242,706,3656.786754
197.222975,1000,3657.956047
112.840775,1000,3660.736712
-233.087564,194,3660.891514
-203.87933,186,3661.193821
-25.586423,413,3661.52652
-121.404839,925,3662.611901
183.655285,1000,3663.733432
-205.449756,949,3664.811713
-66.761963,346,3665.257966
-75.614624,840,3666.090382
-106.069192,715,3666.989852
36.536208,1000,3668.117577
-136.444849,666,3668.809014
31.967323,1000,3669.926086
-11.131509,814,3670.734586
-200.278058,191,3671.054184
-93.603542,139,3671.165097
-59.117764,522,3671.784523
11.060911,767,3672.714927
-12.034355,574,3673.329848
-124.083414,599,3673.961262
59.261377,1000,3675.070105
-268.505239,161,3675.198402
92.856054,1000,3676.319107
174.395715,1000,3677.450962
-99.406717,735,3678.35052
243.901056,1000,3679.308592
-220.714742,287,3679.715286
-105.278223,416,3680.184488
-6.730747,769,3680.941575
-43.668887,728,3681.814868
-260.748046,196,3681.972109
22.429315,1000,3683.094199
-169.899572,339,3683.525518
-87.160477,348,3683.804037
42.325359,1000,3684.915867
-173.201357,299,3685.307693
-145.081905,761,3686.082909
-223.071226,391,3686.54858
-229.836463,203,3686.871497
-174.06093,326,3687.131743
-116.773128,436,3687.63394
-111.099002,313,3688.036969
-231.870414,171,3688.173703
-116.317067,231,3688.511011
-126.577686,560,3689.128396
103.115855,1000,3690.242891
-244.667233,160,3690.371412
-27.151095,887,3691.398279
-72.808053,263,3691.609532
232.011782,1000,3692.725613
-52.303054,462,3693.253149
-213.018712,281,3693.633725
-197.118678,181,3693.777362
179.798667,1000,3694.910643
-57.141485,536,3695.476189
-203.550596,378,3695.941687
-278.81428,198,3696.09929
-12.706966,571,3696.716722
-42.747684,500,3697.276265
-252.52534,111,3697.36439
-110.33344,185,3697.69487
-43.152562,639,3698.365668
37.062372,823,3699.332175
-243.423237,280,3699.554962
-45.094514,459,3700.075382
-100.278702,754,3700.812591
171.002636,1000,3701.882569
-128.550849,459,3702.383754
61.4143,1000,3703.454593
-133.359748,112,3703.5442
-63.461086,902,3704.532241
-73.552478,443,3705.020276
-58.9968,416,3705.486522
-111.630768,416,3705.951489
-101.617024,585,3706.558195
12.474079,770,3707.308132
-45.589084,405,3707.767826
-113.890784,393,3708.227518
51.651498,700,3708.933513
-78.414721,757,3709.808156
181.161377,1000,3710.875968
-169.5945,607,3711.4961
-126.895725,643,3712.143224
-38.461395,718,3712.997711
-71.730403,594,3713.610472
-124.495488,315,3713.863489
-22.121381,580,3714.461566
25.834309,580,3715.191329
10.441611,551,3718.493377
-200.2664,203,3718.656143
-85.818108,493,3719.204164
-75.269761,485,3719.749906
-92.768743,339,3720.173376
118.820349,1000,3721.240773
180.146124,1000,3722.309769
-168.246103,291,3722.543316
-57.803164,276,3722.897285
-138.503618,640,3723.542408
117.902827,1000,3724.609637
-136.532425,504,3725.14481
-93.64648,430,3725.621762
81.615671,1000,3726.690208
-43.900005,340,3726.961325
77.707309,1000,3728.028163
-65.374353,221,3728.339317
-97.166259,419,3728.810466
-87.139479,708,3729.512482
237.819715,1000,3730.619812
96.65103,1000,3731.738814
17.967791,627,3732.395367
-208.460328,251,3732.754127
102.019182,1000,3733.696676
-64.177946,337,3734.098867
-94.113717,285,3734.479842
208.87741,1000,3735.567419
-40.820901,572,3736.158499
30.263165,873,3736.992553
-206.860352,395,3737.441454
-138.102624,795,3738.34134
-163.72619,822,3739.13222
-84.465402,860,3740.088058
-107.229221,627,3740.723112
-135.363353,353,3741.137617
-85.10406,337,3741.54103
-120.906413,112,3741.630651
-79.248341,733,3742.351177
0.556521,880,3743.338944
3.541992,850,3744.351488
-165.203498,797,3745.144112
-220.155595,962,3746.228632
-42.323144,506,3746.801397
-77.037577,803,3747.75262
-108.716279,308,3747.99883
-190.707917,312,3748.406322
-43.477983,866,3749.430187
-232.602865,212,3749.599968
17.458831,957,3750.675931
-249.026873,390,3751.156377
97.579152,1000,3752.268579
-125.248932,195,3752.425296
-81.754645,303,3752.820946
158.40737,1000,3753.780772
-160.744258,324,3754.205121
-257.284551,180,3754.351161
-82.096774,782,3755.305777
-253.893195,230,3755.49091
-35.914409,442,3756.036423
-19.494183,924,3757.109051
-60.936422,449,3757.626418
-262.901134,230,3757.810182
-156.010887,261,3758.176589
-66.250342,498,3758.731853
-21.55931,530,3759.312764
-92.278148,158,3759.440975
-140.685068,695,3760.325496
-67.431722,441,3760.679735
-108.655627,432,3761.197453
-102.480891,714,3762.108367
-207.490423,340,3762.381069
-201.251622,473,3762.942756
-119.810612,118,3763.221459
-143.155003,231,3763.408451
-144.869368,410,3763.889668
-99.544004,133,3763.996355
-42.531804,441,3764.518937
-161.004686,536,3765.112127
-130.380912,241,3765.305877
-70.022233,633,3766.121428
58.152984,967,3767.224129
-90.619942,273,3767.443338
-234.052278,224,3767.778099
-21.008566,670,3768.47537
-129.99912,127,3768.578146
-181.909181,550,3769.179034
-89.790066,420,3769.670965
15.668464,708,3770.406615
152.861046,1000,3771.513423
146.420819,1000,3772.603819
-148.076031,725,3774.922714
-45.578487,461,3775.447608
-20.610742,816,3776.271117
-32.523257,628,3776.936354
-47.482371,593,3777.755296
-103.902753,144,3777.872499
233.630326,1000,3779.021612
-204.563688,454,3779.542427
173.503413,1000,3780.684489
-115.293523,101,3780.765998
-15.293912,462,3781.301867
-87.443933,326,3781.564982
69.481932,929,3782.635821
-122.983983,160,3782.76393
-112.722737,113,3783.041504
-112.518923,206,3783.208016
-83.43058,293,3783.576878
255.835544,1000,3784.645662
-85.396825,760,3785.412451
-203.043045,499,3785.967317
-47.575328,455,3786.488072
-65.962985,402,3786.9528
10.65597,830,3787.755679
-69.571596,240,3788.082388
166.152136,1000,3789.156105
-65.392588,443,3789.645534
-50.437541,459,3790.150645
-114.29984,836,3790.957093
-106.835186,187,3791.241923
-120.793847,153,3791.366216
-34.852905,915,3792.371915
-76.212117,351,3792.657417
81.441199,1000,3793.800677
-97.955258,182,3794.109785
54.221462,1000,3795.229456
-38.812659,501,3795.787432
-61.378211,293,3796.027111
-73.953621,614,3796.698984
-92.571455,748,3797.613855
-79.167294,330,3797.881436
128.617545,1000,3798.995225
-256.991279,656,3799.850811
-42.575197,452,3800.386901
-102.741181,581,3801.013405
-113.136906,275,3801.235303
-113.997748,383,3801.694962
111.687111,1000,3802.762998
-113.520754,266,3802.977308
-57.716116,473,3803.516117
97.368564,1000,3804.584231
-18.086221,430,3805.084689
-42.415848,386,3805.550597
209.180241,1000,3806.665807
-50.131153,470,3807.198515
-174.487572,856,3808.042314
-92.87736,276,3808.418837
-131.138388,586,3809.044629
11.961723,652,3809.727795
-197.738239,594,3810.525276
-132.00627,720,3811.25824
-97.55223,135,3811.367597
-80.266983,398,3811.85807
111.661808,1000,3812.972533
-198.321619,268,3813.365817
-15.035108,632,3814.033283
106.324345,1000,3815.200936
124.720602,1000,3816.31041
-201.370552,945,3817.36368
57.645789,1000,3818.316262
70.621414,1000,3819.441841
46.683483,1000,3820.560755
-70.243277,841,3821.598063
17.453151,1000,3822.74015
202.927804,1000,3823.872249
-5.042665,715,3824.60178
-221.266104,531,3825.203921
126.117271,1000,3826.334208
201.441035,1000,3827.484112
101.317238,1000,3828.623305
-100.14286,194,3828.934912
56.274591,1000,3833.314484
53.820752,1000,3834.449826
-119.584548,131,3834.557606
-240.474854,421,3835.084572
-125.49003,771,3835.860958
-54.566385,304,3836.261819
-32.60308,435,3836.762108
-28.861238,958,3837.673975
-186.077523,495,3838.204861
-107.079644,154,3838.460416
-99.089609,362,3838.755353
-85.996871,287,3839.119805
43.340908,602,3839.745745
148.704235,1000,3840.816337
-108.873883,319,3841.20502
144.15326,1000,3842.278683
22.402279,1000,3843.350609
-103.40203,265,3843.565554
-103.582731,131,3843.671975
39.758557,1000,3844.743091
-121.262773,303,3845.118625
100.150793,1000,3846.231412
-55.394531,258,3846.440569
17.505126,1000,3847.519673
-232.492795,729,3848.370702
-120.776153,239,3848.565078
-59.525719,658,3849.358172
13.575373,516,3849.908353
-86.174281,163,3850.040191
-232.04429,455,3850.538779
-159.499148,344,3850.817301
-157.102259,720,3851.662638
-60.914357,216,3851.837234
154.791267,1000,3852.907715
-131.05807,293,3853.274354
-122.597035,794,3854.046094
104.36917,1000,3855.117356
-194.730661,773,3856.007679
178.380435,1000,3857.080404
-87.886681,795,3857.852966
230.625272,1000,3858.9259
-105.45006,136,3859.036095
-19.327181,645,3859.820396
148.61866,1000,3860.920004
121.137807,1000,3862.053537
-76.925936,308,3862.303228
-101.545223,813,3863.285427
-191.132989,280,3863.512089
115.284902,1000,3864.636931
-29.896285,432,3865.15325
-75.84551,276,3865.510316
-71.06739,252,3865.71641
-77.907298,978,3866.774757
-163.940476,872,3867.746158
-70.599321,155,3867.871288
-108.715291,173,3868.011801
5.77062,724,3868.905342
-136.958558,776,3869.706894
-159.125414,217,3870.035797
-121.425023,728,3870.777624
280.025924,1000,3871.896286
-59.290738,432,3872.387171
207.582088,1000,3873.465044
11.454776,830,3874.423126
-51.639728,205,3874.590877
-51.936302,378,3875.05006
-100.905661,152,3875.172925
124.144922,1000,3876.249775
-83.368052,299,3876.624681
73.088046,1000,3877.697541
7.196472,754,3878.446224
-90.067959,115,3878.539658
-103.033456,110,3878.629788
-48.018621,334,3879.052396
-11.320479,341,3879.48262
-78.366399,330,3879.74984
-196.290504,344,3880.161883
-87.511093,137,3880.273618
-174.753738,296,3880.64405
-97.959372,176,3880.786431
-60.595084,169,3881.055682
-59.796968,249,3881.258266
-76.584532,240,3881.586322
-3.29493,434,3881.938462
-68.072641,133,3882.17898
-104.725455,148,3882.299823
-86.761637,131,3882.406298
15.108516,477,3882.922455
-86.319944,129,3883.027367
-92.392706,162,3883.289348
-96.472923,136,3883.400462
-64.484634,536,3883.964588
-89.580961,202,3884.127954
193.217168,1000,3885.204836
88.635301,1000,3886.280209
-11.771197,254,3886.625476
-86.620266,903,3890.459634
24.26732,644,3891.144356
207.895016,1000,3892.275954
-12.479079,348,3892.557858
44.866524,716,3893.456071
126.906757,1000,3894.599532
-54.66913,239,3894.790532
47.378875,682,3895.667615
94.673541,1000,3896.793319
162.496984,1000,3897.923646
65.741398,649,3898.603628
-49.423988,292,3898.838743
291.788734,1000,3899.982309
112.856804,1000,3901.062928
-79.487767,264,3901.412694
-24.8002,461,3901.921042
89.438878,663,3902.588982
155.810647,1000,3903.662943
-90.080537,158,3903.790783
23.979812,893,3904.781136
-95.673366,112,3904.872016
-105.486951,127,3904.975995
-168.745511,239,3905.300804
-34.762556,227,3905.488635
-92.097238,136,3905.73064
-68.347807,145,3905.848468
-70.356713,415,3906.318005
-79.195441,118,3906.413339
-112.976274,95,3906.492392
-59.218607,254,3906.828527
58.865233,461,3907.334203
-29.897753,296,3907.573557
-128.202419,506,3908.115572
-152.539632,233,3908.435377
-162.180164,351,3908.718927
-138.079557,899,3909.707225
-133.350892,253,3909.912844
-68.382194,474,3910.428597
-99.630194,212,3910.730756
155.305567,1000,3911.803318
268.2098,1000,3912.920259
-100.1932,175,3913.061985
279.458883,1000,3914.158402
-96.775248,139,3914.272514
324.171447,1000,3915.392332
-80.066129,149,3915.682302
-109.750419,247,3915.880351
-81.911616,403,3916.361256
12.387037,1000,3917.455817
-181.648575,467,3917.964614
370.486922,1000,3919.043618
-111.717455,118,3919.139199
337.695319,1000,3920.226489
-81.367925,181,3920.373685
112.389994,711,3921.217091
-187.247181,813,3922.010065
-253.475653,461,3922.5152
142.695427,1000,3923.590436
-66.031454,158,3923.719839
-245.723045,811,3924.63921
160.812507,787,3925.408968
-102.8477,131,3925.645807
-103.598636,127,3925.748573
-190.54054,426,3926.222416
141.150704,803,3927.024344
-112.225714,137,3927.289835
-25.025908,268,3927.506859
-270.588681,293,3927.898155
-48.025937,259,3928.105814
115.34661,616,3928.756977
314.292479,1000,3929.898846
-15.242413,229,3930.235993
-177.217773,313,3930.487774
-81.288982,150,3930.740657
-48.870918,267,3930.956485
-188.52936,757,3931.828576
-19.691244,377,3932.136561
-91.140447,123,3932.366663
-30.169642,693,3933.068571
316.791221,1000,3934.143328
-136.500717,192,3934.297542
36.970711,382,3934.736069
-50.950446,159,3934.86356
-72.750143,811,3935.859685
-13.539548,276,3936.24092
-73.41957,145,3936.35716
-13.692189,236,3936.547147
-50.307346,193,3936.881338
-79.418524,132,3936.987683
-42.684615,211,3937.157363
-54.52665,269,3937.527945
-73.34039,161,3937.657344
30.507156,377,3938.115787
-74.540863,313,3938.520806
-53.034657,153,3938.644006
-13.346294,314,3938.896903
-39.670355,225,3939.239521
-71.786728,592,3939.872687
-95.31504,189,3940.024431
-118.530974,109,3940.295129
-214.503137,804,3941.112084
-68.630882,127,3941.214453
-48.515229,172,3941.505905
196.360741,1000,3942.656769
-60.641303,484,3943.198356
68.376471,755,3943.979571
-65.439935,160,3944.109359
88.507369,1000,3945.621533
-67.852143,116,3945.868841
-74.959305,136,3945.978197
-47.30067,142,3946.092147
-131.78786,151,3946.213185
-42.208283,211,3946.538026
6.38646,316,3946.947393
8.989518,347,3947.226621
-163.825685,244,3947.578178
30.513803,323,3947.840788
-45.032336,203,3948.15716
34.994661,1000,3949.26349
-61.49762,149,3949.38415
-46.488502,297,3949.793782
-116.922168,398,3950.113445
15.764035,636,3950.919597
-126.990126,85,3950.988435
-119.942756,552,3951.576113
-78.43351,122,3951.674448
-108.018423,113,3951.765098
-53.916972,571,3952.357535
212.168269,1000,3953.431143
-100.711367,112,3953.653517
-91.927608,108,3953.739669
-64.985556,173,3953.879966
100.820114,547,3954.453925
87.723027,1000,3955.521943
-42.395733,207,3955.821882
-39.20521,180,3955.967021
7.488697,294,3956.204307
-67.323197,116,3956.430459
-85.836288,614,3957.057139
-86.582362,363,3957.48182
-51.278332,172,3957.6266
110.309861,1000,3958.695482
244.611923,1000,3959.763623
-186.550084,753,3960.498537
-24.500281,512,3961.040164
47.895607,457,3961.560221
-69.968726,836,3962.521797
22.021362,487,3963.044995
-108.872238,114,3963.135876
-19.721603,358,3963.557833
91.698231,1000,3964.650299
372.077479,1000,3965.772358
85.540475,1000,3966.907799
-101.173418,125,3967.008222
76.889489,787,3967.798019
-103.822885,142,3968.067119
-43.669927,721,3968.800711
-115.390487,240,3968.99445
-73.342674,162,3969.276672
-64.002054,162,3969.406922
172.843585,1000,3970.513519
-76.409474,117,3970.607805
-121.939205,105,3970.691781
-94.978791,194,3971.000487
234.963351,1000,3972.113926
0.100763,267,3972.330509
-77.417566,321,3972.775175
307.547441,1000,3973.894964
-124.332439,160,3974.022887
-59.25775,154,3974.318904
258.69961,1000,3975.281272
-11.378302,198,3975.592443
-11.887182,524,3976.182679
-39.323969,290,3976.415978
-73.390335,176,3976.729829
-60.077545,259,3976.938603
-103.679322,144,3977.214075
80.231575,554,3977.831488
-41.863601,222,3978.010201
96.903963,581,3978.631931
-68.48113,123,3978.730754
-82.884842,148,3979.000261
-48.265152,164,3979.132064
-59.195456,183,3979.278242
-129.269244,176,3979.590232
-169.741587,225,3979.769517
-136.717279,153,3980.046658
55.445652,467,3980.422842
-104.841576,159,3980.702991
129.668601,752,3981.482053
-73.105076,128,3981.585132
-56.415645,216,3981.915211
-37.498304,166,3982.048023
-158.773889,179,3982.371676
13.913953,642,3983.061365
-98.763015,205,3983.22546
141.862838,700,3984.11145
43.77159,616,3984.770709
-51.896328,142,3984.884367
-67.613086,145,3985.000619
-0.171682,597,3985.786138
141.006469,826,3986.615676
18.517336,334,3987.044419
-199.418473,691,3987.756368
-85.994926,146,3987.873283
-75.429116,641,3988.693434
-54.861421,248,3988.892237
-68.522939,168,3989.02764
-77.988599,156,3989.30726
35.0127,457,3989.827271
32.365311,486,3990.374774
24.072228,386,3990.68283
-63.033113,308,3991.085202
80.320146,571,3991.718085
38.972927,560,3992.322617
39.846256,392,3992.790649
135.03901,805,3993.770566
-97.054506,122,3993.868258
5.05166,464,3994.410706
-4.147878,585,3995.035053
-59.718505,202,3995.197641
252.782942,1000,3996.312407
-97.078445,676,3997.027074
278.873976,1000,3998.144191
360.881477,1000,3999.26222
179.008315,1000,4003.586524
0.548217,348,4004.018978
-76.887771,156,4004.145236
-78.7178,132,4004.405685
60.582338,713,4005.132024
-93.826271,136,4005.241189
-70.543961,150,4005.512079
-108.393513,140,4005.624257
-77.737181,157,4005.749103
-65.850144,145,4005.865454
-98.105304,131,4006.127194
-41.89599,161,4006.255967
175.260823,1000,4007.382331
-96.537179,119,4007.478055
99.538633,1000,4008.554973
-120.970483,912,4009.558331
45.162773,437,4010.043653
-49.106651,164,4010.174782
245.607889,1000,4011.244738
317.559275,1000,4012.342799
-1.152838,709,4013.094769
-96.993696,268,4013.46204
-170.34748,625,4014.133625
65.750131,509,4014.703058
19.096014,411,4015.195337
-49.245965,145,4015.311143
52.553954,393,4015.780768
-52.849895,215,4015.953304
67.224618,454,4016.471298
100.942022,722,4017.35768
134.3415,1000,4018.466258
81.009528,584,4019.087822
34.260519,465,4019.615627
20.542133,751,4020.369401
-103.033546,111,4020.457884
100.674088,945,4021.535749
126.04469,712,4022.428161
189.246562,1000,4023.566389
363.63171,1000,4024.692574
252.065895,1000,4025.649174
-28.911658,254,4026.007553
-81.917756,1000,4027.138371
-66.703947,201,4027.299143
43.297356,499,4027.854625
66.294403,483,4028.435038
261.87689,1000,4029.549805
-243.019016,678,4030.260146
-33.544191,245,4030.610676
220.320393,1000,4031.736579
-48.568812,702,4032.453857
-41.321865,1000,4033.568163
260.120067,874,4034.615961
40.886156,1000,4035.724436
110.247657,553,4036.321698
-117.118556,656,4037.002595
-119.669489,491,4037.556106
-154.598562,335,4037.980577
304.424716,1000,4039.129857
-174.084265,147,4039.247247
-129.095584,831,4040.233047
-49.806686,161,4040.361919
138.62928,594,4041.003512
42.095024,730,4041.878966
18.890052,368,4042.174674
64.089484,397,4042.625656
-31.017145,1000,4043.69196
155.234834,1000,4044.779115
333.451446,1000,4045.866247
-60.179118,147,4045.984344
112.740073,747,4046.849782
-37.131277,194,4047.005223
212.519799,670,4047.676378
57.159625,410,4048.136875
478.125214,1000,4049.222756
-215.210084,520,4049.769733
-95.251888,129,4049.87314
115.663881,1000,4050.938559
-15.20725,278,4051.293175
-34.891391,182,4051.439106
-60.625844,160,4051.700384
-89.27601,168,4051.835733
248.315839,1000,4052.902158
-35.179747,185,4053.050924
38.65546,869,4054.022905
292.94498,1000,4055.092665
-77.56455,143,4055.2083
138.503559,1000,4056.277015
81.876544,563,4056.864114
-78.397815,179,4057.137473
105.662944,664,4057.806514
39.588261,377,4058.241457
101.431217,718,4060.990483
65.215985,669,4061.658979
132.545014,1000,4062.767175
14.321879,420,4063.265925
-51.065246,192,4063.419191
287.653264,1000,4064.552688
158.836074,655,4065.401253
-65.91452,143,4065.515445
22.086863,484,4066.055467
60.477348,689,4066.762589
-54.022773,135,4067.034861
-48.481856,210,4067.203019
63.575605,529,4067.779527
-62.685887,160,4067.906752
162.462384,723,4068.796399
-130.779805,136,4068.905679
15.826322,397,4069.396038
75.878005,580,4070.022979
46.447638,714,4070.751275
359.027819,1000,4071.842648
-119.269964,426,4072.314521
-1.114186,389,4072.759696
23.482785,407,4073.216578
-68.908668,142,4073.330645
76.347103,599,4073.981556
-42.767215,756,4074.924906
-39.21428,161,4075.05364
-36.867326,183,4075.200294
-68.058412,476,4075.739635
-1.28533,348,4076.182051
3.732473,392,4076.657701
-81.929606,208,4076.822945
-79.036959,156,4076.947716
-176.410246,493,4077.501581
79.414727,431,4077.998433
49.331517,1000,4079.124174
-57.314747,148,4079.24324
-97.031587,130,4079.500755
-165.245238,331,4079.76509
-70.798861,157,4080.045471
93.757835,538,4080.6338
5.110131,1000,4081.752527
224.979654,1000,4082.870038
-71.024811,200,4083.029411
-204.557667,645,4083.695847
-68.160047,195,4084.020183
-52.790033,165,4084.151852
-112.30079,141,4084.264386
-80.345585,244,4084.611845
-65.446657,188,4084.762094
-79.21579,132,4084.8673
-178.230669,107,4084.952282
-87.074938,150,4085.22957
-53.86452,377,4085.530585
-102.047402,458,4086.097197
-77.607626,120,4086.363015
-1.985729,321,4086.620534
-185.881964,432,4087.117456
-53.681585,410,4087.602566
82.074264,1000,4088.709507
-194.066189,354,4089.185553
1.404558,431,4089.528765
0.616712,307,4089.905814
-157.608664,369,4090.331361
-233.23715,891,4091.173458
24.221833,1000,4092.238214
-189.164864,765,4093.113147
-35.043697,383,4093.550413
165.736557,1000,4094.615348
-307.797883,471,4095.145037
-170.8624,310,4095.393289
-176.660744,164,4095.525989
-91.766454,182,4095.823018
-201.433488,432,4096.32096
-241.651222,314,4096.573046
-139.714273,145,4096.842337
-149.692502,117,4096.935941
-204.188996,716,4097.659248
-327.691985,700,4098.52591
-274.296172,726,4099.258643
-272.905443,576,4099.850886
-152.697081,308,4100.228064
79.797744,1000,4101.29301
-165.572747,177,4101.43423
-128.945174,136,4101.543806
-137.703972,127,4101.644871
75.679372,1000,4102.708254
-205.848367,587,4103.438213
-171.781353,129,4103.540969
-117.792887,286,4103.76894
-190.520307,143,4104.014515
-105.534958,169,4104.149112
-164.078557,129,4104.252066
-81.084919,952,4105.274092
-206.192664,542,4105.838531
-86.224628,116,4105.931442
-236.656145,594,4106.671474
-135.177474,131,4106.776013
-219.195622,745,4107.504441
-166.755503,177,4107.778585
-204.182534,294,4108.013117
4.659367,494,4108.540906
-101.772455,110,4108.629425
-154.695543,128,4108.864218
189.340278,1000,4109.929178
-94.825563,215,4110.100811
-226.973331,300,4110.472308
-210.574044,143,4110.586274
-176.980423,240,4110.778528
-253.712867,367,4111.204234
-118.277891,122,4111.30135
-170.347614,469,4111.809742
-44.796505,158,4112.068524
-26.840207,1000,4113.002375
-213.551733,306,4113.379169
-167.996554,159,4113.506571
-176.544667,212,4113.808294
-125.5849,189,4113.959218
-85.295562,116,4114.052104
-73.338858,314,4114.435277
-188.709892,400,4115.416288
-75.777935,181,4115.561237
-85.978712,122,4115.658919
-86.4529,676,4116.464134
-88.582787,448,4116.954219
-212.579229,407,4117.278575
-247.498104,602,4118.042981
-186.983247,249,4118.241689
-77.893028,124,4118.340453
-97.46527,532,4118.915751
-69.117887,751,4119.842541
-218.268389,130,4119.94563
-109.114788,1000,4121.049224
-107.917273,151,4121.169935
-264.206053,368,4121.616002
-176.187948,166,4121.748063
-51.472259,173,4122.039387
-243.039428,723,4122.766811
-24.249159,229,4123.102376
-66.164621,253,4123.304257
-279.788029,681,4124.001112
-295.357545,685,4124.871605
-16.797591,254,4125.07398
76.381799,702,4125.928343
-134.41383,173,4126.066232
-142.38029,186,4126.214
-50.490633,515,4126.759713
48.655489,503,4127.294908
-42.371298,207,4127.605733
-99.397745,120,4127.701658
-24.275046,201,4127.861992
-73.189855,156,4128.119731
-94.998737,168,4128.253686
-77.499043,123,4128.352019
-50.138254,225,4128.664959
-37.852776,689,4129.351797
-48.413716,252,4129.553468
8.335408,382,4130.012653
-39.76762,225,4130.347601
-153.155845,274,4130.56703
-81.734815,155,4130.690914
-61.822796,210,4131.022537
-67.754289,144,4131.138032
-28.561342,197,4131.448944
-107.03684,295,4131.685403
-112.666659,985,4132.802041
-223.996544,393,4133.268719
-61.844379,198,4133.426714
-27.879988,342,4133.852935
-61.732073,204,4134.015353
-85.992711,498,4134.578812
-82.632932,155,4134.701968
-175.45891,400,4135.19113
-101.099928,139,4135.455604
-135.988478,400,4135.775976
-93.177271,128,4136.031177
-42.739652,252,4136.232227
-76.97825,341,4136.656207
-119.139082,258,4136.862024
-109.165366,280,4137.238068
-107.735871,391,4137.715503
-76.204798,135,4137.823035
-53.369522,337,4138.093611
-52.273372,170,4138.366205
-150.315645,367,4138.812192
-109.752757,104,4138.895183
-123.883856,344,4139.170078
-252.118518,970,4140.212077
-162.685941,215,4140.51757
-143.024478,420,4140.984762
107.686159,1000,4141.916149
-87.659601,294,4142.283413
-85.689877,109,4142.370691
73.261731,591,4142.977357
-171.245941,782,4143.886474
-87.067024,545,4144.457797
-109.944348,196,4144.615297
-138.211383,231,4144.932625
5.541925,697,4145.622188
-106.773465,386,4146.063124
-152.916883,129,4146.166178
-65.786897,204,4146.462276
-129.163898,222,4146.640754
-137.903133,291,4147.004849
-141.158206,361,4147.294137
-166.592308,213,4147.597404
37.785938,434,4148.076906
-81.424059,176,4148.218682
-160.322352,463,4148.723636
-87.75482,133,4148.830013
-32.302624,254,4149.165147
-141.262942,713,4149.866888
-99.715017,146,4149.983994
-92.459992,283,4150.342333
-81.590872,133,4150.449417
-15.973302,300,4150.821108
-170.904657,196,4150.977476
-107.659012,118,4151.072168
-179.78938,240,4151.394596
11.25842,316,4151.648789
-67.027959,170,4151.917072
-101.659844,164,4152.047929
-84.008644,234,4152.235111
-72.803751,150,4152.487358
-196.625374,278,4152.709085
-135.837348,379,4153.143162
29.383898,693,4153.831973
-84.833059,115,4154.055438
-26.108599,192,4154.209076
-53.968175,245,4154.404745
-112.740876,120,4154.632669
-197.067484,312,4154.882009
-55.472567,343,4155.289969
-107.713862,430,4155.767687
-14.320383,393,4156.213535
134.847258,672,4156.884017
-171.175267,460,4157.385137
127.576862,776,4158.14013
23.51076,530,4158.695815
179.864828,1000,4159.760355
-76.652813,297,4160.128935
-114.48905,144,4160.24369
-73.563498,153,4160.366301
-87.701341,324,4160.757415
-168.019549,91,4160.830363
-108.22915,109,4161.074878
-102.264293,116,4161.167615
-25.964475,336,4161.438803
-16.225781,379,4161.895067
-59.912575,207,4162.212325
-71.303396,206,4162.377062
-87.283506,588,4163.007653
-93.096509,117,4163.101112
-82.082756,316,4163.506046
-211.1593,579,4164.123665
-31.534634,206,4164.28859
-22.286462,298,4164.680779
-50.967626,184,4164.827457
-96.116317,135,4165.089904
-132.82526,182,4165.234643
61.054535,1000,4166.341676
-60.785249,164,4166.474132
-105.667402,523,4167.044201
-128.345194,144,4167.311332
-34.277138,252,4167.514216
0.848294,228,4167.850848
-120.57869,207,4168.0152
-61.717607,135,4168.122536
-182.429684,372,4168.57323
-46.691409,227,4168.75547
-132.387404,221,4169.085242
-4.617345,252,4169.897518
-28.057666,394,4170.365368
-97.225902,128,4170.467698
-87.81025,153,4170.741292
-59.573066,205,4170.905818
-111.069583,109,4170.99317
-86.773952,166,4171.286334
26.071059,725,4172.019531
-54.849474,157,4172.145393
-171.645179,216,4172.480698
-90.432364,163,4172.611797
-80.494088,105,4172.696696
-118.083179,147,4172.966341
-49.351473,143,4173.080745
-64.281411,177,4173.222545
-42.456008,188,4173.539555
-39.949089,226,4173.719743
-120.231169,163,4173.850346
-78.309532,141,4174.116702
-67.311859,129,4174.219805
-78.458666,141,4174.33231
-38.825995,739,4175.195662
-36.933614,220,4175.372052
-64.283122,260,4175.581141
-110.11685,97,4175.790832
36.965854,352,4176.073004
-68.945451,211,4176.374345
-92.230448,236,4176.564759
-49.778295,146,4176.682953
36.000163,369,4177.111688
-98.681198,97,4177.189226
64.469391,360,4177.610249
-25.003232,335,4178.009331
-61.767271,181,4178.154525
-125.076379,124,4178.254522
-93.944368,134,4178.493791
-81.349694,197,4178.651017
-80.868401,176,4178.791509
-212.608669,394,4179.238464
-102.167228,110,4179.32749
-123.205184,142,4179.573854
-61.249005,193,4179.728176
-192.673428,299,4180.100322
-95.778006,290,4180.333873
-108.926603,131,4180.438468
-46.0291,140,4180.684411
-88.19756,157,4180.810402
-112.3791,219,4180.986144
-100.890606,291,4181.352079
50.600621,388,4181.798396
-97.040843,119,4181.893823
-156.922866,486,4182.416437
-185.769514,294,4182.65193
-128.58632,402,4183.105647
-91.615045,112,4183.19511
-40.971157,354,4183.61133
-133.425006,312,4183.99458
-119.713644,129,4184.097677
-47.956514,705,4184.795282
-137.615548,170,4185.063763
-119.322363,130,4185.167998
-56.17957,122,4185.265682
-59.556841,152,4185.520142
-64.785347,429,4185.864428
-61.998292,170,4186.132843
-62.603486,149,4186.251996
-83.702648,146,4186.369172
-91.643842,129,4186.605078
-33.308462,193,4186.759398
-74.719329,129,4186.862846
-141.047259,143,4186.976927
-159.388245,233,4187.294116
-66.488444,150,4187.414539
-75.919436,134,4187.522845
-156.556551,169,4187.79074
-71.517251,171,4187.927268
-156.751134,178,4188.069492
-36.5109,254,4188.405152
-68.942256,141,4188.518288
-25.330777,543,4189.086408
-220.170873,868,4190.049121
-59.165011,208,4190.215774
-101.925927,425,4190.68866
-70.63417,157,4190.945599
-229.977217,497,4191.344095
-8.916177,365,4191.7689
165.852516,958,4192.804208
-0.346279,808,4193.717772
-77.674402,170,4193.854
1.370906,525,4194.408971
-223.586762,129,4194.512095
35.661599,501,4195.046197
-72.724946,174,4195.317438
8.454014,300,4195.558129
-48.754733,200,4195.850449
-64.896841,243,4196.043914
-128.018803,344,4196.451368
-99.835734,351,4196.732443
31.490632,1000,4197.81849
-92.110448,155,4198.106521
-66.497489,245,4198.302232
-77.793291,179,4198.44558
-143.806545,223,4198.781486
-27.630922,200,4198.940864
-217.485356,214,4199.265013
-201.184774,227,4199.445918
-192.631391,276,4199.825982
-242.706439,552,4200.419419
-36.28842,337,4200.6884
-79.298506,246,4201.040368
110.415591,1000,4202.177392
-92.550713,130,4202.281378
-207.753534,475,4202.835201
-66.991876,158,4202.962759
27.303385,575,4203.57823
-136.537101,358,4204.017486
-34.064374,249,4204.369295
-178.310219,275,4204.589058
-197.42648,737,4205.49379
2.050022,220,4205.670612
-182.514609,217,4205.998997
-78.499964,779,4206.783636
-204.359614,597,4207.436679
-156.248173,315,4207.840064
-122.46268,436,4208.353123
-38.906232,282,4208.579648
-48.324687,236,4208.923931
-9.039954,235,4209.112533
-113.062962,537,4209.708928
-87.21327,200,4210.045363
-24.616349,349,4210.325948
-78.027188,140,4210.589571
-116.130439,208,4210.75567
-131.999842,234,4210.942186
-13.11409,311,4211.378311
-85.107956,139,4211.489704
-193.564677,426,4211.982682
-61.239988,144,4212.097979
-251.593668,392,4212.599535
-21.676815,199,4212.911866
-145.839371,138,4213.021827
-28.257995,190,4213.174605
18.917712,440,4213.681733
-118.147474,222,4213.858309
-123.409198,334,4214.283862
-61.459415,249,4214.687668
-101.221569,221,4214.864232
-59.227922,165,4214.997542
-95.314425,159,4215.288231
-110.713852,244,4215.483366
-86.56584,155,4215.607988
-55.635687,223,4215.939773
-36.00472,205,4216.1045
24.304547,313,4216.53262
-142.378962,193,4216.687506
-77.934008,423,4217.186582
-146.54862,180,4217.329817
-235.158339,482,4217.894277
-59.397789,144,4218.168059
-128.216949,171,4218.305847
-60.240979,196,4218.462426
10.026444,363,4218.888807
-81.229299,147,4219.007054
-94.141857,110,4219.227103
-8.742304,309,4219.474491
-72.839432,151,4219.595253
-92.213638,313,4219.978886
-62.642779,154,4220.101564
-1.108027,323,4220.494321
-99.422103,191,4220.647906
26.496278,507,4221.187654
-4.757985,520,4221.758893
-9.401825,269,4222.11132
76.190421,522,4222.663253
-219.575496,195,4222.820036
-138.130494,272,4223.170218
-83.587859,147,4223.28821
153.061824,836,4225.511994
-54.201221,232,4225.698419
-94.172597,869,4226.661403
-99.842459,185,4226.81024
-82.945806,295,4227.180326
-104.860218,196,4227.337176
-173.147417,313,4227.718821
9.733375,251,4227.920132
-210.439797,415,4228.383987
46.382651,678,4229.191543
-48.350328,163,4229.322938
-63.624462,308,4229.571449
-75.810287,166,4229.836451
-60.648944,154,4229.961385
21.451802,302,4230.334417
-139.952271,147,4230.45324
-134.298268,455,4230.949283
-108.792803,138,4231.059429
-66.66119,155,4231.1845
-113.088367,352,4231.600449
-202.759363,318,4231.988538
-129.397479,148,4232.106513
-155.841272,161,4232.235241
-174.867008,297,4232.606095
-11.495483,198,4232.764241
-136.866636,202,4233.057429
-77.57403,231,4233.243695
-91.128292,121,4233.340812
-40.063882,251,4233.6745
-61.665919,142,4233.789426
-74.005502,268,4234.137033
-131.27014,158,4234.262886
-43.662466,184,4234.410667
8.248817,211,4234.710508
-29.696386,180,4234.855541
116.160079,629,4235.492486
-54.886237,165,4235.756722
-292.321758,690,4236.440949
-90.356694,285,4236.802446
-61.727118,138,4236.913193
-78.731368,174,4237.053184
-193.56809,128,4237.155698
-54.779616,142,4237.400507
-171.91631,505,4237.937322
-219.54865,565,4238.521913
-157.217947,127,4238.623916
-212.897857,175,4238.76438
-90.597625,165,4239.030088
-77.165219,165,4239.163707
-157.681104,175,4239.303212
41.174462,375,4239.736823
18.238801,346,4240.14604
-55.809949,207,4240.313397
-159.144441,194,4240.600355
-99.568198,327,4240.86198
-176.855107,218,4241.168715
-194.422904,300,4241.409883
-60.273577,225,4241.723407
-120.615275,208,4241.889642
-85.665994,128,4241.99166
-77.640955,215,4242.316411
-226.988974,133,4242.423003
-78.802311,164,4242.554925
-124.974767,197,4242.874052
-125.939642,184,4243.020997
-71.004908,335,4243.442857
-256.084515,302,4243.683533
-210.161225,157,4243.972669
-53.607392,685,4244.676468
-125.845107,121,4244.774274
-94.566821,198,4245.086344
-78.699044,143,4245.201557
-61.981636,177,4245.343458
11.026463,270,4245.729333
-77.608887,215,4245.900934
18.094532,302,4246.311056
-151.935606,354,4246.59531
-92.548226,173,4246.888841
-108.890635,595,4247.517879
-103.948239,286,4247.745728
-82.044299,278,4248.149226
-61.714019,146,4248.265915
-136.936128,386,4248.732759
-112.283644,152,4248.854535
-69.432796,145,4249.12482
-44.036489,210,4249.293094
432.084537,1000,4250.435503
14.721794,335,4250.858721
-125.628872,250,4251.059829
-128.448357,194,4251.216467
-147.403212,365,4251.685402
-48.747082,154,4251.808327
-53.2565,219,4252.13642
-233.966801,417,4252.623314
-203.728868,397,4253.11912
-60.431176,144,4253.235342
-190.45123,977,4254.339879
96.12588,1000,4255.431956
29.960134,286,4255.662434
-92.922535,267,4256.00866
-94.108734,245,4256.204967
-139.184769,128,4256.308148
-84.184747,522,4256.858813
-86.498852,282,4257.219184
-195.386782,239,4257.411126
4.127315,277,4257.787035
-20.139231,232,4257.973041
-112.441573,601,4258.80511
-92.170382,206,4258.96987
-79.828032,112,4259.059379
-186.11212,486,4259.605822
-215.050395,216,4259.929645
-63.348057,143,4260.044852
-106.797731,333,4260.467703
-225.148495,230,4260.651564
-21.679918,266,4261.020821
-206.580658,192,4261.174387
27.425002,1000,4262.27925
-66.493621,220,4262.454995
-16.708975,271,4262.833737
-122.840121,533,4263.413407
-195.648501,311,4263.662229
-155.272741,249,4264.032644
-69.521256,146,4264.150178
-182.658177,94,4264.226414
-155.693699,210,4264.577084
-123.077414,345,4265.020324
-87.790686,162,4265.150122
-36.040002,180,4265.294513
-57.732031,1000,4266.412261
-274.626191,593,4267.072951
1.616414,318,4267.482039
-121.797578,134,4267.590012
0.82203,356,4268.039126
-152.9722,535,4268.628585
-189.808821,310,4269.028848
-89.808596,176,4269.17111
-102.080967,129,4269.275119
-224.796315,317,4269.683317
-93.684075,181,4269.828085
-265.295644,407,4270.320373
-86.261407,124,4270.419679
-320.222497,410,4270.903818
-36.855638,182,4271.048497
-206.287232,245,4271.398742
-159.893041,116,4271.491956
35.751628,365,4271.982417
-171.362228,278,4272.205408
-161.602408,204,4272.525832
-197.008669,327,4272.787661
-130.277567,145,4273.065249
-130.531605,148,4273.184624
-98.315438,146,4273.301855
-68.971743,754,4274.24137
-36.080194,221,4274.420114
-20.083663,377,4274.891487
-78.290524,265,4275.104037
-253.727814,90,4275.176094
-172.801745,109,4275.427415
-18.355825,280,4275.652864
-101.221206,98,4275.731878
-92.922621,150,4276.030038
-97.990759,200,4276.19097
-134.247268,166,4276.323433
-36.865625,170,4276.619875
-29.517629,257,4276.825224
-45.952145,254,4277.181668
-23.413834,255,4277.386685
-62.161613,138,4277.653458
-166.588109,226,4277.835279
-168.640059,239,4278.026388
-231.163568,199,4278.339527
-178.848876,183,4278.486523
-41.068719,236,4278.830975
-63.493048,163,4278.96183
-69.581392,137,4279.07169
-115.381277,221,4279.40321
-89.468839,134,4279.510456
-17.506517,304,4279.907565
-96.477696,174,4280.04824
-56.036259,220,4280.224059
-65.264792,205,4281.315843
-109.440425,205,4281.48204
-111.218926,119,4281.578193
-101.829293,178,4281.877877
-216.307988,258,4282.084347
-248.589149,235,4282.426744
-158.205753,147,4282.547165
-132.089659,137,4282.657364
-132.150132,134,4282.764855
-206.329824,188,4283.095879
-191.715889,157,4283.221552
-175.098885,320,4283.644949
-123.585813,315,4283.89828
-177.576231,448,4284.413993
-145.820064,146,4284.691046
-160.431388,536,4285.273756
-219.150366,152,4285.395337
-95.202572,140,4285.507516
-79.527815,200,4285.821295
-16.196031,199,4285.981366
-100.59245,167,4286.115594
-53.505009,186,4286.418753
-205.090551,148,4286.539366
-122.186538,122,4286.637353
-147.312929,163,4286.769207
-91.697052,244,4287.123836
-213.126512,363,4287.570052
-124.031313,230,4287.755414
-174.582859,163,4287.886132
-64.163164,201,4288.200115
-234.991492,572,4288.810003
-80.803052,136,4288.919556
-138.052455,206,4289.266413
-141.344977,161,4289.394464
-227.406205,190,4289.546239
-167.414791,139,4289.811461
-81.47916,180,4289.956138
-180.805391,226,4290.137876
-75.529207,207,4290.486813
-83.751622,140,4290.599787
-147.10372,165,4290.732165
-210.843758,329,4291.14864
-66.830551,218,4291.325372
-178.082763,195,4291.667799
-150.404671,231,4291.852924
5.283788,275,4292.231969
-176.63181,218,4292.405898
32.4316,502,4292.984062
-172.586823,131,4293.088658
-164.246179,216,4293.424758
-93.219697,186,4293.574228
-158.160279,237,4293.918902
-209.686747,815,4294.755294
-199.502254,298,4295.151168
-36.529307,258,4295.358471
-148.764974,131,4295.634556
-151.820359,157,4295.760167
-122.11404,361,4296.214231
-88.101902,207,4296.379153
-131.248838,106,4296.464931
-152.718023,163,4296.754902
0.076736,440,4297.111157
-62.234391,648,4297.951469
-86.03866,208,4298.117635
-181.382217,257,4298.487898
-233.479577,416,4298.820925
-105.998976,413,4299.307132
-87.152102,113,4299.398777
-110.454389,368,4299.855118
-220.090476,308,4300.283289
-99.200497,153,4300.4063
-56.468676,164,4300.538105
-88.413758,149,4300.809197
-205.86565,147,4300.926585
-44.15541,191,4301.081303
1.908082,439,4301.592552
-216.836727,338,4302.01673
-228.94615,208,4302.182765
-65.171579,244,4302.531569
-54.164125,259,4302.739533
-83.944914,134,4303.002596
-107.992871,126,4303.103484
-19.874217,514,4303.705136
-100.080183,215,4303.877115
-36.938456,186,4304.195619
-100.942942,300,4304.436595
-86.39701,157,4304.56232
-98.361922,153,4304.841948
-116.198036,209,4305.009586
-50.479718,200,4305.323543
-103.09947,175,4305.463429
-130.109008,97,4305.540267
-76.306054,166,4305.674125
-133.242495,118,4305.931534
-3.909183,383,4306.237597
-119.010678,155,4306.514151
-223.352885,116,4306.607027
-90.036631,146,4306.723854
-102.795051,214,4307.048652
-248.559005,101,4307.129622
-278.214127,243,4307.323429
-261.722536,127,4307.579674
-114.14413,195,4307.738112
-68.865283,182,4307.883461
-55.853378,201,4308.199093
-161.06517,333,4308.467554
-82.820693,160,4308.752037
-98.223049,171,4308.889428
-291.067862,314,4309.295132
-133.259018,123,4309.393427
-46.802412,221,4309.570958
-63.205382,236,4309.913808
-271.579231,260,4310.121351
-249.706588,401,4310.59471
-163.148664,243,4310.790172
-136.95144,103,4311.025952
-258.419083,141,4311.138868
-152.834277,386,4311.61888
-67.867846,187,4311.768522
-68.98331,161,4311.898049
-92.535897,158,4312.201274
-291.626555,502,4312.770982
-80.556509,128,4312.872972
-95.113228,222,4313.050458
-143.825164,142,4313.319915
-225.428942,162,4313.450266
-107.070084,135,4313.558132
-76.200474,179,4313.886766
-107.634265,174,4314.027488
-135.82499,186,4314.175997
-46.705699,205,4314.500325
-93.909246,200,4314.66106
-156.120274,134,4314.767671
-201.865837,112,4315.035998
-142.501853,431,4315.381267
-32.598337,232,4315.719667
-37.397828,408,4316.199347
-183.437697,240,4316.391091
-66.183724,171,4316.529008
-152.898409,284,4316.922476
-87.265688,193,4317.076392
-298.455894,445,4317.598964
-148.882585,184,4317.898522
-88.747853,305,4318.140678
-249.001831,106,4318.22499
-202.002139,257,4318.597469
-36.945163,248,4318.797168
-86.527653,146,4319.070227
-138.511443,450,4319.589202
-57.067343,237,4319.779587
-83.868246,163,4319.909972
-102.472112,137,4320.172872
-118.108985,155,4320.297765
-46.332471,232,4320.483578
-289.78766,298,4320.876322
-118.227607,88,4320.946554
-129.003323,213,4321.270041
-177.921643,340,4321.543903
-195.376523,207,4321.862102
-98.77355,155,4321.987451
-264.08283,147,4322.104584
-111.685135,235,4322.473922
-143.829988,138,4322.584633
-231.636032,321,4323.005614
-119.855582,223,4323.184344
-21.286963,176,4323.32534
-183.95222,146,4323.609144
-96.950477,148,4323.728533
-223.171867,465,4324.252433
-309.351944,513,4324.799406
-213.3423,219,4324.975375
-30.414848,255,4325.311589
-283.688998,434,4325.806264
-85.128487,209,4325.973632
-186.531942,176,4326.114153
-244.944207,371,4326.544146
-78.187703,203,4326.707088
-238.432596,164,4326.97142
-151.419836,167,4327.105371
-131.575088,210,4327.274098
-80.336032,236,4327.595385
-230.333289,326,4327.987821
-143.054137,142,4328.102401
-80.107188,184,4328.25043
-274.464628,135,4328.359343
-63.232734,142,4328.608476
-234.668752,151,4328.730093
-255.972509,294,4329.101638
-202.604463,118,4329.196964
-55.892238,143,4329.312776
-156.290749,237,4329.634423
-126.977309,184,4329.78197
-199.980022,198,4329.940288
-291.912237,516,4330.485487
-241.706507,93,4330.691932
-101.303724,197,4330.848986
-102.68169,153,4330.971358
-248.909902,241,4331.29906
-71.743694,171,4331.437109
-251.37557,413,4331.90662
-81.657802,126,4332.008586
-149.059656,117,4332.102383
-67.665915,205,4332.399768
-242.773985,336,4332.670379
-81.104959,168,4332.93663
-213.762867,197,4333.095102
-70.040801,153,4333.217335
-94.194904,173,4333.487737
-89.313526,152,4333.60985
-257.719262,247,4333.809464
-123.793482,187,4334.091614
-6.161882,185,4334.240935
-114.987818,162,4334.504412
-151.877342,171,4334.641321
-69.995174,176,4334.781647
-122.318674,176,4335.055587
-87.137227,143,4335.172002
-225.440163,162,4335.30162
-114.689615,277,4335.656276
-22.831108,225,4335.838652
-84.990765,187,4335.988729
-232.398497,73,4336.178161
-163.970494,207,4337.401692
-63.122618,170,4337.540519
-165.385273,187,4337.823023
-83.142547,223,4338.002193
-68.19709,158,4338.129923
-238.430027,197,4338.420787
-41.316085,1000,4339.489743
-28.073879,181,4339.634871
-50.323521,256,4339.972455
-64.985019,175,4340.113731
-56.408505,184,4340.261441
-110.101398,174,4340.555525
-155.941819,171,4340.694752
-100.914188,158,4340.821113
-0.416985,240,4341.16675
-92.264503,190,4341.320918
-184.559169,107,4341.406304
-84.922921,214,4341.731231
-40.212235,236,4341.921571
-36.407819,160,4342.187552
-177.913419,434,4342.536903
-34.694178,364,4342.963037
-160.174325,610,4343.584383
-170.502096,210,4343.906839
-144.425259,161,4344.036188
-21.868976,239,4344.382024
-55.379644,141,4344.494941
-205.013333,287,4344.725058
-61.155254,277,4345.100257
-47.350798,193,4345.255731
-55.579429,148,4345.528471
24.01928,265,4345.741511
-144.644158,124,4345.841379
-232.118204,89,4346.047965
-244.435853,105,4346.132886
-61.530647,260,4346.341794
-74.964357,190,4346.626862
-58.010866,164,4346.759514
-33.808188,191,4346.913227
-125.286285,125,4347.144994
-64.093375,173,4347.283816
-73.481322,140,4347.396703
-119.140133,194,4347.686328
-121.26664,190,4347.839458
-108.608649,94,4347.915126
-90.780636,224,4348.227178
-70.295098,179,4348.371147
-70.359724,165,4348.504352
-118.204465,178,4348.779974
3.201567,292,4349.014767
-42.693571,207,4349.31406
-128.245541,128,4349.417398
-8.149987,258,4349.625236
-87.517801,206,4349.923078
-127.304485,201,4350.084382
-180.618283,169,4350.220502
-73.095458,237,4350.544324
-198.720357,314,4350.79924
-121.392908,157,4351.056494
-55.528669,169,4351.192156
-37.943105,170,4351.328678
-72.559731,126,4351.561072
-142.445516,141,4351.67416
-191.104403,196,4351.831175
-97.911152,122,4352.060109
-104.601787,161,4352.189228
-167.906462,189,4352.341277
-55.853219,172,4352.611984
-82.117836,179,4352.756697
-101.788342,214,4352.929708
-57.255904,117,4353.156448
-69.311814,218,4353.332134
-92.298433,138,4353.442556
-95.984651,143,4353.689944
-119.711524,119,4353.787115
-86.17696,190,4353.938948
-80.559512,161,4354.069252
-54.46407,163,4354.333786
5.993707,446,4354.825733
-62.882314,236,4355.016706
-155.966452,114,4355.108221
-137.846832,256,4355.445863
-204.568088,333,4355.845918
-104.570841,154,4355.97051
-159.878321,138,4356.082087
-118.493174,193,4356.2376
-111.193729,136,4356.488441
-137.894948,115,4356.582278
-202.238708,254,4356.786896
-117.70442,236,4357.109607
-159.61279,176,4357.251328
-78.116044,117,4357.346128
-85.147332,243,4357.674626
-11.410527,316,4358.059148
-207.587643,518,4358.609117
-177.954289,272,4358.829598
-136.105081,136,4358.93924
-102.045242,135,4359.179174
-74.085993,170,4359.31608
-70.547693,194,4359.472369
-67.432943,167,4359.739469
-149.712386,157,4359.867497
-88.426877,162,4359.997124
-97.437152,247,4360.327351
-63.783433,157,4360.453483
-108.44245,165,4360.585722
-62.333086,134,4360.826216
-107.493433,102,4360.908377
-199.670879,174,4361.048541
-137.716953,108,4361.134912
-19.692255,347,4361.549198
-83.897636,128,4361.652657
-21.503022,197,4361.943414
-106.972281,137,4362.052523
-104.035707,121,4362.150155
-57.104013,176,4362.42272
-77.772506,178,4362.566911
-93.048583,152,4362.690285
-116.073085,169,4362.978271
-170.626908,245,4363.176679
40.179942,293,4363.568388
-114.640132,128,4363.671496
-34.379718,202,4363.834144
-77.916439,116,4363.927248
-157.041257,119,4364.175545
-205.680518,209,4364.343031
-125.983689,145,4364.459445
-119.877309,147,4364.748572
-54.823174,285,4364.9786
-101.285639,156,4365.257803
-110.453319,104,4365.341454
-138.057781,89,4365.41296
-165.511025,100,4365.492819
-127.496241,196,4365.811607
-154.655012,196,4365.968127
-88.560969,173,4366.105813
-89.519189,154,4366.389319
-198.094523,193,4366.544258
-79.560824,124,4366.644927
-91.053297,189,4366.958549
-13.348971,301,4367.201374
-85.053267,284,4367.581195
-97.72853,102,4367.663359
-52.358458,139,4367.776645
-58.281493,254,4368.134207
-84.345836,123,4368.232588
-94.793857,104,4368.317323
-58.339126,174,4368.456875
-161.27104,138,4368.704936
-101.029404,155,4368.830142
-100.828537,97,4368.908834
-80.098299,172,4369.178405
-62.210563,240,4369.37332
-160.199746,128,4369.476068
-77.189541,136,4369.58622
-93.548129,134,4369.827294
-146.534454,182,4369.973864
-188.630693,166,4370.108052
-211.257493,192,4370.392785
-97.862067,132,4370.499306
-149.115033,185,4370.648172
-65.031103,179,4370.926196
-156.29458,185,4371.076095
-65.64561,136,4371.186534
-135.177288,202,4371.481411
-16.662712,243,4371.678067
-136.92867,152,4371.931654
-22.128553,168,4372.066504
-73.085612,128,4372.169312
-64.090049,147,4372.287475
-149.398439,145,4372.536935
-71.86399,198,4372.697869
-128.684483,158,4372.824201
-98.311478,121,4373.074579
-41.629073,202,4373.237359
-57.041852,178,4373.380051
-50.195618,155,4373.661643
-73.731882,146,4373.778781
-42.893658,142,4373.893974
-69.755959,175,4374.205542
-70.514933,147,4374.324545
-240.780088,107,4374.409582
-111.080032,122,4374.508548
-93.088727,137,4374.773403
-123.900193,128,4374.877416
-74.807157,139,4374.988788
-98.578652,146,4375.106919
-222.411855,341,4375.550073
-67.011598,156,4375.675923
-130.233269,150,4375.951011
-87.128172,132,4376.057721
-95.527587,221,4376.235895
-179.477126,146,4376.518242
-74.497805,459,4377.039901
-68.243876,134,4377.147518
-166.083959,142,4377.262323
-72.259306,144,4377.378045
-90.207434,111,4377.623095
-175.368592,253,4377.825645
-18.374605,202,4377.988827
-57.263564,149,4378.278957
-121.380841,204,4378.443172
-158.935218,225,4378.778196
-90.667431,114,4378.870452
-127.102984,148,4378.988662
-169.752864,167,4379.123105
-153.223702,217,4379.451821
-107.424034,153,4379.575349
-167.475458,145,4379.691824
-81.459948,127,4379.94841
-92.711158,151,4380.069857
-168.003249,146,4380.187032
-76.131924,170,4380.490123
-90.791036,143,4380.606079
-141.354446,202,4380.76876
-145.433298,153,4381.04772
-101.53749,158,4381.173883
-97.838194,113,4381.265663
-135.364168,162,4381.395636
-140.676137,111,4381.643337
-99.133111,122,4381.741261
-101.219545,100,4381.822611
-7.495607,229,4382.158905
-64.743166,127,4382.261272
-62.29829,218,4382.436409
-207.692577,177,4382.736134
-133.739724,126,4382.836779
-62.015136,135,4382.945061
-64.591898,168,4383.080537
-63.626478,124,4383.339437
-106.681979,120,4383.436025
-115.132452,148,4383.554867
-55.29904,133,4383.661587
-80.339205,152,4383.936652
-44.622589,139,4384.048655
-123.856662,156,4384.173277
-66.8188,147,4384.443431
-70.63599,149,4384.563751
-102.896578,209,4384.733154
-156.377006,172,4385.022793
-160.94518,191,4385.177182
-154.256229,184,4385.324422
-101.774062,145,4385.593737
-73.868838,129,4385.698299
-167.033069,167,4385.831734
-136.012829,110,4385.920636
-89.450255,148,4386.210702
-107.665347,134,4386.318215
-103.526907,123,4386.41705
-89.356371,132,4386.524787
-138.862835,206,4386.851935
-165.470058,153,4386.974888
-120.287212,145,4387.090995
-82.608875,175,4387.396992
-90.233819,139,4387.509196
-21.420471,203,4387.672687
-165.468928,360,4388.116556
-113.068617,163,4388.248359
-79.491542,194,4388.565186
-72.183549,138,4388.676261
-63.312493,192,4388.831062
-89.482032,118,4389.104415
-121.822675,201,4389.266294
-61.462099,157,4389.393377
-94.638336,92,4389.601655
-88.514818,143,4389.717314
-46.07018,165,4389.85077
-62.285708,138,4389.961572
-38.136966,192,4390.249209
-3.465601,168,4390.383537
-27.426926,218,4390.69066
-55.607049,168,4390.825735
-48.706912,136,4390.935277
-26.014248,172,4391.230093
-78.876573,131,4391.335129
-47.229045,214,4391.509004
-72.843143,122,4391.606916
-221.508865,118,4391.855067
-99.066457,140,4392.428871
-37.19041,171,4392.566858
-81.25613,107,4392.652827
-146.066588,187,4392.959354
-134.619464,191,4393.113375
-90.111706,142,4393.383117
-103.690353,128,4393.486279
-97.720261,152,4393.612822
-64.927954,167,4393.748326
-96.572373,165,4394.033235
-69.505881,165,4394.166522
-90.000373,133,4394.273658
-61.554345,125,4394.525157
-116.79775,112,4394.616009
-128.591194,182,4394.762969
15.748852,340,4395.191462
-31.849365,220,4395.36861
-45.482324,231,4395.708299
-99.176446,113,4395.798941
-72.993025,142,4395.912962
-83.147487,232,4396.284776
-62.812072,166,4396.418956
-63.999879,112,4396.50935
-39.256468,146,4396.627512
-149.608617,122,4396.896443
-85.146768,126,4396.997898
-104.46834,141,4397.111431
-111.227087,169,4397.408417
-131.734837,175,4397.549425
-32.882709,228,4397.735198
-100.787678,161,4398.018231
-89.387281,156,4398.142957
-40.484474,266,4398.358393
-232.358159,289,4398.756811
-71.656927,148,4398.877077
-99.417471,123,4399.130544
-86.378407,261,4399.340093
-82.676861,158,4399.467465
-97.172904,119,4399.726926
-111.539599,172,4399.86571
-43.54817,213,4400.036293
-160.650232,121,4400.290396
-100.278849,124,4400.390123
-75.363375,166,4400.524111
-79.463502,161,4400.655347
-158.642253,252,4401.010196
-65.611958,350,4401.44597
-101.244052,145,4401.564561
-64.267723,223,4401.744554
-85.764618,161,4402.006128
-98.488045,144,4402.122466
4.79538,233,4402.310834
-67.043544,155,4402.567211
-100.37736,127,4402.669501
-133.46174,154,4402.793752
-104.531129,102,4402.876007
-89.782004,149,4403.128397
-91.854911,123,4403.228203
-88.142524,160,4403.357384
-154.199296,204,4403.677154
-57.741737,139,4403.789695
-112.788173,136,4403.898788
-88.521625,122,4403.997285
-150.747422,252,4404.350717
-73.219964,139,4404.463066
-165.64919,141,4404.709896
-123.227995,179,4404.854307
-74.119525,123,4404.95334
-92.844511,135,4405.062521
-65.742576,206,4405.362049
-112.453546,126,4405.463283
-241.525033,143,4405.578289
-70.409953,112,4405.799615
-54.696238,170,4405.936284
-94.537511,150,4406.056549
-105.696247,185,4406.205533
-230.445448,148,4406.456255
-120.01252,136,4406.566837
-39.566528,252,4406.90149
-45.466158,146,4407.020252
-62.604971,139,4407.131844
-62.777857,186,4407.282681
-105.960924,134,4407.522507
-103.967475,149,4407.642282
-17.163268,213,4407.814376
-139.003798,236,4408.156986
-81.907517,138,4408.268954
-96.206204,98,4408.348121
-120.883437,116,4408.595318
-92.736066,107,4408.682394
-46.457306,175,4408.824262
-59.57527,123,4408.922406
-105.551073,153,4409.198938
-106.680277,113,4409.290434
22.229369,442,4409.799916
-131.808727,161,4409.928269
-33.192894,266,4410.309157
-103.787652,154,4410.432836
-120.107492,102,4410.514633
-158.540331,153,4410.638926
-61.352982,143,4410.917801
-56.347387,206,4411.084639
-74.628423,106,4411.170171
-135.440781,170,4411.461473
-1.673042,287,4411.695193
-56.623943,173,4412.002589
-179.428735,103,4412.085283
-73.13734,137,4412.195781
-10.580563,232,4412.382891
-130.645532,134,4412.645475
-128.378538,109,4412.733606
-165.262784,117,4412.827974
-65.67215,164,4412.960196
-99.0961,100,4413.195239
-112.258255,121,4413.291953
-154.489263,176,4413.433239
-92.875027,123,4413.532788
-166.153172,186,4413.844497
-76.247871,165,4413.977632
-234.138264,132,4414.083228
-64.11131,161,4414.365892
-93.645614,226,4414.547945
-102.154659,124,4414.649009
-197.140938,227,4414.998134
-181.783698,129,4415.10178
-144.863711,207,4415.419005
-96.690057,128,4415.521146
-120.398675,109,4415.608813
-129.805871,145,4415.725704
-64.968459,135,4415.987472
-77.965948,134,4416.095956
-91.770677,179,4416.240514
-175.953253,176,4416.382094
-94.179657,118,4416.64822
-96.61305,165,4416.780872
-118.064679,132,4416.887499
36.088268,300,4417.283523
-67.934541,146,4417.401696
-167.712966,187,4417.705133
-133.229312,125,4417.805052
-116.324137,156,4417.931978
-54.92118,151,4418.052698
-167.473401,139,4418.341617
-116.837025,171,4418.479766
-78.569815,128,4418.583007
-112.722105,196,4418.893555
-91.977037,100,4418.974818
-95.489654,121,4419.073024
-164.770287,136,4419.182582
-95.177005,97,4419.260738
-160.167766,340,4419.702303
-119.878931,125,4419.80264
-93.49693,139,4420.067346
-86.421032,123,4420.167586
-104.535755,159,4420.295646
-78.377994,166,4420.581242
-88.335541,213,4420.753436
-64.859977,161,4420.88493
-136.152123,144,4421.154428
-84.931543,131,4421.259928
-168.996206,129,4421.363827
-84.634044,103,4421.448093
-102.725764,330,4421.86832
-130.132923,143,4421.983569
-224.961802,231,4422.339279
-149.964903,270,4422.558724
-120.267998,127,4422.661535
-75.889415,126,4422.915961
-151.437394,114,4423.007473
-39.86823,174,4423.148346
-125.283266,151,4423.421451
-46.934537,125,4423.523518
-52.567856,181,4423.670106
-59.914447,120,4423.766862
-219.197465,191,4424.072954
-146.754284,199,4424.233146
-62.362593,197,4424.392493
-71.141148,154,4424.669588
-80.859136,145,4424.78707
-15.828698,197,4424.945419
-164.759139,138,4425.227117
-90.690302,112,4425.317371
-265.599589,454,4425.838918
-67.870551,158,4425.967892
-113.002323,141,4426.082963
-125.801413,100,4426.315099
-57.91288,181,4426.462135
-134.288777,126,4426.565113
-117.007581,127,4426.668158
-53.655713,149,4426.940564
-88.714197,177,4427.084598
-91.647728,130,4427.190022
-123.642612,317,4427.597931
-125.911924,92,4427.671824
-135.519575,164,4427.803964
-180.429941,134,4428.063827
-90.053183,151,4428.185403
-95.472943,107,4428.271696
-141.48954,143,4428.54809
-29.722987,186,4428.698079
-76.389023,114,4428.790184
-164.401979,166,4428.92354
-51.289576,190,4429.212708
-69.131986,155,4429.337471
-256.413152,221,4429.652777
-155.373831,121,4429.750219
-28.754998,223,4429.931243
-111.163503,158,4430.189719
-49.087888,180,4430.33598
-157.087313,197,4430.496099
-205.105446,294,4430.865372
-119.029037,125,4430.966324
-59.974911,217,4431.143654
-7.98304,254,4431.48117
-90.358719,137,4431.593401
-117.427206,116,4431.688365
-93.92792,151,4431.942931
-182.474533,229,4432.127312
-112.335297,117,4432.221298
-78.919421,128,4432.455717
-212.580866,344,4432.733679
-70.963732,140,4432.978415
-89.204252,120,4433.075544
-151.029108,149,4433.195419
-33.580905,168,4433.46299
-65.434919,239,4433.653352
-110.10506,197,4433.811919
-143.615114,211,4434.115188
-210.25114,223,4434.296424
-32.482294,237,4434.620107
-124.948465,353,4434.906795
-75.957693,225,4435.221206
-104.171186,145,4435.338503
-138.308952,135,4435.446732
-16.665332,261,4435.810866
-51.549065,148,4435.930646
-162.040426,294,4436.322705
-120.837746,119,4436.418941
-187.993625,153,4436.543584
-74.098738,173,4436.854223
-89.914501,139,4436.966565
-85.77526,180,4437.11333
-54.240032,176,4437.409106
-162.66945,267,4437.624974
-100.471706,169,4437.761486
-65.714371,156,4438.039042
-121.722522,121,4438.137157
-41.778532,168,4438.27382
-134.604942,213,4438.6022
-49.266185,186,4438.752919
-171.333398,446,4439.266308
-108.470165,135,4439.374998
-161.434218,134,4439.482763
-60.801715,150,4439.773184
-72.819116,275,4439.99686
-157.844926,125,4440.251559
-58.144003,176,4440.393692
-82.935944,147,4440.511864
-153.479667,180,4440.83521
-82.744689,120,4440.932234
-84.556711,131,4441.037867
-239.270558,175,4441.178895
-145.489439,132,4441.440515
-61.458497,165,4441.573905
-104.801587,155,4441.699946
-160.286855,214,4442.025888
-69.428809,198,4442.187908
-218.490914,340,4442.617687
-26.150687,199,4442.779963
-144.753898,109,4442.869256
-147.75317,105,4442.95369
-183.324643,392,4443.419761
-141.243863,119,4443.515539
-59.835996,157,4443.816523
-92.64492,162,4443.946113
-166.94656,179,4444.090429
-44.991413,176,4444.426829
-81.460273,191,4444.580779
-58.979428,130,4444.686667
-181.099712,196,4445.019254
-148.300311,138,4445.131789
-164.480803,183,4445.279113
-238.570439,298,4445.692109
-64.954539,140,4445.804613
-170.593497,139,4446.098216
-156.949354,281,4446.323316
-169.179942,131,4446.428147
-157.915919,158,4446.724645
-78.17116,168,4446.86045
-39.255204,179,4447.004152
-160.947215,259,4447.380523
-130.371525,261,4448.060537
-92.238689,135,4448.304334
-142.259718,137,4448.414897
-106.024,170,4448.552835
-146.333177,235,4448.875775
-95.505381,125,4448.976743
-118.260802,141,4449.089998
-72.638411,186,4449.371825
-197.057631,224,4449.552975
-203.045198,213,4449.724727
-93.335626,159,4449.985281
-138.931399,120,4450.08208
-75.772455,138,4450.193952
-55.655728,151,4450.44749
-95.858781,96,4450.524843
-77.294634,120,4450.621688
-115.948882,107,4450.708717
-172.444731,167,4450.974105
-119.135054,154,4451.098097
-94.859439,123,4451.197211
-84.247949,113,4451.288215
-169.1025,196,4451.579927
-202.247886,390,4451.893469
-69.505419,147,4452.14386
-141.104814,130,4452.249277
-157.069664,152,4452.372993
-120.313204,182,4452.65266
-92.802949,102,4452.736048
-85.568702,167,4452.870967
-82.764046,138,4452.983064
-123.46899,147,4453.233586
-73.113593,119,4453.330162
76.314071,459,4453.832949
-112.527713,242,4454.027158
-64.319476,172,4454.297644
-238.650831,264,4454.512858
-35.59228,187,4454.839715
-101.982989,205,4455.004196
-77.212493,141,4455.117164
-83.115971,116,4455.210263
-179.190431,117,4455.458078
-230.517045,303,4455.702115
-20.619146,229,4456.042911
-66.196022,149,4456.163227
-40.709823,162,4456.293289
-188.530344,190,4456.648271
-145.973005,140,4456.762775
-85.14657,146,4456.880512
-97.781699,150,4457.170838
-138.79823,160,4457.300903
-156.911475,147,4457.419243
-183.791042,158,4457.547673
-225.999852,229,4457.899625
-222.471591,149,4458.018728
-131.972245,98,4458.096702
-115.484579,105,4458.349001
-101.21022,104,4458.432559
-131.715823,143,4458.549371
-181.612007,324,4458.975537
-261.401707,348,4459.256872
-117.345854,282,4459.637055
-165.940829,136,4459.746538
-289.438974,432,4460.253121
-121.193335,413,4460.766311
-24.58601,226,4460.948731
-149.880223,203,4461.264329
-8.823355,296,4461.504556
-120.484619,115,4461.598963
-125.719429,222,4461.932161
-63.536384,188,4462.08274
-131.750797,174,4462.382044
-97.037967,272,4462.60179
-95.730699,151,4462.723529
-128.727026,164,4463.025713
-82.904625,120,4463.122023
-265.271796,245,4463.319311
-132.990007,136,4463.58797
-94.837605,126,4463.688917
-179.994482,127,4463.790663
-158.120131,133,4463.897663
-138.396842,178,4464.195551
-144.171154,207,4464.362667
-28.907811,141,4464.477618
-92.200669,125,4464.732273
-130.128232,162,4464.861924
-106.816533,135,4464.970882
-280.433113,203,4465.285804
-96.731167,124,4465.385951
-93.991185,148,4465.504902
-121.623055,121,4465.602094
-138.887763,168,4465.898167
-214.553185,135,4466.007555
-198.175622,135,4466.116096
-179.295951,170,4466.403185
-52.104195,192,4466.559195
-206.426193,181,4466.704847
-228.727546,222,4467.036489
-47.512465,153,4467.159455
-229.627731,431,4467.678059
-104.644224,103,4467.760756
-119.651426,124,4467.86052
-141.698281,123,4468.14003
-72.474012,160,4468.269151
-106.996383,137,4468.379582
-211.631332,203,4468.701303
-142.967434,142,4468.816569
-211.806589,185,4468.964526
-240.436983,205,4469.280602
-109.942525,128,4469.383909
-227.79718,314,4469.78863
-125.660771,138,4469.899975
-126.407869,181,4470.045545
-121.134162,203,4470.368702
-178.842098,190,4470.522931
-151.392622,104,4470.607885
-36.798761,147,4470.72691
-183.785465,231,4471.072641
-121.305416,106,4471.158237
-143.383945,271,4471.529217
-252.030126,194,4471.687784
-131.652752,282,4472.080076
-173.893602,182,4472.226305
-60.191105,146,4472.345618
-146.165948,199,4472.667174
-141.985576,161,4472.797349
-93.230096,119,4472.893088
-164.668486,218,4473.240151
-55.790077,145,4473.356607
-201.78744,154,4473.480915
-103.9496,205,4473.805963
-72.146157,126,4473.908423
-217.892659,147,4474.027318
-230.600154,200,4474.189544
-164.218934,111,4474.434204
-105.923982,220,4474.611276
-149.298496,211,4474.938815
-158.036093,132,4475.045313
-105.518629,116,4475.13902
-53.872055,153,4475.263261
-158.081913,124,4475.53815
-112.642852,154,4475.66291
-124.280382,167,4475.797914
-233.8438,164,4475.929589
-115.595298,115,4476.174617
-98.857293,398,4476.495374
-238.927849,138,4476.797948
-178.051815,117,4476.891662
-144.454209,145,4477.009034
-103.579334,137,4477.269845
-92.901693,116,4477.364235
-116.328003,129,4477.467955
-95.233346,119,4477.564332
-149.559607,189,4477.873187
-308.667235,340,4478.147341
-117.029937,176,4478.44325
-122.658035,164,4478.574745
-138.962387,114,4478.66597
-143.967534,109,4478.753558
-151.148144,115,4479.003076
-60.547248,144,4479.118989
-132.317139,119,4479.215294
-133.694836,343,4479.644014
-106.852438,151,4479.765418
-159.851504,257,4480.137337
-140.651386,141,4480.251664
-194.23951,162,4480.381818
-211.585476,205,4480.725438
-25.835216,159,4480.853304
-100.829446,123,4480.952219
-80.504781,116,4481.046218
-150.449547,153,4481.322813
-70.528953,201,4481.484847
-129.158713,141,4481.598221
-12.119684,211,4481.924653
-132.164047,114,4482.016165
-119.770886,208,4482.183301
-53.338118,124,4482.436007
-113.591227,180,4482.581212
-116.849699,179,4482.72444
-136.555283,120,4482.975467
-67.268895,189,4483.127225
-192.775669,158,4483.253683
-210.808423,156,4483.531124
-62.832035,187,4483.682163
-131.243785,233,4483.869115
-93.406632,117,4484.115817
-126.050544,116,4484.209197
-148.212211,202,4484.371428
-183.518923,190,4484.681082
-87.013167,143,4484.796251
-252.551518,204,4484.959842
-249.056765,237,4485.314311
-133.768494,134,4485.422411
-63.979337,174,4485.563267
-73.857949,157,4485.843657
-235.162596,222,4486.022452
-89.183604,116,4486.116548
-186.375803,157,4486.395187
-228.209133,134,4486.504688
-154.780778,214,4486.679919
-208.114869,155,4486.938458
-93.710908,140,4487.051852
-130.123415,95,4487.128054
-174.56576,169,4487.264905
-296.170523,244,4487.591739
-227.371281,138,4487.704129
-172.945949,153,4487.827934
-159.211538,175,4488.100296
-119.833476,93,4488.174994
-278.945035,265,4488.389866
-218.187339,164,4488.652754
-91.846338,154,4488.777401
-84.212662,119,4488.873284
-102.943067,170,4489.142464
-105.103145,179,4489.287209
-113.697232,136,4489.396766
-84.254721,104,4489.48081
-84.583138,391,4489.927564
-229.108316,171,4490.196666
-217.114215,152,4490.319354
-98.37005,155,4490.443932
-177.732957,215,4490.749467
-121.130621,136,4490.858982
-114.012583,118,4490.953936
-280.406408,324,4491.348291
-200.34779,125,4491.449418
-99.85178,130,4491.555783
-151.618307,168,4491.822681
-180.445127,133,4491.929994
-202.298051,264,4492.145273
-151.137631,197,4492.43683
-37.046387,195,4492.596546
-144.76337,149,4492.718968
-63.531721,265,4493.065347
-96.884128,152,4493.1877
-82.143771,156,4493.312891
-92.154763,109,4493.532252
-68.131437,153,4493.655288
-141.925346,123,4493.754891
-69.413491,319,4494.146574
-192.029565,177,4494.288825
-153.928169,222,4494.599669
-108.617137,128,4494.703596
-184.090552,111,4494.793002
-75.70095,171,4494.93205
-89.584708,175,4495.203956
-214.095233,128,4495.306527
-76.982062,133,4495.41371
-90.867875,148,4495.664838
-136.678188,122,4495.762979
-118.716606,176,4495.904295
-128.225188,129,4496.008868
-239.576593,305,4496.394157
-140.479907,116,4496.487916
-206.405733,340,4496.925045
-94.881411,115,4497.028596
-87.952429,136,4497.140968
-152.371612,164,4497.405971
-106.792002,134,4497.514607
-127.645453,117,4497.608709
-124.521469,139,4497.720245
-208.980296,187,4498.002838
-143.274865,171,4498.141996
-184.491821,267,4498.488927
-98.368581,132,4498.595543
-100.827099,284,4498.82532
-186.463764,139,4499.069671
-148.501256,277,4499.29366
-172.174606,250,4499.62719
-63.155245,155,4499.753083
-92.7336,141,4499.867159
-180.853752,286,4500.229937
-123.389985,125,4500.331234
-70.30953,139,4500.444181
-90.543198,108,4500.662961
-80.077202,256,4500.869165
-64.923928,133,4500.976939
-108.928499,162,4501.24156
-107.290722,167,4501.377343
-136.135252,152,4501.50081
-169.190309,132,4501.742135
-116.456447,211,4501.913115
-81.35032,136,4502.02371
-190.929039,168,4502.291019
-118.353883,214,4502.463947
-152.32204,289,4502.832646
-27.669535,214,4503.466379
-246.457682,139,4503.580068
-50.535212,204,4503.897827
-192.677149,139,4504.010372
-152.162169,168,4504.146806
-93.516726,148,4504.418635
-188.249507,120,4504.515318
-236.477223,168,4504.650679
-167.416856,87,4504.720535
-43.19469,150,4504.994123
-94.110931,130,4505.103281
-110.652039,120,4505.200692
-180.9212,281,4505.580266
-224.632133,268,4505.806625
-112.382862,141,4505.92016
-92.919078,160,4506.203043
-174.539486,162,4506.335501
-141.602347,162,4506.472679
-170.434516,225,4506.809312
-158.97388,214,4506.981852
-58.935412,165,4507.27195
-90.631803,341,4507.547796
-147.413539,191,4507.855947
-96.002589,137,4507.966778
-149.025463,136,4508.07837
-125.694457,666,4508.749021
-146.256946,181,4509.027707
-46.447108,150,4509.149944
-109.362972,221,4509.471585
-248.479211,211,4509.642148
-167.455362,154,4509.766562
-97.118284,147,4510.017105
-152.681117,154,4510.141685
-165.304565,169,4510.277612
-141.490178,121,4510.375161
-125.540265,293,4510.744603
-110.196382,302,4511.120202
-214.475613,223,4511.300407
-238.051353,238,4511.494045
-113.10821,215,4511.800429
-58.938924,165,4511.933957
-243.873866,214,4512.237134
-148.669481,276,4512.460794
-165.503839,116,4512.554168
-172.525669,157,4512.812177
-139.945224,148,4512.931879
-73.929891,128,4513.035297
-100.162659,101,4513.1171
-78.546285,214,4513.421951
-99.509216,137,4513.533185
-98.500019,199,4513.694131
-48.450965,189,4513.978389
-124.307489,240,4514.17276
-212.60755,278,4514.533648
-97.798907,99,4514.613825
-126.374105,175,4514.754643
-52.595356,130,4515.005036
-116.860358,207,4515.171386
-211.116231,139,4515.283035
-111.586011,282,4515.672888
-126.720511,242,4515.868503
-232.569967,181,4516.168127
-257.908208,176,4516.309824
-126.70455,190,4516.4637
-74.23835,135,4516.727759
-155.711505,197,4516.887283
-101.885778,350,4517.323998
-249.818916,200,4517.48558
-105.001417,183,4517.639058
-260.827995,170,4517.927366
-137.297101,134,4518.036341
-96.427264,164,4518.168701
-208.642475,239,4518.518883
-294.209466,572,4519.117059
-171.62939,258,4519.326923
-186.590752,157,4519.584035
-73.734956,149,4519.704355
-65.30437,186,4519.85439
-253.034073,587,4520.590377
-256.361859,184,4520.738619
-65.528738,319,4521.129571
-248.500524,366,4521.425087
-139.5135,297,4521.799017
35.184631,876,4522.776659
-124.582766,211,4522.946982
-209.536018,252,4523.150626
-239.286356,264,4523.49589
-103.493525,465,4524.002207
-72.221738,225,4524.184341
-73.460215,147,4524.440801
38.495401,392,4524.756866
-147.817921,287,4525.119434
-204.012845,792,4526.020179
-237.42108,205,4526.184939
-279.232294,428,4526.663939
-156.644386,175,4526.806335
-203.88636,219,4527.140317
-442.295842,718,4527.877538
-135.519031,125,4527.979494
-104.913184,191,4528.285672
-112.439777,169,4528.422198
-163.101881,121,4528.519502
-106.686169,228,4528.854783
-89.587104,151,4528.975401
-321.856056,417,4529.469455
-65.708572,134,4529.57833
89.872437,394,4530.084318
-103.902653,180,4530.229372
-161.168563,175,4530.370336
-61.043483,135,4530.64629
-118.421174,251,4530.849537
-76.796192,142,4530.9639
-164.429446,139,4531.251467
-349.741104,551,4531.855268
-223.309899,331,4532.121514
-101.613825,136,4532.383441
-171.195705,207,4532.551024
-77.718407,751,4533.503345
-211.385729,393,4533.819771
-63.819545,247,4534.174114
-87.246544,133,4534.281511
-88.359761,172,4534.42138
-174.330767,174,4534.760047
-94.019499,699,4535.493483
-306.109561,240,4535.839421
-117.144019,131,4535.945292
-45.09976,477,4536.496013
-246.424458,399,4536.99152
-135.356535,158,4537.11812
-96.654134,204,4537.284647
-133.445261,668,4538.147062
-238.16446,223,4538.32593
-117.685083,211,4538.495628
-159.553119,398,4538.97231
-122.054552,117,4539.066432
151.647569,1000,4540.178656
-152.588505,177,4540.477703
-144.747717,158,4540.605653
-162.383307,139,4540.718799
-144.742082,146,4540.988999
-132.37039,163,4541.119814
-125.609081,260,4541.329459
-231.017839,349,4541.791842
-90.262888,134,4541.901044
-281.138061,270,4542.271001
-115.89826,143,4542.385606
-211.781917,214,4542.712071
-155.153405,159,4542.839405
-204.905488,270,4543.05527
-90.538284,93,4543.282251
-212.102727,239,4543.473893
-163.949084,287,4543.872637
-269.755078,278,4544.095011
-193.047238,157,4544.221688
-246.555494,303,4544.616647
-35.396827,200,4544.778264
-308.737017,383,4545.238102
-146.272735,190,4545.549974
-206.178651,141,4545.662862
-122.502632,137,4545.772733
-186.546911,300,4546.169111
-260.636114,318,4546.423423
-54.286886,206,4546.744148
-253.697385,422,4547.233793
-224.182869,198,4547.392674
-102.802873,306,4547.808295
44.120826,634,4548.466617
-96.223351,351,4548.748906
-117.941216,124,4549.000857
-185.461763,193,4549.155673
-124.938871,208,4549.323429
-22.520594,961,4550.401452
-158.166873,526,4550.976998
-57.793898,149,4551.250337
-124.287812,194,4551.40529
-103.140573,122,4551.503745
-93.12719,143,4551.771787
-49.06704,180,4551.916798
-74.146455,301,4552.329119
-81.087516,119,4552.425169
-82.860247,109,4552.514366
-256.774809,213,4552.686547
-34.296842,163,4552.973308
-100.561386,173,4553.112004
-35.956188,143,4553.227367
-23.266553,230,4553.583349
-75.719561,192,4553.738095
-116.614379,119,4553.833643
-76.492737,126,4554.132411
-166.838158,177,4554.274137
-60.017196,283,4554.501144
-108.06158,188,4554.831304
-120.573664,135,4554.940008
-127.412522,174,4555.080256
-114.647571,137,4555.350405
-111.379033,124,4555.450225
-138.107383,224,4555.630499
-167.548095,198,4555.953503
-59.642448,244,4556.151186
-36.785337,253,4556.515822
-173.962657,147,4556.634571
-54.702246,144,4556.751271
-107.397658,219,4557.088123
-89.07221,116,4557.181835
-164.265488,138,4557.292407
-58.594064,210,4557.616906
-133.136423,247,4557.814882
-11.792001,212,4558.147992
-117.575165,150,4558.270651
-68.733835,209,4558.439317
-207.986101,212,4559.225172
-91.784392,126,4559.327424
-25.350927,198,4559.488217
-242.571104,234,4559.827963
-212.180977,260,4560.037705
-137.362519,146,4560.288103
-66.066178,126,4560.389085
-79.744571,129,4560.493462
-160.092774,156,4560.620358
-186.480436,195,4560.96402
-136.783128,130,4561.070025
-145.439903,168,4561.205488
-127.756059,179,4561.50246
-226.848146,188,4561.654574
-59.99824,213,4561.826514
-179.798016,182,4562.144194
-177.105163,202,4562.305844
-63.053578,162,4562.61629
-159.701471,208,4562.783565
-136.998506,115,4562.876509
-107.868282,290,4563.262884
-148.126816,95,4563.339197
-76.035557,192,4563.495321
-139.670362,174,4563.818886
-180.681624,192,4563.97199
-59.786371,191,4564.126313
-231.045665,143,4564.408521
-51.198272,207,4564.575508
-138.113584,123,4564.674728
-232.296955,91,4564.748427
-101.677491,189,4565.054105
-125.200571,188,4565.206143
-133.543187,172,4565.498807
-208.416383,150,4565.619198
-106.186261,329,4565.884554
-119.594012,145,4566.154559
-168.994703,172,4566.293099
-116.686363,162,4566.423764
-64.807012,143,4566.724113
-129.957503,410,4567.21724
-240.100206,157,4567.344232
-60.504238,173,4567.485063
-188.560508,232,4567.828914
-106.191333,132,4567.93505
-111.014234,132,4568.041371
-94.9838,177,4568.182869
-82.61275,125,4568.436791
-115.536972,233,4568.6242
-202.803627,181,4568.92405
-270.908955,506,4569.487245
-262.533353,521,4570.06087
-190.516003,199,4570.221119
-143.977247,245,4570.417729
-205.662592,485,4570.961906
-59.664342,146,4571.232262
-101.6612,274,4571.452708
-103.197129,125,4571.554153
-171.752232,415,4572.041046
-111.857791,137,4572.151865
-96.28472,215,4572.496905
-87.571781,127,4572.600794
-133.958532,122,4572.700322
-209.342664,153,4572.977019
-134.967261,196,4573.13447
-171.263258,194,4573.290933
-176.643485,322,4573.702034
-194.987742,243,4574.074564
-124.446896,210,4574.24416
-96.761022,134,4574.354234
-206.168517,202,4574.714363
-98.23119,136,4574.823792
-240.376146,327,4575.245369
-127.507441,151,4575.367337
-255.151778,198,4575.526562
-126.677066,112,4575.616978
-91.194362,120,4575.87357
-154.151253,180,4576.017957
-139.905076,109,4576.105857
-65.929852,119,4576.201473
-75.530659,162,4576.508789
-106.117129,217,4576.685108
-42.448198,308,4577.08945
-112.817218,181,4577.235147
-80.271605,131,4577.341415
-212.388476,169,4577.642635
-160.205664,173,4577.782247
-178.229273,125,4577.882269
-78.056108,130,4578.138074
-240.663231,467,4578.516201
-79.251336,163,4578.800593
-107.282639,531,4579.395004
-149.099533,144,4579.512214
-58.760102,132,4579.619003
-113.199563,134,4579.879816
-156.634971,150,4580.001807
-109.895803,110,4580.090853
-192.906737,201,4580.406147
-133.192818,105,4580.491256
-112.485075,150,4580.612236
-271.330601,332,4581.033017
-221.442496,283,4581.26269
-129.710618,171,4581.555566
-272.358092,386,4581.866029
-63.739735,129,4582.149747
-236.134148,209,4582.318145
-109.790647,229,4582.501785
-60.221038,244,4582.861996
-160.288075,242,4583.056935
-248.171897,177,4583.368067
-197.57021,246,4583.56636
-93.994126,127,4583.668723
-212.325772,168,4583.955985
-205.396087,173,4584.095606
-103.706362,138,4584.207568
-221.795211,239,4584.569499
-142.918814,186,4584.719131
-126.642578,149,4584.999777
-51.187296,129,4585.103903
-63.648384,147,4585.222148
-107.090417,142,4585.337129
-112.109003,128,4585.609647
-171.133873,168,4585.745761
-309.932827,411,4586.246611
-65.331184,152,4586.369845
-73.628398,186,4586.521169
-205.603767,124,4586.774917
-74.836327,162,4586.90608
-119.329879,115,4586.998476
-118.477632,166,4587.132525
-51.546921,170,4587.423966
-66.521193,182,4587.570866
-89.187437,153,4587.694465
-78.802358,171,4587.984937
-241.033356,139,4588.098547
-127.605079,152,4588.221394
-121.178341,417,4588.714097
-106.540949,107,4588.800678
-257.991343,138,4589.06401
-135.218945,114,4589.155877
-130.225883,191,4589.310694
-90.395571,157,4589.59217
-214.536593,195,4589.749868
-202.035387,154,4589.874591
-117.350413,131,4590.13307
-143.251354,123,4590.232593
-69.147912,159,4590.360526
-174.74467,113,4590.45153
-73.590594,126,4590.706989
-137.09668,169,4590.842185
-80.176993,150,4590.963737
-61.95644,239,4591.311124
-186.369121,159,4591.43868
-109.048801,156,4591.566421
-129.703477,197,4591.880348
-240.126528,132,4591.986672
-97.915185,163,4592.11765
-137.02585,116,4592.210635
3.247476,252,4592.569507
-157.427982,176,4592.711326
-98.916006,109,4592.79972
-158.647091,139,4593.065672
-102.645871,140,4593.178497
-60.129558,165,4593.31182
-63.277438,147,4593.587891
-182.698373,163,4593.719491
-156.391025,352,4594.179993
-222.886007,176,4594.322238
-86.351011,188,4594.47431
-169.293743,131,4594.73134
-135.406039,208,4594.898738
-142.042269,109,4594.987154
-154.758433,160,4595.270056
-258.439372,249,4595.470743
-76.176802,248,4595.669972
-107.64623,126,4595.937444
-142.798213,107,4596.02325
-175.054023,156,4596.149317
-42.245782,146,4596.423033
-93.569161,213,4596.595928
-86.856207,166,4596.730355
-235.117765,272,4597.121281
-178.931259,130,4597.225999
-91.682762,155,4597.350568
-157.217027,136,4597.612523
-137.895656,181,4597.759379
-52.933208,170,4597.896898
-116.681043,145,4598.201947
-158.466816,106,4598.287508
-92.657139,143,4598.403086
-66.663439,135,4598.513764
-149.920109,158,4598.794158
-108.376095,166,4598.929188
-113.512053,129,4599.033565
-100.434445,158,4599.324801
-210.927961,162,4599.456578
-90.039481,134,4599.566353
-212.26679,165,4599.699936
-141.192825,94,4599.916924
-97.543103,164,4600.049274
-199.492274,140,4600.162196
-132.630311,187,4600.445827
-89.096956,159,4600.574452
-173.882879,180,4600.721315
-292.461413,301,4601.102683
-292.862004,238,4601.296193
-196.256493,147,4601.548061
-199.415641,253,4601.75249
-224.724754,178,4601.895929
-121.750927,144,4602.144819
-97.518279,190,4602.298601
-179.720052,139,4602.411195
-211.40974,245,4602.742041
-185.641261,153,4602.86683
-133.673861,233,4603.188123
-175.192822,155,4603.31357
-47.001542,173,4603.453075
-167.277434,228,4603.769382
-85.91283,115,4603.862523
-110.063437,143,4603.978955
-66.830599,192,4604.266468
-104.155303,105,4604.351554
-151.33532,116,4604.445992
-99.478474,147,4604.566713
-158.55024,201,4604.86201
-336.783732,443,4605.353793
-38.493708,138,4605.465668
-239.071188,269,4605.684497
-37.743751,179,4605.961836
-139.025867,175,4606.103626
-163.889423,119,4606.200301
-103.297624,117,4606.29458
-127.819213,210,4606.594822
-116.846986,126,4606.698771
-160.603493,172,4606.83758
-95.798301,174,4607.111245
-181.823533,197,4607.271673
-129.49177,110,4607.361601
-79.830395,159,4607.623323
-90.769299,119,4607.719485
-251.855615,171,4607.858351
-106.694469,270,4608.208579
-135.228001,186,4608.360147
-147.628774,171,4608.631083
-142.14801,153,4608.75483
-4.717553,258,4608.965614
-195.249,207,4609.266009
-154.47902,184,4609.414604
-116.996959,161,4609.545658
-125.417665,168,4609.841455
-182.738792,259,4610.050859
-147.879089,183,4610.350869
-164.854489,143,4610.466974
-138.495355,177,4610.610859
-79.34022,184,4610.927944
-115.936442,184,4611.076801
-144.376714,201,4611.240035
-59.448967,190,4611.546384
-102.017485,134,4611.655712
-58.313374,175,4611.79891
-241.384797,220,4612.131755
-144.918706,177,4612.275106
-126.363571,138,4612.387154
-58.855156,152,4612.683124
-140.227244,164,4612.816145
-89.496617,189,4612.970923
-212.321069,230,4613.310158
-141.556047,90,4613.383336
-78.219714,155,4613.508344
-178.653642,141,4613.783573
-95.767366,130,4613.889573
-110.11479,151,4614.013324
-193.797048,249,4614.376032
-91.685793,290,4614.61138
-48.518735,187,4615.320428
-94.109454,136,4615.583932
-164.672871,227,4615.767208
-124.733575,109,4615.855125
-195.199707,142,4616.121507
-90.161302,257,4616.329553
-181.533626,211,4616.661775
-199.615802,228,4616.847255
-76.603661,110,4616.936792
-186.650934,154,4617.244944
-150.076289,136,4617.354737
-89.283185,136,4617.464795
-98.475817,133,4617.572931
-152.203671,190,4617.897386
-248.089548,270,4618.116656
-221.054337,187,4618.421984
-243.881255,165,4618.555664
-208.914825,197,4618.715626
-111.284522,155,4618.992913
-99.451155,107,4619.079831
-102.134924,129,4619.183375
-234.340992,123,4619.281839
-173.003806,325,4619.705038
-83.021057,110,4619.794801
-93.363632,151,4619.917164
-37.361276,222,4620.252666
-167.689843,349,4620.6942
-126.587734,187,4620.845926
-143.841342,158,4620.973068
-112.754866,207,4621.292615
-15.034495,316,4621.549996
-139.40754,143,4621.835604
-115.617326,193,4621.991887
-245.352277,159,4622.120162
-212.52231,202,4622.43873
-172.881032,280,4622.664678
-210.144006,275,4623.047727
45.795024,336,4623.322337
-59.512236,138,4623.617418
-91.825474,153,4623.741096
-83.707338,183,4623.888498
-212.224922,174,4624.183401
-102.427891,126,4624.285935
-241.9976,226,4624.471214
-150.762594,176,4624.766451
-144.897359,132,4624.873784
-92.568003,144,4624.990172
-207.109394,342,4625.421182
-74.696595,113,4625.512082
-141.617135,156,4625.637483
-194.386211,270,4626.008611
-126.024749,117,4626.104181
-114.478435,119,4626.200736
-52.646562,173,4626.496953
-117.474002,213,4626.671749
-108.438868,133,4626.780077
-171.156099,134,4627.04175
-125.00703,238,4627.234865
-93.466567,163,4627.367234
-178.887014,207,4627.69992
-86.996065,182,4627.848258
-197.468368,228,4628.187181
-209.167222,313,4628.440207
-54.392602,355,4628.88013
-147.562351,174,4629.020962
-107.653263,198,4629.335442
-285.976086,350,4629.619128
-173.928923,92,4629.878708
-153.49914,312,4630.131688
-81.745597,591,4630.764724
-209.029417,261,4631.131894
-45.189526,154,4631.256542
-100.819642,158,4631.38489
-38.824351,148,4631.67665
-281.687079,491,4632.228668
-101.804241,133,4632.336725
-157.876328,825,4633.310807
-184.894621,260,4633.521571
-143.748401,324,4633.939639
-56.402869,170,4634.077983
-111.302546,117,4634.172433
-167.236728,755,4635.089153
-98.113846,105,4635.175331
-255.52076,92,4635.24996
-144.871895,139,4635.364134
-108.594553,352,4635.802131
-181.783122,159,4635.931721
-81.080623,122,4636.183401
-166.482376,201,4636.347186
-92.52108,181,4636.4947
-154.481169,160,4636.777125
-76.336936,130,4636.882503
-86.016524,162,4637.014852
-159.160334,170,4637.305535
-89.310907,165,4637.439602
-178.336312,271,4637.659981
-133.400849,273,4638.013279
-85.525536,111,4638.103342
-238.539972,151,4638.22543
-201.268292,327,4638.622266
-160.223261,304,4639.000514
-92.927765,154,4639.125453
-217.809922,266,4639.471734
-139.572137,113,4639.564726
-205.89484,169,4639.703922
-21.692904,220,4640.013128
-201.023977,143,4640.130487
-224.381948,179,4640.274154
-192.229253,257,4640.614507
-144.874357,424,4640.957527
-190.855051,146,4641.207324
-278.351775,432,4641.690516
-249.314355,324,4641.95278
-160.395688,116,4642.046777
-79.832097,128,4642.282108
-86.76719,413,4642.747666
-144.064598,159,4642.87686
-71.578464,153,4643.001516
-115.817301,454,4643.50139
-209.657132,161,4643.631382
-181.401037,368,4644.059903
-156.874444,289,4644.429209
-244.833881,239,4644.624297
-112.503418,102,4644.706439
-224.493661,193,4644.994621
-90.876806,336,4645.268222
-124.941172,193,4645.556701
-258.528422,232,4645.745019
-171.580357,119,4645.842046
-186.139238,233,4646.162882
-97.390671,139,4646.275956
-90.045826,367,4646.72643
-182.533576,219,4646.902887
-119.08862,120,4647.000223
-80.979004,410,4647.486894
-189.869992,218,4647.834299
-242.211162,228,4648.017571
-188.234341,153,4648.141698
-125.493834,98,4648.374765
-105.860992,301,4648.619038
-219.951972,179,4648.917569
-119.476609,99,4648.997917
-158.415199,177,4649.142483
-207.681027,239,4649.507042
-147.277773,223,4649.689195
-116.231288,721,4650.430104
-210.716945,154,4650.70674
-228.656258,182,4650.854203
-241.246642,144,4650.971951
-125.825274,426,4651.468189
-177.189954,363,4651.932447
-244.473076,154,4652.05575
-248.836189,173,4652.349952
-151.067351,240,4652.545808
-188.894912,255,4652.915079
-133.38926,722,4653.671014
-158.851369,160,4653.80123
-233.695831,150,4654.075897
-192.275429,269,4654.29418
-224.422153,290,4654.681679
-114.448313,214,4654.855782
-119.441422,165,4654.990159
-205.361988,190,4655.29505
-117.623232,129,4655.400117
-54.329772,203,4655.565089
-131.604075,113,4655.808549
-227.746103,259,4656.019563
-40.417926,517,4656.6026
-52.324661,285,4656.986666
-174.638554,373,4657.288511
-312.05685,462,4657.836397
-135.161641,119,4658.089629
-91.095182,127,4658.193164
-117.889433,172,4658.333184
-227.764993,80,4658.398447
-260.514732,173,4658.690598
-107.819198,168,4658.826227
-171.964984,192,4658.982583
-104.954466,155,4659.24143
-197.538847,383,4659.551811
-98.72093,221,4659.862307
-127.164116,155,4659.988809
-203.113334,250,4660.321493
-192.840134,267,4660.53767
-234.126334,144,4660.656812
-164.114362,182,4660.936676
-238.896541,150,4661.058215
-184.753746,199,4661.220367
-116.439641,203,4661.516917
-242.354903,241,4661.712475
-145.509356,142,4661.959052
-124.736373,339,4662.233743
-264.968242,182,4662.511965
-210.352941,106,4662.598146
-222.728942,197,4662.758895
-76.618872,479,4663.279424
-157.729513,172,4663.418303
-191.785472,214,4663.722575
-209.636572,324,4664.116688
-251.31073,98,4664.196519
-229.399878,259,4664.406248
2.663493,772,4665.297575
-280.484304,232,4665.484389
-114.172263,324,4665.880378
-226.495015,151,4666.003633
-158.233377,637,4666.655288
-127.157685,126,4666.890913
-101.04354,104,4666.975843
-224.896066,284,4667.207146
-190.898408,187,4667.491279
-62.815528,152,4667.616742
-65.636859,406,4668.077583
-285.668262,491,4668.607443
-167.668099,279,4668.834567
-132.779967,149,4669.085632
-162.760097,165,4669.218052
-271.053792,479,4669.739847
-146.639271,153,4669.863952
-113.199464,126,4669.966714
-62.60298,134,4670.207093
-208.760462,230,4672.31771
-84.426497,141,4672.431845
-149.441717,442,4672.922925
-249.833559,386,4673.368679
-270.044944,451,4673.868412
-149.376421,193,4674.024707
-106.172439,165,4674.291905
-137.055862,131,4674.398582
-161.06073,143,4674.51523
-147.167567,93,4674.59153
-113.14163,110,4674.814882
-174.240253,153,4674.940915
-215.719175,165,4675.075537
-79.87359,199,4675.368016
-156.697293,234,4675.556857
-76.964341,151,4675.680471
-200.600616,134,4675.921116
-109.174414,139,4676.033155
-156.295134,298,4676.276152
-156.240276,108,4676.496041
-21.425759,230,4676.683742
-82.676135,139,4676.796427
-101.910686,118,4677.024023
-216.552353,267,4677.239701
-128.106954,163,4677.371649
-270.15211,394,4677.823763
-69.2209,153,4677.947192
-117.002705,169,4678.215305
-190.349803,454,4678.713885
-108.271377,140,4678.829104
-204.648145,309,4679.211636
-232.936162,104,4679.295623
-106.664585,240,4679.488864
-164.864068,118,4679.58511
-141.62188,143,4679.833799
-163.093811,142,4679.949124
-104.008146,125,4680.050315
-137.997347,143,4680.298632
-88.868361,174,4680.43902
-190.528778,121,4680.536609
-66.495184,159,4680.666176
-247.478447,256,4681.005816
-126.146847,145,4681.12371
-270.819811,311,4681.507396
-69.208151,217,4681.683938
-212.348565,155,4681.940314
-88.78252,141,4682.055551
-217.772011,243,4682.252895
-70.214369,244,4682.582557
-210.324067,92,4682.656708
6.338383,198,4682.817068
-181.824117,157,4683.07704
-162.408685,161,4683.208272
-163.441073,198,4683.369102
-128.652244,127,4683.603959
-170.827214,145,4683.72104
-59.217717,220,4683.901999
-143.921809,134,4684.143639
-170.088807,195,4684.300914
-166.527997,516,4684.852645
-147.212316,216,4685.029099
-83.531056,299,4685.402373
-54.915514,205,4685.570126
-117.353813,554,4686.151261
-117.52665,350,4686.567014
-231.799858,172,4686.708091
-181.416307,203,4687.003971
-219.089037,177,4687.148035
-181.059711,551,4687.72905
-79.891111,141,4687.973979
-216.361159,416,4688.311617
-102.426229,120,4688.53969
-201.146078,183,4688.688514
-151.035903,437,4689.174364
12.225513,390,4689.624227
-201.00758,223,4689.805524
-35.664236,674,4690.489715
-153.289758,168,4690.779916
-226.576074,151,4690.902602
-182.922921,155,4691.028452
-91.578359,379,4691.512178
-160.768058,187,4691.66436
-89.050782,129,4691.92708
-210.213796,298,4692.166844
-265.71552,552,4692.768842
-147.864805,158,4693.049495
-120.689847,255,4693.255866
-161.335324,125,4693.357166
-211.778128,135,4693.604058
-173.602804,207,4693.770987
-161.219245,172,4693.911191
-268.97973,301,4694.288446
-171.182374,166,4694.424678
-145.405167,163,4694.689211
-53.259885,132,4694.796258
-156.436677,133,4694.904379
-273.66428,298,4695.277464
-132.727943,117,4695.372881
-174.1467,491,4695.902691
-245.030552,228,4696.087641
-238.851872,273,4696.441903
-202.747048,147,4696.563387
-123.652849,306,4696.943394
-207.373957,230,4697.129944
-129.357213,203,4697.425375
-87.282611,125,4697.527358
-141.127414,270,4697.747176
-261.21016,216,4698.05259
-199.515711,152,4698.175309
-234.466837,191,4698.329397
-73.768482,159,4698.590204
-164.482475,174,4698.731199
-162.271596,139,4698.843676
-243.067867,98,4699.053998
-201.473379,493,4699.452958
-221.728401,200,4699.788427
-148.274159,238,4699.981325
-143.588794,180,4700.280427
-154.309828,335,4700.550679
-129.151349,283,4700.951709
-163.229396,154,4701.076557
-236.228027,348,4701.517357
-94.92372,243,4701.715541
-149.132675,306,4702.14959
-145.642901,198,4702.308884
-115.99077,159,4702.593335
-109.548719,406,4702.92028
-272.87518,407,4703.400611
-162.265586,282,4703.829166
-292.10476,283,4704.058015
-251.353958,282,4704.438629
-185.692304,168,4704.574523
-206.024609,200,4704.906021
-279.990787,305,4705.154318
-124.682256,213,4705.514016
-111.614318,213,4705.685928
-88.381157,155,4705.811376
-163.304943,219,4706.156284
-69.191119,199,4706.317857
-246.811461,172,4706.615539
-213.663479,167,4706.752207
-237.981406,170,4706.89026
-277.515621,301,4707.282575
-238.036142,211,4707.454288
-107.13979,254,4707.81512
-158.07853,211,4707.984923
-156.339188,325,4708.40021
25.655781,714,4709.130108
-38.833565,240,4709.479222
-253.870172,190,4709.634748
-94.39996,187,4709.786152
-125.352451,198,4710.099931
-92.668567,151,4710.222342
-205.856292,342,4710.652244
-243.750745,351,4710.936692
-226.74967,352,4711.37628
-167.86304,226,4711.560189
-166.155893,171,4711.857973
-167.958912,692,4712.569688
-211.815566,428,4713.073303
-211.66185,154,4713.198426
-133.065219,154,4713.475525
-115.07053,166,4713.612013
-258.105782,202,4713.774613
-123.117515,174,4714.070134
-119.060765,323,4714.332507
-225.139283,213,4714.667648
-32.471078,742,4715.427862
-176.378455,442,4715.951933
-237.173228,164,4716.086045
-38.475988,276,4716.470247
-30.106208,301,4716.714476
-257.595898,342,4717.144526
-112.930709,192,4717.299995
-254.674391,160,4717.582839
-232.015195,158,4717.71015
-141.752349,180,4717.855129
-64.018664,150,4718.12944
-250.966377,271,4718.349936
-143.854155,240,4718.701613
-218.425947,369,4718.999223
-207.817761,307,4719.41695
-183.554688,195,4719.574282
-86.569329,175,4719.871561
-152.077616,416,4720.361356
-190.92466,240,4720.554801
-129.786365,912,4721.604708
-143.667818,119,4721.700162
-160.110837,399,4722.184796
-197.755338,229,4722.370547
-252.406022,285,4722.777572
-272.436185,320,4723.189613
-202.968483,373,4723.492078
-149.60072,654,4724.329531
-169.337549,183,4724.47568
-223.116408,168,4724.611316
-16.62695,445,4725.131211
-121.340927,139,4725.242786
-125.170107,525,4725.802181
-228.65109,257,4726.143394
-224.419902,207,4726.311239
-222.22579,161,4726.573211
-164.180513,154,4726.699483
-267.939536,453,4728.265435
-267.493655,263,4728.478844
-216.450962,222,4728.790354
-185.663396,162,4728.921072
-230.002071,342,4729.329082
-198.055883,295,4729.569163
-224.621369,147,4729.819024
-194.268231,159,4729.947748
-143.466882,238,4730.138928
-250.97355,250,4730.472618
-253.083661,205,4730.63953
-273.501984,665,4731.442181
-92.420909,210,4731.612485
-166.097117,181,4731.760042
-217.076808,124,4731.991265
-139.472885,804,4732.775763
-215.55362,214,4733.079368
-118.336381,314,4733.332679
-187.804748,390,4733.779274
-102.627406,295,4734.019538
-245.063774,296,4734.392658
-77.087603,115,4734.485822
-117.810423,657,4735.349863
-61.748749,680,4736.054929
-45.051563,560,4736.661672
-272.071737,215,4736.835746
-197.714517,315,4737.244024
-232.141946,578,4737.873147
-279.840246,308,4738.275198
-220.279487,338,4738.548704
-125.183269,476,4739.09733
-85.861538,354,4739.535954
-255.587524,275,4739.918951
-243.497065,271,4740.140354
-255.724998,319,4740.566938
-265.000288,166,4740.69978
-173.29936,127,4740.801477
-98.412423,140,4741.079591
-112.771276,186,4741.232287
-127.158453,275,4741.455045
-81.898127,170,4741.76045
-174.719054,152,4741.883024
-244.868554,362,4742.330078
-222.46076,216,4742.503644
-83.919993,219,4742.831627
-222.39461,329,4743.096997
-270.386667,322,4743.509048
-194.555628,368,4743.960752
-231.37579,227,4744.143426
-199.96689,133,4744.251438
-192.230711,151,4744.530817
-161.230777,912,4745.40791
-190.202066,152,4745.662585
-217.211843,194,4745.819692
-158.059571,379,4746.27922
-190.511332,181,4746.424847
-45.976936,437,4746.950113
-245.754081,201,4747.112921
-206.706488,188,4747.416289
-223.736606,130,4747.52146
-217.409398,210,4747.69084
-222.194715,290,4748.077144
-211.515357,326,4748.51695
-213.237724,196,4748.674407
-81.031882,686,4749.377699
-195.039745,211,4749.700554
-193.054461,214,4749.873476
-244.160393,256,4750.232085
-121.5806,446,4750.744797
-181.977207,370,4751.044274
-236.756642,204,4751.349091
-72.856402,512,4751.912822
-76.802981,305,4752.160533
-221.267004,375,4752.615203
-299.828375,228,4752.799402
-175.889431,233,4753.140326
-139.875941,150,4753.259804
-213.141392,184,4753.558434
-118.222785,170,4753.696169
-144.749064,123,4753.795186
-208.781944,159,4753.923596
-185.958048,206,4754.240531
-257.27657,192,4754.394752
-257.749509,306,4754.79171
-181.076717,359,4755.232578
-158.588516,193,4755.390985
-203.377671,267,4755.605764
-97.558952,376,4756.040363
-254.965688,206,4756.336262
-224.25301,284,4756.566245
-39.174052,427,4757.044364
-237.545795,206,4757.211231
-250.38412,211,4757.513489
7.630176,829,4758.31395
-243.909616,217,4758.627505
-265.607958,408,4759.090876
-6.411894,869,4759.9231
-220.401365,93,4760.129553
-160.651497,229,4760.31444
-208.620075,207,4760.482813
-237.286356,197,4760.773008
-210.376931,197,4760.931681
-233.334464,355,4761.351222
-221.881245,141,4761.464134
-223.445011,860,4762.424103
-128.434748,117,4762.518235
-247.616561,406,4762.978314
-196.90576,286,4763.209364
-261.043616,586,4763.944769
-242.186641,213,4764.118059
-33.419064,719,4764.83437
-185.129133,410,4765.298946
-93.229268,328,4765.694412
-155.068675,117,4765.788769
-115.197105,262,4766.131939
-280.827167,418,4766.471308
-102.829891,181,4766.751018
-154.392655,226,4766.933502
-133.094967,124,4767.034245
-262.404819,311,4767.419203
-170.938519,544,4767.989816
-237.005197,505,4768.530935
-24.818503,1000,4769.603061
-256.903311,312,4769.988837
-238.860692,319,4770.249141
-335.706227,457,4770.751168
-27.147671,657,4771.415265
-222.391222,198,4771.707959
-72.719312,598,4772.323148
-152.820776,168,4772.459504
-121.095605,555,4773.042333
-231.139024,156,4773.300875
-172.170246,221,4773.480294
-213.4339,193,4773.635622
-134.440969,145,4773.89087
-254.086334,285,4774.121849
-240.90366,218,4774.450193
-152.756928,135,4774.560104
-88.681221,473,4775.08055
-80.684883,140,4775.193594
-143.987931,135,4775.302444
-146.986829,638,4776.078816
-158.802627,189,4776.231682
-105.437179,413,4776.701912
-108.501229,496,4777.232309
-196.854628,270,4777.450646
-160.664175,749,4778.334354
-81.385469,204,4778.500443
-275.721088,292,4778.868473
-188.620508,243,4779.065158
-214.492968,199,4779.356736
-42.782445,715,4780.111152
0.188962,784,4781.083639
-76.248121,223,4781.263894
-145.456954,610,4781.924143
-16.409248,451,4782.46226
-80.580306,342,4783.679371
-220.203828,218,4783.854759
-222.834987,261,4784.218088
-143.12226,365,4784.511489
-190.920348,124,4784.764546
-206.385113,141,4784.880403
-44.970231,162,4785.0115
-187.758036,517,4785.583721
-90.756018,430,4786.094899
-206.801345,145,4786.211789
-90.703149,136,4786.485399
-108.220926,381,4786.791389
-84.48843,197,4787.117176
-140.448941,136,4787.227677
-77.352435,131,4787.333373
-123.147626,126,4787.60982
-176.538743,233,4787.797227
-170.239085,157,4787.923456
-231.176157,421,4788.414174
-90.560764,114,4788.506077
-204.419912,166,4788.793517
-177.966809,147,4788.913445
-200.582274,211,4789.083215
-42.688761,326,4789.498518
-123.113522,193,4789.654444
-100.169248,329,4790.07087
-141.219256,111,4790.160115
-236.013449,337,4790.573492
-232.095747,249,4790.774373
-219.237885,187,4791.080388
-228.641481,106,4791.165624
-190.288233,214,4791.337016
-272.525533,425,4791.84543
-43.086731,648,4792.529438
-78.26174,277,4792.907327
-121.376831,201,4793.069499
-196.585226,262,4793.451041
-256.753083,403,4793.931069
-123.937362,158,4794.060035
-29.107512,210,4794.230549
-204.892666,292,4794.626412
-68.486825,183,4794.773147
-183.191848,193,4795.080324
-132.645971,149,4795.200719
-193.218741,324,4795.624814
-81.724173,222,4795.80367
-66.535412,262,4796.178537
-149.671361,502,4796.738488
-182.554501,174,4796.878932
-147.201658,206,4797.045286
-211.946017,155,4797.345753
-215.471783,200,4797.508169
-226.155426,294,4797.905774
-192.618698,163,4798.038142
-194.017331,848,4799.040616
-95.898022,120,4799.137847
-223.464198,226,4799.318272
-262.339821,381,4799.790034
-215.461577,283,4800.201425
-226.770747,368,4800.498317
-303.659471,437,4801.002563
-176.329644,139,4801.114413
-238.714634,160,4801.397856
-320.088099,613,4802.05923
-96.816818,147,4802.178246
-117.910871,158,4802.305403
-93.147945,171,4802.618136
-125.297301,138,4802.728786
-110.998167,481,4803.279041
-121.687983,251,4803.633403
-203.204141,390,4803.947906
-214.039589,75,4804.008142
-317.935751,432,4804.522633
-92.587749,461,4805.071278
-213.289687,158,4805.198426
-60.739421,170,4805.494528
-159.61467,158,4805.621808
-258.232542,102,4805.703063
-112.547384,231,4806.043355
-256.989568,108,4806.129823
-153.775785,190,4806.283917
-156.907061,147,4806.55713
-158.096919,196,4806.714499
-156.586796,165,4806.848342
-182.079454,369,4807.320892
-181.601482,135,4807.428683
13.147513,318,4807.839188
-142.680923,178,4807.983435
-111.688135,424,4808.481351
-58.238081,188,4808.634687
-224.712316,193,4808.943787
-159.513343,495,4809.495496
-257.67967,134,4809.603053
-57.655621,214,4809.927468
-172.408218,179,4810.072671
-150.237087,385,4810.514615
-226.165054,193,4810.671232
-57.743447,197,4810.830831
-271.811664,301,4811.20292
-191.573501,273,4811.556147
-108.156567,183,4811.704283
-28.255092,331,4812.103686
-79.66213,159,4812.232485
-72.818567,177,4812.37485
-81.54078,239,4812.70028
-40.832263,689,4813.387289
-86.591199,230,4813.572921
-75.686144,411,4814.036774
-192.487826,394,4814.48514
-195.221367,308,4814.864273
-98.583678,184,4815.012825
-249.05447,225,4815.195212
-189.629297,593,4815.947791
-79.209416,176,4816.089317
-241.987697,170,4816.226822
-158.535137,277,4816.58624
-72.905229,159,4816.715903
-88.18792,134,4816.823821
-201.544022,444,4817.314075
-263.914561,337,4817.71896
-135.79838,175,4817.861366
-40.270444,869,4818.834562
-120.795182,177,4818.978146
-250.067103,379,4819.415336
-70.198946,159,4819.543355
-204.300631,318,4819.931789
-263.991202,167,4820.065555
-88.626468,153,4820.321343
-141.189724,114,4820.413704
-85.255904,152,4820.536957
-97.861157,158,4820.66417
-40.060267,210,4820.964885
-164.539909,225,4821.146854
-132.538978,113,4821.238104
-173.986008,193,4821.526901
-98.375362,848,4822.342422
-210.967816,284,4822.704873
-160.177946,814,4823.629217
-185.044555,162,4823.759779
-158.936953,145,4823.876318
-130.612392,158,4824.135695
-162.427246,464,4824.511314
-247.823416,236,4824.832456
-124.745981,214,4825.004696
-171.015504,260,4825.345311
-194.654665,151,4825.469249
-210.355067,197,4825.760116
-223.988832,188,4825.911226
-139.129611,181,4826.057556
-233.394069,251,4826.402032
-144.080121,134,4826.511328
-270.726507,222,4826.69376
-257.677448,363,4827.121152
-118.038998,132,4827.228196
-210.012607,186,4827.512086
-172.790907,148,4827.632112
-225.59904,248,4827.966496
-245.350255,217,4828.142028
-108.10186,171,4828.280691
-132.952836,239,4828.605672
-60.341818,215,4828.779974
-74.867218,394,4829.228527
-185.945073,169,4829.365584
-165.871326,298,4829.739505
-158.867217,153,4829.86285
-110.567961,120,4829.960216
-250.784576,202,4830.254439
-248.820751,230,4830.442489
-187.714506,164,4830.707391
-253.414251,210,4830.876924
-187.335624,161,4831.007528
-161.445743,149,4831.261307
-224.664835,263,4831.472826
-260.079578,302,4831.849663
-162.11778,188,4832.002431
-222.162397,116,4832.09554
-200.893225,283,4832.455023
-65.818001,225,4832.637053
-214.135628,154,4832.892182
-17.53244,899,4833.77055
-155.899589,487,4834.295043
-276.20623,355,4834.712596
-136.827183,108,4834.799404
-145.034896,179,4835.075745
-8.205856,255,4835.281606
-193.437733,154,4835.405359
-159.119472,199,4835.699305
-152.787671,777,4836.458097
-129.271315,134,4836.568585
-232.858032,169,4836.838137
-238.075995,205,4837.002343
-115.165812,112,4837.092859
-248.401387,337,4837.495694
-46.671543,211,4837.667198
-262.864019,204,4837.96555
-225.878836,422,4839.198413
-157.128735,188,4839.350473
-194.269246,130,4839.45511
-71.480951,213,4839.759117
-238.330886,352,4840.042227
-186.180665,406,4840.500734
-168.305328,117,4840.595404
-170.948608,186,4840.878343
-51.550173,147,4840.996863
-243.143046,277,4841.352947
-116.268396,225,4841.536375
-79.822792,192,4841.692112
-266.751197,429,4842.171738
-243.600786,677,4842.980018
-215.710774,318,4843.237728
-125.541323,176,4843.51777
-269.80915,485,4844.040949
-111.397542,131,4844.14746
-158.790871,146,4844.265755
-111.05269,137,4844.376563
-96.970747,164,4844.641248
-220.591231,432,4845.14242
-275.632096,296,4845.381742
-268.93777,577,4845.980854
6.329177,642,4846.631472
-99.580639,152,4846.887051
-54.706295,680,4847.567102
-233.021666,187,4847.718311
-66.397827,150,4847.971069
-114.463135,108,4848.058303
-204.96588,205,4848.224261
-159.584177,298,4848.596615
-71.924885,237,4848.787316
-302.551899,421,4849.258922
-69.833125,240,4849.584278
-54.593037,278,4849.809294
-85.019096,166,4850.075897
-259.742407,168,4850.211743
-147.679662,509,4850.752275
-146.231128,227,4850.935562
-320.327431,869,4851.904213
-267.230773,448,4852.396944
-168.816418,165,4852.531132
-30.950148,749,4853.398287
-198.901038,305,4853.643767
33.602146,790,4854.545353
-82.899441,195,4854.702523
-39.666573,538,4855.270187
-150.217908,168,4855.539001
-81.239667,158,4855.666127
-145.944432,146,4855.783341
-282.304587,474,4856.297081
-204.235243,265,4856.643162
-169.138184,214,4856.815048
-99.464724,165,4856.948301
-224.645086,356,4857.374412
-72.251192,164,4857.508647
-86.646872,788,4858.408526
-113.972175,163,4858.540037
-80.946577,164,4858.805944
-323.833351,565,4859.392938
-221.499917,88,4859.464348
-214.519197,226,4859.647193
-88.577699,181,4859.934815
-263.291427,449,4860.428471
67.383154,1000,4861.364512
-273.138174,282,4861.724724
-56.237597,232,4861.912951
-322.739969,541,4862.634448
-136.970429,179,4862.778323
-252.754934,280,4863.003251
-84.574749,181,4863.30443
-257.46664,286,4863.534488
-163.179765,347,4863.969393
-309.641671,584,4864.581138
-216.73413,305,4864.95871
-98.479596,231,4865.145969
-133.004415,559,4865.725882
-191.843957,214,4866.050905
-323.158161,343,4866.327466
-257.326775,182,4866.626459
-105.748461,443,4867.134782
-259.311213,494,4867.664976
-223.954634,193,4867.819609
20.262677,1000,4868.887897
-257.582093,140,4869.001071
-206.224161,272,4869.352556
-124.535526,928,4870.372218
-195.241209,300,4870.614871
-29.026026,272,4870.986471
-75.136697,578,4871.604053
81.996287,1000,4872.717909
-312.826299,322,4872.975234
-194.179826,609,4873.749959
30.87518,1000,4874.685363
-183.115441,305,4875.068544
-64.071336,343,4875.496838
-137.962542,947,4876.561074
-75.718465,122,4876.660104
-12.045046,440,4877.147702
124.740031,1000,4878.213738
-98.496733,825,4879.007123
63.795215,1000,4880.075264
-221.291875,756,4880.943897
161.926004,1000,4882.011089
-159.48929,580,4882.610095
-250.979038,167,4882.743851
-147.130621,953,4883.775052
219.571186,1000,4884.844757
-222.979712,460,4885.347878
250.037423,1000,4886.416811
-104.878177,711,4887.122564
-131.694331,378,4887.559686
-218.346957,918,4888.56488
-253.976627,494,4889.096584
-269.337164,482,4889.616665
167.404981,1000,4890.707271
-291.903863,469,4891.085618
-104.299963,112,4891.30812
-84.557801,644,4891.96183
-139.633443,937,4896.21056
-104.364455,648,4896.865079
-20.67582,972,4897.949576
-211.45731,276,4898.17309
-167.595036,964,4899.253034
-151.603155,537,4899.837989
-66.683449,702,4900.730622
-129.110909,655,4901.403559
-210.049051,235,4901.745991
-119.95644,233,4901.933044
-163.653706,222,4902.113353
-119.232659,823,4903.062963
-84.536613,320,4903.451854
6.379104,913,4904.319815
-346.83215,951,4905.350267
87.180992,1000,4906.414171
-222.634993,929,4907.425377
-201.681487,366,4907.85147
-184.81765,360,4908.140603
-44.280958,340,4908.564994
-144.492745,249,4908.907947
-230.926447,378,4909.213361
-195.250572,406,4909.674288
59.250534,1000,4910.76715
-202.655033,923,4911.816386
-86.855154,525,4912.390624
-236.211279,425,4912.86674
-154.449068,504,4913.40304
39.600146,1000,4914.482885
99.277218,1000,4915.568273
-139.909097,160,4915.699625
148.065766,1000,4916.809932
-9.683057,940,4917.923537
-146.402102,820,4918.745888
-118.845736,977,4919.844715
-170.606276,571,4920.486103
120.131037,1000,4921.601663
-133.075857,657,4922.440058
133.574848,1000,4923.572685
-164.409269,174,4923.712752
84.454127,1000,4924.893705
-130.611219,914,4925.948686
-302.366787,541,4926.535352
1.186229,878,4927.403373
-254.205554,390,4927.875702
-32.937399,829,4928.855694
-117.037311,173,4928.994819
107.728974,1000,4930.112494
-42.753568,884,4931.138628
-100.007671,990,4932.255282
145.50939,1000,4933.368021
-195.316755,805,4934.168587
116.075268,1000,4935.293152
-75.432625,928,4936.341928
-204.823877,421,4936.833172
-127.867599,263,4937.04521
-204.377901,626,4937.876556
-19.812219,845,4938.709598
48.138183,1000,4939.826128
-245.853357,270,4940.197848
-143.38447,544,4940.794675
204.055341,1000,4941.950555
-171.408832,690,4942.674399
-71.219248,489,4943.220056
-133.974906,716,4943.948305
-272.219543,259,4944.308665
168.859661,1000,4945.445495
-196.818453,740,4946.194817
-42.416182,509,4946.757375
-75.151151,816,4947.721554
-179.012226,366,4948.147778
-62.953584,568,4948.736718
-175.216028,918,4949.739122
-121.835684,312,4949.989631
-253.038602,170,4950.125144
-202.014043,156,4950.385926
17.234763,962,4953.890152
-80.906157,778,4954.684332
-206.977454,900,4955.728902
-95.330475,881,4956.762728
-204.912585,279,4956.986414
-177.641705,409,4957.469227
-203.210432,351,4957.906247
-266.336374,503,4958.464092
-230.591619,590,4959.092685
-200.537763,228,4959.27717
84.31544,1000,4960.388984
-280.78381,224,4960.724886
-18.043657,418,4961.061213
-113.494615,462,4961.585094
-271.912824,212,4961.908012
-192.132692,581,4962.530505
-257.043546,783,4963.325676
-207.895976,568,4964.101816
-196.398886,375,4964.403347
-182.174079,544,4964.996199
-51.317875,962,4966.05933
-171.879888,380,4966.497627
-141.929518,819,4967.422652
-161.453581,701,4968.122443
-50.653114,649,4968.777966
-98.254748,608,4969.399768
-95.779581,477,4969.915195
-34.423802,726,4970.764265
-166.646434,651,4971.419685
-185.274641,645,4972.072624
-180.23655,619,4972.835047
-277.925707,197,4972.99474
83.077623,725,4973.70984
-119.555759,467,4974.217757
-39.262866,890,4975.200452
-183.515949,568,4975.790573
-215.726325,605,4976.413177
105.597255,1000,4977.485667
-27.776515,800,4978.395878
-254.516792,235,4978.585084
-52.332247,641,4979.231967
-186.780278,296,4979.60322
-240.515745,189,4979.755868
-197.85625,151,4980.090139
-197.404917,512,4980.682578
9.829615,832,4981.508241
-172.664809,497,4982.091111
-175.072481,492,4982.652009
-300.79853,234,4983.0054
-246.766715,514,4983.577343
-106.803641,544,4984.170539
-83.596006,475,4984.72027
-69.114589,669,4985.427806
-162.866811,258,4985.819212
-75.393944,389,4986.132761
-76.76919,607,4986.778545
-214.645372,171,4987.078284
-259.095503,193,4987.235939
-271.225363,139,4987.347117
-221.749735,203,4987.669119
-108.799288,649,4988.345842
-131.168961,150,4988.467026
-225.770509,242,4988.815952
-213.296328,199,4988.978368
-172.342452,545,4989.586814
-88.799111,416,4990.096258
-265.48385,206,4990.442362
-206.449086,310,4990.691505
-211.424627,244,4991.039664
-269.373761,229,4991.224663
-193.982234,597,4991.859162
-252.237825,272,4992.230833
-272.213343,269,4992.44794
-89.354721,488,4992.994596
-164.025761,143,4993.262099
-194.585581,256,4993.468603
-101.153901,510,4994.052155
-140.534555,514,4994.646963
-196.448537,510,4995.231855
-209.305078,231,4995.417634
-160.054842,264,4995.803611
-8.422965,990,4996.939305
-206.921406,294,4997.343129
-216.307238,171,4997.481265
-156.646717,626,4998.137463
-262.125918,249,4998.493011
-216.303518,231,4998.679271
-241.809006,163,4998.809517
-243.539138,203,4999.150699
-143.623578,328,4999.41375
-277.026278,150,4999.687492
-194.570672,518,5000.256963
-61.92055,402,5000.580607
-193.403815,505,5001.137461
10.186944,1000,5002.281005
-132.206627,128,5002.545019
-266.785896,154,5002.668668
-180.954243,454,5003.185167
-194.731392,213,5003.35728
-143.349803,247,5003.744997
-49.24213,138,5003.855386
-336.387334,565,5004.475907
-224.922111,240,5004.823094
-232.130164,239,5005.01528
-91.172559,104,5005.100425
-238.20021,286,5005.485579
-161.636227,373,5005.938777
-231.657959,217,5006.113515
-281.691788,271,5006.331234
-172.660069,132,5006.600376
-233.653406,197,5006.758072
-248.100951,288,5007.152203
-171.462712,126,5007.253291
-169.471044,283,5007.481328
-293.549399,212,5007.813071
-180.79505,168,5007.949235
-205.610394,126,5008.051107
-128.682596,502,5009.861308
-272.896612,171,5010.162242
-282.549901,194,5010.319401
-221.122308,233,5010.693268
-184.727433,201,5010.856884
-256.135904,222,5011.035964
-207.720434,180,5011.34225
-246.370912,205,5011.507346
-124.478763,242,5011.870619
-190.881146,651,5012.547613
-185.742238,592,5013.177383
-118.094421,170,5013.314146
-164.019565,541,5013.907202
-266.024277,188,5014.233612
-186.50438,533,5014.843446
-162.468719,213,5015.014903
-59.890292,386,5015.502412
-157.715433,536,5016.105228
7.43801,430,5016.637101
-273.191807,214,5016.808837
-99.550015,369,5017.269509
-279.772047,211,5017.592033
-94.16412,191,5017.746441
-220.078076,326,5018.173078
-198.733248,129,5018.277491
-213.929563,700,5019.00493
-64.745002,471,5019.541939
-113.800436,177,5019.684567
-65.220638,953,5020.776895
-144.531526,701,5021.645056
-151.807139,215,5021.817695
-169.660237,377,5022.284202
-113.182464,751,5023.045257
3.638098,535,5023.627324
-201.879685,496,5024.194397
-200.887092,191,5024.501751
-123.330388,134,5024.609565
-299.920546,253,5024.812361
-256.69153,613,5025.628368
-223.288466,222,5025.808088
-219.672961,876,5026.786898
-62.174689,475,5027.302742
-148.747502,719,5028.014902
-256.418816,794,5028.920627
-273.719281,559,5029.503303
-254.494781,202,5029.665661
-154.591739,547,5030.237707
-248.312081,212,5030.54047
67.531275,1000,5031.628349
-202.452318,284,5031.856732
-113.646333,799,5032.83327
-89.079347,391,5033.146163
-138.553343,565,5033.945773
-145.720597,344,5034.221529
-226.980893,639,5034.90273
-237.261139,533,5035.482565
-137.555681,491,5036.029883
-215.819226,263,5036.406208
-113.928436,385,5036.88835
-267.302437,585,5037.53938
-208.953462,381,5038.000281
-244.608171,219,5038.176452
63.245128,1000,5039.297159
-122.537622,818,5040.27096
-214.975065,238,5040.462347
-152.36394,304,5040.858989
-142.282594,331,5041.124746
-207.358021,170,5041.426015
-175.486449,698,5042.148421
-245.180717,207,5042.314358
-171.782365,218,5042.647696
-254.092847,733,5043.399359
-222.862719,176,5043.692611
-229.275815,266,5043.906505
-173.684445,713,5044.632559
-176.505653,482,5045.168297
-241.486627,289,5045.571846
-132.990699,128,5045.67503
67.259223,1000,5046.790529
-183.206034,662,5047.494539
-188.190022,824,5048.476755
-72.553718,669,5049.197118
72.294138,1000,5050.33791
-165.700296,605,5051.155126
-156.747423,115,5051.248015
-102.529062,387,5051.712586
-177.021226,204,5051.876443
-153.613954,262,5052.086353
-179.992133,141,5052.355531
-57.892517,422,5052.848936
-239.754591,110,5052.938615
-205.070476,281,5053.165376
-241.036845,215,5053.492414
-300.001632,339,5053.764564
-197.804213,203,5054.081329
-132.591288,163,5054.212339
-151.11176,137,5054.322282
-242.861798,918,5055.36306
-213.00581,222,5055.694688
11.374877,1000,5056.818713
-242.480504,287,5057.050038
-119.369225,412,5057.539635
-250.976674,121,5057.636891
-84.587371,124,5057.735831
-213.667157,676,5058.587861
-191.24921,186,5058.737622
-73.945577,169,5058.873713
-201.367506,687,5059.744901
-138.678331,639,5060.415897
-267.257856,211,5060.586391
-123.810732,165,5060.886269
-297.700481,292,5061.12018
-193.421329,128,5061.375752
125.802062,1000,5062.44675
-82.178087,626,5063.085825
-163.632716,375,5063.388538
-43.9973,521,5063.940272
-142.657974,847,5064.886776
-265.929394,294,5066.237285
-151.74214,116,5066.330852
59.988695,1000,5067.402699
-192.906482,606,5068.023365
-189.608621,137,5068.133421
-256.790295,217,5068.439951
-125.540097,311,5068.691964
-148.643916,312,5069.0763
-88.752153,304,5069.480372
-232.178587,285,5069.709532
-233.701997,214,5070.035244
-178.871539,187,5070.187888
-169.977307,149,5070.308935
-263.443848,228,5070.644973
-251.097537,259,5070.854466
114.772603,1000,5071.929091
-180.453773,896,5072.93334
-218.243869,174,5073.073722
-31.01818,483,5073.595707
-245.532572,325,5073.990098
-181.132175,445,5074.480786
-209.191406,171,5074.619035
196.404341,1000,5075.689417
-176.364854,238,5075.882225
-275.84504,198,5076.172799
-138.819078,534,5076.735848
-235.71903,299,5076.977125
-239.62094,168,5077.245028
-187.206535,298,5077.484373
-144.728882,499,5078.038146
-205.122459,199,5078.351998
-258.440314,306,5078.599782
-186.430462,391,5079.087266
-173.301455,170,5079.225419
-285.043471,204,5079.548928
-233.010398,739,5080.302053
-174.00581,352,5080.743675
-186.043966,330,5081.184432
-239.86723,170,5081.321548
-210.800795,637,5081.986179
-117.077592,901,5083.052075
-194.712219,145,5083.169474
-227.401128,379,5083.628149
-125.929184,146,5083.746225
-51.276423,624,5084.403564
-162.591604,203,5084.754589
-219.71555,602,5085.389753
-227.948301,314,5085.805758
-96.82431,456,5086.171624
-212.733761,166,5086.46286
-199.026088,166,5086.597905
-194.531686,190,5086.920247
-197.705579,691,5087.634989
-92.322489,305,5087.880864
-80.197684,518,5088.450782
-261.854757,367,5088.910928
-113.187239,439,5089.421052
-197.773699,216,5089.596151
-219.61691,189,5089.90077
-250.934823,268,5090.116136
-121.795776,424,5090.610224
-206.681129,174,5090.904132
-140.604303,857,5091.749933
-148.898348,132,5091.857401
-161.021186,798,5092.808924
-143.244987,287,5093.208563
-153.532766,189,5093.360862
-235.822776,112,5093.449836
-139.243403,791,5094.422584
-164.820273,470,5094.955488
87.832918,1000,5096.067336
-130.245708,773,5096.8662
129.318458,1000,5097.99698
22.471696,981,5099.097907
101.010974,1000,5100.215763
91.293547,1000,5101.346024
-56.489805,552,5101.950152
45.225926,1000,5103.084627
183.705605,1000,5104.199515
-23.200103,896,5105.263386
-137.161225,663,5105.949653
-79.025725,747,5106.751169
-60.589804,936,5107.844078
-246.497562,639,5108.512151
-250.697462,227,5108.848321
-76.328079,326,5109.262099
-94.337321,496,5109.662803
-295.485385,241,5110.044436
-198.321593,724,5110.783997
-90.958662,836,5111.797046
-23.74407,456,5112.335139
-125.06353,489,5112.905046
-258.484627,247,5113.10427
128.419548,1000,5114.219088
-234.551788,626,5114.930433
-265.436627,526,5115.692148
95.415653,1000,5116.653744
-52.694036,777,5117.568051
-252.209136,650,5118.22363
-150.105367,527,5118.800091
-185.437301,896,5119.79039
-196.564711,585,5120.394928
-159.114719,927,5121.404677
-30.024314,694,5123.32778
-164.96877,157,5123.58668
-81.010412,421,5123.925403
156.32399,1000,5124.995013
203.871905,1000,5126.063206
-100.594796,471,5126.606055
-90.149808,303,5127.0118
-118.539702,363,5127.464533
-177.414177,655,5128.145026
-92.366998,369,5128.595398
-232.5462,588,5129.220649
-249.692056,411,5129.723381
-84.659042,298,5129.962731
-184.286726,252,5130.319535
-93.565657,403,5130.644706
-150.474115,329,5131.075409
-135.470744,297,5131.483519
-183.302869,128,5131.587414
-176.450977,574,5132.223087
-116.413665,353,5132.67065
-275.695148,179,5132.814387
-40.443467,408,5133.307371
-193.923068,290,5133.54122
-189.849664,641,5134.362634
-86.110965,339,5134.634671
-209.301682,380,5135.102844
-284.249708,185,5135.250309
-137.402338,397,5135.722579
-258.294213,231,5136.074146
-126.53558,289,5136.306355
-273.184542,225,5136.643573
-257.458459,250,5136.844601
-222.787749,547,5137.456102
-36.116381,583,5138.104642
-294.964764,164,5138.40314
-189.53826,451,5138.943832
-181.936745,410,5139.274653
160.625351,1000,5140.40717
-137.36858,336,5140.843834
-126.824382,580,5141.470355
-188.036484,424,5141.981964
-165.147247,369,5142.433098
-203.822681,199,5142.593844
-236.753976,232,5142.781086
-278.300194,174,5143.058097
-298.215612,204,5143.221963
-301.331722,182,5143.517231
-94.055136,403,5143.841384
-117.39843,252,5144.195892
-276.129959,160,5144.324873
154.202133,1000,5145.39358
-71.861017,292,5145.760731
-257.615435,167,5145.895405
-130.619942,383,5146.335289
-134.183075,912,5147.33353
181.157697,1000,5148.40007
-214.489542,368,5148.696558
128.118766,1000,5149.765417
-185.483599,277,5150.119483
-172.34422,298,5150.359216
-96.26141,216,5150.664682
-95.30045,676,5151.340324
-191.04645,374,5151.773629
-100.135449,657,5152.433898
-113.681475,378,5152.871053
-120.356448,837,5153.675215
-39.176217,735,5154.527888
70.318763,1000,5155.597028
-212.84926,154,5155.721501
-272.003791,192,5155.875673
64.468245,1000,5156.941046
136.149845,1000,5158.010311
-224.502392,110,5158.22956
-152.255946,369,5158.525127
81.102308,1000,5159.593361
-230.633182,285,5159.954595
-173.850816,553,5160.530965
-218.212398,578,5161.129054
-145.981904,484,5161.649995
-196.682628,117,5161.74423
-174.507926,573,5162.338005
-104.114454,317,5162.724742
-191.004666,827,5163.697387
-179.845638,107,5163.783516
-36.230894,697,5164.495275
-66.216865,394,5164.968853
-239.629844,238,5165.1589
-64.119875,340,5165.583894
-181.39648,815,5166.57613
-89.661393,957,5167.673438
-139.3917,546,5168.264732
-94.080322,791,5169.050686
163.99099,1000,5170.167275
-60.132612,362,5170.61566
-133.432862,282,5170.840994
115.192491,1000,5171.952635
-210.390058,474,5172.485983
-278.614184,168,5172.812046
-248.859068,251,5173.012542
-132.605514,416,5173.52042
-106.166298,251,5173.721789
-91.810992,343,5174.187307
-248.439435,208,5174.35316
-137.535945,301,5174.748241
-175.431998,732,5175.504829
-251.023562,191,5175.811979
26.075415,784,5176.62174
-75.325346,354,5177.058958
-201.665948,121,5177.156604
135.937105,1000,5181.492027
-246.72378,188,5181.814829
164.306386,1000,5182.947095
180.639373,1000,5183.903351
-205.528754,456,5184.447032
-271.335324,510,5185.028068
99.66591,1000,5186.114734
143.175201,1000,5187.193224
97.198508,1000,5188.285635
-178.031577,578,5188.8807
-279.8984,198,5189.171371
-198.665083,422,5189.641559
-238.898391,625,5190.27418
-260.131521,138,5190.385211
-11.964418,700,5191.081517
-185.5833,738,5191.941108
-95.918954,272,5192.159356
114.6772,1000,5193.231963
71.053798,956,5194.263224
-133.535366,845,5195.213365
-274.284076,197,5195.371193
-107.109138,641,5196.148575
89.288283,1000,5197.085947
105.411809,1000,5198.154669
-132.191063,608,5198.957884
-248.06244,190,5199.110347
-200.84495,619,5199.760863
-229.299493,468,5200.309538
-194.242951,557,5200.890756
142.526725,1000,5201.958766
125.214017,1000,5203.048313
-170.611486,499,5203.617125
-157.655734,505,5204.179328
129.084252,1000,5205.305907
-100.088856,370,5205.759407
134.055513,1000,5206.866888
-225.419602,481,5207.404927
-226.865144,530,5207.984189
-69.577118,370,5208.280664
-212.782526,528,5208.865061
-83.711484,683,5209.736053
-60.606381,811,5210.541041
-150.550294,218,5210.873571
-109.548188,278,5211.09694
-270.533878,170,5211.387254
-30.585628,673,5212.082363
-78.401031,697,5212.79721
-224.845849,185,5213.108168
151.44066,1000,5214.254081
94.521218,1000,5215.378586
-209.272836,153,5215.501746
162.643656,1000,5216.617145
-8.915887,515,5217.183171
-206.810457,571,5217.79829
-188.273954,388,5218.278135
-53.585198,511,5218.85783
210.550915,1000,5219.970796
19.990492,868,5220.820535
-113.465801,473,5221.350712
110.655079,1000,5222.485127
-94.469745,979,5223.580071
81.504773,1000,5224.668887
-196.607664,159,5224.796951
-61.671593,331,5225.193146
-259.47512,143,5225.307595
144.855991,1000,5226.374467
-234.045412,586,5226.978746
-222.556374,610,5227.762885
-256.893744,151,5227.884133
210.353642,1000,5229.005093
128.805093,1000,5230.125878
-135.008882,250,5230.325834
106.23982,1000,5231.43776
-245.980482,218,5231.783028
-222.223988,900,5232.664888
-97.755525,391,5233.129876
-164.009019,698,5233.987805
147.828843,1000,5235.056743
-105.33119,381,5235.361014
-198.194114,547,5237.652705
-224.56587,189,5237.934696
-186.861406,624,5238.588685
-174.470559,134,5238.696127
180.968561,1000,5239.801926
-151.795199,668,5240.488787
-242.858756,716,5241.34736
61.105914,1000,5242.411566
-236.969633,211,5242.582033
-138.991438,106,5242.667913
-112.689383,357,5243.084251
-137.835063,540,5243.647641
-265.847931,219,5243.95387
16.606013,856,5244.768477
-259.372298,209,5245.065282
-219.887636,143,5245.179102
-129.086496,830,5246.108964
-240.709737,167,5246.242213
-69.604936,442,5246.729179
-81.522332,428,5247.20261
180.483566,1000,5248.277222
-58.135063,384,5248.585335
-57.235085,351,5249.007816
-96.768786,399,5249.457998
153.061074,1000,5250.522021
-137.740797,480,5251.037314
-205.165349,423,5251.376323
-231.931443,113,5251.599675
-184.456691,413,5252.062106
-132.269174,655,5252.719454
-105.262562,765,5253.464452
-193.931792,152,5253.718101
-181.965039,184,5253.865149
-254.433673,230,5254.049792
-268.84912,177,5254.323359
-223.556687,193,5254.478654
-106.634148,328,5254.872927
-239.311386,180,5255.01705
-156.857328,887,5255.990142
-129.681819,332,5256.256239
-128.157183,639,5257.033463
-213.461497,144,5257.149952
-172.194369,179,5257.292625
-219.688213,127,5257.52669
-186.900351,168,5257.662605
-189.720939,639,5258.308058
-246.514513,143,5258.423305
-120.513869,578,5259.151628
-29.692005,371,5259.450206
-3.826234,983,5260.504349
-281.462181,395,5260.951862
-162.000676,719,5261.660517
-265.778471,224,5261.970659
-210.890232,123,5262.069294
-66.778167,436,5262.551722
-81.22381,320,5262.940658
-161.746712,682,5263.616897
160.000547,1000,5264.685568
-211.982845,312,5264.935695
-254.915785,174,5265.207381
-217.251572,251,5265.407561
-113.559493,314,5265.794264
-185.102853,304,5266.168564
-142.671511,258,5266.374037
-273.664096,176,5266.514614
-214.175798,581,5267.11234
-232.760064,177,5267.385265
-199.054667,376,5267.819053
-173.422972,628,5268.454696
-112.153956,579,5269.05138
-261.798029,187,5269.201825
-229.169523,270,5269.555306
-183.518,613,5270.178243
-106.843278,478,5270.693439
-265.547112,183,5270.841502
53.468864,1000,5271.911856
-207.436432,239,5272.23456
-240.485015,206,5272.399384
-191.548922,772,5273.284966
-85.437452,465,5273.790141
-99.784812,405,5274.114587
-271.665403,265,5274.481754
-44.81913,503,5275.043343
3.600562,421,5275.517255
-261.078139,153,5275.64016
-268.824328,161,5275.77032
-220.65059,194,5276.068482
-264.103986,207,5276.234641
-288.128818,337,5276.63963
-177.729593,165,5276.772797
-270.871177,241,5277.116673
-251.724994,172,5277.254672
-134.865994,873,5278.271031
-266.054038,238,5278.463748
-218.266128,121,5278.560042
-66.860612,289,5278.949689
-129.652916,588,5279.576082
-212.354532,210,5279.744314
-178.862196,366,5280.195666
-106.654089,263,5280.558604
-244.088491,298,5280.7967
-252.231199,189,5281.133372
-196.146463,526,5281.712864
-69.786483,321,5281.969382
-208.034116,573,5282.579513
-117.036544,254,5282.93554
-213.539667,575,5283.551694
-178.154993,277,5283.77312
-265.287515,160,5284.054062
-320.905111,243,5284.249329
-95.902949,327,5284.664186
-101.353663,267,5284.876604
-200.274372,148,5285.147877
-267.760965,196,5285.305589
-212.424744,198,5285.465465
-221.025373,156,5285.742901
-98.559504,520,5286.294131
-69.460434,406,5286.773217
-215.822009,258,5286.979834
-141.404607,574,5287.574132
-258.615224,257,5287.912298
-260.592667,214,5288.084467
-13.606942,838,5289.020389
-177.04055,400,5289.472188
-242.174713,387,5289.783126
-117.307092,661,5290.577408
-268.102201,181,5290.722861
-169.957061,342,5294.344405
-213.02502,235,5294.533452
30.665151,863,5295.487215
-120.56349,319,5295.742619
-125.078127,545,5296.331087
-163.400914,743,5297.239041
-101.668741,415,5297.763111
-272.317814,227,5297.944801
-41.413401,794,5298.893066
-277.293159,215,5299.064985
147.878465,1000,5300.172171
-191.669892,723,5301.074134
-36.453181,394,5301.3887
-252.673682,208,5301.706613
-90.707796,772,5302.477375
117.805031,1000,5303.593845
-105.267992,574,5304.206581
-113.994152,272,5304.574842
-221.602081,226,5304.75463
-199.462019,226,5305.093073
-187.012465,278,5305.315352
-262.017115,189,5305.61959
-183.696171,292,5305.85246
-223.24746,230,5306.195936
-180.40453,141,5306.308841
-247.622884,247,5306.506651
-102.616135,588,5307.283363
-253.477961,551,5307.880401
-94.311346,338,5308.1494
-162.08571,332,5308.593046
-175.490112,665,5309.267862
-108.974016,283,5309.626889
-237.809832,226,5309.808866
-119.70422,309,5310.187119
-294.655681,209,5310.354161
-262.3021,187,5310.635355
-213.824195,244,5310.831041
-263.45253,209,5310.998864
174.973934,1000,5312.065115
-185.999456,700,5312.890646
-232.68695,562,5313.472464
-281.775276,289,5313.70484
-183.917838,477,5314.219792
-286.353801,185,5314.500034
-190.272176,331,5314.765805
-168.447926,332,5315.162697
-252.12796,156,5315.288291
-289.95233,624,5316.05037
-193.236803,619,5316.677168
-144.817444,806,5317.45418
-187.565001,183,5317.732457
-34.288645,777,5318.484295
-274.907721,163,5318.745303
-165.760881,948,5319.63662
-136.436896,935,5320.649946
-256.45909,170,5320.917361
-229.911411,730,5321.665136
-117.553163,928,5322.738932
-232.207949,212,5322.908685
-154.403424,132,5323.014467
-131.838411,746,5323.915988
102.263478,1000,5325.031058
-83.869877,955,5326.115902
-163.239553,320,5326.371005
-234.810695,547,5326.97265
112.725278,1000,5328.078775
164.205626,1000,5329.212755
-161.320387,425,5329.705634
-221.098713,872,5330.740933
-218.464899,707,5331.469006
-207.307939,180,5331.791945
171.110261,1000,5332.919058
-73.448039,817,5333.72788
-114.229678,405,5334.204088
-216.450925,160,5334.332147
-270.615918,184,5334.647923
104.032646,1000,5335.765854
-120.405729,938,5336.679327
-58.956079,831,5337.660388
-86.693726,411,5338.1409
-206.93893,650,5338.839913
-172.890048,788,5339.797618
-182.080294,692,5340.502895
-226.509109,667,5341.192736
-257.65974,630,5342.025503
125.496049,1000,5342.983571
-108.479487,372,5343.457006
-213.454769,204,5343.787157
57.397725,1000,5344.895173
-249.6401,662,5345.578184
-221.585342,435,5346.079523
-65.222221,495,5346.629731
-173.599472,839,5347.457069
-186.94977,256,5347.821321
105.708682,1000,5348.941909
-172.69109,610,5350.999331
131.799715,1000,5352.110695
-278.196808,206,5352.275225
-224.780983,157,5352.553407
146.038292,1000,5353.709108
145.738728,1000,5354.661637
-278.237589,228,5355.032447
-188.475937,733,5355.790882
49.983827,907,5356.825014
-252.151025,178,5356.969097
-197.896918,142,5357.2349
-97.035045,643,5357.902862
-293.532917,179,5358.046204
134.326912,1000,5359.152807
-58.07821,461,5359.653857
-273.828896,233,5359.982001
-213.429872,383,5360.289624
-34.201348,454,5360.786063
182.804902,1000,5361.855301
-109.874052,630,5362.624733
-191.150151,212,5362.795193
-265.424829,239,5362.986719
-212.33832,143,5363.232694
-256.527172,175,5363.372256
203.484498,1000,5364.437916
-2.069006,541,5365.00537
-37.740521,560,5365.586565
-190.070673,146,5365.704057
-241.199388,702,5366.532197
-41.756556,413,5366.994061
-208.589661,696,5367.699238
-100.401975,864,5368.676645
97.955469,1000,5369.743568
-186.18896,515,5370.287797
-237.663555,224,5370.466438
-185.87657,901,5371.451317
-256.876673,401,5371.904749
-280.378992,199,5372.065094
-36.960014,981,5373.116729
-123.69042,533,5373.676244
-185.82657,704,5374.369265
-168.294815,355,5374.785698
109.09341,1000,5375.852937
-145.957861,804,5376.629641
-140.826195,151,5376.912097
-169.253322,462,5377.460085
-102.454361,359,5377.749825
-132.970874,596,5378.581247
-247.991217,180,5378.72482
-268.855296,193,5378.878352
-227.09356,245,5379.23726
-93.89447,514,5379.80055
-237.050333,200,5379.960389
-260.209991,147,5380.077829
24.09756,732,5381.011364
-147.970183,393,5381.528917
-263.716518,593,5382.174221
-174.240204,138,5382.284444
-38.791435,499,5382.853634
-148.117611,329,5383.270744
4.106562,931,5384.344336
-151.149319,879,5385.205655
-263.659792,175,5385.50203
196.409673,1000,5386.592978
-228.466081,159,5386.720459
-65.071157,409,5387.17852
-188.448064,175,5387.319598
99.628672,1000,5388.384877
-239.514908,177,5388.527154
-132.32167,155,5388.827448
-69.694001,424,5389.167103
-258.249947,206,5389.49893
-213.740621,446,5390.034075
-263.217214,190,5390.185953
-276.388757,188,5390.336805
-104.147545,337,5390.784405
-227.302396,358,5391.224313
-294.226557,210,5391.392361
-229.508783,188,5391.699993
-219.754154,551,5392.273676
-244.080099,284,5392.500497
-255.867186,159,5392.628566
-172.763235,706,5393.458956
-165.710971,134,5393.566085
-257.034502,193,5393.851141
-193.314766,145,5393.967862
-179.441109,636,5394.607529
-77.073365,414,5395.071077
-134.975827,892,5396.069965
-265.982466,159,5396.197443
-125.579741,126,5396.298615
-204.245873,132,5396.404126
-216.465571,169,5396.681929
-159.619403,138,5396.792368
-258.945183,183,5396.938751
-236.213395,148,5397.189437
-208.414609,163,5397.319556
-122.753772,679,5397.994445
-139.764582,362,5398.415294
-247.911625,727,5399.130449
-246.621242,229,5399.464547
-241.324203,173,5399.604402
-103.43831,387,5400.086494
-227.734374,146,5400.2033
-260.467139,204,5400.520809
-252.274325,221,5400.697608
-233.427509,692,5401.404159
-216.489638,175,5401.707386
-154.456411,120,5401.803149
-230.895771,189,5401.95476
-129.844374,146,5402.227113
-122.697858,151,5402.348466
-103.003014,501,5402.911762
-158.311966,152,5403.032665
-215.239387,214,5403.360491
-141.510431,633,5404.022045
-211.75379,401,5404.504983
-173.825175,122,5404.602595
-232.321127,168,5404.737356
-133.578951,789,5406.895687
-218.583553,833,5407.716021
-133.170777,364,5408.160117
-277.697277,242,5408.50976
-191.678292,878,5409.393512
-292.293388,215,5409.719718
-286.040597,270,5409.935776
-55.642529,589,5410.559504
-275.102863,389,5411.038017
-153.410612,128,5411.141659
-184.968085,173,5411.432765
-246.973424,400,5411.909944
-190.375973,175,5412.049361
-146.835993,281,5412.273547
-183.807215,671,5413.12951
-246.296662,208,5413.296688
-249.475498,187,5413.447001
-222.210689,142,5413.747175
-234.100059,178,5413.889943
-187.337214,187,5414.039452
-89.308331,451,5414.556835
-248.61171,330,5414.97537
-208.948096,169,5415.110761
-185.998208,530,5415.688023
-252.669337,400,5416.164083
-13.760077,601,5416.797139
-151.646463,188,5417.099906
-225.232887,450,5417.614739
-134.045274,664,5418.314375
-197.341668,136,5418.423414
-69.51017,649,5419.099586
-162.145321,238,5419.442783
-170.707902,381,5419.886731
118.234867,1000,5420.94892
-71.16618,351,5421.229958
-234.368371,161,5421.490732
-90.814226,537,5422.05313
-270.928965,190,5422.204399
-124.93629,103,5422.287246
-278.755372,211,5422.587001
-79.135963,424,5422.925641
-261.668877,251,5423.257248
-193.428126,170,5423.393309
-148.093716,133,5423.630367
-290.316785,372,5423.929137
-190.920632,173,5424.198294
-199.527597,154,5424.321608
-192.353908,411,5424.814785
-222.16509,167,5424.948557
-206.620962,158,5425.075931
33.935944,691,5425.933702
-213.578925,664,5426.618077
-188.617169,306,5426.996054
-202.044502,133,5427.102322
5.528791,760,5427.843453
-197.065982,415,5428.307915
-238.967703,163,5428.438952
-239.021795,224,5428.749882
-226.248629,157,5428.875424
-62.167297,617,5429.500748
-255.551634,237,5429.821797
-44.671719,492,5430.347553
-232.805028,878,5431.322294
-149.611852,584,5431.922601
-250.356628,307,5432.168072
-180.616356,184,5432.447566
-219.995161,162,5432.577762
-233.166715,172,5432.716094
-256.489809,221,5433.025059
49.23365,1000,5434.089648
-183.026348,515,5434.632774
23.657348,909,5435.492177
-159.607116,205,5435.789232
-204.361408,629,5436.456147
-242.395669,168,5436.590744
192.25534,1000,5437.714254
-204.909424,208,5438.033736
-131.282273,839,5438.859204
-165.378458,151,5439.13228
-151.982527,610,5439.783376
-214.369526,463,5440.306586
-158.171518,181,5440.451306
-68.413798,234,5440.790642
-247.046079,374,5441.08999
-295.44558,373,5441.525869
-39.927652,530,5442.083406
-151.082159,431,5442.566594
-137.496321,324,5442.985175
-173.82613,133,5443.092325
-175.699809,535,5443.698771
-121.445214,374,5444.149134
-138.606537,175,5444.289066
97.254362,1000,5445.404848
-165.494042,595,5446.042037
81.238066,1000,5447.163389
-162.877989,257,5447.523175
-149.360911,432,5447.869345
128.494348,1000,5448.940179
-278.180046,547,5449.527644
-81.159877,603,5450.276467
-242.270481,317,5450.530253
-207.112403,282,5450.89339
-200.804267,153,5451.01707
-153.533337,217,5451.19178
-243.182535,376,5451.626001
-281.140282,245,5451.95594
-170.87881,755,5452.693923
-171.066408,183,5452.84053
-133.740512,116,5453.065153
-144.59785,622,5453.696392
-160.617036,393,5454.141899
-196.046648,209,5454.309582
-146.256217,424,5454.780076
-273.121765,259,5454.987243
-135.0932,275,5455.339449
-214.552563,290,5455.702266
-177.381,171,5455.840523
-145.805071,260,5456.049788
-28.626413,664,5456.844839
-144.157053,775,5457.595172
-139.345218,445,5458.08361
-322.509435,370,5458.51241
-299.522981,217,5458.687356
-266.58346,412,5459.148546
-192.335582,172,5459.286832
-149.920786,149,5459.537775
-121.00393,227,5459.72094
-145.304928,383,5460.16004
-245.850484,184,5461.326118
-248.196884,176,5461.600422
-194.779046,555,5462.17496
-174.147273,307,5462.422398
-164.486113,245,5462.751233
-131.951702,415,5463.216182
-182.486625,213,5463.386706
-202.080661,141,5463.50052
-227.229935,155,5463.757211
-116.159267,302,5463.997861
-103.72179,682,5464.67677
-74.448006,966,5465.715675
-79.197549,662,5466.509871
-213.404603,154,5466.634634
-291.680218,326,5467.027669
-245.462581,266,5467.241921
-135.800032,609,5467.865006
-199.097885,180,5468.140796
-164.92737,436,5468.489653
-248.727775,158,5468.747989
-140.408005,141,5468.861827
-242.577936,260,5469.21171
62.555456,1000,5470.147088
-117.690955,420,5470.616761
-91.730607,111,5470.838136
-151.699378,170,5470.974928
-145.398733,388,5471.416649
-178.343496,117,5471.510293
-157.600835,511,5472.054034
-81.2156,445,5472.541734
-218.008062,139,5472.654477
-177.912704,202,5472.817671
-273.525416,304,5473.19298
-276.497236,357,5473.610672
-198.494335,130,5473.714541
-147.773229,132,5473.820031
-125.863268,118,5473.914684
-228.098258,173,5474.185824
-257.29417,276,5474.406743
-193.107579,178,5474.68411
-279.864572,234,5474.872471
-127.735704,172,5475.010993
-117.502726,410,5475.492153
-53.85402,612,5476.136636
-263.277838,251,5476.488202
-169.367096,188,5476.640383
-157.659074,151,5476.893684
-116.516859,135,5477.002702
-183.067668,138,5477.113686
-276.674705,445,5477.602731
-154.535981,130,5477.707347
-225.052929,380,5478.143361
-252.788431,383,5478.581003
-142.131672,786,5479.344337
-224.994552,291,5479.72201
-184.177287,207,5479.888258
-140.785505,123,5479.987093
-220.764265,250,5480.333833
-112.340599,131,5480.438634
-111.541873,95,5480.515242
-197.472329,115,5480.738455
-164.073229,128,5480.840878
184.449793,1000,5481.906905
-200.093238,159,5482.035147
-103.70634,141,5482.148612
-292.491446,212,5482.450277
-278.694818,292,5482.685498
-264.768845,367,5483.112046
-90.704678,369,5483.5396
-246.577649,365,5484.000407
-134.488992,700,5484.709784
-134.571584,131,5484.815099
-220.80194,133,5484.921419
-170.563812,113,5485.170841
-203.140727,175,5485.31146
-288.720387,402,5485.785889
-141.184826,777,5486.561296
-200.332518,132,5486.836383
-71.069708,140,5486.949824
-240.605259,185,5487.098361
-233.368392,267,5487.445829
-186.491143,172,5487.585998
-214.620077,203,5487.748554
-211.605427,523,5488.313039
-118.328699,159,5488.614069
-274.681685,261,5488.823985
-249.349645,271,5489.194976
-273.389142,400,5489.670032
-36.445411,598,5490.302496
-128.518916,154,5490.425342
-199.143361,144,5490.540586
-168.732061,209,5490.875535
-193.510649,215,5491.048199
-220.71509,170,5491.342875
-188.874271,315,5491.594605
-155.783304,150,5491.715354
-208.878817,183,5492.028213
-230.209278,148,5492.147186
-222.725381,118,5492.241111
-267.325619,323,5492.654803
-40.254743,528,5493.230476
-277.612741,226,5493.41166
-257.359637,221,5493.761487
-248.841704,199,5493.920282
-191.611105,178,5494.213241
-99.921345,186,5494.362974
-223.677858,253,5494.564676
-220.557744,327,5494.988725
-250.118562,174,5495.127735
-250.127738,164,5495.412534
-254.919043,365,5495.704795
-188.769211,390,5496.172105
-196.542598,233,5496.51326
-219.201224,144,5496.629961
-262.928236,228,5496.813111
-180.311602,200,5497.126565
-117.247368,103,5497.209865
-252.00425,352,5497.660973
-264.14835,159,5497.788377
-261.472507,226,5497.969961
-261.57589,195,5498.282244
-213.152239,205,5498.447435
-285.295159,669,5499.309022
-90.950407,154,5499.432506
-149.714608,175,5499.572865
-219.773404,144,5499.688089
-108.30461,505,5500.24723
-146.207549,649,5501.075333
-208.153555,210,5501.244004
-149.582062,124,5501.342902
-68.369464,304,5501.741105
-197.553463,304,5502.137445
-218.727157,217,5502.310792
-220.370743,163,5502.441046
-110.584108,147,5502.720051
-209.192387,219,5502.896927
-126.84863,270,5503.265038
-123.093244,175,5503.405782
-239.012957,195,5503.561496
-259.316067,553,5504.161031
-266.906974,177,5504.443957
-55.937181,958,5505.496974
-175.532133,155,5505.62151
-254.98576,244,5505.817019
-204.310516,291,5506.183404
-263.67537,259,5506.391894
-238.485616,218,5506.723733
-222.929158,172,5506.86159
-259.61853,227,5507.200075
-264.109864,201,5507.361293
-190.431843,524,5507.944527
-245.900229,215,5508.116824
-199.739368,258,5508.484794
-54.309001,457,5509.004825
-146.752056,280,5509.229646
-134.720194,747,5510.137635
-225.796818,297,5510.375206
-153.371382,384,5510.834955
-232.791926,170,5510.971287
-68.339827,623,5511.77931
-271.207574,247,5511.978208
-172.754916,143,5512.092495
-213.098757,154,5512.37229
-203.187138,203,5512.534781
-248.076418,144,5512.650469
-121.57438,266,5513.015878
-166.45279,131,5513.120976
-103.532688,170,5513.425219
-82.824941,158,5513.552034
-199.690406,179,5513.695571
-157.601747,130,5513.800025
-191.168098,269,5514.148825
-261.654985,244,5514.344582
-292.124794,210,5514.645198
-213.349943,172,5514.783721
-279.815331,253,5515.117673
-244.41766,157,5515.24411
-281.595255,306,5515.621926
-125.473386,151,5516.483262
-217.081811,220,5516.660384
-246.890354,201,5516.972575
-238.674097,281,5517.197865
-209.162155,165,5517.483202
-126.840693,441,5517.837871
-149.4237,147,5518.108446
-250.830174,207,5518.274359
-252.351871,184,5518.557487
-215.221327,101,5518.638461
-225.67821,198,5518.79706
-204.874089,129,5518.90043
-280.270833,170,5519.168416
-166.770735,203,5519.332164
-219.230859,309,5519.730662
-185.277045,164,5519.862684
-173.92872,210,5520.031788
-274.314362,220,5520.362288
-75.881995,453,5520.889373
-154.049851,415,5521.374816
-32.032529,538,5521.938066
-116.119435,163,5522.068655
-214.762831,155,5522.193123
-219.319884,698,5523.015224
-159.514536,190,5523.168929
-66.353302,376,5523.60074
-330.290064,308,5523.847555
-211.220506,357,5524.264586
-140.306714,298,5524.673303
-242.835582,206,5524.839062
-207.286405,143,5524.953994
-116.959725,178,5525.262017
-181.196699,152,5525.384217
-194.072767,130,5525.48875
-211.849895,172,5525.626597
-239.440657,207,5525.96468
-242.896944,199,5526.124047
-164.765956,283,5526.511986
-233.676834,290,5526.744781
-270.594679,222,5527.076941
-256.653941,223,5527.256985
-281.519669,232,5527.58302
-259.75728,123,5527.682292
-56.715007,487,5528.205578
-53.820104,386,5528.647807
-267.963284,213,5528.818445
-283.991199,229,5529.134543
-171.411399,165,5529.267516
-215.131261,218,5529.441579
-243.828261,193,5529.728153
-249.214551,197,5529.886467
-202.328871,128,5529.989509
-124.281052,162,5530.251954
-311.53798,182,5530.397859
-270.576098,261,5530.607576
-200.617783,274,5530.959463
-176.860834,320,5531.379402
-248.394756,185,5531.527426
-283.474424,231,5531.71392
-248.596809,188,5532.032029
-242.720445,218,5532.206827
-88.982664,138,5532.317697
-194.380512,245,5532.668439
-215.021698,145,5532.785194
-287.027003,168,5533.073926
-185.578294,358,5533.360086
-225.440832,201,5533.68842
-247.528688,183,5533.835798
-257.322658,272,5534.208662
-266.238132,246,5534.405355
-208.189515,138,5534.515484
-157.871755,193,5534.847537
-268.582244,202,5535.008833
-178.157264,136,5535.118073
-192.250007,106,5535.364507
-282.636702,206,5535.528894
-304.895601,256,5535.733245
-201.629603,137,5535.999057
-166.942646,217,5536.173372
-229.896293,187,5536.475916
-262.805161,203,5536.641443
-241.306361,232,5536.828031
-184.15131,132,5537.102239
-269.420848,199,5537.261904
-134.557499,166,5537.39542
-274.324958,164,5537.690614
-244.12694,149,5537.809903
-261.527487,224,5537.989036
-204.905471,171,5538.297506
-182.612488,134,5538.404756
-118.080914,180,5538.548659
-264.72884,267,5538.928177
-189.997531,196,5539.085292
-252.818233,307,5539.487351
-207.915076,144,5539.603319
-231.051647,157,5539.728975
-152.457616,248,5540.082792
-204.165315,145,5540.199128
-226.187969,189,5540.513876
-187.478126,115,5540.605676
-160.371217,125,5540.705763
-167.310722,116,5540.799205
-205.77313,195,5541.11079
-56.252643,177,5541.251963
-153.694887,167,5541.385443
-178.626825,190,5541.692627
-258.931876,215,5541.864865
-73.980457,357,5542.308855
-233.284551,164,5542.440625
-278.073549,246,5542.796698
-174.712446,158,5542.923613
-229.208192,169,5543.058973
-295.975416,199,5543.380103
-246.624434,126,5543.481003
-275.197754,209,5543.648639
-121.212062,167,5543.940743
-235.042714,201,5544.101705
-160.694486,142,5544.215423
-139.96256,312,5544.617523
-229.937916,97,5544.695568
-159.678948,145,5544.811576
-214.851982,387,5545.274462
-214.951369,239,5545.627149
-234.605349,248,5545.825458
-219.439106,172,5545.963407
-140.860561,177,5546.257848
-151.539281,155,5546.382354
-190.247384,173,5546.520384
-229.763485,225,5546.854086
-264.56031,141,5546.966799
-237.96311,202,5547.127787
-244.949416,231,5547.464829
-109.945668,247,5547.663886
-6.09079,669,5548.532216
-245.721453,185,5548.68054
-67.643816,199,5548.839409
-243.55106,143,5549.122302
-205.37368,111,5549.210596
-264.775868,188,5549.36167
-222.202374,145,5549.630199
-49.912947,420,5549.966262
-165.465528,193,5550.275178
-254.181882,238,5550.465734
-225.190426,231,5550.802976
-112.856294,144,5550.917914
-218.005107,164,5551.049805
-176.865834,213,5551.373566
-243.993191,187,5551.5225
-85.370002,197,5551.845516
-149.3059,188,5551.996471
-233.45965,231,5552.181497
-285.190197,228,5552.521717
-104.188238,167,5552.655895
-104.97286,160,5552.784041
-241.502611,185,5553.102838
-230.717319,144,5553.218373
-273.805988,206,5553.383424
-125.640329,184,5553.685982
-247.00354,84,5553.752764
-276.590226,229,5553.936607
-140.018195,169,5554.234063
-32.1053,207,5554.39963
-114.88236,127,5554.501645
-252.139932,180,5554.80611
-144.053707,203,5554.968581
-308.583781,242,5555.321068
-259.288128,162,5555.45157
-113.589406,135,5555.560069
-213.344984,170,5555.850285
-221.184594,183,5555.997612
-230.635282,130,5556.101946
-194.944957,221,5556.452057
-287.019042,207,5556.618338
-194.75374,122,5556.715909
-152.962351,213,5557.041778
-231.988757,159,5557.168722
-238.776266,216,5557.342234
-204.440714,169,5557.631052
-259.007364,281,5557.856218
-131.140893,160,5558.137707
-167.370483,434,5558.484637
-283.045211,259,5558.832367
-120.606763,422,5559.30211
-143.840961,366,5559.595567
-206.846995,279,5559.950834
-196.252949,155,5560.07634
-140.908144,170,5560.355222
-256.680021,205,5560.518318
-265.24639,185,5560.666772
-107.574492,269,5561.014154
-99.468483,183,5561.160743
-242.457054,199,5561.450583
-265.835605,178,5561.593993
-99.554231,147,5561.711601
-262.699904,175,5561.983393
-109.845484,160,5562.11183
-275.077864,271,5562.328748
-272.054316,263,5562.671255
-228.996893,162,5562.800452
-203.62718,219,5563.109217
-224.011138,179,5563.253283
-226.669809,156,5563.378189
-189.906619,173,5563.648329
-288.374008,193,5563.803171
-260.310927,166,5563.936001
-102.75404,225,5564.254277
-265.450699,182,5564.400054
-262.18008,185,5564.67993
-305.559075,173,5564.819089
-179.780585,142,5564.933553
-162.661946,171,5565.201766
-200.661466,147,5565.320119
-249.963992,144,5565.435792
-144.167577,172,5565.57364
-219.875553,190,5565.858215
-258.437378,207,5566.025127
-247.758333,177,5566.29903
-247.492027,151,5566.420538
-115.893785,179,5566.56458
-280.431196,189,5566.848724
-271.441647,183,5566.995531
-80.633369,326,5567.387831
-202.732306,138,5567.499334
-237.005767,289,5567.731334
-74.260755,163,5567.993457
-88.209457,143,5568.108577
-253.287154,171,5568.245074
-189.947196,153,5568.499621
-259.177969,187,5568.650948
-273.49664,210,5568.820021
-129.800214,180,5569.095625
-204.09736,150,5569.21594
-100.656469,144,5569.332236
-209.798417,173,5569.603802
-245.56017,126,5569.704242
-272.657411,312,5570.086102
-96.028216,171,5570.223188
-273.68376,153,5570.345236
-234.880561,152,5570.467035
-279.596062,214,5570.770804
-137.80608,199,5570.930272
-280.638857,219,5571.752218
-238.629116,136,5571.862349
-208.494459,248,5572.061072
-200.698481,191,5572.347843
-138.282553,187,5572.49722
-176.00986,160,5572.760577
-50.601481,157,5572.886143
-239.11506,240,5573.078198
-254.214658,162,5573.360525
-234.641525,234,5573.547763
-126.909166,323,5573.980843
-127.213649,134,5574.088569
-135.544232,158,5574.214908
-271.471905,185,5574.520166
-242.845008,245,5574.715753
-206.234993,181,5574.860911
-154.600064,188,5575.164931
-261.806677,173,5575.304057
-80.916821,525,5575.876699
-233.499477,180,5576.187747
-190.836668,158,5576.314541
-248.622495,187,5576.464582
-178.521702,151,5576.740094
-287.041283,299,5576.979013
-257.000027,189,5577.130167
-180.253604,156,5577.407554
-195.721237,257,5577.612971
-73.758564,143,5577.889924
-175.30982,177,5578.031821
-217.512878,145,5578.148099
-129.420993,153,5578.271632
-103.019567,174,5578.563913
-224.597369,214,5578.735801
-89.534228,172,5579.026865
-205.05465,194,5579.181081
-156.019183,156,5579.306393
-269.071114,256,5579.663897
-179.472847,199,5579.824598
-172.525729,163,5579.954764
-278.290884,226,5580.290409
-76.462537,428,5580.789185
-313.498022,263,5580.99909
-148.28563,152,5581.279804
-177.116052,162,5581.410464
-180.809052,241,5581.604325
-274.965656,160,5581.884991
-72.160532,141,5581.997036
-237.511512,206,5582.161188
-216.222114,249,5582.522186
-107.755592,150,5582.642538
-96.841617,137,5582.752461
-199.228839,145,5583.028931
-179.913542,168,5583.164386
-149.32653,116,5583.257254
-258.876492,203,5583.574963
-214.768351,175,5583.716291
-232.567684,125,5583.816085
-191.396022,179,5584.159625
-150.593585,174,5584.299624
-101.311825,569,5584.909317
-151.100773,152,5585.030979
-179.394786,139,5585.296659
-269.536768,194,5585.451774
-239.65927,162,5585.58173
-130.499104,200,5585.895149
-16.035314,519,5586.46135
-267.060726,184,5586.609746
-204.771077,372,5587.091736
-193.631016,173,5587.230623
-249.539621,222,5587.574949
-263.586133,289,5587.807869
-141.742773,403,5588.290986
-268.867192,185,5588.439326
-259.265539,253,5588.822522
-148.970219,154,5588.946398
-133.318552,234,5589.134809
-231.828971,344,5589.581113
-240.827445,160,5589.709697
-216.092838,302,5590.106001
-264.469854,286,5590.501966
-115.398685,245,5590.699328
-125.067809,248,5591.049809
-252.468534,224,5591.230003
-218.549794,572,5591.870134
-169.057023,166,5592.003741
-183.473003,153,5592.283507
-223.586334,204,5592.447836
-225.216354,158,5592.577835
-261.765267,243,5592.937075
-26.442796,372,5593.390131
-276.483478,210,5593.558267
-258.057693,168,5593.694068
-304.453297,226,5594.056568
-181.140373,261,5594.265893
-259.443292,154,5594.545207
-124.488426,562,5595.150648
-170.771885,651,5595.82469
-205.493421,168,5595.960028
-251.780199,208,5596.284324
-264.94376,166,5596.41762
-214.754844,143,5596.532977
-191.369367,154,5596.811088
-172.935193,202,5596.973584
-176.766047,305,5597.378947
-244.937918,239,5597.571951
-161.073041,153,5597.696718
-214.77029,310,5598.076759
-103.036276,210,5598.244059
-267.430421,211,5598.545122
-153.464729,160,5598.674101
-129.120452,179,5598.968106
-62.280693,399,5599.289842
-114.232797,203,5599.584344
-249.908022,155,5599.710035
-206.906397,210,5599.879157
-82.531685,382,5600.317746
-126.249068,137,5600.427712
-106.801618,326,5600.821201
-242.881523,156,5600.946345
-73.868088,138,5601.188568
-200.749112,531,5601.749264
-256.736416,230,5601.934679
-157.086515,169,5602.071048
-254.899956,211,5602.372127
-252.462287,305,5602.618329
-133.249624,180,5602.894583
-154.936863,190,5603.04719
-204.502599,160,5603.175884
-161.70133,158,5603.435899
-292.69718,193,5603.590148
-137.695832,162,5603.720701
-130.159419,205,5604.017635
-208.210858,171,5604.155654
-204.525967,215,5604.459351
-265.851336,280,5604.684949
-196.842547,220,5604.99425
-224.225169,158,5605.121527
-192.983191,152,5605.244246
-226.38202,194,5605.531522
-158.627068,317,5605.786186
-128.464535,343,5606.19447
-272.304332,211,5606.363564
-130.362499,187,5606.646699
-292.887863,241,5606.839806
-236.933593,176,5606.981101
-154.570591,142,5607.247013
-208.985093,303,5607.489349
-66.697443,207,5607.81018
-259.735472,187,5607.960263
-146.989463,134,5608.068952
-270.55401,287,5608.459978
-145.795773,109,5608.547521
-174.129744,127,5608.64976
-202.793767,315,5609.076174
-239.950748,209,5609.243831
-224.683276,230,5609.580203
-256.008355,245,5609.776037
-230.324175,235,5610.11616
-282.976779,195,5610.271837
-220.759349,428,5610.765506
-224.714389,207,5610.932943
-157.901542,186,5611.234377
-219.350957,311,5611.483992
-121.339553,123,5611.737102
-287.116515,154,5611.861557
-253.935322,387,5612.324411
-208.000427,155,5612.448981
-220.287913,229,5612.633332
-200.158402,156,5612.912334
-291.307445,180,5613.056174
-219.629771,135,5613.164494
-243.770463,179,5613.459045
-127.81662,139,5613.570672
-249.111684,153,5613.693686
-118.898454,145,5613.962826
-244.291887,148,5614.082265
-241.134671,173,5614.220109
-81.029952,232,5614.574824
-253.394383,231,5614.760403
-232.092605,169,5614.896182
-264.297235,266,5615.272338
-246.532728,150,5615.392578
-266.514574,279,5615.76751
-258.085759,203,5615.930528
-281.248617,205,5616.246309
-214.134767,124,5616.345407
-226.711309,170,5616.482551
-289.870857,162,5616.614398
-190.174382,255,5616.973329
-214.399504,127,5617.075267
-228.305721,146,5617.359222
-146.965481,138,5617.469995
-236.879808,136,5617.579391
-237.697578,146,5617.697151
-139.24162,478,5618.232841
-229.831622,168,5618.533053
-221.715417,187,5618.68365
-303.209295,205,5618.848112
-264.278482,199,5619.161704
-157.60827,331,5619.427001
-82.475445,147,5619.698229
-77.803829,388,5620.008816
-307.945787,285,5620.388417
-270.961975,240,5620.580769
-225.410734,350,5621.044381
-255.141803,112,5621.134299
-120.645473,201,5621.442719
-206.277538,157,5621.5691
-260.159974,97,5621.647194
-228.981355,141,5621.911078
-264.904633,222,5622.089029
-209.922108,213,5622.26037
-237.187435,213,5622.584528
-206.645574,309,5622.832226
-268.701847,204,5623.152848
-162.074108,188,5623.303664
-245.508906,186,5623.594046
-261.151623,130,5623.697762
-263.546423,129,5623.80177
-260.337749,223,5623.981123
-131.573013,245,5624.309841
-230.45953,311,5624.692633
-46.952881,394,5625.009143
-146.525711,161,5625.277315
-187.838406,158,5625.403329
-102.185094,121,5625.501075
-206.613654,176,5625.773207
-176.578693,217,5625.948292
-212.652651,182,5626.095363
-237.322439,251,5626.429304
-292.60106,284,5627.238441
