#{"t_start": 1789390719.6269448, "env_id": "Atom-v1"}
r,l,t
-421.735032,91,2.820444
-395.553838,102,2.890014
-428.356709,91,2.952304
-383.838685,108,3.02719
-407.602367,113,3.105003
-396.668592,148,3.308332
-396.08251,97,3.374843
-410.821165,98,3.442213
-418.514497,120,3.524468
-426.134446,99,3.696039
-394.216006,93,3.769754
-410.107951,120,3.863893
-417.556964,118,3.954094
-397.714073,111,4.038448
-407.865731,91,4.205102
-423.550456,119,4.29469
-411.058716,99,4.368494
-394.660191,102,4.442733
-439.08414,98,4.510751
-357.234671,98,4.673512
-387.381403,93,4.737649
-413.178842,69,4.785328
-386.504821,99,4.852456
-404.385942,100,4.921127
-408.261477,87,5.075442
-407.735631,90,5.137318
-406.308517,92,5.200395
-391.258085,101,5.269521
-415.85967,106,5.341886
-382.492083,82,5.397723
-411.922443,123,5.578711
-419.64934,114,5.656867
-436.425133,103,5.727267
-390.017347,107,5.800135
-413.061853,89,5.861801
-387.134347,144,6.056962
-389.866231,158,6.163621
-393.195718,106,6.235849
-426.683837,123,6.414047
-395.224894,102,6.484373
-385.324121,103,6.554761
-408.60539,105,6.626329
-388.599863,119,6.707888
-412.87018,108,6.878894
-425.558036,142,6.976256
-392.075432,172,7.094978
-421.28778,149,7.196708
-398.974315,124,7.376592
-417.793845,116,7.456866
-402.105517,79,7.510974
-369.53795,120,7.593394
-414.555386,99,7.883615
-412.06165,118,7.964697
-436.799284,106,8.036842
-403.135067,124,8.122101
-416.345128,109,8.196443
-404.959006,128,8.482142
-394.70294,105,8.560056
-385.709422,117,8.640226
-391.94379,89,8.701498
-399.384706,165,8.916637
-384.871949,117,8.996704
-398.155623,71,9.04562
-404.184755,100,9.114868
-389.480517,83,9.171371
-405.097715,101,9.336166
-398.991978,154,9.442197
-409.647744,110,9.517354
-409.103429,116,9.596806
-423.558775,106,9.668888
-416.965807,109,9.84039
-417.441864,134,9.932069
-386.534693,149,10.034608
-418.053083,147,10.242356
-413.762244,108,10.316846
-371.857858,100,10.385173
-397.942952,103,10.455542
-407.041208,137,10.549353
-416.232371,121,10.728393
-396.417619,117,10.809275
-415.38407,109,10.883655
-386.756929,129,10.97134
-400.142898,122,11.151459
-462.103907,123,11.236317
-384.982365,115,11.315577
-404.977714,148,11.416731
-392.220986,114,11.589477
-396.727651,105,11.661672
-392.387391,106,11.735017
-402.359979,130,11.824107
-421.068523,201,12.057743
-417.600213,118,12.139269
-399.156483,167,12.254354
-388.311018,119,12.336076
-387.393128,121,12.514695
-385.216151,137,12.608566
-420.885404,119,12.690528
-375.557925,149,12.79487
-385.581081,192,13.022514
-396.983605,114,13.10105
-388.375064,89,13.161733
-387.566449,136,13.25601
-404.894965,115,13.430444
-418.483712,154,13.53559
-390.073782,92,13.598809
-374.808701,104,13.669695
-376.260274,131,13.855992
-403.033503,138,13.950948
-384.360636,156,14.058144
-426.98393,104,14.129531
-405.066975,152,14.434515
-392.52971,125,14.519933
-425.692324,127,14.607077
-399.30659,106,14.679899
-400.240112,116,14.864144
-384.356775,154,14.970414
-399.243843,140,15.067294
-386.556742,282,15.358051
-420.585648,136,15.451534
-412.136884,100,15.520704
-388.064703,142,15.61859
-388.705175,93,15.779133
-380.889992,87,15.838769
-404.275141,164,15.951513
-374.73944,136,16.043894
-379.969872,212,16.285648
-394.302395,132,16.375756
-389.286058,170,16.492194
-421.565916,112,16.667155
-397.22879,122,16.754397
-392.934952,124,16.839267
-408.762178,116,16.918519
-428.873429,173,17.133647
-403.290188,160,17.243055
-427.532476,124,17.328292
-412.190748,245,17.591247
-414.208379,159,17.699376
-413.490126,131,17.788973
-391.449727,259,18.062012
-406.95593,208,18.203697
-417.883063,161,18.408274
-410.834017,163,18.521405
-408.972478,136,18.614825
-423.729285,161,18.725393
-403.978363,165,18.934147
-414.178632,247,19.103561
-399.404071,130,19.192958
-434.554108,200,19.42597
-401.030169,353,19.762401
-407.595698,232,19.920851
-387.916136,180,20.043546
-400.435891,215,20.287994
-404.667517,96,20.354117
-372.687414,250,20.529912
-402.744933,860,21.311642
-399.619566,455,21.824092
-403.981409,231,21.981819
-421.93443,416,22.42397
-361.936511,320,22.768641
-386.927972,297,22.973021
-353.542568,824,23.729398
19.712758,1000,24.617932
124.239234,1000,25.49992
70.077952,1000,26.411593
-157.531905,227,26.566693
90.615657,1000,27.544767
-147.026493,119,27.722386
-117.434223,142,27.820087
-114.775713,131,27.909951
-108.229727,133,28.000622
-112.695128,280,28.288867
-113.764694,291,28.48709
-130.488248,153,28.687979
-116.785308,153,28.791945
-118.260565,192,28.922932
-121.047094,115,29.097042
-114.207445,256,29.272252
-121.808093,144,29.370822
-111.261674,123,29.550724
-156.115685,268,29.735353
-80.535964,302,30.038809
-130.432686,135,30.13103
-124.849574,182,30.255803
-127.402175,134,30.443552
-123.704374,121,30.526572
-105.456107,188,30.655435
-134.935621,117,30.832785
-116.795995,660,31.463918
-146.225474,178,31.585512
-109.212838,268,31.978759
-119.611327,190,32.108719
-97.010252,158,32.216575
196.415034,1000,33.330269
-113.618965,165,33.66965
-121.998718,183,33.796379
-127.747926,131,33.88589
-117.712512,152,34.19293
-145.626468,255,34.370492
-129.104102,412,34.88558
-147.080129,164,34.998518
175.6136,1000,36.118068
70.691833,1000,37.24131
-110.077836,121,37.324493
-79.45574,180,37.67611
-95.760588,126,37.762926
-118.550987,184,37.890965
-146.270195,128,38.158959
-72.599365,245,38.331841
-136.554876,130,38.421027
-90.232102,151,38.727481
-73.283424,213,38.874386
-90.3647,144,38.973233
-101.557001,137,39.290942
-124.139972,176,39.41258
-111.109978,161,39.523541
-114.824269,95,39.588701
-117.987799,218,39.94658
136.628705,1000,41.020223
-102.416368,145,41.119781
-96.133205,175,41.239747
-131.034455,141,41.512188
-121.466545,144,41.611001
-109.470692,133,41.702489
-98.306533,169,42.016807
-101.926588,126,42.117285
-95.853213,130,42.205911
-105.621245,144,42.304951
-75.85677,271,42.694647
-100.949902,204,42.836612
-101.302178,118,42.917888
-107.649611,141,43.238636
-94.479001,182,43.363962
-115.453842,164,43.476323
-99.854781,105,43.759018
-100.298514,116,43.838567
-92.169544,192,43.970925
-97.574811,173,44.291977
-45.624383,805,45.053522
-99.554918,451,45.520892
-126.310252,120,45.604445
-134.816792,159,45.945731
-115.243545,132,46.041476
-85.621635,121,46.125363
-91.087653,216,46.274842
-49.590067,594,47.131285
-104.040127,194,47.266659
-108.263743,109,47.34243
-117.484995,137,47.43736
-35.503447,877,48.493594
-112.496268,146,48.594482
-109.483306,142,48.916868
-63.2164,520,49.478984
-118.073938,149,49.581745
-105.278211,124,49.667963
-134.077323,185,50.004479
-121.756579,149,50.106913
-107.87138,105,50.179327
-154.260365,425,50.680529
-16.144836,882,52.045409
-118.212465,113,52.122931
249.462544,1000,53.235337
-83.928718,440,53.76999
-109.449331,155,53.87602
-84.689369,354,54.320215
-178.299101,685,54.996586
-133.563532,158,55.104453
-111.718097,148,55.415102
-102.484149,205,55.556106
-114.8967,145,55.65437
-98.422378,133,55.964022
-88.888134,371,56.220151
-74.938087,307,56.631454
-69.082627,360,57.084264
-107.701105,242,57.249262
-118.529209,164,57.361031
21.087258,917,58.441919
-116.473839,156,58.775307
-158.305646,721,59.494754
-124.752144,170,59.611601
-82.060231,127,59.922727
-53.852981,307,60.136124
-86.091136,440,60.663502
-89.494838,116,60.742706
-86.468765,174,61.08616
-76.521901,132,61.178321
-30.511132,286,61.372164
-85.975506,337,61.831989
-64.054616,204,61.972369
-49.167572,522,62.555594
-81.901776,192,62.78289
-101.921291,161,62.893022
-97.05663,234,63.149302
-96.985359,116,63.228336
-98.093752,246,63.396822
-74.772988,323,63.714478
-104.393348,152,63.819011
-75.419096,436,64.21424
-17.939646,294,64.512639
-115.310645,190,64.642599
-90.935484,161,64.75313
-40.736903,359,65.094453
-134.242674,106,65.167133
-92.623617,256,65.43796
-113.515777,204,65.576572
-91.219485,127,65.66289
-124.204347,137,65.853407
-128.240773,165,65.965969
-95.541875,149,66.067542
-94.61965,120,66.247311
-103.015825,111,66.324221
-78.845347,147,66.424069
-88.497473,116,66.503697
-99.433446,157,66.704876
-37.855152,375,66.962147
-60.322293,220,67.207692
-109.449281,191,67.337715
-119.011353,115,67.416002
-95.478573,106,67.58367
-130.183143,116,67.663563
-19.471516,700,68.236636
-39.94677,307,68.543259
-80.753824,163,68.654232
-122.401845,191,68.784838
-83.322592,134,68.97258
-80.070584,359,69.218832
-82.56355,169,69.429785
-60.166561,229,69.586092
-117.113194,262,69.860977
-124.189612,136,69.953343
-94.105465,183,70.078727
5.230312,546,70.547224
-98.653466,172,70.760244
-66.086204,282,70.953484
-86.740274,126,71.038898
-87.390805,139,71.229971
-106.003859,191,71.35969
-32.81122,536,71.822147
131.73159,753,72.528017
-114.861538,175,72.646708
-94.786886,126,72.732949
-34.236616,284,73.024585
-23.120893,498,73.46109
-133.075202,194,73.592844
-115.641594,247,73.857647
-111.351472,164,73.96995
19.739861,380,74.32591
-66.813159,153,74.429913
-75.769708,206,74.570258
-97.258871,215,74.814776
-57.678833,258,74.990437
-71.795348,191,75.217577
-41.619357,301,75.422886
43.164303,634,75.954393
-85.088092,222,76.202519
-71.694515,260,76.379992
-41.774957,450,76.785659
-99.545183,151,76.984878
-56.848423,279,77.175232
-99.230905,172,77.292195
-51.553314,158,77.503374
-88.480045,194,77.636196
-87.528022,213,77.878958
-68.130821,217,78.026641
-20.461518,325,78.343476
-65.290099,153,78.447035
-77.066519,146,78.547137
-76.557383,224,78.798228
116.924891,561,79.28776
-63.639613,246,79.454553
-82.538433,148,79.651099
-21.841281,212,79.795548
-31.59204,224,79.948176
136.692903,759,80.65969
31.168233,579,81.151757
-55.030606,263,81.425528
-73.111117,187,81.553744
-56.656835,223,81.705905
-23.503503,198,81.940582
-43.44993,152,82.043525
-46.156541,170,82.15941
-37.522048,229,82.415071
-26.753999,257,82.589955
-50.344942,168,82.801338
-30.608599,234,82.960038
3.241089,197,83.093138
-70.71698,169,83.315034
-81.077266,195,83.448295
-64.12046,225,83.823116
-44.005167,215,83.968509
-41.351268,170,84.0827
25.046803,344,84.538476
6.17437,245,84.801924
-35.61848,219,84.952227
-60.269314,152,85.055274
-58.119141,205,85.290702
-33.465496,178,85.411105
-17.465151,246,85.577257
9.501079,391,85.946485
-24.021292,237,86.203183
103.450732,567,86.68356
-89.374079,184,86.810441
0.658972,249,87.074733
-43.502046,171,87.194982
3.806776,312,87.605656
-105.419632,132,87.695847
-69.561119,177,87.816555
-30.504833,218,88.164123
-15.539606,222,88.31517
-14.533581,186,88.44032
39.117893,272,88.850656
7.691529,325,89.272185
20.405462,161,89.380836
-52.294762,208,89.521017
-55.281563,154,89.85035
-44.138484,240,90.014888
-71.172807,136,90.106689
44.697734,562,90.716969
73.433302,463,91.235147
-58.395354,285,91.654341
3.004696,246,91.820471
-85.21916,211,92.186744
44.394798,407,92.660004
-6.939403,406,92.938978
27.6745,411,93.441386
-32.833934,208,93.806911
40.406004,326,94.027779
12.306349,251,94.418152
-7.509812,204,94.556204
-5.766235,264,94.847809
-6.621396,180,94.969398
-6.897895,174,95.085925
-40.876435,213,95.335082
-26.518331,179,95.456851
-76.784134,269,95.734765
67.414542,434,96.029643
-54.510901,146,96.225966
-10.484684,353,96.464753
-33.665498,163,96.671773
-17.341914,230,96.832448
3.735734,258,97.105731
-58.642995,167,97.22057
46.662789,224,97.37584
41.242224,254,97.648791
-7.964332,184,97.775349
-3.45584,213,98.016438
0.337762,221,98.166499
293.573257,900,98.977359
112.290223,525,100.112817
62.178969,428,100.503669
82.214091,316,100.71783
-10.073574,309,101.028244
584.1236,1000,101.904746
84.544121,742,102.505477
428.803151,1000,103.382118
515.187596,1000,104.256517
313.106759,1000,105.264788
535.076084,1000,106.377988
367.15856,907,107.329016
471.188299,1000,108.209315
484.625792,1000,109.090622
279.244616,815,109.743823
163.935001,461,110.153412
24.740315,216,110.396983
172.009366,611,110.910431
146.714349,492,111.341723
135.970345,379,111.80895
-48.49726,183,111.934825
-3.551956,223,112.088869
-23.678467,200,112.426735
-19.569016,382,112.787773
-55.276803,135,112.880341
-48.130615,141,112.978751
89.930564,416,113.422321
431.828248,1000,114.296906
46.438253,312,114.605499
32.093305,187,114.73211
-57.973655,131,114.822656
-20.765051,145,114.92223
-15.83797,140,115.114568
67.608539,314,115.3304
31.628739,257,115.602929
-85.841389,144,115.702263
-46.930378,122,115.786458
-63.638933,131,115.970968
125.593726,533,116.431345
84.615656,293,116.633
-29.166101,124,116.717862
-70.269966,143,116.913049
-46.662646,126,117.000057
-13.543604,138,117.093801
69.909723,429,117.48212
-42.898339,135,117.574542
83.147613,386,117.936823
-5.86388,188,118.066889
58.814207,274,118.350634
35.818413,238,118.514411
-22.68019,165,118.826676
-85.474933,118,118.907176
-32.653788,129,118.996425
-56.463259,132,119.184319
-70.181928,138,119.279449
-36.841626,124,119.364706
-57.911209,130,119.454726
-5.049412,147,119.652701
-74.702663,131,119.743803
-67.790633,134,119.837466
25.997048,217,120.206038
-20.513355,170,120.324632
-92.757019,120,120.407904
-44.991308,121,120.4919
-28.602552,108,120.766606
-17.380528,116,120.84638
-51.576987,118,120.926973
-69.354543,124,121.013166
-37.348105,122,121.096864
-60.120881,122,121.39238
-51.831728,150,121.497139
-59.100068,125,121.583488
-64.748874,115,121.663363
-42.942474,126,121.98604
-36.817064,123,122.072472
-33.546019,151,122.179154
8.301413,227,122.573692
10.958435,149,122.676319
-77.451751,137,122.773169
-15.166767,166,123.121364
29.703402,240,123.287856
-14.130155,169,123.40415
-10.54433,150,123.746121
29.202452,236,123.910937
39.237564,186,124.262981
23.740207,151,124.368305
-31.809931,133,124.460135
5.864802,191,124.594139
51.643383,193,124.939105
-57.021421,120,125.023588
-6.519948,145,125.12449
15.30829,173,125.453008
-12.301049,173,125.572765
-37.231582,113,125.650898
29.740592,161,125.962574
31.083333,213,126.11115
-32.25599,167,126.225819
-61.477458,140,126.525822
-34.265811,123,126.612517
17.352111,199,126.752707
25.239519,183,127.083764
-35.185336,114,127.164973
51.580329,220,127.315766
-44.657394,122,127.399861
-24.890266,157,127.713398
-28.051771,146,127.813423
-20.964555,149,127.915269
39.817179,175,128.259212
54.962399,174,128.379819
3.434334,153,128.484813
-46.284496,143,128.815054
-32.064959,119,128.900672
-39.864222,129,128.990189
-11.608817,109,129.063965
-9.287398,171,129.401317
-36.68624,125,129.488225
-49.223686,148,129.591338
-33.374357,126,129.678049
-46.937884,124,129.96695
-55.372777,104,130.03959
-54.142832,124,130.125886
-27.208001,125,130.211622
-19.88048,115,130.515234
-64.419571,131,130.606913
-28.461608,134,130.700791
3.252829,167,130.817261
-40.024513,126,131.106344
-48.682481,144,131.206073
22.79479,160,131.31638
-2.790782,163,131.66725
19.150294,170,131.787894
-5.773786,119,131.870205
-60.046166,100,131.939718
-31.834601,130,132.254298
-56.45937,133,132.347414
-25.113905,125,132.435057
-19.992773,128,132.523932
34.2131,167,132.839592
-19.090142,145,132.938128
58.291198,164,133.052071
1.000168,148,133.358465
-49.95243,142,133.460187
-30.081807,124,133.546832
-5.96873,143,133.645336
49.576552,158,133.977217
-23.767505,124,134.063588
-35.858982,127,134.151962
-10.910851,152,134.257061
-12.558513,129,134.548502
36.021769,193,134.682046
-56.113222,125,134.768246
-42.669939,137,135.066062
-43.180639,118,135.149427
-9.637007,149,135.251423
-48.444075,122,135.335212
88.173832,206,135.700187
-2.564292,176,135.820755
16.737875,142,135.919404
18.097546,146,136.229496
96.539274,194,136.36322
-5.060088,163,136.475303
6.74107,122,136.784227
-21.591489,124,136.870476
-66.194529,205,137.011347
17.949524,145,137.334844
87.456079,151,137.446638
34.989738,289,137.64531
-19.487087,113,137.955968
221.030342,902,138.802095
-15.305588,189,139.13684
24.207504,196,139.271997
-38.153581,156,139.379081
37.168753,161,139.701656
45.12629,156,139.810272
22.902258,644,140.473273
58.442327,212,140.844633
495.038994,993,141.972567
68.429008,182,142.098824
122.41279,248,142.271908
53.4078,252,142.654644
98.382817,236,142.819108
630.412867,1000,143.961987
42.679251,186,144.313428
12.938891,226,144.468081
-230.738463,305,144.90596
4.134693,251,145.078526
89.602032,222,145.455782
116.39948,475,146.016922
280.293416,501,146.585299
51.043161,254,146.761183
-12.102452,143,146.860441
10.327705,575,147.665391
-57.01607,272,147.859243
56.887007,240,148.246613
408.46039,1000,149.169287
523.080149,1000,150.31929
95.74829,321,150.753469
-19.143053,118,150.835475
53.65206,237,151.229697
125.2377,304,151.439903
28.844652,229,152.491729
507.094,1000,153.605505
86.831491,220,153.759322
63.30174,175,154.094989
-20.133614,139,154.20097
119.613993,326,154.428618
-8.474451,222,154.784599
-50.61733,123,154.870781
41.658096,208,155.016297
-25.614449,124,155.327053
50.317302,218,155.476891
11.992802,159,155.586785
32.917892,186,155.939205
45.267143,239,156.104453
32.423388,203,156.450115
94.323314,258,156.62881
-23.070695,173,156.845364
116.40151,358,157.094704
108.255058,352,157.436008
34.533195,732,158.039378
-65.206683,632,158.66968
19.433306,209,158.812151
0.061035,156,158.92083
-3.649238,498,159.359954
-158.596807,443,159.863826
783.978899,1000,160.748245
-181.912685,323,161.067395
-30.514531,184,161.194814
-11.170559,147,161.296494
47.399899,233,161.554843
72.410276,214,161.703688
-26.929451,125,161.791937
-198.817187,348,162.126969
125.151256,956,163.05156
-7.16165,176,163.173976
-69.012945,208,163.413809
83.582134,269,163.599516
327.00569,569,164.090373
160.551361,448,164.602589
10.736426,156,164.806525
-112.797956,337,165.040682
375.046731,576,165.537385
716.639218,1000,166.656648
71.385097,224,167.02162
150.976362,278,167.213432
49.255067,217,167.590433
-174.999139,303,167.799835
-3.257511,225,168.187436
-47.262548,226,168.34387
118.503798,394,168.816472
71.15288,216,168.968118
126.49064,318,169.38724
163.818897,395,169.867455
65.66096,252,170.042856
110.824609,341,170.37393
66.949871,340,170.705468
35.100036,211,170.851791
91.690582,615,171.373566
35.871351,452,171.783668
299.25968,582,172.287162
81.914484,222,172.536187
13.750565,190,172.668289
75.447389,625,173.197616
-87.484951,472,173.618412
-3.818837,269,173.901992
29.050614,203,174.041557
-192.804447,351,174.378494
-255.352011,250,174.551646
87.187987,481,174.9789
52.826053,264,175.257321
-16.262138,465,175.674995
-130.040026,382,175.944003
302.076814,610,176.557504
-143.186079,314,176.775005
76.674143,215,177.021144
-312.143727,192,177.15365
72.322252,162,177.26396
33.886443,183,177.486107
165.538444,378,177.750733
70.975911,249,178.020334
234.661812,402,178.39632
9.516819,150,178.499581
-63.017042,380,178.858487
21.025422,166,178.972984
12.695078,183,179.099571
173.421234,608,179.725649
209.320391,334,179.95676
-139.692448,286,180.251079
338.788128,468,180.670292
129.366511,301,180.882864
161.505604,351,181.323769
66.856596,203,181.466149
-26.901676,181,181.689172
7.642511,163,181.805074
33.825947,190,181.936846
54.12917,178,182.157048
88.355589,246,182.32737
19.959325,198,182.560486
-1.943359,171,182.678708
205.895106,485,183.113148
-18.347717,130,183.204221
30.204543,192,183.435104
131.932712,303,183.645149
30.332928,162,183.75735
619.130794,831,184.525093
-39.083568,147,184.626593
270.768066,568,185.116117
-12.563085,144,185.315554
-37.319003,192,185.448902
-58.242781,213,185.691186
-22.38964,172,185.809543
79.773435,226,185.966445
258.239683,401,186.33742
1.497209,142,186.435326
253.239657,396,186.8037
-0.983632,181,187.024396
99.431201,204,187.165139
-12.013758,131,187.256382
-31.957125,135,187.3506
-22.375243,140,187.544279
97.791738,222,187.698488
124.710797,222,187.949458
227.266641,386,188.215852
39.540138,192,188.446522
262.779905,721,189.042939
36.222247,178,189.166272
144.813667,265,189.445052
24.095204,160,189.556006
336.398441,476,189.9804
163.693192,261,190.259342
6.380697,151,190.364605
60.213698,484,190.793638
134.449288,335,191.122293
361.740099,782,191.761079
67.367517,205,192.000841
127.119536,208,192.146956
100.483648,264,192.328758
57.008481,220,192.591032
37.217373,182,192.716007
197.25049,303,193.026467
183.891905,305,193.236157
8.615745,151,193.441007
5.279898,178,193.565207
-87.117854,103,193.636514
126.386449,188,193.862242
-30.182817,127,193.95073
148.870947,196,194.086783
37.682931,179,194.306592
-48.156892,142,194.405069
51.887761,191,194.536344
-74.535114,129,194.721439
83.157849,194,194.855079
-42.069938,169,194.973952
20.805546,149,195.172716
67.274875,203,195.311754
40.608945,178,195.435545
45.376053,169,195.745428
155.559218,287,195.946532
316.001042,656,196.494723
-36.013538,134,196.684173
56.188073,156,196.793217
16.794657,138,196.8894
60.293245,204,197.127958
18.924399,155,197.235839
140.825633,309,197.545298
16.294312,164,197.65893
145.00275,218,197.809705
-41.096519,116,197.984973
15.753414,152,198.089399
80.167242,241,198.255022
20.588136,226,198.507915
4.879499,167,198.624016
165.73924,297,199.664671
185.848695,275,199.853858
-0.88888,155,200.056356
29.869746,225,200.211173
-8.872097,134,200.302802
123.902838,197,200.535627
27.529883,163,200.648929
62.87223,213,200.796618
92.411322,174,201.012521
-20.321311,127,201.101642
39.145897,155,201.208852
65.245974,169,201.422258
126.126793,183,201.549963
2.970712,123,201.634769
105.214202,183,201.858059
-30.909055,174,201.979045
81.0074,213,202.12633
-8.427756,154,202.32979
29.830558,146,202.431207
19.030262,130,202.520996
-63.155976,144,202.620303
-41.635472,182,202.842002
-56.956331,204,202.985503
23.823189,238,203.245613
212.575447,371,203.500859
80.461711,194,203.731195
912.021116,1000,204.608638
157.416925,234,204.769262
62.278009,186,204.897917
45.024451,139,205.090124
81.904757,182,205.216881
1.620186,258,205.49051
35.849736,165,205.603555
-5.993733,159,205.715096
5.852404,170,205.930141
-127.910739,107,206.003576
-79.598785,133,206.095882
2.424952,284,206.388668
-32.17904,134,206.48117
135.399819,236,206.644464
17.410923,192,206.87491
-8.085338,160,206.986077
-20.429627,133,207.078323
-45.286541,348,207.413449
41.308365,223,207.567806
37.25283,190,207.797418
20.002711,230,207.956838
210.726823,386,208.318228
-31.669946,189,208.448888
163.477826,294,208.748026
78.418825,172,208.868114
11.028348,211,209.108059
57.955689,286,209.308267
222.188382,354,209.649235
69.989904,193,209.781864
52.340222,255,210.055065
129.284177,246,210.222989
96.787946,236,210.480326
28.582598,198,210.617378
188.772557,541,211.084132
203.000878,708,211.76206
111.513136,188,211.891779
164.229444,304,212.195229
-9.089702,448,212.502201
-142.849015,220,212.750217
172.114764,263,212.932692
-240.766561,262,213.207551
100.152456,235,213.368101
238.167679,594,213.871887
107.070974,208,214.112095
243.073595,667,214.662798
207.826614,442,215.065516
195.946596,718,215.651251
134.250101,343,215.980933
61.351616,205,216.215482
102.622215,404,216.49218
143.688095,375,216.846044
254.405809,570,217.335878
132.793891,205,217.57056
184.123827,241,217.735281
114.257554,264,218.011729
22.536128,151,218.114627
179.299647,279,218.305325
283.683346,715,218.983906
181.889486,618,219.50287
422.267235,606,220.116299
336.367022,759,220.926451
-169.639187,368,221.176844
160.770227,283,221.4703
77.237216,197,221.605679
-43.261509,368,221.952225
356.404322,489,222.381124
110.012335,243,222.547924
166.584609,342,222.878661
35.388703,501,223.316736
40.798313,279,223.604071
156.34323,244,223.770309
132.393045,250,224.036241
117.273111,264,224.217072
108.419583,294,224.514381
-51.703802,124,224.599314
88.878476,237,224.761055
3.455046,149,224.95783
-17.167177,152,225.062037
32.08012,182,225.187612
-25.059739,163,225.3952
100.190998,204,225.536319
102.681015,185,225.662651
83.79581,204,225.898026
-37.286008,130,225.988122
185.288984,291,226.284808
16.833547,225,226.440129
-54.935305,142,226.537489
152.783436,291,226.834519
-32.925797,200,226.972463
125.000025,277,227.258155
158.598442,313,227.469975
-51.713294,136,227.660837
-6.264801,182,227.787504
106.942527,277,228.073235
40.480406,228,228.227644
171.580314,258,228.500516
94.387317,220,228.652064
-29.807745,146,228.752804
127.950505,198,228.985366
-37.24295,145,229.084971
-50.300253,126,229.172599
518.499531,514,229.623561
105.35729,209,229.863035
66.282694,172,229.98377
52.950829,210,230.127692
154.916885,321,230.443209
12.583979,242,230.607373
3.393196,172,230.821825
286.24677,370,231.173615
475.815055,903,231.888774
-5.21305,176,232.107538
95.783145,388,232.373375
100.076058,239,232.632075
23.854444,344,232.966355
-44.9064,128,233.054398
36.753658,187,233.182872
13.879188,162,233.295675
55.456886,221,233.544328
92.783942,202,233.684057
134.768116,202,233.918768
98.61299,206,234.059407
74.757748,449,234.466163
480.522567,744,235.072684
-25.698142,168,235.285341
3.786123,137,235.379187
-75.37677,131,235.469355
197.016119,289,235.763448
265.57866,494,236.196726
260.413152,445,236.596359
120.169988,227,236.752021
126.227322,270,237.033013
86.770593,204,237.173218
134.846943,334,237.509573
126.131352,718,238.09747
211.171541,277,238.382689
-50.963608,120,238.464978
-29.126937,142,238.562975
-65.762974,145,238.66254
72.574934,211,238.901623
50.667221,427,239.353292
-27.802489,163,239.465
314.462818,337,239.791397
-31.460824,119,239.873231
95.562632,199,240.009306
-20.747868,113,240.086909
10.387917,211,240.327509
-34.025479,139,240.421726
123.81523,277,240.706735
82.176132,229,240.862909
96.504599,209,241.100935
-86.87862,162,241.211788
-52.93138,163,241.32374
171.136692,259,241.717086
128.380481,352,241.959293
59.998477,212,242.304464
197.946668,369,242.754176
17.085511,223,242.90949
-61.75454,134,243.002887
128.47358,183,243.353367
81.677933,206,243.497621
82.91262,232,243.655748
150.050781,307,244.517467
58.990424,174,244.636804
-71.504828,173,244.854888
-41.579648,122,244.938342
5.590303,147,245.039827
-53.443557,125,245.126269
-24.701737,119,245.307908
-109.547428,175,245.428538
-37.522384,392,245.793995
-72.260028,158,245.902295
63.216134,208,246.139655
30.149726,164,246.252331
-45.975882,111,246.329443
23.121292,160,246.438941
56.666905,196,246.668174
-55.173202,124,246.75505
-30.274335,140,246.851441
-57.421315,135,247.040947
50.53379,218,247.19063
3.865689,218,247.340661
-33.939921,112,247.512796
-57.791491,116,247.59297
78.543338,182,247.718121
23.190591,141,247.815078
83.347183,194,248.047749
122.532272,228,248.206354
-65.57109,128,248.390697
-65.48821,169,248.508283
-51.264041,135,248.601223
-24.499319,123,248.686167
34.274645,287,248.979972
81.708615,198,249.118645
-10.465635,145,249.314656
6.230875,186,249.444188
-9.547739,126,249.531404
-22.793575,209,249.773006
303.03129,473,250.196527
-47.67952,160,250.306679
60.363508,778,250.937984
-98.436573,110,251.11044
17.790387,252,251.283153
141.083247,326,251.603261
280.679632,369,251.85706
318.17456,465,252.274056
565.134983,709,252.959521
130.619348,365,253.211953
131.58848,248,253.479277
-47.75342,173,253.599261
68.217676,243,253.865155
-62.163944,141,253.962348
84.774683,209,254.105912
175.73978,304,254.411283
65.349367,219,254.562246
182.694766,301,254.865241
44.067018,191,254.999805
84.431775,227,255.38018
684.634322,1000,256.499222
80.291802,181,256.623966
8.21462,174,256.96081
-20.832685,129,257.051989
0.624982,158,257.162092
65.071786,186,257.289898
61.151645,224,257.670027
35.098125,174,257.791972
32.24263,249,258.187707
-2.040631,244,258.357009
-16.44198,140,258.454187
46.967559,204,258.797011
-33.398487,140,258.892937
25.040437,214,259.266429
78.887244,191,259.399131
-39.3278,123,259.484102
142.298808,373,259.966469
38.013643,151,260.070452
-47.007945,131,260.160698
23.025372,172,260.485154
22.261496,171,260.603596
8.560558,160,260.714909
-0.062536,116,261.018581
-52.264395,131,261.110547
94.14352,210,261.255559
82.964047,198,261.6154
-12.463335,149,261.719548
29.4684,209,261.865929
-38.054323,121,262.183108
65.500538,189,262.31334
-26.529358,137,262.407771
59.719698,176,262.731979
-52.879088,200,262.872598
39.606453,176,262.995844
109.879027,209,263.236689
82.001789,214,263.383122
-26.282093,136,263.476611
25.748323,172,263.69029
10.141345,164,263.803239
129.796764,204,264.038469
-26.253776,134,264.132684
-67.069588,106,264.206444
2.981215,148,264.307411
-14.088091,209,264.546108
-47.537668,132,264.638068
-88.392586,129,264.726885
107.090894,286,265.02137
10.355242,125,265.108792
-31.592148,137,265.203948
35.706113,194,265.432543
122.492737,320,265.653569
-40.876715,127,265.741171
244.29709,621,266.462929
89.049929,214,266.609522
-54.617362,121,266.692522
144.648479,322,267.010116
-0.1493,118,267.091388
-8.519068,117,267.172765
-30.083216,118,267.35026
7.985751,182,267.475296
117.943869,587,267.973099
-26.200431,150,268.0776
225.025951,721,268.762759
-40.816561,133,268.854152
222.960254,264,269.131422
149.611248,258,269.30995
7.035274,120,269.393695
23.420798,184,269.615928
204.082276,293,269.815654
-48.65852,103,269.981402
-49.48925,125,270.067903
72.096389,186,270.194685
-58.389475,147,270.294967
329.373443,580,270.881339
126.854267,218,271.032045
126.822689,472,271.452574
308.630202,874,272.241425
307.082253,930,272.973425
-9.400171,131,273.281157
68.658867,462,273.696581
-156.882213,342,273.930357
341.900173,900,274.740657
-210.64194,256,275.010618
52.209093,621,275.530914
14.010606,476,276.054748
211.730468,670,276.607564
409.826759,1000,277.483945
-138.822795,431,277.87331
-85.504077,417,278.257114
123.285135,714,278.844387
13.934059,374,279.198063
133.125114,611,279.710864
-160.818742,249,279.880832
414.151179,798,280.62333
-54.929125,169,280.740073
72.683176,496,281.181122
608.131623,1000,282.069945
-46.022697,114,282.150139
-24.74902,122,282.331528
94.789299,588,282.831826
248.559044,557,283.311859
102.699183,158,283.422218
-41.382552,129,283.51207
132.402996,346,283.949603
79.818483,219,284.326033
28.854199,158,284.436146
121.426575,262,284.61456
-86.202072,283,284.91516
111.661087,433,285.309827
235.759567,494,285.745354
-65.428932,126,285.832167
93.00102,238,285.996709
75.653679,640,286.630639
67.59512,224,286.789057
41.978816,168,286.904449
257.376311,777,287.865574
-58.498455,119,287.947798
21.563957,690,288.611765
139.900325,273,288.80182
42.752872,493,289.33973
597.970553,1000,290.3178
-245.528489,296,290.617048
41.260085,629,292.795594
377.025166,806,293.553811
-22.593621,136,293.742222
221.987577,267,293.926373
167.80051,283,294.215152
30.54833,209,294.360434
16.175935,224,294.60855
-50.27012,132,294.699906
27.894857,230,294.858545
121.151194,281,295.146539
5.983914,135,295.240388
17.822493,475,295.660994
116.796902,173,295.780312
6.865108,549,296.249723
-207.640355,258,296.525168
155.080896,262,296.704193
276.584436,631,297.335717
21.181426,132,297.430859
-59.555622,123,297.520919
75.606618,201,297.820244
-77.703213,327,298.056318
43.652436,202,298.293658
-90.448403,102,298.36453
103.375202,214,298.512726
12.095616,147,298.710034
381.877595,536,299.278738
-20.907858,133,299.372538
-33.63358,119,299.455698
123.372014,227,299.613056
18.038362,132,299.799632
-19.537771,134,299.893622
20.745987,149,299.997379
167.231327,261,300.272794
71.519358,176,300.392896
137.257085,269,300.673637
461.30694,630,301.318006
90.369981,186,301.446287
-115.149355,252,301.723052
95.877056,169,301.83984
40.294893,137,301.942046
49.878316,182,302.172623
281.737769,465,302.588333
103.263272,184,302.715845
-64.222801,92,302.780421
-30.85223,114,302.859531
-15.524184,104,303.028214
-13.672626,104,303.100749
12.035096,187,303.230731
13.883201,114,303.309324
14.162986,145,303.506504
81.142832,174,303.626602
26.241364,123,303.712023
-10.759809,135,303.901132
-9.948394,120,303.987177
124.647526,212,304.135866
104.812354,184,304.360575
-6.170049,129,304.452276
34.215123,157,304.561243
-14.972562,106,304.635425
125.48061,187,304.971359
69.359116,182,305.097985
-42.70741,119,305.181626
5.58627,121,305.267252
18.691728,109,305.566884
103.663729,165,305.680429
-10.603272,112,305.757994
12.953256,138,305.853075
92.540497,160,306.194634
-3.214135,116,306.276719
107.800178,187,306.40766
63.249654,180,306.761482
47.1625,138,306.85771
18.052287,104,306.930514
140.005881,207,307.265
13.65636,119,307.348601
8.360631,139,307.444804
77.972824,188,307.795195
72.63433,133,307.892401
-19.067851,108,307.967292
-7.363248,147,308.068478
-0.466419,125,308.368483
23.814523,142,308.473945
32.574736,115,308.555005
18.91673,129,308.646324
14.730749,120,308.730078
19.558641,96,309.025055
20.015978,139,309.12233
88.452475,171,309.240823
116.76358,203,309.605205
24.003455,105,309.679044
5.868856,137,309.774782
-12.434346,127,309.864203
81.837915,180,310.211985
33.624127,138,310.307549
37.536496,211,310.453446
63.972183,143,310.77748
76.582479,221,310.930106
97.989849,245,311.328189
91.288142,177,311.453238
403.280699,413,311.835999
23.497809,117,311.918082
-21.372858,226,312.073408
102.669376,193,312.304857
21.807788,151,312.408861
37.927888,145,312.509533
93.613419,230,312.769929
72.464668,171,312.888325
-24.146775,152,312.992958
132.888276,289,313.289427
109.907045,199,313.426729
106.513895,209,313.6699
-14.033589,146,313.770759
9.416216,153,313.87531
101.164104,205,314.217508
121.31395,198,314.355192
185.162255,257,314.736627
-8.393217,115,314.817536
121.762204,224,314.972463
92.560884,179,315.30179
113.716612,183,315.428385
-9.129992,122,315.513377
117.916395,213,315.884142
15.112721,137,315.979104
31.8612,118,316.061386
169.812585,231,316.446265
11.116001,139,316.542773
90.78429,143,316.640594
357.135972,658,317.534
74.302941,364,317.785373
-28.89219,110,317.862353
14.688495,151,318.166765
110.307333,199,318.304133
60.957903,171,318.422177
33.264475,125,318.745912
2.437848,124,318.832362
137.147511,206,318.974947
-13.964868,127,319.277245
75.117188,172,319.396527
7.881907,130,319.487556
58.653428,179,319.70799
22.478666,124,319.793874
111.330316,197,319.929671
33.799071,138,320.024892
26.193059,108,320.19674
87.300673,160,320.307105
72.16846,140,320.40459
145.910153,190,320.630643
58.285456,101,320.701443
87.245647,166,320.815362
-0.338763,107,320.889926
33.877546,133,321.079048
31.473354,114,321.159836
-29.875706,158,321.269442
12.160241,127,321.357867
-3.091243,125,321.540682
9.316815,121,321.625421
44.060038,120,321.709813
29.563605,123,321.796636
14.654923,118,321.976661
8.058787,130,322.066619
89.001659,207,322.210905
18.216996,106,322.285046
129.671213,188,322.511933
37.093562,133,322.605855
15.990116,134,322.699657
61.177864,201,322.934898
91.663472,166,323.055319
127.771107,147,323.158619
59.171856,139,323.351088
31.608317,134,323.443749
28.060856,135,323.537247
30.676045,144,323.637335
145.376774,216,323.882291
77.472157,209,324.026616
72.801805,134,324.12057
-1.652594,141,324.31422
91.551124,259,324.491657
119.939958,190,324.719967
152.513729,217,324.870182
-6.2848,136,324.964488
1.128586,164,325.176633
34.196571,113,325.255433
82.694202,138,325.351275
172.420722,561,325.838179
147.885329,191,326.064885
40.265292,146,326.166066
140.930032,228,326.325068
-33.63729,135,326.514988
64.89916,176,326.636993
156.399228,481,327.066182
41.877345,133,327.158951
12.44434,125,327.246381
20.993101,141,327.438434
52.509246,349,327.676818
51.443053,120,327.930635
23.292283,212,328.078413
136.48916,172,328.200059
5.986933,130,328.38618
15.837243,135,328.4806
151.614484,194,328.615673
36.797521,120,328.699141
43.780452,137,328.890114
96.062451,163,329.002773
51.217684,239,329.26484
112.433181,154,329.372591
152.640246,181,329.49745
148.607269,181,329.718997
115.064647,189,329.848908
128.238043,253,330.023098
159.672222,165,330.232558
-2.58612,140,330.331261
36.057819,169,330.448283
30.562702,108,330.61906
108.340165,138,330.714948
-0.284133,120,330.799101
23.920029,145,330.898528
121.669622,178,331.118016
44.412329,119,331.201475
25.677998,117,331.283632
56.711796,147,331.385025
19.747652,142,331.579658
1.812327,145,331.680596
-14.322481,127,331.770464
43.977122,120,331.854679
51.179034,171,332.069959
42.941086,125,332.157704
93.997068,200,332.296392
92.850147,211,332.53908
65.500419,126,332.626761
130.132488,191,332.759436
12.449628,136,332.950209
29.697086,123,333.036863
46.922852,130,333.128371
59.52844,155,333.334364
-34.301757,140,333.432114
70.964364,141,333.531443
73.840284,172,333.651232
82.279509,222,333.900971
80.008824,204,334.043126
62.380329,235,334.422523
22.097015,128,334.512402
126.043176,293,334.81155
-34.000356,223,334.967926
123.158526,180,335.09399
-30.592531,141,335.288447
37.84638,140,335.387625
96.888126,357,335.731391
195.835442,194,335.867478
66.718902,403,336.244066
136.981703,213,336.39228
-35.27176,117,336.475598
53.060647,143,336.671188
34.040164,147,336.775204
157.235763,230,336.935848
9.89118,112,337.111546
155.548183,203,337.255683
5.719625,153,337.362091
160.606299,202,337.600418
44.649113,126,337.68845
112.800395,216,337.84071
185.070918,182,338.068607
29.649081,170,338.187199
155.742186,207,338.332945
116.511633,217,338.710023
-95.600907,223,338.86454
143.532488,231,339.123294
85.300788,183,339.250015
188.364144,383,339.613717
135.987155,244,339.783998
184.223875,274,340.072109
148.416648,332,341.078909
15.606795,365,341.334036
155.461107,380,341.697722
320.5366,477,342.216084
112.72345,367,342.567944
178.17449,297,342.774299
99.426175,206,343.015269
110.271219,267,343.20075
-24.635819,317,343.645619
156.289848,278,343.839346
146.43387,229,344.219449
472.615536,607,344.868086
14.861064,141,344.967202
118.252128,193,345.300281
259.080918,536,345.76964
101.00437,199,345.908312
-126.4615,224,346.065609
395.766057,540,346.739701
56.306831,332,346.982107
120.62806,300,347.388685
167.837154,315,347.605365
-30.645317,286,347.900862
46.197196,361,348.250421
48.236063,375,348.509467
49.105309,222,348.759179
385.782705,529,349.237306
142.892935,282,349.43111
169.343204,229,349.686283
395.900439,471,350.109171
341.959306,543,350.582194
184.873535,533,351.047235
274.511162,268,351.232496
170.508625,407,351.609699
150.601889,208,351.851652
151.684819,434,352.15523
174.085088,439,352.55497
105.559276,364,352.908037
85.003171,388,353.275955
258.028767,207,353.420244
7.900464,109,353.496041
192.159984,381,353.857051
199.651205,183,353.983445
270.122647,465,354.401967
-12.913729,158,354.608943
11.463391,125,354.696248
165.563036,349,355.040684
36.102983,134,355.135475
158.388867,183,355.26322
280.849056,483,355.696385
296.732693,239,355.960389
27.553522,188,356.091068
16.155641,369,356.547998
35.199813,126,356.636932
65.914832,170,356.756039
132.912083,195,356.991768
52.38769,151,357.09812
191.216072,356,357.444312
121.535415,159,357.555424
236.69013,204,357.699188
221.348118,242,357.963864
118.079034,176,358.086022
182.915594,197,358.321026
173.391159,184,358.450205
126.746532,362,358.809026
211.668272,184,358.937052
15.543536,131,359.029413
112.870175,191,359.258466
284.014115,267,359.446679
153.68029,187,359.671763
140.908848,189,359.805277
420.908751,454,360.218938
168.62311,196,360.356955
164.654719,316,360.675065
171.207647,211,360.823333
-117.120732,202,361.16383
181.863932,188,361.295923
125.44376,172,361.416525
92.191636,174,361.634158
37.175893,353,361.884382
147.232866,368,362.353943
154.642227,186,362.486676
232.760408,483,362.924789
-89.12844,266,363.208067
158.199833,243,363.377958
207.231424,184,363.603528
91.745167,164,363.719158
141.991876,154,363.827157
128.465294,155,364.030363
103.256198,203,364.173995
160.577906,190,364.308144
214.553514,263,364.707885
276.510169,433,365.176934
264.434442,240,365.345703
356.141046,482,365.912912
132.482368,206,366.155011
231.880085,262,366.339289
283.441846,451,366.866937
112.630812,214,367.018424
232.931296,252,367.290348
194.447354,192,367.424171
152.077639,188,367.650174
179.473012,170,367.769578
38.943166,299,368.201756
271.785151,446,368.517868
185.601095,219,368.77322
-151.446019,222,368.928853
68.26891,314,369.253643
153.903082,184,369.382323
48.759656,342,369.716479
156.466063,258,369.896764
128.671941,166,370.111849
119.409368,191,370.244889
118.531211,181,370.377171
254.426771,276,370.667651
106.068626,322,370.991359
-24.267286,112,371.06998
200.834015,384,371.549973
170.618957,181,371.676457
336.742621,525,372.140438
159.186751,185,372.271184
52.425534,161,372.477071
156.360427,364,372.733734
67.440224,377,373.09676
125.159467,170,373.215756
-1.580375,130,373.402736
82.192146,204,373.546336
119.814323,190,373.679655
122.794855,239,373.942897
-299.170894,108,374.018804
208.063628,268,374.301733
106.988133,168,374.419149
139.533417,159,374.530051
135.597779,263,374.808583
129.66501,173,374.929291
105.010754,158,375.03901
71.883375,154,375.241617
61.9309,268,375.428965
-41.284519,123,375.515111
93.998091,188,375.743156
164.251227,291,375.947623
47.603167,194,376.18152
-241.07265,125,376.270398
106.984626,142,376.368566
108.469145,161,376.577729
167.871157,169,376.694897
163.478582,185,376.827781
-41.180344,272,377.223407
21.289426,273,377.416466
140.422146,160,377.626958
130.844801,167,377.747986
57.779045,191,377.881398
-12.20988,122,378.063544
180.872474,194,378.199385
157.437448,188,378.331635
121.050814,398,378.705709
90.184326,166,378.820925
-17.403696,146,379.019078
142.31696,450,379.430228
-143.666134,215,379.581741
210.784468,229,379.835634
106.289796,180,379.960555
-21.761213,284,380.158683
-120.534055,173,380.375822
-211.622592,138,380.473281
146.728843,219,380.625469
108.912124,229,380.880504
121.512204,197,381.017532
-43.251958,302,381.325447
-154.126055,242,381.494148
123.085885,179,381.716106
-89.243488,200,381.857491
-107.682942,207,382.123046
115.245773,189,382.256452
-76.017457,237,382.423992
269.90958,500,382.875251
138.179768,203,383.112768
-78.831988,210,383.260697
20.151085,370,383.616992
373.792037,360,383.966485
167.509303,273,384.156598
145.52069,184,384.284559
-4.320887,269,384.569266
181.760972,267,384.75579
164.242092,465,385.183712
-79.051098,287,385.483688
-49.881746,304,385.794104
14.251343,377,386.059366
464.688286,506,386.512652
-33.682645,286,386.812583
-263.187095,147,386.915442
45.05857,377,388.546254
-139.284721,269,388.736415
10.899461,300,389.041879
-57.066763,285,389.341642
-29.880205,276,389.535591
-172.596866,198,389.674346
-58.263255,297,389.980703
-110.390842,204,390.124428
-35.803865,237,390.465873
124.273362,365,390.944337
106.503155,316,391.167418
-167.618107,216,391.417175
-166.274897,213,391.566926
126.038787,206,391.710827
91.340405,216,391.959896
83.337326,369,392.412696
-174.925654,218,392.566657
551.704015,550,393.045261
228.373,201,393.279809
45.306229,164,393.395049
-95.950583,222,393.551243
192.295786,249,393.82036
16.891824,390,394.190758
152.253502,232,394.353861
77.352413,240,394.520708
-51.904749,362,394.880119
-234.301592,165,394.995554
-189.819156,198,395.232131
-281.672115,127,395.322603
-206.171782,226,395.579191
-144.03749,285,395.778119
-264.476093,210,395.926882
-270.314573,125,396.111928
-273.423763,125,396.200106
-297.43359,130,396.29111
-213.466495,128,396.38149
-182.234382,269,396.667355
-169.412613,232,396.830852
-101.163841,247,397.10105
-191.130738,214,397.250686
-244.987837,207,397.494631
-206.038239,194,397.630313
-146.074267,277,397.924112
-230.486534,221,398.078971
-188.739147,171,398.197711
134.082053,293,398.496487
-143.176536,289,398.795198
-233.400566,188,398.927505
-163.758538,219,399.081161
-237.369476,204,399.326417
-199.084114,216,399.478501
-213.296251,201,399.715422
-290.178482,221,399.869537
-282.875722,188,400.001399
-174.802953,290,400.300868
-262.309207,132,400.393558
-272.67517,148,400.589717
-172.340972,240,400.757259
-149.953079,246,400.928778
-191.589367,223,401.181563
-268.002578,214,401.33204
-264.072824,204,401.572935
-69.422616,294,401.780492
-147.90085,280,402.073421
-306.485094,116,402.156888
-160.021329,300,402.473394
-89.788164,287,402.673432
-148.943171,289,402.972977
-247.764856,192,403.109548
-214.817791,268,403.392983
-122.803777,270,403.584187
-217.829273,190,403.811988
-148.819707,285,404.012742
-237.107621,203,404.24758
-256.734037,213,404.39899
-166.725985,272,404.588891
-155.556478,242,404.851404
-215.413102,282,405.050122
-132.989089,300,405.457834
-61.127496,271,405.740286
-122.925978,378,406.004256
-238.026634,222,406.255099
-198.674887,209,406.399626
-222.132497,228,406.652745
-74.510905,363,406.907875
-54.646978,308,407.347091
-198.516894,230,407.506596
108.605552,502,408.082325
-72.323396,307,408.50796
-211.807608,208,408.653793
-203.411928,213,409.010479
-214.334323,146,409.113236
-143.138174,293,409.545156
-120.40703,230,409.707156
-100.208791,235,410.075335
-197.956924,200,410.217585
330.450392,647,410.874089
-230.070077,207,411.258105
-105.688784,364,411.514814
-201.71544,229,411.880005
-282.36873,180,412.005585
-252.123505,134,412.100263
-234.286477,115,412.402365
-186.842168,238,412.56943
-276.356201,127,412.657514
-77.605156,399,413.15717
-238.817114,227,413.525206
-102.496712,320,413.749894
-217.944418,189,414.104782
-237.708749,210,414.252387
-38.222484,467,414.806533
-266.585734,218,414.959728
-291.596941,139,415.26619
299.40231,727,415.978683
-92.561101,301,416.392433
-135.902015,235,416.556879
-164.24325,286,416.966326
-243.910978,153,417.07367
557.244198,886,418.151988
145.850665,569,418.782958
-7.819308,426,419.301795
-190.489836,239,419.468381
-143.745633,279,419.865234
-182.78071,291,420.072306
-134.27415,304,420.485738
-56.388239,343,420.726231
-225.362818,199,421.09228
112.270879,442,421.60342
-268.267625,219,421.758619
-282.880319,142,421.860678
-195.614773,303,422.296491
490.129337,974,423.299393
-192.967953,225,423.457304
-244.221638,226,423.708755
-154.11376,288,423.912773
-216.618493,221,424.164866
-257.014713,208,424.311446
-91.104528,374,424.671118
789.711345,1000,425.799717
496.196686,791,426.534868
451.476885,667,427.446223
230.34538,388,427.720803
810.018474,1000,428.839724
737.328545,1000,429.97739
-201.710006,192,430.350493
508.045255,778,431.104564
12.395959,224,431.497305
358.516144,881,432.33831
280.717091,709,433.270487
866.71943,1000,434.401929
40.887339,460,434.951936
537.657845,778,435.739304
-35.451484,399,436.259496
275.13989,510,436.843574
143.97361,568,437.4732
820.849728,1000,438.601405
423.155063,705,439.321592
747.251382,1000,443.749259
85.213211,608,444.585787
96.272846,688,445.311885
451.067404,677,445.998423
-205.531934,189,446.364984
402.172496,439,446.679026
276.026167,365,447.176976
332.704492,379,447.668862
445.709243,740,448.416157
-159.50027,217,448.771456
336.011448,549,449.350416
-169.188105,316,449.572176
134.596388,610,450.431051
739.236756,1000,451.583045
-202.847239,234,451.748024
-263.491952,226,451.906293
398.790298,689,452.681161
809.411835,1000,453.566886
821.51609,1000,454.57604
797.993157,893,455.30026
595.640875,826,456.178238
-206.749102,268,456.46101
921.133427,1000,457.454612
156.744562,247,457.628378
561.280028,789,458.482176
359.402396,324,458.706934
423.011024,715,459.486316
487.258056,800,460.256347
274.029463,350,460.719843
363.846414,375,461.206486
280.883855,299,461.413777
163.839866,237,461.751844
353.78622,467,462.300886
227.754277,324,462.529783
290.294124,267,462.943038
261.619878,264,463.125629
778.586344,947,464.196425
324.305548,346,464.660522
223.70078,257,464.83932
157.984772,271,465.250649
123.100874,200,465.389122
169.889592,233,465.7755
303.39739,403,466.05617
145.058924,210,466.299815
161.750438,259,466.480132
273.498194,260,466.757893
123.496161,231,466.917068
163.229695,210,467.161198
130.295389,191,467.293248
115.332385,197,467.431552
315.479335,359,467.781746
163.871783,191,468.014055
248.438923,318,468.241486
68.785574,203,468.477259
55.422951,193,468.611212
257.494273,312,468.921849
91.589809,213,469.071062
114.459007,199,469.212399
241.676026,282,469.501958
95.002747,225,469.658207
247.580753,267,469.940177
142.035599,187,470.07013
256.656278,313,470.38347
280.059173,244,470.553244
177.81713,221,470.802462
135.209953,224,470.958477
288.095456,340,471.290406
82.896017,224,471.444041
254.405805,250,471.711931
137.266061,184,471.840258
141.407318,220,472.09034
118.791623,190,472.22309
177.542458,205,472.365129
251.0603,262,472.643358
5.143679,141,472.741512
53.675133,158,472.852098
121.29763,192,473.082232
149.385914,188,473.213999
147.224648,184,473.341306
133.325927,162,473.667056
249.7203,258,473.844856
135.200421,186,474.199316
151.527387,192,474.3334
181.558633,222,474.488629
15.897726,170,474.82987
198.413604,218,474.980763
171.370201,194,475.320691
60.262426,153,475.426493
38.55719,189,475.557943
176.6105,184,475.920913
34.297663,135,476.015089
85.892033,205,476.157926
176.159638,193,476.51703
142.141645,190,476.650605
-17.439192,139,476.747375
100.993309,194,477.107123
96.042736,206,477.251197
116.098649,185,477.380322
88.202923,179,477.740506
-2.533245,133,477.831831
172.649994,183,477.958085
68.697488,173,478.31003
137.089339,183,478.438986
219.900706,213,478.812354
135.685679,170,478.929265
181.648624,204,479.071328
147.18701,217,479.424476
3.815304,151,479.529835
77.632996,154,479.635126
161.024551,179,479.85324
158.610842,224,480.007496
61.425314,165,480.121404
270.479349,227,480.376009
152.278135,177,480.4974
202.214859,224,480.748482
208.300223,245,480.917791
265.738157,258,481.19271
168.825343,211,481.339462
38.26209,170,481.457264
167.209186,199,481.69038
160.401598,178,481.815789
127.131207,158,481.924795
192.595016,324,482.246123
107.934855,170,482.362939
184.26589,215,482.711564
-13.821279,152,482.816156
256.931351,258,483.089913
205.204563,238,483.253515
138.35368,156,483.360954
105.565995,169,483.683501
112.786575,241,483.850182
279.703528,477,484.407608
-100.91939,222,484.768273
-23.76754,207,484.916336
67.076632,153,485.022002
142.966171,216,485.392621
221.59544,245,485.565459
520.822277,734,486.53811
291.773273,259,486.719288
173.478255,317,487.150013
101.002959,194,487.284993
8.243219,190,487.417975
238.021929,257,487.821567
398.979245,388,488.317203
35.597498,237,488.483611
185.229475,306,488.901422
344.205845,413,489.399742
262.70175,519,489.97024
96.780197,184,490.10128
707.772567,904,491.182859
279.561455,504,491.767763
490.27863,596,492.385648
282.86969,339,492.846544
492.362292,512,493.4152
184.683494,244,493.584356
458.040981,436,493.983772
119.567967,191,494.117685
232.256421,246,494.384794
245.160971,285,494.583112
46.152547,323,494.903413
10.452916,199,495.585494
148.193172,196,495.917589
116.942302,166,496.031979
230.301415,220,496.186375
205.043559,245,496.453768
161.394315,194,496.588445
118.421383,199,496.823238
319.103168,254,497.000134
233.725469,233,497.25839
249.25358,287,497.456955
85.934665,155,497.564329
250.017879,235,497.925603
104.506524,173,498.044798
45.680869,178,498.264634
196.845513,189,498.395593
187.699897,256,498.572422
84.185025,164,498.803073
48.674362,176,498.925211
89.929574,261,499.203947
113.989563,147,499.305494
193.446892,227,499.461676
232.862055,261,499.737826
254.932491,455,500.152598
164.227879,217,500.303595
160.166006,233,500.560847
1238.033597,1000,501.44559
170.049111,178,501.568868
101.896663,162,501.680837
101.614099,207,501.922406
253.081898,228,502.079742
66.425742,155,502.188328
86.716901,158,502.442519
159.947243,182,502.568716
125.368147,174,502.688618
160.311337,182,502.910701
183.466009,195,503.045503
172.072634,246,503.311857
136.93579,182,503.437685
109.498261,175,503.558298
132.05191,211,503.801072
143.925713,187,503.931714
90.033989,189,504.158689
177.118831,186,504.289391
169.631017,172,504.408525
66.819224,166,504.618504
77.061825,161,504.729458
51.97291,216,504.878899
215.772333,223,505.129714
181.816129,229,505.288376
112.741631,162,505.399982
8.255382,135,505.590475
189.252507,211,505.736206
57.528603,146,505.83635
149.808115,189,506.063751
144.401339,181,506.189526
209.673719,233,506.55623
183.432277,210,506.701933
161.224096,173,506.822578
131.972349,162,507.029332
183.612828,198,507.166716
108.590545,169,507.283716
102.069583,153,507.485623
97.533632,149,507.588538
94.157949,200,507.726197
101.622213,146,508.038807
214.906194,250,508.212671
160.832364,183,508.338644
127.505902,189,508.671724
99.777599,162,508.783616
88.896152,158,508.891858
162.565756,214,509.279746
138.183608,175,509.401649
151.820682,205,509.767827
34.779287,138,509.863752
15.516974,148,509.966325
162.61931,185,510.295722
89.048236,223,510.453541
23.10795,141,510.550065
137.563385,178,510.878895
103.412516,162,510.990186
121.226273,162,511.101506
80.661465,156,511.413566
186.573157,223,511.574648
81.044976,157,511.683645
145.708238,175,512.011335
124.25812,154,512.117657
116.530648,149,512.220738
122.306812,152,512.517161
187.487298,182,512.643959
176.381834,187,512.773138
68.186252,173,513.09716
67.5844,157,513.208256
20.86955,135,513.301153
206.236362,195,513.633286
114.469676,170,513.753309
70.820652,162,513.865884
46.285055,152,513.971794
157.761616,183,514.324263
125.091812,160,514.434674
150.72676,185,514.787953
103.057139,160,514.898616
142.811456,179,515.022596
118.307829,152,515.12823
35.502645,171,515.451645
116.521533,164,515.56572
117.880202,148,515.667892
317.438139,299,516.080911
131.869815,163,516.192413
82.72053,155,516.534299
116.367972,194,516.669243
63.296321,141,516.767302
97.558156,194,517.106805
95.993228,152,517.211808
77.588425,170,517.328686
262.106473,223,517.687892
215.622371,229,517.847053
99.145031,152,517.952508
227.095047,183,518.313424
102.151797,184,518.439749
113.46476,157,518.547787
85.011084,160,518.881626
87.973754,152,518.986318
141.837168,211,519.331851
137.936969,203,519.478743
119.530314,144,519.578071
191.480811,208,519.924311
208.568557,218,520.076746
54.753853,178,520.20073
254.643177,229,520.56416
108.002451,169,520.681376
118.475931,145,520.78145
101.623842,159,521.110734
96.457592,136,521.204788
68.794858,164,521.317677
62.652297,172,521.659434
118.406421,146,521.762542
227.098317,238,521.928019
105.434388,159,522.263063
199.761838,224,522.417833
108.794368,143,522.515776
153.49491,171,522.85915
147.511134,171,522.977943
123.659623,165,523.092283
111.119171,174,523.421574
158.434325,171,523.540477
113.943003,146,523.641793
82.959853,147,523.980172
205.512943,199,524.119038
96.157894,146,524.220058
189.718074,186,524.556072
103.324889,192,524.691157
171.404668,184,524.818499
59.365863,132,525.111607
191.076592,185,525.240043
109.694516,179,525.363432
114.671437,156,525.675448
154.804166,170,525.793784
153.632957,169,525.910603
122.183962,148,526.241605
70.330448,161,526.352025
152.122914,185,526.48133
175.722902,176,526.701272
102.26378,161,526.813602
109.114979,159,526.923546
160.621979,178,527.143682
165.415893,185,527.277474
99.720408,212,527.426315
193.263192,187,527.653441
79.260619,142,527.751637
133.072647,178,527.876175
99.091945,158,528.080647
156.716866,162,528.192782
126.421484,279,528.596077
99.087165,168,528.711738
247.822801,263,528.894132
-13.767209,139,529.228281
137.284492,167,529.344148
110.205488,161,529.454719
116.874623,188,529.821054
196.843251,184,529.950059
196.674619,188,530.080902
157.377333,182,530.434591
162.482786,168,530.551372
136.848404,153,530.65655
126.31587,160,530.983037
128.048627,178,531.107597
278.667673,241,531.498968
231.373432,240,531.665162
162.886838,182,531.791625
142.868216,161,532.107673
160.092353,164,532.221851
148.270666,192,532.356579
122.80606,172,532.704992
167.077448,180,532.830801
709.865563,717,533.562629
16.64438,168,533.902648
165.651639,183,534.030337
193.796727,183,534.388181
240.161955,253,534.575966
168.984405,183,534.703779
169.103246,175,535.027809
176.827431,191,535.161242
112.829052,202,535.303869
166.280159,173,535.628068
305.489517,310,535.842196
93.247829,168,536.168794
231.291593,285,536.367461
160.642477,238,536.768212
214.619951,237,536.933031
284.175905,271,537.345964
172.420996,204,537.487617
83.210018,172,537.702565
153.638042,225,537.860585
214.218026,220,538.01431
120.016156,174,538.231171
269.061161,243,538.401312
190.096617,205,538.63809
168.131132,182,538.76483
124.021719,214,538.914317
174.974936,193,539.142996
201.855777,299,539.35416
237.004077,246,539.618052
191.908383,194,539.753032
218.275689,239,540.012323
295.11036,283,540.20914
330.803987,361,540.552537
130.904838,223,540.70763
348.640425,320,541.023854
276.219189,362,541.372791
139.257165,209,541.518124
289.308253,263,541.798445
251.513998,272,541.988249
502.191199,410,542.370494
343.897639,328,542.694149
242.430748,270,542.884508
278.418539,322,543.205459
225.165979,259,543.386
253.683914,246,543.65359
143.130203,185,543.78423
186.993063,188,543.916244
210.615387,221,544.166194
285.105356,271,544.355986
107.46257,280,544.648169
159.462616,186,544.779284
231.522386,295,545.080939
200.224304,205,545.22701
311.38011,308,545.53659
115.760208,201,545.676768
268.15562,273,546.844114
97.004401,217,546.996368
224.439494,253,547.270407
358.782249,311,547.489109
264.60716,271,547.776417
324.732911,298,547.985399
379.15098,626,548.629061
158.468206,188,548.761123
1055.648465,1000,549.886201
192.572754,493,550.434246
317.480253,306,550.848475
294.054996,278,551.046443
336.045815,281,551.474399
163.925239,266,551.662691
289.365884,327,552.115959
123.055447,212,552.26527
219.066772,267,552.608619
258.714613,272,552.801757
191.744753,292,553.226784
244.770789,285,553.425743
337.661549,374,553.924752
43.621339,213,554.270688
191.966208,229,554.432315
96.914397,230,554.593158
126.619789,429,554.990944
707.618333,955,555.855895
309.745678,271,556.140609
252.692571,291,556.344954
119.133079,204,556.584977
16.48756,310,556.808215
1109.836398,1000,557.698166
294.781625,572,558.196075
652.947141,863,558.987868
276.963642,381,559.353954
166.450923,201,559.493727
89.673308,231,559.761738
434.789302,788,560.411011
106.384038,205,560.649085
252.422429,307,560.861835
225.515829,309,561.172065
319.581231,373,561.433043
201.047105,271,561.715393
275.357105,492,562.155873
266.108833,254,562.333227
270.228809,312,562.645345
241.488612,282,562.937875
162.255851,386,563.208955
950.720886,980,564.282758
265.019163,289,564.691277
156.287206,184,564.820239
310.454099,262,565.227593
307.521092,325,565.454748
254.887888,226,565.817907
165.542678,219,565.972165
202.587463,283,566.372936
239.147701,289,566.574588
262.143414,273,566.967517
284.572874,230,567.127085
357.619859,380,567.618784
1291.78496,1000,568.750067
130.251502,379,569.239473
117.119046,213,569.387965
254.244669,267,569.785855
266.020939,280,569.983046
206.820632,228,570.347193
143.42284,383,570.617087
231.746463,240,571.010267
110.139555,220,571.16549
-51.371353,301,571.617163
3.706161,337,572.091182
248.693276,261,572.275001
120.519153,216,572.621729
197.186499,279,572.822818
147.320158,215,572.973372
162.576793,210,573.356084
75.089525,204,573.499852
116.270534,324,573.931122
292.541032,347,574.384509
150.96553,533,574.982056
168.211282,240,575.150832
170.760986,217,575.505379
203.359979,300,575.714717
331.317222,414,576.228863
201.645071,204,576.372683
519.541092,542,576.976355
284.868916,274,577.401879
208.846152,290,577.604942
1.982554,388,578.101305
442.474255,405,578.6029
191.711717,243,578.995028
164.328927,232,579.174455
228.267368,260,579.358066
242.415206,243,579.762828
236.275967,262,579.946939
221.763488,394,580.426131
183.345163,219,580.805164
100.529521,214,580.954741
454.260016,425,581.469365
152.618149,348,581.940562
248.975538,466,582.268862
379.735186,804,583.143268
270.89267,276,583.434022
206.520132,240,583.60233
160.612816,332,583.936728
116.364896,197,584.073562
137.147779,189,584.210254
540.946217,916,585.27331
256.889944,234,585.660761
1157.835439,1000,586.818879
1029.720222,1000,587.948054
179.968782,209,588.093328
185.927354,260,588.481156
230.977305,232,588.648735
359.624836,400,589.130686
367.617089,334,589.36333
196.111239,282,589.774622
322.247249,292,590.204323
259.067954,217,590.359271
158.72666,272,590.550389
126.159517,205,590.907359
1133.239904,1000,592.051932
147.377312,206,592.19594
203.079342,376,592.659843
213.852537,246,592.833184
248.690402,240,593.228127
407.863417,303,593.641172
256.279171,291,593.84885
134.692343,189,593.981778
154.303658,189,594.341604
124.854796,203,594.483384
258.351491,228,594.870491
184.397911,181,594.997389
194.411941,282,595.421834
138.088199,201,595.563228
241.296431,240,595.729394
706.170273,955,596.827278
211.252682,218,597.176554
135.414962,188,597.30848
147.59337,190,597.441966
25.653596,140,597.764475
279.552337,310,597.980883
123.283778,157,598.32041
162.113002,245,598.489591
124.497769,196,598.852661
192.023274,237,599.025048
75.813103,215,599.174577
34.58953,139,599.480573
215.640603,241,599.647565
159.145053,203,600.574016
435.728381,360,600.83081
111.739963,198,601.166395
637.106085,654,601.81845
101.782607,197,601.955754
86.927662,339,602.283358
517.759465,513,602.736555
144.598583,184,602.865133
-3.554935,177,603.082975
293.840351,278,603.277511
126.945126,156,603.480219
76.019564,206,603.624351
261.72573,234,603.785024
155.542452,187,604.009959
127.630126,159,604.119564
96.571344,209,604.266064
39.024038,147,604.463838
178.122709,259,604.644456
168.946008,192,604.873061
219.098999,254,605.047832
114.911688,207,605.286868
157.463434,187,605.418008
84.980658,168,605.533399
131.321606,230,605.785952
381.002182,318,606.006037
132.288767,203,606.242841
137.320465,172,606.36114
140.474761,191,606.494207
267.44267,298,606.79768
131.55905,206,606.9404
162.914749,226,607.294594
163.578525,205,607.436893
291.109804,266,607.831488
143.280832,217,607.981325
179.519869,187,608.337074
353.189605,291,608.5415
235.089007,237,608.918245
272.394631,262,609.099329
251.662969,293,609.529626
176.407665,219,609.679906
134.396374,193,609.813555
167.750607,276,610.100294
206.674042,185,610.227733
150.861554,173,610.442533
301.178075,259,610.621913
87.043091,209,610.862159
266.028583,271,611.049937
183.573617,297,611.35151
175.590091,187,611.481937
188.822117,206,611.624297
254.536207,252,611.896004
195.149342,274,612.307697
39.029817,151,612.415839
251.821919,241,612.582809
171.577894,201,612.927301
84.029036,176,613.049828
115.480499,164,613.163713
256.791228,263,613.441723
303.666313,255,613.618414
292.479065,231,613.873917
45.646842,138,613.969348
160.175956,214,614.117427
82.662867,165,614.329181
208.553266,222,614.483065
272.826039,254,614.885675
115.624277,199,615.02501
186.579085,211,615.37226
123.431554,228,615.531458
52.910734,149,615.633853
73.697037,251,616.041317
63.033578,170,616.158777
-46.844379,116,616.238567
274.52878,222,616.621081
261.794324,253,616.798934
177.357703,197,617.169938
644.356861,880,618.019067
1182.745327,1000,619.14918
189.348428,196,619.522031
1069.991703,1000,620.646132
152.046093,191,620.779357
150.153892,194,620.915074
210.91956,200,621.259186
174.215603,200,621.397724
194.119795,195,621.756752
174.49322,185,621.885179
252.614032,259,622.063689
200.41192,290,622.474344
94.658428,165,622.588081
31.261855,133,622.904248
172.028097,194,623.03922
132.62005,182,623.164931
209.411586,209,623.542669
67.929122,142,623.640971
141.786916,176,623.762513
146.736757,176,624.120548
271.910226,227,624.277796
368.250641,250,624.683227
302.597165,248,624.857644
127.433828,196,624.994469
24.015823,165,625.334886
153.154523,157,625.443322
201.635172,247,625.816353
57.783156,143,625.916938
64.656208,152,626.022962
182.357688,193,626.360749
137.257184,163,626.476031
82.61338,169,626.592506
41.406225,133,626.683856
122.867407,160,627.030428
52.672312,156,627.139147
141.476262,147,627.241924
252.523883,222,627.634191
101.145462,166,627.750024
69.263906,141,627.849393
49.928357,126,628.160563
68.378598,145,628.262128
172.079017,192,628.397033
31.270012,130,628.719966
65.285878,137,628.819579
174.270228,177,628.94276
126.270965,160,629.053994
66.343282,131,629.347926
144.603808,160,629.45785
164.140958,182,629.583791
21.392338,116,629.900093
33.308401,146,630.002017
188.002332,186,630.132013
41.930567,119,630.215605
174.419134,202,630.594012
119.478603,162,630.707093
54.457493,131,630.797801
113.334764,148,631.103949
78.568274,143,631.203584
147.132564,155,631.311244
144.82199,154,631.622644
115.399577,140,631.720187
120.351284,155,631.828594
37.537677,128,631.916832
97.859823,153,632.259286
170.419824,187,632.389717
6.902705,124,632.476223
162.373842,154,632.816602
146.385589,159,632.927066
144.323196,144,633.026644
180.595091,155,633.35206
54.071479,156,633.463739
128.782432,139,633.559903
170.335049,154,633.66588
94.794078,185,634.02794
172.183317,147,634.130212
309.205253,211,634.277504
136.676553,183,634.641864
95.8738,170,634.759192
104.334799,162,634.968354
195.913635,169,635.086683
93.192807,184,635.215097
145.683367,167,635.428671
88.02748,144,635.528723
172.386386,177,635.652323
0.881167,116,635.732828
166.273572,173,635.949961
168.913628,184,636.078048
109.08552,143,636.177121
120.754329,167,636.391155
110.759094,183,636.520051
63.635931,146,636.622091
39.793817,130,636.811254
121.736397,142,636.91025
117.355217,166,637.025867
91.930002,160,637.137892
26.378594,128,637.32245
127.598554,153,637.428273
152.449594,175,637.549769
134.824444,190,637.781375
84.515458,161,637.893046
113.966626,203,638.036586
170.847328,187,638.262386
197.023418,234,638.424427
132.91794,151,638.625782
135.26911,174,638.745934
133.972469,165,638.859551
133.750066,141,639.05389
87.482477,143,639.154578
55.876101,172,639.273049
107.260619,146,639.373815
106.967377,152,639.57489
127.016108,172,639.694779
64.917273,143,639.793465
263.121333,237,640.053563
87.880402,196,640.19012
105.293048,153,640.296589
118.715035,153,640.497235
58.521541,164,640.611399
120.091197,178,640.736354
130.159046,150,640.936121
16.168116,126,641.024281
157.604038,202,641.165045
167.395047,158,641.370373
174.214319,191,641.503074
-0.508202,116,641.583546
113.848369,140,641.777101
7.649762,124,641.862974
93.215536,170,641.982497
131.309808,196,642.225123
86.073304,140,642.322301
62.769806,133,642.414827
93.447084,151,642.520251
-2.707235,132,642.706919
114.725886,169,642.825575
-10.846028,119,642.908837
124.074102,200,643.155488
76.267312,159,643.266059
62.757434,134,643.359372
62.370554,143,643.458142
114.970627,167,643.670494
6.631358,158,643.781216
125.291847,194,643.915926
28.359276,145,644.113053
93.065212,170,644.231117
2.887272,135,644.325387
61.902424,146,644.521832
92.222464,181,644.647737
226.621278,217,644.810366
-49.625716,132,645.000049
181.606086,198,645.144221
72.336433,145,645.246634
84.45426,143,645.442712
143.946778,183,645.57025
164.510078,193,645.704723
-4.094455,121,645.885751
94.398444,161,645.997573
127.899841,189,646.130265
-6.770019,154,646.333076
73.83109,178,646.456228
114.36884,158,646.565995
100.185851,162,646.684646
1.284399,117,646.869052
110.605575,178,646.992307
98.739919,152,647.098174
42.229128,124,647.280795
51.352872,136,647.37592
145.834194,245,647.545957
21.753469,131,647.733456
107.826008,153,647.84023
4.807055,126,647.928007
80.48366,156,648.03551
67.872411,170,648.254984
134.281267,177,648.377086
159.084559,178,648.503114
45.601878,150,648.818676
160.861501,166,648.933399
95.626736,169,649.05075
78.277482,152,649.253266
4.881139,122,649.337969
-11.285283,155,649.444211
124.521826,154,649.648316
136.843309,190,649.781207
-10.239658,135,649.874363
-2.838418,136,649.969074
100.102244,177,650.307451
83.126456,136,650.873512
6.557062,127,650.96284
9.718562,144,651.158943
150.487088,165,651.272668
74.938854,160,651.383449
52.767624,150,651.583008
119.588933,183,651.71071
84.234696,146,651.812933
101.545531,146,651.914365
80.930507,144,652.109932
54.339301,152,652.216273
-25.011929,115,652.296761
64.647908,185,652.521422
122.612161,190,652.652861
147.607657,194,652.788716
151.108339,184,653.011863
112.238011,160,653.122812
118.184578,151,653.228537
88.498033,151,653.533444
178.27653,187,653.663915
155.742825,189,653.795941
57.46872,150,654.122932
145.506978,173,654.244231
87.576465,148,654.346938
67.587616,143,654.658485
114.164194,174,654.778501
47.024887,173,654.898766
62.399856,150,655.226973
134.059278,190,655.362451
48.947975,154,655.469507
54.43533,147,655.767301
83.047751,181,655.897993
-45.690435,130,655.98778
136.136639,172,656.106122
93.431552,181,656.457211
144.239742,199,656.59463
130.566208,217,656.841233
206.624376,246,657.012242
116.473136,235,657.27124
164.801203,190,657.403798
98.339712,198,657.541054
34.245626,145,657.736804
222.527047,221,657.891615
103.324156,170,658.008341
-21.997042,131,658.196916
94.023116,149,658.299583
139.416304,170,658.417269
167.348127,178,658.635255
97.653791,176,658.75724
435.882631,422,659.143568
70.319137,183,659.270536
101.833863,162,659.381917
158.849593,190,659.608861
141.250503,240,659.773105
104.215235,175,659.989357
11.479729,156,660.097006
6.801455,160,660.207348
57.922275,138,660.302778
45.834785,143,660.496965
250.708789,234,660.657332
140.669948,184,660.880032
136.574526,186,661.00908
284.408098,292,661.307127
108.603675,171,661.426702
65.022172,182,661.552794
129.781109,175,661.769406
106.45134,194,661.903049
140.243877,201,662.042003
26.041965,168,662.255112
150.571191,179,662.378576
121.558306,166,662.492477
200.462121,233,662.74916
179.842625,186,662.87937
107.184119,206,663.118191
78.807343,181,663.244596
79.253765,196,663.380769
96.797331,193,663.622298
58.024448,158,663.73095
95.899154,174,663.85006
131.141136,207,664.091791
124.925463,192,664.226561
23.907089,148,664.329267
230.836696,251,664.603205
122.57763,177,664.725593
57.405983,210,664.967547
47.812833,129,665.056901
136.998712,174,665.177031
218.463663,319,665.492915
56.87549,144,665.592163
12.641186,168,665.708165
153.382749,216,665.954231
156.76651,190,666.08709
1.937619,194,666.320087
98.81941,194,666.456322
126.402445,189,666.588982
101.79587,187,666.930145
102.095552,168,667.046303
151.714849,180,667.173757
102.602154,167,667.509397
60.949141,154,667.616628
62.609823,152,667.722025
182.863109,184,667.946123
214.726698,243,668.114041
184.458864,195,668.346596
168.560181,215,668.496223
74.02493,145,668.59615
135.652924,190,668.926291
103.983186,185,669.054771
135.500997,222,669.209356
151.201445,197,669.558011
115.25141,217,669.709213
65.06271,207,669.949723
32.106089,153,670.05508
121.907039,189,670.188367
79.231547,146,670.385792
-3.747998,143,670.485071
221.157857,246,670.655266
35.76149,182,670.879596
61.631949,170,670.997216
116.047021,181,671.122318
73.965337,191,671.352808
100.489782,167,671.467769
-43.169853,114,671.547403
21.954062,143,671.747943
101.909273,166,671.863213
141.252089,221,672.016549
10.348377,151,672.216993
134.193294,187,672.346355
58.442291,170,672.464181
121.033137,210,672.711788
209.699716,268,672.898944
9.482755,145,673.171384
107.533172,186,673.301161
-15.078347,140,673.398357
237.422109,235,673.660103
55.253824,212,673.80765
97.154517,191,673.940008
67.698523,180,674.162517
43.327196,141,674.26027
80.749211,164,674.373355
-28.22122,137,674.666039
90.393229,204,674.808175
103.539056,221,674.961632
93.405375,186,675.315548
100.230533,234,675.477583
117.432611,193,675.836445
-47.164884,133,675.928727
149.023556,243,676.096355
54.094711,163,676.433763
69.917356,175,676.553722
173.335695,204,676.696562
105.606612,162,676.931819
157.583924,217,677.082863
38.873669,155,677.285981
127.263734,219,677.437849
144.72776,217,677.587921
-21.013987,126,677.77917
410.380572,408,678.069872
39.15004,186,678.295086
213.238839,231,678.454739
233.905754,336,678.783732
258.378811,261,678.964653
267.730287,295,679.267447
138.400309,219,679.419197
68.805902,160,679.730996
197.04445,261,679.91151
3.455107,128,680.000227
152.093813,225,680.250556
181.487445,241,680.41687
23.272332,147,680.61339
87.073653,195,680.749721
29.119477,151,680.854788
90.016018,208,681.095504
33.164929,158,681.203917
6.236384,138,681.299704
106.833501,212,681.543301
177.652624,196,681.679925
151.21157,214,681.926146
94.010009,168,682.04304
139.723894,228,682.201453
241.889771,255,682.474732
269.8203,289,682.675975
122.603188,200,682.911207
276.110578,296,683.115322
128.079025,215,683.359888
273.323842,262,683.540436
330.184981,323,683.860048
133.734061,227,684.017995
256.637599,274,684.305226
211.405245,253,684.479084
104.659524,209,684.720568
369.909651,395,685.17592
131.474119,214,685.32584
602.535585,859,686.222514
140.912221,222,686.377599
129.795879,177,686.500587
167.11063,227,686.755451
144.09233,237,686.922653
64.400103,200,687.267834
211.761502,250,687.44047
222.996955,285,687.736386
472.657876,506,688.185313
152.140812,266,688.37244
179.906614,269,688.662529
162.532707,232,688.824853
216.692013,286,689.121047
140.719186,228,689.279328
253.608651,268,689.562063
103.801593,208,689.707006
371.170596,398,690.181791
143.138132,241,690.347757
250.197475,321,690.741518
83.419946,197,690.879489
96.693822,212,691.125221
206.031102,231,691.285862
11.332404,133,691.475154
113.189991,188,691.605014
211.541751,356,691.951005
243.613415,290,692.152267
195.762964,256,692.427323
917.766865,1000,693.418675
288.548245,325,693.644624
64.856099,176,693.861993
155.014701,218,694.013431
51.575106,166,694.129949
175.900482,294,694.535123
132.658643,195,694.671511
100.216319,215,694.917576
59.216669,186,695.049855
67.188738,201,695.392696
251.797937,274,695.583623
53.898823,159,695.693224
286.567717,423,696.083209
71.10367,169,696.301193
64.952227,163,696.41498
148.437177,253,696.591021
122.072969,186,696.833295
300.50046,323,697.059118
221.959649,291,697.486193
107.621387,209,697.63432
50.845634,164,697.845706
88.535468,184,698.690174
149.081071,213,698.840131
1.629355,166,699.162162
363.505915,315,699.382674
122.444786,223,699.75006
166.483715,226,699.90695
236.044616,299,700.211737
117.007647,196,700.351194
247.495835,284,700.647582
142.392627,199,700.787619
26.27233,190,700.920781
106.538161,198,701.158543
122.274093,186,701.289402
75.926975,166,701.500914
159.733535,220,701.65512
76.350153,213,701.806975
402.426009,486,702.240571
75.98339,207,702.48418
144.856842,335,702.716145
165.786405,227,702.97038
127.892836,200,703.110956
122.863346,191,703.445195
82.539629,188,703.578266
94.406322,188,703.711467
16.265026,160,703.92151
-49.288481,121,704.006856
104.24168,180,704.132717
46.932311,180,704.35449
51.320276,153,704.461576
135.224303,208,704.606648
73.724029,183,704.831863
85.000812,197,704.972516
116.313638,181,705.09976
32.843244,152,705.301285
72.755727,151,705.40579
82.843706,189,705.538802
146.729754,196,705.862209
102.299821,163,705.976273
203.140231,237,706.238007
-37.554069,144,706.337174
27.251155,181,706.46402
80.052543,158,706.573974
36.318588,145,706.772886
72.99333,165,706.887953
303.541905,285,707.183617
137.214144,197,707.322359
100.167498,191,707.456403
128.102054,196,707.688161
135.565803,199,707.828862
205.87853,217,708.082337
156.409261,207,708.228567
74.437246,157,708.338814
69.249574,174,708.558243
35.646428,170,708.678045
114.953487,169,708.795845
154.810225,184,709.021384
178.550087,213,709.171837
192.472959,223,709.426705
67.630154,161,709.538342
106.673262,179,709.663566
135.680173,188,709.892131
253.92227,319,710.115107
165.288584,198,710.349647
253.078993,227,710.507799
260.317312,366,710.861265
44.044096,176,710.984684
214.463098,235,711.244042
75.894484,153,711.350948
71.685519,170,711.470079
177.667507,256,711.743657
85.88118,154,711.851932
202.00488,217,712.003238
183.444032,218,712.356434
95.212619,203,712.499133
174.628009,197,712.733357
378.2134,350,712.977817
101.07339,182,713.203333
96.583108,192,713.345237
239.761688,246,713.51628
103.658112,200,713.85651
179.074054,306,714.071038
56.203792,174,714.396235
206.633546,244,714.567319
169.943213,196,714.904361
182.23379,236,715.068226
128.711632,198,715.305494
241.99899,237,715.471569
47.030569,179,715.598891
93.509742,185,715.828248
27.950063,183,715.957069
141.480276,205,716.101959
146.322726,208,716.346401
325.591321,376,716.705601
127.584053,178,716.830808
97.124445,202,716.973322
73.623771,175,717.19197
199.851204,230,717.353155
123.139605,201,717.588908
82.775531,166,717.705292
76.978784,155,717.814349
104.816499,180,717.941056
182.606595,249,718.211142
108.354503,196,718.348937
62.757248,184,718.57329
13.718106,175,718.696283
86.020418,190,718.830801
52.50293,169,719.046041
91.870242,171,719.165851
-47.173894,116,719.246673
18.231466,184,719.471885
119.863378,173,719.592043
116.042167,174,719.713069
135.73067,180,719.934741
88.834288,162,720.048012
74.558889,152,720.154218
125.628042,206,720.392387
74.18965,179,720.51857
30.91269,187,720.651123
139.147143,193,720.88068
40.141173,150,720.986104
91.801589,172,721.106782
84.547188,157,721.415395
66.456037,162,721.528423
54.281567,157,721.638688
-85.93946,141,721.834884
96.67444,207,721.980788
-83.04324,160,722.091059
39.126793,151,722.29283
208.774078,216,722.44451
67.92143,146,722.547022
19.452677,132,722.73423
157.802454,197,722.873979
60.374465,166,722.990739
233.938667,203,723.227899
88.652018,180,723.353475
109.332375,161,723.46515
98.500619,177,723.801469
102.745415,197,723.941349
114.125857,182,724.070729
121.301728,167,724.283344
88.971868,155,724.394808
166.602887,230,724.650635
-18.818781,129,724.741442
76.027886,144,724.845857
171.855204,180,724.972538
186.286721,184,725.321463
57.316884,136,725.416842
5.666185,140,725.514971
132.855906,195,725.759225
72.253318,156,725.868458
169.046703,207,726.021244
118.00444,185,726.352322
49.339341,151,726.457951
107.240577,147,726.561735
111.884161,141,726.757609
139.483026,176,726.880531
101.113262,157,726.990703
96.017471,160,727.198744
99.029553,185,727.328078
78.662283,141,727.430993
45.736,157,727.646035
57.545558,147,727.750277
98.368473,152,727.858066
167.475468,178,728.07769
78.659467,159,728.191115
103.496645,155,728.299522
161.151069,200,728.535926
87.222815,182,728.665817
95.65114,170,728.784554
73.464214,157,728.988578
90.469935,152,729.095776
100.83834,174,729.219171
101.012112,147,729.321816
119.8344,190,729.552449
114.050342,161,729.665003
88.059785,146,729.767092
73.454732,169,729.98232
90.24421,212,730.133936
124.910161,161,730.247247
66.73939,177,730.471454
289.255888,338,730.706833
174.517034,211,730.957743
112.05792,159,731.070599
103.393933,149,731.17518
34.686816,152,731.378567
-27.155607,113,731.458879
72.723661,168,731.575912
149.226658,180,731.801433
159.171622,197,731.940261
194.440002,224,732.098296
1.400528,188,732.327071
56.43226,161,732.440304
196.6972,218,732.689402
84.179064,164,732.804796
146.196692,243,732.976047
82.130278,154,733.185727
91.042236,174,733.30824
191.132937,188,733.441045
165.198726,200,733.677503
-6.29972,130,733.769673
92.404065,148,733.874002
303.986695,313,734.191
47.199737,148,734.294989
169.017753,185,734.521734
-1.517793,172,734.64301
105.301988,161,734.755344
68.959689,152,734.957925
141.117527,186,735.088887
120.270086,168,735.207111
69.748544,151,735.509138
72.787611,161,735.622468
-46.525292,107,735.697737
465.596367,440,736.103121
158.208805,183,736.232767
88.255009,150,736.434133
141.915088,154,736.542284
97.777782,181,736.669124
187.005233,193,737.109847
78.452306,170,737.230377
134.785116,171,737.351263
179.285255,190,737.709469
234.720948,227,737.868049
167.860102,198,738.007899
125.68639,179,738.227941
128.849408,144,738.328878
249.912353,230,738.586249
139.306176,156,738.69481
133.215486,166,738.810125
89.806975,193,739.03937
158.724763,175,739.161177
220.877906,219,739.313591
97.182775,158,739.52101
140.578115,174,739.641738
84.681616,184,739.773942
-15.508434,127,739.957893
112.769208,166,740.074995
64.572313,162,740.188538
203.082249,238,740.450294
107.080375,175,740.57372
210.827415,216,740.725028
76.295006,141,740.919074
127.009695,197,741.059049
94.655043,170,741.178219
100.329126,151,741.379645
131.312308,163,741.493684
67.534345,157,741.60363
62.377576,146,741.800251
109.249541,159,741.911719
115.280339,176,742.034877
69.864496,151,742.235109
111.025688,151,742.344005
110.779575,144,742.444683
-18.060058,121,742.529156
23.722462,121,742.708766
95.538463,160,742.821373
86.57873,136,742.921284
93.728991,153,743.122257
165.120815,181,743.250312
82.364204,157,743.360391
87.849198,154,743.468315
122.976241,175,743.697971
58.666507,140,743.796247
89.606524,152,743.903807
39.616781,122,744.084521
81.374132,146,744.187312
152.406569,211,744.336096
134.246832,178,744.556293
14.110979,128,744.646341
82.290947,165,744.761246
76.626247,144,745.48271
101.211981,167,745.600511
-66.588054,142,745.69931
-14.618832,140,745.797183
106.435904,183,746.021117
15.647539,127,746.110729
1.66462,121,746.196159
53.578759,161,746.406261
-34.620763,128,746.496534
109.901802,149,746.60101
10.515254,119,746.684412
120.069353,194,747.041452
37.252501,167,747.159967
0.735022,128,747.249754
78.739725,148,747.448171
50.545593,146,747.551569
102.636762,163,747.666379
-23.187538,119,747.750661
10.379514,138,747.944069
186.90111,227,748.102765
55.690153,190,748.235754
36.807359,155,748.440438
100.608341,195,748.576688
104.950946,155,748.685086
181.298807,181,748.907153
-26.668819,128,748.996244
85.989301,154,749.105278
112.688799,160,749.415016
137.323936,191,749.549753
107.43296,178,749.674092
134.241581,166,749.885432
82.298086,153,749.992987
57.620525,139,750.08982
20.384836,137,750.281796
46.418038,138,750.378795
87.543795,139,750.47674
15.11846,164,750.5924
105.790793,171,750.805633
125.953223,175,750.928238
114.970646,170,751.046511
55.84047,179,751.268042
-19.534391,123,751.354493
89.941032,157,751.464764
464.515102,437,751.95757
-21.323695,121,752.042617
51.263296,183,752.266374
102.236463,199,752.406301
42.9127,130,752.497626
29.762686,147,752.6961
-11.994478,145,752.797824
-35.114445,103,752.870322
62.50636,152,753.071407
-6.661434,130,753.164361
111.95714,146,753.266943
59.102333,188,753.398733
46.363284,126,753.686589
109.930235,180,753.812361
206.533323,232,753.975262
86.300611,160,754.181166
98.404307,175,754.303096
126.088832,213,754.546456
25.824922,145,754.648762
1.151172,144,754.751222
30.84524,126,754.840182
53.849247,151,755.041014
217.206451,299,755.251589
84.304016,147,755.448771
105.553299,157,755.559949
161.734381,274,755.75197
192.537493,209,756.098182
29.312106,166,756.213653
-99.723311,146,756.314318
134.327747,207,756.555311
1.382063,127,756.644677
49.186181,208,756.791651
90.404925,149,756.990011
27.339688,166,757.105848
85.828438,162,757.222538
140.485358,166,757.561763
-31.336079,121,757.64766
100.76955,168,757.765409
31.358524,135,757.955444
18.576074,125,758.046848
-3.280019,168,758.165146
83.837463,165,758.280505
0.417138,130,758.470784
-62.919375,141,758.568152
38.251312,146,758.669612
-25.296474,135,758.765539
-16.634084,117,758.942661
57.792123,194,759.079751
100.156692,168,759.197615
49.372631,133,759.505464
11.065458,126,759.595282
-23.737876,141,759.694292
93.555228,170,759.909024
95.84912,201,760.050251
79.199588,175,760.173352
6.346272,139,760.366502
38.38235,163,760.480208
658.728165,735,761.09093
74.443809,166,761.30251
342.142255,484,761.838495
254.209852,359,762.090572
-59.576526,161,762.296834
160.754055,251,762.471642
-49.891459,175,762.593135
28.868554,137,762.783278
159.99036,180,762.909976
-10.305034,143,763.008579
85.765519,165,763.217877
54.749574,171,763.338066
65.556086,237,763.501985
-20.806518,148,763.701397
91.28306,229,763.862324
76.034533,208,764.101818
-91.092764,126,764.189884
82.317083,198,764.327548
-35.146078,161,764.534016
20.971293,161,764.646068
-16.655694,118,764.728492
46.555035,143,764.828042
-18.546939,138,765.020946
-30.68541,111,765.099119
103.533139,193,765.234123
85.295688,211,765.579347
106.785753,191,765.713972
14.433988,154,765.821786
87.979283,267,766.105096
1108.817836,1000,766.999136
36.584518,141,767.097726
207.31994,251,767.370596
-34.014337,129,767.460966
73.86646,217,767.612617
102.275433,199,767.94939
-23.423359,109,768.02646
6.686643,146,768.128032
27.474746,162,768.240747
20.215663,125,768.423739
107.892767,194,768.560772
109.910814,336,768.994207
96.385855,162,769.108791
96.347133,185,769.239375
84.249965,212,769.484499
-71.000141,130,769.576063
238.854524,366,769.931983
200.318153,279,770.127419
132.719507,203,770.364667
227.174567,337,770.600048
109.425184,180,770.820762
-0.625835,141,770.919879
108.475548,184,771.048519
129.973481,190,771.276671
106.847498,359,771.527822
-115.623035,167,771.740143
-38.432858,134,771.834645
-52.994814,121,771.919687
69.354774,183,772.143456
-22.749816,126,772.232062
300.866122,338,772.469385
-90.05146,139,772.662185
198.488268,291,772.866434
170.176509,258,773.14573
-13.515686,128,773.236104
50.717967,286,773.636698
-29.481252,115,773.717948
-35.512423,182,773.844952
46.097404,286,774.146945
82.099887,195,774.283386
-34.073779,128,774.373152
160.526211,389,774.743152
-57.848077,142,774.842518
-96.579149,154,775.046535
14.006104,155,775.154938
47.462603,198,775.293632
-61.454248,145,775.493338
-9.45102,136,775.589517
93.565811,192,775.724836
-62.735366,243,775.991355
129.626837,196,776.135025
-85.820379,156,776.349947
19.767823,212,776.499482
-79.297502,133,776.592058
-68.645716,169,776.805452
41.368952,177,776.930229
-38.644912,135,777.02409
-39.379875,147,777.127129
122.831378,195,777.359042
-33.292899,163,777.472463
5.604375,184,777.600473
-38.316461,128,777.785295
59.504273,191,777.920294
13.049979,163,778.033196
-34.356715,166,778.244153
16.524252,158,778.355133
46.62403,307,778.666267
223.630685,376,778.93166
-14.652453,147,779.130373
252.193377,360,779.387346
85.519648,199,779.635017
318.974857,525,780.098558
92.583059,202,780.24162
33.677804,164,780.5313
90.472029,175,780.656903
30.474804,210,780.804286
834.92761,1000,781.83176
2.723047,224,782.082599
283.003018,556,782.57032
541.497364,749,783.194458
300.786766,352,783.53923
237.564438,458,783.956862
1006.502646,1000,785.082662
46.626081,216,785.2345
57.181012,177,785.582689
657.940341,912,786.46833
1005.215152,1000,787.633014
1068.103702,1000,788.668292
297.580825,382,789.033064
-38.683856,145,789.134962
94.00686,199,789.467921
30.689349,240,789.636618
392.819808,615,790.296785
51.14667,207,790.537821
716.979458,1000,791.430878
147.050236,231,791.592228
73.838234,187,791.72306
39.184169,223,791.973508
141.017359,207,792.119473
95.617115,192,792.349879
-52.349515,124,792.436781
43.313514,223,793.437998
188.073799,251,793.711369
111.655404,291,793.915783
580.58314,919,794.758489
-17.205948,155,794.959799
148.016278,396,795.23677
70.251304,163,795.445783
-43.592528,136,795.541279
844.836687,1000,796.438367
59.619401,224,796.595017
416.001639,817,797.376482
64.620724,205,797.520238
163.934598,355,797.864349
97.4726,180,797.990022
520.291897,790,798.860088
120.17359,206,799.00448
-52.39289,140,799.19898
142.785522,290,799.402864
168.306352,269,799.686739
216.792465,382,799.95226
9.99707,226,800.206506
-5.304447,221,800.36072
-40.085221,144,800.659065
-17.901075,157,800.770909
138.483611,247,800.942854
86.367745,324,801.266102
182.57615,724,801.867195
91.735086,201,802.10332
11.322334,219,802.256443
259.188062,570,802.752257
-8.65088,316,803.069423
533.750648,788,803.71513
51.361377,273,804.002281
-71.023615,227,804.161179
84.422552,209,804.404616
170.15056,252,804.581997
114.500389,220,804.83156
63.529697,191,804.965538
89.731873,196,805.104046
2.627147,199,805.340609
32.789617,191,805.474515
215.00393,224,805.728451
-34.314545,124,805.816316
90.896918,183,805.945106
77.812519,181,806.168358
-67.724253,151,806.272313
28.107317,185,806.401286
14.695983,214,806.647258
145.600835,235,806.814976
96.750436,204,807.159263
49.239859,184,807.287817
107.017882,194,807.424069
55.694338,187,807.650886
67.870332,280,807.847578
37.718291,242,808.201328
59.756512,179,808.326851
87.276604,203,808.470485
42.176552,193,808.703402
95.528479,582,809.206734
31.200444,163,809.320987
76.292473,186,809.546763
43.985574,192,809.680256
253.239558,349,810.019122
-15.185145,112,810.09778
16.60173,132,810.189995
46.577331,222,810.441502
79.77739,369,810.700779
-8.486678,157,810.906142
33.746016,189,811.037872
114.388217,213,811.186845
3.351704,134,811.376255
60.967513,172,811.495753
-46.300842,135,811.590559
100.083709,172,811.807248
-12.528004,140,811.904621
104.757681,174,812.027015
28.719286,138,812.217159
93.9105,193,812.354095
-15.672512,129,812.444257
-61.344016,129,812.53521
93.917528,172,812.750305
121.324362,221,812.907392
67.373846,182,813.129295
91.250823,657,813.682333
-13.859994,152,813.788255
109.993547,284,814.084893
67.723558,196,814.223045
-39.056707,132,814.315596
94.019816,182,814.539663
-20.13547,134,814.633599
56.840654,171,814.753704
109.706404,216,815.001019
71.404139,201,815.141927
76.760381,362,815.49284
31.10468,178,815.616126
139.571274,245,815.883107
32.256091,208,816.029389
114.2395,353,816.371405
-39.865149,368,816.626875
78.235951,174,816.845876
114.796588,282,817.044534
106.652328,220,817.296296
86.693434,179,817.422025
-11.831509,202,817.56335
104.272574,188,817.79372
-100.591676,149,817.897438
117.336758,238,818.1636
54.017154,191,818.297678
47.367051,183,818.42795
55.355241,184,818.653733
86.645256,189,818.78576
39.118486,272,819.070955
75.674449,215,819.223948
115.198101,186,819.353652
75.314732,267,819.637124
2.304557,146,819.73928
21.761981,152,819.845774
151.290032,304,820.154955
32.892381,301,820.467388
36.252827,189,820.599479
61.992043,190,820.737642
115.085702,248,821.006618
129.927738,273,821.199177
238.056902,440,821.60712
129.825054,196,821.855199
90.697216,526,822.317969
102.921024,224,822.474885
206.829527,369,822.829898
42.055348,195,822.965895
61.881939,191,823.195112
-68.844598,131,823.288287
117.529566,261,823.476229
-68.939685,126,823.660369
19.718659,155,823.769903
57.289774,214,823.920749
28.626272,220,824.169899
-52.677903,220,824.323332
180.483042,349,824.793959
51.742781,173,824.916645
107.97799,190,825.282585
34.020637,187,825.417245
3.608798,167,825.534804
-2.087382,161,825.850072
45.862929,154,825.957716
51.590244,174,826.08074
66.498671,212,826.456251
140.778638,241,826.625614
81.87106,194,826.762674
108.194032,284,827.058263
34.501666,196,827.196042
-36.659384,372,827.552084
75.405293,195,827.886198
184.157506,632,828.42314
221.211196,621,828.956927
114.350387,193,829.091997
84.150151,286,829.392025
78.321108,186,829.524988
489.935161,786,830.372472
167.505237,365,830.723545
132.035811,273,830.915036
302.871051,656,831.46713
886.350082,1000,832.463741
752.003698,1000,833.481786
434.808328,665,834.140327
174.350188,522,834.603741
187.154894,363,834.856495
100.880855,230,835.116258
-52.849513,377,835.385024
313.08748,822,836.263344
150.880306,269,836.550908
819.913803,1000,837.561396
960.168483,1000,838.359428
196.963425,392,838.733132
-231.382136,162,839.04823
56.134532,478,839.481411
111.087881,210,841.29627
50.676488,390,841.774345
475.031279,833,842.459209
138.110831,565,842.955513
113.850395,226,843.210489
269.372273,361,843.559733
161.688366,223,843.717015
144.807258,338,844.047884
939.00451,1000,844.947322
812.753256,1000,845.859188
51.665591,423,846.154061
901.925277,1000,847.048259
59.695941,317,847.368052
89.683566,244,847.540181
138.603618,362,847.891972
835.1491,1000,848.792501
138.929457,271,849.080897
97.013044,265,849.267707
118.53619,193,849.5007
-16.495305,227,849.661585
757.993106,1000,850.559316
902.699483,1000,851.461914
184.932731,551,851.947638
968.845913,1000,852.95379
142.3295,384,853.42344
222.519268,578,853.926459
531.691614,934,854.777517
283.907099,868,855.482607
223.282355,288,855.782516
85.749569,199,855.922796
92.92311,335,856.254644
264.719497,526,856.720495
80.825116,191,856.856562
89.120443,208,857.104766
261.609589,969,858.07838
152.810963,257,858.260087
52.534624,253,858.661777
155.580548,279,858.857522
119.765052,198,859.093346
153.757775,275,859.286095
18.851268,169,859.40346
-6.369949,141,859.599433
-98.711487,249,859.77409
89.549832,249,860.045252
130.208776,208,860.193035
95.546492,210,860.342797
141.596607,212,860.589122
623.187532,767,861.224104
-110.157945,214,861.579915
-29.236787,534,862.050171
165.06156,196,862.193546
56.7904,427,862.588881
121.903358,213,862.739619
163.812577,335,863.070644
105.420765,194,863.208519
87.587368,315,863.629014
112.854582,214,863.877183
-22.045587,233,864.047498
38.85483,238,864.214551
11.338874,217,864.565062
113.03198,452,864.978656
204.356221,324,865.20661
93.284211,261,865.486482
235.287517,474,866.037854
527.464824,854,866.733187
171.249188,661,867.394651
74.07822,529,867.865299
132.904231,586,868.375337
127.83799,494,868.820495
13.953532,315,869.256068
664.126816,881,869.969563
-152.494687,239,870.232544
-116.881175,199,870.371702
-225.564394,274,870.66102
259.008851,582,871.162848
391.744171,676,871.741439
266.93993,581,872.355989
311.065588,846,873.414529
391.794684,705,874.130599
832.05783,1000,875.268069
30.444671,221,875.648941
168.36236,596,876.268512
883.135667,1000,877.398857
11.567711,545,878.015842
-17.555099,190,878.149628
124.207054,310,878.460925
70.065859,481,878.891726
-170.269989,365,879.147135
-281.465708,159,879.3555
334.23281,715,879.950086
156.114636,281,880.239459
-185.20954,245,880.411896
-8.033145,180,880.762249
-29.955282,214,880.911366
65.438668,474,881.463891
-43.960542,309,881.6798
-126.368576,247,881.949367
-96.214747,334,882.280509
326.874121,641,882.828093
-28.924307,323,883.28059
348.854678,791,884.062344
-199.625628,265,884.457152
504.533986,713,885.153417
304.347475,781,885.925388
805.337652,1000,887.053334
921.632252,1000,888.208174
-83.00133,423,888.71948
-192.706667,280,889.145473
190.025502,350,889.390773
-26.475077,492,891.425476
258.84179,627,892.292859
-195.866575,244,892.467122
418.14364,625,893.129003
876.036037,1000,894.275643
176.492159,442,894.782543
-113.190353,185,895.136174
172.921373,292,895.344849
-276.576538,147,895.44976
611.051393,895,896.399784
-281.913662,177,896.524376
45.781231,407,896.90769
538.84437,730,897.619115
132.37038,659,898.173082
965.457847,1000,899.060152
-136.04608,228,899.219923
-39.019123,315,899.538192
42.667745,282,899.829362
-170.827855,233,899.994609
-9.882005,381,900.359043
712.735564,778,900.998074
-224.348306,155,901.204036
-19.898408,375,901.474099
-5.373617,284,901.771724
-155.194697,210,901.922327
-287.285908,153,902.130653
195.539028,297,902.339281
-201.826377,257,902.617034
242.34295,440,903.020931
170.092378,383,903.291465
-134.451793,345,903.629674
-155.388296,276,903.823718
-148.980701,256,904.097701
105.411032,331,904.423864
-214.902032,202,904.566591
-91.287991,313,904.883529
37.285116,398,905.163219
-21.291124,274,905.451074
99.298116,388,905.921798
-244.254622,167,906.04077
-103.587266,302,906.479695
-136.754203,185,906.610397
305.522002,967,907.7351
-318.078973,130,907.829356
515.512418,727,908.804079
-166.178605,283,909.006431
-148.357093,287,909.434512
474.791946,614,910.091862
-54.953076,298,910.30413
-199.583129,213,910.676395
84.429701,307,910.892256
-143.749258,246,911.290726
-262.696923,190,911.423831
260.467095,460,911.844212
-43.871443,226,912.097594
-170.800053,192,912.232883
36.508107,402,912.618256
-92.815969,216,912.768012
-189.494542,200,913.004643
-211.997282,146,913.10776
-210.454057,216,913.260729
157.356274,626,913.895476
-146.761528,192,914.030788
-232.195725,138,914.128615
-30.750698,247,914.398623
-9.961288,214,914.547879
188.255018,331,914.87376
-166.590371,215,915.026092
19.650244,317,915.345409
-100.420147,162,915.458342
-92.859945,268,915.742678
-27.51427,150,915.846819
-177.155984,222,916.003631
-203.874992,175,916.220563
-74.038968,423,916.519234
-16.859839,246,916.788926
-280.300289,192,916.926636
-25.979505,317,917.245865
-125.524225,392,917.77806
-48.081706,171,917.89756
-261.488864,195,918.03773
246.967288,401,918.522966
-300.528508,205,918.900241
38.868489,276,919.095505
106.384103,513,919.660856
49.385296,192,920.019187
103.101899,366,920.277281
107.185272,206,920.62714
-203.002378,218,920.781756
-254.803872,141,920.881784
-181.973899,248,921.294504
-263.369803,118,921.37752
104.155305,207,921.523821
-245.29137,180,921.74696
33.227012,143,921.848309
-26.351516,134,921.942047
-107.039084,233,922.199338
-175.970551,216,922.352162
-154.463242,221,922.603733
77.906553,206,922.749571
127.485293,201,922.891805
120.406573,352,923.235431
43.858964,224,923.487101
-49.23825,147,923.589684
-145.646593,253,923.766559
-17.466793,145,923.962804
-62.360604,147,924.066014
3.942548,244,924.235769
-258.119543,177,924.458102
-267.966737,144,924.5618
26.303943,185,924.691948
-163.568485,241,924.958554
-44.121527,402,925.335619
-89.147282,163,925.448369
40.293987,323,925.772019
81.124381,201,925.913506
63.591311,213,926.061802
77.967044,219,926.311447
-118.230733,289,926.51583
249.005297,469,926.944843
77.643756,227,927.200694
79.228289,210,927.347769
80.506243,209,927.589225
54.864235,231,927.750567
-125.365866,169,927.871226
-125.063274,187,928.099051
-10.587509,145,928.201314
6.377832,256,928.476593
106.031908,417,928.770766
-44.813024,168,928.983798
-20.956663,276,929.181438
118.311134,218,929.509163
-19.482109,220,929.663015
-17.116442,230,929.919063
-56.784327,273,930.110085
14.242745,245,930.376364
186.59233,405,930.660803
-171.586262,221,930.912977
88.061241,216,931.063734
-37.716236,228,931.423469
131.780382,206,931.569024
119.304216,243,931.834094
55.95013,212,931.983855
-23.259711,232,932.145743
74.927975,196,932.380564
125.316312,256,932.559211
83.881581,200,932.795392
26.36961,191,932.92949
7.41122,167,933.045876
81.807506,202,933.283439
24.038806,159,933.393876
86.332335,210,933.541448
73.687998,269,933.93044
-6.770874,232,934.09151
54.488192,215,934.338116
58.382791,204,934.480825
54.251371,241,934.74554
-57.228696,146,934.847869
-34.395294,131,934.939235
67.172025,445,935.346747
173.719028,322,935.666865
64.414644,239,935.833757
-25.095883,233,936.219522
117.534157,291,936.422567
-173.1622,227,936.789067
-45.298742,300,936.999834
19.557163,388,937.478847
37.770904,424,937.999726
-148.348034,177,938.124887
24.41435,278,938.558051
-218.339205,167,938.677144
276.154829,578,939.309116
116.543898,217,939.698066
399.525133,473,940.255945
71.02533,447,941.730257
61.322438,220,942.078222
-159.766017,247,942.252005
-71.14651,240,942.625313
81.359685,238,942.792298
34.406965,408,943.285343
184.457671,559,943.914488
-151.71749,236,944.283579
-167.049717,216,944.438064
82.469223,222,944.59402
-231.018964,119,944.903566
77.475152,275,945.097826
-24.69675,256,945.515974
52.317392,259,945.69631
-44.022435,220,946.075644
138.050284,452,946.59691
-205.981087,221,946.754343
-210.428515,214,946.907463
-157.145373,220,947.289399
59.083868,268,947.476939
98.358357,201,947.843544
106.774683,241,948.013915
-243.092209,141,948.338117
87.47523,514,948.912777
70.490437,242,949.083005
83.064277,268,949.50719
-186.152837,204,949.657886
26.347188,388,950.158283
-273.944088,154,950.268927
-316.309964,129,950.362772
-213.698866,107,950.439312
105.081849,335,950.902226
157.091705,286,951.308851
-266.285347,130,951.401987
-271.171004,199,951.545106
64.66376,290,951.955405
-168.400181,176,952.079736
-227.979969,226,952.463085
-188.286758,199,952.606251
39.050801,205,952.751713
115.311636,320,953.187706
-190.21845,214,953.339702
-249.420329,168,953.692024
-163.694811,189,953.826831
-214.253129,259,954.246264
-136.343058,243,954.417511
-98.390322,295,954.829117
14.145495,220,954.985011
-290.663445,104,955.060669
-220.528291,112,955.345005
22.966517,234,955.51024
-98.124441,277,955.911089
44.502202,377,956.18303
-309.752269,134,956.483241
-315.415649,127,956.576655
-244.791059,151,956.683487
197.153771,257,957.070389
161.373457,264,957.255116
-223.321356,224,957.614436
92.048953,219,957.769137
75.24308,235,957.935366
84.431849,238,958.295283
-237.413561,109,958.374179
-21.241257,308,958.804751
-206.502181,201,958.94942
70.973991,249,959.326596
-186.287488,201,959.46994
-144.196577,318,959.797247
-150.055665,305,960.014231
15.775001,265,960.296103
-322.192305,129,960.388444
-137.938402,273,960.679449
-305.577156,134,960.775489
-173.740491,274,960.969857
144.423958,259,961.250038
146.196559,389,961.619255
-183.61722,177,961.745083
-207.332275,175,961.868145
70.749185,259,962.14588
-271.035341,155,962.255303
-141.328195,300,962.56377
198.174201,266,962.750368
-267.392526,156,962.860398
-104.832028,300,963.170182
-194.72076,201,963.313202
-123.21179,258,963.592554
88.127144,264,963.778636
-76.677228,300,964.089239
-239.55693,215,964.335887
-76.000169,357,964.593498
-317.316104,145,964.697474
-73.566745,308,965.011651
-185.287241,297,965.320275
-307.681018,122,965.407443
-72.273535,365,965.764793
-155.138882,297,965.975363
-56.929084,249,966.246361
-168.943214,349,966.492556
-276.567116,183,966.717898
-258.776557,166,966.83804
-111.781908,316,967.161408
-262.913399,171,967.282566
-285.095883,181,967.411371
-259.935935,104,967.592625
-262.355902,175,967.71804
-204.216803,219,967.874983
-203.736705,179,968.097362
-148.639539,187,968.230547
-196.721277,217,968.385443
-90.121581,267,968.670916
11.141221,369,969.026467
-255.516235,148,969.130938
-271.665332,195,969.268838
-117.408407,321,969.594294
-271.640145,212,969.750885
-242.0317,190,969.98263
-173.608736,296,970.194842
-281.480418,136,970.387831
-216.810458,279,970.589768
-87.56074,323,970.913153
-280.200645,118,970.997522
-187.765686,186,971.130189
-322.238198,127,971.318766
-188.921887,254,971.500277
-310.006277,138,971.598305
-176.590083,239,971.863866
-158.751908,174,971.98801
-314.534984,128,972.079001
-163.253799,223,972.336915
-284.948428,139,972.43737
-104.919627,271,972.728826
-201.525176,345,972.97553
-266.61542,149,973.179792
-272.327835,168,973.300131
-242.500845,96,973.368402
-68.119843,372,973.730653
-343.223508,131,973.824757
-262.180516,153,973.932724
-272.891018,97,974.099384
-303.324328,150,974.205491
-314.93268,182,974.335601
-335.943495,123,974.524302
-243.884301,217,974.680176
-276.602956,218,974.835726
-328.392193,122,975.020651
-285.432636,117,975.105916
-165.827989,216,975.26093
-279.078443,145,975.461055
-219.335037,166,975.578801
8.763776,531,976.05493
-292.514398,133,976.150194
-142.454034,188,976.379284
-306.995167,136,976.476148
-285.808487,122,976.566346
-296.019319,176,976.692019
-235.805615,156,976.900324
-310.816962,126,976.990866
-318.598954,106,977.067092
-318.970401,117,977.151226
-213.472972,176,977.372018
119.412137,522,977.8406
-265.793898,141,977.941734
-89.916621,303,978.262683
-80.784409,301,978.475591
-244.135118,214,978.828414
-289.824886,162,978.944257
-315.023511,180,979.072528
-33.684543,388,979.442798
-329.764417,134,979.537815
-278.659762,201,979.778567
-158.732068,178,979.903883
-223.776356,224,980.062906
-257.637542,200,980.302702
-244.153821,139,980.401724
-326.748511,120,980.487734
-179.025375,170,980.704313
-351.464108,133,980.799
186.559771,580,981.30819
5.110325,503,981.762873
-139.187444,279,982.058776
-276.745063,204,982.205711
-179.560248,220,982.361334
-352.984913,128,982.548519
-182.610403,362,982.809211
-195.475864,235,983.072556
-105.251374,262,983.257834
-284.518252,147,983.458214
-273.563304,152,983.565644
-96.787764,381,983.931748
-228.506901,216,984.086177
8.727052,241,984.351479
-262.191409,201,984.494629
-140.077047,318,984.815703
18.39607,365,985.073637
-26.911217,372,985.431912
-180.141528,323,985.758908
-126.534671,311,985.980652
-282.744826,133,986.17274
-236.852069,186,986.306283
-156.759886,219,986.462656
-215.427631,136,986.74373
237.508801,667,987.31502
138.596422,471,987.744475
103.28998,638,988.297804
-169.603429,299,988.610197
-118.993347,315,988.836798
-28.254085,358,989.192991
-261.294194,188,989.32945
-261.763185,190,989.562766
-142.486408,205,989.709307
-215.750707,230,989.969958
11.835845,293,990.179952
-15.936621,314,991.499682
-103.425437,305,991.723253
-115.641059,317,992.165759
218.179596,419,992.671346
40.108039,402,993.178207
93.985058,366,993.441505
-87.027326,285,993.868775
-283.678881,197,994.012037
-31.885581,289,994.438756
-273.112921,168,994.561459
-274.247544,162,994.678812
-143.292614,173,994.899541
-87.697478,363,995.163037
-157.377564,330,995.499451
233.879939,639,996.056209
-57.086519,449,996.477466
548.214847,798,997.251636
5.777752,375,997.619191
-142.530359,320,997.853413
-76.245246,313,998.171298
5.676353,406,998.560416
418.900243,687,999.152977
6.076527,413,999.546804
-303.882523,164,999.665377
-67.564144,349,1000.013056
-50.730989,285,1000.221627
-118.441874,303,1000.539692
113.7087,368,1000.89894
-296.458802,154,1001.01034
203.752158,386,1001.382296
-206.742512,241,1001.55515
-285.959018,131,1001.649644
-249.571731,214,1001.899887
-93.588681,380,1002.269201
-281.688819,133,1002.365582
-171.368758,297,1002.578803
-189.930634,146,1002.781186
-288.344811,194,1002.922372
-260.911678,151,1003.032948
-275.232371,140,1003.231884
-182.470042,298,1003.446394
-168.291985,164,1003.660237
57.847449,347,1003.910779
-77.98315,441,1004.32759
15.287639,395,1004.709922
-282.01307,167,1004.830585
-302.75501,178,1005.053746
-295.657445,141,1005.157141
-268.628048,149,1005.26527
-276.78848,200,1005.409207
-122.909164,311,1005.730932
-216.653179,212,1005.884536
-238.732298,142,1006.087333
-299.231137,193,1006.226892
-253.504344,215,1006.478712
-143.691512,287,1006.684826
-274.008402,153,1006.797963
-248.637342,109,1006.974306
-295.42016,177,1007.102802
-63.65503,455,1007.529649
-289.58969,160,1007.6453
-260.636331,150,1007.754299
-244.970233,115,1007.934238
-200.460086,162,1008.050403
-82.90857,277,1008.347154
38.175055,358,1008.604763
-114.330911,300,1008.918212
-269.583509,145,1009.023747
-66.737943,303,1009.335781
296.392535,560,1009.8396
-304.93741,183,1009.97583
-289.798393,194,1010.215402
-318.857248,181,1010.346334
-305.140943,187,1010.481593
-278.559746,138,1010.678044
-300.861038,190,1010.815562
-254.41036,149,1010.924022
165.382609,605,1011.463616
-157.841081,298,1011.871536
72.435532,251,1012.050646
-152.552364,303,1012.47258
-161.532567,289,1012.895391
16.617167,249,1013.074102
366.065569,630,1013.628479
-119.794486,289,1013.933256
137.730794,206,1014.080067
54.995484,231,1014.34179
447.098951,801,1015.012392
79.546826,383,1015.382427
55.618272,219,1015.538596
40.452813,309,1015.855616
202.699469,326,1016.185842
-247.864845,260,1016.373194
549.399668,890,1017.287449
-153.644813,169,1017.408853
13.835866,233,1017.800008
-147.225208,271,1017.996773
137.736734,271,1018.287391
82.329573,332,1018.524223
32.322286,257,1018.807201
-218.725866,217,1018.964802
11.552483,239,1019.233323
83.702462,241,1019.404862
55.362174,331,1019.737473
-181.701752,215,1019.892836
-12.207011,384,1020.263982
105.210832,404,1020.647227
11.357649,439,1021.057478
-93.280382,335,1021.298674
-265.254907,207,1021.543496
87.95046,241,1021.717053
168.846193,298,1022.145128
-198.556379,174,1022.271406
-233.843602,202,1022.634911
-70.215128,310,1022.860008
165.5389,280,1023.26213
126.18117,236,1023.433013
777.544785,1000,1024.473617
87.733203,302,1024.789058
185.915308,405,1025.181796
-11.978317,202,1025.326117
-305.674675,187,1025.462407
133.030165,679,1026.145387
619.212242,856,1026.859654
53.187405,227,1027.119417
187.530904,405,1027.506049
93.765302,282,1027.707876
-6.489953,228,1027.968139
40.71682,229,1028.132628
15.400837,264,1028.418386
-203.155063,261,1028.605166
369.221471,808,1029.379125
101.560947,356,1029.635276
174.675088,280,1029.933446
-160.690223,175,1030.058563
181.258749,314,1030.382566
69.269201,393,1030.865882
-220.944698,214,1031.02233
-71.211613,433,1031.428448
91.832628,258,1031.611126
461.063769,632,1032.256616
47.324877,311,1032.478895
-248.074319,255,1032.759846
-174.593595,242,1032.934509
144.116059,285,1033.238059
52.233701,220,1033.396144
-205.582963,135,1033.494107
-310.202562,169,1033.714372
157.89935,368,1033.977389
-174.012661,269,1034.26692
-20.679211,217,1034.419644
73.148555,270,1034.708951
-147.809588,283,1034.910082
74.292279,281,1035.206679
-301.281255,190,1035.344348
-268.862349,188,1035.677344
-133.115296,260,1035.86217
-10.439759,366,1036.219936
192.106846,299,1036.527189
-181.615504,168,1036.64692
-10.172377,224,1036.807087
70.242306,320,1037.127597
138.319853,412,1037.51597
-244.242132,161,1037.631379
-269.487847,202,1037.776963
-137.754215,190,1038.098703
153.944003,285,1038.304294
-302.360126,158,1038.515702
241.330035,407,1039.938625
-293.988849,179,1040.071005
-227.801741,146,1040.175957
-316.600118,133,1040.272403
28.157409,269,1040.563198
-188.294159,179,1040.690191
-298.846504,194,1041.032017
-214.500768,175,1041.158391
-251.077536,203,1041.305634
78.550369,352,1041.653976
-92.870825,253,1041.931562
-243.884349,222,1042.092713
-248.838502,132,1042.187783
-108.724909,286,1042.591039
165.824862,408,1042.97684
203.615895,385,1043.255543
88.282526,203,1043.494831
-213.294,260,1043.682529
-183.945097,169,1043.896891
-286.70949,178,1044.025701
190.705788,468,1044.454325
88.613078,253,1044.635308
11.411641,310,1044.949165
394.553406,623,1045.492688
104.968806,275,1045.784719
101.116913,272,1045.977195
62.00352,207,1046.221104
83.296084,287,1046.425317
128.390432,285,1046.724038
-290.198496,206,1046.87338
51.10505,278,1047.166049
99.929023,556,1047.661045
171.179775,288,1047.866723
160.729002,281,1048.164466
45.87088,268,1048.355653
147.676102,380,1048.725934
48.265424,348,1049.172745
123.125657,524,1049.643145
-300.077512,174,1049.767792
85.385549,290,1050.067075
162.588951,381,1050.431218
-188.503827,354,1050.688265
-37.74956,244,1050.95904
-201.34892,191,1051.094129
302.42002,928,1051.946575
113.731847,289,1052.154658
104.346979,325,1052.491779
59.697095,266,1052.862979
129.738923,329,1053.094608
-122.443434,473,1053.529499
-187.312919,326,1053.857189
-276.171122,204,1054.003674
-242.593215,228,1054.259272
-205.720831,174,1054.381338
-24.72702,202,1054.523826
-2.934298,399,1054.903311
-147.579294,187,1055.133145
123.591709,280,1055.334615
-224.193764,195,1055.472862
307.960272,875,1056.28006
-325.618981,197,1056.514709
-266.598386,126,1056.605793
28.655903,216,1056.757813
-100.929971,216,1057.008115
201.652065,441,1057.416795
352.785636,616,1057.976075
-35.800416,185,1058.108006
-262.440317,204,1058.253273
141.489508,373,1058.61312
155.561268,564,1059.112601
105.969238,491,1059.559812
-44.514531,244,1059.829676
-11.965828,489,1060.278635
-269.37171,283,1060.482249
6.245302,284,1060.783768
141.142019,302,1061.00019
72.25267,342,1061.339399
3.937955,301,1061.649478
24.611162,258,1061.834
147.541862,487,1062.277304
-17.611532,542,1062.757596
-0.525485,205,1063.015344
38.108365,263,1063.203752
-21.54591,350,1063.550187
48.324484,284,1063.753523
40.171807,294,1064.058761
-33.154154,296,1064.270149
24.590673,260,1064.550823
-33.772882,219,1064.704492
64.984942,277,1064.998825
-308.833771,201,1065.146083
19.274805,294,1065.451888
33.645555,251,1065.628512
-56.875623,140,1065.823429
-1.233723,286,1066.027041
-19.204594,269,1066.315328
-41.774254,301,1066.530058
134.926204,379,1066.899855
-24.819711,472,1067.335569
-8.463661,194,1067.474352
184.726502,461,1067.900344
29.512806,257,1068.185087
-15.288152,174,1068.310038
-155.422759,397,1068.692291
-5.736568,239,1068.860353
-228.842304,278,1069.154496
-101.681292,268,1069.344963
-14.758946,315,1069.664716
-89.666829,298,1069.971974
-3.707582,181,1070.100292
42.060359,283,1070.397479
37.462694,354,1070.654589
35.946402,286,1070.956764
-216.390231,272,1071.151905
-190.441469,242,1071.420502
-7.413185,220,1071.578223
205.956221,347,1071.922125
-142.245451,151,1072.029184
-19.670318,172,1072.249173
-17.094638,217,1072.404851
-235.878708,228,1072.567428
-238.955433,224,1072.82907
42.680617,275,1073.024292
-18.888928,169,1073.241416
-69.768123,236,1073.410242
-195.477831,288,1073.713995
-312.860271,189,1073.85038
14.881108,358,1074.200236
23.791977,261,1074.384678
-334.940867,149,1074.588265
-66.096781,309,1074.80833
-13.468187,174,1075.027293
-69.982159,252,1075.207897
-51.697536,229,1075.370878
-69.949316,317,1075.693232
73.497817,308,1076.009291
-281.767042,219,1076.165543
-272.472181,271,1076.458864
-332.996843,186,1076.594812
-330.452006,177,1076.722673
74.911236,301,1077.034789
-39.004598,177,1077.162442
8.331633,203,1077.405521
54.108831,278,1077.60481
-89.553236,181,1077.829352
140.396215,474,1078.263484
5.170961,287,1078.472609
109.826818,365,1078.83083
-56.789926,213,1078.981465
-3.287037,206,1079.225642
74.091319,257,1079.409993
3.054712,205,1079.651899
-26.46039,191,1079.788213
43.642634,314,1080.108829
-23.761066,267,1080.301394
99.080661,294,1080.60964
37.481966,245,1080.783687
0.010877,233,1081.045102
-272.323718,156,1081.156835
127.804208,357,1081.509099
7.405185,246,1081.688241
39.818325,277,1081.985304
-78.260796,260,1082.170066
50.759073,257,1082.578662
2.61317,259,1082.764119
-23.048373,156,1082.877191
24.410462,251,1083.281662
23.714385,293,1083.489755
24.748964,246,1083.871023
-70.585928,168,1083.991072
-293.982128,202,1084.360556
-327.055013,171,1084.482574
35.289743,259,1084.669331
-19.688616,345,1085.129207
74.525596,287,1085.538169
-34.933672,269,1085.731762
-65.490858,194,1086.096059
66.51735,240,1087.071682
-339.856164,168,1087.193271
-19.09476,183,1087.543546
-161.423801,137,1087.642322
-18.559244,326,1088.086916
-100.128353,225,1088.24762
12.254265,276,1088.67162
-50.369987,170,1088.794079
138.77152,352,1089.272906
-83.356287,442,1089.815361
74.396306,283,1090.018909
-16.914044,270,1090.438333
-17.277288,262,1090.630803
32.862959,270,1090.923258
-62.228073,179,1091.05177
10.118547,260,1091.335151
23.896883,411,1091.631871
-32.409496,156,1091.83836
-37.784865,299,1092.055794
8.970731,286,1092.358743
-200.555009,170,1092.47752
-322.964449,197,1092.621284
51.24648,293,1092.928272
-18.310321,196,1093.067924
99.464778,494,1093.518497
18.968815,249,1093.794091
-41.713046,145,1093.896817
-55.38348,189,1094.131184
12.909198,260,1094.319698
-108.909592,156,1094.431557
-52.088751,165,1094.647414
44.494412,314,1094.874252
-43.038974,317,1095.196726
-319.349949,158,1095.31162
1.908633,445,1095.725116
-43.740767,296,1096.035436
-62.152896,244,1096.212543
-58.613995,179,1096.33961
-11.563458,282,1096.758628
13.986623,212,1096.913044
-71.923525,233,1097.27166
-28.76086,253,1097.453186
-18.838475,297,1097.879579
60.151471,467,1098.440229
-45.557019,256,1098.622897
-328.195417,142,1098.821271
36.939197,278,1099.020629
7.184225,211,1099.280339
-9.034216,254,1099.462333
-99.292217,182,1099.593491
363.44537,848,1100.396752
175.576968,505,1100.856383
-3.260034,298,1101.165572
54.67941,487,1101.610652
24.096229,210,1101.762346
-149.668046,126,1101.853951
57.094785,472,1102.290304
57.284096,291,1102.698436
-20.710822,246,1102.876415
28.786585,337,1103.214502
-21.628894,268,1103.410416
62.046246,355,1103.761275
69.387979,314,1104.081222
-149.304741,189,1104.216937
68.085804,284,1104.624774
-2.712545,219,1104.781599
-321.08549,134,1104.878085
-36.683607,170,1105.222618
-234.59242,128,1105.315235
-273.075956,163,1105.431916
-113.743446,123,1105.723684
-16.50902,219,1105.889639
-6.776004,331,1106.364863
-215.66571,132,1106.463036
39.115731,207,1106.61423
-235.97704,124,1106.9247
-29.537347,122,1107.01663
-35.26308,130,1107.110822
-76.578884,248,1107.291314
-31.815059,234,1107.670325
19.574192,275,1107.871772
-111.917446,115,1108.189814
-102.379774,128,1108.281964
-238.832587,250,1108.462861
-315.600831,296,1108.904601
0.965442,298,1109.34457
17.008754,288,1109.550419
65.268419,393,1110.057259
28.534299,211,1110.208718
-3.844268,217,1110.569346
-138.514852,122,1110.656384
-39.999286,224,1110.817965
-46.919346,213,1111.178764
-150.931103,127,1111.270854
-60.429232,154,1111.380119
-26.819553,262,1111.79494
87.284005,289,1112.00316
-17.643641,219,1112.373896
-139.092794,308,1112.8185
5.724271,218,1112.97794
18.64483,222,1113.137011
-68.164594,179,1113.361965
12.848004,224,1113.524671
-44.890713,131,1113.617977
-155.424678,150,1113.8211
-108.374394,133,1113.915497
-76.49677,133,1114.010587
-111.513044,132,1114.106033
13.711438,257,1114.38543
-34.816653,342,1114.726457
-147.851416,127,1114.818549
32.234929,267,1115.009794
-10.643367,274,1115.302885
-230.386109,123,1115.391255
-281.675312,180,1115.615958
124.809514,364,1115.877996
2.770546,236,1116.145422
0.759177,322,1116.377098
-298.5689,180,1116.601361
-18.082124,227,1116.764646
-64.463761,186,1116.99469
8.947304,325,1117.228669
-282.836014,295,1117.537598
-56.873991,207,1117.687355
-40.7858,133,1117.782298
48.03633,207,1118.028277
21.640798,352,1118.282236
58.131209,435,1118.690213
34.121594,294,1118.998617
-44.072926,184,1119.132299
-193.825921,292,1119.440079
-29.707973,278,1119.639303
26.761484,292,1119.945272
-46.300027,147,1120.049789
76.006167,286,1120.35175
-26.50365,149,1120.457772
34.759358,320,1120.889409
-2.104755,204,1121.035381
60.472281,311,1121.480242
-240.040295,210,1121.63043
117.257582,376,1122.08552
-157.024347,186,1122.217048
-132.228889,159,1122.55947
-96.42961,202,1122.71286
-66.929339,112,1122.793299
-143.954165,116,1122.877515
-105.089173,272,1123.307473
1.318999,202,1123.453228
64.394783,304,1123.904917
64.497945,210,1124.05678
-33.382966,154,1124.377329
-11.188497,254,1124.560172
-12.860601,173,1124.68423
-64.408924,180,1125.020413
-14.788309,233,1125.189554
-70.137362,131,1125.284034
-16.710074,197,1125.663076
-50.608153,121,1125.748409
-28.079835,249,1126.161737
-45.543172,153,1126.272674
-18.072925,210,1126.425292
-18.918947,212,1126.782542
32.048946,393,1127.06291
38.724028,279,1127.469956
28.48316,411,1127.950226
97.824205,370,1128.421108
14.846936,354,1128.6768
-181.21891,216,1129.070262
-110.320194,173,1129.195933
-182.187024,285,1129.605037
-8.275399,227,1129.770894
-2.711455,128,1129.86271
26.592596,308,1130.319158
-20.832909,200,1130.463397
-71.446413,128,1130.778751
-348.560663,198,1130.934476
-48.80736,151,1131.041051
-104.530714,147,1131.145801
-118.55756,399,1131.63367
27.087813,346,1132.053728
0.090802,347,1132.531294
-13.173339,256,1132.718153
-71.503163,327,1133.155585
14.045,250,1133.336336
-122.895588,149,1133.645599
-43.053063,172,1133.769764
36.607634,319,1133.997281
-262.125786,133,1134.273622
-74.572126,178,1134.401042
-47.431688,298,1134.821051
-184.803192,156,1134.932711
-101.641675,195,1135.07301
0.493961,510,1135.666952
36.710196,292,1136.10206
12.424859,414,1136.608476
3.110892,176,1136.733447
-70.556254,161,1136.849763
-4.375367,431,1137.39202
-58.4535,182,1137.743562
-83.739633,171,1137.866935
-126.260728,193,1138.006909
-291.464411,176,1138.347722
-74.061243,190,1138.484275
49.865163,431,1139.028322
-36.110176,262,1139.21816
-59.096421,160,1139.958322
-20.831141,230,1140.123799
-79.239446,236,1140.496219
-77.987151,153,1140.608364
-26.199506,211,1140.760406
46.307097,387,1141.274673
25.110144,444,1141.771017
-34.453927,185,1141.904941
24.062732,196,1142.13909
29.539198,193,1142.277436
-20.751096,184,1142.409908
-54.698754,300,1142.719856
107.347386,371,1143.083845
-42.251283,212,1143.236947
20.553053,206,1143.481806
-12.868215,215,1143.637392
-136.853595,136,1143.734455
-24.370803,239,1144.001587
55.116539,284,1144.205872
-95.933932,113,1144.286564
-26.072684,149,1144.485807
-48.864634,130,1144.577634
-14.798239,123,1144.666015
-106.784128,123,1144.755316
-13.803245,217,1145.006107
29.893849,300,1145.222876
-44.773438,143,1145.418046
-77.395912,119,1145.50384
-150.390998,141,1145.603897
-47.771638,109,1145.681376
-77.009697,137,1145.871944
16.800032,210,1146.021332
-114.040115,150,1146.127478
-70.546084,230,1146.387975
-220.469819,305,1146.699612
-174.479484,117,1146.78578
8.07604,127,1146.876557
-23.01015,230,1147.040679
-319.863581,202,1147.27936
-36.837905,133,1147.374193
-33.286357,192,1147.51185
-58.003967,130,1147.699825
-48.041644,136,1147.796288
-14.836256,225,1147.958076
25.573133,206,1148.199502
-70.604674,152,1148.307395
-3.551291,123,1148.394021
-25.796385,205,1148.635956
-33.527285,206,1148.783083
-101.747437,122,1148.86876
17.289712,121,1149.049567
-76.341864,139,1149.148409
0.634424,256,1149.330395
-47.929242,127,1149.516186
-81.203334,125,1149.604558
-75.868659,112,1149.683429
-13.388669,104,1149.757057
-68.406788,139,1150.042567
-99.781205,115,1150.126365
-42.520682,139,1150.224693
-114.39583,114,1150.306532
-17.790952,111,1150.602833
-74.46904,127,1150.693769
-65.166219,132,1150.788563
-15.595019,123,1150.875588
-62.204713,127,1151.062617
-54.173314,127,1151.152781
-46.2433,134,1151.249588
-72.302903,174,1151.37222
20.267955,292,1151.677026
14.605584,213,1151.834094
-27.06211,224,1152.19447
12.097636,188,1152.328756
-67.973926,139,1152.426324
-65.066905,151,1152.628882
-116.870272,102,1152.700689
-68.518692,107,1152.776091
74.57424,312,1153.094156
-22.331147,180,1153.22238
-115.889435,94,1153.289218
47.762624,212,1153.535821
-116.655346,100,1153.606832
-73.335838,144,1153.708797
-25.799227,165,1153.921673
31.217217,209,1154.070676
-77.850626,156,1154.180072
-71.497568,113,1154.259634
-110.15291,98,1154.42486
-13.978582,120,1154.510603
-82.617175,143,1154.611854
-76.912375,100,1154.68335
-92.291146,104,1154.851621
-27.294733,127,1154.942896
-103.511159,115,1155.025713
-83.395388,102,1155.098372
-51.681655,122,1155.184851
-59.244786,139,1155.46879
-48.477787,137,1155.565163
-1.548724,115,1155.64638
-23.839673,141,1155.747358
-50.742583,150,1155.950482
-57.730999,109,1156.027421
-91.89912,122,1156.112793
-34.270383,113,1156.192927
-45.401698,126,1156.377021
-86.598737,115,1156.458568
10.08332,158,1156.570354
-32.972428,150,1156.77064
22.17241,207,1156.920712
-31.675462,158,1157.031712
-74.282204,111,1157.1104
-26.847779,171,1157.326417
-67.708911,100,1157.397261
-35.36875,119,1157.480888
-0.794738,119,1157.565308
39.563652,201,1157.805892
7.704618,126,1157.895769
-49.594369,134,1157.990683
-92.0432,146,1158.189055
-86.781718,126,1158.277308
-47.635857,118,1158.360532
-49.37094,144,1158.461897
-81.901684,96,1158.625244
-0.940831,124,1158.712528
-26.741173,115,1158.793308
-5.270419,187,1158.926302
-64.854771,125,1159.112115
-60.402667,147,1159.215991
-35.501744,110,1159.293592
12.759877,195,1159.527758
-3.260038,136,1159.624506
-11.571953,118,1159.708042
0.260907,129,1159.799814
-65.224014,132,1159.989075
-34.220343,119,1160.073866
-22.324539,120,1160.160253
-15.905701,131,1160.253543
-52.478106,127,1160.43952
16.72498,125,1160.528477
-3.961377,128,1160.619271
-22.868603,129,1160.710602
-47.823411,158,1160.918205
-25.645889,132,1161.01098
1.606845,111,1161.089494
-59.998055,137,1161.187146
-34.821358,157,1161.499309
-61.429036,157,1161.611128
17.438127,128,1161.702192
-25.628794,134,1161.797676
-15.736018,220,1162.049288
-33.677322,143,1162.151213
-52.289738,149,1162.256319
-64.039173,104,1162.4252
-63.242218,160,1162.537899
-109.703714,163,1162.651311
17.28321,227,1162.909237
-12.214752,124,1162.997217
12.184036,297,1163.410464
-46.204276,132,1163.504765
-0.044421,242,1163.675257
-63.597866,118,1163.978949
-26.051262,146,1164.08993
29.744883,123,1164.177389
69.130823,207,1164.324185
-107.429035,141,1164.636142
91.224398,297,1164.848288
-86.471696,156,1165.185729
113.612106,295,1165.397543
-45.833692,317,1165.823783
-41.914336,134,1165.920419
20.434814,304,1166.354524
35.728059,313,1166.579431
-37.160185,157,1166.91841
-56.002973,124,1167.007434
-79.658081,139,1167.105474
-88.219277,122,1167.192092
102.714196,291,1167.628043
-138.891923,175,1167.750298
21.283831,127,1167.842041
-107.90185,103,1168.129597
-63.754186,141,1168.229639
-51.874878,178,1168.356672
-14.134677,128,1168.647618
-52.343289,125,1168.738798
-0.931273,125,1168.829013
-28.627568,136,1168.92656
35.418213,202,1169.301635
-53.345337,119,1169.386819
-26.925353,155,1169.497511
-15.893111,126,1169.586892
-0.058491,121,1169.768812
-18.801637,112,1169.848163
-4.722953,129,1169.940762
-42.627336,132,1170.03458
117.391675,200,1170.272791
-59.371536,140,1170.371684
-60.128479,139,1170.469321
19.78564,202,1170.709089
38.069608,202,1170.854192
-59.920039,123,1170.941422
-37.324073,144,1171.139721
2.539131,121,1171.226239
-4.852648,132,1171.319648
-14.689288,175,1171.54101
-98.495783,156,1171.65054
-30.085002,139,1171.750473
-317.140298,185,1171.885017
-5.6261,249,1172.157772
-8.094775,127,1172.248154
-72.30492,156,1172.357759
0.136037,125,1172.542417
-15.827626,178,1172.668254
-42.448437,130,1172.760635
-11.553638,123,1172.945913
-42.916485,135,1173.041484
-0.14421,122,1173.128451
-80.555056,103,1173.202291
-100.380422,127,1173.387935
18.244073,299,1173.601937
-27.790603,129,1173.693091
28.457468,312,1174.011409
-39.9781,154,1174.120778
45.490867,292,1174.42451
-23.802288,129,1174.515765
-31.606235,129,1174.608107
-36.449619,280,1174.906591
-39.750374,175,1175.029592
-40.276838,138,1175.223918
-12.231753,133,1175.320072
-0.507919,112,1175.399246
-22.367546,145,1175.502295
-37.559419,138,1175.696507
21.61021,124,1175.784845
-75.622594,107,1175.860537
-33.049346,163,1175.976549
-28.920914,112,1176.150628
-30.74611,145,1176.255939
-68.908614,101,1176.327387
18.562938,134,1176.422424
-7.600958,118,1176.600185
28.766418,123,1176.689488
-40.136176,135,1176.78687
-28.894621,126,1176.876262
6.442317,128,1177.064711
-55.413947,153,1177.17497
-2.648988,138,1177.272366
-14.600953,148,1177.37734
-79.602309,119,1177.558061
79.107676,292,1177.767838
-8.0021,138,1177.866823
-35.575392,146,1178.065717
1.368896,207,1178.216691
-24.006986,143,1178.317889
73.423979,278,1178.613046
-85.552718,128,1178.704502
-37.19221,120,1178.789868
0.171592,128,1178.974561
-12.40722,135,1179.071862
57.588438,211,1179.222713
-66.459173,112,1179.397727
-35.410808,172,1179.520584
-50.334407,136,1179.618021
2.873414,129,1179.709065
-5.897947,209,1179.954721
38.395133,130,1180.04663
-21.080889,165,1180.163856
-100.048773,120,1180.344726
-14.542058,141,1180.444857
-30.661949,120,1180.52903
-22.553075,136,1180.626583
9.821662,134,1180.819278
-11.693671,137,1180.916828
-12.789107,143,1181.017744
-20.521073,150,1181.220036
-36.747861,141,1181.320981
-55.068642,124,1181.408763
-41.336139,140,1181.507861
-65.113398,144,1181.704987
-20.092782,129,1181.797693
23.763007,130,1181.890676
-40.454091,121,1181.976657
-17.757211,127,1182.165372
-16.657868,140,1182.264544
44.716748,221,1182.422563
-71.726596,132,1182.610397
-47.904064,136,1182.706363
-7.642256,249,1182.88398
-21.487408,184,1183.110967
-42.552623,130,1183.203336
2.1545,124,1183.291596
-24.593357,135,1183.38773
-79.285107,146,1183.585806
0.009487,209,1183.737014
-54.712651,173,1183.860255
-2.02699,298,1184.17094
23.555395,129,1184.263033
-81.526037,147,1184.467686
-46.865631,145,1184.571347
-58.863071,179,1184.701032
-3.157369,134,1184.795641
-16.931565,181,1185.022069
18.441173,227,1185.183898
-42.887265,237,1185.575477
-58.957401,137,1185.67415
-46.929772,192,1185.811512
-60.39064,153,1186.130553
-44.384788,148,1186.235476
-11.911814,118,1186.319863
-35.394272,138,1186.41798
-56.713084,111,1186.737556
31.752395,226,1186.900744
-26.397865,139,1186.999292
-74.143734,126,1187.292691
24.490891,130,1187.385449
-18.456475,130,1187.477727
-55.666836,139,1188.161119
39.213593,217,1188.539347
-36.789017,138,1188.637796
86.58281,209,1189.013563
-39.29844,223,1189.183991
35.931182,226,1189.345013
-13.876222,126,1189.667613
23.922487,113,1189.749296
76.712519,207,1189.899489
-49.253719,112,1189.979122
9.313016,132,1190.278474
-54.352623,135,1190.37494
110.366895,298,1190.822409
72.629722,293,1191.033835
-111.645047,113,1191.114404
-15.963124,141,1191.420202
-95.491081,176,1191.546248
-75.173631,110,1191.624119
-4.198679,133,1191.719015
-73.441691,100,1192.018869
-12.489269,121,1192.106281
-57.935369,113,1192.186961
18.72865,117,1192.270584
17.14508,211,1192.625195
-21.469966,131,1192.719633
-13.337789,124,1192.809609
-83.322975,113,1192.891596
-68.498492,158,1193.239368
-37.823269,145,1193.342975
-117.995899,150,1193.449143
-31.857794,133,1193.749265
-34.961639,120,1193.835126
5.455319,127,1193.927715
-42.183981,137,1194.026336
4.510985,127,1194.350408
-34.542993,135,1194.447805
-39.060641,225,1194.608708
-30.796056,134,1194.927212
-54.239261,119,1195.011661
23.131758,124,1195.101597
-14.944126,194,1195.241645
-41.241061,132,1195.566906
-42.386681,137,1195.664697
-42.642517,134,1195.760193
30.916256,123,1195.849433
-6.241198,222,1196.244213
-42.505772,129,1196.334996
-6.675521,139,1196.434477
-81.443408,147,1196.769775
-78.284454,117,1196.854482
-78.601626,165,1196.972167
-27.269464,125,1197.245563
-43.851637,135,1197.348855
-84.256063,114,1197.429597
-62.677183,131,1197.522733
-56.096357,156,1197.858787
19.681086,118,1197.9426
-41.695812,105,1198.017015
0.176172,130,1198.110176
-10.677229,118,1198.194156
-43.957811,146,1198.533312
-47.269185,138,1198.632035
-50.795143,114,1198.713584
-29.824012,134,1199.036472
-1.277785,125,1199.135263
-31.014817,120,1199.221953
-22.122817,144,1199.325168
-52.043028,144,1199.661032
-80.414629,117,1199.748926
-56.035606,150,1199.856827
14.979829,124,1199.945588
-99.349565,102,1200.190734
-66.77754,108,1200.270329
-14.771257,120,1200.355529
-27.610221,132,1200.448745
-28.136391,129,1200.541562
-87.354469,97,1200.815475
-102.001932,105,1200.890992
-22.97878,115,1200.973267
-12.500735,138,1201.071694
-113.610573,101,1201.346587
-12.934285,214,1201.501962
7.049109,129,1201.594233
-93.406598,135,1201.69083
25.043168,238,1202.072923
-79.273076,121,1202.159744
-17.855793,117,1202.242774
-83.584919,100,1202.516999
-25.697264,117,1202.601015
-50.090758,169,1202.722034
-19.132626,149,1202.82928
1.620316,120,1203.120979
-18.460215,126,1203.210897
-88.433728,98,1203.280907
-76.345003,111,1203.360254
-17.666609,126,1203.656347
5.516761,134,1203.75119
-19.429485,105,1203.82581
-9.829104,114,1203.907933
-114.585287,97,1203.977265
-95.49968,101,1204.28683
20.215932,125,1204.377425
-35.749573,143,1204.480284
23.445978,116,1204.5631
-64.526219,186,1204.928407
-88.92886,153,1205.037038
-17.537514,114,1205.11901
-35.755368,112,1205.425078
13.877242,110,1205.503927
-40.081335,108,1205.58091
-52.390926,110,1205.659303
15.820783,113,1205.740855
-70.881499,160,1206.058089
-91.460926,104,1206.132584
-85.345053,99,1206.20347
-36.852344,111,1206.283043
-50.444741,109,1206.593539
-98.424297,102,1206.671601
-93.651206,101,1206.7439
15.336368,123,1206.832041
-30.970869,144,1206.93522
7.126692,111,1207.237685
-88.677502,101,1207.309218
-74.776414,96,1207.376988
-105.367368,98,1207.447066
11.067502,112,1207.527728
-10.408759,108,1207.838126
9.672602,119,1207.922858
-95.253074,107,1208.000228
-85.820522,96,1208.069396
-66.325152,109,1208.35202
-63.401725,104,1208.428784
-100.921521,99,1208.500096
-5.264715,115,1208.583408
-99.298263,93,1208.649642
-49.793323,124,1208.947116
-57.724662,97,1209.016573
-39.517508,95,1209.08484
-66.542554,96,1209.153958
-81.051742,94,1209.221958
-79.84966,136,1209.521367
-35.81332,118,1209.607807
-14.460663,135,1209.704602
2.355361,116,1209.787524
23.953441,128,1210.088873
32.303635,110,1210.169599
-44.538545,125,1210.258449
-49.137051,111,1210.337783
-88.19286,95,1210.404865
-28.575427,177,1210.740182
0.037348,129,1210.832448
-57.033315,136,1210.929773
-67.74613,146,1211.259377
-76.403527,100,1211.33155
-10.9254,124,1211.429679
-20.682108,104,1211.504357
20.173279,129,1211.597127
-23.57991,104,1211.883676
-74.667779,177,1212.010036
9.523588,119,1212.095858
-12.869093,112,1212.17701
-25.729232,138,1212.479556
9.749954,121,1212.567054
-50.362389,103,1212.640662
18.973399,114,1212.722544
-8.431519,126,1213.021947
8.498048,126,1213.113056
-18.455009,128,1213.206081
6.385453,129,1213.298639
11.009585,117,1213.592644
4.416376,111,1213.672392
-4.708185,135,1213.769852
116.522424,283,1214.19493
-55.283506,100,1214.266589
-61.971068,110,1214.346017
-106.915112,128,1214.438252
-92.403648,100,1214.511762
-50.213945,128,1214.830809
-23.385673,150,1214.937858
-7.171303,121,1215.02546
-99.963833,113,1215.106232
-67.948509,121,1215.39718
-56.136436,128,1215.489037
-6.257712,114,1215.571944
-33.671576,120,1215.659163
-79.115116,142,1215.997617
-18.727339,124,1216.088247
15.936161,132,1216.184755
-42.126784,128,1216.277134
-54.538444,145,1216.592176
-52.238853,136,1216.690249
-0.654053,120,1216.777683
-19.2956,149,1217.08673
44.23551,211,1217.241423
-50.37749,143,1217.343501
-34.72286,131,1217.437432
-4.018006,154,1217.769161
23.839691,120,1217.857571
-5.041716,126,1217.950163
-6.512053,135,1218.277727
-39.223649,131,1218.377332
13.125417,138,1218.47889
-51.30385,165,1218.599145
-3.729451,135,1218.794644
-27.714012,142,1218.897557
-19.023035,136,1218.996949
41.572637,201,1219.238484
-56.99867,126,1219.330719
-57.933349,159,1219.446325
13.890841,203,1219.689842
-29.887933,137,1219.792459
-75.790502,147,1219.898695
43.530466,224,1220.156831
7.491027,122,1220.246057
-83.183505,102,1220.320181
-6.106018,140,1220.422685
1.485031,125,1220.513766
-111.25244,104,1220.686129
-29.695759,151,1220.796471
-84.98229,150,1220.90461
38.518205,211,1221.157353
-3.943802,131,1221.252856
-53.172339,149,1221.360972
-108.488675,142,1221.46521
-98.04439,104,1221.636323
-86.08503,99,1221.708405
0.156618,124,1221.801499
-55.15158,146,1221.908018
-8.910874,135,1222.103171
-34.960609,137,1222.203995
30.51615,128,1222.297844
-5.001677,140,1222.399567
-48.619812,157,1222.609619
-29.83294,159,1222.72549
-96.784941,100,1222.798747
-88.971788,110,1222.974283
-44.751174,147,1223.082186
-54.379322,108,1223.161049
10.102664,133,1223.257442
13.821813,222,1223.514942
-13.668205,126,1223.607549
-47.575382,138,1223.70748
2.599898,137,1223.808257
-31.38469,179,1224.033926
5.258023,135,1224.132622
-60.391405,120,1224.219474
20.334367,129,1224.407705
-41.50834,159,1224.5232
5.342241,127,1224.621233
-35.820386,110,1224.701886
-0.709351,124,1224.888218
-7.582768,257,1225.074848
-37.643195,170,1225.197158
-100.559174,109,1225.371955
-33.062923,129,1225.466584
-38.032709,143,1225.57085
-45.575898,147,1225.678385
-34.286129,141,1225.879114
6.613809,129,1225.974046
-16.75169,122,1226.063594
-34.520853,137,1226.168574
-99.443113,105,1226.34026
-60.846874,139,1226.442141
-22.422489,148,1226.54979
-32.961152,139,1226.745561
-31.533576,125,1226.838223
-23.682888,139,1226.940864
-59.14859,126,1227.03247
-58.928351,112,1227.207125
-59.377728,183,1227.340154
-2.46796,131,1227.435321
-28.351074,133,1227.531599
-43.705532,127,1227.719764
2.676693,225,1227.883453
-19.521097,133,1227.980428
-30.678065,151,1228.185948
-6.975931,144,1228.290498
-16.763799,127,1228.383651
2.455212,125,1228.474576
-23.076276,136,1228.668198
-26.86877,234,1228.838936
-9.400665,132,1228.935329
-25.463438,141,1229.133826
-36.798713,252,1229.319092
19.779872,129,1229.413109
-55.96551,195,1229.648806
-45.887804,154,1229.760037
29.085165,215,1230.011082
-10.895568,138,1230.114171
34.740123,478,1230.560045
-33.674829,198,1230.705496
42.033547,198,1230.849219
-70.989088,111,1231.02546
-19.513301,132,1231.121871
-34.809133,146,1231.228303
-17.17012,135,1231.501429
-11.608161,214,1231.663479
-11.923543,125,1231.754954
-70.252346,165,1231.87616
-0.727286,127,1232.066164
8.476537,134,1232.164766
-41.865625,125,1232.257469
-3.410318,133,1232.355432
-17.322223,137,1232.54966
-58.461983,153,1232.660987
5.118344,128,1232.755187
-9.012254,145,1232.956846
-32.775963,137,1233.05707
-45.98149,156,1233.170385
14.898311,197,1233.407438
-64.259741,129,1233.501012
44.885375,220,1233.660721
-0.828246,123,1233.750408
-51.036402,135,1233.94356
-36.883838,139,1234.044967
-101.091911,122,1234.135789
-3.056801,131,1234.32721
-49.631005,141,1234.432346
1.677736,130,1234.526823
-29.517326,136,1234.629702
-42.685599,148,1234.834344
-29.331997,162,1234.95193
-30.607773,142,1235.056522
-83.903977,151,1235.167057
-89.920069,117,1235.348292
-41.834982,147,1235.455338
161.771486,614,1235.995625
0.127609,241,1236.262565
46.857112,301,1236.486017
60.364145,307,1236.808656
-15.299659,136,1236.910396
-41.913689,165,1237.030859
-266.314328,327,1237.365452
41.287517,205,1237.514549
160.424041,449,1237.938331
86.716103,401,1238.327112
-238.710093,316,1238.65829
-36.747561,151,1238.768183
-13.520546,179,1238.8985
-19.60231,238,1239.166831
-243.231714,442,1239.712051
1.62879,118,1239.798024
-2.567524,147,1239.904619
-30.284595,146,1240.227974
-12.780522,141,1240.333508
-4.719155,231,1241.041376
-41.223595,184,1241.399637
74.003372,418,1241.70818
-62.020221,161,1242.053913
-38.54354,153,1242.165559
-16.528729,261,1242.583144
-48.182048,753,1243.237298
43.30548,334,1243.589222
97.497239,504,1244.050869
-26.089636,149,1244.162155
-263.784639,309,1244.485061
184.542346,684,1245.096008
-64.692643,168,1245.216799
-36.924688,146,1245.427059
15.25409,131,1245.52461
66.749374,411,1245.919827
-80.947002,172,1246.044073
38.735298,313,1246.366599
-26.216697,143,1246.471795
-58.574354,151,1246.581271
-56.410828,181,1246.71304
-46.591883,132,1246.905168
-40.6062,143,1247.009535
21.579398,212,1247.165038
-80.285739,177,1247.387349
-200.465686,327,1247.6273
-35.996788,248,1248.027366
-47.926624,149,1248.135978
-205.791484,464,1248.573971
-257.747301,328,1248.908441
-20.401913,258,1249.096634
-125.132358,632,1249.653701
-278.858259,349,1250.006578
-63.000895,178,1250.13658
-49.537792,160,1250.347765
16.576803,199,1250.4962
-83.551502,124,1250.587424
-41.331976,162,1250.801672
-40.509084,176,1250.929423
-44.184761,177,1251.057717
-287.057869,254,1251.340957
-332.918723,194,1251.483744
-206.981848,481,1251.929124
-29.061371,181,1252.156978
70.848826,204,1252.306137
161.483138,723,1252.943191
-25.237638,149,1253.148713
-62.335359,151,1253.258873
103.49118,491,1253.713104
7.169196,125,1253.80455
38.413133,313,1254.127728
-268.626231,318,1254.360248
-60.746114,161,1254.571559
-13.131093,190,1254.709743
1.350867,230,1254.970951
-77.773624,163,1255.089465
-24.099369,230,1255.257659
-46.348275,138,1255.452357
-53.216438,151,1255.561109
-204.245929,483,1256.006493
-44.617339,146,1256.112329
-326.107533,218,1256.476544
-120.066567,137,1256.576888
-63.508684,160,1256.690979
-317.956741,227,1256.953968
-36.461566,263,1257.144999
-88.934785,171,1257.268293
85.552888,368,1257.631074
-4.01003,129,1257.725044
-51.300508,188,1257.95721
-52.888651,149,1258.065616
6.464889,201,1258.212432
-250.057337,407,1258.605537
-239.16407,300,1258.922268
-48.058709,158,1259.035872
-37.69613,244,1259.30856
-11.477483,141,1259.41314
50.425931,214,1259.568369
65.91037,483,1260.016635
-272.065212,321,1260.346195
-15.996438,240,1260.52177
-242.108638,336,1260.965105
-30.463272,176,1261.091648
41.418646,208,1261.338873
-78.995923,176,1261.466738
-28.767724,147,1261.576748
-293.891661,241,1261.85141
-39.729585,161,1261.968115
-40.191434,142,1262.070182
-3.344175,217,1262.426766
-6.825891,352,1262.908787
-33.043591,154,1263.021894
52.426596,472,1263.570154
-26.731109,140,1263.672675
-8.403265,128,1263.767391
-36.479668,137,1264.093503
-9.200755,130,1264.191033
-22.20461,129,1264.28463
-83.783958,168,1264.405238
-24.925878,137,1264.73181
-13.293271,127,1264.825442
14.366862,122,1264.914983
12.674652,129,1265.008448
-43.01462,135,1265.311898
-28.480558,123,1265.401037
-40.557783,144,1265.50592
-39.235528,118,1265.591814
-55.119587,164,1265.808069
86.877229,425,1266.212593
-59.93534,148,1266.321135
6.206582,133,1266.419345
-5.004449,130,1266.514191
-82.613222,105,1266.685873
-38.972318,141,1266.789568
-33.309136,129,1266.883026
-73.677016,112,1266.964142
23.697826,121,1267.148167
-97.886953,115,1267.231929
-77.500467,158,1267.346285
-23.881822,135,1267.444862
-74.30621,124,1267.631183
-46.937984,122,1267.721129
-5.095406,135,1267.820558
-67.726721,164,1267.939208
-44.095594,153,1268.147875
-15.141689,128,1268.242436
-15.044128,122,1268.332651
14.978291,248,1268.613267
-9.907351,131,1268.711081
-317.230377,277,1268.915694
-2.406885,128,1269.103297
-29.096041,140,1269.205131
-3.153241,153,1269.315087
1.392542,133,1269.507359
-8.07319,120,1269.59478
-93.076563,154,1269.706146
3.350651,133,1269.803494
-22.212143,140,1270.000538
-64.970747,174,1270.126568
-44.113609,145,1270.231441
-2.557741,142,1270.430257
-2.938194,200,1270.574677
-41.944809,141,1270.67735
-9.06922,132,1270.774346
-40.579326,226,1271.035184
-35.541744,237,1271.207029
-6.057687,136,1271.403114
-7.61471,123,1271.492968
-38.85766,166,1271.614379
-5.421153,146,1271.71939
-59.951352,156,1271.929493
-32.434547,161,1272.045408
-42.87955,153,1272.156467
-48.814688,199,1272.509562
-61.168297,144,1272.615253
-17.687683,140,1272.717346
-40.584441,142,1272.9173
16.237299,268,1273.113362
-3.378639,124,1273.203346
-35.300084,186,1273.432668
-36.278786,143,1273.537264
-67.947742,134,1273.636102
-32.065536,161,1273.977352
-15.585745,139,1274.079576
31.019154,231,1274.248489
-67.574755,165,1274.464387
-54.80526,159,1274.580002
-61.35828,149,1274.689424
-27.299221,136,1274.884019
-30.659147,150,1274.993635
-14.233068,146,1275.100464
-39.734126,145,1275.205545
70.777207,329,1275.670764
-61.722665,192,1275.811896
-56.368923,142,1276.016585
-50.602187,145,1276.123124
-37.791404,143,1276.227382
-4.88357,115,1276.311823
-313.350182,282,1276.611877
-21.136491,146,1276.728867
-9.345963,140,1276.928365
-176.382295,583,1277.45345
15.762832,332,1277.69486
-19.451893,131,1277.885833
-18.181018,227,1278.053069
-11.40274,140,1278.15473
-58.309531,134,1278.349421
-58.406576,137,1278.450176
-35.592331,155,1278.562464
-36.107297,150,1278.67367
-299.543698,299,1278.98569
1.102201,131,1279.080954
-5.102977,127,1279.267932
-65.02024,141,1279.369831
-41.33206,149,1279.477472
90.714836,430,1279.887281
28.513077,202,1280.034986
57.292,463,1280.472425
9.413557,247,1280.747413
-30.785359,126,1280.839001
-46.771428,149,1280.947819
-47.276974,136,1281.153091
-20.552882,127,1281.245971
-44.842093,228,1281.41114
134.315007,424,1281.815691
-44.818411,137,1281.915588
-2.797679,212,1282.167771
-40.784186,173,1282.293111
-9.891612,132,1282.389548
-28.575405,137,1282.69059
-45.240723,151,1282.800756
-51.705011,181,1282.932151
-60.747531,159,1283.142286
-3.976274,127,1283.236994
12.630672,126,1283.329374
-17.328048,129,1283.423851
-48.428788,145,1283.623607
36.662502,298,1283.842251
0.347639,129,1283.937712
-5.707409,132,1284.132811
6.741006,419,1284.436383
-21.454781,235,1284.704424
-31.965519,231,1284.872204
-25.925508,137,1285.067952
-77.629563,146,1285.17441
-17.826115,132,1285.271116
-285.285939,252,1285.551298
-41.50366,155,1285.663868
-20.254535,132,1285.760136
-0.7922,131,1285.951087
-48.295462,154,1286.063713
-7.566796,212,1286.219587
-66.356639,141,1286.54542
28.470476,309,1286.774851
-24.832693,208,1287.026438
146.768867,565,1287.536976
5.620752,126,1287.629431
41.265416,212,1287.786006
-8.28651,126,1287.976522
-46.4161,137,1288.076837
-57.813502,106,1288.15429
-34.582158,135,1288.252092
-37.44824,141,1288.450731
70.519856,296,1288.666858
-42.8754,131,1288.764658
-27.62602,142,1289.598232
-60.659055,134,1289.696717
-16.949864,243,1289.874981
-27.444102,143,1290.169552
-1.987526,128,1290.263869
-49.741459,137,1290.36474
-12.832615,121,1290.455708
-54.066926,144,1290.655386
-15.245883,130,1290.750718
-23.628036,126,1290.843434
6.714212,125,1290.935042
-37.443684,152,1291.140557
-85.294547,131,1291.236817
41.021517,202,1291.384583
-3.843743,124,1291.571923
-25.083792,138,1291.673374
-37.043261,151,1291.783878
-13.274694,134,1291.884384
-13.116175,188,1292.118288
-69.872587,118,1292.204705
13.003175,124,1292.296915
-21.558093,135,1292.492432
-17.363115,124,1292.58932
-13.200613,141,1292.69328
5.7927,142,1292.798175
3.46004,127,1292.988039
-7.584328,125,1293.080366
-9.368357,123,1293.17161
-34.877926,140,1293.274451
-47.460006,143,1293.474675
13.375369,121,1293.563019
-13.722379,124,1293.654017
-54.101916,118,1293.740837
-37.062818,140,1293.938303
16.100116,121,1294.027823
-11.24256,123,1294.119537
2.559059,131,1294.215515
-99.431581,110,1294.389974
-38.425891,108,1294.468986
-0.504003,129,1294.563485
2.385509,253,1294.845332
-28.495899,140,1294.947826
-10.790901,126,1295.040207
16.2309,127,1295.13441
-9.03166,136,1295.330623
2.368789,133,1295.428102
-21.87368,138,1295.529127
-44.276119,140,1295.631724
-29.287365,142,1295.83328
-13.800894,140,1295.937102
-55.073401,110,1296.017952
-23.90718,140,1296.120432
-13.350113,146,1296.322009
-31.504225,126,1296.415163
-28.471238,127,1296.511614
3.353747,124,1296.603675
3.669431,124,1296.793423
-13.821958,202,1296.942981
139.870933,542,1297.438523
-36.734071,144,1297.544184
-23.470495,224,1297.805784
-12.72005,141,1297.911615
-31.074609,139,1298.014169
11.028876,126,1298.202727
-39.341207,129,1298.298538
-35.004961,173,1298.426101
-31.658328,137,1298.527173
-44.853483,143,1298.727165
-0.392609,129,1298.822538
-8.964596,125,1298.914754
-38.418951,135,1299.10889
-36.853687,130,1299.20563
-64.658765,113,1299.288494
-51.480226,157,1299.405012
-1.317526,132,1299.597498
-24.077088,131,1299.693624
-3.846316,145,1299.798897
-21.539862,121,1299.8885
-1.243157,133,1300.081216
-22.075801,149,1300.191712
0.629618,119,1300.279889
-13.39238,137,1300.380786
-18.727792,135,1300.57381
-48.240265,170,1300.696636
21.106198,119,1300.785721
-2.005833,130,1300.885528
-41.989107,121,1301.070311
-25.201542,138,1301.172678
-35.982634,174,1301.300818
-5.683199,128,1301.490717
-16.521124,136,1301.591141
-54.24977,140,1301.693464
11.436575,126,1301.787316
14.831832,225,1302.048388
-54.912213,159,1302.165888
0.186504,130,1302.261968
-12.057694,129,1302.452286
-26.966439,166,1302.572364
-32.58462,141,1302.676013
-17.339321,144,1302.782242
-35.501608,143,1302.98208
-22.923392,133,1303.079025
127.938203,392,1303.463032
11.58682,129,1303.558002
-87.148513,412,1303.958769
20.125815,316,1304.196434
-25.275489,229,1304.460078
10.240849,182,1304.594993
-43.20806,140,1304.794642
-333.670558,193,1304.938279
-32.109995,145,1305.044739
-5.593045,136,1305.144933
-8.60739,133,1305.339209
-8.344167,128,1305.434069
-57.503169,152,1305.54608
65.970536,297,1305.859909
60.199476,319,1306.095372
6.389726,132,1306.288067
-166.868831,142,1306.392527
-8.338311,138,1306.494029
-24.570071,117,1306.674701
-61.861936,543,1307.175096
0.194723,221,1307.33956
-19.175656,188,1307.475573
-52.510776,141,1307.673564
34.35303,275,1307.878364
-11.60668,140,1307.981603
-25.270822,131,1308.174511
6.215731,134,1308.273366
-219.786968,155,1308.387444
-10.283635,227,1308.64934
56.02715,200,1308.797309
-271.616486,217,1309.053768
-34.808667,150,1309.163373
100.7363,281,1309.370991
-225.770533,247,1309.648403
32.647958,260,1309.838903
-17.212153,156,1310.046554
-0.443435,220,1310.209599
-22.938338,127,1310.302658
-10.17265,127,1310.491273
20.56627,192,1310.631618
-41.450844,142,1310.73602
-129.671342,440,1311.154514
-17.956054,138,1311.25548
41.505499,200,1311.497582
-17.388989,146,1311.605248
-24.565794,137,1311.706128
-9.737032,153,1311.912731
-21.634029,117,1311.999482
-9.468972,120,1312.087436
-0.137463,145,1312.193446
-28.709026,143,1312.393539
-23.01164,166,1312.51382
15.946046,205,1312.664932
-85.023043,131,1312.857091
-26.305362,159,1312.973189
-23.266741,152,1313.083846
-285.932291,157,1313.29592
8.836666,139,1313.399253
-5.875494,140,1313.502146
-39.137902,167,1313.624345
17.916123,132,1313.81612
-91.311485,121,1313.904256
-77.389337,135,1314.002348
-12.969804,113,1314.084959
-31.977736,155,1314.292382
-278.645432,215,1314.451243
-8.905173,129,1314.546178
-26.945451,173,1314.882188
45.277434,200,1315.029904
69.53437,314,1315.358855
-20.131431,128,1315.453593
-40.138701,127,1315.546033
-54.232528,155,1315.752632
-22.421961,140,1315.856474
-11.175979,142,1315.961823
-71.544288,140,1316.064804
-225.03398,106,1316.236394
3.290351,129,1316.334385
-163.46723,111,1316.415824
-18.596701,135,1316.515778
-60.095555,130,1316.705776
-233.399036,302,1316.929971
1.091201,180,1317.059677
-18.502525,122,1317.34884
-11.866979,151,1317.459849
-58.138929,129,1317.555938
-29.238904,124,1317.740489
13.405309,130,1317.836543
-15.100851,140,1317.939991
-6.941748,118,1318.026107
-9.03783,150,1318.229949
55.414485,486,1318.679218
-58.988403,135,1318.778907
25.322547,134,1318.880391
-6.422115,139,1318.984554
-7.594414,143,1319.184462
-14.442669,145,1319.291388
-31.548075,166,1319.411531
-3.366703,135,1319.511036
6.547914,141,1319.708286
17.102855,205,1319.860256
-17.823168,137,1319.962406
-21.365759,122,1320.25311
-41.013641,161,1320.371697
-9.273095,140,1320.476553
47.37844,183,1320.837088
10.09053,227,1321.005232
-61.159105,152,1321.116796
-106.942216,138,1321.313344
-18.774513,147,1321.42163
-7.845658,135,1321.520669
-39.666271,145,1321.627651
-21.675011,148,1321.83266
-13.242403,145,1321.939858
8.559862,124,1322.031195
-315.072016,207,1322.278937
-1.202363,143,1322.384233
-38.201332,165,1322.503996
-264.671843,218,1322.762088
-47.068993,178,1322.894425
-11.323964,151,1323.005652
-260.602102,298,1323.322058
-40.222821,139,1323.425014
-14.728816,156,1323.540218
-21.012776,166,1323.756377
4.78717,140,1323.860051
-32.023164,164,1323.98111
11.731137,139,1324.179261
-12.74666,144,1324.285716
-61.454151,112,1324.367819
16.563543,134,1324.466694
-82.436737,121,1324.650611
-29.486074,173,1324.779994
-41.609356,149,1324.891145
14.335409,128,1325.210283
-26.39024,163,1325.331548
0.49461,136,1325.432106
-26.208797,161,1325.550608
53.154137,217,1325.924182
30.534859,216,1326.086224
-19.531056,141,1326.39349
-45.247022,129,1326.489947
12.004938,140,1326.59447
-31.197441,130,1326.692123
-64.096491,419,1327.23998
-20.454804,159,1327.358411
-9.676483,138,1327.683937
-43.409159,165,1327.805215
-13.659033,141,1327.911214
-33.824555,159,1328.243337
-42.06931,126,1328.337938
7.471629,214,1328.499767
-39.610659,156,1328.852191
-22.246802,146,1328.962301
-11.21782,142,1329.068716
-32.093329,154,1329.183385
-21.767976,140,1329.511047
-48.201395,169,1329.637125
-15.917188,153,1329.750702
-15.258842,135,1330.053691
-15.306541,139,1330.158015
-52.193391,168,1330.282853
-67.399613,139,1330.597755
-38.120398,149,1330.713638
-5.499708,128,1330.808622
-280.176571,227,1330.979503
25.902911,134,1331.310538
-42.845769,156,1331.426197
-19.151375,131,1331.522972
11.81105,137,1331.833184
41.585761,234,1332.007763
-36.434014,137,1332.108942
5.371057,130,1332.429989
-29.803147,134,1332.531075
-47.413801,162,1332.651969
-48.757592,132,1332.750238
-62.48466,128,1333.036408
-24.214827,142,1333.143162
-57.642151,162,1333.263099
-113.194309,164,1333.607881
-24.272245,158,1333.726289
-59.993713,142,1333.83156
-55.287321,140,1333.936384
21.074218,227,1334.341958
-79.861386,140,1334.446568
-19.303379,153,1334.560392
-44.335963,153,1334.910321
-64.034517,145,1335.018456
-24.266445,133,1335.117488
-124.990773,124,1335.411926
-25.679436,144,1335.523333
-28.310663,155,1335.639704
-36.229332,165,1335.762837
-16.64199,177,1336.131093
-132.337582,129,1336.226928
-52.334302,144,1336.334369
-40.404249,145,1336.652725
-41.099607,174,1336.78345
-47.305516,155,1336.899753
-33.890458,159,1337.246863
-85.307955,133,1337.347171
-61.383893,168,1337.47325
8.410504,212,1337.863715
-33.103196,176,1337.998688
-17.38638,229,1338.1706
-61.951218,133,1338.473327
-21.125829,141,1338.579005
-27.417819,174,1338.709675
-22.122123,144,1338.816494
-41.236472,168,1339.173895
-124.352774,149,1339.28565
4.429063,238,1340.214781
4.64981,133,1340.314608
-81.769643,129,1340.412282
-16.398898,148,1340.523059
-27.358468,151,1340.876756
15.86207,212,1341.037218
-13.589446,155,1341.153262
9.807406,192,1341.523912
-116.45725,169,1341.649188
-33.25862,150,1341.760533
-47.056394,124,1342.063767
-78.401883,117,1342.150996
13.257319,215,1342.311472
34.732035,222,1342.682987
-130.013043,137,1342.785832
-71.005752,132,1342.885872
-36.312985,120,1342.976167
-56.202425,122,1343.307341
-26.988054,153,1343.422021
-85.035294,148,1343.532079
-54.563422,174,1343.867492
-229.846608,232,1344.040952
-18.042613,140,1344.145102
-60.21149,115,1344.449523
148.511332,592,1344.988175
-75.792936,126,1345.083922
-279.259252,232,1345.259887
-45.197062,142,1345.590634
-35.427202,132,1345.689857
-28.15085,149,1345.800847
-26.716289,122,1346.114218
-50.631816,118,1346.207558
33.782599,208,1346.364779
-33.78305,129,1346.461675
-39.249517,157,1346.787982
-15.56496,140,1346.89285
-46.437344,134,1346.992865
-114.917414,123,1347.083888
-259.172675,247,1347.497303
-86.500014,148,1347.606878
-42.276025,160,1347.820863
-19.339709,155,1347.936806
-31.603454,147,1348.047732
-6.383171,141,1348.154044
-10.798853,138,1348.351583
-6.381896,127,1348.446134
-9.00465,151,1348.557471
-1.456827,127,1348.651574
-5.644175,148,1348.856975
-18.363385,142,1348.966529
5.56071,133,1349.065804
-6.58871,147,1349.270128
63.88748,217,1349.43248
21.497791,133,1349.531712
-58.39116,139,1349.729963
-3.695658,154,1349.844303
8.233698,131,1349.945393
2.926118,134,1350.046364
-24.435365,160,1350.260781
12.45281,136,1350.362262
-22.568952,139,1350.465755
-19.90752,143,1350.669989
-24.930011,134,1350.771119
8.307382,142,1350.876519
-7.283206,149,1350.986601
-27.34646,170,1351.207491
-23.817207,146,1351.315588
-10.170288,129,1351.41126
77.740377,198,1351.652938
-15.556187,141,1351.759065
-0.742391,145,1351.868792
-32.087195,154,1351.982349
9.42338,133,1352.17997
-27.964525,122,1352.272923
-24.647684,137,1352.376076
-20.852085,230,1352.753772
4.548707,134,1352.857923
8.61354,126,1352.953262
-67.807142,125,1353.046371
20.541921,136,1353.349617
-13.877738,136,1353.451471
9.827423,130,1353.548099
12.187056,141,1353.653014
-19.67184,129,1353.978117
-24.361044,140,1354.083778
-5.182277,146,1354.193224
-34.752781,136,1354.522258
8.016031,181,1354.659576
30.153838,128,1354.755034
-13.496874,154,1354.868922
-28.764399,151,1355.078472
-16.751779,177,1355.211628
-20.768089,137,1355.317935
-36.412949,170,1355.648589
-19.084431,129,1355.745117
42.781014,220,1355.908579
-12.27528,140,1356.224636
-85.412768,150,1356.337212
0.889178,133,1356.436872
19.184988,152,1356.771145
21.229297,140,1356.893524
-22.114762,156,1357.010442
-25.845072,130,1357.108206
-16.901776,131,1357.434866
-35.357193,175,1357.566996
-31.415758,147,1357.676985
1.624121,144,1358.007494
-14.025898,145,1358.127094
10.994232,137,1358.230439
-2.897143,217,1358.39386
-8.017193,160,1358.742887
-38.357147,142,1358.849157
2.198437,139,1358.953612
-28.203615,170,1359.306933
-21.54248,153,1359.420266
-294.414124,212,1359.579893
46.844677,197,1359.952154
-21.63804,135,1360.052523
-69.550159,160,1360.17158
-0.538685,139,1360.500457
-26.277969,146,1360.609765
-17.710696,164,1360.73223
-24.876657,148,1361.045041
11.982502,140,1361.159012
-44.434999,216,1361.320905
52.496497,297,1361.779857
-7.536178,140,1361.886453
8.721259,142,1361.994063
-239.772912,160,1362.315597
4.810908,152,1362.428427
-23.304855,147,1362.5381
-18.818807,171,1362.897774
-43.199916,150,1363.012661
-6.593002,140,1363.117811
-8.100019,151,1363.231004
-41.923607,126,1363.560984
-53.378276,134,1363.661168
-37.886287,127,1363.755858
-31.373426,176,1364.091226
-21.295447,143,1364.198306
-32.620279,138,1364.302454
-25.867397,168,1364.427174
11.880382,136,1364.764402
-13.376606,137,1364.866434
-28.478175,145,1364.975259
-67.744997,162,1365.321398
0.724463,133,1365.42354
-7.791211,144,1365.531018
-105.972187,141,1365.634956
-17.797296,145,1365.97634
-74.406622,161,1366.095568
1.384756,131,1366.193887
9.049524,140,1366.29932
-27.839845,119,1366.593415
-61.050495,140,1366.697704
-102.990055,149,1366.808294
-26.655883,134,1367.14109
-69.42453,157,1367.257932
-18.862085,141,1367.364057
-28.429985,138,1367.466794
14.942305,134,1367.758743
-260.782993,284,1367.973078
-77.055564,140,1368.076974
-16.795041,141,1368.278274
-5.131635,143,1368.384998
-57.709451,151,1368.497755
28.899288,204,1368.747258
-15.89476,123,1368.838369
-22.570643,147,1368.947125
-41.567484,145,1369.151505
11.566006,132,1369.250194
-35.457559,143,1369.355839
11.62787,134,1369.456137
4.539042,118,1369.641697
-70.799434,137,1369.743193
-2.081281,123,1369.83491
-0.626621,146,1369.945054
-6.09114,134,1370.142083
10.652402,130,1370.240411
9.074337,129,1370.338305
-62.574607,143,1370.44358
-40.237831,115,1370.630208
-4.339999,139,1370.735525
-51.305622,164,1370.857172
29.602693,129,1370.95396
-57.281373,188,1371.190597
-1.20766,142,1371.29588
-53.684223,155,1371.409989
-82.093906,142,1371.61161
-202.072491,257,1371.804333
-4.698154,136,1371.905644
1.409906,139,1372.104569
-27.098435,152,1372.216944
0.759162,138,1372.319325
-157.796488,144,1372.522185
-52.109454,161,1372.641755
-5.778483,139,1372.745355
-54.473658,127,1372.840646
-56.17564,148,1373.047012
-3.642501,167,1373.171377
-69.465424,155,1373.285086
-5.881385,139,1373.484886
-38.500404,113,1373.568634
-1.743142,130,1373.665024
-144.805215,132,1373.762851
-21.856742,127,1373.953734
15.763725,130,1374.050457
-45.722695,142,1374.155852
-5.238261,127,1374.249752
-12.27038,130,1374.442213
-77.773694,149,1374.552003
8.359445,134,1374.652056
-28.34879,168,1374.873305
-10.740977,139,1374.977907
-27.551536,140,1375.082625
0.773847,190,1375.224777
-53.398311,138,1375.501513
-2.824854,143,1375.609202
-62.425739,125,1375.702643
7.180721,133,1375.801792
-0.618302,130,1376.123026
-23.363563,135,1376.224381
-68.136619,106,1376.303387
-43.893864,118,1376.39101
-52.421235,131,1376.709853
12.797805,142,1376.817123
6.344458,127,1376.913771
-15.522084,123,1377.006075
-19.794101,127,1377.337044
-44.136764,116,1377.424027
-37.147274,121,1377.513874
8.242029,134,1377.614529
9.400641,139,1377.921126
-15.989598,141,1378.026758
17.907061,138,1378.130125
31.572701,133,1378.229706
-3.948007,137,1378.561284
-6.748022,139,1378.664126
18.098918,137,1378.766191
-196.627842,141,1379.096609
3.694107,126,1379.193063
-21.429506,171,1379.320509
4.56911,129,1379.416941
-27.916803,134,1379.743757
26.794063,122,1379.834533
-67.318185,139,1379.937057
-13.537139,153,1380.050479
24.118397,122,1380.351789
11.278954,137,1380.453634
-26.894876,131,1380.551511
-27.526013,135,1380.849742
-6.133012,134,1380.952594
-19.930827,135,1381.053193
15.85517,132,1381.152296
22.895988,129,1381.474723
-3.443534,136,1381.577803
15.766182,127,1381.672615
-6.998182,134,1381.772493
-3.500422,141,1382.07378
-73.703712,179,1382.206509
15.230035,130,1382.304639
15.834279,137,1382.40679
-1.019483,130,1382.601159
1.977959,139,1382.705447
14.960374,133,1382.804626
-43.933355,155,1383.115613
-118.764493,161,1383.234534
-31.595905,127,1383.32891
26.563376,142,1383.43375
-29.802539,145,1383.770116
24.669428,133,1383.869627
-166.958095,149,1383.97966
-27.761956,141,1384.280048
-127.789286,136,1384.388672
-15.714923,167,1384.512713
-41.372741,130,1384.608442
11.61785,146,1384.921073
-40.619732,138,1385.023438
17.497696,137,1385.125497
37.9219,214,1385.509577
-30.699466,166,1385.633048
-10.199257,134,1385.732184
-10.625759,147,1385.840371
-87.799134,142,1386.156112
-26.089989,150,1386.267489
-12.76416,165,1386.389382
5.348181,143,1386.720891
-254.061679,154,1386.836056
-12.171519,141,1386.940957
-16.420817,200,1387.298476
24.773353,141,1387.405061
-78.889878,185,1387.541263
5.896809,135,1387.748808
-47.199247,142,1387.855012
-14.106824,147,1387.964776
-73.054554,164,1388.086174
-28.627908,157,1388.297725
-73.097863,159,1388.415846
-1.725865,156,1388.531236
9.584003,133,1388.724948
-14.233605,162,1388.844649
6.518215,141,1388.949023
106.965608,349,1389.305065
-63.22484,143,1389.410264
-23.17986,143,1389.517212
2.184906,138,1389.716148
9.27233,139,1389.819119
4.622438,140,1389.922403
-19.776348,153,1390.130921
2.256909,154,1390.24579
-9.034993,156,1390.360558
35.594128,196,1390.601377
-13.57962,152,1390.715163
-186.839145,234,1390.886647
-37.589547,135,1391.082636
28.454523,123,1391.174341
-30.90364,185,1391.312431
1.210428,140,1391.416486
6.113705,137,1391.618649
-21.023858,144,1391.725492
-24.863724,146,1391.835081
-24.954604,171,1392.059537
69.79411,193,1392.203142
11.16076,144,1392.309676
-19.373091,154,1392.519589
54.719084,218,1392.682543
-2.43775,135,1392.782439
-2.464138,138,1392.886458
-22.207391,153,1393.096618
-10.97955,142,1393.20369
0.014207,150,1393.316651
-11.073753,252,1393.59965
24.81619,130,1394.253215
-11.411734,138,1394.356198
-1.160329,147,1394.560346
-36.492435,166,1394.685802
-4.803858,147,1394.795056
-32.067535,160,1395.007547
39.172504,177,1395.138129
-96.072847,159,1395.255161
-65.359572,142,1395.455109
-22.844474,149,1395.566504
-172.348535,192,1395.708528
-21.032704,166,1395.830865
-5.453022,156,1396.041889
5.281638,173,1396.173578
8.618897,127,1396.268423
-17.109732,144,1396.597047
18.635049,138,1396.700069
-7.831844,135,1396.800106
40.562029,211,1397.169909
-12.510707,144,1397.276401
-22.302979,137,1397.377821
36.150451,209,1397.768373
-33.902092,148,1397.878458
-10.965006,141,1397.982682
53.659198,219,1398.349123
4.165843,139,1398.454137
-50.157779,164,1398.576817
-12.438262,150,1398.687634
-30.19177,161,1399.018543
-19.043445,137,1399.121987
-148.55298,204,1399.276806
-30.663563,127,1399.607325
-52.516554,165,1399.730016
-24.924794,131,1399.826722
-7.954089,204,1400.184041
6.551519,138,1400.287518
19.099353,137,1400.390479
-32.251141,141,1400.495631
-38.635285,146,1400.815416
-5.840002,143,1400.922613
-123.697961,158,1401.039782
-26.742793,156,1401.358482
1.857306,136,1401.459862
12.387389,140,1401.564668
-24.204762,156,1401.679932
-4.923911,144,1401.992708
21.922667,139,1402.096687
55.615541,206,1402.250828
-112.495913,162,1402.60207
-72.668391,178,1402.734581
-9.733878,146,1402.844059
-44.99423,136,1403.151134
-20.799028,165,1403.273646
-118.382928,190,1403.41384
-82.495479,154,1403.77033
8.81573,166,1403.893889
-35.878014,165,1404.016785
-16.483301,159,1404.358551
21.702686,228,1404.529211
17.730886,137,1404.631759
-25.778803,164,1404.977094
-38.9467,166,1405.101591
-23.786618,136,1405.204421
-31.087168,163,1405.550012
10.376045,140,1405.654847
60.303989,235,1405.829972
23.881876,141,1406.137318
-9.293158,167,1406.261127
-142.427081,233,1406.435839
45.642852,327,1406.896509
38.237309,135,1406.996985
-15.765109,159,1407.220978
-3.555606,145,1407.328386
-12.79798,177,1407.45804
-3.577346,140,1407.561748
-95.654617,299,1407.881199
64.674685,217,1408.042899
14.363237,181,1408.273515
-7.687212,152,1408.384832
-19.787307,155,1408.499011
-49.853373,279,1408.801255
-13.588553,155,1408.916069
11.434972,152,1409.227767
-18.377219,142,1409.332792
-198.214057,235,1409.509483
-9.168639,163,1409.860857
19.356746,180,1409.995566
15.011132,255,1410.18397
-29.243395,146,1410.516678
50.27518,226,1410.684842
12.980668,199,1411.044204
-3.450868,164,1411.166616
12.681064,136,1411.267765
-249.663993,223,1411.671466
-32.667054,147,1411.78271
58.040299,205,1411.937792
-55.37715,172,1412.301956
-37.4191,155,1412.416305
-9.717603,167,1412.539424
15.631232,142,1412.875236
35.23738,127,1412.974424
25.879485,183,1413.112416
-54.914043,165,1413.234397
-22.474538,144,1413.565385
-74.006507,164,1413.686487
21.829644,129,1413.783366
60.222974,221,1414.150943
-26.825828,169,1414.275501
-16.461658,141,1414.380284
5.479374,150,1414.700881
-3.672815,139,1414.803614
-52.956253,165,1414.92536
-68.001195,153,1415.269529
-12.101311,149,1415.383938
-50.899314,177,1415.514078
36.836696,218,1415.877048
33.18076,179,1416.009683
-50.348403,163,1416.129963
77.98642,198,1416.501751
32.311554,141,1416.606932
39.794395,197,1416.754111
-20.914395,163,1417.093256
-4.699682,144,1417.200328
-172.468478,329,1417.539615
-39.239972,196,1417.686711
19.615064,227,1417.855497
9.521812,151,1418.066268
-26.45884,169,1418.193464
21.420588,140,1418.296782
19.28631,129,1418.488963
0.064607,156,1418.60381
28.263685,136,1418.703916
17.118901,143,1418.808764
12.544562,162,1419.024343
-9.412352,160,1419.142662
-12.507709,147,1419.250834
-89.502276,180,1419.480482
70.782522,241,1419.659266
33.123537,187,1419.79834
-8.293205,176,1420.0255
31.139224,137,1420.127838
13.663869,147,1420.236867
7.5942,158,1420.450598
9.469735,160,1420.567775
8.88422,203,1420.723931
0.320462,145,1420.928173
7.792459,144,1421.035126
27.093165,158,1421.151582
-153.546035,317,1421.587631
-10.506859,149,1421.697752
13.092247,159,1421.816611
-38.286398,176,1422.150089
-1.774568,155,1422.264866
-12.002102,150,1422.375814
0.584695,153,1422.725561
-252.710181,221,1422.892465
-29.330335,165,1423.014035
1.44601,152,1423.358463
-11.777203,122,1423.448305
12.238707,140,1423.552834
25.381843,140,1423.880617
-11.638151,163,1424.001732
6.445132,141,1424.106038
-146.479251,262,1424.525418
-245.048773,165,1424.647921
-3.107309,148,1424.756883
-25.711736,150,1425.070704
-258.015047,162,1425.191724
61.157159,208,1425.345259
-73.558944,159,1425.687397
21.00187,143,1425.793449
-18.327745,276,1426.000254
-34.287809,165,1426.222146
-45.571373,157,1426.338064
11.521697,159,1426.455203
10.944195,153,1426.66419
67.736835,215,1426.826455
-11.033732,154,1426.939523
54.062942,201,1427.185744
-194.105431,228,1427.356491
94.165818,278,1427.657604
-18.174496,148,1427.765454
26.435236,137,1427.866926
17.633932,148,1428.084573
28.77627,200,1428.233263
27.43505,140,1428.336587
2.441728,140,1428.535401
25.598697,129,1428.630246
18.949576,131,1428.726903
-25.668378,158,1428.841946
18.88386,161,1429.055228
-9.170013,159,1429.172695
92.041024,201,1429.320783
11.541827,135,1429.516189
22.845162,164,1429.636373
18.811649,139,1429.739685
44.758302,163,1430.060378
3.735006,157,1430.176723
4.585847,143,1430.281648
5.709297,145,1430.388896
15.046493,127,1430.581144
-3.473309,136,1430.681504
40.960465,121,1430.770327
32.546971,145,1430.877027
166.297411,306,1431.199012
-8.875397,147,1431.305977
6.542705,159,1431.595146
34.26911,135,1431.695805
22.465222,135,1431.796437
8.879877,142,1431.900929
29.006795,171,1432.126535
16.043951,130,1432.2228
48.895072,330,1432.563202
0.365612,149,1432.671982
21.028585,150,1432.782286
35.264124,127,1432.974272
40.662887,177,1433.104043
41.999844,130,1433.199802
2.830796,164,1433.319825
-315.863712,146,1433.525716
6.244174,180,1433.659369
6.705854,162,1433.777121
30.411492,133,1434.08755
-1.679241,174,1434.215159
86.748439,211,1434.370656
66.732801,193,1434.609831
134.171409,289,1434.821897
42.07627,131,1435.014409
27.701682,176,1435.144973
45.370344,196,1435.290804
31.910914,181,1435.52155
-250.586063,201,1435.668687
-245.513009,205,1435.820963
7.143522,142,1436.024624
24.339199,141,1436.128898
14.408616,131,1436.225097
19.69037,159,1436.437879
24.959351,136,1436.53832
4.256631,132,1436.636112
13.489908,157,1436.750886
-1.401463,153,1437.069285
78.912396,214,1437.227844
-12.218614,168,1437.351492
33.783549,136,1437.547976
-6.706663,133,1437.646791
-145.984416,165,1437.768357
15.682381,184,1438.000649
12.052535,148,1438.110117
45.908039,188,1438.250816
-8.013983,144,1438.453132
10.129217,147,1438.561303
-8.405972,137,1438.661709
40.175932,184,1438.892826
42.060612,184,1439.030341
18.563322,142,1439.135462
-51.203042,135,1439.236042
-40.459335,183,1439.594549
20.099547,157,1439.710113
34.410255,209,1440.089087
13.475413,138,1440.19364
-203.085728,258,1440.383522
7.139155,171,1440.605013
-161.003969,257,1440.794215
33.96182,177,1440.924143
-7.868475,161,1441.138479
11.158681,148,1441.247186
47.476522,179,1441.378746
-3.280799,151,1441.584908
6.39594,144,1441.691011
6.483204,154,1441.805359
4.145472,139,1442.005668
5.453892,141,1442.110186
-6.766507,151,1442.221749
-22.585743,162,1442.340249
90.235798,200,1442.590439
-233.996256,226,1442.759941
0.474332,150,1442.967294
-174.873892,235,1443.144877
21.939633,133,1443.243696
8.638746,152,1443.45221
50.718094,123,1443.5437
29.293898,160,1443.660619
3.395634,167,1443.783204
11.980576,149,1443.987578
-21.342954,142,1444.092957
-1.527886,149,1444.203552
18.511991,140,1444.40122
44.689823,185,1444.537353
5.77321,146,1444.644527
0.21589,163,1444.860472
28.874708,157,1444.97733
-7.093776,121,1445.066581
-14.141417,134,1445.166287
19.752401,143,1445.368498
-30.997624,152,1445.479115
26.937544,174,1445.608508
11.440735,160,1445.827213
7.101462,142,1445.932523
1.428956,160,1446.050438
23.664439,145,1446.158042
19.616139,149,1447.138223
46.279682,163,1447.259178
11.602545,158,1447.374688
-230.516,188,1447.684597
12.727607,136,1447.785644
1.846714,161,1447.906262
71.29418,193,1448.146617
-266.378152,192,1448.288716
-56.336252,164,1448.409741
72.821764,199,1448.654308
19.306891,156,1448.769174
-130.323437,244,1449.047043
-186.523534,221,1449.211744
18.243884,149,1449.321117
82.181923,196,1449.562922
-54.504691,315,1449.794678
-10.928148,142,1449.994469
24.771208,133,1450.093476
-14.413038,143,1450.199081
26.984484,128,1450.294359
32.301696,143,1450.496206
15.974449,146,1450.603962
-21.978929,137,1450.706811
19.694808,145,1450.814615
8.181278,137,1451.012567
10.907193,140,1451.115519
21.910527,130,1451.210982
8.549737,158,1451.423792
-5.30757,126,1451.517368
-189.680685,173,1451.643223
-7.683953,143,1451.747333
-7.765443,127,1451.939378
11.282549,139,1452.041991
19.008601,147,1452.149889
15.691375,130,1452.457355
-6.448221,109,1452.53933
1.003475,169,1452.663838
58.29674,196,1452.809259
26.202036,126,1453.000555
9.294813,126,1453.09418
16.747765,143,1453.198828
31.116182,140,1453.302779
15.848999,152,1453.509911
-8.810842,128,1453.606826
-3.869086,166,1453.728141
16.905384,132,1454.026686
29.150934,136,1454.128427
42.468555,127,1454.223143
29.493802,134,1454.323131
39.195099,185,1454.557195
24.026807,134,1454.656464
54.699989,197,1454.803425
34.656863,137,1455.002631
-9.491464,174,1455.130617
8.755873,137,1455.231698
38.72705,128,1455.42319
36.615368,142,1455.527621
16.505815,137,1455.628824
-12.952097,163,1455.747364
6.836385,155,1455.956972
-80.83317,171,1456.082824
4.314067,142,1456.18724
61.765581,183,1456.522943
19.395202,150,1456.633837
2.229502,123,1456.725117
-25.382085,151,1456.837435
10.214599,133,1457.032425
4.503155,150,1457.143414
24.744946,142,1457.250683
32.226205,130,1457.572786
3.544735,130,1457.668967
-37.586079,120,1457.757947
9.152445,135,1457.857075
36.265312,129,1458.049245
-219.875158,198,1458.195908
-22.970503,143,1458.30101
-19.982167,141,1458.501258
-285.789583,196,1458.647475
33.238338,132,1458.744239
47.078163,125,1458.836109
-33.641606,142,1459.03969
2.556531,150,1459.150624
28.372147,127,1459.245112
14.646066,153,1459.453093
23.613146,173,1459.580549
31.076278,122,1459.670576
31.711175,131,1459.767165
-239.291432,182,1459.999154
-32.565459,172,1460.125773
16.882357,145,1460.231683
21.186588,142,1460.433339
-6.736097,142,1460.53802
34.456096,137,1460.639602
1.610182,145,1460.746162
5.027951,119,1460.932076
-7.706126,149,1461.040372
-18.466777,127,1461.135065
-7.7925,161,1461.347515
-31.424864,166,1461.470607
154.551668,292,1461.688188
-6.348601,133,1461.995322
3.766543,154,1462.110297
-0.973821,151,1462.220679
10.525228,136,1462.415857
25.706832,128,1462.510776
19.080203,136,1462.61091
-8.913588,146,1462.718439
18.190436,128,1462.90985
38.488377,138,1463.013032
11.382833,134,1463.112702
24.755976,152,1463.226237
15.790654,135,1463.420782
4.003791,138,1463.522981
40.807757,130,1463.619988
-25.629145,148,1463.729072
66.425668,197,1463.973025
5.517636,160,1464.090913
-13.947976,150,1464.201798
-4.019395,149,1464.409515
-37.929185,136,1464.511701
25.76276,137,1464.613205
26.393579,144,1464.814946
4.570191,169,1464.938025
90.781111,207,1465.092267
0.128429,147,1465.297418
23.85509,137,1465.398902
-295.428206,178,1465.529368
77.717648,203,1465.775507
3.610195,156,1465.891004
-90.28148,248,1466.072288
10.324614,136,1466.269324
94.081194,203,1466.419204
-253.359626,210,1466.575129
28.727602,171,1466.795949
-223.845254,188,1466.935811
14.426915,128,1467.03141
6.040137,136,1467.23
73.425116,204,1467.382605
-270.166989,173,1467.509506
-1.05586,159,1467.724838
10.719387,148,1467.833601
2.688578,129,1467.929953
7.086181,135,1468.126698
78.253478,208,1468.28036
-5.805046,163,1468.400174
10.470223,136,1468.596136
68.655047,199,1468.742853
-16.239019,162,1468.862119
-38.36718,132,1468.959576
-21.192196,157,1469.171825
5.502924,134,1469.270925
82.996042,201,1469.421046
62.382312,235,1469.690287
-23.260622,157,1469.805579
-2.40466,160,1470.019799
34.777743,130,1470.116568
18.353827,150,1470.226436
0.810703,126,1470.320309
18.08227,134,1470.516703
67.285352,188,1470.655839
85.696099,224,1470.820183
11.335447,135,1471.017415
3.256146,158,1471.134275
61.238796,219,1471.295314
-2.274922,137,1471.49254
15.919732,133,1471.591227
84.718639,188,1471.730532
36.463997,188,1471.968796
12.220228,154,1472.082567
-15.702776,162,1472.202281
16.963884,138,1472.399895
4.221219,140,1472.503186
13.968185,143,1472.609112
-28.721054,140,1472.712325
32.136129,132,1473.009494
42.126135,198,1473.156832
10.78817,150,1473.26705
-22.672709,147,1473.470606
21.961179,130,1473.578192
-19.155131,161,1473.697222
58.875799,218,1474.08397
-31.845248,169,1474.208697
11.713262,178,1474.339764
29.764491,133,1474.534234
-14.450339,135,1474.634644
16.780604,137,1474.739221
11.292985,123,1474.831661
45.577671,117,1475.153618
1.764083,152,1475.26596
13.51116,132,1475.364991
17.155447,145,1475.470906
0.831851,141,1475.77556
9.972505,137,1475.878365
-25.877001,154,1475.993032
19.206289,131,1476.091401
-7.306166,154,1476.404644
23.503136,137,1476.50727
6.080674,152,1476.619647
29.76665,118,1476.803788
-32.916644,165,1476.926244
-2.842155,167,1477.0495
58.666036,195,1477.291163
-1.639723,133,1477.390462
-2.255688,155,1477.504362
-1.591143,128,1477.599673
23.252467,129,1477.792245
16.764591,125,1477.886481
-16.937752,131,1477.984092
45.505508,136,1478.085356
7.563062,137,1478.284527
-18.327083,141,1478.38885
12.908167,123,1478.480119
52.02077,181,1478.814377
-47.983828,127,1478.91064
29.646952,141,1479.015565
9.467854,130,1479.11276
-3.01338,147,1479.318493
-18.985663,129,1479.414966
17.095324,142,1479.52024
-19.281719,143,1479.626884
13.487022,153,1479.835855
0.033797,146,1479.943995
12.385566,133,1480.042582
32.883221,125,1480.232544
2.213488,139,1480.335497
13.039932,140,1480.43992
16.802317,138,1480.542534
1.423541,127,1480.808546
-8.381958,147,1480.918009
-25.083378,145,1481.026385
23.111923,136,1481.127527
-13.176165,128,1481.320314
28.362347,143,1481.426873
17.796613,124,1481.519378
2.465054,145,1481.627718
-0.378033,151,1481.838208
-24.011465,159,1481.955855
-48.891796,122,1482.047144
32.506437,124,1482.236191
24.662042,129,1482.331948
11.67148,146,1482.440706
-19.094431,149,1482.551207
37.566485,148,1482.755912
-17.13965,161,1482.875491
1.090515,140,1482.979218
16.910589,145,1483.182175
-10.009991,135,1483.283174
0.119678,171,1483.40938
7.473923,146,1483.517418
1.21825,141,1483.720204
9.169584,145,1483.827488
12.86018,148,1483.937256
-93.182109,176,1484.164589
-6.003877,146,1484.272778
22.075803,133,1484.372291
20.062122,127,1484.466746
10.409107,150,1484.674571
37.639385,182,1484.811249
20.925875,132,1484.909021
-10.536544,150,1485.117066
-51.507592,160,1485.236167
-7.60435,149,1485.346491
28.545787,134,1485.446462
11.254754,139,1485.645949
19.843936,134,1485.745756
17.421763,133,1485.84538
-5.233986,146,1486.049256
24.082856,123,1486.141378
17.494851,137,1486.244018
76.146402,195,1486.389596
35.509917,125,1486.579095
15.854047,125,1486.673179
3.3062,145,1486.781246
-11.170976,136,1486.883988
-32.10142,154,1487.095246
26.769497,136,1487.196773
-0.980078,154,1487.312732
41.928288,141,1487.591027
-254.78087,245,1487.773152
63.926694,180,1487.908086
28.662583,134,1488.103311
12.831149,130,1488.200418
27.320943,124,1488.292597
8.49594,157,1488.502778
23.580331,182,1488.638275
14.627448,131,1488.736295
12.918867,126,1488.83102
10.551507,132,1489.026444
26.186144,146,1489.134415
13.437095,134,1489.233335
4.370202,144,1489.339775
-18.068559,144,1489.542967
26.702835,132,1489.641091
34.947498,129,1489.73859
19.264413,138,1489.936357
15.49112,182,1490.076339
15.254844,138,1490.178797
-60.051815,171,1490.305403
19.538589,133,1490.501351
27.420312,137,1490.603353
27.980352,130,1490.701822
8.904567,136,1491.030325
-3.695452,137,1491.133443
-2.808892,136,1491.234541
-27.317026,166,1491.357109
-12.041452,143,1491.559484
22.53491,136,1491.659817
-20.743638,150,1491.770524
-11.935646,138,1491.875307
4.724564,135,1492.071914
-39.589038,152,1492.18499
-19.081459,163,1492.306075
-12.955906,138,1492.508342
-0.878907,149,1492.618481
-22.243873,136,1492.721205
-30.416825,167,1492.942564
-22.24344,152,1493.055412
9.45554,144,1493.163864
3.402093,150,1493.274113
-20.358277,146,1493.478873
16.548055,221,1493.642655
-37.926376,150,1493.753163
57.768453,282,1494.0609
-45.579439,140,1494.164301
-39.159948,155,1494.375041
-53.007613,171,1494.503033
-34.432054,159,1494.620338
-3.883029,141,1494.724498
35.392451,181,1494.957327
3.557663,156,1495.073198
16.892655,149,1495.829057
-13.245983,163,1496.157919
-6.881404,139,1496.261083
-101.250281,183,1496.398043
-24.000869,152,1496.606174
-36.91543,179,1496.740785
-20.372761,150,1496.852927
26.33089,141,1497.059638
10.251431,137,1497.162853
-28.842692,145,1497.277971
-125.664548,147,1497.390023
-67.778504,161,1497.712122
-20.136088,151,1497.824766
-39.678614,150,1497.935359
-30.970808,163,1498.15281
8.946291,154,1498.266729
-18.195781,166,1498.389431
-180.276757,350,1498.74596
-32.87151,140,1498.849621
56.326319,208,1499.103017
-42.664141,226,1499.271603
-30.127246,153,1499.385334
3.073455,141,1499.585499
13.977368,129,1499.68145
-11.513097,139,1499.784434
-22.211952,152,1499.897067
12.88252,135,1500.095702
-8.452933,137,1500.198034
-6.405949,134,1500.297297
-18.191695,144,1500.499279
-6.86354,148,1500.609936
-25.292287,152,1500.721671
-4.74852,140,1500.825943
10.995639,135,1501.022244
-16.769019,134,1501.121654
-8.302154,143,1501.228682
7.655333,128,1501.323688
19.554914,129,1501.515393
25.320539,126,1501.609126
-14.194427,113,1501.693597
4.968517,138,1501.796254
24.703811,131,1502.108765
-18.882397,137,1502.210378
1.513749,132,1502.308933
22.390551,131,1502.406476
-18.718285,157,1502.619858
-78.259855,147,1502.728707
-17.876067,150,1502.839858
3.313311,140,1503.040733
-42.168534,113,1503.12757
-7.704416,137,1503.229564
-63.361368,113,1503.313404
18.121043,126,1503.503807
-45.802448,135,1503.604065
-35.86603,145,1503.711366
2.977727,133,1503.810984
1.610189,141,1504.012119
-55.844182,126,1504.106238
-17.82171,133,1504.205445
-9.516869,170,1504.330464
5.149587,147,1504.535944
15.48483,128,1504.631795
30.426117,219,1504.795109
-69.385787,119,1504.978949
-13.02327,153,1505.091941
-45.495141,140,1505.196766
-11.793128,139,1505.396516
-18.204832,154,1505.510232
-22.632295,140,1505.613675
-12.926123,167,1505.737303
-29.68838,155,1505.951232
-10.898318,141,1506.055925
50.927538,207,1506.210199
-19.941006,124,1506.404427
-16.135021,137,1506.50675
-10.345686,137,1506.608514
2.837368,131,1506.705635
-1.180929,127,1506.899243
-33.014934,164,1507.019972
23.534607,205,1507.173526
-13.237212,133,1507.369047
62.494198,222,1507.535318
7.608253,141,1507.640092
10.371407,147,1507.92012
-29.286085,136,1508.021818
4.386338,135,1508.123454
-81.050538,137,1508.22507
-24.704999,160,1508.439491
-36.00874,138,1508.542952
-29.274298,142,1508.649004
-42.140558,157,1508.860945
5.309323,135,1508.961334
4.176361,132,1509.059506
5.990667,132,1509.157725
2.825166,136,1509.356113
-4.913569,215,1509.516502
-34.844562,137,1509.6173
-35.083459,153,1509.826144
5.299508,148,1509.936376
52.337555,204,1510.087854
52.421337,260,1510.378144
66.000372,189,1510.51866
0.819252,135,1510.618204
2.649379,149,1510.824319
-4.023231,130,1510.920542
50.970594,232,1511.093099
-32.066685,137,1511.290756
-26.345938,171,1511.41766
-49.911212,127,1511.511645
-16.649952,131,1511.705048
-24.733315,134,1511.804752
-19.15888,140,1511.909577
58.782936,197,1512.163294
-8.536531,145,1512.270206
-17.60795,163,1512.391723
19.032481,133,1512.490092
-5.115485,166,1512.709455
-44.172302,139,1512.813514
6.078289,150,1512.924147
-4.328541,149,1513.130448
26.878648,220,1513.294142
-24.32462,142,1513.399242
-29.076478,156,1513.611628
-32.503487,159,1513.72949
52.347368,214,1513.888782
24.145894,177,1514.120998
18.118922,129,1514.216981
-84.371885,137,1514.319466
-2.833147,137,1514.421252
49.55222,205,1514.67034
-14.81174,150,1514.781516
2.118616,146,1514.889946
-17.897466,124,1515.079502
46.951788,228,1515.249642
-34.497995,167,1515.373566
-7.290942,155,1515.583128
-5.472397,145,1515.689991
-20.691979,152,1515.80114
-7.801816,134,1515.995162
-28.153466,157,1516.111125
-23.677413,156,1516.225639
-29.071375,169,1516.445459
-13.740766,137,1516.547286
80.733252,211,1516.704205
0.894297,157,1516.820027
-0.324384,173,1517.044411
-25.481135,135,1517.144284
-18.306145,159,1517.260702
-4.396993,140,1517.460168
-9.581572,147,1517.568377
46.565119,216,1517.727769
42.39064,187,1517.963146
12.995557,129,1518.060133
11.976667,183,1518.196556
-1.493655,123,1518.387417
4.960656,142,1518.491725
-90.57983,269,1518.690651
12.306811,149,1518.896998
18.407165,124,1518.988817
-25.34334,158,1519.105647
-7.260869,151,1519.441619
8.602042,125,1519.535153
-18.21684,123,1519.627433
22.083008,126,1519.721808
-7.109368,144,1519.937979
-19.208841,141,1520.045695
46.86216,197,1520.192994
-26.131876,145,1520.397595
-2.694796,130,1520.502967
4.167675,133,1520.604266
-13.796446,155,1520.718988
-10.825074,129,1520.912363
-16.760767,145,1521.020695
9.503374,131,1521.118532
-8.210299,127,1521.21325
41.25101,261,1521.504854
-12.401559,140,1521.608886
94.574617,205,1521.856992
3.114094,141,1521.962188
4.090495,122,1522.053007
-2.739225,137,1522.155863
-66.986452,133,1522.350205
-6.507105,160,1522.46822
-24.558042,136,1522.56931
-7.340429,131,1522.667275
12.113287,119,1522.852303
-29.724232,172,1522.979522
-5.156237,134,1523.079927
-4.301678,162,1523.297065
12.400738,125,1523.390098
-8.38974,141,1523.495267
3.142114,130,1523.591803
-36.871715,160,1523.805829
-9.322414,136,1523.90749
-22.540322,135,1524.008397
3.296113,136,1524.110519
4.539754,135,1524.306231
9.185699,123,1524.39773
-7.889365,140,1524.502218
16.371807,183,1524.736952
-36.807395,125,1524.829361
11.789517,132,1524.927067
-4.556323,170,1525.052255
52.616565,196,1525.297678
-14.870956,136,1525.398138
-11.128864,161,1525.516685
18.156023,122,1525.709318
-6.972519,124,1525.802589
100.018027,283,1526.014324
-11.893176,136,1526.218714
-24.817012,115,1526.305448
8.658876,122,1526.397255
15.016304,134,1526.497717
-25.215641,142,1526.70059
3.793055,136,1526.803208
-1.13759,120,1526.893881
-24.116821,132,1526.991416
4.749401,141,1527.19107
-11.328641,145,1527.299356
95.314434,289,1527.612159
13.156729,126,1527.706261
-31.09526,137,1527.808292
-1.614866,129,1527.904121
-16.194704,156,1528.116006
-3.251604,144,1528.222672
-3.12457,158,1528.338835
34.537248,125,1528.43143
-7.113028,149,1528.637781
-3.07775,129,1528.733538
-21.408793,121,1528.823266
11.948199,123,1528.915048
9.355187,129,1529.107495
2.158971,129,1529.204401
14.464634,122,1529.295296
22.181972,125,1529.388144
31.531026,115,1529.570439
23.106816,126,1529.664282
-15.528734,135,1529.764231
9.258506,181,1529.99527
14.170804,125,1530.088523
1.418183,139,1530.192634
9.123238,125,1530.285968
7.287789,133,1530.611056
-10.861232,146,1530.718706
-19.774351,145,1530.825491
-14.198192,120,1530.915029
-20.310491,140,1531.115399
23.564023,120,1531.204608
-11.953179,138,1531.307584
-4.291233,125,1531.40045
18.22518,134,1531.595458
-60.675948,132,1531.693756
-12.364862,159,1531.811996
1.051203,139,1531.914861
27.630913,128,1532.107723
-76.254414,140,1532.211911
4.221369,130,1532.308672
4.757221,168,1532.528572
10.968234,127,1532.623012
11.845544,130,1532.71989
-7.846521,157,1532.836416
1.28809,130,1533.028815
-43.09715,129,1533.124635
3.585391,139,1533.228309
-10.214912,136,1533.328826
10.091983,138,1533.527476
-48.921729,120,1533.617468
6.098587,119,1533.705413
20.012296,126,1533.798967
5.833722,127,1533.98953
-15.180948,152,1534.102408
5.067926,121,1534.192532
-8.041718,129,1534.288055
-36.047921,129,1534.479437
67.143342,206,1534.632558
-1.003787,121,1534.722619
97.033984,332,1535.066219
-12.012939,150,1535.176481
0.423675,174,1535.401041
-13.396473,172,1535.52772
1.852979,141,1535.632029
-5.44908,144,1535.835552
6.397513,124,1535.92922
21.254119,125,1536.022223
63.612652,196,1536.16741
-17.923937,139,1536.3663
-14.432553,168,1536.490335
-6.417075,135,1536.591442
-10.312795,117,1536.677944
-21.976715,131,1536.872817
-0.458882,143,1536.979348
12.648277,130,1537.075715
-38.647324,130,1537.270242
12.387714,124,1537.362492
22.724538,128,1537.45765
-7.374865,130,1537.554255
-18.159477,144,1537.758126
4.587819,119,1537.847626
18.577333,215,1538.00959
17.494362,115,1538.094714
10.933688,132,1538.288409
-15.321243,128,1538.383591
17.139972,127,1538.477414
-17.446537,151,1538.588112
-46.681433,164,1538.806642
-27.414025,146,1538.914593
-8.346489,139,1539.017345
26.804091,203,1539.264368
7.461172,119,1539.353325
6.4075,127,1539.447917
7.723475,135,1539.642433
-30.58679,162,1539.763578
15.699642,123,1539.854737
-14.085339,139,1539.957535
-22.637956,140,1540.158126
5.856902,129,1540.253842
-5.368885,152,1540.365843
4.040331,130,1540.462214
-4.359292,129,1540.65464
-5.281927,152,1540.768637
-13.414855,138,1540.871623
-7.319524,140,1541.074239
0.344019,128,1541.169965
-18.505301,159,1541.287414
-27.243741,132,1541.386053
-7.443899,131,1541.578813
-20.870839,154,1541.692887
5.99768,130,1541.789679
51.697465,212,1542.045066
-5.489196,154,1542.15922
-10.168864,130,1542.255887
-38.191156,131,1542.351681
5.585776,121,1542.538223
1.9257,127,1542.631662
13.051839,130,1542.726691
6.045496,135,1542.828474
-19.537131,174,1543.156256
-24.257099,123,1543.712235
-11.432772,132,1543.810221
19.456393,130,1543.906125
-13.820259,125,1544.228781
15.203724,132,1544.326969
-16.987699,139,1544.430237
6.165444,137,1544.53213
4.290164,124,1544.855906
6.483339,116,1544.942695
4.082591,146,1545.049971
27.123938,126,1545.143459
16.35125,128,1545.46414
-5.240919,139,1545.567712
7.886407,126,1545.660556
10.517177,131,1545.983427
19.41662,123,1546.077506
14.61832,128,1546.172902
35.85973,120,1546.261717
67.851915,207,1546.619225
12.49009,128,1546.715304
31.164816,121,1546.805516
4.88434,140,1546.9084
-5.782086,137,1547.184496
-17.544978,130,1547.281034
3.595076,118,1547.368745
5.535821,127,1547.462792
9.501227,136,1547.800359
-13.601705,141,1547.90582
-8.702594,121,1547.996704
6.372065,135,1548.097016
28.091748,117,1548.38958
-9.711574,135,1548.49039
15.717007,131,1548.588601
41.72362,128,1548.682771
-21.13935,125,1548.980997
-13.238246,138,1549.084738
2.978459,134,1549.184727
26.107135,126,1549.278466
22.731672,125,1549.608683
10.69242,137,1549.71162
-13.264835,135,1549.812921
14.362266,131,1550.131562
31.40436,122,1550.241993
-7.2527,147,1550.350445
-0.134324,136,1550.451124
-8.575311,135,1550.784856
-30.344274,138,1550.887106
19.526612,122,1550.978182
16.023047,126,1551.075714
76.735627,197,1551.428233
10.479314,147,1551.537526
-43.372078,133,1551.635916
35.691521,119,1551.724576
16.073548,133,1552.060601
14.47888,124,1552.152417
15.892088,120,1552.24142
-30.4935,140,1552.344935
-1.715581,141,1552.680533
24.677246,124,1552.77315
-3.282201,140,1552.878858
7.12639,132,1553.179806
4.509213,123,1553.273836
9.021012,120,1553.364018
4.424219,125,1553.456462
16.048673,126,1553.550287
-26.555795,137,1553.75632
14.132109,126,1553.849127
-28.330702,134,1553.949038
-28.879212,131,1554.145045
-19.24104,129,1554.24077
-8.675373,141,1554.344587
88.824561,207,1554.497384
42.601679,175,1554.723637
15.417287,127,1554.817361
28.183507,124,1554.908581
-6.691544,135,1555.10505
-32.119048,123,1555.196213
-12.781365,151,1555.307399
28.75301,129,1555.40261
-12.36196,123,1555.590099
13.978183,143,1555.696488
-20.560033,140,1555.800409
29.702598,122,1555.891626
31.135031,133,1556.087898
-16.58821,136,1556.188125
-1.154549,145,1556.294799
-7.350702,153,1556.407403
6.414594,150,1556.616117
14.283935,131,1556.712917
22.422214,125,1556.806308
38.817798,179,1557.039133
63.258237,190,1557.180526
19.164607,128,1557.274927
-8.515606,190,1557.510857
0.066561,176,1557.639542
6.382848,133,1557.736828
21.953049,127,1557.831102
-56.620291,139,1558.027376
43.225898,224,1558.193928
-22.175874,126,1558.286881
-9.195908,156,1558.49667
-20.064944,158,1558.612762
26.184266,126,1558.70534
-19.615806,136,1558.901796
8.032866,135,1559.002022
59.96295,220,1559.167878
78.365987,203,1559.515152
6.565622,125,1559.60662
-3.468833,175,1559.73459
-12.690617,134,1559.832712
6.827497,153,1560.144921
19.037586,152,1560.255127
24.481946,127,1560.347702
23.742165,132,1560.553864
18.07182,128,1560.646942
14.747583,150,1560.756756
22.183176,128,1560.850086
-10.238567,146,1561.053631
63.210075,183,1561.188364
-18.633775,137,1561.28806
-35.428063,130,1561.479758
5.414867,132,1561.574877
-34.664516,149,1561.683302
34.168277,124,1561.774043
-1.784552,124,1561.961599
16.239361,137,1562.061145
-28.582328,125,1562.153911
44.511238,210,1562.309373
-15.857595,153,1562.519558
-13.894868,167,1562.641627
68.584946,210,1563.020546
31.242296,122,1563.109897
-17.044345,168,1563.231956
36.271852,217,1563.618843
26.84146,126,1563.719598
-33.674795,129,1563.814803
3.934248,137,1563.914696
-31.542472,141,1564.229883
21.654909,178,1564.359855
11.898004,124,1564.450675
-3.656644,126,1564.544287
-8.262826,162,1564.758718
10.165203,126,1564.850903
62.201291,243,1565.02752
-29.985691,130,1565.219414
-9.393249,150,1565.330128
0.988863,128,1565.424994
32.27692,223,1565.786982
20.640567,132,1565.88362
-24.232621,152,1565.994581
14.864461,128,1566.088016
10.06015,156,1566.298847
8.167218,127,1566.392236
-16.700831,125,1566.484497
-5.797801,143,1566.685164
-6.02561,143,1566.790162
-18.603063,127,1566.885654
13.057824,128,1566.980727
14.901705,126,1567.168871
28.583849,130,1567.264172
-6.40441,134,1567.361791
-8.573888,146,1567.468373
16.40479,128,1567.762438
64.430631,207,1567.915787
-0.170683,140,1568.018729
-2.925549,136,1568.217793
-13.72535,179,1568.348366
14.098505,147,1568.456296
-9.445297,141,1568.559781
-0.637647,147,1568.764526
-26.207408,141,1568.867601
81.585155,210,1569.022347
-220.893222,245,1569.30615
-53.453437,111,1569.386797
-16.89747,131,1569.481252
21.067058,130,1569.674036
-40.348276,122,1569.764488
-5.398277,132,1569.861485
13.965512,128,1569.955642
-15.473067,135,1570.252026
-23.377668,130,1570.346924
5.694461,171,1570.471697
8.941353,159,1570.683541
-9.63409,138,1570.785557
12.665026,130,1570.881435
-10.443957,146,1570.987591
6.321619,119,1571.173167
11.478185,149,1571.282064
-17.175913,157,1571.397958
-29.648539,124,1571.488694
-49.869571,127,1571.678662
30.085119,132,1571.775436
7.458353,127,1571.870867
10.764037,136,1571.970315
1.949235,132,1572.164732
-24.537792,134,1572.263511
5.298274,135,1572.361469
-85.743561,112,1572.443462
223.69108,557,1573.046119
-1.977554,145,1573.152554
-29.667686,135,1573.252244
-37.928293,120,1573.340192
-10.710131,125,1573.527682
16.7817,120,1573.61651
7.271297,131,1573.714032
68.625549,201,1573.862062
31.031133,132,1574.05818
-37.328392,127,1574.153924
-13.859642,137,1574.255304
-2.508358,128,1574.350288
64.360206,201,1574.63204
-35.875723,161,1574.749588
-3.202231,138,1574.850412
-14.253494,140,1575.050827
-16.01684,152,1575.162663
2.091775,117,1575.249171
24.800104,136,1575.44521
-76.369291,141,1575.549749
13.2531,118,1575.638019
41.930028,223,1575.801998
10.751127,123,1575.988645
-62.200192,123,1576.079339
3.677746,126,1576.172852
5.127687,149,1576.282001
-58.584507,115,1576.461209
-79.727182,118,1576.548507
-5.297176,122,1576.638055
-13.41627,134,1576.73689
-6.710061,141,1576.937978
-26.421416,143,1577.044547
-10.031798,156,1577.159248
-48.497107,134,1577.354409
-2.807866,130,1577.450145
-18.386134,119,1577.53747
21.232603,127,1577.630536
-17.924356,132,1577.927694
3.081446,126,1578.021212
-0.880141,142,1578.126304
12.493838,128,1578.220932
-23.663515,133,1578.415424
-5.438524,129,1578.510492
9.765455,128,1578.604561
60.939923,220,1578.959366
9.208941,124,1579.051622
29.093799,132,1579.148612
5.871236,135,1579.247569
-5.242865,131,1579.544569
-3.074602,136,1579.645049
11.660113,136,1579.745016
-4.155769,148,1579.852895
-20.44449,117,1580.036865
3.249199,129,1580.133205
-27.064737,131,1580.229207
-115.195821,142,1580.332974
-12.2822,135,1580.637611
-37.865109,135,1580.735939
14.976149,123,1580.826308
-1.601514,121,1580.917173
-16.097527,123,1581.213802
0.355881,152,1581.324853
14.298893,139,1581.42657
28.716248,121,1581.516323
-6.276527,132,1581.710256
-7.695068,138,1581.812435
-20.033838,139,1581.913273
-3.828233,125,1582.006774
0.708705,140,1582.206058
-15.459595,138,1582.306761
10.521671,126,1582.399726
4.560763,135,1582.594898
67.831003,202,1582.744607
10.931495,116,1582.830988
-9.666506,136,1582.93094
-27.27307,124,1583.222471
-55.836266,141,1583.325968
-5.99487,138,1583.427125
7.690338,138,1583.528444
154.555169,276,1583.827423
101.323544,209,1583.98234
21.526493,125,1584.273201
-9.167576,130,1584.368786
57.301437,215,1584.527615
27.215043,120,1584.713597
-5.782144,141,1584.817015
2.760818,149,1584.926284
-7.916225,170,1585.050828
11.835964,121,1585.237312
14.254536,122,1585.326447
9.859874,135,1585.426416
37.794301,122,1585.515952
-10.954542,134,1585.710944
11.722902,139,1585.81329
72.657361,209,1585.966697
9.645439,125,1586.156906
-17.898993,133,1586.255358
14.019849,129,1586.35092
4.749421,120,1586.438969
-31.062576,129,1586.630542
-1.885963,116,1586.716128
13.954467,143,1586.822835
8.103703,124,1586.91612
18.547855,127,1587.106889
11.22191,129,1587.202219
-52.067877,117,1587.289371
27.046342,121,1587.379039
-2.140359,124,1587.569083
5.399887,159,1587.684474
-0.233595,133,1587.782192
8.820866,125,1587.875108
-22.817168,129,1588.066676
3.89414,124,1588.157606
5.610916,129,1588.253037
18.667039,128,1588.346797
-25.125438,149,1588.553337
31.8952,125,1588.645788
13.25035,129,1588.741765
-5.223228,145,1588.848386
11.906842,137,1589.123205
-26.144803,131,1589.224939
11.729453,127,1589.318516
6.229717,125,1589.411328
16.763812,140,1589.609788
-7.557311,139,1589.71243
69.149583,204,1589.863228
-8.325956,134,1590.062301
-21.464847,132,1590.161327
-5.204141,132,1590.25863
-10.067703,138,1590.36111
13.309736,136,1590.556565
-5.541096,140,1590.659545
-3.514911,159,1590.775835
20.492717,134,1590.97164
-20.147887,125,1591.065351
14.312387,130,1591.160939
4.527082,155,1591.275542
47.850104,212,1591.527662
-62.241079,128,1591.623249
-18.704224,132,1591.720361
1.813954,139,1591.919391
-17.453684,132,1592.016769
18.187338,138,1592.120592
-11.893386,136,1592.221355
7.370539,138,1592.419894
-20.381287,132,1592.51743
10.444188,136,1592.618041
-1.601131,140,1592.721354
-4.096201,129,1592.915378
8.550011,122,1593.007261
-17.683095,131,1593.103684
-0.256429,153,1593.216196
31.843701,179,1593.443611
15.14707,128,1593.538306
-5.234506,136,1593.638853
-9.261638,140,1594.265243
-10.352312,132,1594.363105
-8.987026,134,1594.462149
92.8045,210,1594.71334
-4.673464,148,1594.822747
-2.652478,132,1594.920248
0.098478,139,1595.022852
-12.318247,146,1595.228518
3.114343,127,1595.322385
-4.396803,135,1595.4224
6.166382,122,1595.513647
16.526324,128,1595.807801
45.47479,223,1595.974304
2.337102,126,1596.069248
-3.851538,117,1596.252158
17.408216,161,1596.370863
-40.914301,131,1596.466422
-0.230427,128,1596.561501
2.171372,131,1596.754717
-15.851644,129,1596.851676
10.619081,150,1596.962504
12.978999,133,1597.060433
-5.110086,175,1597.283111
6.972433,137,1597.384774
-8.845335,131,1597.482039
7.263485,146,1597.68421
15.583515,195,1597.828126
15.649028,128,1597.922922
14.196579,126,1598.017786
-25.048698,129,1598.214762
-6.269944,138,1598.317122
18.482989,123,1598.40834
-26.832441,135,1598.509339
-1.787213,132,1598.70157
-5.337455,138,1598.802855
8.451242,173,1598.930873
4.50569,134,1599.123876
7.018375,132,1599.22098
-3.439274,135,1599.319911
23.702588,135,1599.418544
15.321821,138,1599.616042
-6.158385,147,1599.724266
-28.493101,143,1599.828503
17.666902,171,1600.049049
27.611596,118,1600.13572
13.504916,121,1600.225512
16.567166,130,1600.320847
20.168533,119,1600.503869
4.94922,131,1600.601082
14.472479,147,1600.710353
-11.293445,140,1600.812552
52.394731,205,1601.060325
-2.969827,129,1601.159498
5.783517,129,1601.253923
0.107177,133,1601.573058
-1.822685,149,1601.686817
2.359559,152,1601.797853
-200.278645,267,1602.092923
-2.470042,129,1602.187968
28.27025,124,1602.279926
-230.664521,237,1602.550847
-4.411278,143,1602.656492
41.214112,231,1602.825527
-13.221859,130,1603.020086
42.967721,221,1603.182869
17.853908,137,1603.282789
8.956903,129,1603.473843
10.327716,124,1603.567298
5.016825,122,1603.656814
-5.964447,136,1603.757458
-10.876754,131,1603.949814
-17.621453,150,1604.063645
-0.250947,130,1604.159475
10.808781,131,1604.255381
-46.413544,146,1604.460072
19.425665,132,1604.557726
-18.868588,119,1604.647395
2.729168,128,1604.745027
0.267196,137,1605.069143
6.209427,143,1605.17533
20.471623,174,1605.302307
14.942727,127,1605.395177
-15.43269,120,1605.580892
3.025883,125,1605.672729
5.813936,128,1605.766181
-13.169093,133,1605.864446
1.811728,121,1606.049894
-15.330718,128,1606.143723
-0.375114,122,1606.233555
12.367029,135,1606.333059
11.342066,120,1606.517598
-12.277337,143,1606.621221
4.328832,128,1606.715204
2.366457,115,1606.800229
-12.576523,134,1607.006689
-0.038774,138,1607.10786
0.957063,136,1607.211746
-0.147352,128,1607.30632
-46.116853,106,1607.480189
-14.538725,137,1607.581131
19.908254,133,1607.678462
6.569911,134,1607.777175
-21.727143,139,1607.974736
-3.24575,126,1608.06854
-4.284327,134,1608.168438
9.376877,134,1608.363505
15.428956,132,1608.460967
8.512835,130,1608.556904
-1.997132,135,1608.66015
15.399302,138,1608.981497
-1.482084,131,1609.078206
23.681131,130,1609.173946
52.513313,217,1609.338204
-3.587262,139,1609.535971
-4.056308,132,1609.632794
4.719235,133,1609.729918
12.370483,130,1609.919659
-2.962473,154,1610.031853
-11.688117,127,1610.125927
11.226802,152,1610.236835
-201.32171,300,1610.552698
-2.276777,135,1610.652011
-3.008976,142,1610.850274
-50.113414,142,1610.956143
-5.49975,161,1611.073517
-5.055591,148,1611.181618
-15.966763,161,1611.399399
2.674696,126,1611.493306
-56.858616,137,1611.593324
6.369119,141,1611.69723
26.787452,192,1611.936575
-5.706296,138,1612.037349
1.979547,134,1612.135947
2.130479,140,1612.334707
-13.878776,151,1612.44632
-10.12986,128,1612.541686
4.712848,137,1612.642567
56.514087,203,1612.896259
-19.856888,163,1613.015101
-13.637675,137,1613.117186
-4.200314,132,1613.311507
-14.74601,136,1613.411394
43.159066,207,1613.564219
24.096403,140,1613.762969
-10.486645,144,1613.867806
-19.270483,154,1613.980343
-19.028011,142,1614.179328
-15.230538,158,1614.294434
-14.413831,147,1614.401205
-25.95061,132,1614.49865
-14.114503,131,1614.696532
-26.619253,141,1614.801157
-16.616404,145,1614.907677
-12.130478,169,1615.126694
-6.107382,165,1615.247356
-11.157515,149,1615.355571
5.264863,137,1615.456278
1.087948,137,1615.653661
-19.454143,132,1615.750668
-62.399816,151,1615.859283
-8.209972,146,1616.061438
-44.855939,130,1616.15769
51.575751,223,1616.320512
4.402626,167,1616.537616
-30.463983,130,1616.633555
-14.335856,144,1616.73857
-13.080053,136,1616.839103
-104.914345,190,1617.089245
179.13473,384,1617.373398
-5.603597,131,1617.566001
63.165544,220,1617.726262
41.293185,230,1617.989578
-33.87938,144,1618.094981
-13.231157,145,1618.201871
-35.544849,126,1618.294368
6.442048,137,1618.490557
-25.595451,119,1618.577888
46.091827,260,1618.769137
-17.545124,142,1618.968009
24.554193,140,1619.07048
-21.099447,125,1619.163009
46.475492,212,1619.445524
12.989882,253,1619.630167
-5.252181,134,1619.73332
18.308886,131,1619.928441
-16.064186,147,1620.035071
-16.981287,165,1620.154863
-1.547228,144,1620.35483
68.941294,212,1620.511967
-4.632234,132,1620.60952
27.111574,133,1620.707723
-5.294941,169,1620.926906
-51.786306,140,1621.028598
-26.024257,153,1621.140823
-15.59531,140,1621.338426
-173.55253,276,1621.539644
16.170797,158,1621.654037
82.6512,243,1621.931795
16.130016,177,1622.060757
-1.558964,146,1622.265262
-31.983932,145,1622.371648
13.446663,161,1622.488856
-15.011974,131,1622.584979
-33.828108,153,1622.793346
-5.331639,132,1622.890817
5.964524,135,1622.991663
-24.656245,144,1623.267807
-32.521524,149,1623.377124
-5.082144,142,1623.481489
-2.471263,121,1623.570679
6.036373,131,1623.762246
40.628714,188,1623.900877
-253.298535,221,1624.062981
-3.079948,120,1624.248259
-17.258622,134,1624.347093
28.38237,231,1624.515013
-20.315303,160,1624.840973
2.298335,131,1624.936481
7.419027,144,1625.041796
-35.160164,126,1625.134285
4.878884,141,1625.336931
-240.471364,210,1625.490607
-22.415653,148,1625.596721
9.945808,133,1625.789581
-62.617652,145,1625.895458
-45.064374,155,1626.009484
-9.632295,133,1626.329511
131.987683,281,1626.538122
1.520039,126,1626.63199
38.203085,189,1626.994602
-17.806556,150,1627.105443
53.62362,184,1627.240689
-5.015169,139,1627.438447
-12.121727,166,1627.558062
-12.566745,138,1627.657762
-19.947677,141,1627.760686
-272.252067,210,1628.011087
-12.166507,237,1628.185078
-12.540796,179,1628.411685
5.838135,127,1628.504076
-9.075743,126,1628.598015
66.225877,228,1628.860304
-23.964456,134,1628.958859
-3.29448,134,1629.056623
6.194489,130,1629.154293
6.645248,124,1629.342187
-4.259258,139,1629.443402
-16.57563,137,1629.543708
17.975897,132,1629.639909
-1.607085,258,1629.922141
-13.70296,127,1630.01432
-47.906658,143,1630.119777
-7.148242,145,1630.321401
51.936362,212,1630.476872
-30.979799,159,1630.592209
-8.008581,130,1630.784111
-6.883105,136,1630.883808
-38.270299,135,1630.982047
13.811217,131,1631.176634
-10.083531,128,1631.269815
-8.891357,129,1631.365288
-38.252101,131,1631.460963
-21.110387,139,1631.657897
-36.883851,151,1631.766791
-38.46234,138,1631.870105
-11.106102,155,1631.98299
3.235522,126,1632.170898
-4.068692,128,1632.264711
-8.10948,131,1632.35963
-19.87801,129,1632.454376
-67.474514,112,1632.633903
-15.382172,136,1632.732901
-10.052809,143,1632.837474
-11.665,133,1632.935411
0.269695,131,1633.127855
-21.509822,146,1633.234408
0.424281,176,1633.362426
20.56762,133,1633.554542
-15.636766,144,1633.658273
-7.388996,133,1633.756607
-17.566853,146,1633.861923
-14.60176,172,1634.08222
-15.564551,134,1634.18115
15.611701,122,1634.271302
-21.576156,125,1634.459814
-13.300267,143,1634.563954
-18.575928,133,1634.659554
-49.156071,150,1634.768232
-12.86899,132,1634.967826
-11.740765,125,1635.059333
-21.595426,122,1635.148271
-5.276805,135,1635.247134
17.195354,122,1635.43332
-29.310168,138,1635.534986
-28.751226,146,1635.641023
15.984259,115,1635.724398
16.610457,128,1635.915087
-7.751772,125,1636.007054
3.647351,126,1636.099397
1.283858,127,1636.192092
-45.104718,123,1636.379283
12.665334,128,1636.474526
-11.909848,123,1636.563821
10.266423,126,1636.65537
-18.295054,129,1636.846576
17.503379,125,1636.938168
-47.444971,118,1637.024627
-3.078948,127,1637.116731
21.381711,119,1637.302771
-26.801743,135,1637.401424
-4.713054,136,1637.500327
-14.128522,137,1637.600523
-20.266378,128,1637.789447
-7.038595,135,1637.88956
-12.074969,121,1637.978439
0.747156,145,1638.08322
-43.430465,133,1638.276031
-15.511486,161,1638.393255
4.523695,125,1638.486258
-14.125161,130,1638.581688
-10.033076,126,1638.768686
-18.2466,139,1638.868935
-2.044068,122,1638.958835
-17.918247,135,1639.056624
-16.068149,119,1639.240777
-17.05217,143,1639.345449
0.271307,135,1639.443861
10.384265,130,1639.539067
-29.217109,131,1639.730705
-20.816033,135,1639.828764
-8.897595,138,1639.929401
-16.687529,126,1640.118183
-30.723683,125,1640.211523
22.889823,119,1640.29888
4.532351,120,1640.386537
-11.84412,134,1640.48336
3.25125,143,1640.684458
-23.300891,145,1640.789295
-6.448989,158,1640.903257
3.503068,137,1641.101147
-6.157997,129,1641.195265
-29.402222,142,1641.932431
5.224935,121,1642.024504
-4.764144,135,1642.223837
6.742153,130,1642.319658
8.419798,159,1642.43677
33.449884,124,1642.527481
6.637906,125,1642.713656
10.551816,126,1642.80567
-5.402907,132,1642.90267
-27.752798,147,1643.103602
-5.563056,129,1643.19956
7.200525,128,1643.292485
11.233726,116,1643.377662
11.638786,123,1643.467083
-2.716812,125,1643.653593
-17.332399,130,1643.747926
16.36939,122,1643.836897
-20.617619,148,1643.944734
-1.244755,128,1644.134764
17.564383,121,1644.223467
-39.589194,139,1644.323551
-12.118408,122,1644.413749
5.975333,127,1644.603816
-1.971422,121,1644.692123
-14.641063,138,1644.792796
0.796809,127,1644.886042
5.051125,128,1645.074505
6.433854,125,1645.166509
-12.470333,126,1645.257817
-27.308892,132,1645.353445
-1.633532,136,1645.548044
-14.711419,123,1645.637857
-6.183099,131,1645.733696
9.00498,133,1645.92592
19.439041,131,1646.021943
28.29469,118,1646.107795
-14.097,122,1646.198458
-2.357226,130,1646.294114
-15.181308,104,1646.466278
-5.505468,142,1646.56864
6.606906,121,1646.657297
-9.420206,123,1646.747708
28.540917,119,1646.932204
11.293572,117,1647.018523
-1.457642,131,1647.114352
-26.174001,133,1647.211265
-18.261429,128,1647.400394
-5.875762,132,1647.496517
1.130872,124,1647.58764
25.630689,119,1647.67383
-10.115585,126,1647.861961
8.044516,127,1647.953908
-5.919337,118,1648.040054
-14.022908,139,1648.142236
2.671538,153,1648.350233
22.503311,125,1648.440542
-13.760125,152,1648.553514
16.808682,132,1648.744594
-0.148813,136,1648.845901
5.129722,110,1648.925951
6.028689,121,1649.013675
-1.777831,131,1649.111568
-19.031072,149,1649.31715
-4.121361,119,1649.404195
14.18705,126,1649.495733
21.55624,122,1649.584547
18.798185,124,1649.772362
-9.292415,113,1649.854238
-3.744893,116,1649.938938
21.291796,120,1650.0257
1.172289,127,1650.213368
8.106475,129,1650.30764
-12.399828,136,1650.405457
11.397943,116,1650.489158
1.591418,111,1650.667708
0.658518,133,1650.763981
-23.437868,135,1650.860757
16.307647,125,1650.951602
8.97094,136,1651.145464
7.230057,131,1651.240359
-16.175723,129,1651.334265
12.784483,119,1651.421432
2.123209,148,1651.624721
9.322923,126,1651.716431
1.215615,143,1651.819391
29.423805,118,1651.905479
24.689438,116,1652.086777
4.395547,120,1652.175162
9.635547,125,1652.265679
11.827837,118,1652.351098
45.777509,120,1652.545615
16.504407,133,1652.64159
-15.545678,122,1652.730471
13.650309,120,1652.819245
-5.584161,124,1653.00576
-3.049962,128,1653.100037
8.301914,117,1653.184914
11.581475,126,1653.276279
21.439928,119,1653.458709
-9.055606,109,1653.538131
22.04861,115,1653.621829
7.851827,119,1653.709231
35.237659,116,1653.793352
-25.212852,123,1653.978655
21.017791,124,1654.068407
3.180972,125,1654.159896
12.844199,124,1654.249582
13.328649,128,1654.438611
14.468611,134,1654.534801
-2.907968,139,1654.635858
16.002205,115,1654.720484
4.004072,131,1654.911952
10.763841,135,1655.008862
-15.101351,132,1655.104474
-0.216405,122,1655.194915
6.622648,127,1655.382674
-9.689378,128,1655.4755
9.993018,121,1655.563721
-12.210007,123,1655.651848
14.923721,127,1655.839991
6.305889,117,1655.925576
33.257118,136,1656.023412
-7.302319,120,1656.111333
46.637244,125,1656.298788
-24.549685,119,1656.385537
23.492702,123,1656.474508
-12.148911,122,1656.565184
-3.859723,110,1656.743437
1.785303,121,1656.831738
34.120579,117,1656.916852
17.264637,114,1656.998965
42.662434,121,1657.08623
3.385514,127,1657.275398
29.780093,123,1657.364095
27.262389,128,1657.456441
1.940706,129,1657.549155
15.527009,119,1657.732334
43.965844,119,1657.818074
36.430639,124,1657.908034
19.381772,117,1657.992977
16.972376,107,1658.166866
22.905632,128,1658.26017
20.117386,122,1658.349423
43.962555,119,1658.435675
34.349737,115,1658.614167
2.613192,119,1658.700987
-8.139377,115,1658.785032
15.820896,121,1658.872934
8.232454,118,1658.959254
14.596744,146,1659.162758
-1.898384,104,1659.237689
32.42897,117,1659.328007
28.047322,117,1659.412868
15.581019,120,1659.596691
32.265038,118,1659.682584
40.942273,124,1659.771492
24.269924,121,1659.858778
32.003339,129,1660.04868
11.453042,123,1660.139079
8.547252,123,1660.22836
-4.774169,124,1660.319476
7.149665,118,1660.502236
-11.019557,123,1660.590961
50.827838,126,1660.681562
6.727036,123,1660.770192
25.348617,123,1660.957824
4.543006,131,1661.052911
11.572885,117,1661.13876
23.59399,126,1661.231498
5.824748,129,1661.426376
-1.445758,119,1661.513673
-0.905916,109,1661.592888
10.534138,124,1661.681777
38.641783,122,1661.76981
6.129294,153,1662.101677
-16.36189,109,1662.180878
-2.96825,119,1662.267034
9.599851,114,1662.349783
10.055587,115,1662.675293
-22.70584,111,1662.756871
27.587146,123,1662.84582
5.406139,116,1662.929972
30.112158,122,1663.22068
61.187076,118,1663.306421
40.236311,118,1663.391849
-5.296986,119,1663.478913
9.177917,125,1663.570159
10.663252,127,1663.862078
-17.917501,136,1663.960364
-9.270185,126,1664.050925
-16.048326,127,1664.142894
26.122989,121,1664.327679
9.527145,120,1664.415245
8.546553,122,1664.503296
7.638643,115,1664.587138
18.255359,128,1664.777425
11.205171,122,1664.867267
33.666665,121,1664.955158
31.227168,122,1665.042651
35.522227,132,1665.234614
-14.857432,128,1665.328361
-12.374139,117,1665.414045
-30.783691,133,1665.510568
9.354196,127,1665.699327
27.920604,131,1665.793917
20.536195,114,1665.878655
11.763902,120,1665.966386
-0.859364,115,1666.145724
-12.503795,138,1666.245225
3.98794,141,1666.347063
28.279949,121,1666.43494
1.016326,119,1666.616603
9.641399,112,1666.697851
-15.957814,125,1666.789359
-8.011615,113,1666.872629
-2.603537,102,1666.946863
42.761127,127,1667.13481
21.700478,122,1667.224196
2.075171,121,1667.312605
-5.324168,105,1667.388567
-24.484205,104,1667.559911
36.64898,120,1667.646757
11.078267,133,1667.743131
24.107168,124,1667.832747
-36.307229,129,1668.023001
11.213579,120,1668.110747
-7.155346,118,1668.196178
89.317983,206,1668.34538
-3.681769,146,1668.545802
-29.970435,129,1668.638991
15.127367,120,1668.725746
12.907998,127,1668.819564
25.555745,121,1669.003482
4.233104,125,1669.094536
25.438277,113,1669.176952
-6.623293,122,1669.266259
15.317406,124,1669.453077
3.545432,130,1669.548392
-8.482532,118,1669.633591
-24.993626,146,1669.73971
1.140165,132,1669.931498
-4.747682,126,1670.022722
5.602513,115,1670.106582
17.328934,121,1670.194005
-1.636692,135,1670.388241
-180.041286,287,1670.595725
14.763295,133,1670.69126
24.477086,156,1670.899617
29.400014,117,1670.983783
19.316483,113,1671.06513
19.783156,117,1671.164953
8.088094,120,1671.346929
-6.568458,128,1671.439349
-18.508222,133,1671.534956
24.962541,119,1671.619956
-3.947839,111,1671.796719
20.534094,131,1671.891489
23.307427,127,1671.982759
8.044112,119,1672.068414
8.718031,135,1672.262092
-27.184506,109,1672.341036
-2.209338,136,1672.439374
-5.808278,147,1672.545581
-5.766127,111,1672.721688
21.925242,123,1672.810788
-15.811725,126,1672.902288
-3.608779,136,1672.999942
-0.671835,137,1673.19617
8.455014,135,1673.294368
-1.02107,139,1673.39522
4.565782,130,1673.488712
-143.64665,216,1673.739598
20.764865,128,1673.832703
7.779328,126,1673.924288
3.083737,124,1674.214369
21.596717,125,1674.305009
0.853238,128,1674.39929
22.717754,124,1674.489741
13.746014,120,1674.806071
9.351252,122,1674.896076
16.410446,121,1674.982545
2.08062,127,1675.07411
-0.81654,127,1675.390423
2.659273,115,1675.473876
10.930213,127,1675.565887
-3.55891,130,1675.660271
-14.687993,127,1675.978934
22.553586,124,1676.072114
19.648621,124,1676.162338
9.731672,128,1676.255744
23.243089,117,1676.341577
-24.223311,137,1676.670247
7.535624,119,1676.756509
95.711717,212,1676.912098
-18.637978,191,1677.274441
11.554155,124,1677.36437
7.376642,128,1677.456966
9.496478,130,1677.646867
-19.165247,134,1677.744463
6.020838,122,1677.832541
-17.908168,140,1677.934059
-15.955003,127,1678.122988
2.375176,119,1678.2096
0.968066,115,1678.293505
18.684474,127,1678.386444
-1.811421,131,1678.577101
-7.560155,121,1678.666036
8.674571,117,1678.752843
-12.509612,146,1678.858699
2.061496,119,1678.945455
14.201521,117,1679.126188
2.803719,130,1679.220893
-26.382249,136,1679.318792
-4.860635,113,1679.401528
-30.336664,123,1679.587979
10.994311,124,1679.678928
-28.001261,130,1679.774247
-4.613726,113,1679.857095
-51.457289,137,1680.141755
-18.978219,149,1680.248919
-10.359672,112,1680.330052
-13.877292,122,1680.418592
-4.545379,124,1680.745209
15.894789,111,1680.825904
22.295683,120,1680.914001
-10.901889,140,1681.015257
-0.650532,136,1681.334747
10.529081,120,1681.422224
-16.004854,107,1681.500818
21.499768,122,1681.589833
-5.601667,125,1681.905999
-12.922727,144,1682.00964
6.079187,129,1682.102973
14.670531,115,1682.186431
-14.960264,132,1682.38037
6.933852,120,1682.467734
2.230369,123,1682.557513
-3.387776,117,1682.643023
1.821883,127,1682.83225
-9.234483,121,1682.934109
-22.807669,124,1683.024322
-15.489977,124,1683.115489
-18.348693,145,1683.315452
-21.683889,123,1683.405465
-69.386849,99,1683.476145
15.276484,118,1683.561693
39.34696,123,1683.649792
15.136972,118,1683.830732
6.770805,118,1683.91693
0.886421,134,1684.013862
-20.218365,108,1684.092317
22.414723,123,1684.279162
-1.231709,107,1684.357145
-16.746059,114,1684.440965
-17.288329,108,1684.519683
-26.374752,111,1684.600742
-20.085957,120,1684.786289
-9.985206,140,1684.887607
6.128086,127,1684.980243
-31.620411,128,1685.072936
-7.912057,110,1685.251013
0.870442,113,1685.333114
-24.000156,111,1685.414435
37.90779,125,1685.504334
2.057258,130,1685.695364
33.161189,121,1685.784436
-4.235476,130,1685.878572
-6.509768,136,1685.977583
11.777364,127,1686.164956
-11.69801,116,1686.249271
20.836927,117,1686.333259
-5.96631,113,1686.415651
8.776705,126,1686.602051
-0.291893,130,1686.696103
-5.855736,128,1686.789821
17.124637,129,1686.885062
-0.710958,131,1687.076778
21.537687,126,1687.169176
-6.190212,126,1687.260954
26.220955,121,1687.348753
10.980874,119,1687.531497
20.440426,115,1687.61574
29.773495,117,1687.701957
26.648533,128,1687.794696
26.850802,116,1687.879094
9.664573,122,1688.064754
-16.553846,139,1688.165502
-23.010629,128,1688.258215
-19.455967,137,1688.454137
12.548802,123,1688.544912
2.728765,119,1688.632647
14.863342,120,1688.720541
11.960974,123,1688.810139
-17.996566,134,1689.003832
-5.026642,123,1689.091819
26.195416,127,1689.18743
0.502976,121,1689.275646
7.594912,133,1689.583696
-5.517741,143,1690.135555
3.176327,122,1690.22428
35.078128,126,1690.315231
15.54829,125,1690.632054
23.462099,136,1690.73105
18.2597,122,1690.819532
1.768712,115,1690.902696
53.555346,223,1691.160356
0.509587,131,1691.257753
28.001061,129,1691.352013
-0.378149,123,1691.53717
-12.627961,140,1691.639455
15.017557,156,1691.750722
33.375983,136,1691.851732
10.509459,138,1692.047381
28.076068,118,1692.132907
6.452775,127,1692.225024
-25.335536,133,1692.322948
-7.482379,134,1692.517541
4.766841,128,1692.611532
11.069331,140,1692.712229
6.317619,138,1692.937491
24.608184,128,1693.031152
39.763297,187,1693.164955
32.392915,122,1693.253986
21.318084,129,1693.520288
3.442816,121,1693.60814
21.667062,118,1693.693986
-17.327931,122,1693.783365
24.915627,126,1693.976286
4.7397,137,1694.075092
12.150987,122,1694.164033
3.18064,124,1694.254782
-5.667574,130,1694.445766
-5.553708,142,1694.54798
21.114183,118,1694.634403
-3.845919,125,1694.725236
-8.982998,135,1694.91895
18.47425,119,1695.00623
30.008912,126,1695.097734
-26.643223,107,1695.176681
20.190717,120,1695.358841
-12.107426,103,1695.434172
8.304846,135,1695.531934
12.807234,134,1695.628509
31.13909,121,1695.716407
13.042477,152,1695.922296
39.047404,121,1696.010139
-1.055514,126,1696.101953
27.11442,118,1696.187075
14.238674,115,1696.368904
22.260516,126,1696.460405
26.446529,126,1696.552033
-17.462657,127,1696.64394
2.858033,133,1696.839027
-4.677916,162,1696.954818
34.295775,116,1697.038754
76.840668,244,1697.314927
23.34365,128,1697.406998
-1.255715,131,1697.501123
4.185073,142,1697.699537
10.89406,127,1697.792262
-8.858834,132,1697.889205
12.301382,129,1697.98307
-3.602626,132,1698.174481
-3.788202,105,1698.25076
26.185757,123,1698.339806
30.829883,118,1698.425096
17.783783,114,1698.507605
7.12563,126,1698.69595
25.453264,119,1698.78207
14.280422,121,1698.870687
6.216066,129,1698.964181
11.492422,128,1699.154758
-286.327676,137,1699.254889
-2.259495,156,1699.366542
32.032988,125,1699.456625
41.229594,229,1699.728393
-33.217434,189,1699.863134
18.797435,125,1700.049572
59.023068,216,1700.206487
-16.84454,130,1700.301255
28.726918,125,1700.392605
24.632545,131,1700.583737
8.787118,126,1700.675195
-2.127085,132,1700.770878
-64.836602,132,1700.865078
5.394178,129,1701.054144
10.539244,125,1701.144812
-219.423721,285,1701.446794
23.145779,120,1701.534697
4.424585,123,1701.623791
19.069129,130,1701.71813
4.339887,116,1701.803859
-226.697867,257,1702.085472
-6.003388,127,1702.176931
75.036333,207,1702.427199
0.597064,141,1702.528543
12.969918,129,1702.62167
-5.198228,112,1702.703063
7.016155,134,1702.894327
23.92388,120,1702.981542
96.297116,216,1703.138763
3.81928,127,1703.329469
41.278942,121,1703.416971
8.762737,128,1703.508639
15.243656,123,1703.597764
14.166997,138,1703.794726
-23.189858,129,1703.88897
8.044587,134,1703.98571
72.328353,316,1704.314441
61.848323,207,1704.4661
3.380487,173,1704.591405
27.021725,124,1704.7803
-3.749865,136,1704.878097
16.225196,123,1704.968236
-2.116371,138,1705.068451
23.817083,136,1705.265332
20.896069,129,1705.359343
81.441771,210,1705.517037
34.759064,140,1705.715962
22.274079,123,1705.804418
1.497947,127,1705.895432
-5.163022,115,1705.978375
94.988011,195,1706.216748
12.915772,123,1706.307257
-248.31417,214,1706.463772
32.626237,129,1706.654806
24.868057,126,1706.746612
18.254339,115,1706.832209
-9.138454,140,1706.935106
-4.154312,134,1707.128242
-27.333116,126,1707.222205
-237.900342,205,1707.372046
-100.110438,304,1707.688022
41.141793,168,1707.808485
-13.051842,123,1707.898577
8.458504,133,1708.096229
25.305967,154,1708.207143
-186.941263,262,1708.493037
0.802397,132,1708.589468
43.915451,119,1708.675745
-2.919497,176,1708.803579
-295.204364,193,1709.041044
12.765587,152,1709.15072
14.014514,137,1709.250511
18.961648,133,1709.44301
5.280449,134,1709.538371
9.018492,151,1709.647088
21.949457,124,1709.736619
63.635344,232,1710.00117
62.77187,190,1710.139235
-5.783673,142,1710.241911
-7.454974,126,1710.429544
1.678047,138,1710.529931
-9.729357,158,1710.642185
-7.108739,131,1710.832234
54.485339,125,1710.923161
23.545679,131,1711.017293
-244.752622,214,1711.171276
8.317547,137,1711.365815
49.581568,185,1711.499986
18.740263,133,1711.595564
-6.094245,141,1711.792138
10.897436,132,1711.888684
16.567169,130,1711.982379
25.434214,120,1712.069094
9.786001,173,1712.291562
1.631316,176,1712.41907
15.853352,153,1712.528319
5.344496,161,1712.740135
12.063662,127,1712.83265
-41.406148,146,1712.938185
93.365066,200,1713.180081
-9.255009,147,1713.28535
73.4149,207,1713.434533
8.098276,119,1713.615015
-102.455559,279,1713.816341
16.782307,135,1713.91306
-9.141845,168,1714.129306
29.951356,120,1714.216305
-13.974924,144,1714.318818
-263.437746,165,1714.438058
-23.124674,143,1714.636649
-11.493243,134,1714.733336
-17.520431,173,1714.857535
0.90861,130,1715.045748
1.577435,171,1715.169531
-7.916156,163,1715.285735
29.501489,112,1715.367049
17.97527,124,1715.555589
-19.91247,131,1715.650997
-15.952686,121,1715.737983
-59.517743,150,1715.940977
-9.215594,126,1716.032824
7.503576,123,1716.122301
53.961765,204,1716.270019
13.95443,135,1716.463581
10.027519,116,1716.54797
14.780829,125,1716.637889
-6.704277,134,1716.734836
12.072695,132,1716.92836
24.477584,113,1717.010359
16.440923,156,1717.122536
-16.923382,135,1717.221552
17.96649,125,1717.40781
-4.927213,145,1717.510645
-19.56953,157,1717.623085
-284.547503,188,1717.857395
29.904599,118,1717.943168
15.359314,135,1718.041084
-11.722181,133,1718.137312
2.100495,126,1718.324856
13.959303,125,1718.415992
22.610288,130,1718.509915
-14.649906,147,1718.614808
15.25432,122,1718.798931
-205.940692,295,1719.011954
-4.276127,152,1719.219439
23.531311,122,1719.3072
23.023159,125,1719.398287
2.923619,133,1719.493114
26.677445,113,1719.575137
9.712017,140,1719.771173
-25.0564,152,1719.87875
-0.692332,157,1719.99108
-3.08109,149,1720.193912
33.349903,130,1720.287223
-7.566887,250,1720.46466
37.294129,237,1720.73047
-31.062448,228,1720.893651
23.021092,132,1721.085041
-2.092294,158,1721.199515
-23.09747,205,1721.346623
31.667869,151,1721.549689
-286.55355,202,1721.699184
121.341897,263,1721.89118
-25.167773,174,1722.209414
-62.89013,249,1722.388844
-2.350506,134,1722.707473
-265.464347,152,1722.817811
-251.596073,161,1722.935087
117.190277,284,1723.363974
6.049695,127,1723.455851
-8.892622,144,1723.559828
6.602199,184,1723.917389
-214.485752,262,1724.109581
-8.452841,136,1724.208315
27.866265,160,1724.558724
-1.594944,158,1724.67066
2.988968,131,1724.765034
-240.514841,204,1725.136446
-7.065706,133,1725.232834
-261.066683,188,1725.370197
74.945506,175,1725.592585
-212.477219,275,1725.792939
-15.810747,136,1725.890233
-139.237473,250,1726.166036
7.740083,192,1726.305236
4.180827,418,1726.701941
-24.115891,142,1726.804649
-41.493611,144,1727.00467
-243.08722,216,1727.163919
10.601758,210,1727.410959
20.278514,165,1727.530893
43.331384,187,1727.667365
134.527672,299,1727.980364
-17.815979,134,1728.07719
-22.724163,140,1728.17844
-25.282678,205,1728.421959
-19.830683,140,1728.522962
3.137666,142,1728.624991
31.086201,391,1729.005068
-3.974896,129,1729.098547
43.874588,173,1729.318273
15.014441,148,1729.425032
2.006249,128,1729.517979
-175.682091,293,1729.823718
-26.86755,148,1729.929622
-23.944466,142,1730.032301
-2.790275,136,1730.22968
-1.033061,142,1730.332481
31.208093,125,1730.42328
15.677358,132,1730.519089
-11.328782,140,1730.716144
-282.506004,135,1730.814035
-289.831274,217,1730.972508
-36.796522,157,1731.182655
-24.265302,155,1731.293479
-166.269496,178,1731.420637
10.597952,134,1731.613231
-26.40921,151,1731.721797
23.7274,125,1731.818038
-3.45074,134,1731.91845
-3.849645,132,1732.10931
11.485582,261,1732.296315
13.142258,122,1732.385348
-166.17315,274,1732.679989
4.594973,141,1732.780567
-22.413852,150,1732.8874
-4.85892,122,1733.071949
-300.502316,184,1733.20523
2.916723,130,1733.298884
11.201502,164,1733.511336
25.49973,114,1733.594053
38.409184,213,1733.748603
-1.302542,124,1733.838526
12.148006,114,1734.016711
-18.047113,137,1734.114884
18.371693,186,1734.249336
-0.58457,126,1734.436768
0.177576,134,1734.533484
-12.642596,131,1734.628432
7.099406,133,1734.724188
7.163473,134,1734.91718
10.531562,141,1735.018253
5.350287,132,1735.114283
26.720961,125,1735.205215
-41.260969,153,1735.410257
60.193634,179,1735.538267
-301.596222,135,1735.635642
-12.457384,133,1735.827208
-0.045276,130,1735.92108
-16.120605,147,1736.025758
-13.154202,129,1736.118497
-6.212898,148,1736.321
78.937413,181,1736.452351
30.141353,125,1736.543252
5.254389,129,1737.156053
-30.579829,146,1737.26225
59.536726,204,1737.408868
-278.441424,196,1737.646068
-25.800184,135,1737.742584
43.734821,238,1737.913496
-13.817226,144,1738.115029
11.619766,149,1738.221833
-18.539379,123,1738.310811
-221.879367,245,1738.583097
19.295619,129,1738.676748
18.188275,130,1738.77031
-10.65283,134,1738.866723
8.589806,131,1739.056171
125.458645,304,1739.274372
10.151587,133,1739.370037
1.1949,126,1739.556301
14.625871,146,1739.661775
3.0806,139,1739.762704
40.915344,186,1739.991943
-128.009152,161,1740.107475
9.557428,127,1740.200851
30.419644,127,1740.292114
21.621173,127,1740.479047
13.725405,117,1740.564321
7.807697,139,1740.664094
52.928222,204,1740.908479
17.552042,126,1740.999925
-255.953942,194,1741.141535
-9.595478,137,1741.241258
15.269194,138,1741.436195
0.742656,137,1741.534615
106.760414,198,1741.677583
9.546561,130,1741.882758
69.394302,283,1742.08816
-316.633948,183,1742.319088
25.278673,132,1742.414473
4.36649,146,1742.519217
17.948992,137,1742.618294
69.430335,286,1742.922718
-17.991089,133,1743.019031
10.067571,121,1743.107785
12.027128,136,1743.302018
-32.608237,168,1743.424439
-8.045096,128,1743.51797
-33.9635,159,1743.727882
30.896562,147,1743.83464
18.02594,142,1743.936551
56.134274,182,1744.166313
-2.112543,142,1744.26762
3.699367,130,1744.36184
-6.744139,137,1744.46137
131.442739,309,1744.78103
28.649146,248,1744.959471
19.137757,126,1745.159422
23.558512,220,1745.320562
5.274771,128,1745.413757
16.994139,119,1745.596147
-17.308016,131,1745.692065
-19.066853,154,1745.803273
-6.388384,138,1745.90468
12.741042,136,1746.208615
-10.521837,139,1746.310642
22.011047,134,1746.408836
107.734345,205,1746.782413
-25.090425,129,1746.87856
68.865999,195,1747.02053
-275.929173,204,1747.266583
16.857087,151,1747.376162
-227.517958,233,1747.545339
6.511579,128,1747.839924
-0.066594,135,1747.939539
-4.368823,123,1748.030074
-1.659309,142,1748.133147
2.765779,148,1748.465154
15.805672,134,1748.56401
-85.611846,193,1748.704998
8.479674,136,1749.03248
52.204059,212,1749.189582
-199.490034,268,1749.608396
-19.275162,132,1749.706681
-20.963228,127,1749.80001
-10.878013,138,1749.900602
1.661978,156,1750.239858
17.981092,141,1750.342787
38.434346,211,1750.496383
-1.832325,162,1750.837783
6.098619,122,1750.927269
-7.619763,159,1751.041729
2.285841,119,1751.129021
-12.14034,151,1751.458328
62.993516,198,1751.602673
-3.403023,123,1751.692707
24.949553,127,1752.012304
8.11615,122,1752.102808
-6.562724,141,1752.206548
-16.140982,138,1752.307878
84.799164,208,1752.694901
-4.423011,156,1752.808009
-4.225791,167,1752.929132
-111.907909,243,1753.308086
-23.378504,147,1753.413146
6.536498,145,1753.517314
-70.878579,321,1753.974747
-9.925992,132,1754.07065
28.918166,123,1754.384604
-35.807137,161,1754.501548
-278.447831,217,1754.659445
-146.105421,252,1754.987549
7.732818,147,1755.095062
33.835424,209,1755.248103
-0.894629,121,1755.53283
-2.694485,132,1755.629496
95.809307,221,1755.791193
-1.204929,147,1756.088049
45.386058,232,1756.258312
-8.075188,139,1756.361059
-238.00927,181,1756.729298
-17.60762,125,1756.821526
55.505748,224,1756.983507
-137.62637,270,1757.413293
-16.512755,143,1757.516796
8.867849,135,1757.817883
22.058037,126,1757.910906
-4.570134,134,1758.008461
-196.278051,174,1758.13424
-6.075263,133,1758.45518
-1.645935,129,1758.550006
6.191319,144,1758.655447
18.703532,122,1758.744537
-27.478044,144,1759.049161
-227.248781,181,1759.179695
-14.27143,134,1759.277955
-2.953649,133,1759.468658
17.867663,187,1759.604945
2.294188,154,1759.7159
-223.241232,222,1759.971334
22.884095,128,1760.064328
7.744404,138,1760.164371
-2.010977,131,1760.260369
-8.583901,116,1760.441109
25.525751,120,1760.529377
25.176746,214,1760.683532
-28.651035,160,1760.895313
-243.027682,172,1761.019032
3.369709,125,1761.108838
102.111728,310,1761.428195
-14.592581,130,1761.522062
19.90685,178,1761.650534
16.164929,141,1761.971964
-165.970021,241,1762.146688
-2.880608,118,1762.233302
25.917737,365,1762.71959
-29.651687,156,1762.832838
-5.909424,148,1763.166691
-37.098298,127,1763.260139
-1.169179,120,1763.346801
-7.473765,141,1763.448961
14.145574,136,1763.752874
26.097628,129,1763.846613
-14.898261,140,1763.947926
-1.386168,115,1764.032037
1.035704,130,1764.357771
34.061467,248,1764.538339
-4.302171,122,1764.626161
4.888237,134,1764.958324
-293.114063,244,1765.136657
2.482417,122,1765.226156
-13.184568,121,1765.524957
-19.638548,151,1765.633075
39.385556,119,1765.719755
1.290542,119,1765.807097
72.20745,222,1766.192438
-4.899488,162,1766.310403
26.266626,126,1766.400908
-25.425825,145,1766.741801
-8.743969,165,1766.862319
-20.916206,112,1766.943464
-7.211459,135,1767.236532
-16.15565,149,1767.358299
2.05253,122,1767.44798
5.289164,142,1767.551345
24.115637,119,1767.73338
6.27122,117,1767.819189
11.290932,118,1767.906296
-34.429178,142,1768.009512
0.789433,114,1768.188283
1.9104,133,1768.285865
-10.571746,128,1768.378781
86.59954,201,1768.525531
24.816261,116,1768.833662
66.822516,221,1768.994339
-200.334137,257,1769.387736
-11.059761,145,1769.492372
1.605027,126,1769.583862
-10.99997,163,1769.702351
-0.453321,121,1770.014106
33.701427,129,1770.108392
9.837235,124,1770.199419
-7.673965,163,1770.317442
-286.35608,211,1770.699959
41.113565,192,1770.841283
-36.037241,168,1771.187849
30.125186,208,1771.337547
-5.715467,138,1771.438401
-257.706791,144,1771.737536
-1.705475,127,1771.832299
10.606961,122,1771.921371
-1.602498,172,1772.045371
53.487835,223,1772.408042
13.070949,167,1772.528373
-20.009134,132,1772.624616
71.11849,195,1772.968286
-39.287396,120,1773.05675
-23.417984,141,1773.160382
-301.535151,144,1773.490913
-279.611201,188,1773.628162
3.664279,128,1773.721609
-186.098069,185,1774.082961
-4.621637,132,1774.182083
-21.058378,129,1774.276674
-3.065686,133,1774.374433
-0.309826,130,1774.700628
38.429489,190,1774.840199
-1.389337,133,1774.937076
-5.021628,125,1775.027974
-7.442209,132,1775.298973
11.543595,316,1775.526337
-30.600706,124,1775.848094
-19.934209,154,1775.964143
-13.88792,138,1776.064106
-293.768178,175,1776.19133
-0.85534,132,1776.493481
-11.375711,140,1776.595855
15.17473,138,1776.69678
-33.504919,130,1776.990453
-15.712795,155,1777.106782
-19.494369,140,1777.209409
74.186545,209,1777.360939
-21.734446,145,1777.69067
-289.077012,209,1777.845018
-282.783421,203,1778.205828
2.988135,142,1778.310842
-189.875696,199,1778.457198
11.422693,131,1778.775787
-11.350064,135,1778.888954
-2.809782,137,1778.98911
-315.686262,204,1779.139793
-23.986237,138,1779.467283
5.814035,127,1779.560169
10.460673,142,1779.663777
-138.866898,170,1780.011739
26.148819,134,1780.111275
-25.207782,132,1780.208243
17.375092,195,1780.351196
-270.752828,202,1780.699044
98.787193,201,1780.846402
57.536111,210,1781.224719
71.254336,191,1781.363469
-30.89212,140,1781.464031
-210.580896,262,1781.881806
87.941262,206,1782.031672
-4.418051,133,1782.1288
-8.630709,144,1782.436371
-291.540208,153,1782.548973
-90.447625,413,1783.077752
-262.943029,140,1783.17999
-27.185456,164,1783.300418
-8.244123,144,1783.618788
-296.149877,189,1783.757405
-8.04444,150,1783.866513
3.489922,168,1784.083439
-31.92454,148,1784.190331
-311.106631,193,1784.333594
110.485515,336,1784.674167
-22.323731,127,1784.767032
-7.580651,137,1784.962036
15.600342,138,1785.062083
-1.851395,122,1785.152814
22.120201,215,1785.406936
20.107162,142,1785.515526
-21.872932,125,1785.607926
-0.09849,150,1785.717575
-275.281381,204,1785.962056
-10.851258,122,1786.050623
-328.955565,136,1786.150812
17.287665,136,1786.250033
79.173407,211,1786.498086
-16.629504,134,1786.594837
-5.028161,140,1786.697109
4.025104,158,1786.90874
-277.076764,209,1787.060341
64.351646,304,1787.37789
64.060853,210,1787.531733
28.488597,123,1787.621328
32.003716,169,1787.840107
4.352093,134,1787.937762
-179.084751,267,1788.227277
-27.321613,130,1788.32226
24.25846,170,1788.444337
-282.941741,221,1788.703334
-311.397707,168,1788.824817
-170.299972,256,1789.009271
5.495095,144,1789.209643
2.985909,147,1789.315487
20.750806,144,1789.418705
7.397387,129,1789.51233
-34.377936,154,1789.718841
42.234408,132,1789.814738
43.876987,219,1790.378242
28.122173,139,1790.703451
70.669845,178,1790.833661
-37.286962,450,1791.389048
-243.233842,226,1791.553272
-142.770205,302,1791.998818
7.260313,166,1792.119552
26.966694,127,1792.436261
68.691524,278,1792.640965
-22.042334,171,1792.76738
-4.878978,143,1793.095617
109.066592,319,1793.330751
-290.180918,161,1793.674759
-18.925934,164,1793.796238
7.006945,165,1793.916529
77.803489,214,1794.297492
73.206385,222,1794.45842
34.876343,173,1794.584498
53.713606,283,1794.990243
-240.426858,264,1795.383915
-2.315727,174,1795.513156
13.707574,123,1795.603271
47.134771,179,1795.734056
-2.203525,153,1796.069878
29.029135,234,1796.240222
2.673865,137,1796.339986
-10.292537,134,1796.660646
52.208486,187,1796.798152
14.118554,134,1796.897687
6.820151,136,1797.223947
18.355068,129,1797.31862
64.052072,227,1797.483625
84.776216,187,1797.846449
6.312997,133,1797.945544
-1.050765,130,1798.040661
62.593233,228,1798.361208
79.143263,196,1798.504484
3.872544,139,1798.605425
16.025451,130,1798.913373
11.250111,146,1799.01909
-77.713951,102,1799.09409
4.589492,164,1799.213354
23.528501,140,1799.523499
-13.802096,153,1799.63509
28.824539,135,1799.73353
21.272214,128,1799.827114
-30.499301,165,1800.163808
-23.484849,127,1800.25693
-8.990087,126,1800.348751
-4.546321,133,1800.656226
36.8402,182,1800.79011
1.027165,171,1800.913254
11.165527,155,1801.255476
11.404957,141,1801.359873
6.627582,140,1801.461675
117.081404,206,1801.611904
1.50734,120,1801.905569
-24.832846,126,1801.996763
43.79047,206,1802.147397
26.53091,127,1802.439844
29.539766,127,1802.533251
90.488117,208,1802.684839
44.558507,211,1803.027456
18.384738,118,1803.113526
24.734591,183,1803.247536
28.349051,122,1803.556874
-15.074887,148,1803.678234
47.534882,218,1803.83753
-32.478902,212,1804.221379
19.486512,115,1804.305235
-10.330203,138,1804.405103
-45.852331,112,1804.486002
16.116383,144,1804.815975
-9.290652,133,1804.912418
-8.456847,130,1805.006507
9.265927,140,1805.107761
-34.609429,143,1805.435471
-27.019732,134,1805.532987
-55.565325,139,1805.63401
-95.266359,115,1805.717384
-28.06012,161,1806.044934
-137.761773,119,1806.133098
-51.12957,153,1806.244184
-44.434091,132,1806.560761
25.044299,115,1806.647078
-6.397416,131,1806.742424
-181.188767,136,1806.841757
-63.31104,124,1807.133863
-7.662582,171,1807.259376
-2.601901,151,1807.368366
-185.886344,110,1807.447777
-5.707462,158,1807.795387
-24.086387,145,1807.900987
71.891815,205,1808.049065
23.041879,130,1808.376723
-36.064074,129,1808.470648
-10.461742,120,1808.558431
-19.781925,102,1808.63234
22.254395,123,1808.928305
102.585179,206,1809.080297
-20.88784,115,1809.164152
43.16848,243,1809.57487
18.555764,136,1809.67291
-205.787861,128,1809.766091
-115.913496,155,1809.878371
-18.427962,133,1810.19712
-25.502963,176,1810.325678
-11.173909,123,1810.416015
-16.405003,130,1810.743194
39.161449,184,1810.881193
-144.050588,161,1810.998652
-129.702102,124,1811.089996
16.19711,130,1811.412847
-22.461733,127,1811.505051
130.256107,295,1811.960275
20.978924,125,1812.055035
14.271107,137,1812.154302
-148.087252,158,1812.268266
-139.395963,131,1812.566548
-29.776454,141,1812.668378
-10.622344,123,1812.757968
-164.414926,125,1812.850138
-18.332936,134,1813.185602
-11.300353,127,1813.277059
2.161965,123,1813.365916
12.713677,122,1813.453779
15.825358,261,1813.84668
-21.458262,146,1813.951975
55.208226,190,1814.314387
-40.553708,227,1814.479019
-7.002555,113,1814.562792
62.070609,208,1814.952982
-16.972226,131,1815.047289
-62.80996,144,1815.151513
11.985724,124,1815.240499
-82.369343,161,1815.592748
-176.365066,135,1815.690889
27.029246,183,1815.825782
74.214799,205,1816.202255
-262.708061,151,1816.312003
63.267251,192,1816.452799
-60.916627,143,1816.793803
-134.942968,118,1816.880905
-150.967701,162,1816.998837
-132.300359,122,1817.089029
-226.141823,133,1817.422599
-191.915899,126,1817.515341
-47.231891,183,1817.648045
66.205409,241,1818.05081
142.913215,312,1818.279058
-102.303081,185,1818.620216
-45.740717,141,1818.721552
-162.11624,142,1818.824741
-92.681807,182,1819.191553
55.85413,223,1819.35416
-3.82721,250,1819.736916
-176.927593,112,1819.819485
-135.959998,148,1819.926641
-196.313756,122,1820.015514
-81.329222,125,1820.339796
-79.080344,234,1820.512286
-56.259336,120,1820.599694
-235.856863,153,1820.91486
-134.951721,113,1820.998416
57.314896,218,1821.157265
-234.855541,120,1821.243792
-90.103183,149,1821.54003
-88.780692,117,1821.6248
-90.619796,124,1821.713576
33.627377,172,1821.943017
-82.513742,121,1822.030628
-63.610392,149,1822.137239
-78.570639,135,1822.234115
122.544054,331,1822.570341
-145.001388,167,1822.691347
-34.248683,119,1822.871519
-131.775138,164,1822.990472
-83.399467,220,1823.149166
-39.390612,161,1823.361836
126.740265,289,1823.573289
-46.585119,147,1823.679396
-277.982393,127,1823.866046
-259.610839,150,1823.974552
-98.303617,140,1824.076689
-313.579032,172,1824.297799
61.365028,262,1824.487725
146.070451,479,1824.931778
-88.238823,116,1825.014644
93.573426,301,1825.329702
1.446169,172,1825.454151
-283.332252,212,1825.704936
-12.165785,168,1825.826739
-109.301742,116,1825.910732
53.372509,204,1826.153737
-72.566906,132,1826.247855
-214.763363,137,1826.348071
-147.994794,282,1826.64831
-277.084657,220,1826.809352
60.120128,219,1827.065779
59.634098,214,1827.222705
-70.832874,103,1827.297269
-66.600642,109,1827.375157
-15.031287,127,1827.564701
82.443593,219,1827.722343
-38.207309,112,1827.80371
-20.717356,137,1827.998158
79.567383,215,1828.153234
99.529706,194,1828.292946
-95.437855,111,1828.468631
-142.429323,122,1828.557223
-82.679589,178,1828.68469
83.951366,220,1828.938797
14.141461,118,1829.024295
64.199797,200,1829.169564
-4.964994,121,1829.256748
73.477439,199,1829.495483
-14.412078,139,1829.595949
-45.715732,110,1829.675613
-221.3286,159,1829.884237
21.035822,212,1830.036307
-6.485357,119,1830.127852
21.5972,178,1830.439337
-37.560968,154,1830.550568
-47.592353,169,1830.671983
-234.036202,117,1830.756288
39.483617,204,1830.999483
-47.694119,111,1831.078688
-19.332959,150,1831.185546
-11.10269,118,1831.364136
-273.401415,146,1831.468584
21.244908,125,1831.558499
-33.588938,115,1831.640402
-20.915854,131,1831.831594
-148.000164,154,1831.943028
-94.840154,157,1832.056169
91.791848,203,1832.299408
5.088459,112,1832.380776
-22.070803,127,1832.47267
-198.108468,161,1832.588681
-148.589284,141,1832.902258
-70.808684,171,1833.025111
-41.412552,108,1833.108394
-9.910535,138,1833.207703
-4.807956,141,1833.405729
48.453559,203,1833.55289
-4.835195,110,1833.631576
0.381541,220,1833.883313
-31.804862,159,1833.997927
51.762265,202,1834.237001
25.268136,111,1834.31859
-34.826691,138,1834.416917
-59.503488,115,1834.498728
-122.64895,107,1834.575511
70.14269,215,1834.829639
36.870038,205,1834.978276
-90.310854,140,1835.172601
-9.79029,122,1835.262009
-38.88678,129,1835.354852
-64.30063,121,1835.441053
-59.293922,132,1835.629931
-100.230365,123,1835.71894
-139.714319,151,1835.827725
-78.105922,96,1835.897116
-26.420634,104,1835.972889
-26.100816,170,1836.190328
-213.494586,127,1836.281721
-61.693522,102,1836.355443
-49.653451,126,1836.445852
-117.115287,120,1836.627376
-49.156625,118,1836.712626
-36.157851,174,1836.839323
-170.271004,133,1837.029549
-50.310183,171,1837.155038
-201.928726,121,1837.242428
-69.145025,136,1837.340016
-88.400364,144,1837.538099
-140.718856,131,1837.633787
-98.509475,143,1837.734591
-232.883229,122,1837.823329
-130.358032,110,1837.99943
-123.347681,120,1838.086543
-116.432292,141,1838.189144
-71.857663,164,1838.306198
-180.371138,117,1838.486716
-22.384458,137,1838.585755
-18.44627,160,1838.700376
-106.998221,129,1838.887748
-146.318855,114,1838.972091
7.431996,114,1839.054935
40.178309,207,1839.204364
-169.0356,139,1839.399104
-48.748319,150,1839.509454
9.61245,128,1839.603637
-74.666828,101,1839.677707
11.383451,118,1839.859035
-158.886508,112,1839.939832
-126.502212,149,1840.048786
-42.67456,98,1840.119645
2.273679,112,1840.296042
-196.634766,122,1840.38462
-58.089306,136,1840.482795
10.298792,112,1840.563356
-45.740924,154,1840.768043
-39.610248,175,1840.893834
-30.395878,132,1840.98854
-218.984963,112,1841.070038
-65.61808,106,1841.241303
10.021423,176,1841.369756
-63.80955,119,1841.455325
-70.24572,114,1841.537733
-50.524966,114,1841.714775
-93.274457,105,1841.789993
-45.727157,114,1841.873621
-45.632223,106,1841.950435
-45.884726,124,1842.039258
-52.188195,105,1842.212034
15.250169,128,1842.30494
6.289133,123,1842.394342
-58.875435,100,1842.466908
53.006883,118,1842.647811
-17.29056,129,1843.120038
-39.033876,113,1843.202898
-39.336191,154,1843.314018
-122.106922,110,1843.493281
-19.795636,151,1843.601895
-14.156939,120,1843.688997
-66.717193,114,1843.771776
-45.224302,151,1843.973407
-6.711383,98,1844.045074
-30.389254,126,1844.136822
21.68726,110,1844.217341
8.001356,119,1844.399279
-29.428997,199,1844.544251
-9.588449,132,1844.639409
-178.058789,177,1844.871121
-32.253684,138,1844.972239
27.670742,204,1845.137453
-41.802576,121,1845.225974
-37.220853,152,1845.443949
-84.709116,141,1845.545222
-99.126505,169,1845.667183
-35.749324,151,1845.871858
-10.425285,132,1845.966846
-120.231791,126,1846.057012
-16.372403,135,1846.15426
10.782523,135,1846.347825
-56.063503,126,1846.439217
-73.800092,111,1846.519918
-17.493049,138,1846.619463
17.471867,129,1846.808924
63.93078,196,1846.953232
-119.168825,124,1847.041629
-29.149813,143,1847.241233
25.800838,117,1847.326936
-28.393772,125,1847.417552
-9.817915,115,1847.502229
-57.019212,151,1847.823019
102.578108,289,1848.034731
3.610528,110,1848.114101
32.616902,315,1848.437749
17.914663,129,1848.531571
-95.874786,117,1848.616651
-86.309621,121,1848.799374
-46.196729,131,1848.893158
-56.196699,124,1848.983272
-50.186211,125,1849.073292
44.264632,210,1849.322997
14.787079,116,1849.40674
-13.336707,104,1849.4816
-39.446933,116,1849.564728
-21.604082,152,1849.770971
-16.86975,125,1849.860818
-5.237853,142,1849.963403
-12.032095,162,1850.17772
-32.337374,169,1850.300221
4.814097,191,1850.442577
-14.397739,125,1850.746396
-79.163063,113,1850.831313
-46.148248,107,1850.909113
6.409682,124,1850.999061
19.125061,117,1851.083816
-59.194181,117,1851.396626
-21.538813,142,1851.499991
-31.960115,115,1851.583816
-170.942368,110,1851.663887
-82.394114,103,1851.939598
-63.482483,105,1852.01646
22.012978,124,1852.106303
-9.071108,125,1852.197142
-70.940318,112,1852.278135
-134.024805,116,1852.599406
34.913102,193,1852.741862
15.084019,120,1852.829244
-28.919913,112,1853.12933
0.272619,117,1853.220539
35.6645,128,1853.314522
19.250065,121,1853.402196
-58.493368,120,1853.48885
-18.64122,133,1853.686395
-189.773659,132,1853.781822
31.238029,232,1853.951646
-17.417877,146,1854.153697
-15.234937,180,1854.284969
-12.815047,144,1854.388212
2.251083,136,1854.582863
28.112317,118,1854.669153
-15.026632,178,1854.798895
-74.516405,112,1854.880789
-23.932118,116,1855.060821
-8.095828,132,1855.182191
57.684584,187,1855.318955
-43.737075,117,1855.497838
-266.862102,258,1855.68547
-122.193603,172,1855.809027
55.005848,260,1856.09532
-128.024435,136,1856.193301
13.87954,122,1856.282353
-6.508632,135,1856.561596
-19.517147,135,1856.659127
-4.831554,208,1856.809428
-43.145921,182,1857.167114
-283.024859,207,1857.317683
-119.819919,136,1857.416301
-39.782516,136,1857.752639
41.09099,197,1857.897417
46.084599,212,1858.051377
-191.492465,139,1858.351443
42.841531,231,1858.517966
-223.028334,128,1858.609887
-185.015165,133,1858.800649
50.154559,225,1858.963668
-211.124334,128,1859.056289
20.204163,128,1859.243242
-38.264174,221,1859.402968
-47.300395,111,1859.483036
-11.541636,154,1859.688651
-81.591185,333,1859.929416
-28.354325,177,1860.151877
46.072508,214,1860.308337
27.361956,347,1860.654455
40.383641,463,1861.091107
43.051114,215,1861.247448
-80.095877,168,1861.369245
-26.547684,174,1861.59106
8.559301,240,1861.764269
-47.460961,163,1861.882819
-40.943835,149,1862.086085
42.360264,232,1862.253716
-55.653692,171,1862.377361
-222.697997,158,1862.587198
-193.026094,146,1862.692314
19.845731,222,1862.85365
41.578304,231,1863.118592
-288.961014,221,1863.279663
-82.086216,252,1863.558757
-57.14325,272,1863.75565
88.023633,316,1864.184381
-243.32842,189,1864.320338
-4.002841,142,1864.517841
-211.305108,298,1864.734551
-45.613315,238,1865.001105
64.454967,275,1865.200994
29.392341,213,1865.454274
86.421875,295,1865.668256
-97.648743,247,1865.941126
-276.902372,227,1866.106043
11.486754,252,1866.384421
-278.560929,263,1866.576068
27.449015,183,1866.803695
-216.976717,212,1866.958503
-105.656481,267,1867.151813
-216.724766,210,1867.399758
19.337073,130,1867.493537
-42.212492,184,1867.626504
-52.356013,172,1867.845547
-4.830555,140,1867.946406
55.133628,227,1868.205515
2.495428,135,1868.304067
-3.898476,194,1868.444381
-5.055862,161,1868.560661
-56.868377,142,1868.757754
-19.639333,137,1868.856863
20.986699,187,1868.993432
-6.8914,138,1869.188504
-15.927427,126,1869.280725
-10.270632,336,1869.732262
-41.580722,159,1869.848129
-291.161832,235,1870.020459
29.924802,123,1870.204276
2.756515,136,1870.308028
-45.163941,151,1870.417786
44.66311,256,1870.697399
-11.311847,142,1870.799293
-22.451545,170,1870.922616
-144.799157,151,1871.125112
-62.189717,245,1871.303173
8.66975,251,1871.580715
40.15449,219,1871.741426
-5.889563,114,1871.825011
-116.299523,312,1872.147039
-172.437497,152,1872.256502
-20.726355,147,1872.362531
-9.52437,148,1872.563991
-185.919374,280,1872.767078
-98.473098,246,1873.146776
59.93664,336,1873.38972
-288.792883,278,1873.688811
12.123702,204,1873.837497
17.319348,126,1874.022732
6.907513,131,1874.118397
-311.54061,209,1874.269908
4.349133,131,1874.364657
-146.567265,166,1874.579546
6.386416,123,1874.668999
43.640976,199,1874.813263
-143.320694,253,1875.093166
18.191699,132,1875.189252
59.650941,194,1875.426304
-16.707482,144,1875.530978
-22.798226,138,1875.63048
-2.531348,119,1875.717523
-204.113441,348,1876.06576
-262.62963,247,1876.246048
-2.21011,237,1876.51341
61.908184,419,1876.912516
-9.187467,221,1877.071975
-129.424005,161,1877.187807
1.278922,134,1877.380161
-172.859857,259,1877.569017
-122.95836,146,1877.770471
62.262679,207,1877.924404
4.559945,142,1878.026359
67.614547,398,1878.412336
-0.783021,136,1878.5107
1.009177,138,1878.705947
31.825065,366,1878.975822
0.378668,129,1879.287074
4.957311,132,1879.386241
-15.337153,145,1879.489949
-21.844307,238,1879.755904
-49.930052,150,1879.86329
166.894132,374,1880.351287
-2.725576,136,1880.451741
-37.007469,146,1880.557582
-19.273447,133,1880.653885
1.105789,136,1880.950074
20.511678,138,1881.050796
-3.36694,109,1881.129751
58.958368,270,1881.422199
-18.329673,135,1881.519242
19.634082,138,1881.61937
28.169706,122,1881.708886
-27.430355,134,1882.007816
11.069752,135,1882.10584
-104.069817,122,1882.193899
30.029993,114,1882.277045
-25.231537,127,1882.571099
-216.709896,131,1882.666317
10.628598,129,1882.760048
-82.544147,141,1882.862208
-41.701561,144,1883.171254
-18.219686,157,1883.284777
-33.54621,155,1883.397466
26.613595,124,1883.689178
-3.101581,128,1883.784815
-0.291854,133,1883.883108
-43.342391,169,1884.006387
-20.012922,175,1884.347283
-8.157703,134,1884.444761
-4.843564,124,1884.536506
0.608109,142,1884.865488
-96.640739,154,1884.990537
-11.156845,125,1885.080538
21.786278,205,1885.23061
-11.857259,135,1885.53853
-164.098201,115,1885.621981
-32.037132,148,1885.7291
28.128112,120,1885.816507
-7.898534,134,1886.141189
45.620185,206,1886.290358
-30.22347,125,1886.380564
-5.022465,118,1886.701669
-39.524497,118,1886.789245
-2.361671,132,1886.886994
-38.950864,117,1886.971416
-14.311076,120,1887.298581
-136.694571,271,1887.496515
-23.4882,142,1887.598604
-10.914524,120,1887.91292
-45.230628,132,1888.00899
-36.560477,281,1888.213155
-45.513015,143,1888.527085
9.367134,135,1888.625585
-36.499595,123,1888.714536
-16.236818,133,1888.810708
-30.139771,161,1889.154811
16.334877,139,1889.255204
38.581724,113,1889.336736
-45.748991,144,1889.647325
-50.105522,133,1889.745997
-26.914519,149,1889.853247
2.823807,121,1889.941164
-31.917446,116,1890.224642
-44.927615,172,1890.351078
-18.483376,138,1890.450434
20.647986,109,1890.529547
-8.274905,127,1890.851068
40.958515,112,1890.935102
-41.62067,154,1891.04537
24.504012,117,1891.131428
-10.376858,149,1891.476159
-26.34111,110,1891.556329
11.327167,129,1891.650114
-37.367711,110,1891.73007
28.282605,123,1892.030288
-11.832139,126,1892.122312
27.521287,117,1892.208037
-13.995482,99,1892.280679
8.325352,113,1892.36332
-8.800647,122,1892.688093
24.463617,126,1892.781344
27.157197,114,1892.865985
-3.347478,134,1892.963869
28.215379,114,1893.596087
-12.508006,161,1893.712695
13.696206,126,1893.80435
-211.434293,280,1894.212677
9.874136,123,1894.301527
-31.854287,116,1894.385595
-10.436866,128,1894.478911
-9.025636,126,1894.795233
15.12293,121,1894.883549
26.074222,119,1894.970659
46.878652,117,1895.056712
159.979076,370,1895.531633
-0.69574,116,1895.616156
3.422854,135,1895.924034
-0.585375,124,1896.015175
-18.908073,171,1896.140453
12.531385,136,1896.240586
6.521699,114,1896.526628
22.779005,120,1896.614588
31.370799,115,1896.698339
-154.813818,252,1897.10722
16.231948,123,1897.196899
8.995189,191,1897.335546
11.634804,125,1897.627594
-6.248435,127,1897.728294
6.95009,144,1897.832232
-53.87213,158,1897.947253
-18.035712,129,1898.273378
27.068621,118,1898.360256
-5.724733,240,1898.535856
-48.575557,172,1898.885365
-55.206824,137,1898.984271
-27.344005,146,1899.090879
-69.158739,149,1899.198728
22.835835,241,1899.605903
36.988674,209,1899.759363
-24.629506,543,1900.360724
-174.247579,225,1900.749013
-16.117415,140,1900.850744
-65.321246,231,1901.24514
-330.203835,170,1901.370396
-21.191805,137,1901.471449
3.178199,137,1901.571297
72.746682,204,1901.950778
-164.024823,342,1902.424934
-128.111097,216,1902.583105
-288.118928,173,1902.708904
-283.858315,209,1903.09725
-11.388738,218,1903.256489
-235.04835,265,1903.674396
-315.200503,195,1903.817184
-51.899062,250,1903.999299
-279.544015,235,1904.39698
34.869489,281,1904.795137
5.565168,117,1904.886301
-247.85707,231,1905.05557
-33.287109,152,1905.165071
-291.71355,166,1905.508881
-16.348772,223,1905.671165
-26.866365,121,1905.75852
-19.608232,134,1905.951078
10.596408,129,1906.044797
-19.963158,154,1906.156683
-1.553231,127,1906.344169
17.908298,122,1906.433057
-290.618484,228,1906.599338
-20.547912,381,1906.976254
-35.659622,165,1907.096138
-20.81564,111,1907.368543
-31.162591,115,1907.456932
7.103899,111,1907.537784
48.353962,282,1907.7435
22.557244,125,1908.058153
-73.434336,224,1908.222073
31.095309,116,1908.306525
14.345646,225,1908.694988
-2.549923,130,1908.78868
4.154038,136,1908.887679
-15.799601,113,1909.066797
-201.251828,374,1909.341951
26.803006,124,1909.528378
-153.832829,160,1909.64385
-268.950414,234,1909.81514
72.48587,205,1910.059954
42.876069,208,1910.216517
-170.277578,308,1910.536468
46.729875,289,1910.746407
27.936181,233,1911.010102
-160.307957,147,1911.119077
-302.085081,203,1911.266578
-315.330913,177,1911.490637
-74.357074,233,1911.661213
-299.711146,158,1911.875402
4.187603,141,1911.978835
-34.907838,102,1912.053008
-257.485071,227,1912.21961
39.315825,320,1912.549131
-51.183677,135,1912.647039
-69.097511,291,1912.956364
-115.984283,282,1913.162219
-45.464398,182,1913.390108
12.766997,128,1913.483264
-289.525463,221,1913.738516
15.568342,130,1913.833626
-303.113776,217,1913.992046
-14.852224,148,1914.098442
-292.494728,215,1914.349914
-240.430262,252,1914.535047
-236.530593,224,1914.793726
-98.747682,215,1914.948924
-8.077869,136,1915.141193
-23.526178,503,1915.507716
98.556956,444,1915.9271
-260.288703,254,1916.207584
-307.221097,203,1916.357201
-230.577556,230,1916.620987
-28.00308,135,1916.71819
-215.312099,249,1916.901551
-12.059525,141,1917.100217
-38.391331,299,1917.317769
-119.507375,253,1917.597726
-6.204405,184,1917.731459
-308.326395,195,1917.970283
-277.898225,232,1918.139913
-137.868302,411,1918.535291
-5.550266,132,1918.631083
-42.77498,151,1918.73856
-6.570706,131,1918.932353
-209.529636,322,1919.167093
6.228338,108,1919.246106
-34.15341,146,1919.446738
-318.65631,184,1919.580567
-87.998401,337,1919.919641
-178.476568,274,1920.118981
-6.460892,170,1920.337735
-77.716108,242,1920.514194
31.327169,203,1920.663173
23.022985,121,1920.846257
30.603094,119,1920.932947
-179.974988,278,1921.229824
-10.822822,277,1921.430761
-60.856039,136,1921.528453
-101.311208,292,1921.938326
-230.568814,241,1922.112634
-300.274148,149,1922.315627
-47.949673,101,1922.39289
-234.608161,198,1922.536193
-19.763986,136,1922.634478
-80.243781,179,1922.858225
-287.83908,210,1923.011392
77.05283,384,1923.385696
234.956015,559,1923.885793
-15.314149,140,1923.98728
-5.517117,142,1924.185341
-14.023865,137,1924.285297
53.243925,339,1924.625898
-279.476186,164,1924.744582
-31.935835,318,1925.172455
-23.882017,104,1925.2503
59.880589,220,1925.410716
-378.080212,134,1925.508415
-256.783549,231,1925.771123
-253.569865,187,1925.90685
-252.01665,208,1926.154855
-6.429946,223,1926.317788
-1.048489,143,1926.421461
-344.639863,225,1926.680129
18.602124,131,1926.775095
-311.081765,211,1926.930331
-161.597542,317,1927.256694
-286.217341,231,1927.521266
-327.073944,145,1927.627036
-33.109871,131,1927.722082
-51.629495,504,1928.183203
-281.026743,198,1928.327052
-194.050832,138,1928.523332
-277.134084,193,1928.664163
10.152791,114,1928.747629
-66.708472,160,1928.957623
-65.436397,143,1929.06067
4.377852,263,1929.258487
39.72485,117,1929.437838
3.602309,121,1929.526832
-48.133811,99,1929.599559
19.01861,117,1929.68546
-260.579982,254,1929.965882
15.516971,119,1930.05234
-90.753174,315,1930.377602
-32.230084,135,1930.475774
-62.052797,245,1930.652003
-298.704999,207,1930.896176
-14.328935,141,1930.997938
-2.717011,399,1931.384345
-73.558724,119,1931.47115
-251.291355,283,1931.774646
-225.338345,284,1931.983548
-248.007468,220,1932.238731
-107.647526,417,1932.539617
-23.6503,117,1932.72086
12.515605,238,1932.893367
42.884933,306,1933.211046
73.256113,334,1933.453521
-283.325541,214,1933.705659
45.98181,303,1933.926221
102.162535,288,1934.228861
-20.299112,157,1934.3434
-305.195142,185,1934.585834
-101.355687,132,1934.683111
-61.232803,331,1935.01672
-5.640656,206,1935.166813
-16.590741,305,1935.481399
72.869751,403,1935.774322
-163.706989,178,1935.998076
-55.869751,135,1936.096213
-8.246754,122,1936.184864
-33.713334,123,1936.273385
109.409579,295,1936.686566
120.442744,289,1936.994999
-53.084066,157,1937.108764
-128.837414,209,1937.260223
-60.251797,137,1937.559408
-159.542897,342,1937.811839
-41.790681,121,1937.901532
-76.117626,233,1938.27475
129.430416,295,1938.490422
28.722426,214,1938.743294
-41.415242,243,1938.918622
131.556446,292,1939.227544
-26.326787,146,1939.332892
-26.401721,190,1939.565072
-15.573319,155,1939.678232
135.743974,288,1939.890088
-45.549272,138,1940.083571
34.780393,246,1940.26017
21.166845,221,1940.634989
-33.395701,145,1940.741854
39.465424,255,1940.927789
-141.818309,120,1941.110472
-80.223184,122,1941.199265
-29.037811,180,1941.328337
-162.929472,165,1941.540007
-36.212675,118,1941.626065
-45.9895,193,1941.765379
0.663169,222,1942.023193
-67.447079,179,1942.154759
-48.762493,119,1942.241247
51.147685,294,1942.550276
-101.041882,113,1942.631791
-144.862839,122,1943.813177
-35.557889,116,1943.898274
-105.876193,149,1944.235272
-144.154352,153,1944.346599
-50.115638,144,1944.451432
-56.580524,228,1944.853225
-203.298747,166,1944.973845
-8.773407,142,1945.079048
-52.214329,136,1945.380733
-95.852372,115,1945.464444
-12.393112,120,1945.550956
-182.452159,111,1945.631528
28.741667,210,1945.99376
3.410518,269,1946.190559
-21.778977,128,1946.283927
-55.523975,145,1946.600144
121.798233,456,1947.157974
-281.143421,236,1947.329397
8.204264,121,1947.418225
8.936353,112,1947.73127
-85.559587,240,1947.912232
-42.647575,198,1948.055928
15.852479,120,1948.319071
-21.241392,194,1948.461737
-23.926487,148,1948.56963
44.156931,308,1949.018747
59.169583,352,1949.509105
-105.573697,275,1949.709285
-39.688948,249,1950.095417
-16.684229,133,1950.193961
-287.849648,260,1950.38476
-213.270296,147,1950.697108
-31.927956,190,1950.835764
52.252075,321,1951.275878
23.838984,225,1951.440845
134.780877,289,1951.878315
-31.160577,144,1951.983454
32.3594,180,1952.115614
-43.933801,144,1952.454626
59.041386,236,1952.627434
-17.495593,130,1952.724385
-9.882582,134,1953.018743
-38.989675,133,1953.116724
-81.096015,136,1953.216128
-6.662662,144,1953.320316
-6.642648,125,1953.636215
-30.934957,124,1953.727077
7.221168,137,1953.827995
-31.421974,490,1954.40928
65.006136,357,1954.895681
-15.324591,112,1954.978115
-91.101373,203,1955.125494
-15.222881,132,1955.316987
-90.384063,139,1955.418077
90.184575,196,1955.562398
-124.783554,255,1955.846357
-147.966315,246,1956.025348
16.392698,250,1956.302959
-39.297145,128,1956.396132
-61.675221,309,1956.71777
-23.965908,129,1956.812312
3.883316,131,1956.909417
-192.260669,157,1957.022857
11.451464,127,1957.210789
-10.395095,228,1957.375881
-22.423807,169,1957.499475
44.932667,210,1957.749627
114.68987,374,1958.121037
-113.239908,187,1958.2589
-21.679698,134,1958.357008
42.859349,319,1958.820613
-33.500347,244,1958.999052
44.57869,448,1959.524589
-45.780537,169,1959.849245
48.004766,318,1960.084114
-162.407009,387,1960.602836
66.597674,351,1961.095378
126.344243,466,1961.66679
-322.442771,165,1961.79778
-118.376053,166,1961.919517
69.791939,223,1962.319376
-76.322082,266,1962.515708
17.790335,236,1962.906441
9.910977,194,1963.049037
25.350335,376,1963.551104
-17.447859,264,1963.744368
-151.354811,346,1964.222893
-8.444079,191,1964.363709
-80.032952,410,1964.890147
40.105961,381,1965.371903
32.039918,230,1965.541015
-19.091192,428,1966.028046
-75.50626,161,1966.145453
-222.613399,138,1966.46559
-118.729532,269,1966.659927
78.280034,420,1967.160192
73.857455,306,1967.610451
-43.635557,152,1967.720594
-29.170897,164,1967.84069
10.471712,508,1968.415067
-152.185619,150,1968.746937
-19.387184,227,1968.913805
18.913653,222,1969.07648
-166.011688,290,1969.499239
-110.84833,155,1969.611855
30.073786,190,1969.962808
319.249169,993,1971.12707
-11.857695,150,1971.236494
234.486946,608,1971.778345
-164.415316,352,1972.131604
41.422115,228,1972.29764
97.740267,476,1972.738566
-272.574745,192,1972.879807
-206.386849,152,1973.084386
30.169011,310,1973.311367
56.119181,223,1973.569356
-24.807311,150,1973.678805
-55.350046,267,1973.967894
-114.127606,172,1974.092608
-49.775857,166,1974.214264
-35.433999,138,1974.409991
-89.926401,150,1974.518889
679.245143,1000,1975.439764
-45.104197,228,1975.605657
-12.429946,136,1975.799311
-104.625577,256,1975.987576
-74.947003,330,1976.326638
19.55381,268,1976.525649
12.948938,457,1976.959595
146.355073,492,1977.414123
86.051117,427,1977.952915
-11.655934,212,1978.10626
-183.752952,204,1978.492018
115.818754,382,1978.772353
37.816783,258,1979.189752
100.355065,387,1979.679554
61.609583,225,1979.845097
-68.429947,328,1980.312715
214.817325,861,1981.169223
47.875105,514,1981.774008
126.215908,395,1982.291051
26.4612,423,1982.830424
-134.449497,281,1983.266351
164.041014,399,1983.558801
-105.749089,214,1983.814435
140.39325,432,1984.224823
7.692364,525,1984.701412
14.120869,219,1984.861553
23.611994,236,1985.127513
-70.946265,500,1985.589741
72.538322,481,1985.94461
-321.72928,146,1986.277121
-128.871233,266,1986.47152
12.15149,641,1987.379035
-159.077341,143,1987.483714
-155.428699,360,1987.846412
-308.924589,178,1987.976834
-247.554422,238,1988.151732
-138.32022,181,1988.3797
12.191466,215,1988.536695
-305.403878,253,1988.819317
115.36696,626,1989.375903
-171.715125,158,1989.490141
-65.784037,321,1989.836108
30.242309,501,1990.29587
-45.212071,287,1990.504194
-167.77528,395,1990.888879
-192.274155,189,1991.026973
-15.88703,256,1991.306461
-89.059304,262,1991.501306
-188.804408,170,1991.719311
-130.730896,238,1991.895212
-173.474599,210,1992.142484
-188.411885,168,1992.264796
-291.431366,196,1992.408065
73.550879,366,1992.76883
-249.336744,195,1992.912219
-72.65353,180,1993.139527
-46.145505,387,1993.517446
-170.466254,161,1993.634943
-38.654698,262,1993.827884
-86.994123,411,1994.221178
-186.991969,157,1994.431249
-190.311175,214,1994.586695
-117.184878,227,1994.752858
-138.555788,332,1995.089167
-155.956187,189,1995.228354
-16.629489,282,1995.526727
-62.256612,194,1995.669292
-13.256858,239,1995.936202
-292.345656,216,1996.094031
-49.072251,264,1996.380159
-317.636385,175,1997.354833
-294.013617,114,1997.438655
