#{"t_start": 1789399211.4560199, "env_id": "Atom-v1"}
r,l,t
-529.468163,82,2.837182
-519.50747,95,2.90865
-521.002238,81,2.96945
-526.730436,101,3.045716
-513.901463,113,3.130492
-529.548804,107,3.418971
-492.329746,95,3.489708
-532.292199,85,3.553417
-516.984259,85,3.617091
-539.241575,110,3.699118
-501.160003,79,3.955829
-511.223092,94,4.027474
-486.550786,81,4.088562
-508.423437,95,4.160416
-509.328216,89,4.226761
-502.636319,95,4.297815
-501.453298,85,4.563161
-516.389012,89,4.631338
-496.902387,101,4.707428
-503.262155,89,4.774544
-512.956422,105,4.853823
-496.97313,82,4.91512
-475.01597,92,5.207817
-510.460203,88,5.273706
-493.74542,69,5.325104
-499.843057,97,5.397365
-523.05249,92,5.465926
-524.5497,83,5.527584
-489.241569,73,5.780754
-509.399259,89,5.847111
-514.277534,112,5.930615
-522.387422,99,6.004856
-497.844918,92,6.073387
-513.657322,105,6.35122
-498.271453,93,6.421442
-497.598329,95,6.493279
-534.806352,89,6.560136
-519.084831,92,6.629092
-532.66653,99,6.928049
-527.449503,101,7.006623
-519.438307,80,7.066423
-499.494414,88,7.132097
-507.229284,101,7.207475
-525.65972,100,7.282304
-504.709867,79,7.567434
-464.12986,84,7.631941
-483.020583,129,7.728133
-494.558823,81,7.788909
-527.859726,91,7.857584
-509.840135,92,8.123313
-486.04834,67,8.175893
-479.998364,80,8.235959
-512.729803,150,8.348083
-513.253093,106,8.427041
-526.722383,98,8.593241
-530.56809,94,8.664138
-535.623488,99,8.739182
-515.272095,86,8.804039
-516.07159,102,8.880656
-498.749705,87,8.946119
-519.753989,104,9.1184
-511.581245,122,9.210096
-484.383714,141,9.315812
-497.435099,109,9.397381
-464.37772,97,9.563612
-538.548183,95,9.634959
-521.200214,100,9.709209
-499.73142,87,9.779309
-500.012231,86,9.844475
-527.818831,98,9.917922
-524.46154,96,10.082261
-532.481864,136,10.183853
-509.558037,84,10.245894
-522.50365,95,10.316468
-516.125374,91,10.384352
-527.591479,99,10.550528
-518.397493,91,10.618185
-509.985747,104,10.695028
-516.77287,104,10.772209
-514.396904,118,10.859478
-513.832676,101,11.026619
-497.640352,110,11.109215
-489.877095,106,11.18857
-511.812942,96,11.260147
-531.623657,124,11.352046
-492.164562,89,11.512677
-507.160667,103,11.589244
-514.673182,105,11.667557
-507.237025,107,11.747257
-536.639353,109,11.828575
-518.59104,115,12.127694
-502.75745,108,12.208653
-532.270852,113,12.293013
-494.006567,94,12.363385
-519.589072,114,12.651691
-565.648634,114,12.738232
-524.857415,111,12.821553
-507.671138,139,12.925293
-525.603169,140,13.253616
-494.783534,98,13.328569
-509.297214,93,13.398135
-466.078215,96,13.469712
-507.360985,244,13.86932
-505.594396,92,13.939215
-537.821027,100,14.01443
-538.22045,107,14.094904
-499.764098,110,14.177968
-520.651946,110,14.45845
-505.395813,130,14.556222
-494.427482,97,14.628581
-505.674721,81,14.689187
-529.588708,95,14.760307
-542.714,113,15.041942
-521.562152,110,15.125391
-506.409599,131,15.223117
-535.900788,144,15.331781
-478.2503,125,15.648817
-521.264666,138,15.752711
-510.133871,139,15.857561
-487.788277,90,15.925163
-526.01584,108,16.20345
-527.426628,104,16.284082
-491.887088,80,16.344432
-544.980515,120,16.435253
-521.655757,99,16.509554
-516.38483,99,16.584243
-506.628856,110,16.892401
-506.167119,100,16.966944
-513.049241,118,17.054938
-522.941071,97,17.128409
-520.460575,124,17.418551
-495.818192,97,17.492943
-479.554594,90,17.560531
-510.849772,105,17.639602
-539.528769,141,17.744579
-501.738459,178,17.977738
-517.228337,107,18.058171
-543.986872,102,18.134951
-504.628277,114,18.220327
-497.202465,121,18.403902
-456.027733,73,18.458886
-526.731384,89,18.52569
-496.527175,162,18.648098
-533.461237,180,18.875361
-501.688232,107,18.955387
-506.79681,106,19.034698
-524.401934,162,19.157203
-539.858856,141,19.355012
-515.83073,119,19.446175
-514.007164,128,19.54268
-545.778984,127,19.638617
-535.833333,104,19.813673
-523.893606,134,19.914015
-485.152683,93,19.983705
-516.959735,100,20.0607
-499.89372,175,20.285628
-484.14577,135,20.386459
-548.473077,125,20.480225
-522.505173,97,20.552944
-516.13678,162,20.768393
-529.764088,112,20.854136
-508.327981,106,20.933485
-511.998281,91,21.001412
-560.121192,126,21.095503
-519.558023,169,21.420819
-487.920482,166,21.545153
-514.669432,83,21.606979
-515.810679,88,21.673121
-515.466044,137,22.001583
-492.338633,113,22.085949
-514.703737,126,22.179934
-490.761531,105,22.258539
-508.424807,132,22.555733
-525.687714,106,22.636224
-523.504835,137,22.739675
-497.246966,151,22.853913
-539.912872,102,23.051114
-518.029073,153,23.167238
-499.613704,108,23.248364
-511.432389,101,23.324033
-520.18912,136,23.546962
-501.969188,88,23.613532
-517.558093,109,23.695819
-499.098379,92,23.764901
-504.61157,132,23.864082
-502.095073,107,24.065837
-488.613449,111,24.149849
-509.310457,102,24.225641
-517.020316,143,24.332849
-522.825681,156,24.57026
-504.353655,100,24.644728
-553.573374,116,24.73137
-502.37973,113,24.81578
-534.188199,184,25.086133
-486.809652,151,25.19994
-501.729171,118,25.28892
-538.551841,106,25.368267
-531.814904,99,25.442334
-512.328895,120,25.652023
-534.692934,120,25.741303
-508.031519,121,25.83127
-517.835839,112,25.914864
-531.013351,130,26.238111
-513.140274,81,26.299182
-536.481077,153,26.413965
-508.518606,114,26.499369
-509.790283,97,26.796823
-535.825954,119,26.888275
-503.916289,145,26.998243
-522.838252,151,27.112841
-557.195058,231,27.508538
-515.893586,107,27.589867
-468.812063,158,27.708575
-533.776311,155,28.051393
-520.428247,166,28.177045
-501.594051,93,28.246408
-542.557367,207,28.623793
-520.407983,133,28.725328
-512.384591,131,28.823728
-510.522843,126,28.918342
-529.048536,165,29.266382
-499.150217,109,29.347909
-527.106517,209,29.504184
-549.134361,239,29.917059
-575.996806,278,30.125472
-533.191865,133,30.420489
-545.326304,134,30.5295
-578.954122,355,30.795305
-638.48954,461,31.364331
-530.747321,221,31.752975
-524.864896,223,31.921438
-610.543354,426,32.471547
-524.163231,125,32.565861
-696.17069,656,33.485385
-595.200973,214,33.645408
-545.413054,190,33.788144
-780.594538,998,34.982381
-600.891569,421,35.523279
-655.906327,464,36.096968
-329.58414,1000,37.31458
-397.453874,1000,38.505233
-289.839861,1000,39.458837
-291.8928,1000,40.401101
28.229379,1000,41.340904
-395.879846,491,41.803747
228.459324,1000,42.745976
-372.395696,434,43.16323
-257.973993,617,43.719614
229.239946,1000,44.660216
386.771138,1000,45.60451
456.588886,1000,46.678841
590.364548,1000,47.865703
-166.877237,394,48.159333
31.757264,815,49.087387
-109.081671,491,49.548263
639.364383,1000,50.485479
106.038283,684,51.092863
-214.459563,261,51.384238
-279.970301,133,51.483255
-228.180452,178,51.616203
-232.634774,327,51.953528
-295.627992,188,52.09402
-108.797166,356,52.457862
-302.413045,103,52.535125
-53.216661,372,53.009046
812.327315,1000,54.208788
-86.376724,480,54.792123
-36.013707,517,55.380862
386.941675,798,56.703938
-128.257322,395,57.232225
903.034198,1000,58.402369
-238.408544,247,58.82122
-72.92255,457,59.357647
143.502791,643,60.057439
619.881626,921,61.163461
28.206442,519,61.769992
285.522033,514,62.345315
-278.632047,223,62.511158
31.756519,376,62.992646
-154.898014,310,63.223925
-288.860968,205,63.58432
-214.445935,230,63.754962
211.624029,488,64.327489
151.123637,649,65.03845
611.093034,759,66.025286
290.365923,562,66.644953
-336.504364,183,66.781214
25.592941,326,67.232903
459.98501,661,67.926606
1125.302392,1000,69.105226
132.173184,359,69.600638
-76.692458,212,69.759185
350.914429,612,70.536628
-263.373455,147,70.647708
27.032925,335,70.898672
590.314776,804,71.683479
-261.961774,186,71.822101
620.286065,986,72.748824
-69.709372,344,73.099487
-144.783039,287,73.407768
-274.167362,206,73.561748
141.185257,594,74.098252
-77.491936,259,74.387422
-90.818456,298,74.610228
-47.970052,317,74.942412
-298.340475,189,75.083327
-191.350802,266,75.374864
44.273343,429,75.788415
81.617579,404,76.090336
-40.255684,294,76.402507
-195.772327,145,76.510617
182.407649,422,76.916405
224.033068,543,77.416142
-165.26749,250,77.695698
-185.347768,178,77.829077
406.498137,621,78.388751
263.452611,614,78.941135
504.252801,805,79.730008
178.728012,476,80.177166
188.175232,585,80.705512
480.173628,739,81.350156
163.321756,541,81.939818
465.882774,677,82.536801
188.104185,369,82.904175
-26.552085,407,83.207391
-147.163301,255,83.491032
268.8633,477,83.940387
40.74886,467,84.385972
-70.381484,266,84.584363
-183.616677,203,84.82877
-7.825334,388,85.118686
-120.272469,292,85.438482
-217.625393,217,85.600924
-22.165252,294,85.91247
381.909513,508,86.484864
62.917551,420,87.023857
-128.416166,278,87.231583
303.653692,585,87.773566
663.027981,817,88.568655
28.564299,263,88.856248
-43.898179,202,89.006207
71.20411,316,89.439329
795.812462,872,90.305857
-149.649359,196,90.677615
15.727356,273,90.879909
147.889756,376,91.383856
-132.836172,194,91.528656
-153.188184,192,91.895793
-72.733262,248,92.078639
-189.483484,121,92.167728
-130.342949,254,92.562913
149.968358,371,93.07225
254.976226,396,93.370155
-155.376705,276,93.746534
703.268426,729,94.527819
-135.075886,163,94.851047
514.641067,671,95.574561
-113.773759,161,95.69565
-51.79635,219,96.095459
-182.627043,159,96.213446
-133.329641,173,96.341089
46.578702,299,96.787861
-90.914784,188,96.927286
-118.121872,152,97.132334
415.868199,550,97.639143
-49.571384,367,97.912709
15.225372,304,98.233981
227.832616,363,98.599342
416.42853,705,99.220461
-111.21978,172,99.349215
137.538435,455,99.786468
31.006058,339,100.131909
343.778376,527,100.622047
319.002319,405,101.118406
163.211219,440,101.615337
278.919177,373,101.892421
-86.731601,212,102.275755
-136.501718,158,102.393657
124.786808,334,102.734813
76.714656,287,102.946822
-94.102322,244,103.221059
-47.115564,212,103.378447
226.286082,521,103.868625
-62.942222,174,104.194863
-42.818734,194,104.338963
181.826311,396,104.726798
-97.405273,185,104.866929
-183.702815,175,104.997395
599.003512,562,105.828773
-243.169442,172,105.968531
-127.081091,192,106.111288
36.056817,311,106.545457
-133.310306,255,106.734951
-124.56126,243,107.136002
278.885515,459,107.710135
-63.1959,200,107.859597
-111.489398,195,108.00514
-67.089449,214,108.388822
98.555679,389,108.892715
-67.413665,216,109.689785
402.211582,549,110.305518
136.917984,347,110.791738
-208.084351,222,110.957083
-138.667985,191,111.29952
232.003107,367,111.574288
-16.247138,254,111.991152
155.705635,334,112.238862
-121.171359,211,112.621791
-183.324893,164,112.74415
-23.631397,283,113.157949
58.333375,316,113.394276
-34.517174,276,113.810957
-97.220626,166,113.933991
-99.395787,242,114.315661
69.143528,303,114.542386
22.08683,259,114.944722
-151.639492,235,115.121911
-98.731545,167,115.468133
-155.916185,182,115.604169
-57.562825,161,115.724272
150.150407,371,116.202691
-131.033108,176,116.332912
-26.984195,203,116.70806
200.340619,446,117.276599
-84.301242,237,117.453745
142.777892,327,117.916473
-74.617487,202,118.066411
-179.318271,154,118.181189
-49.980753,170,118.542355
-67.592552,243,118.724379
-58.392225,201,119.099318
75.228381,237,119.277874
-215.409076,228,119.646566
780.897565,798,120.448367
71.531081,303,120.88402
329.090177,404,121.18405
-80.505882,238,121.566235
159.292078,322,121.975336
-10.960056,262,122.172247
57.871162,233,122.568368
-57.07303,230,122.739025
239.281389,325,123.186658
-141.389028,185,123.325159
140.798135,377,123.842491
-275.069294,133,123.94091
369.086566,421,124.461694
-44.131217,262,124.656638
293.936946,409,125.185965
439.906977,581,125.830038
-147.383242,209,126.187202
44.320421,271,126.392208
-189.450902,190,126.765432
449.913951,547,127.399977
-241.041379,166,127.523888
23.698306,292,127.740997
393.268794,464,128.287977
124.420475,402,128.826853
789.316043,747,129.847292
21.288661,316,130.082792
-59.95279,297,130.510935
-73.680517,191,130.652929
37.051731,221,131.019643
55.870082,291,131.237325
-0.33203,288,131.663008
199.917721,348,131.922134
541.814721,731,132.89761
-139.6501,295,133.118914
573.105761,628,134.011517
345.209632,629,134.685335
291.610957,529,135.281139
639.565104,723,136.022872
755.545297,853,137.122844
566.535,823,138.068553
280.442251,486,138.522683
135.854201,398,138.822893
1237.194083,1000,139.759144
223.080784,536,140.25209
1265.6581,1000,141.188558
7.226042,440,141.611373
115.116833,542,142.123078
1350.302372,1000,143.157621
1235.774429,1000,144.089254
225.02172,489,144.548597
1365.617296,1000,145.704485
-244.008143,192,145.848584
-49.876418,368,146.347009
301.564514,566,147.005028
741.460912,908,148.095461
-287.013113,219,148.259897
58.455557,451,148.806413
1349.459009,1000,150.01388
171.482697,482,150.57839
1508.310841,1000,151.658639
1476.261421,1000,152.592488
78.148329,389,152.976857
2.737349,340,153.324969
-234.590887,170,153.452295
-69.830734,227,153.621746
1758.864357,1000,154.552334
1050.156853,946,155.4418
79.349817,391,155.824421
38.558583,344,156.173712
328.871425,496,156.64603
-182.580242,188,156.786378
64.738943,323,157.121949
502.205517,595,157.662386
1564.122067,1000,158.600352
431.597084,601,159.282124
23.691542,295,159.502213
11.288511,334,159.976628
566.874163,665,160.569466
1584.501776,1000,161.766606
-77.370368,242,162.145611
-235.800458,153,162.259799
1800.586635,1000,163.1889
515.088123,571,163.710045
-78.7266,201,164.494303
-248.793474,135,164.594062
-29.304193,224,164.760717
-170.584071,197,164.999984
-221.481491,164,165.125032
-292.195913,133,165.225031
-79.510364,215,165.479411
-302.654508,119,165.568056
-46.005864,253,165.755008
-5.621944,264,166.043409
-248.448444,141,166.148716
115.014719,346,166.500005
-74.418091,216,166.661203
-207.768123,134,166.760864
322.511001,411,167.157522
-279.038557,133,167.348976
351.324299,318,167.582678
-71.99715,214,167.832482
-257.505894,125,167.926426
-362.658564,118,168.014561
50.142084,308,168.339392
-222.825361,151,168.452324
-263.025663,139,168.556297
-225.348379,142,168.755484
111.374787,361,169.023516
-225.790562,173,169.24464
150.143882,345,169.501287
178.400648,383,169.997912
-55.360332,225,170.165519
-158.895542,149,170.368375
-140.852494,199,170.516382
-114.735723,194,170.660314
128.280816,341,171.008862
70.677573,346,171.359613
89.868582,339,171.612453
85.963853,328,171.953947
452.473958,516,172.432059
-65.460826,269,172.724127
-258.097629,130,172.821263
547.550593,486,173.274558
-133.113171,208,173.429641
326.546623,455,173.859554
-128.745541,216,174.113755
223.580618,433,174.434804
267.37037,434,174.850278
-28.795487,266,175.141921
-10.319018,219,175.30644
110.965375,356,175.665473
-28.182534,275,175.871008
1668.940559,1000,176.934945
868.533848,710,177.746065
299.408338,443,178.166365
64.237155,307,178.391354
235.72854,470,178.833328
562.578234,668,179.423548
50.19438,291,179.864642
-84.548272,218,180.026048
-79.230791,208,180.276883
644.815213,712,180.899271
-195.195107,161,181.112149
1648.934153,1000,182.0435
-103.978042,262,182.239362
85.008872,306,182.558024
176.041714,389,182.847197
1758.837475,1000,183.902155
1132.509354,908,184.769332
177.34935,405,185.166593
299.736257,392,185.550919
-74.837781,226,185.719065
-169.628843,182,185.853971
461.674472,508,186.325097
-222.165518,142,186.523243
-201.141169,143,186.629031
218.646082,369,186.994511
6.75,222,187.16169
545.433038,474,187.608319
361.153505,392,187.993205
736.490289,626,188.552717
312.603972,387,188.935508
-145.968782,170,189.06182
490.414493,519,189.545382
95.47471,302,189.864094
31.863483,279,190.072445
839.515652,703,190.782778
344.324549,474,191.231058
-42.572224,214,191.39053
153.491678,292,191.699299
969.054838,741,192.347944
0.957025,302,192.666362
53.696191,290,192.88417
851.567305,710,193.863747
433.633982,448,194.198333
81.520062,313,194.658127
120.851307,311,195.114615
112.684711,311,195.347915
911.388831,752,196.377887
322.968747,384,196.886964
295.935805,368,197.161521
586.027614,539,197.654881
777.806326,606,198.199714
49.250414,297,198.515152
-169.44022,160,198.633541
106.726028,347,198.987476
-63.352238,210,199.147965
499.980456,505,199.702732
529.223138,543,200.423795
-169.875061,136,200.524666
187.375403,367,200.992371
119.093951,306,201.22668
-86.424519,213,201.479044
195.703175,319,201.717223
388.877417,470,202.292041
797.028456,693,202.902901
675.227639,548,203.404799
497.693938,460,203.841206
399.151685,459,204.279119
137.418784,360,204.640508
244.861958,335,204.99435
173.750139,334,205.249083
-65.013601,208,205.499779
234.541036,291,205.750407
116.76698,265,206.080221
121.808101,299,206.306806
155.956869,348,206.659359
124.56985,309,206.98332
-67.438747,255,207.175425
-7.07291,247,207.454169
237.805348,321,207.694875
195.85956,360,208.056099
-29.604088,231,208.228306
-13.365492,213,208.478185
208.210837,373,208.849607
192.968779,337,209.105169
-167.428389,146,209.214742
94.041605,298,209.53091
144.24485,316,209.86101
792.413484,643,210.43734
-56.89079,244,210.621062
80.479381,339,210.967428
377.699469,467,211.406607
31.106613,226,211.574712
387.478545,474,212.018324
290.274418,419,212.42276
707.573602,575,213.577985
523.900199,483,214.030038
219.73094,368,214.401569
381.367967,461,214.839947
289.976649,364,215.210257
605.386568,596,215.746896
292.143392,385,216.036067
960.924247,775,216.80601
1024.390415,805,217.595631
-20.122022,190,217.73774
-57.683927,175,217.868141
-100.653916,167,218.085335
-10.292528,270,218.290831
703.707381,584,218.821322
126.949544,301,219.140903
27.834856,274,219.347582
23.119592,212,219.599485
189.804071,374,219.973701
79.929463,306,220.207144
26.598954,262,220.619149
135.151975,281,220.82811
30.376761,207,221.076529
58.988738,224,221.243538
477.953483,404,221.63789
-7.227367,204,221.792255
3.936058,238,222.062946
-162.578326,182,222.1997
-138.246918,194,222.343745
-134.709264,209,222.593399
45.273562,290,222.811245
132.807719,293,223.122394
105.12224,237,223.300378
-154.628993,170,223.520682
-95.137375,195,223.666643
-50.344789,158,223.787214
1194.916456,791,224.659301
536.110821,464,225.100757
70.79994,222,225.268548
959.673161,639,225.930734
490.738743,440,226.259954
-149.722379,184,226.488215
-170.126113,161,226.608282
105.76931,287,226.915775
-173.651704,170,227.042539
186.740708,343,227.401742
253.273718,303,227.629622
122.631442,281,227.931166
158.900601,305,228.160159
383.820562,404,228.558926
37.182879,233,228.830216
154.85302,280,229.03945
113.471456,307,229.364727
182.631346,349,229.717191
81.806371,227,229.887965
126.168575,315,230.217309
0.842535,203,230.369641
408.118363,457,230.807823
129.031113,295,231.029482
612.682826,532,231.524153
-7.876475,261,231.813761
-200.438522,139,231.918467
-29.598416,212,232.171906
41.580275,323,232.415331
936.114362,804,233.204856
354.824621,412,233.608079
10.469211,275,233.815754
51.199236,296,234.131355
-16.32533,217,234.293684
162.336488,352,234.653648
-187.749313,175,234.78426
80.49993,296,235.098466
-167.297429,175,235.230782
688.87096,680,235.830842
76.495681,295,236.145401
447.644221,481,236.599005
145.851366,338,236.943626
84.142888,302,237.169298
189.21562,338,237.517071
-11.831418,197,237.663578
-33.585807,264,237.953925
90.723209,294,238.174258
11.097345,196,238.413769
130.461944,310,238.646755
-11.491523,202,238.891634
152.372226,316,239.13134
273.264143,343,239.479418
-6.382967,280,239.779349
112.907323,326,240.022573
242.655813,400,240.416549
-13.315123,220,240.584641
220.52911,385,240.963681
346.833342,410,241.361936
29.481464,273,241.65812
249.361077,379,241.941283
143.142476,366,242.306077
-33.653259,239,242.483512
282.089465,399,242.870208
309.540149,392,243.258744
1103.937221,918,244.138258
801.289444,571,244.658758
387.643037,472,245.105469
125.191079,293,245.32558
-84.590837,184,245.555944
-17.675781,287,245.770441
129.919207,320,246.103186
86.859016,271,246.305885
211.655238,372,246.67567
396.466064,389,247.060288
579.286704,484,247.511966
183.586927,319,247.842089
45.467792,210,247.998641
1.754152,246,248.182164
368.317471,477,248.734326
234.924019,332,249.074677
588.291029,533,249.565654
1017.512651,697,250.176342
405.731356,408,250.574285
-129.685835,188,250.805524
-24.274463,224,250.970297
-134.012599,187,251.109597
195.760685,378,251.48491
-53.550618,226,251.744476
-124.552441,194,251.887873
206.693069,311,252.211028
5.107285,281,252.420714
121.594289,316,252.747673
-56.487719,279,252.955983
44.325885,276,253.252779
-130.7529,140,253.357427
445.861106,475,253.803196
50.447351,301,254.11729
580.886944,554,254.624844
13.209745,281,254.834636
-163.9772,189,255.069052
1821.978482,1000,256.00314
96.423597,301,256.228745
895.680043,703,256.947286
525.101434,564,257.46032
441.449279,484,257.916123
-133.400334,148,258.027386
-129.806356,150,258.139667
-131.277097,134,258.241757
610.901996,552,258.743481
3.554218,219,259.000059
-7.35035,234,259.175867
-98.078174,167,259.392914
320.251937,371,259.668702
-53.508931,189,259.901553
132.069475,306,260.133983
129.636823,290,261.017059
119.442692,335,261.359653
-136.58704,137,261.462347
378.891149,484,261.915833
-135.007825,165,262.039896
-117.631036,149,262.152176
281.675089,373,262.523052
315.49459,450,262.953573
-8.410476,216,263.116047
309.105763,467,263.555455
-86.872897,151,263.760616
205.946529,420,264.073575
121.165513,292,264.38713
413.429793,471,264.830318
396.280706,483,265.367563
88.55011,276,265.571542
-25.887796,226,265.940895
-117.632966,130,266.039442
185.238883,308,266.494799
-39.129538,275,266.69964
269.865281,352,267.18708
-56.114774,152,267.301697
-113.418755,142,267.605495
187.739822,357,267.87094
760.623611,659,268.81558
55.685403,207,268.970228
-89.605377,143,269.077118
176.727607,336,269.427466
-83.053853,145,269.536037
404.041769,420,269.941548
-81.497153,140,270.045479
343.620461,433,270.470127
197.917639,318,270.799355
35.703809,223,270.965613
65.745914,274,271.26043
25.087586,241,271.439238
653.236563,561,271.947533
16.110303,205,272.192261
-119.173859,134,272.292878
180.891368,342,272.745138
487.939345,474,273.190014
63.951893,273,273.396007
-46.584547,216,273.556022
-111.607534,142,273.853957
-87.91487,140,273.959356
194.207486,345,274.423218
-118.561546,133,274.522766
241.157975,384,275.016442
1220.851525,908,275.918784
-156.06889,165,276.278271
-112.517616,132,276.377423
-109.680152,148,276.488137
25.093926,215,276.885893
-122.076759,126,276.981551
-137.568018,135,277.082942
-64.018239,151,277.420703
-64.304458,158,277.538179
-50.46726,258,277.731193
-89.610746,170,278.016566
111.611898,298,278.238804
-120.296663,156,278.591753
450.004262,435,278.915235
41.96983,200,279.222307
38.33883,251,279.40836
175.031097,298,279.854613
582.069398,527,280.474063
34.930814,238,280.650029
567.117216,522,281.257738
-34.20087,213,281.641791
835.649178,678,282.332955
365.909946,414,282.84434
232.494166,354,283.324095
1340.334295,970,284.326958
-103.440877,175,284.45895
-16.384562,213,284.617034
27.92999,216,284.99067
95.939788,233,285.164375
-54.365122,209,285.412961
1669.624923,993,286.558834
-61.905588,160,286.68024
262.529942,373,287.159418
19.761581,213,287.31988
9.284647,213,287.478542
700.578123,632,288.37613
0.809443,216,288.536712
390.058358,406,289.06228
324.337441,384,289.589607
650.93199,518,290.174944
54.241326,233,290.348413
560.546241,536,290.967163
226.441986,373,291.449401
-18.811208,198,291.596218
230.295432,371,292.107414
215.601993,359,292.585555
-98.618915,136,292.688585
290.169368,375,293.2047
21.617952,241,293.384202
628.397082,522,294.008057
-29.439611,192,294.245558
724.055021,546,294.74531
35.992993,286,294.959766
-42.964445,203,295.206586
126.761772,273,295.408712
478.195443,443,295.828923
505.770061,481,296.282521
-15.527691,272,296.487281
883.494504,644,297.156092
-32.899865,283,297.375618
284.033708,362,297.745141
378.311483,370,298.22055
805.570738,676,298.957658
205.412904,375,299.448814
94.901117,265,299.644917
-4.509426,263,300.06517
-33.232369,211,300.22297
-74.620679,148,300.333159
-76.710722,170,300.69583
407.853975,420,301.245528
-40.943487,154,301.360806
-68.437171,176,301.491663
-45.799614,186,301.72398
52.404726,252,301.912556
-113.06145,176,302.043755
-51.13965,270,302.338454
-108.475248,164,302.461132
275.851563,387,302.842009
-29.46075,196,302.987087
76.329156,339,303.435305
-10.73701,194,303.578284
1.573307,181,303.937423
68.547981,277,304.144551
49.613164,256,304.534694
281.937331,458,305.1014
-59.209226,166,305.226082
106.565153,279,305.657249
58.161686,308,305.88526
64.240932,285,306.310632
-50.67146,165,306.432418
348.085428,394,306.949991
-55.049686,182,307.085652
957.003578,759,308.115106
222.188321,293,308.330149
3.086388,213,308.720328
355.033912,376,308.999534
1195.206033,765,309.757766
49.136464,280,309.966213
5.537084,257,310.252224
342.848114,409,310.649266
-21.354623,252,310.836457
52.259512,292,311.147309
-11.733404,201,311.296072
-4.760465,270,311.587205
420.533516,440,312.005993
-164.270729,137,312.10725
-72.10143,258,312.300029
187.089472,346,312.662012
139.379652,260,312.945965
-8.619035,251,313.134012
372.566781,372,313.502747
39.509065,269,313.701082
21.138803,247,314.082127
-29.769197,172,314.213454
109.168865,293,315.322389
-21.801053,267,315.520806
-38.122516,181,315.746978
304.251804,382,316.031302
-55.948412,171,316.250031
75.795058,240,316.429314
144.066474,298,316.848432
627.196889,539,317.478436
6.720888,290,317.695684
79.277266,252,318.100768
71.31848,251,318.286881
72.457269,253,318.701566
-57.713274,252,318.889954
102.762193,271,319.318559
3.40257,202,319.467304
-42.238822,227,319.859604
-71.701147,196,320.00552
-17.35069,193,320.148821
27.961465,258,320.540506
28.448237,261,320.736167
405.172935,454,321.287649
-21.660447,216,321.653095
249.849407,411,322.187423
-50.669492,171,322.316362
687.619883,627,322.977497
-72.72302,208,323.327689
201.256656,330,323.57553
1642.760929,1000,324.773959
-75.045595,214,325.158963
555.929055,548,325.765794
9.127436,253,325.953678
449.831656,470,326.502754
577.176996,670,327.229712
1036.334753,803,328.27761
1712.691463,1000,329.481059
-44.444574,243,329.662236
714.268612,682,330.599805
392.665174,517,331.206678
-156.459751,137,331.30928
61.04923,299,331.62636
-131.004149,130,331.723821
-110.613689,165,331.846869
390.404146,504,332.31625
-174.590537,146,332.425103
20.372812,228,332.687944
1.402413,236,332.862509
89.910512,292,333.276571
673.031986,713,333.900027
281.856016,442,334.324956
-105.099724,245,334.601153
381.232535,481,335.051771
282.338431,418,335.364182
-135.526131,147,335.568444
250.360363,388,335.85601
161.918219,383,336.233144
436.466649,487,336.688818
313.471017,440,337.108306
833.323778,686,337.715593
-34.727692,252,337.995651
133.348119,365,338.265879
-39.196513,232,338.528152
1753.118372,1000,339.462956
1761.616211,1000,340.398664
198.501869,377,340.772124
1601.888257,1000,341.841783
733.601795,642,342.416425
19.596776,308,342.646203
744.092555,681,343.337707
1647.180928,1000,344.27282
-166.497957,169,344.398417
136.783821,379,344.773448
70.177486,328,345.016171
1559.02908,1000,345.956408
88.520978,284,346.263019
46.954842,261,346.456876
167.946694,278,346.75666
532.21679,568,347.273636
1830.849582,1000,348.204468
432.189541,464,348.643097
879.109005,694,349.264938
535.916853,546,349.767466
623.234323,599,350.3106
258.263445,349,350.663878
1908.842115,1000,351.838854
1077.452993,721,352.565939
45.552532,271,352.76945
1545.62805,975,353.713086
1921.54834,1000,354.773389
1318.813443,903,355.636266
458.95397,492,356.09981
1438.54511,925,356.892535
956.773959,731,357.846411
899.732258,741,358.4931
510.956425,528,358.984085
1380.703238,881,359.835047
1063.097145,809,360.631895
1996.186832,1000,361.582922
1184.341072,793,362.270156
1343.344193,861,363.100083
858.609517,611,363.775776
1490.814433,890,364.87361
1605.097615,942,366.013528
434.04029,404,367.610566
140.623065,301,368.055272
1593.351197,969,369.222283
416.892798,427,369.779916
904.225166,673,370.509732
1013.557632,670,371.260271
854.531477,587,371.924771
293.002712,372,372.419734
18.849641,234,372.797831
174.044306,340,373.05022
404.065577,365,373.494334
1627.854236,951,374.637278
-116.080654,185,374.775928
280.992847,319,375.248801
396.685078,377,375.757746
582.998671,473,376.324338
181.339653,302,376.552824
208.617755,285,376.991534
815.965707,553,377.6338
844.895823,614,378.294315
344.777816,369,378.798337
30.37371,240,378.978271
-85.729275,192,379.330264
-190.578279,150,379.443151
-119.2579,180,379.578533
302.703304,335,380.053422
126.193891,259,380.248987
187.573939,324,380.716037
-77.420478,186,380.856105
996.151811,631,381.798746
144.641298,303,382.030836
103.244845,283,382.449261
160.580433,299,382.674696
329.101896,358,383.178355
-119.808933,185,383.316336
1303.974248,809,384.376745
1092.93363,707,385.134618
-21.734045,214,385.521306
406.854394,403,386.047838
177.658378,316,386.285232
904.715035,576,386.942743
-154.552951,178,387.168522
2179.37922,1000,388.129383
694.82535,523,388.617938
352.20986,359,388.890574
-8.837516,194,389.129186
887.206512,690,389.740345
1454.324698,890,390.596648
85.378641,236,390.773989
15.85689,229,391.040548
428.386966,543,391.646308
566.162175,522,392.234013
-92.277049,190,392.377031
212.332491,355,392.847273
451.500618,534,393.472989
-46.162281,165,393.597067
526.129052,512,394.07499
-85.234516,174,394.301075
-225.530068,145,394.411434
-107.995253,207,394.566975
21.204056,254,394.849975
656.687448,632,395.420514
44.459725,226,395.590631
-192.665852,122,395.775528
41.605175,228,395.947107
83.114347,332,396.2893
1759.262331,1000,397.231214
93.017406,313,397.466605
134.517882,302,397.786778
1992.755888,1000,398.737413
207.904467,298,398.961713
455.273441,451,399.500144
263.366006,357,399.862085
485.536912,476,400.313501
858.836676,655,400.896128
1135.660257,778,401.666122
24.470875,248,401.852407
-88.42944,194,402.090626
649.373766,529,402.582378
1168.98082,762,403.246614
556.275603,456,403.682718
143.383909,297,403.996232
243.834611,317,404.236344
-58.474707,219,404.49341
213.051917,350,404.756402
428.402786,393,405.147201
-51.789172,189,405.288563
-1.075496,224,405.549458
152.176458,289,405.766499
1223.166896,872,406.605864
1087.894099,705,407.320417
158.328484,289,407.541337
-19.341569,213,407.701399
-26.717831,213,407.981856
38.29853,228,408.155896
234.450067,314,408.484574
522.846717,480,408.941282
255.387206,357,409.304865
2.288686,219,409.47104
457.287367,411,409.875287
184.491447,314,410.113728
138.380757,278,410.417217
587.653223,510,410.893697
123.021788,278,411.196333
380.229841,395,411.499124
532.833062,470,412.070363
486.682123,463,412.517861
137.632373,300,412.83727
420.537293,420,413.249724
314.812214,357,413.520527
2180.393956,1000,414.468667
127.339614,278,414.772052
438.434962,461,415.213806
2089.887914,1000,416.159178
299.468448,368,416.436929
21.279037,278,416.738483
208.178083,314,416.97391
1983.076971,1000,417.995087
88.572616,300,418.312478
310.301335,434,418.738067
640.880007,594,420.439031
-27.305549,204,420.593803
1123.81403,891,421.581479
102.715155,344,421.932865
-9.287322,228,422.105141
488.129915,523,422.698895
147.166116,259,423.118554
753.707021,631,423.826831
506.197603,560,424.475819
132.483225,365,424.976138
899.511921,714,425.73941
97.348882,288,426.183541
1692.881736,1000,427.371371
-28.865283,220,427.538989
39.1916,291,427.968975
-43.260985,169,428.096018
275.387151,444,428.656101
1051.740531,830,429.755702
-37.745593,165,429.885691
254.237345,452,430.452529
851.316874,666,431.182948
14.033047,283,431.60734
211.783467,312,431.843133
326.934337,402,432.370552
70.015657,245,432.554835
-62.461186,179,432.926353
-4.749165,237,433.106442
1824.646357,1000,434.139107
-106.939059,190,434.377748
1739.427351,1000,435.315323
51.074615,256,435.509706
-0.118466,239,435.781144
69.364644,295,436.002559
575.186548,606,436.551065
-94.948053,192,436.789325
531.097911,576,437.316669
361.656253,544,437.81986
210.066047,376,438.193271
51.568289,325,438.439331
202.349728,402,438.840677
284.072114,466,439.292015
628.588697,584,439.940121
-67.319456,179,440.074134
417.514047,467,440.632282
-138.557844,195,441.002296
1050.663133,872,441.886261
544.424918,554,442.537511
299.203866,466,443.134298
510.831737,583,443.892403
439.857765,629,444.58853
192.819864,417,445.126695
74.454293,390,445.421785
106.112692,443,445.980417
467.292572,609,446.649901
192.446002,433,447.181358
190.803166,450,447.74979
128.576504,358,448.224257
1511.918608,1000,449.418732
203.616796,508,450.007059
173.746896,376,450.290911
-42.45587,301,450.726615
881.381405,787,451.785582
-53.696352,341,452.043999
-45.829955,238,452.449613
385.861667,559,453.101159
-1.606596,275,453.311398
59.310907,307,453.637202
70.698044,336,453.98426
1470.689207,1000,454.931784
-101.610137,250,455.120379
-91.920938,177,455.253794
173.753644,375,455.633311
-113.006517,176,455.858934
-98.835972,190,456.004087
146.634018,340,456.359894
25.625483,266,456.561988
72.822456,314,456.895005
43.084716,347,457.157917
62.2954,309,457.484522
598.992414,741,458.144665
348.899883,582,459.034405
-61.806882,344,459.29949
146.925093,477,459.888241
91.491794,439,460.450053
278.224915,499,461.053176
343.471821,541,461.700667
335.290215,564,462.333504
1372.450258,1000,463.532401
-57.042406,381,464.049139
103.805511,358,464.549312
142.263437,393,464.848042
-128.838908,166,465.175253
211.310923,482,465.768288
396.533017,584,466.445419
245.815955,437,467.011291
1555.06771,1000,468.224495
327.384884,448,468.568924
314.058134,485,469.164721
58.308466,272,469.574023
-218.805269,149,469.68798
-102.929528,192,470.033965
27.181125,313,470.271993
22.825017,250,470.684242
-30.278012,233,470.861362
314.4988,561,471.51097
1.854959,315,471.95331
-8.406112,239,472.133078
545.937449,701,473.112097
205.403225,393,473.411471
24.287342,239,473.830092
-96.053255,159,473.950253
19.191034,280,474.385762
-122.298462,173,474.515812
-138.904714,214,474.677
66.945609,262,475.098696
606.820344,648,475.817415
1420.286305,1000,477.599906
328.726763,471,478.185339
23.059737,373,478.688959
-112.521549,169,478.816714
-101.461305,163,479.158699
128.314498,360,479.434073
27.331274,379,479.944459
186.193008,445,480.496469
-24.540516,354,480.929836
-59.325093,165,481.058971
728.911128,646,481.771719
611.918922,657,482.360245
35.835838,284,482.666546
74.269988,351,483.024689
109.842842,269,483.226876
1004.849959,823,484.261595
499.643625,592,484.942788
-68.335768,243,485.127996
1479.112164,1000,486.326739
-113.937395,285,486.764132
193.095456,469,487.31935
664.38704,644,488.000179
1474.900955,1000,489.214838
295.246287,548,489.829507
1032.21697,938,490.857779
22.68996,243,491.040165
-89.573674,230,491.43584
99.123818,324,491.681475
1370.287993,1000,492.850835
852.176909,847,493.939611
353.765268,501,494.528013
2.877743,293,494.958265
115.661061,326,495.205488
-40.461143,328,495.676534
592.688267,690,496.404218
685.769542,716,497.239682
1430.304993,1000,498.427784
606.151145,704,499.15909
1700.252373,1000,500.371076
96.51775,465,500.816774
523.928214,591,501.463314
91.302722,376,501.947516
194.678879,489,502.53603
851.003042,762,503.341218
910.409764,873,504.438915
902.218364,779,505.253023
1615.75404,1000,506.460108
961.657615,802,507.487999
-61.637872,295,507.711206
-119.078161,219,508.073325
112.228253,367,508.578642
25.101597,310,508.815002
323.603654,576,509.477889
612.663791,624,510.401793
274.327698,481,510.96725
85.953428,274,511.178178
139.649961,368,511.65888
200.276483,447,512.202264
191.434922,376,512.49193
899.485853,838,513.588944
-47.971854,197,513.738041
-133.874215,183,514.077615
28.962864,303,514.307676
-167.352206,130,514.613904
30.143609,351,514.878788
24.344386,341,515.360388
1125.300392,901,516.489131
134.597444,285,516.704483
623.352426,653,517.584932
14.649155,244,517.770587
1099.61262,999,518.982022
8.414709,234,519.161443
286.573957,458,519.715177
125.186634,326,520.162041
73.454929,348,520.626286
-53.256043,244,520.811678
1645.66492,1000,522.019143
-62.43232,242,522.408487
485.4648,623,523.079931
-153.195717,141,523.186049
-79.534395,187,523.327011
-153.083007,143,523.659134
36.619899,328,523.909239
-23.576906,233,524.283856
282.46056,374,524.789227
-26.302729,206,524.947496
-73.002616,218,525.112128
-36.158435,291,525.546344
-153.518587,153,525.661201
-18.293022,206,526.024746
-12.602893,199,526.174488
146.960931,314,526.610792
241.12759,391,526.908107
50.668847,286,527.292051
-148.598967,156,527.409457
-167.395798,131,527.728304
-132.834193,185,527.870843
146.354851,309,528.103294
-9.752684,232,528.477433
-111.766807,170,528.605838
86.825921,299,529.06528
-15.285236,226,529.238021
-33.732167,220,529.630407
-27.349386,221,529.79934
123.089482,304,530.232475
-111.742452,185,530.373034
-47.410014,194,530.518412
-23.713754,209,530.877463
-94.607893,201,531.030011
0.730633,364,531.510005
-53.481575,225,531.680417
-102.581801,158,532.036586
94.282943,303,532.267017
-99.321014,158,532.611964
267.690788,378,532.901792
3.637536,238,533.307898
-28.445014,215,533.471029
5.539734,279,533.908433
-8.539871,242,534.092472
-0.063449,240,534.459974
-63.112839,214,534.622367
-14.526899,244,535.031333
-89.459401,207,535.189911
-47.691386,229,536.051285
49.000564,278,536.486629
-153.96769,136,536.589094
327.887648,413,537.106566
-9.288208,231,537.521518
441.033805,474,537.883888
-14.627555,225,538.273519
-24.306446,205,538.428752
22.24215,250,538.842165
-61.239025,218,539.007068
-59.90986,264,539.303587
-160.561204,134,539.405126
-22.591822,203,539.558904
-82.33003,187,539.792641
-1.90192,206,539.948766
-0.055422,205,540.195786
240.445927,388,540.49194
-44.547517,203,540.740131
-33.433993,233,540.918107
-15.12537,226,541.183857
548.519774,571,541.713192
156.450608,312,541.949823
401.300814,443,542.380926
12.444246,205,542.629231
13.624461,280,542.842638
1612.255442,1000,543.879206
126.725787,280,544.317072
77.033955,290,544.543087
467.620094,481,545.136814
537.019763,567,545.662711
738.253853,894,546.530213
522.495946,615,547.195733
-30.04415,257,547.483056
-11.942594,235,547.661496
25.763279,252,547.957626
31.734066,270,548.163226
37.100132,316,548.497358
8.967979,237,548.676935
134.862153,408,549.189427
73.097948,356,549.555996
15.968539,274,549.764205
38.969638,330,550.108831
151.415277,364,550.479305
12.067038,249,550.669133
314.19238,416,551.079956
162.322729,396,551.474496
230.099994,422,551.888348
31.664083,284,552.103361
374.331873,454,552.544495
-111.60811,166,552.669963
799.480728,822,553.515629
706.403479,663,554.146957
131.913158,411,554.555012
1135.445401,931,555.452806
267.983325,457,555.896387
1816.787321,1000,556.850552
87.053643,285,557.067291
91.642632,322,557.405354
531.110556,645,557.996218
627.604708,639,558.577039
-80.468078,213,558.833867
113.848912,356,559.198707
-1.971982,282,559.411877
622.618503,594,559.957987
529.734353,563,560.482043
231.643714,408,560.88641
132.161724,424,561.304461
135.249105,324,561.645844
1114.576971,869,562.491874
317.589934,438,563.053958
8.183543,218,563.314558
139.330527,400,563.620946
634.736489,654,564.309543
108.423716,335,564.5656
23.386607,245,564.846672
1540.32408,1000,565.79905
748.947851,667,566.40183
1174.427679,893,567.271188
104.941301,349,567.53789
247.10535,397,567.933372
83.140027,345,568.287834
-189.796171,198,568.43886
65.795035,320,568.776448
-162.263533,154,568.893745
-4.462221,300,569.346436
-214.345039,164,569.471577
954.089372,759,570.348528
17.459533,278,570.565492
583.973365,600,571.217723
453.615422,523,571.7103
205.870704,363,572.184474
359.600503,476,572.642075
666.653273,709,573.276475
635.150617,674,573.979488
52.713274,311,574.221655
222.733951,382,574.735823
217.730523,422,575.285467
105.699165,284,575.501863
-53.148071,259,575.907641
54.645212,277,576.118703
259.438207,401,576.515604
377.960384,454,576.953308
-76.14671,231,577.218368
235.752213,389,577.514601
342.24286,464,577.959671
558.429017,573,578.491287
117.942643,338,578.841299
139.902524,410,579.249485
186.633341,485,579.713366
6.716987,229,579.887701
-78.763309,276,580.192514
-63.304325,211,580.352305
65.594962,276,580.655122
177.370779,394,580.958186
325.061769,434,581.383035
0.902597,265,581.677957
33.25367,248,581.866436
452.566826,522,582.357913
139.296128,344,582.714199
97.497185,280,583.021272
194.365065,309,583.258988
100.675967,250,583.542042
51.83956,255,583.736747
24.245209,232,584.006872
537.494834,575,584.541789
339.229515,466,584.989517
93.852328,263,585.197707
151.625174,301,585.521139
458.748714,465,586.762644
104.248392,290,586.983121
16.450538,255,587.272003
1041.52614,821,587.990837
-16.609015,267,588.287309
1722.456011,1000,589.245485
85.115992,273,589.45547
75.526311,259,589.745623
-29.97177,188,589.888864
273.322683,407,590.295339
-8.566982,233,590.473751
68.877801,243,590.752425
244.447508,402,591.154683
139.028686,434,591.581369
91.442949,266,591.784736
215.462728,422,592.201216
115.959828,274,592.412005
1677.531941,1000,593.364484
85.409116,254,593.654001
466.053235,544,594.164162
75.268461,259,594.361974
88.878004,274,594.66887
209.498743,377,595.054923
377.258263,472,595.508662
322.255067,390,595.80639
64.715057,274,596.21112
96.60204,416,596.623347
547.553685,568,597.153079
-84.72434,189,597.297818
469.764267,536,597.804519
261.743998,472,598.261566
702.002218,720,598.99819
1366.09531,953,599.825353
184.067092,328,600.170865
1797.762406,1000,601.139961
1126.394987,925,602.034447
819.439237,695,602.659224
181.999948,324,602.997548
423.163785,420,603.413596
1170.191453,888,604.188647
-99.127361,201,604.435872
290.575949,400,604.833725
131.022658,295,605.059596
-4.250145,263,605.355007
-74.263136,220,605.523019
713.698855,640,606.103954
315.27443,410,606.510112
276.733654,370,606.884075
222.159005,370,607.259364
159.309895,296,607.48667
408.771781,441,607.917676
256.28059,394,608.312338
-45.111494,201,608.465302
1634.888848,1000,609.414896
648.195529,568,609.94229
518.69152,543,610.451815
320.716104,419,610.864652
452.071237,470,611.3184
513.491461,535,611.818908
308.370205,394,612.210216
964.217153,729,612.859848
585.770544,542,613.366535
-5.490736,205,613.61353
-87.635082,166,613.739881
314.173107,433,614.165155
240.166364,426,614.583605
573.674626,548,615.096771
878.990431,740,615.863142
819.012637,740,616.617285
1178.756351,806,617.323471
-63.149242,168,617.54285
8.667805,238,617.723496
10.219914,215,617.885775
697.569711,550,618.490977
472.076141,444,618.833611
615.82286,605,619.483562
110.965502,353,619.752056
266.048174,361,620.120277
197.096403,421,620.638192
98.820308,332,620.890302
222.438302,401,621.289004
-56.860768,239,621.565013
297.764621,436,621.990135
138.401855,343,622.251652
1123.038038,866,623.094667
66.991865,351,623.454041
62.175705,283,623.66939
-89.857249,185,623.903371
840.888397,710,624.643466
-48.378571,225,624.81302
291.278263,441,625.241815
80.36539,288,625.55455
-110.327361,252,625.744871
435.156403,516,626.232031
668.923897,557,626.747411
17.41066,275,627.049184
526.052721,525,627.556746
238.45139,397,627.952179
231.517175,397,628.25424
60.503406,300,628.574732
121.626799,335,628.920944
218.019161,393,629.22103
57.36222,289,629.533149
134.632979,333,629.878576
87.487094,330,630.128816
-51.269328,251,630.413176
113.66912,336,630.862459
30.013527,273,631.072955
69.156098,287,631.383718
671.264022,578,631.915671
589.022944,605,632.465176
284.314787,380,632.84522
295.833529,399,633.146678
271.642772,386,633.531463
408.135347,508,634.008344
220.661297,405,636.289344
886.230843,827,637.09728
1004.127513,862,637.839769
976.069891,766,638.614896
1849.691274,1000,639.570232
1865.67103,1000,640.519037
1790.199887,1000,641.454266
232.376655,361,641.729853
1908.63179,1000,642.675916
752.552511,566,643.195247
1201.403233,852,644.023022
1759.404651,1000,644.962842
40.092866,309,645.290804
2042.567153,1000,646.23068
1917.209983,1000,647.164061
1955.716093,1000,648.084848
2040.492236,1000,649.031536
468.355319,467,649.475493
486.990387,539,649.968103
2048.230251,1000,650.901365
2117.349079,1000,651.837138
1385.251372,985,652.765266
665.917483,572,653.284983
1580.185856,994,654.216529
638.421933,559,654.72595
-6.028669,197,654.965425
2078.691328,1000,655.900499
517.996334,524,656.38508
1875.146734,1000,657.339879
1006.714994,731,657.982416
371.944465,422,658.390583
521.184966,498,658.854383
2138.455973,1000,659.79002
235.981093,365,660.155441
2115.339651,1000,661.196856
171.783035,344,661.456437
2004.326854,1000,662.390908
1980.374898,1000,663.330638
1936.59905,1000,664.273416
-6.976891,184,664.412149
2049.687401,1000,665.351842
919.408866,621,666.004109
1965.883678,1000,666.945615
2158.608449,1000,667.796811
882.219666,612,668.442464
435.509967,379,668.727756
-13.517873,187,668.962913
1099.386183,700,669.587291
1293.569065,914,670.461962
1297.736321,808,671.254388
2019.409571,1000,672.096931
1987.061543,1000,673.03376
71.314891,233,673.30215
2013.320804,1000,674.236895
1212.323311,785,674.921549
296.001588,430,675.451786
1841.617152,1000,676.387248
1075.635687,722,677.199333
1339.006449,819,677.906584
1974.057255,1000,678.842651
2050.459039,1000,679.774715
1060.378367,764,680.540643
711.102057,616,681.094655
1223.650647,867,681.844436
361.338407,436,682.288658
1121.094222,727,683.016689
170.375818,392,686.816099
1933.079406,1000,687.800495
1344.18797,913,688.800546
212.639019,277,689.102718
2023.192829,1000,690.038096
1801.007861,1000,690.972156
1007.539328,843,691.816334
881.640216,664,692.500081
1822.809754,1000,693.438741
91.091951,281,693.649883
940.945714,678,694.252145
310.463812,380,694.635893
254.434136,429,695.049376
-12.628922,182,695.18568
827.278022,613,695.830068
945.260059,706,696.45155
1893.809356,1000,697.516459
1937.128902,1000,698.556668
293.673183,374,699.047719
-15.173659,204,699.200397
212.02101,363,699.646866
1737.087665,1000,700.834868
470.933975,468,701.417414
138.91413,332,701.66809
42.708759,321,702.110159
638.094903,524,702.724099
1814.9706,1000,703.923849
-96.145651,193,704.07055
170.553955,288,704.510057
288.302116,441,705.041296
1447.501814,906,705.945109
1327.814603,817,707.012632
163.943812,292,707.46366
265.467738,324,707.711087
639.124465,505,708.31493
758.886028,546,708.927889
2116.945519,1000,710.128357
1552.859401,902,711.235208
-0.474874,261,711.432816
179.785061,290,711.892055
1526.331873,989,713.067191
1758.962952,1000,714.252112
862.114758,620,714.919304
1038.038808,760,715.940057
-41.635498,271,716.144465
458.36373,515,716.73238
261.47777,410,717.241446
77.603535,330,717.712177
481.797278,495,718.305024
764.439122,590,718.952003
-24.787595,184,719.090556
501.329813,490,719.68271
1796.888139,1000,720.897854
-100.073203,166,721.0222
-70.215499,209,721.402226
1694.860484,1000,722.561245
673.507916,620,723.246805
2067.802496,1000,724.343676
457.185844,527,724.851416
2057.910769,1000,725.783503
680.177328,590,726.316856
114.303192,266,726.515564
900.892449,628,727.175341
212.711444,348,727.43624
759.753534,590,728.06409
-8.989925,207,728.219037
246.537446,401,728.610369
1766.356319,1000,729.560396
784.988992,635,730.12565
137.92863,274,730.329577
654.180309,548,730.925956
125.188895,325,731.167614
690.763351,508,731.64113
-36.990143,177,731.865578
910.830205,593,732.406227
522.094443,445,732.831785
510.037116,459,733.173528
72.565526,265,733.463614
197.539726,351,733.817882
49.113713,289,734.033932
364.065959,422,734.571508
1188.705862,844,735.64236
904.448239,853,736.487863
631.7119,498,737.090305
262.761632,346,737.583689
500.407281,493,738.155365
-66.363695,175,738.285995
423.678532,492,738.883074
386.645088,447,739.421863
751.768073,601,740.100205
-14.716289,210,741.099011
44.827267,256,741.292485
31.373554,256,741.712268
-132.963125,141,741.817908
18.755033,281,742.253524
-157.976558,168,742.381944
429.356863,442,742.936263
443.818264,606,743.615631
301.191739,422,744.169506
312.541821,483,744.775615
302.604443,396,745.072181
1782.042754,1000,746.11951
61.084505,245,746.499432
179.452329,399,747.020488
280.545809,405,747.324379
39.26209,237,747.734798
724.203709,763,748.548091
893.089965,714,749.535349
625.150753,615,750.219159
61.379568,303,750.673574
1705.74815,1000,751.851792
1571.530605,1000,753.016361
150.338042,294,753.257606
1790.267703,1000,754.199581
1150.715763,841,755.020243
1623.673145,1000,755.957957
1382.27464,1000,756.907498
283.510734,328,757.154376
416.399684,437,757.576511
820.770314,594,758.115224
440.792869,450,758.55049
288.337792,408,758.952197
826.298576,562,759.473039
1856.099177,1000,760.418993
45.191686,256,760.611835
1015.438821,810,761.407761
337.224744,382,761.78792
1030.161553,754,762.457788
231.152146,320,762.792273
-51.782434,219,762.9561
103.665817,274,763.254472
298.027145,381,763.633233
752.423217,592,764.171259
1547.197773,1000,765.108585
1702.326216,1000,766.04652
1918.893803,1000,766.985265
2043.11225,1000,767.919899
770.869077,573,768.440089
1417.989156,921,769.224433
84.035505,265,769.519195
631.856538,577,770.161982
1984.468536,1000,771.367344
1022.622606,781,772.395361
268.39206,367,772.671199
957.646521,849,773.704245
1771.58908,1000,774.645107
-87.655717,184,774.78256
1643.756806,1000,775.722728
-140.649228,164,775.937682
111.801949,307,776.166359
58.874238,251,776.448059
44.744063,280,776.659163
699.363223,722,777.632998
335.223287,427,777.953597
1705.316689,1000,778.889703
77.106508,302,779.214185
133.490044,321,779.651664
1346.011995,1000,780.600194
155.919277,326,780.846021
1586.222309,1000,781.779471
235.239521,363,782.14495
883.692308,669,782.754261
114.642663,295,783.067772
343.487683,415,783.471262
1263.563865,1000,784.411704
-39.720172,242,784.595706
1750.442411,1000,785.534582
1932.048202,1000,786.471321
-22.656127,238,786.653919
766.164135,659,787.335393
1954.834061,1000,788.273641
-80.033047,220,788.438605
410.227745,436,788.859696
101.801626,310,789.094985
6.207089,268,789.394006
1883.141877,1000,790.332905
343.071717,422,790.746729
980.064356,834,794.978415
982.848781,733,795.824951
670.761528,542,796.426208
1761.555618,1000,797.628941
2114.138002,1000,798.814818
1443.416635,1000,799.978819
1417.59533,980,801.169213
589.228172,604,801.848215
1795.853505,1000,803.054386
255.541509,362,803.548919
385.176957,427,803.869312
339.065805,452,804.418141
808.127288,697,805.12941
353.937365,436,805.458647
46.34654,258,805.77596
982.984435,873,806.646521
599.735162,543,807.14635
604.681109,580,807.676991
397.669128,501,808.148514
577.168887,586,808.680279
1638.466691,1000,809.617644
820.070169,694,810.234754
1662.696926,1000,811.171372
472.476837,503,811.643611
1623.546529,1000,812.580443
364.287409,447,813.009409
281.587815,410,813.409976
1088.73991,911,814.286229
1874.487061,1000,815.233333
67.059038,287,815.446689
312.386031,417,815.852216
175.582532,357,816.213163
1679.524811,1000,817.161001
237.167369,439,817.489237
249.24788,419,817.898277
409.664107,468,818.342583
317.901434,441,818.766049
1709.120562,1000,819.711765
449.130592,506,820.188938
1758.04593,1000,821.128757
660.060653,541,821.628612
-265.989931,184,821.766811
987.316632,863,822.601834
460.241564,487,823.06376
248.137155,340,823.414901
-182.408029,192,823.559137
702.134446,605,824.106426
1605.192944,1000,825.044064
-231.102451,164,825.168379
-252.628694,173,825.392552
-257.062993,176,825.525466
540.184218,533,826.018311
1683.104495,1000,826.956244
808.82262,675,827.678756
607.97177,694,828.656872
691.602344,697,829.276406
125.466135,319,829.607653
649.94592,595,830.143388
302.982619,422,830.550235
94.26826,340,830.805794
43.747266,251,831.196143
154.862976,323,831.531184
271.014144,424,831.851768
177.057867,340,832.199962
797.904068,701,832.926119
271.069504,400,833.454379
-263.257939,185,833.792115
-197.061679,232,833.965685
385.969873,523,834.582112
0.833238,361,835.052582
186.798177,418,835.594815
-122.130897,264,835.793037
-213.038297,199,836.032587
-271.96617,189,836.175627
-31.113879,226,836.345105
550.635849,521,836.828943
1492.212551,1000,837.869513
52.313112,264,838.15746
305.177973,417,838.564348
250.166888,351,838.827905
-79.876804,264,839.12009
223.745732,395,839.510954
-122.811566,211,839.669641
527.544179,564,840.182273
266.310261,406,840.578679
279.415226,416,840.986069
45.270399,276,841.193079
531.579901,540,841.790189
321.744197,434,842.206661
-66.939697,208,842.457091
-89.7683,291,842.675802
540.887591,804,843.465854
39.372924,343,843.724212
101.764116,295,844.041505
281.461044,430,844.593264
-58.862686,327,844.839596
179.824273,341,846.226659
249.296994,344,846.682931
33.289737,263,846.881352
248.123454,414,847.417382
28.992166,323,847.892375
125.500248,330,848.14125
699.171919,753,848.890638
-54.152676,217,849.053862
-68.21403,366,849.428362
785.900266,867,850.364837
-51.694609,289,850.579987
48.113216,250,850.859076
361.936685,421,851.265943
169.546058,325,851.508803
-22.21439,254,851.790183
186.999142,351,852.052042
211.938196,391,852.433863
452.561901,504,852.903738
190.05975,357,853.262253
398.427074,463,853.701406
-77.83681,254,853.893494
336.769528,423,854.377439
-122.980842,180,854.511205
223.668756,352,854.865462
-113.470705,163,854.986217
614.204893,729,855.717928
-71.06412,240,855.899915
260.137625,398,856.286827
147.648541,337,856.629897
30.312795,263,856.825413
34.58623,272,857.118727
226.356453,340,857.373745
383.641477,435,857.791423
139.72649,347,858.142985
-119.752043,172,858.271813
223.620025,576,858.895042
493.55598,537,859.389856
1494.714332,1000,860.326797
330.339685,444,860.856886
38.292596,248,861.134873
-11.12775,253,861.324008
74.910541,278,861.634739
249.554173,374,862.009351
13.282501,258,862.205385
702.739281,615,862.759912
107.598413,295,863.072941
204.846768,347,863.333765
798.127398,724,864.168719
-141.551731,163,864.291286
380.766255,497,864.757944
276.911533,374,865.133254
-136.478638,190,865.275481
134.923684,322,865.609159
-179.673066,158,865.726502
180.502709,392,866.114452
-126.477336,162,866.235117
50.315892,326,866.56882
182.733129,429,866.982915
-23.887011,206,867.135619
6.322122,261,867.424452
-14.082955,247,867.607893
2.87231,256,867.89332
-108.262761,164,868.016394
27.827247,268,868.313092
21.32088,233,868.48864
18.235329,257,868.679962
85.541786,337,869.024846
-54.90126,209,869.275247
-205.373764,168,869.400269
-85.034312,187,869.539486
-159.459516,162,869.7543
46.039786,268,869.954039
355.692957,407,870.35309
219.222119,356,870.712307
-10.585227,246,870.896421
303.471054,405,871.288816
-14.024256,263,871.48505
17.317351,266,871.775475
5.172635,268,871.975313
70.57458,281,872.275661
163.516632,332,872.613601
-36.366938,200,872.762458
14.575729,249,872.948946
393.755555,427,873.360677
-70.464206,212,873.610177
777.688739,788,874.297697
754.30729,730,875.030699
1.729855,269,875.231016
-13.577038,263,875.51908
412.593761,507,875.986646
17.819515,279,876.194492
663.666265,720,876.919695
-143.979789,173,877.048788
110.22699,336,877.396223
-116.090759,197,877.542592
37.39188,269,877.83588
-21.744251,267,878.036218
188.57595,359,878.396516
24.610587,261,878.592302
47.423826,302,878.909138
-188.926618,166,879.031891
-96.865527,193,879.268631
13.082627,275,879.474472
120.510231,298,879.789987
45.343541,273,879.993779
145.861724,348,880.453698
-164.753595,170,880.58125
606.866581,664,881.268153
-161.001256,168,881.394998
191.470896,353,881.865469
352.627472,455,882.205104
8.761542,292,882.518299
-45.105518,266,882.808878
-112.843186,197,882.956567
190.364125,339,883.30228
190.13625,343,883.560028
310.214725,487,884.0146
383.639349,436,884.433848
-152.970908,163,884.555528
17.815557,292,884.863579
363.101464,505,885.33578
42.362209,279,885.543602
34.996313,266,885.834973
231.168953,359,886.195114
610.698232,693,886.810712
-115.021881,189,886.951658
11.491753,272,887.246637
129.044156,323,887.581965
-113.216795,189,887.723788
481.519977,525,888.21035
-0.030673,257,888.402885
-0.533607,272,888.699952
-113.359815,185,888.838498
378.376715,468,889.28287
7.933113,296,889.594772
60.513838,269,889.794731
-142.070656,162,890.005819
106.575402,334,890.254713
193.68744,354,890.609785
-140.952514,162,890.730783
-189.353331,171,890.947301
175.524505,435,891.362368
-8.764364,260,891.555566
-118.365005,188,891.694213
154.970869,381,892.069386
-166.958788,156,892.184669
29.225093,260,892.469022
35.005286,260,892.6629
315.440737,458,893.098319
-100.553015,213,893.408798
242.791151,426,893.820504
194.02493,362,895.806296
35.327893,253,896.088316
1443.030808,1000,897.024622
34.211061,260,897.218677
9.538296,252,897.500154
182.870355,354,897.764517
57.750887,261,898.056016
165.436593,343,898.403004
302.305993,420,898.719364
123.869245,327,899.162717
-129.409888,150,899.274896
160.126947,306,899.59372
569.919186,677,900.191672
-255.4707,183,900.534512
1074.436392,923,901.317573
150.277956,379,901.691338
734.823878,830,902.600864
48.06583,262,902.796752
245.454326,354,903.153187
749.787282,685,903.82024
-115.358214,168,904.036651
208.287698,396,904.336814
1618.817157,1000,905.371772
546.17194,667,906.058846
-182.154193,154,906.173153
552.262761,529,906.673672
114.669347,293,906.98404
21.948834,254,907.173705
67.567233,291,907.486168
284.108719,485,908.035851
-136.725773,204,908.192256
115.120636,286,908.629874
869.945425,811,909.459605
62.949245,258,909.869039
62.821578,315,910.106237
529.151082,529,910.707656
225.848958,362,911.070474
-176.398548,176,911.200731
207.926735,337,911.5448
169.73933,341,911.889552
693.417779,686,912.496486
217.44249,357,912.857245
220.709655,361,913.127174
194.286565,331,913.467605
86.18516,435,913.885769
-182.605328,129,913.981059
-210.382342,146,914.182502
81.781002,318,914.420411
46.504279,252,914.70153
143.300766,315,914.935855
-153.387998,165,915.151117
394.108083,567,915.66429
49.11763,252,915.854959
101.801197,303,916.175882
-27.984744,255,916.364829
-281.532055,147,916.564595
-154.817118,162,916.685037
-209.848329,129,916.780211
20.193013,248,917.057039
13.337709,267,917.255663
49.432521,270,917.547813
-42.131306,238,917.72556
-82.891629,201,917.965338
750.020336,701,918.715018
-116.082837,189,918.856193
62.362344,245,919.239357
-160.195798,170,919.366601
73.557344,336,919.818189
36.559679,271,920.021927
-46.075357,267,920.313999
199.03816,374,920.592846
-53.713532,256,920.874717
-5.417404,249,921.061198
19.688066,283,921.365193
-60.059935,240,921.54388
50.722012,332,921.884154
265.296622,524,922.371048
-146.452858,205,922.619046
236.775177,375,922.901522
-139.403431,176,923.125608
1093.808553,963,924.034899
1537.733672,1000,924.989311
1476.631956,1000,926.051006
-132.761191,181,926.280763
418.591667,661,926.877402
324.060383,524,927.497217
-121.325839,221,927.885975
30.321247,279,928.103582
455.687559,572,928.731153
394.723995,530,929.222557
259.610669,433,929.754258
140.196154,402,930.25248
79.060573,268,930.454001
-24.70777,285,930.894398
487.757524,612,931.584083
0.478194,270,931.876692
13.899435,303,932.104661
111.77233,431,932.60436
44.366535,357,933.097671
468.334564,627,933.76391
450.900968,626,934.458818
529.792044,613,935.012266
-5.593158,294,935.325422
-26.569219,279,935.629993
-133.425819,199,935.778784
1429.83987,1000,936.715909
376.588483,597,937.348069
367.771921,524,937.968052
282.288933,461,938.531872
-123.145599,204,938.683508
-71.420326,242,939.090249
-178.121733,182,939.228132
-42.142535,276,939.63502
-155.541482,175,939.766434
-49.440696,248,940.153478
-158.341589,194,940.29855
-29.35308,296,940.685194
-39.725421,285,940.899027
37.3966,290,941.34113
-184.699485,181,941.476379
-150.348226,183,941.611819
-133.204652,189,941.976421
-152.990422,190,942.118707
-140.98197,210,942.470296
-47.411883,270,942.673887
-149.965261,192,942.816972
-79.596061,264,943.223044
-160.62379,176,943.353956
88.57755,345,943.830686
93.710828,361,944.318826
-147.88995,189,944.458863
-8.973587,300,944.892016
-23.464725,247,945.076653
-145.570625,198,945.224571
-74.246087,256,945.623431
-127.753837,214,945.782807
-114.77831,238,946.053621
98.455867,376,946.431905
-132.225685,192,946.575398
-173.833825,173,947.659034
-129.351436,171,947.882973
162.170376,349,948.144263
-146.83094,188,948.382014
101.312796,399,948.680528
467.747969,608,949.324707
-113.475059,195,949.471708
-5.964569,274,949.769449
73.828157,309,949.999543
60.557696,331,950.339587
79.629302,344,950.689451
341.340592,512,951.163439
515.871985,677,951.764614
-31.451098,275,951.96873
-51.343634,257,952.252903
-37.474218,265,952.44894
82.329266,267,952.739824
236.758331,407,953.135428
-31.337249,239,953.314286
156.335222,414,953.717291
171.816707,389,954.098055
901.234993,851,954.833351
116.390464,343,955.182089
20.572743,279,955.485586
168.930074,427,955.803231
96.631676,406,956.198088
316.885722,485,956.651303
-17.27157,306,956.971449
354.870384,461,957.408258
305.642936,492,957.869509
-179.480412,157,957.986129
541.132546,569,958.508026
165.31706,373,958.87827
701.796044,656,959.462278
186.801575,344,959.811502
384.376577,491,960.277191
106.834535,307,960.503747
-148.052405,274,960.802073
90.412071,333,961.049677
-84.644798,217,961.41874
28.19544,343,961.772554
21.331091,259,961.965692
-93.430993,210,962.121537
174.730342,360,962.483465
-45.425535,246,962.759161
8.443746,236,962.935942
60.179493,326,963.283331
-7.797845,250,963.469697
95.229463,341,963.818142
242.330404,469,964.364474
210.946504,368,964.732718
-142.247709,191,964.874388
233.411983,424,965.376743
-29.11488,252,965.563203
278.689381,436,966.091074
165.570241,377,966.566261
572.443806,651,967.14353
29.478442,262,967.533328
263.257808,442,967.861148
37.012748,250,968.140186
157.843239,384,968.517026
-65.309943,252,968.704552
415.917713,489,969.162718
98.090319,356,969.521219
57.02829,272,969.723364
-269.473224,190,970.066062
229.045074,367,970.338489
-219.37368,199,970.693517
4.209939,281,970.900791
-67.345364,285,971.310583
189.305344,379,971.794668
923.864614,840,972.654199
488.009883,563,973.273825
116.587046,305,973.724583
-98.339741,261,974.12119
120.218251,334,974.37089
291.166186,436,974.920532
-68.568066,241,975.323487
-268.609301,179,975.458002
172.088082,369,975.828376
-57.153147,247,976.011899
-159.970775,162,976.132251
379.708774,488,976.590729
-58.586308,258,976.875616
475.507075,762,977.542149
-168.694752,171,977.762325
-67.102453,245,977.944278
-87.272629,256,978.227819
-168.719204,153,978.341069
-83.163051,247,978.524959
-3.810237,251,978.805171
-48.349915,225,978.972621
-70.461629,206,979.218174
261.425711,414,979.619165
-44.835435,226,979.785848
-17.760715,282,980.087798
-212.215268,203,980.238943
219.150902,436,980.657272
-119.86516,177,980.790166
-171.118224,156,980.90586
63.252109,269,981.329844
-109.713843,194,981.472317
-156.332156,173,981.824806
-158.278507,161,981.94374
-55.035328,253,982.335093
122.619445,328,982.580241
2.535932,252,982.966176
-137.812214,174,983.096404
-121.949757,169,983.222104
-151.120886,166,983.572191
-191.613563,160,983.691056
-174.386348,174,983.820284
-111.270636,181,984.153123
-174.122715,156,984.269635
-167.04375,153,984.382173
-106.69493,177,984.736212
203.574971,350,984.995835
-4.056046,272,985.423176
78.041746,267,985.62139
-145.792064,172,985.945465
43.842882,332,986.19172
-152.632695,164,986.537034
-14.518902,234,986.711222
85.599136,250,987.122647
-165.575846,158,987.240896
-113.832129,258,987.434806
-158.751193,152,987.77228
67.43376,295,987.992619
-80.086441,175,988.326348
260.885269,401,988.623489
-154.978464,153,988.96053
-45.26663,202,989.108893
209.999724,322,989.550899
289.959854,426,990.088619
-175.124828,167,990.212449
116.250044,289,990.42649
-131.395036,154,990.74601
-152.872823,170,990.872741
159.321554,333,991.329075
-113.642668,203,991.478681
119.230429,284,991.926426
133.112054,353,992.187348
107.146854,288,992.637684
-182.208991,148,992.747502
-125.674493,156,993.088555
279.86045,428,993.408949
-87.110639,258,993.804888
-79.255049,249,993.989956
-125.445205,171,994.341105
-116.468408,187,994.479562
346.120768,441,994.997339
-164.585737,158,995.114312
-51.641794,208,995.478041
348.513518,442,996.028906
-78.47682,231,996.201103
-36.031538,211,996.359009
-136.637111,170,996.723646
-171.365972,167,996.847777
-157.732012,152,996.960233
329.831446,418,997.479787
-118.394191,190,997.846736
-102.24815,222,998.021293
-146.419635,152,998.134398
-3.340646,257,998.550349
-124.686942,153,998.664208
-190.327848,158,998.782202
17.9871,255,999.208144
-216.668776,117,999.294605
-152.884941,163,999.415526
-139.056211,173,999.745192
43.258095,281,1000.697856
49.579133,255,1001.122227
-154.623987,154,1001.237277
-97.354369,161,1001.357885
-82.696226,214,1001.742091
-26.211128,214,1001.901259
92.913649,302,1002.348821
-188.880253,157,1002.465415
-32.949735,216,1002.848682
-130.418981,171,1002.976912
-142.172974,180,1003.11109
-89.55795,161,1003.45623
-126.281996,158,1003.574464
-165.890327,161,1003.694719
-134.384943,187,1004.050541
-35.673388,185,1004.193285
-57.564784,256,1004.383276
-108.969262,157,1004.723652
-179.494288,156,1004.839317
-102.168032,154,1004.953595
-158.776925,145,1005.263855
-126.078783,181,1005.398575
-125.83794,154,1005.512723
-175.381972,150,1005.855261
-55.914994,246,1006.038745
-150.965568,180,1006.171347
-132.904014,151,1006.520294
364.254511,449,1007.076938
-111.774258,221,1007.242623
-33.414195,246,1007.425355
-34.829416,249,1007.849482
122.64459,338,1008.308394
54.69752,254,1008.496092
-37.79469,205,1008.842071
331.299306,492,1009.218037
-72.712122,178,1009.555848
-184.271908,149,1009.666799
-160.947024,147,1009.776325
-148.12012,164,1010.091851
-32.549844,239,1010.26973
-156.270888,183,1010.629373
-148.300797,174,1010.758628
-158.244452,145,1010.866793
-131.76891,166,1010.990788
290.048085,378,1011.497941
-135.104144,164,1011.820873
44.076028,326,1012.062617
-61.6349,254,1012.47504
519.292094,571,1013.133769
-110.387487,187,1013.27233
-114.654029,162,1013.3929
-90.916639,183,1013.760939
178.806551,356,1014.228501
22.289751,277,1014.435832
313.452005,424,1014.978645
-149.752617,185,1015.117241
-192.224801,150,1015.45209
-193.665262,215,1015.61352
373.283607,485,1016.190253
-24.061276,222,1016.358037
224.071662,366,1016.834372
-145.54401,156,1016.949927
107.30289,266,1017.373811
-90.751434,260,1017.568725
318.494838,396,1017.971942
-79.055394,182,1018.200058
-154.558518,234,1018.378307
642.764552,542,1018.878072
186.711892,328,1019.217575
391.229687,409,1019.524125
340.067128,433,1019.937688
-80.819844,229,1020.204053
322.696458,465,1020.647335
-259.36777,188,1020.788894
365.382541,447,1021.214689
-4.919565,272,1021.418208
458.169644,489,1021.876195
-186.462784,144,1022.076226
25.548363,256,1022.267615
434.289433,445,1022.694236
-121.07496,191,1022.836018
322.788939,380,1023.216671
136.216227,326,1023.55223
-78.696091,205,1023.705995
-169.961067,153,1023.913646
239.742299,373,1024.195187
-175.409164,167,1024.412445
-180.664678,157,1024.529441
-75.20438,197,1024.675729
-142.444653,137,1024.86749
203.395427,434,1025.192385
-72.63096,231,1025.457626
-151.063041,126,1025.550957
49.421272,310,1025.87271
196.93958,400,1026.17481
35.066913,269,1026.472463
-76.66265,274,1026.767431
276.351929,433,1027.09742
-203.424652,170,1027.422752
31.544567,306,1027.65554
-156.584067,165,1028.002477
-180.804568,162,1028.124659
41.556711,241,1028.30437
-173.277936,157,1028.51149
-137.767002,153,1028.62518
-71.133683,206,1028.778501
-37.062131,211,1029.161402
-87.90081,227,1029.331854
-154.098816,159,1029.5434
254.308288,424,1029.860145
638.565137,654,1030.533977
-1.135358,345,1030.790314
-60.870292,251,1031.069433
171.248655,339,1031.42345
-80.640439,250,1031.611401
-95.660908,295,1031.927605
-171.651752,148,1032.037435
141.688309,332,1032.374763
-99.954052,193,1032.517717
-180.205375,129,1032.613796
-145.568049,156,1032.72982
289.638328,419,1033.138455
-86.521107,203,1033.381641
-156.161646,165,1033.504858
-0.281721,248,1033.689419
-103.226329,265,1033.982429
137.09167,342,1034.330831
-177.516964,147,1034.440179
-155.662639,155,1034.555743
-121.175834,190,1034.7896
-179.566452,158,1034.906805
6.391528,251,1035.093286
-181.626696,151,1035.297223
-199.869155,158,1035.416639
-52.919988,261,1035.807568
-185.76063,151,1035.923102
-181.909676,147,1036.032372
-162.401514,150,1036.143531
-188.424564,170,1036.470769
-9.364585,244,1036.653671
-0.617176,243,1036.927703
-112.822962,192,1037.070073
72.538344,250,1037.350842
-174.479201,157,1037.467065
-95.361228,188,1037.606238
-138.24337,160,1037.818327
-7.30431,279,1038.026359
245.538689,421,1038.431394
-80.15824,199,1038.57934
-214.478158,134,1038.770917
143.388937,329,1039.017323
-43.593234,221,1039.274597
-88.87952,250,1039.461812
-148.868586,174,1039.591111
-154.202838,187,1039.822215
12.383198,243,1040.003677
-103.598282,210,1040.251633
-148.018419,158,1040.36885
21.070861,249,1040.555226
-110.325144,178,1040.779647
-191.535231,120,1040.869005
80.218878,350,1041.220554
112.281463,308,1041.452543
-189.135524,143,1041.652636
-150.279089,193,1041.79694
-177.118774,174,1041.929463
-222.240393,154,1042.13536
26.05486,256,1042.328222
-147.555119,159,1042.446908
-137.445728,229,1042.711826
-117.081541,182,1042.847227
26.358479,308,1043.168978
-153.794105,152,1043.282755
779.802451,856,1044.107787
-133.151853,182,1044.244936
-97.73269,194,1044.480728
-181.594203,167,1044.605351
-151.387662,151,1044.718172
-164.700939,169,1045.054719
-42.623272,207,1045.211825
248.531836,429,1045.737813
6.999323,269,1045.938844
-60.152591,254,1046.218248
153.527287,381,1046.593404
-107.082291,165,1046.717158
69.322171,285,1046.930046
350.249916,561,1047.532482
178.702972,346,1047.792447
-160.157044,253,1048.075721
99.73367,274,1048.280342
117.660862,284,1048.584368
485.179897,524,1049.069198
304.79785,416,1049.474516
196.393296,364,1049.747957
537.310822,523,1050.337013
-53.947206,230,1050.602737
-38.468874,214,1050.764351
68.088212,226,1051.131334
-146.205886,169,1051.25747
-142.808031,165,1051.381207
60.476995,271,1052.75084
52.272341,266,1052.951976
-89.09446,179,1053.312021
351.343481,466,1053.753386
-129.680026,183,1053.89351
62.19955,261,1054.090255
-128.490058,177,1054.422306
98.318314,411,1054.927376
739.378643,686,1055.534776
50.938674,263,1055.732145
-104.052537,209,1056.117571
101.885412,327,1056.570271
-147.538304,169,1056.698879
100.310319,393,1057.195086
261.130679,355,1057.463815
605.611705,522,1058.057298
135.361674,327,1058.503911
589.381471,574,1059.134151
457.820625,501,1059.716629
300.57341,414,1060.254896
-300.128642,181,1060.392404
210.519378,329,1060.844007
40.716744,257,1061.03728
40.089879,314,1061.497249
16.477712,256,1061.689329
18.773965,251,1062.077121
93.217032,415,1062.593516
1525.195963,1000,1063.642918
8.396618,272,1063.847484
18.327077,390,1064.234716
-66.860553,207,1064.390644
-29.031592,197,1064.631692
384.6843,531,1065.133678
652.79099,710,1065.761971
1555.025214,1000,1066.702731
-56.194411,305,1067.022353
1465.438955,1000,1067.963681
473.654994,515,1068.44177
-44.376184,355,1068.712265
65.150382,251,1068.993216
281.041387,440,1069.419187
223.745445,394,1069.808563
206.550565,351,1070.073202
219.785482,424,1070.486554
139.576978,346,1070.95788
661.220734,741,1071.733215
452.599994,544,1072.238637
734.201421,761,1072.996071
-29.888943,209,1073.153026
388.556614,469,1073.596876
1459.761013,1000,1074.642362
-186.316628,273,1075.070961
619.137439,796,1075.904303
1577.545771,1000,1077.101188
177.583322,354,1077.60784
1057.259729,868,1078.484797
48.39788,286,1078.902775
216.176485,346,1079.3628
71.367735,251,1079.549416
1712.46919,1000,1080.756912
822.621529,678,1081.468
-156.665726,210,1081.848599
1589.321016,1000,1082.993682
-33.007943,250,1083.182577
-154.080612,210,1083.561998
-257.890618,168,1083.688278
260.969862,352,1084.14885
1676.923199,1000,1085.086882
19.052067,260,1085.283435
604.828058,678,1085.980979
-231.267193,198,1086.128975
731.149961,656,1086.823454
-231.601819,168,1087.043656
-228.860182,181,1087.18046
189.889835,337,1087.527227
24.576557,244,1087.713903
-339.234277,176,1087.846752
-149.459345,207,1088.095255
-142.618686,237,1088.272848
-27.12391,289,1088.580351
-152.124182,223,1088.748041
-189.124726,272,1089.04425
371.822834,482,1089.499658
-259.154132,172,1089.630349
337.350412,462,1090.069952
-246.491507,190,1090.214065
741.331461,681,1090.911545
554.64825,533,1091.404317
-107.487062,251,1091.59271
30.385705,271,1091.888687
534.245509,506,1092.362579
1008.492069,843,1093.089863
-288.583525,176,1093.315296
1820.540359,1000,1094.251578
-130.304285,230,1094.423557
236.56286,434,1094.840293
-111.401747,233,1095.014373
-284.951888,182,1095.245034
898.657036,821,1095.956246
-171.964073,233,1096.222
-136.948009,206,1096.376009
-191.535362,198,1096.735374
-289.941008,165,1096.859745
-190.964761,203,1097.012106
-275.045941,152,1097.329288
-243.652384,173,1097.459881
-246.13448,163,1097.581862
-275.80123,163,1097.908518
-245.723656,160,1098.031339
-102.227492,222,1098.19804
-166.275096,200,1098.552316
-181.956231,204,1098.704214
-275.439773,153,1098.819462
-240.391913,201,1099.189994
-136.718466,213,1099.350451
-272.724578,178,1099.685676
-242.29063,174,1099.816544
-228.160176,185,1099.955143
-242.077029,166,1100.310307
-176.93102,198,1100.457787
-228.897196,166,1100.582225
-226.507909,188,1100.946923
-264.798317,159,1101.065973
-249.914282,192,1101.209143
-124.965087,217,1101.611835
-268.620435,176,1101.743981
-247.640966,185,1101.881915
-278.39133,174,1102.224813
-210.178919,198,1102.375669
-216.462058,184,1102.748317
-222.935623,181,1102.891569
-223.382039,189,1103.034379
-79.40761,224,1103.440367
-124.850837,241,1103.620767
573.779927,675,1104.551663
-222.935215,205,1104.708099
-224.916094,190,1104.851069
-207.053555,170,1105.190931
-252.730602,197,1105.33847
-234.729125,189,1106.265775
-233.353541,186,1106.617879
110.758459,422,1107.137811
-314.684563,177,1107.27079
-252.06362,205,1107.424469
16.620215,369,1107.908248
-158.783551,219,1108.072382
-234.458813,192,1108.419683
55.483679,264,1108.616582
-163.75124,209,1108.974472
-273.138399,172,1109.103946
-308.489171,168,1109.230928
513.323093,612,1110.109758
-93.909145,241,1110.289829
-197.507679,204,1110.441754
-253.412242,165,1110.801766
-240.603203,165,1110.925734
-237.532509,180,1111.062845
-159.434358,184,1111.403191
387.593657,501,1112.001724
-227.246787,203,1112.153447
-291.778499,180,1112.489603
-239.781732,179,1112.626982
-229.067063,176,1112.758572
928.359114,740,1113.501152
-77.13223,243,1113.68328
-35.017868,236,1113.95282
-141.669235,239,1114.134146
720.650324,659,1114.723157
-115.308731,231,1114.989514
-26.971653,287,1115.202347
200.846887,341,1115.550371
399.47808,459,1115.986157
281.772279,348,1116.340055
-151.086791,223,1116.506848
99.361585,244,1116.783048
-209.379077,204,1116.936384
-82.829673,250,1117.123147
-212.768883,213,1117.375189
-290.727101,159,1117.495
82.954589,269,1117.788837
-126.739717,235,1117.964488
-290.408163,167,1118.090596
-180.797948,236,1118.360718
58.842172,314,1118.688061
-199.194693,206,1118.843142
544.391176,614,1119.397969
-173.205239,208,1119.645236
-27.849074,291,1119.863329
87.198932,333,1120.207472
-230.272284,186,1120.346113
290.954154,364,1120.711798
1063.301615,929,1121.594664
-83.612379,256,1121.787431
-207.929656,195,1122.026409
-233.954736,172,1122.155271
-189.003147,167,1122.281699
-40.895658,291,1122.593086
-235.996239,160,1122.713165
-202.965034,205,1122.866534
-245.062314,158,1123.076972
-255.239637,168,1123.2031
-224.097344,173,1123.334019
163.317002,375,1123.813864
-139.781388,209,1124.192455
-71.077025,238,1124.369661
-277.532911,167,1124.494888
593.353629,583,1125.119145
-222.413393,181,1125.257329
-215.590876,199,1125.40695
-254.896062,172,1125.627475
275.072608,402,1125.930055
-288.496869,192,1126.167718
235.33002,355,1126.436234
-291.387759,192,1126.672695
-210.925731,203,1126.824976
-202.615049,199,1127.177301
292.0777,431,1127.503041
69.555774,358,1127.863904
-270.96333,208,1128.113184
-285.944583,164,1128.237773
221.670179,430,1128.652896
-273.379376,152,1128.767878
-267.349823,158,1128.88718
-176.304956,194,1129.126673
604.003227,488,1129.587228
-205.938315,208,1129.743215
-201.413315,226,1130.003866
-219.103862,185,1130.145202
-107.176046,197,1130.29444
30.186415,258,1130.69438
-195.526928,208,1130.850056
-235.707273,177,1131.185065
-109.686104,229,1131.360263
284.071976,419,1131.90019
-268.08566,162,1132.021357
-222.866289,170,1132.14877
-213.377851,169,1132.367445
-265.936501,167,1132.4932
-75.116208,259,1132.779776
-255.973084,172,1132.908737
494.31732,495,1133.37355
-272.499624,171,1133.502452
-168.95643,217,1133.761703
773.608386,674,1134.358867
-204.80427,210,1134.515972
-91.972353,188,1134.749792
-61.058449,209,1134.905381
147.83164,336,1135.250665
-249.176717,174,1135.382112
289.812753,354,1135.740689
1796.10325,1000,1136.686573
-225.371946,183,1136.823951
-239.048258,174,1137.047213
-200.628234,186,1137.187083
-230.711856,194,1137.332561
-246.185851,171,1137.554701
-80.23337,252,1137.743163
-203.31479,195,1137.889465
-237.430697,166,1138.216513
-265.863741,171,1138.345607
-196.772474,217,1138.731766
-222.966006,173,1138.862315
-279.894761,191,1139.004836
-44.855162,248,1139.414374
-143.858184,242,1139.59546
-290.172102,172,1139.913727
32.822602,259,1140.108287
-305.779737,179,1140.243567
-248.06252,159,1140.586955
-215.654992,170,1140.715778
-258.16481,174,1140.84728
-85.217238,245,1141.228103
-232.254179,149,1141.34036
-152.478478,207,1141.587397
-139.868241,234,1141.762822
75.259484,346,1142.114673
173.348135,394,1142.409764
886.767086,880,1143.256444
-207.084009,199,1143.500242
-237.294161,163,1143.624414
-281.244593,172,1143.75444
-240.621235,171,1143.975493
-237.08632,161,1144.097263
285.802526,451,1144.526979
-201.272007,188,1144.667911
-227.474191,164,1144.791486
-196.069258,214,1145.043773
-278.522233,177,1145.177598
-208.569027,191,1145.414463
1116.707616,893,1146.174742
-241.523594,163,1146.390346
328.397407,438,1146.717514
993.073459,790,1147.497583
124.179457,349,1147.857717
55.650065,352,1148.122054
-15.495053,238,1148.39473
-144.964949,210,1148.552221
46.141864,270,1148.848528
-55.956732,234,1149.023987
24.718964,243,1149.303334
-14.953463,212,1149.465189
-148.299711,233,1149.734278
-178.407373,200,1149.887172
-20.627619,235,1150.064751
-13.062043,246,1150.346103
-42.146383,221,1150.514333
6.001338,260,1150.805961
215.704577,363,1151.170762
108.452586,309,1151.402884
-124.732466,215,1151.656211
387.334861,546,1152.158827
-70.308655,233,1152.334514
-36.71853,244,1152.610664
82.311216,339,1152.865212
-83.714575,316,1153.21214
-47.339189,249,1153.402081
-46.743688,233,1153.694171
185.731736,381,1154.084185
26.045066,244,1154.269092
99.396972,318,1154.601556
59.063367,295,1154.822455
247.80994,512,1155.301586
-15.937778,234,1155.704169
169.353424,398,1156.809447
-107.329372,260,1157.226992
-31.737035,238,1157.405751
82.843698,297,1157.722926
18.423956,236,1157.901116
122.776053,351,1158.368528
154.903517,329,1158.717001
1.215248,287,1158.933491
555.046221,671,1159.623833
-203.366691,207,1159.778857
20.931216,243,1160.052292
153.958568,387,1160.340884
263.033994,564,1160.853487
30.492465,303,1161.172611
-220.870321,235,1161.35108
189.937114,405,1161.743143
77.462433,324,1162.087943
118.630359,342,1162.434729
-36.560231,238,1162.62686
-171.254106,244,1162.903761
-176.473908,229,1163.077
-89.222246,232,1163.249946
29.777366,332,1163.59361
-88.376445,222,1163.759131
-211.362341,235,1164.025514
-95.14312,347,1164.377459
-184.627291,248,1164.562237
-6.915996,279,1164.863549
-180.220473,273,1165.070786
-315.572925,189,1165.30779
463.332692,610,1165.85775
228.04367,418,1166.264434
116.496154,348,1166.524496
43.873877,335,1166.867266
-250.771012,219,1167.030008
-234.95314,218,1167.285567
114.479884,365,1167.557297
-310.986775,192,1167.79275
-151.532156,246,1167.977427
-191.906983,196,1168.2163
-300.975439,195,1168.361183
-152.503598,252,1168.641638
-222.33348,240,1168.82141
85.594144,345,1169.171868
-110.237108,238,1169.348204
141.680998,373,1169.721459
-265.935639,195,1169.866244
-344.534889,187,1170.097681
659.016968,850,1170.828138
-258.501189,237,1171.100805
-191.666417,202,1171.251823
241.944734,455,1171.780282
-187.874402,223,1172.140611
-169.504904,266,1172.344764
82.687463,401,1172.846742
-213.72791,259,1173.039161
-155.890354,260,1173.439012
-266.566947,210,1173.595322
1.715636,282,1174.032215
-193.145989,212,1174.192981
-235.251965,215,1174.556239
-162.753688,241,1174.736314
81.783796,309,1175.168425
-249.450025,211,1175.324737
-230.224469,214,1175.707253
192.511222,454,1176.043944
-179.027185,267,1176.477724
-223.149244,216,1176.639229
280.832428,504,1177.25288
-305.443707,213,1177.634924
-321.478247,187,1177.773095
-339.428621,196,1177.917958
237.635012,429,1178.474506
-197.460671,256,1178.897314
-203.858101,218,1179.059631
-272.787922,186,1179.408241
-270.333331,212,1179.565488
-297.240567,182,1179.700827
29.827365,371,1180.200274
293.514628,478,1180.768853
-239.777217,197,1180.916072
-26.183135,260,1181.344872
-218.497836,223,1181.510178
-209.694002,217,1181.880417
-26.259469,319,1182.118361
-261.206984,219,1182.515422
-298.384624,187,1182.655028
-171.053697,234,1183.052824
-263.382553,209,1183.209207
-235.061813,226,1183.578928
-181.00799,247,1183.767226
-171.697328,251,1183.954087
-338.866608,174,1184.308309
-167.161579,200,1184.456514
-191.261021,266,1184.858769
-240.557544,194,1185.00435
-282.29774,182,1185.140515
-237.550696,190,1185.487369
-209.623527,178,1185.619715
-226.559138,183,1185.957169
-322.812386,160,1186.076515
-254.899504,232,1186.248379
-290.672434,188,1186.596937
-305.16341,167,1186.721689
-226.998902,194,1186.866598
-295.843405,167,1187.193662
-239.884839,207,1187.347976
974.108262,893,1188.493165
-240.365276,224,1188.659527
-231.315552,189,1189.032611
-314.352836,188,1189.173935
-272.570589,192,1189.316809
-316.89131,181,1189.68856
-333.775578,172,1189.816966
-252.240904,184,1189.954509
-221.365377,220,1190.321981
-277.094714,187,1190.46182
-234.809425,183,1190.818583
129.10877,336,1191.068095
-226.115804,210,1191.46414
-223.644614,191,1191.605623
166.125164,439,1192.165864
198.659136,411,1192.686985
-289.917174,172,1192.815326
-35.322074,255,1193.229967
-200.128208,237,1193.407284
-281.067383,175,1193.537226
-341.853268,177,1193.873888
-240.858437,190,1194.014669
-314.186184,179,1194.148089
-141.007416,202,1194.524242
-168.409433,210,1194.6814
-307.397464,179,1195.047941
-120.284165,260,1195.24681
-207.148271,217,1195.62862
-214.003967,233,1195.805167
2.155031,416,1196.333344
156.927613,364,1196.603888
-4.133228,425,1197.144149
-370.259887,189,1197.487041
-232.420665,241,1197.667292
-151.962162,307,1197.991902
-139.258197,289,1198.209775
-83.181351,325,1198.545805
-230.523825,227,1198.715926
-252.853764,205,1198.960886
-101.470672,301,1199.187555
-45.62037,283,1199.489953
137.344748,363,1199.946932
-326.996231,167,1200.071795
-85.469823,311,1200.397573
-171.182223,199,1200.54513
-212.781768,227,1200.713225
-216.018206,228,1200.975302
257.678021,502,1201.445095
-81.347405,329,1201.689157
-201.216717,248,1201.965894
-257.722591,202,1202.116683
-289.225766,206,1202.361732
-139.170242,286,1202.575335
74.749175,347,1202.927157
-187.994351,263,1203.21419
-201.265756,227,1203.385815
-189.827954,201,1203.535102
-251.898138,234,1203.934916
-36.509118,312,1204.169132
81.836582,346,1204.631297
-161.494024,252,1204.911132
-171.290161,181,1205.046548
-97.014746,294,1205.357999
75.511389,397,1205.653704
368.130567,668,1206.348129
-209.836542,237,1206.524625
-47.573378,376,1206.895741
-274.349626,220,1207.060735
419.70664,673,1207.844055
-112.426105,207,1207.997066
133.000297,368,1208.363101
-104.026579,271,1208.563942
3.798266,310,1208.886825
-144.22166,205,1209.038395
-150.336614,339,1212.068251
174.409578,427,1212.578561
-41.685703,396,1212.873005
9.866745,299,1213.186867
-52.500103,271,1213.480751
219.424408,513,1213.953972
538.373684,688,1214.565456
-237.17911,229,1214.737259
-53.337907,300,1215.053087
41.917832,365,1215.417138
-84.049687,269,1215.615568
70.174089,381,1215.992326
66.512792,425,1216.401504
51.107349,311,1216.632622
-173.661778,252,1217.017213
-30.801994,284,1217.228035
-126.655094,329,1217.563965
167.416447,441,1217.984578
-240.616487,212,1218.141407
51.606539,364,1218.504131
-60.778185,321,1218.835489
-74.619434,327,1219.078902
80.831617,432,1219.494636
-180.935438,237,1219.875821
-50.874802,317,1220.112601
72.948516,421,1220.650823
-106.965593,282,1221.09555
-152.674779,336,1221.348467
131.344715,436,1221.765377
-187.425712,184,1221.901887
-169.911217,220,1222.159369
-170.855164,190,1222.300275
-26.492418,331,1222.637663
779.985395,872,1223.677074
2.240929,378,1223.956782
-100.648602,310,1224.386818
-120.854621,238,1224.562912
-153.268044,266,1224.997344
-252.928395,234,1225.171264
-183.693011,258,1225.574694
349.763763,476,1226.141603
34.39343,341,1226.621734
647.655059,761,1227.393653
178.867188,446,1227.822304
50.236524,413,1228.221017
24.17261,305,1228.449767
-144.075294,277,1228.852075
238.733559,615,1229.53662
-14.012274,417,1230.07172
512.800953,737,1230.715593
-147.226552,311,1231.038384
1256.720114,1000,1232.080907
308.090256,546,1232.712193
10.157271,443,1233.265382
282.943624,551,1233.917073
557.402537,738,1234.676078
30.772188,396,1235.170386
-112.914162,280,1235.601977
113.621943,428,1235.919157
-48.68135,329,1236.402462
-203.202907,249,1236.799031
-104.066024,308,1237.028251
-329.812994,181,1237.392958
4.002573,308,1237.627607
-162.819492,308,1237.950967
142.22445,484,1238.403568
122.272509,406,1238.705696
93.467628,409,1239.10188
481.714779,620,1239.655023
-152.206549,257,1239.93778
-321.167882,195,1240.081965
225.762232,452,1240.613691
15.277152,405,1241.09493
-216.464516,231,1241.26634
-34.198336,411,1241.779398
254.428799,461,1242.213699
233.582003,465,1242.650075
77.681101,477,1243.096947
81.357672,450,1243.52329
220.094856,567,1244.036201
294.577959,587,1244.565585
-138.237507,259,1244.850221
-35.374767,397,1245.145219
-229.543943,168,1245.362962
229.789848,637,1245.930333
-230.494591,223,1246.096614
342.617739,547,1246.690332
1385.148024,1000,1247.526043
294.848494,629,1248.184462
453.778916,598,1248.724076
-123.368997,270,1248.924006
-89.559752,344,1249.274121
1410.318805,1000,1250.208752
342.712569,540,1250.706711
642.82196,686,1251.312432
-280.864495,200,1251.557207
-241.398259,233,1251.730878
536.293951,662,1252.407065
-164.834675,208,1252.562214
296.918975,510,1253.032605
535.073904,836,1253.972263
115.104478,487,1254.533525
664.187911,815,1255.367473
-164.799377,289,1255.790057
-218.82954,251,1255.976778
-186.31499,225,1256.235454
-102.37345,286,1256.447084
-97.229991,323,1256.778702
-311.318884,194,1256.92167
544.579228,687,1257.619633
-247.879631,215,1257.779058
-227.922656,224,1257.944918
-223.672204,214,1258.197907
-241.956492,205,1258.349637
-64.007847,317,1258.678598
-228.705319,243,1258.858662
-140.687116,315,1259.186341
-315.475482,185,1259.324128
-214.045296,199,1259.564813
-252.872673,222,1259.728933
-292.179185,197,1259.874344
448.835285,662,1260.552064
-132.307428,283,1260.761578
158.006095,430,1261.17442
-243.751811,197,1261.4136
205.223958,563,1261.923971
-211.451621,241,1262.103158
-121.83816,327,1263.828526
-237.520603,265,1264.024766
-252.846489,210,1264.277053
-188.129084,255,1264.46801
-353.458463,177,1264.822899
-133.78935,262,1265.017285
-288.572169,212,1265.175527
-193.343407,208,1265.537811
-307.919335,193,1265.680355
-295.340414,182,1266.03323
-207.847019,219,1266.195408
-270.147273,193,1266.338699
-247.963394,203,1266.688503
-218.152247,260,1266.882385
-265.446245,212,1267.267684
-246.471388,208,1267.422211
-227.746385,209,1267.796984
-267.173627,214,1267.957164
-226.869139,236,1268.132039
-43.257161,314,1268.458466
-175.357228,236,1268.633338
-198.962417,232,1269.025616
-167.710828,238,1269.20401
-161.956673,225,1269.464287
266.071384,508,1269.934331
-186.568713,232,1270.10732
-228.124201,222,1270.47119
-184.872018,211,1270.627697
-217.750882,208,1270.875306
-220.589899,218,1271.03711
-239.144084,190,1271.177477
-238.230082,207,1271.527216
-243.925483,189,1271.667719
-218.93658,195,1271.904119
-316.775053,174,1272.034256
-198.239156,196,1272.178987
-286.592696,163,1272.393212
-286.37076,190,1272.533423
-285.362511,184,1272.670013
-191.516917,216,1272.92389
-244.250396,195,1273.067794
116.527496,428,1273.585074
-202.834502,230,1273.755679
-218.101911,192,1273.992854
-266.736347,171,1274.120963
98.143283,403,1274.516028
-52.93907,286,1274.727646
-164.059822,248,1275.003835
-206.50617,219,1275.167006
-154.558223,244,1275.441771
-144.010395,230,1275.61217
454.516055,626,1276.17182
364.011136,531,1276.750323
-113.84643,255,1276.94158
74.031249,438,1277.365845
-202.153079,205,1277.51809
530.005373,692,1278.217078
103.433179,425,1278.531851
-15.06232,337,1278.980202
7.822722,342,1279.327944
-100.59637,261,1279.522488
-232.43494,180,1279.747582
-170.795416,236,1279.922626
-137.229581,250,1280.201069
19.17334,324,1280.44131
-135.104055,252,1280.719311
-162.030199,213,1280.877274
587.452465,570,1281.392901
-230.025631,214,1281.642869
-114.374065,238,1281.819272
-9.954336,346,1282.168124
-189.021958,228,1282.336649
-184.690283,225,1282.596433
-165.166698,210,1282.752451
-189.343996,231,1283.015655
-147.239332,211,1283.173071
-160.996019,204,1283.323621
-203.726042,219,1283.577469
-39.54906,322,1283.816556
-206.055623,229,1284.078512
438.645758,553,1284.583748
-294.167423,173,1284.712029
-162.493789,193,1284.948113
-97.054114,234,1285.126634
-170.461693,236,1285.506369
-217.054861,227,1285.677102
-195.083608,186,1285.816129
-188.507253,230,1286.18577
-224.374028,225,1286.352843
-274.47548,190,1286.585773
-190.398847,205,1286.738997
-169.578638,217,1286.900246
-194.202938,199,1287.140655
-256.574962,167,1287.265609
-222.5721,187,1287.499787
-212.748575,207,1287.654612
-194.836024,221,1287.818653
-256.973159,216,1288.07253
-238.747191,177,1288.204147
-244.404677,165,1288.326338
-280.210364,170,1288.545286
546.860385,655,1289.124164
-240.657986,203,1289.275971
-220.671774,216,1289.52738
-213.361029,216,1289.688373
-185.756424,194,1289.924006
-198.117725,200,1290.071765
-146.225623,217,1290.325105
187.282886,419,1290.635622
-164.622041,233,1290.900363
-155.335114,235,1291.074226
449.691495,559,1291.581078
-105.73905,254,1291.861088
-264.278143,154,1291.975361
-211.741731,195,1292.211532
-69.333777,228,1292.380787
-237.50799,170,1292.506927
-193.09187,202,1292.866866
826.00831,682,1293.466367
-193.333834,222,1293.63111
-163.017708,217,1293.886601
-38.566584,259,1294.079323
-104.589097,249,1294.418118
-154.211255,215,1294.583296
268.444917,450,1295.012895
-176.73369,205,1295.258512
60.940679,357,1295.522713
-191.664451,207,1295.90319
-145.87218,233,1296.077586
-212.820593,199,1296.449358
-69.625337,240,1296.62906
-145.218658,209,1296.784426
-206.864998,217,1297.149232
109.128833,346,1297.406607
-166.450777,208,1297.764039
-179.147138,212,1297.921469
-269.245141,168,1298.250071
275.407598,401,1298.549353
365.134323,453,1299.08488
-121.075966,228,1299.491454
-179.988146,194,1299.634973
-113.302387,238,1300.045208
-119.090376,206,1300.200284
-169.910949,182,1300.336205
-290.153142,173,1300.670526
23.366786,305,1300.897743
-93.824871,254,1301.311473
-223.900495,186,1301.449733
-176.56493,217,1301.813644
-176.842924,214,1301.976093
-226.215091,184,1302.113366
-242.390194,169,1302.449856
-243.670837,172,1302.577897
-217.54335,180,1302.712179
-276.123843,171,1303.072865
-197.181227,194,1303.215991
-122.559921,207,1303.368596
-244.805565,183,1303.729993
-228.278051,180,1303.864146
-272.961577,156,1303.981416
-244.780438,171,1304.311306
-289.608742,145,1304.419162
-143.325413,195,1304.562038
-191.585145,175,1304.895668
-276.100018,160,1305.01575
-274.583295,149,1305.127325
-221.514809,172,1305.458813
-288.418718,156,1305.575102
-213.764689,184,1305.711383
-238.155992,178,1306.078465
-279.562641,156,1306.19407
-138.631178,202,1306.343845
-216.414466,168,1306.705269
-253.333885,163,1306.826949
-181.765317,168,1306.951803
-276.164661,136,1307.293458
-229.173933,161,1307.412637
-126.519862,214,1307.570971
-271.552792,171,1307.936035
-254.835396,160,1308.05527
-245.269463,166,1308.179166
-224.691845,167,1308.505662
-211.800326,168,1308.630849
-184.70129,206,1308.784936
-204.044633,165,1309.118293
-125.457477,209,1309.275201
-253.446655,159,1309.624878
-262.169995,159,1309.745445
-210.686633,193,1309.890321
-191.266868,215,1310.284245
-241.296065,161,1310.403581
-177.696651,161,1310.523341
-131.105667,201,1310.894704
-221.596651,174,1311.024885
-243.041457,147,1311.13398
-217.713183,170,1311.470856
-258.707127,172,1311.599185
-271.887497,167,1311.723171
-260.965123,168,1312.065502
-188.67138,198,1312.211884
-157.624053,209,1312.367169
-84.449487,230,1312.631095
-162.19847,212,1312.788387
-86.667528,189,1313.021261
-196.142684,183,1313.157008
-118.744586,199,1313.304685
-256.337219,164,1313.521103
-153.273785,208,1313.675101
-177.482897,170,1313.800385
-236.511066,169,1314.018093
-118.419211,205,1314.171114
-97.615626,215,1314.424859
-244.511435,173,1314.553416
-79.018933,205,1314.704724
-133.736312,218,1314.958004
-222.386777,176,1315.626923
-185.587779,179,1315.758925
-169.402689,211,1316.008958
-221.740444,189,1316.148553
-279.870792,165,1316.364264
-250.678287,162,1316.48402
-235.859917,167,1316.607297
-167.751061,201,1316.954226
-174.354392,194,1317.098063
-114.423574,213,1317.256564
-180.110783,204,1317.50024
-279.943079,126,1317.593669
-169.225127,161,1317.712973
-243.261243,170,1317.93139
-235.812832,183,1318.068116
-171.845395,198,1318.214359
-273.856636,155,1318.441427
-195.093657,178,1318.573814
-196.647469,179,1318.706839
-216.069997,170,1318.928523
-257.969458,167,1319.052989
-232.973334,167,1319.179372
-66.74254,222,1319.553886
-207.577716,177,1319.685914
-148.517208,207,1320.064517
-225.849192,174,1320.194889
-184.175354,230,1320.367119
-76.057406,248,1320.747964
-230.073285,170,1320.872799
-120.717352,224,1321.276001
-109.612019,236,1321.452142
-165.683589,239,1321.864017
-230.168214,176,1321.99781
-231.126956,166,1322.121493
-218.085392,205,1322.510633
-185.518838,193,1322.653711
-219.837629,167,1322.777759
-169.914347,216,1323.10956
9.477133,253,1323.299822
-269.865908,173,1323.659568
-162.021408,215,1323.818254
-166.350001,191,1323.959661
-164.581458,187,1324.308558
-117.201734,213,1324.46586
-263.564034,185,1324.828112
-203.167986,193,1324.983722
-156.234999,211,1325.14152
-229.217839,163,1325.494692
-260.371622,184,1325.63171
-103.75696,220,1325.79432
-201.748732,212,1326.15666
-184.35046,213,1326.315456
-213.40961,193,1326.551443
-149.483017,186,1326.690044
-157.045512,212,1326.847627
-218.553108,162,1327.060363
-103.098554,198,1327.207207
-228.558735,177,1327.338317
-260.538282,156,1327.546606
-231.757579,153,1327.660292
-120.579792,209,1327.814765
-260.846845,156,1328.022833
-216.87806,171,1328.152014
-235.041141,181,1328.285827
-100.939906,242,1328.663899
-225.854679,168,1328.789415
-180.433351,168,1329.007347
-218.048042,171,1329.134062
-125.176291,202,1329.28705
-137.472312,195,1329.524255
-223.281716,164,1329.646496
-182.068392,164,1329.768271
-201.35048,198,1330.007535
-232.269943,189,1330.147853
-141.794538,214,1330.307327
-164.698347,196,1330.622092
-243.658852,155,1330.736864
-136.193702,217,1330.991929
-198.269695,200,1331.141644
-211.685879,176,1331.272039
-117.144395,178,1331.497568
-190.117492,169,1331.6229
-139.823554,194,1331.766109
-190.635091,175,1331.988384
-164.346722,163,1332.109055
-187.942131,187,1332.247608
-231.70374,178,1332.471733
-137.933574,220,1332.635526
-199.137264,180,1332.861178
-46.450572,229,1333.031569
-223.328916,176,1333.167009
-142.665895,151,1333.487292
-175.265706,197,1333.634216
-115.865139,202,1333.783826
-198.517532,188,1334.150294
-226.555186,159,1334.270083
-231.169827,166,1334.392918
-234.372407,166,1334.609522
-228.924155,171,1334.737191
-202.654389,184,1334.874357
-230.897637,162,1335.08821
-150.346129,197,1335.235594
-168.956387,185,1335.46571
-134.649626,174,1335.596796
-272.218404,160,1335.716281
-170.910524,207,1335.962444
-276.247912,164,1336.087743
-39.68648,232,1336.260631
-247.309084,153,1336.475979
-200.563653,167,1336.600385
-164.14082,219,1336.763623
-134.149255,212,1337.013556
-226.112184,171,1337.142339
-106.648191,226,1337.402494
-165.230606,204,1337.553657
-131.408732,206,1337.707637
-94.38511,231,1337.973079
-156.649438,195,1338.117833
-120.488635,190,1338.351058
-232.520721,179,1338.485307
-107.027925,217,1338.646382
-198.443349,170,1338.866271
-243.091406,173,1338.99486
-143.669386,205,1339.147065
-185.493696,178,1339.373944
-185.669406,189,1339.514616
-174.854794,188,1339.746157
-282.779363,141,1339.852818
-208.124551,162,1339.973351
-163.130175,201,1340.122903
-203.335894,162,1340.335773
-175.713952,217,1340.497701
-200.406904,173,1340.718216
-93.404621,201,1340.866701
-244.718486,164,1340.987873
-319.333723,108,1341.067344
-252.276838,181,1341.29714
-179.032199,181,1341.431291
-143.669449,208,1341.677698
-235.372677,168,1341.802156
-114.251975,196,1341.947872
-166.914673,210,1342.194844
-273.142985,148,1342.304817
-220.483536,161,1342.423999
-275.318525,121,1342.606049
-123.856432,206,1342.759109
-191.010085,146,1342.868332
-117.188651,190,1343.099826
-168.48022,179,1343.232503
-156.39726,216,1343.392936
-141.607779,197,1343.631458
-173.118925,197,1343.778244
-170.247412,209,1344.025453
-251.472607,139,1344.133675
-266.669931,170,1344.261149
-234.283383,174,1344.482243
-204.383534,181,1344.61755
-46.518749,254,1344.806814
-65.03634,210,1345.05403
-137.546523,185,1345.193848
-113.810975,211,1345.444215
-27.462683,258,1345.637468
-2.125435,253,1345.916867
-202.480198,172,1346.046633
-86.848773,220,1346.210739
-142.420043,209,1346.458521
-250.652297,145,1346.56602
259.826474,376,1346.936743
-346.365057,98,1347.008311
-150.066799,214,1347.167303
-196.464161,163,1347.381154
-253.996122,124,1347.47292
-248.693877,129,1347.568216
-254.094187,142,1347.673294
-186.166643,175,1347.895969
215.47515,332,1348.142015
-142.573596,190,1348.374869
-190.781291,173,1348.503925
-146.000725,189,1348.735162
-93.472534,219,1348.899083
-148.50964,152,1349.012208
-103.358877,243,1349.286301
-191.364966,175,1349.415351
-74.996167,198,1349.562428
-211.688683,140,1349.757521
-201.523378,163,1349.879083
-277.400643,160,1349.997948
-233.044154,117,1350.175131
-207.788992,150,1350.286546
-172.676231,195,1350.430871
-267.560388,152,1350.635067
-166.296142,182,1350.770316
-153.393188,223,1350.936211
-198.045093,161,1351.146985
-255.549609,135,1351.247531
-223.996284,142,1351.352813
-257.616941,137,1351.454859
-260.137509,129,1351.641181
-208.604498,169,1351.766734
-112.877507,215,1351.925719
-223.767604,175,1352.146513
-213.475279,167,1352.270378
-142.861884,191,1352.413843
-156.596884,188,1352.645369
83.604569,295,1352.864548
-208.54609,173,1353.084564
-117.675055,210,1353.240593
-137.276504,240,1353.51019
-287.387208,152,1353.623528
-46.403018,244,1353.804931
-15.147101,201,1354.044822
-22.975534,236,1354.222551
-213.806422,180,1354.447785
-232.681772,154,1354.563069
-184.635741,189,1354.702009
-231.93665,176,1354.923343
9.23339,260,1355.117455
160.723292,337,1355.462568
-151.896218,213,1355.626287
-213.016231,170,1355.963685
-189.708975,183,1356.100309
-199.419675,216,1356.262989
-138.071035,192,1356.638864
-149.538509,212,1356.796717
-198.564478,188,1356.936043
-211.818484,168,1357.295245
-211.569367,172,1357.423286
-315.588,133,1357.521961
-126.078884,217,1357.922275
-143.43839,186,1358.060643
-190.78962,181,1358.418972
-91.739248,198,1358.56425
-154.83389,204,1358.715326
-170.253137,175,1359.069686
-217.799399,166,1359.194847
-18.331436,229,1359.366492
-150.395798,204,1359.72056
-97.600041,233,1359.894681
-78.306724,228,1360.298404
-85.106552,219,1360.461347
-138.373,203,1360.83073
-162.540685,192,1360.976537
166.73514,369,1361.484317
-63.02724,272,1361.686081
-183.158696,219,1362.05879
-200.034052,169,1362.184524
-135.803615,185,1362.321903
-114.939774,185,1362.695935
-86.124728,208,1362.851572
-304.542008,146,1362.960542
-53.935207,249,1363.34752
-232.287847,140,1363.450606
-110.462732,190,1363.815599
-166.410721,177,1363.956173
-209.958818,164,1364.078296
-142.936623,202,1364.432441
-195.299192,145,1364.541214
-173.501394,210,1364.697829
-259.131513,139,1365.002344
-155.390627,209,1365.158731
-213.850458,167,1365.283834
-71.377923,194,1365.628382
-195.204,164,1365.750896
-59.762782,205,1365.903668
-106.72924,217,1367.046277
-178.202209,186,1367.185574
-82.731529,245,1367.602215
-229.95887,162,1367.724218
-198.514934,166,1367.848765
-96.011982,163,1368.17328
-189.172325,169,1368.300772
-169.189987,180,1368.43414
-149.442693,169,1368.784445
242.572325,403,1369.084298
-138.28545,161,1369.413167
-199.816528,167,1369.536659
-139.469712,197,1369.682816
-226.716093,165,1370.009682
-200.941292,171,1370.137028
-244.545215,152,1370.250287
-202.933988,184,1370.62464
-216.714787,161,1370.744539
-164.535253,207,1370.898581
-306.651051,134,1371.230792
-256.323412,180,1371.36664
-275.333032,153,1371.480734
-207.07889,148,1371.824517
-207.904466,157,1371.940715
-213.015391,170,1372.066331
-165.993774,192,1372.43321
-131.47741,189,1372.573482
-95.025656,199,1372.720561
-196.376632,174,1373.086585
-148.553224,189,1373.226485
-129.869074,196,1373.597884
-248.735117,160,1373.728165
-196.974023,162,1373.848285
-201.848984,163,1373.969093
-31.688878,232,1374.247015
-72.238157,209,1374.402282
-72.622322,208,1374.649307
-141.811897,196,1374.795096
-101.149211,212,1375.045416
-201.174523,167,1375.170592
-239.640987,152,1375.283899
-311.687494,147,1375.393431
-251.520079,137,1375.587414
-189.33814,192,1375.730193
-241.538169,172,1375.857716
-186.986488,184,1376.086804
-176.916428,188,1376.226337
-336.332054,156,1376.34151
-323.683059,134,1376.533725
-218.670529,167,1376.658522
-10.03857,213,1376.817156
-284.22973,143,1377.017791
-291.288522,133,1377.116665
-133.20387,189,1377.257581
-283.906653,132,1377.473755
-233.914216,157,1377.59069
-292.04803,148,1377.700416
-252.926281,149,1377.901597
-289.717815,150,1378.013905
-198.404689,160,1378.132522
-300.174364,137,1378.234324
-174.459758,151,1378.439628
-90.18628,225,1378.60667
-264.009468,144,1378.712807
-330.381695,139,1378.909173
-235.931495,174,1379.038076
-202.906976,151,1379.150807
-270.058456,171,1379.370069
-304.223427,136,1379.470622
-275.178077,163,1379.59143
-57.894105,201,1379.832702
-195.863917,214,1379.991626
-234.568684,162,1380.112203
-152.789991,151,1380.316839
-148.744456,187,1380.455848
-133.160846,183,1380.591604
-258.654636,112,1380.766584
-12.924204,209,1380.921793
-308.445198,148,1381.030711
-283.668363,153,1381.236994
-240.88528,152,1381.350693
-259.611157,163,1381.471525
-279.704349,143,1381.578587
-121.170007,207,1381.956628
-228.399875,142,1382.061518
-47.946247,193,1382.296419
-262.122461,162,1382.417085
-191.884629,147,1382.525978
-253.192735,150,1382.636264
-105.617433,174,1382.85745
-220.452973,139,1382.960609
-220.367302,171,1383.086909
-139.362984,149,1383.288146
-244.596236,155,1383.404039
-212.254362,152,1383.51691
-194.402986,169,1383.734426
-181.744947,147,1383.844042
-279.485876,145,1383.951521
-67.647854,199,1384.195526
-181.675672,157,1384.312887
-258.898659,138,1384.415172
-131.073426,168,1384.542109
-274.487947,158,1384.752539
-114.891023,184,1384.887488
-300.924459,114,1384.97203
-302.184941,130,1385.160838
-248.159821,128,1385.256365
-278.474974,125,1385.349284
-282.469066,114,1385.433288
-214.055728,129,1385.621124
-276.469178,128,1385.715729
-281.144542,128,1385.81074
-246.458674,148,1385.920459
-255.404301,142,1386.222743
-304.109993,128,1386.319043
-237.397138,132,1386.417328
-263.22992,117,1386.503967
-261.980157,125,1386.690435
-316.018163,134,1386.789906
-274.834697,131,1386.887825
-214.409202,130,1386.983135
-262.530849,133,1387.173445
-240.131032,132,1387.271941
-176.447882,156,1387.38712
-220.917369,161,1387.598511
-187.167709,172,1387.725833
-158.900689,148,1387.83538
-239.136365,142,1387.940295
-289.491856,124,1388.125577
-211.559236,137,1388.227446
-191.859765,155,1388.34263
-289.91925,129,1388.438779
-282.976504,147,1388.640314
-295.757912,131,1388.737671
-256.459244,139,1388.840271
-172.301734,151,1389.043732
-159.271414,154,1389.158961
-175.805893,139,1389.26312
-78.451028,235,1389.528609
-286.700977,139,1389.632146
-136.275163,209,1389.787244
-242.679245,130,1389.974762
-283.760002,144,1390.08218
-309.15175,151,1390.194453
-283.04035,146,1390.303185
-226.273208,158,1390.512048
-246.958494,123,1390.604318
-192.838602,150,1390.715778
-246.130898,125,1390.898282
-29.803629,230,1391.070032
-283.259153,150,1391.181025
-149.523143,150,1391.383651
-170.202903,192,1391.527055
-197.219667,167,1391.651567
-285.65775,145,1391.851288
-159.11932,217,1392.013119
-157.253353,194,1392.15783
-121.181998,194,1392.392184
-205.802004,170,1392.5188
-237.38694,135,1392.61888
-165.96542,207,1392.864097
-128.996178,203,1393.014895
-275.213134,134,1393.114712
-257.617364,130,1393.303259
-315.517352,150,1393.414985
-4.826647,218,1393.575912
-304.393952,129,1393.763502
-248.216724,158,1393.881234
-253.545834,180,1394.014874
-266.853575,157,1394.224009
-244.678404,188,1394.365299
-208.151138,177,1394.496367
-294.893585,117,1394.675141
-64.460355,217,1394.83706
-87.001106,187,1394.975824
-236.032173,143,1395.173819
-57.058921,195,1395.31911
-249.033357,145,1395.426962
20.429743,223,1395.685974
-266.970591,149,1395.796207
-102.071171,213,1395.955246
-202.042415,186,1396.185876
-232.047133,145,1396.293774
-306.328194,137,1396.395555
-102.600836,264,1396.685276
-227.632377,170,1396.812349
-252.159586,160,1396.931498
-266.167329,163,1397.144256
-175.122435,206,1397.297691
-130.800122,209,1397.544436
-337.967851,120,1397.63288
-190.477401,204,1397.783527
-169.819679,177,1398.141458
-228.131012,167,1398.265007
-94.550609,191,1398.406276
-264.671518,149,1398.607602
-172.704475,189,1398.748317
-200.20446,215,1398.908273
-226.479271,179,1399.134012
-288.013525,127,1399.236353
-230.553395,146,1399.344621
-243.524102,171,1399.694403
-260.193565,163,1399.815443
-162.042732,192,1399.957932
-201.065587,175,1400.317735
-240.117874,150,1400.436633
-254.230057,174,1400.566405
-135.256644,216,1400.963989
-70.276041,320,1401.20192
-50.558133,224,1401.600167
-96.27557,219,1401.763938
223.907788,393,1402.286405
-84.922074,266,1402.484152
180.619443,351,1402.974364
-255.028927,165,1403.098235
-123.301174,249,1403.488713
62.29442,302,1403.938073
-206.124633,224,1404.120208
-228.855035,203,1404.272859
-182.517471,206,1404.651947
-147.332237,225,1404.820169
-112.001684,260,1405.245133
-67.398881,249,1405.43331
-321.674633,136,1405.538626
52.226013,363,1406.037956
-272.872909,153,1406.152727
128.433436,341,1406.60442
-343.400878,142,1406.709115
-249.160439,169,1407.060084
45.479303,311,1407.290806
-116.181837,251,1407.705263
25.80628,324,1407.946912
38.567139,318,1408.412807
-179.171392,220,1408.799219
-100.967038,264,1409.000015
-6.189163,320,1409.447627
-77.910153,244,1409.629392
103.048991,401,1410.157197
96.417432,375,1410.637543
-113.194903,260,1410.832102
-115.855536,256,1411.250358
-282.957629,149,1411.361805
-165.487795,216,1411.522078
-1.702017,297,1411.946553
-157.325231,229,1412.118077
-190.673473,193,1412.498631
97.240258,333,1412.746256
-262.612589,154,1413.034451
-269.316012,150,1413.146266
-228.673837,165,1413.268584
-173.279282,194,1413.621212
-269.274151,172,1413.747624
-252.882837,159,1413.866188
263.882398,442,1414.423238
-289.233572,126,1414.517009
-227.769229,170,1414.734744
434.70327,492,1415.19578
-169.625989,199,1415.343199
-249.131393,151,1415.45523
-325.887649,142,1415.654822
-350.816413,121,1415.74466
-64.982323,270,1415.945663
-301.71389,139,1416.258138
28.750967,268,1416.456578
-216.173527,171,1416.797525
-243.321928,135,1416.898296
-207.788178,202,1417.048108
-226.668985,190,1417.413831
-192.523724,217,1417.574988
-10.182953,314,1418.037798
-158.801755,190,1418.178094
-206.97641,172,1418.305024
-285.727214,160,1418.646828
-258.480821,185,1418.784528
-148.751414,232,1419.877331
-147.996582,230,1420.059685
-203.461347,184,1420.196784
-297.882339,144,1420.522721
-354.498604,128,1420.618613
-235.114053,175,1420.748643
-104.044786,266,1421.181278
-171.711985,215,1421.343303
-209.055925,189,1421.705141
-375.938754,101,1421.78392
-230.244717,173,1421.911888
-104.978395,202,1422.062126
-165.383205,208,1422.416819
-273.997422,145,1422.52446
-68.297872,243,1422.929138
-273.378768,175,1423.060734
-218.093788,185,1423.198794
-226.949445,158,1423.539424
-336.141427,120,1423.628106
-357.082647,117,1423.714259
-164.228865,221,1424.097741
27.695593,296,1424.330678
-213.711087,171,1424.457327
-167.058962,197,1424.827599
-47.668755,285,1425.040412
-294.125695,156,1425.365031
-132.125257,254,1425.553263
-218.213827,162,1425.672769
-270.428472,169,1425.995647
-325.600027,152,1426.108621
-190.131546,193,1426.253093
91.17387,290,1426.705342
-121.977673,197,1426.854014
-168.34447,221,1427.252584
-70.807852,282,1427.463926
-217.833693,200,1427.849664
-139.113797,230,1428.021653
-71.618817,268,1428.461054
-204.323686,195,1428.606156
-228.471565,197,1428.976711
-204.398789,189,1429.118412
-282.080237,157,1429.237816
-303.741418,147,1429.551552
-148.212751,237,1429.735845
-281.852095,173,1429.864757
-225.158012,200,1430.223876
24.765515,309,1430.453061
-243.309855,173,1430.80516
-192.349086,191,1430.947227
-85.886521,273,1431.368219
-54.017601,252,1431.556778
-317.333336,133,1431.655311
-293.974719,171,1432.017757
-99.88994,240,1432.197964
-303.155449,152,1432.311563
-54.93036,269,1432.751874
-361.494191,122,1432.842224
-171.54688,205,1433.22708
-342.831419,135,1433.330537
-162.859778,254,1433.519704
-315.96636,159,1433.849506
-283.44564,170,1433.975801
-190.32772,234,1434.148802
-136.016542,237,1434.535849
-239.484443,172,1434.664459
225.082503,429,1435.220598
-201.761616,219,1435.383318
47.491509,351,1435.853643
-278.506566,163,1435.974781
-84.809331,263,1436.407389
-45.536835,266,1436.8295
-303.862412,176,1436.967485
-269.959785,183,1437.103252
-191.491266,179,1437.415884
-250.27777,170,1437.542415
-258.134622,167,1437.666116
-149.64209,231,1438.073763
-290.034534,172,1438.201127
-137.137284,196,1438.346826
-178.914543,186,1438.584542
9.55728,342,1438.839016
-334.356227,153,1439.045403
476.497186,488,1439.504478
-168.008709,195,1439.649897
-183.635696,192,1439.792281
-229.811111,167,1440.009154
-209.653358,154,1440.123837
-229.913882,189,1440.265224
-245.651976,172,1440.486332
-183.034183,202,1440.635082
-211.858566,221,1440.890125
-332.588428,134,1440.988894
-204.649146,192,1441.131378
-226.061589,176,1441.356474
-201.887857,199,1441.505269
-274.947884,167,1441.629529
-188.88635,236,1441.898568
-104.855136,229,1442.068074
-351.483005,137,1442.169107
-226.54995,169,1442.387724
-242.915567,176,1442.51877
-266.772562,176,1442.649457
-241.665804,163,1442.863023
-119.73038,238,1443.03948
115.762048,445,1443.461538
83.829012,345,1443.810751
-212.221246,181,1443.945828
-76.494842,252,1444.226555
-175.280494,185,1444.36398
-134.228461,230,1444.534864
-211.824732,165,1444.748936
-272.179538,175,1444.879428
-54.330458,214,1445.131266
-148.472558,201,1445.281655
212.1559,338,1445.625282
-122.70416,239,1445.802747
-145.835955,212,1445.959089
-243.582946,175,1446.181191
-53.15832,234,1446.357541
-150.456037,185,1446.588122
-5.553028,220,1446.752789
-41.372542,273,1447.047759
-53.570289,243,1447.230565
-37.349167,224,1447.488597
-101.652914,260,1447.683358
160.119788,345,1448.032012
-162.347226,191,1448.173905
-168.261504,179,1448.30685
-308.574471,121,1448.490073
-168.384723,181,1448.624828
-80.88556,257,1448.908304
-164.083477,192,1449.052481
-43.791922,195,1449.199344
-243.061656,170,1449.42039
-212.322352,180,1449.554615
-159.259421,234,1449.728872
-247.224333,173,1449.950679
121.91255,357,1450.215529
-96.670558,254,1450.497794
-178.19537,170,1450.624821
32.12156,205,1450.871385
-11.541726,242,1451.050478
86.27851,341,1451.397717
128.742671,315,1451.632498
-64.572347,267,1451.923988
-122.229117,192,1452.066376
-151.374826,173,1452.287152
-261.910456,169,1452.413155
-240.653499,178,1452.545868
-107.126695,190,1452.784019
-192.594584,183,1452.920276
-127.665166,188,1453.06005
-277.680844,144,1453.260311
-269.283888,164,1453.383023
-56.609182,222,1453.546693
-108.817393,228,1453.809523
-217.137906,147,1453.91843
-204.770482,161,1454.130904
-96.754422,250,1454.319172
123.682919,305,1454.639416
-193.899791,167,1454.765333
39.123745,270,1454.964889
-128.763645,180,1455.192205
-95.584449,222,1455.357448
-159.609856,187,1455.589319
-63.747518,265,1455.785981
-10.888132,265,1456.075217
-202.498237,182,1456.211116
-92.498218,213,1456.36997
-260.611444,130,1456.559526
-294.856221,135,1456.65988
-159.664619,225,1456.826747
-245.207847,145,1457.026401
-57.747518,245,1457.209203
-249.983325,153,1457.322959
-211.956671,154,1457.530362
-258.782608,158,1457.648563
-173.908582,187,1457.786915
-211.47185,158,1457.998489
-111.667858,230,1458.169499
-123.070334,224,1458.428355
-107.811478,247,1458.612785
-123.440962,222,1458.882847
-259.851171,172,1459.011301
466.201339,514,1459.488041
115.899698,336,1459.831244
-288.099448,136,1459.933131
-4.127196,207,1460.087794
27.511289,268,1460.380976
-234.138915,175,1460.511183
-270.917723,160,1460.631302
332.870972,367,1460.996042
-31.736073,236,1461.261675
-17.947779,292,1461.479578
-114.48865,253,1461.760734
-223.834629,161,1461.880794
-54.031382,205,1462.032184
-117.802531,177,1462.257166
236.902987,498,1462.720547
38.25861,209,1462.877303
-66.549463,190,1463.01764
-4.341016,230,1463.282307
-307.16985,113,1463.365468
-107.459598,172,1463.492913
-239.354971,175,1463.715274
77.822513,336,1463.96456
-44.675902,184,1464.194605
-93.967221,188,1464.336161
-45.786316,201,1464.575902
-18.203078,207,1464.729313
-136.719022,161,1464.850318
-100.394975,170,1465.06899
-102.465185,247,1465.256767
-103.653249,169,1465.383209
43.400015,373,1465.758486
-92.142816,204,1466.002367
3.733454,279,1466.210366
-8.27011,245,1466.484854
-50.406254,222,1466.64931
-184.66803,184,1466.788126
-122.39667,224,1467.046388
172.033394,343,1467.30037
-281.835137,128,1467.487934
-73.414497,168,1467.613332
-74.635057,236,1467.788748
-234.466363,159,1467.999668
-179.237045,201,1468.14906
-101.620715,194,1468.385157
-1.271811,191,1468.527838
8.503207,310,1468.849113
-146.508251,179,1468.983297
-155.770789,172,1469.111261
126.038378,384,1469.493873
-75.678646,200,1469.643294
-36.156647,197,1469.883111
-53.093388,177,1470.698949
240.517523,404,1471.093513
-250.739908,149,1471.206836
447.023069,427,1471.618559
-247.326198,143,1471.724457
-33.879166,190,1471.960115
468.034604,682,1472.559437
-13.763375,187,1472.698779
-124.973137,263,1472.988575
58.938608,285,1473.201293
31.499127,219,1473.455971
-140.266909,163,1473.578088
-169.499665,129,1473.673674
-278.703949,135,1473.996995
-183.040932,128,1474.092955
-75.007049,217,1474.255459
570.776654,612,1474.903102
-220.214367,202,1475.055048
-237.199332,162,1475.176382
-247.332113,179,1475.402058
-78.701558,178,1475.534596
-5.730594,225,1475.7011
-94.950342,183,1475.931013
-90.332547,185,1476.067484
322.55863,524,1476.546382
-202.791785,123,1476.63715
-37.599231,265,1476.925277
-71.561285,176,1477.05497
-138.838766,125,1477.244369
-84.813412,168,1477.370985
-14.880409,228,1477.540562
-80.672765,176,1477.764933
-281.824999,133,1477.863785
-335.870531,99,1477.937572
-72.422848,237,1478.206716
-95.610269,238,1478.384481
-209.600902,179,1478.517195
-163.000109,200,1478.757411
-109.367691,166,1478.881212
-74.543931,168,1479.006008
-247.73139,152,1479.212482
-107.000976,175,1479.342565
-68.244438,187,1479.480336
-232.610882,180,1479.704157
-104.640557,250,1479.8917
-304.346849,125,1479.983982
-320.316936,130,1480.172519
-306.261395,136,1480.273924
-45.003106,191,1480.415211
178.935644,372,1480.78231
-73.641859,196,1480.927263
-125.351459,168,1481.146364
-341.638828,101,1481.221294
-77.010912,255,1481.501847
-139.116521,256,1481.692901
-257.282965,196,1481.838096
105.773103,369,1482.204713
-45.70604,190,1482.34587
-48.901078,179,1482.570859
-76.408766,240,1482.749369
-106.407007,177,1482.974097
-207.588773,161,1483.093693
-39.612148,207,1483.247861
-112.402836,177,1483.474284
-272.943915,116,1483.55982
-126.836519,191,1483.701313
-286.468906,163,1483.916311
-86.013657,170,1484.043905
-115.360906,183,1484.179474
40.590061,289,1484.486913
-90.446004,200,1484.635421
-169.828538,162,1484.849308
-178.609979,162,1484.969308
-277.582186,140,1485.072956
-68.708797,225,1485.332778
440.504458,511,1485.804921
-265.424573,160,1485.924467
-150.542406,175,1486.053577
-91.809396,189,1486.287482
-130.58994,255,1486.477243
44.513805,249,1486.756479
-189.763864,177,1486.887632
-80.485746,189,1487.027908
-81.82657,214,1487.282812
-63.77006,195,1487.427808
270.014485,516,1487.904071
-183.766113,247,1488.182204
-69.418362,205,1488.334372
-81.488873,265,1488.622618
-63.760824,196,1488.767949
139.443408,419,1489.17469
-32.811473,204,1489.328546
-75.437122,185,1489.661838
-35.368328,215,1489.822542
-133.628163,235,1489.997091
-162.615539,197,1490.262266
-81.600074,173,1490.391119
-82.648009,189,1490.532393
-271.730391,121,1490.795634
-241.962432,119,1490.883668
-238.902543,140,1490.987856
-27.811283,237,1491.254667
-247.505816,194,1491.398978
-355.717907,97,1491.471141
63.673047,302,1491.901633
-144.551986,220,1492.066384
-71.915697,172,1492.404386
-356.713596,95,1492.47504
-223.920661,175,1492.604699
-223.087355,184,1492.740764
-192.167529,162,1493.087207
8.469461,339,1493.338828
437.39399,587,1494.20814
-9.261572,199,1494.3567
-360.402274,93,1494.425565
-294.916835,145,1494.532669
-264.514851,143,1494.86427
-211.039163,182,1494.999311
-371.430911,88,1495.065288
93.66793,276,1495.481828
-83.10136,172,1495.609364
-123.509044,161,1495.729078
-335.305566,100,1495.894593
815.011864,776,1496.678854
-106.290843,170,1496.89766
-285.619179,149,1497.009134
-337.5415,110,1497.091102
-67.034474,195,1497.235128
-131.913997,261,1497.52198
-95.588242,189,1497.662479
-339.293769,80,1497.721162
190.614057,345,1498.069648
405.990597,581,1498.601111
-251.215752,157,1498.810596
-333.286771,87,1498.875019
-273.571571,123,1498.965593
-310.706094,108,1499.045721
-281.868507,123,1499.137053
-6.576274,188,1499.369102
-338.869637,95,1499.439229
-314.29254,111,1499.521221
-349.764058,84,1499.583774
-39.460975,267,1499.875857
-377.107165,98,1499.947963
-335.723732,77,1500.005806
-175.279545,154,1500.211729
-100.43714,216,1500.373475
-228.116689,147,1500.482746
-120.331476,255,1500.764026
-213.685276,174,1500.893154
-30.069236,177,1501.024914
-160.738931,174,1501.247336
-336.181854,105,1501.324966
282.23099,396,1501.81723
-27.166428,200,1501.96577
12.501842,332,1502.43643
-232.360645,147,1502.545687
-241.765559,174,1502.674365
-273.224567,145,1503.006493
648.98938,609,1503.639983
-92.465848,257,1503.830648
-76.130582,189,1504.189022
-58.42858,179,1504.323633
131.327299,417,1504.843008
-97.301334,195,1504.987871
174.253796,346,1505.452964
-33.391075,228,1505.621048
0.288829,203,1505.966694
-276.934475,165,1506.088545
142.668117,293,1506.514935
-201.956115,207,1506.667505
123.854435,407,1507.155844
-276.876461,161,1507.275419
-275.124687,124,1507.367913
-30.058245,222,1507.718719
425.172217,450,1508.28201
-236.780592,155,1508.396887
157.072815,346,1508.746172
-335.900414,99,1508.819631
-133.690457,233,1508.991723
-298.866844,146,1509.324546
-44.886854,182,1509.460161
113.577211,392,1509.973719
-98.700948,177,1510.105028
-172.082914,187,1510.243413
-299.684376,146,1510.580933
-258.917405,170,1510.706815
-308.120976,138,1510.808632
-314.47145,143,1511.151043
15.187665,328,1511.396147
-268.359089,148,1511.712695
-121.537372,252,1511.900392
-204.464672,163,1512.021339
-266.954486,180,1512.326375
-154.158834,255,1512.515064
-291.448605,142,1512.844213
-272.616348,140,1512.949269
-88.295249,209,1513.103725
-29.680555,340,1513.562904
-87.371129,264,1513.759332
44.585996,316,1514.217321
-131.801977,317,1514.694911
-92.97208,242,1514.886301
-43.913765,206,1515.29479
-113.255829,256,1515.499905
-327.365339,124,1515.598663
-273.913377,158,1515.943642
-131.104789,232,1516.13167
-243.601652,146,1516.247647
-76.707549,269,1516.731391
-279.934162,179,1516.870821
-193.523213,209,1517.284411
-88.947561,262,1517.493134
-138.91798,255,1517.916062
-12.591417,338,1518.172909
-57.589359,198,1518.524739
-92.81559,277,1518.7325
-184.652812,199,1519.105635
-138.410085,265,1519.306508
-75.258771,270,1519.714375
-309.926529,156,1519.832217
-266.535262,149,1519.943942
-176.786111,222,1520.318749
103.695909,272,1520.524808
-279.844201,157,1520.643219
213.501068,390,1521.168553
136.555605,359,1521.644022
-321.759239,154,1521.7592
-351.52191,120,1521.848906
-275.194777,220,1522.238632
-120.458995,165,1522.361521
-308.25405,161,1523.965129
-84.998837,252,1524.154212
156.340015,400,1524.746497
-214.746236,243,1524.950415
-73.279859,241,1525.256111
-304.289039,152,1525.380032
-294.777021,119,1525.476838
-48.146316,236,1525.763147
242.322372,490,1526.257353
-251.913148,184,1526.409307
-301.781473,146,1526.53218
-55.406121,194,1526.791045
-293.508444,156,1526.918728
-228.876842,181,1527.066157
-279.398734,139,1527.272825
-153.637764,242,1527.467554
-151.677299,194,1527.724075
-30.131213,205,1527.892848
-76.52859,191,1528.047314
-326.817424,139,1528.255325
-344.931199,130,1528.359109
90.351324,296,1528.594501
-213.306277,217,1528.862068
-274.368772,182,1529.008677
-44.917133,210,1529.2762
-272.01747,148,1529.400601
-78.662031,191,1529.56055
3.891669,263,1529.988947
-271.569762,142,1530.104233
-95.736071,185,1530.251424
-302.061919,160,1530.606767
-31.990883,216,1530.779574
-307.04984,145,1530.89699
-294.595772,163,1531.232543
-63.85288,251,1531.43329
-244.229222,182,1531.676118
-181.442483,159,1531.804735
-319.580629,127,1531.907911
-25.591095,211,1532.168993
-330.34253,112,1532.259216
-226.988052,181,1532.405783
-79.770908,176,1532.550655
11.77382,253,1532.850359
-338.846384,109,1532.938497
39.14502,333,1533.303935
-317.333468,140,1533.416438
-210.010688,173,1533.553238
-187.174164,184,1533.801466
-195.634153,227,1533.986264
10.270992,274,1534.319278
-310.134608,161,1534.464111
-205.384489,167,1534.609627
26.413884,276,1534.954349
-223.779352,185,1535.113249
-191.554854,191,1535.380346
-307.516469,174,1535.533438
-144.345359,193,1535.697417
-62.722566,332,1536.083597
-218.366757,170,1536.221103
457.176199,663,1536.983073
-153.08657,178,1537.120704
-181.274003,231,1537.298733
-7.268807,245,1537.58737
85.258095,336,1537.932352
-293.562553,147,1538.045258
-273.086107,158,1538.164547
-98.743663,191,1538.398817
-167.643923,200,1538.547831
-275.467543,153,1538.664203
-330.874185,119,1538.752729
-110.981472,158,1538.964683
-86.187635,244,1539.14927
-107.646019,235,1539.427636
-330.218326,147,1539.536842
-39.557621,223,1539.707696
-325.458052,172,1539.929754
-324.55315,151,1540.047347
-296.736174,140,1540.15917
98.125769,331,1540.528536
-102.075854,237,1540.710697
-106.051803,158,1540.927611
-174.002388,237,1541.110432
-122.96361,184,1541.35323
28.528635,293,1541.587555
-3.39705,379,1541.989396
64.362653,303,1542.323433
-113.443997,171,1542.457296
-81.78804,290,1542.680366
-110.025108,198,1542.931206
-196.631835,221,1543.104219
-142.721219,179,1543.339929
-33.913871,316,1543.584313
-168.027393,168,1543.805509
-44.991971,281,1544.015227
-163.100292,176,1544.1488
47.620723,284,1544.459316
-156.131395,173,1544.591205
-330.766522,153,1544.801213
-152.655958,153,1544.932332
-153.528182,167,1545.058686
-133.741686,194,1545.301694
-124.015001,166,1545.439827
-83.213024,196,1545.597016
-104.263645,164,1545.836815
-92.451978,187,1545.99105
-91.610017,200,1546.154075
382.055368,597,1546.823865
-132.030093,289,1547.049182
-129.201511,185,1547.1873
-40.007812,253,1547.477148
-156.726018,155,1547.594182
-189.492758,170,1547.810903
-68.172202,267,1548.027719
-65.849308,192,1548.27501
-150.603235,179,1548.411079
-122.133031,176,1548.542811
-151.106526,189,1548.780325
-192.522755,180,1548.950352
-163.395087,157,1549.073091
-153.663415,152,1549.283512
-113.621615,200,1549.437528
-45.554924,264,1549.639727
-153.604378,150,1549.861228
-174.148301,183,1550.015843
-165.242105,188,1550.161966
-109.374837,190,1550.397358
-52.63564,313,1550.634854
-141.643592,282,1550.964248
-135.584168,189,1551.133649
-112.35084,184,1551.518797
-89.079953,175,1551.737801
-189.559999,193,1551.96983
-148.385699,155,1552.418346
-185.804892,180,1552.628748
-52.098201,250,1553.221385
-153.375572,149,1553.40376
238.870504,532,1554.318871
-94.793651,272,1554.645164
-90.616678,219,1555.221781
-112.225818,212,1555.47267
-105.73958,163,1555.823914
-134.213512,219,1556.089205
-111.465421,198,1556.327823
-55.958132,261,1556.800614
-99.362861,218,1557.0699
-90.704683,175,1557.474041
-83.019097,209,1557.728547
-65.780274,243,1558.25558
472.247106,611,1559.149674
-129.822735,216,1559.408748
-50.645439,270,1559.88962
-122.712066,184,1560.112849
-144.552008,180,1560.325424
46.853472,344,1560.885296
-104.060664,197,1561.126339
32.47938,285,1561.63695
24.126606,309,1562.160401
-81.396346,192,1562.410604
-21.398345,262,1562.884542
63.930443,364,1563.328089
-119.776664,247,1563.780725
-81.503221,209,1564.042907
200.940606,488,1564.791252
-97.706924,208,1565.04425
-45.464492,212,1565.461537
-10.462622,244,1565.754612
-14.383961,260,1566.221365
-94.032732,202,1566.460293
-108.918526,197,1566.840346
-331.821376,148,1567.019567
-33.50746,308,1567.555026
-80.304484,252,1567.868054
-58.853466,225,1568.143978
-100.665936,215,1568.577587
-38.012432,194,1568.81461
-324.835719,122,1569.109208
-311.732807,151,1569.301137
-131.038294,179,1569.524117
-111.298441,275,1570.008864
-108.430389,155,1570.21423
-61.403621,227,1570.494104
-191.617758,226,1570.917675
-282.824883,156,1571.111385
-172.632778,248,1571.553545
-70.607119,219,1571.830907
-144.053628,166,1572.035669
-87.652956,183,1572.403433
52.742813,276,1572.786326
-17.346378,266,1573.32325
-81.928272,267,1573.660266
-237.49425,125,1573.962097
93.680844,384,1574.467436
-44.632011,227,1574.907367
-316.369005,147,1575.1052
-52.88341,215,1575.529815
-4.765482,229,1575.823979
-181.924077,214,1576.081876
-99.037932,160,1576.42011
-66.746526,160,1576.636255
-78.673355,227,1576.936842
-71.377295,230,1577.43014
-82.222416,161,1577.630429
-122.599575,172,1577.995483
-54.112055,242,1578.342569
-95.291011,200,1578.60325
-64.541323,257,1579.064078
-72.062249,210,1579.328061
57.408682,241,1579.779665
-174.502905,181,1580.012552
-83.893139,214,1580.417773
-136.261579,171,1580.638837
-117.888017,255,1580.963614
-97.114991,162,1581.308714
-54.014483,210,1581.567725
-341.401047,112,1581.70518
-42.11783,219,1582.26151
-117.674208,194,1582.500557
-71.97776,200,1583.013255
-64.309598,237,1583.323087
-96.180393,160,1583.528648
-50.660842,210,1583.943214
-117.305489,159,1584.144939
-116.138504,190,1584.383657
-103.16961,165,1584.731909
-146.650876,164,1584.927874
-89.251878,175,1585.141798
-111.839172,166,1585.494549
-94.595142,151,1585.680551
80.184971,398,1586.308432
-46.301217,231,1586.5923
-103.76332,187,1586.957124
-250.744677,156,1587.149163
-53.218031,193,1588.793211
-102.250854,189,1589.165687
-113.620653,212,1589.426425
-79.884951,215,1589.689523
-77.973406,166,1590.028427
-11.058735,226,1590.295058
-99.966282,177,1590.659631
-104.587951,224,1590.936242
-59.054611,217,1591.199902
-148.755104,177,1591.579979
-99.048457,173,1591.79067
-97.107744,156,1591.982172
-65.791361,187,1592.396793
-98.328665,194,1592.636007
-119.13479,190,1593.034997
121.542847,420,1593.555893
-88.221514,185,1593.932524
-154.981607,265,1594.206898
407.716083,565,1594.815419
-104.626014,254,1595.17769
-78.415335,182,1595.338262
-73.626055,179,1595.710075
-7.614504,256,1595.910841
-96.159868,230,1596.300771
-2.848419,226,1596.482278
-162.966632,182,1596.631308
-61.324884,156,1597.011418
-127.580956,183,1597.151313
-124.739998,170,1597.281842
-86.418439,199,1597.61065
-3.527453,274,1597.817611
-102.846171,242,1598.201668
-109.711613,182,1598.339381
-109.754258,183,1598.47812
174.556811,376,1598.985278
-78.408824,217,1599.372266
-102.685109,190,1599.514094
-12.350159,208,1599.670407
31.514242,442,1600.219628
-73.605693,197,1600.573936
-28.832276,200,1600.724487
-47.389028,229,1600.89662
-52.766699,257,1601.325014
-109.600188,177,1601.457476
206.890223,522,1602.021779
-91.855407,204,1602.30851
-101.419364,181,1602.444342
-82.126936,189,1602.585691
-138.765674,190,1602.950959
-101.254239,171,1603.07868
-100.685627,191,1603.444936
-103.387245,173,1603.578025
-146.2226,164,1603.701263
-281.298545,121,1603.79206
-235.176706,169,1604.117626
-110.117416,173,1604.247385
-57.809886,256,1604.529717
-5.923337,272,1604.732035
-91.941753,186,1604.87111
-126.566202,181,1605.109655
-0.083484,308,1605.341639
-136.157048,254,1605.624721
60.496745,255,1605.815449
-100.199048,193,1606.053437
-245.857129,161,1606.173997
-277.777743,156,1606.290765
-100.825457,165,1606.629124
-35.285877,202,1606.780421
-267.064858,147,1606.889958
-132.73694,233,1607.154571
-35.401896,281,1607.368684
181.466144,371,1607.73761
155.149159,322,1608.072099
-292.843554,129,1608.167927
-135.253128,210,1608.323979
-113.450053,175,1608.547345
-261.374362,148,1608.657653
-51.646917,223,1608.914861
-295.031926,120,1609.004746
-41.535983,187,1609.144062
-157.478971,209,1609.393015
-252.69096,173,1609.522351
-6.427203,276,1609.727472
-48.722144,221,1609.984217
-70.864786,215,1610.144093
-8.313467,266,1610.436423
-109.19981,169,1610.562526
69.138046,358,1610.919993
-34.18508,207,1611.07378
-66.273569,186,1611.303359
-76.458276,190,1611.445895
-192.049164,187,1611.584889
-42.8753,184,1611.812566
-61.28004,210,1611.968841
-76.615831,222,1612.132971
-81.57158,223,1612.390903
-102.232186,159,1612.510695
-122.555741,182,1612.738031
-136.479496,169,1612.864646
-142.86911,157,1612.982578
-63.056091,243,1613.256699
164.695773,351,1613.526258
22.181812,294,1613.951382
-58.029019,216,1614.111064
-286.004023,167,1614.433738
-102.213597,155,1614.550696
-96.839538,183,1614.687502
-134.155204,156,1615.032216
-122.670586,263,1615.227986
-112.187126,268,1615.629801
-134.782724,185,1615.769243
-5.404983,274,1616.188557
-173.365634,241,1616.367965
-98.484877,167,1616.493847
-57.853312,190,1616.863034
-11.981427,217,1617.02584
-124.307506,169,1617.377872
-93.654742,211,1617.534845
-2.65106,261,1617.73095
-177.482829,173,1618.087197
-53.262688,211,1618.244287
142.579568,374,1618.69061
-113.766619,167,1618.81537
-75.284157,196,1619.184905
-133.512076,170,1619.313676
-152.899209,168,1619.439828
-136.403031,161,1619.758117
-123.686962,180,1619.893787
-160.807907,169,1620.021431
-117.361139,172,1620.351979
-150.793932,169,1620.478825
-143.692553,161,1620.599091
-291.270987,169,1620.922226
-142.039533,183,1621.058923
-141.800296,170,1621.18663
-137.536921,164,1621.535492
-100.536697,184,1621.673528
-134.920674,180,1621.807578
-91.15321,160,1622.153854
36.292767,254,1622.344277
-135.025825,179,1622.478883
-135.712991,161,1622.826172
-148.152334,181,1622.96024
-119.294191,161,1623.080541
-124.203007,178,1623.441225
-109.416814,225,1623.608305
-98.11068,156,1623.947991
-132.590736,173,1624.076804
-14.204231,241,1624.257256
-170.524845,215,1624.601798
-22.26064,197,1624.747806
-146.995157,178,1625.104278
-127.622055,161,1625.225617
-24.855973,258,1625.416703
-109.712614,155,1625.756716
-120.575018,165,1625.880975
-46.429464,200,1626.030178
-99.609195,181,1626.389799
-118.248215,164,1626.51227
-112.001082,199,1626.660794
-128.137412,148,1626.969387
15.062051,260,1627.163381
-157.762671,148,1627.498568
-124.546783,180,1627.635067
-102.54685,185,1627.772621
-123.115943,166,1628.128767
-134.943761,176,1628.262628
-146.878881,162,1628.383248
-64.334613,190,1628.74931
-148.695513,170,1628.876679
-115.046888,151,1628.98989
-50.654601,251,1629.401076
-115.855383,159,1629.519887
-142.296798,180,1629.655097
-42.22541,300,1630.098933
-141.457418,165,1630.224149
-131.943891,158,1630.569852
-282.60928,169,1630.697029
-135.787773,169,1630.823817
-107.748262,180,1631.183578
-120.136938,153,1631.299683
-113.650098,163,1631.422568
-147.059286,161,1631.767324
-129.351404,177,1631.902444
-138.017758,178,1632.036051
-335.748582,163,1632.385017
-131.846902,168,1632.512152
-142.901735,153,1632.626904
-104.228457,156,1632.743763
-74.882264,241,1633.015673
-31.686182,246,1633.199083
-339.092078,156,1633.407927
-78.827667,195,1633.552724
18.43919,247,1633.942708
-101.455781,188,1634.082762
-144.400478,161,1634.204445
-170.719285,178,1634.429935
-115.700786,154,1634.544942
-140.597494,177,1634.676747
-27.275203,207,1634.923146
-104.337945,171,1635.050974
-78.589908,202,1635.201697
-219.825022,222,1635.460006
94.314133,358,1635.819212
-86.474421,163,1635.942086
-75.54202,285,1636.154934
-115.748781,184,1636.385899
-111.445612,172,1636.515082
-118.267136,179,1636.648862
91.841999,313,1636.976167
4.053529,345,1637.325972
75.943512,255,1637.517897
41.119317,347,1637.872122
-125.638663,168,1637.998008
-126.081008,161,1638.21016
-105.330735,151,1638.32497
-105.122715,174,1638.456011
-104.998202,183,1638.693313
-84.009088,228,1638.863442
-121.543328,162,1638.985407
-135.510287,162,1639.199312
-300.625811,157,1639.316614
-109.516653,160,1639.436337
-284.629186,145,1639.637945
-33.321031,231,1639.811463
-300.994315,143,1639.918082
-139.080238,163,1640.13249
-146.300145,170,1640.260754
-340.611993,159,1640.379496
-305.685132,156,1640.588256
-198.5041,244,1640.770212
-123.260381,153,1640.885427
-319.065954,140,1641.082014
-137.829808,159,1641.201987
65.103336,324,1641.537752
-118.938315,183,1641.674036
-151.518703,175,1641.805417
-54.936291,335,1642.148939
-296.227527,179,1642.282944
-70.833467,184,1642.514465
-108.798899,178,1642.649048
-79.774572,254,1642.840101
-123.341877,178,1643.065558
-122.468415,162,1643.188164
-86.099945,150,1643.301728
-122.507357,153,1643.508128
-101.302668,156,1644.209646
171.732515,457,1644.642071
18.70569,305,1644.86922
-33.419718,214,1645.123842
-62.74448,192,1645.270476
-82.584677,201,1645.513654
-146.098954,156,1645.632135
-154.923943,157,1645.750599
-127.837665,164,1645.965922
-132.764814,165,1646.089866
12.599633,233,1646.264177
17.472438,271,1646.560929
-161.757656,146,1646.669956
-125.41219,199,1646.91179
-145.894088,146,1647.02168
-121.838939,187,1647.161691
-158.089109,155,1647.369645
-151.823589,174,1647.500415
-130.273307,161,1647.621833
-100.957325,206,1647.866209
-112.228729,148,1647.978247
-92.442868,205,1648.130197
-134.88952,151,1648.336122
-126.057908,164,1648.460227
-161.813287,153,1648.575833
-137.039772,176,1648.800027
-138.93045,167,1648.925057
-80.739797,222,1649.091075
-149.677345,180,1649.321393
-31.640783,214,1649.480828
-130.781961,151,1649.595354
-105.337567,153,1649.802263
-111.949479,166,1649.926425
-74.274951,161,1650.046989
-143.135443,165,1650.262737
-116.485861,180,1650.398664
-146.701006,157,1650.516312
-124.887651,172,1650.82572
-66.385555,227,1650.994855
-149.912683,176,1651.125939
-154.605889,163,1651.341027
-66.641241,225,1651.511093
-143.162547,174,1651.640531
-121.369635,155,1651.849469
-164.539477,181,1651.984671
-114.705522,158,1652.10225
-101.233568,194,1652.339772
-108.978538,171,1652.467211
-143.430625,165,1652.590762
-16.278859,229,1652.855023
-109.85377,184,1652.991742
16.668213,260,1653.384308
-101.75564,201,1653.532713
-153.870807,152,1653.646938
-133.364376,166,1653.976812
-115.744205,156,1654.094819
-252.744921,174,1654.22595
-136.988333,183,1654.575994
-145.037854,169,1654.702668
-115.460419,169,1654.829405
-117.236039,196,1655.201623
-135.366781,171,1655.331171
-131.077631,182,1655.561051
-128.652871,156,1655.678225
-115.801104,184,1655.816142
-88.405289,164,1656.032221
-80.938833,201,1656.180906
-23.123366,245,1656.364611
-132.819986,161,1656.578664
18.394457,279,1656.786384
-146.358616,166,1657.003607
-137.20777,158,1657.122395
-114.736614,174,1657.252876
-134.532196,180,1657.48356
-82.751156,189,1657.624938
-35.722827,210,1657.780578
-109.529723,165,1657.997031
-56.825689,192,1658.138792
-121.799735,158,1658.257539
-103.207972,167,1658.475698
-73.08273,168,1658.602442
-100.475056,186,1658.741636
318.284726,491,1659.213328
-136.20711,173,1659.43688
-78.222181,188,1659.577461
-104.411451,174,1659.708492
-103.110351,160,1660.027529
185.221112,452,1660.591965
-179.943163,186,1660.73201
-108.766316,184,1660.869369
52.31529,251,1661.15107
-128.786598,177,1661.283839
-107.281142,179,1661.419114
-84.898078,201,1661.661324
-92.225957,197,1661.80794
-107.072129,183,1662.039054
-94.504846,155,1662.155672
-89.331548,198,1662.303204
-68.302886,208,1662.550576
-131.835012,171,1662.679822
30.704153,260,1662.965019
443.571332,493,1663.425649
-38.189658,205,1663.579325
-45.532105,272,1663.78265
-53.468263,215,1664.036203
-103.391514,196,1664.182303
-34.181223,230,1664.448259
151.754605,376,1664.728756
-15.220697,269,1665.021586
-61.375901,184,1665.160541
-108.499795,167,1665.379826
202.795631,371,1665.656643
-52.617153,208,1665.905046
-129.776093,255,1666.095535
-50.457109,299,1666.412184
-96.967481,185,1666.551043
-64.239586,285,1666.858536
-111.918214,187,1666.998723
-156.800865,227,1667.261978
-43.721987,205,1667.417992
40.275684,321,1667.751223
-81.890267,190,1667.893991
160.731155,352,1668.248152
62.685734,299,1668.474799
-5.822312,291,1668.907786
438.703727,643,1669.567478
29.858552,255,1669.984773
-122.535452,195,1670.131667
-21.764976,307,1670.589277
-103.274162,191,1670.731828
212.059586,458,1671.165467
-0.357033,333,1671.420107
-142.907406,169,1671.644354
-111.875441,253,1671.833287
-143.612273,178,1672.058763
-78.671954,228,1672.228679
-99.267946,158,1672.347083
-97.737703,168,1672.567489
-98.853964,163,1672.690464
-81.452451,201,1672.840288
37.342369,289,1673.148789
214.039039,409,1673.54757
161.693388,505,1674.130404
-81.424574,221,1674.298023
-109.816647,190,1674.645006
227.054725,377,1674.9279
-98.958142,179,1675.154362
-89.356791,220,1675.319188
-84.520845,193,1675.463298
-106.828192,171,1675.684519
-116.069816,170,1675.81243
201.81144,525,1676.299187
-42.189191,269,1676.592697
131.50753,328,1676.838019
-54.266199,358,1677.196939
8.22151,295,1677.509398
-171.145851,279,1677.718153
-71.070579,260,1678.004425
165.375399,504,1678.472261
27.147415,351,1678.736253
160.459319,323,1679.071625
-109.719496,181,1679.209679
134.936956,486,1679.664819
-27.711094,207,1679.910857
-83.076092,159,1680.030646
185.293214,393,1680.418855
225.613116,516,1680.899082
-73.213526,183,1681.035564
97.155352,338,1681.382309
240.121037,408,1681.779201
10.474229,280,1681.988184
-46.934224,215,1682.239661
656.069023,726,1682.877466
-120.438858,157,1682.995064
49.679942,271,1683.288888
28.261495,289,1683.505626
379.119474,601,1684.14072
71.746658,273,1684.345823
43.0224,345,1684.696464
-103.211825,172,1684.826315
-161.091231,250,1685.2174
-27.516424,211,1685.375167
-130.732863,242,1685.555339
-77.243907,211,1685.937564
14.695272,408,1686.472246
-27.279399,217,1686.634501
-177.283878,233,1687.010996
-201.65214,194,1687.158635
-203.896742,185,1687.298287
-87.668759,335,1687.754672
-75.33509,211,1687.912563
71.607046,327,1688.362111
276.045903,517,1688.973908
-106.451256,257,1689.372324
364.854859,442,1689.704853
46.815222,426,1690.252985
-116.855028,222,1690.517945
-129.428758,173,1690.648259
-115.463942,258,1690.842302
433.491599,546,1691.436785
-77.875534,218,1691.600437
-82.997924,190,1691.742344
-40.791918,260,1692.031175
8.884108,300,1692.254632
-143.881336,282,1692.557456
-57.693902,244,1692.739902
-312.63491,154,1692.945894
58.83852,339,1693.19933
-39.265046,264,1694.60101
364.818343,486,1695.055429
150.95323,356,1695.417666
41.6916,249,1695.603949
-317.188772,160,1695.723024
1556.592679,1000,1696.662274
-41.16596,245,1696.938826
229.942564,355,1697.403809
458.548088,567,1698.051487
261.882311,404,1698.357299
-184.137813,251,1698.75405
154.396177,347,1699.229827
-304.494479,152,1699.343082
41.629002,271,1699.548134
10.89337,252,1699.951261
-45.154859,236,1700.126906
395.469686,457,1700.671839
-286.808057,181,1701.008474
-123.725341,277,1701.215156
-117.908274,248,1701.604352
78.941083,339,1701.858691
-321.194024,135,1702.182831
-358.167638,126,1702.276551
-130.354961,231,1702.448841
9.14053,276,1702.747734
18.025249,374,1703.119622
257.615777,415,1703.430184
295.408577,427,1703.841876
-310.46258,163,1703.962942
-318.761862,154,1704.169673
-270.569786,158,1704.28823
-312.271072,155,1704.403271
49.282798,302,1704.719583
628.555414,689,1705.32732
6.737136,289,1705.635395
72.468031,263,1705.831768
321.987033,590,1706.459072
87.418064,317,1706.695629
212.37926,354,1707.150069
-6.265858,395,1707.669206
-118.387164,254,1707.860026
112.103176,356,1708.219951
-74.246111,175,1708.350708
-215.882538,201,1708.591901
-296.092482,166,1708.715466
-372.144543,119,1708.804181
49.344215,365,1709.16753
-251.243496,190,1709.309767
-243.433692,179,1709.535341
-188.527827,181,1709.669898
220.107871,366,1710.03374
-146.840546,221,1710.203151
159.025453,394,1710.588851
9.017416,323,1710.829836
120.12852,394,1711.213358
-184.233105,199,1711.55669
-295.641589,168,1711.682081
38.011516,324,1712.016214
-235.09784,180,1712.150091
-374.023433,128,1712.244774
281.614815,500,1712.7145
-228.106896,172,1712.841623
345.253366,590,1713.57413
49.530272,333,1713.822524
-323.586445,123,1714.016602
30.431337,370,1714.295812
-194.135751,191,1714.664037
426.059814,511,1715.144757
-358.319038,138,1715.248446
798.03092,735,1715.891962
69.199261,326,1716.227322
959.787467,914,1717.097904
-35.521741,309,1717.331044
425.664814,521,1717.813637
85.170173,286,1718.116779
126.136021,321,1718.448415
53.313133,273,1718.651698
514.943492,732,1719.382898
586.039356,692,1719.99387
86.547688,266,1720.191701
50.300939,365,1720.674
795.07545,725,1721.654564
-140.819839,163,1721.778149
-210.382495,211,1721.939347
-45.491103,349,1722.429495
88.470959,336,1722.888693
-10.563279,283,1723.100889
-277.89616,185,1723.435043
884.061043,806,1724.240802
63.195416,261,1724.526157
-23.590071,251,1724.712706
321.825096,544,1725.209157
407.562721,479,1725.661449
60.22622,246,1725.936551
-128.237372,187,1726.076562
28.704136,249,1726.263011
130.101419,412,1726.662719
55.158873,297,1726.974216
-347.537196,130,1727.070521
402.228284,518,1727.549309
1320.58267,1000,1728.478717
-126.786051,266,1728.768569
-350.886025,124,1728.860162
63.35256,285,1729.080197
-56.989228,315,1729.407584
116.776678,280,1729.61682
57.302823,304,1729.936968
-95.558465,236,1730.202654
-342.773313,108,1730.284204
-296.910899,170,1730.410574
53.109461,316,1730.736799
93.055,324,1730.978738
-373.354127,115,1731.153533
-41.45981,297,1731.376751
-347.975693,132,1731.474133
-362.772588,109,1731.766036
399.49949,488,1732.356963
213.295461,462,1732.701447
-339.640641,114,1732.995632
-364.224412,141,1733.100013
-362.453122,129,1733.195606
-354.165291,139,1733.29863
128.565638,350,1733.775298
143.828942,301,1734.198155
-301.500012,159,1734.316274
-31.940377,194,1734.460803
-360.424384,121,1734.780737
-16.315479,210,1734.937408
-246.011503,200,1735.0859
219.387322,367,1735.585603
196.288027,536,1736.182443
266.214752,500,1736.783052
-363.068306,105,1736.861887
-167.422056,206,1737.242007
-16.422841,191,1737.386162
-122.568207,185,1737.749692
-262.374858,167,1737.875593
449.775216,554,1738.519229
-171.749676,206,1738.674259
-13.592651,205,1739.028651
231.878852,344,1739.28967
-246.657737,171,1739.633147
483.913539,580,1740.268466
15.164943,320,1740.731889
-69.946975,213,1740.892251
-272.366383,158,1741.010419
64.163058,242,1741.424228
-6.604804,291,1741.641818
164.29413,393,1742.134661
562.193423,553,1742.737622
-262.975459,191,1743.104938
290.164628,530,1743.711359
-54.770417,330,1743.958954
-247.19238,163,1744.173571
-38.132238,256,1744.365944
-363.875622,116,1744.452358
807.188822,732,1745.188167
-297.35997,147,1745.298551
-97.415718,297,1745.612051
373.235847,618,1747.25983
-50.626014,284,1747.472918
-62.501825,245,1747.748368
557.658393,651,1748.328485
5.827776,346,1748.681091
-294.090875,159,1748.799854
-384.815656,117,1748.886891
-268.030379,174,1749.108056
-138.924281,256,1749.30179
28.410384,336,1749.648708
-23.195528,334,1749.899835
-307.565198,151,1750.106316
-333.535575,130,1750.203081
-300.755656,138,1750.306309
502.993519,602,1750.84925
-204.557229,165,1751.063128
-295.04458,141,1751.168898
-163.248115,203,1751.319657
-93.623132,272,1751.613229
-31.560994,206,1751.767052
-261.670568,152,1751.972119
-64.972092,241,1752.152711
-160.209348,212,1752.402039
-272.956473,157,1752.518572
-302.266018,147,1752.627954
-347.012766,132,1752.725728
-335.562845,131,1752.919664
-361.431195,108,1753.001114
82.618756,390,1753.407089
-359.852698,115,1753.498159
245.544403,324,1753.755897
-354.372757,122,1753.939378
-191.320925,154,1754.053472
301.225115,429,1754.469602
-161.889128,209,1754.625134
49.859553,343,1754.97269
-325.911229,134,1755.07158
-291.306471,152,1755.183717
250.800576,517,1755.753618
-21.711819,247,1755.938205
-346.286775,119,1756.026666
542.62377,492,1756.484352
-329.320255,139,1756.587275
-96.35502,233,1756.958487
-360.591876,113,1757.042233
-354.341168,120,1757.130893
449.765054,464,1757.570544
-238.763706,189,1757.803502
-280.333718,148,1757.913123
-381.112223,113,1757.99666
0.709346,285,1758.304697
-276.575407,171,1758.436011
-106.014075,241,1758.71264
-328.50799,122,1758.803684
14.432007,278,1759.010748
-320.454272,135,1759.201905
439.206708,484,1759.566377
-219.892123,163,1759.783439
-281.40105,150,1759.894546
-367.950118,115,1759.979828
-343.529872,138,1760.174435
-335.179872,126,1760.268622
-268.090473,158,1760.386156
-290.829043,156,1760.501828
-351.02117,109,1760.673965
-218.355494,171,1760.800514
-214.389895,207,1760.954292
-352.485497,108,1761.125597
-392.213358,116,1761.211263
-349.405562,133,1761.309511
-185.535032,196,1761.458418
-280.986415,160,1761.669816
-355.223362,118,1761.757144
134.248576,355,1762.112565
-295.014598,163,1762.234157
-261.395295,153,1762.347076
-265.109438,161,1762.558414
-375.231235,117,1762.646456
-379.177157,98,1762.720549
-347.501821,121,1762.810613
-312.984322,148,1763.010922
-266.451649,179,1763.144446
-338.697374,122,1763.23529
-368.681796,116,1763.320912
174.706653,441,1763.740544
-360.870746,125,1763.922625
-353.952105,117,1764.00943
-282.670756,153,1764.122762
-280.572571,173,1764.253005
-330.579079,135,1764.530095
-385.072507,104,1764.607414
17.503184,333,1765.085869
129.824076,341,1765.350113
-72.251941,357,1765.708034
851.231023,707,1766.32514
-389.509518,121,1766.414462
282.593073,419,1766.82069
-85.926705,298,1767.132491
-46.651162,332,1767.471825
-222.741287,199,1767.619431
-401.032998,115,1767.70478
78.698947,364,1768.10692
-385.149369,113,1768.189984
-376.925602,92,1768.257952
-208.945635,193,1768.492463
-282.48153,146,1768.601525
-149.782488,290,1768.816718
-105.357153,255,1769.099754
-213.265331,267,1769.394376
-289.84513,164,1769.517073
-205.201024,219,1769.679198
255.77386,526,1770.16279
299.164829,468,1770.603361
-298.478909,154,1770.716769
-267.614377,190,1770.949519
-432.325114,110,1771.030881
-63.946901,328,1771.371428
11.104063,330,1771.618479
21.559186,329,1771.957844
-236.660541,222,1772.122323
-340.628651,133,1772.312568
587.743062,764,1772.977512
-60.290219,349,1773.331259
-281.186604,186,1773.470655
-306.538746,173,1773.690963
701.94575,872,1774.435237
450.001971,624,1775.081769
212.321987,529,1775.569472
915.252897,930,1776.354288
220.987059,364,1776.716357
-251.73128,165,1776.839637
274.129653,453,1777.370397
-387.084589,126,1777.554244
386.890781,543,1778.05061
-327.164073,152,1778.163248
208.303489,435,1778.580218
247.76407,432,1778.995451
-313.091506,174,1779.125087
-419.750136,106,1779.205395
-381.347527,106,1779.283804
179.759388,522,1779.765418
357.446978,521,1780.248029
-237.8148,200,1780.487064
-277.877956,204,1780.63946
171.469948,357,1781.129318
-284.576035,186,1781.268729
-326.992496,148,1781.379528
-297.427556,187,1781.716982
583.102746,742,1782.475527
-204.33686,248,1782.884418
-291.942705,193,1783.027018
-216.781633,215,1783.412575
-375.015151,113,1783.496764
-201.273998,244,1783.678422
-312.859896,196,1784.052503
-356.937013,135,1784.15184
291.469904,496,1784.72921
-20.446528,430,1785.274871
240.450388,501,1785.743454
-334.830168,190,1785.885244
233.371364,624,1786.444272
-281.691644,197,1786.683924
-325.536697,194,1786.828844
209.825646,416,1787.233214
-259.439508,222,1787.398813
-39.537845,228,1787.661366
-335.532562,196,1787.807986
-66.316248,290,1788.116965
-60.414484,393,1788.411998
-201.136469,229,1788.687107
-301.514145,159,1788.804758
-162.012185,268,1789.22437
-407.90025,127,1789.318808
-183.201754,260,1789.722128
-315.487132,152,1789.835994
-266.127184,239,1790.015092
-222.299481,280,1790.450619
-66.3383,242,1790.632883
10.683602,445,1791.060177
3.648248,440,1791.483162
-185.073953,236,1791.665287
6.288755,298,1791.980456
-199.483768,291,1792.289952
166.398681,445,1792.717263
-188.704083,193,1792.863565
-383.37123,125,1792.955783
37.438418,406,1793.356831
-70.567004,399,1793.748574
-432.032506,100,1793.824007
-95.398265,236,1794.001905
-151.399266,208,1794.250566
-333.222444,145,1794.358115
-178.84089,181,1794.494471
-327.926683,140,1794.703455
-387.946897,86,1794.76756
-28.003694,230,1794.939955
-176.5566,185,1795.169944
-56.624007,294,1796.264366
-298.185375,178,1796.491854
-380.157297,132,1796.5903
-163.058044,159,1796.707892
54.397278,351,1797.065003
32.761464,295,1797.286898
579.426794,795,1798.076976
-417.942064,107,1798.157115
10.981819,280,1798.461059
79.398215,305,1798.694021
30.270769,293,1799.00779
333.200969,636,1799.581202
55.598843,298,1799.897432
-19.02252,320,1800.137162
-165.36453,373,1800.510185
-13.190662,226,1800.771516
-183.781707,274,1800.976478
-65.779099,431,1801.394657
115.330138,499,1801.969326
-59.676369,208,1802.125318
-69.699819,265,1802.535705
-14.149648,324,1802.777989
29.824647,396,1803.305564
-65.471947,209,1803.688382
-343.82161,205,1803.844184
35.114286,403,1804.363399
-118.108121,352,1804.625714
63.82334,409,1805.15644
-75.001622,335,1805.635237
-246.131722,225,1805.804755
393.792737,678,1806.744534
-34.254386,456,1807.319077
-49.091536,287,1807.536726
-121.20556,219,1807.911923
283.501666,745,1808.693584
-349.156201,181,1808.82916
-359.437205,128,1809.158508
144.456589,539,1809.771291
155.29539,392,1810.064692
-18.020893,325,1810.513434
133.40636,315,1810.972451
-332.780396,167,1811.097476
65.715586,325,1811.564746
-123.347946,202,1811.716168
-71.77837,338,1812.207118
50.425967,288,1812.423348
125.483958,494,1813.020227
228.135002,625,1813.689905
-86.706735,361,1814.188587
-151.006459,223,1814.591293
-107.618982,216,1814.754727
-199.940256,264,1815.18632
-54.11192,360,1815.459331
735.942143,970,1816.611601
41.391425,366,1817.120027
-313.310725,189,1817.260959
-50.488233,427,1817.782192
-54.060265,423,1818.325341
555.884414,732,1819.087954
51.968655,443,1819.622102
112.415948,312,1820.060404
-148.27334,362,1820.332639
452.145756,824,1821.383763
-399.23152,99,1821.457702
150.750723,391,1821.975362
178.412061,645,1822.697203
-176.136997,248,1823.117386
-92.704459,223,1823.290599
-66.53296,292,1823.602494
-76.358368,214,1823.763258
-16.841767,231,1824.026618
-104.032197,259,1824.221895
-227.255393,179,1824.447016
-0.961108,328,1824.693533
25.495581,244,1824.966824
-125.780723,315,1825.203342
-105.976843,282,1825.51113
-343.193834,190,1825.65264
69.464397,344,1826.001843
-121.162094,218,1826.166619
-233.775077,287,1826.476683
-11.920763,298,1826.698126
-342.236112,214,1826.951327
-127.039825,158,1827.069263
-168.658666,242,1827.342184
193.287757,431,1827.664596
-183.81214,353,1828.023237
52.754031,359,1828.384676
-186.773839,249,1828.571151
-210.680792,278,1828.871977
-99.908633,301,1829.09762
-96.771327,378,1829.473207
-59.59687,197,1829.71084
32.878321,423,1830.027027
-221.245223,295,1830.339263
-92.503434,215,1830.499839
-180.48924,249,1830.777683
-22.569958,402,1831.172441
-55.706944,274,1831.375881
47.22467,287,1831.685122
-339.317725,152,1831.798445
-228.4276,234,1832.066648
-293.045421,194,1832.211585
-87.474297,331,1832.55331
102.132195,303,1832.779642
74.596278,310,1833.104515
-236.461989,271,1833.306554
-403.248831,132,1833.496632
22.419041,282,1833.705835
-93.922361,329,1834.0438
36.110833,297,1834.268132
-62.977281,333,1834.612473
-64.282604,236,1834.789793
-234.946392,228,1835.052314
-82.208074,312,1835.286757
-296.513655,199,1835.528443
375.71041,632,1836.09304
-124.840137,322,1836.425529
27.97402,239,1836.604228
49.79265,312,1836.929388
-14.815525,208,1837.084597
-5.851153,441,1837.511637
-13.72297,285,1837.818857
-295.034358,218,1837.981516
131.701471,406,1838.382364
-416.039957,103,1838.458182
93.62014,290,1838.768535
-308.931531,179,1838.903649
23.204064,295,1839.219426
-73.979559,208,1839.37546
-310.160297,179,1839.508793
-334.887135,192,1839.745078
-335.190967,184,1839.881605
-46.755757,205,1840.034467
259.832889,637,1840.697485
-74.305747,212,1840.856879
-83.81195,233,1841.12389
-28.210096,247,1841.310163
14.934235,438,1841.836334
-327.59569,186,1841.975171
-61.458818,356,1842.440264
-340.349433,198,1842.588107
-81.423627,356,1843.079085
-327.740374,208,1843.233515
-301.534904,207,1843.580412
-284.324644,193,1843.723683
-113.276352,377,1844.204175
-391.356763,136,1844.304973
455.696039,569,1844.958323
-262.375852,270,1845.387555
-311.662954,202,1845.538017
-319.781321,173,1845.864834
-376.660476,138,1845.968204
-249.616762,189,1846.107934
-146.661752,189,1846.470438
-315.060999,183,1846.60729
18.881362,391,1847.125579
-92.17007,290,1847.344561
-1.963893,549,1847.981657
-354.660915,146,1848.317594
-245.072768,234,1848.491713
-271.930869,230,1849.708466
417.22656,858,1850.585908
-328.982209,186,1850.958872
-260.794073,183,1851.098054
-38.738676,449,1851.605246
-25.656914,306,1851.833902
-306.076298,172,1852.165034
266.751445,454,1852.74223
-222.079756,237,1852.91957
-426.009482,112,1853.002427
-317.282852,190,1853.375704
-289.698452,196,1853.520833
-206.896518,245,1853.927767
-328.6895,185,1854.065528
-161.709444,279,1854.275005
-324.505087,219,1854.642435
-201.249822,320,1855.082299
-149.539704,240,1855.263005
-402.342118,107,1855.342275
-31.056273,339,1855.8239
-334.714013,196,1855.972303
-322.194855,157,1856.313189
-314.151839,187,1856.458568
-302.416504,189,1856.599345
-340.372298,189,1856.964354
-246.697024,277,1857.171397
-413.287483,125,1857.264476
-51.727871,322,1857.73206
-147.94365,311,1858.168929
86.820274,456,1858.738419
-88.947446,270,1858.948856
-50.366465,299,1859.404327
25.579926,431,1859.952424
-234.28422,284,1860.163785
-273.966602,170,1860.291528
-258.479471,243,1860.67555
-187.876434,285,1860.887969
295.964859,668,1861.836688
118.914886,593,1862.481823
360.122304,681,1863.167575
-298.449956,185,1863.529153
-263.174467,221,1863.694532
67.411465,491,1864.296424
-268.851205,193,1864.440054
192.309761,383,1864.952149
-287.540412,171,1865.080056
-126.112165,248,1865.477141
-128.783765,194,1865.621403
-184.993531,265,1866.042614
403.799573,641,1866.726138
-102.184376,225,1867.093497
272.793051,456,1867.440476
-321.063747,176,1867.667234
7.382633,458,1868.100812
-117.843122,237,1868.279694
-107.053828,224,1868.539525
-187.528642,247,1868.724191
304.685638,555,1869.23821
-16.556072,375,1869.617498
-50.750745,304,1869.844855
-223.849748,258,1870.128762
75.296848,510,1870.605425
104.854301,433,1871.027146
-65.96327,327,1871.271993
178.910611,529,1871.768541
55.236973,273,1872.066605
-47.805309,342,1872.4168
7.743477,322,1872.658455
-89.123112,217,1872.913523
72.399044,501,1873.380719
125.900385,445,1873.809808
457.611019,727,1874.447596
-36.37655,390,1874.833305
452.128213,690,1875.446198
-138.345069,232,1875.714363
438.38739,691,1876.421559
73.29574,373,1876.875833
-182.931879,202,1877.027813
-188.589437,233,1877.202361
51.517346,448,1877.767506
-263.470728,199,1878.139785
-126.045929,368,1878.414473
-2.791125,324,1878.882289
141.918645,373,1879.384
-134.310253,248,1879.568986
-22.426202,352,1880.049937
-114.607109,217,1880.213145
-120.786842,260,1880.616709
-81.133482,323,1881.060812
-175.260201,254,1881.25339
-104.914881,215,1881.415418
-53.397579,194,1881.653223
-109.010774,215,1881.814862
-205.924229,154,1882.021273
-29.667336,287,1882.234387
27.184221,214,1882.485244
168.435896,425,1882.805184
-379.200427,130,1883.112718
380.786939,637,1883.685369
8.959875,438,1884.210727
23.299193,437,1884.628913
80.800416,440,1884.959029
-33.606473,238,1885.229326
-9.729213,339,1885.575249
1068.143373,1000,1886.516227
-132.80236,223,1886.683734
-143.451093,209,1886.838555
-71.424706,301,1887.155756
192.391921,491,1887.616215
-26.700491,222,1887.781149
-5.254178,321,1888.111711
-140.192988,200,1888.260207
47.038832,383,1888.638931
-4.312593,293,1888.948363
-107.788973,220,1889.112831
-160.48919,194,1889.258389
-81.78027,307,1889.57928
-41.054551,233,1889.844095
-181.303168,243,1890.024465
27.86495,347,1890.375583
-239.50922,210,1890.529557
-21.874048,241,1890.799506
-1.698325,282,1891.009865
-135.488086,150,1891.122348
-87.882434,256,1891.513097
76.650361,422,1891.918132
-115.3537,244,1892.099699
145.737028,450,1892.526616
118.153593,381,1892.903999
9.358909,295,1893.123137
-88.850768,221,1893.379849
40.811704,329,1893.624934
-17.886304,244,1893.897794
-37.62049,295,1894.316252
-146.246231,230,1894.490038
-133.897046,153,1894.604657
11.190349,285,1895.033122
-55.016866,285,1895.248438
-181.158085,223,1895.642114
-127.729443,225,1895.809064
121.961828,605,1896.487596
32.949772,313,1896.811245
-115.496303,219,1897.064567
-127.246033,148,1897.176324
66.864686,333,1897.424607
332.033084,478,1897.872888
-15.291506,226,1898.134614
-192.983903,170,1898.261593
-8.024054,238,1898.533399
-65.47588,282,1898.744977
13.309577,329,1899.081956
-117.487463,269,1899.283109
43.849885,366,1899.648218
11.062772,304,1899.964874
-17.101262,240,1900.143641
-164.752676,147,1900.254359
-49.963159,248,1900.534216
-27.733204,229,1900.704419
3.114227,308,1901.132094
-121.152501,231,1901.305359
8.663607,220,1901.562934
-168.210828,239,1902.543199
-29.26583,259,1902.905588
37.577087,323,1903.14691
-127.965314,201,1903.534358
-107.240753,223,1903.70041
-124.881087,215,1904.085373
182.0721,358,1904.353859
-29.148308,272,1904.786687
143.008229,386,1905.297624
67.986597,335,1905.547531
-160.935063,157,1905.901119
-161.121791,141,1906.007108
27.3072,275,1906.212498
257.961822,425,1906.75427
-52.857695,264,1907.17473
-155.590723,212,1907.332607
-11.727141,304,1907.797096
231.521158,529,1908.390294
-45.915739,272,1908.592718
34.194329,378,1909.081736
543.375598,654,1909.670873
-114.246162,225,1909.930634
-19.028872,235,1910.105891
-150.74915,159,1910.319703
104.326976,425,1910.639277
-159.337061,150,1910.843352
-177.234815,165,1910.96684
181.406196,381,1911.341234
20.459595,358,1911.607781
-98.170669,198,1911.846267
127.042911,335,1912.096704
-67.853302,266,1912.387405
-167.854413,140,1912.493082
-165.545879,186,1912.724395
27.217411,359,1912.990628
35.305,278,1913.289078
94.420499,291,1913.507106
-28.04026,245,1913.781176
-5.647974,296,1914.091915
13.261222,300,1914.317056
-153.779956,140,1914.422901
181.774664,363,1914.786732
14.659871,273,1915.08104
246.181932,367,1915.356023
-149.472788,165,1915.572249
125.87012,398,1915.870421
-111.256896,192,1916.105582
0.366325,238,1916.283389
-21.245302,240,1916.554564
-1.914663,216,1916.715648
106.405151,333,1917.162925
7.306086,238,1917.341152
174.650891,414,1917.861413
-153.399218,182,1917.996471
154.917796,332,1918.470234
81.673554,315,1918.814208
93.53163,432,1919.227388
28.540288,272,1919.432183
-103.431842,200,1919.581026
53.970548,311,1919.905531
-11.610061,253,1920.201288
-53.088021,353,1920.466448
26.584336,355,1920.823968
141.608341,390,1921.207491
77.518787,313,1921.442117
41.445809,242,1921.716583
17.278949,236,1921.893048
-208.920166,205,1922.13665
-267.860347,191,1922.278558
29.241374,356,1922.636137
75.997621,302,1922.861817
246.55791,446,1923.290249
553.730631,596,1923.934467
-134.000267,199,1924.305093
155.14705,328,1924.549121
405.777917,446,1925.111727
-90.305833,255,1925.504748
110.32971,302,1925.728755
6.245479,231,1926.118561
-250.020831,216,1926.281565
255.229045,325,1926.718664
-251.173112,187,1926.858524
219.402572,350,1927.330375
-14.58194,270,1927.532666
65.376853,248,1927.918864
176.654241,317,1928.376987
70.357842,278,1928.586447
-115.59553,185,1928.725047
88.936346,310,1929.049125
-292.711616,220,1929.214103
-53.737334,229,1929.477881
-166.154642,224,1929.643775
-160.7603,196,1930.015957
-9.459029,236,1930.193145
402.365467,560,1930.836886
-4.071111,308,1931.291935
34.955804,263,1931.489256
622.883835,588,1932.370442
-37.197526,258,1932.564514
175.011223,403,1933.090686
-11.837724,328,1933.333704
99.216514,277,1933.745608
-107.75158,176,1933.877744
-261.927713,197,1934.258873
-43.759242,204,1934.412683
-82.320437,269,1934.841218
215.569897,362,1935.11008
-37.96952,222,1935.51354
86.583745,305,1935.741269
37.46367,319,1936.216195
-82.812197,198,1936.363784
-48.559808,215,1936.75919
-7.164235,366,1937.265402
93.118891,310,1937.498517
-44.705432,224,1937.903325
495.037733,589,1938.562246
-95.020853,266,1938.760285
192.052135,363,1939.23512
-146.568746,154,1939.350526
41.692608,241,1939.769714
177.540719,411,1940.309626
-138.634321,193,1940.457347
-137.87778,180,1940.591737
188.812669,320,1941.055882
-165.463701,219,1941.218364
-122.944536,217,1941.603718
-32.439162,218,1941.76757
164.550575,351,1942.123535
-213.307881,230,1942.29562
-220.939214,194,1942.532373
-246.673179,214,1942.693331
-190.178346,228,1942.955813
-188.120256,178,1943.08835
-113.682006,189,1943.234292
5.02397,229,1943.630036
-167.651464,176,1943.761685
-31.841012,278,1944.194899
0.998468,295,1944.415675
13.651497,302,1944.849881
231.395508,427,1945.392998
6.042206,316,1945.628047
100.091788,346,1946.127453
46.77019,356,1946.617872
-138.472331,182,1946.754303
29.454197,276,1947.155082
-135.209225,220,1947.331864
-52.320562,238,1947.510403
-182.206988,178,1947.867478
-33.347439,283,1948.079301
205.36849,447,1948.636351
97.508906,448,1949.210725
-183.347406,233,1949.476774
113.657853,487,1949.843174
-129.39203,164,1950.057763
-11.221306,292,1950.276294
-12.472903,230,1950.542727
131.542139,491,1951.013002
395.131754,531,1951.50221
-43.400627,354,1951.766882
141.009673,318,1952.205542
-185.91022,243,1952.595866
29.629997,277,1952.803122
-250.909351,175,1952.934572
-78.912768,429,1953.488431
-56.835851,251,1953.910231
-18.09834,240,1954.089238
-183.329398,237,1954.482405
281.104586,433,1955.02984
1.255326,276,1955.237962
229.149391,555,1955.875681
-14.799357,252,1956.288023
-29.35316,332,1956.537725
337.079573,561,1958.072295
153.784762,356,1958.572682
-105.251059,278,1958.878159
-181.486446,193,1959.02241
-296.947579,190,1959.164989
-156.887072,271,1959.458111
-12.819731,259,1959.651247
461.696719,602,1960.403208
5.401919,264,1960.603073
107.098291,353,1960.959642
26.760722,242,1961.140392
159.265542,421,1961.545281
167.430444,378,1962.027992
171.04086,393,1962.545123
-120.930246,225,1962.711577
-0.570669,276,1963.152013
192.422407,410,1963.46078
-121.360532,253,1963.885335
-8.712194,223,1964.05263
3.070784,264,1964.487897
39.864,301,1964.713689
16.573186,289,1965.133348
567.294431,697,1965.863675
-24.849722,240,1966.252447
121.657669,374,1966.743361
-215.841716,197,1966.893483
45.282378,353,1967.390897
-22.098442,330,1967.638746
39.410649,316,1968.101076
109.828338,333,1968.523719
91.809076,410,1968.832492
6.823316,253,1969.259882
0.872233,289,1969.475939
45.440875,335,1969.928475
-23.182,275,1970.312486
-84.092569,267,1970.512012
24.125896,271,1970.918664
13.695053,242,1971.10102
-22.693645,249,1971.515032
-24.559181,285,1971.727896
-50.198805,275,1972.156276
10.081178,304,1972.384852
-254.735433,188,1972.759692
-125.96973,248,1972.945291
128.531721,356,1973.447477
365.927386,640,1974.150882
-36.546855,252,1974.558614
19.306485,272,1974.762177
-6.539678,302,1975.193306
-85.690586,248,1975.380471
-215.242013,210,1975.755081
-84.385111,323,1975.996052
329.681564,654,1976.930808
-9.624688,287,1977.15793
29.324296,333,1977.512118
154.964185,411,1977.912666
-142.037802,246,1978.09623
-34.976318,248,1978.282653
-11.942391,296,1978.609578
-35.697921,247,1978.884941
97.743461,422,1979.202018
62.487553,396,1979.593079
183.424871,549,1980.094836
246.55867,560,1980.605006
-71.25621,270,1980.899472
482.843952,867,1981.735803
-222.01873,335,1981.986075
-85.5387,308,1982.308122
12.433916,399,1982.696595
72.713605,528,1983.183585
55.675543,431,1983.506701
34.987598,403,1983.899945
-105.347396,302,1984.219047
-114.402204,232,1984.393077
131.399886,467,1984.834533
1100.680111,1000,1985.766847
285.784524,607,1986.311342
58.877024,370,1986.67661
986.115581,1000,1987.716069
-199.328494,302,1988.165774
-30.575132,326,1988.410965
-132.002184,342,1988.904186
1048.956717,1000,1990.047473
229.100528,550,1990.633126
106.753216,480,1991.219559
232.814778,639,1991.908841
58.024092,404,1992.407687
-100.545192,339,1992.858209
53.467915,520,1993.473507
-94.465069,408,1993.781091
40.139815,513,1994.406997
30.847726,373,1994.922273
1097.443032,1000,1996.129432
44.352085,350,1996.627255
390.847953,590,1997.278736
186.564774,718,1998.053503
237.048591,598,1998.710804
100.605173,668,1999.690127
402.128356,812,2000.525764
22.997593,417,2001.043653
109.031212,487,2001.647859
610.535957,974,2002.828137
632.76532,985,2003.999746
545.07454,845,2005.077768
60.160694,501,2005.686166
214.042657,599,2006.354392
279.352676,855,2007.098438
246.197495,571,2007.711225
521.621217,878,2008.469006
479.408827,965,2009.387829
-91.76433,310,2009.712578
1125.960405,1000,2010.653985
17.397361,325,2010.898872
212.952451,551,2011.402933
55.745348,348,2011.755086
48.924651,412,2013.778085
-146.864313,333,2014.253551
-41.300957,256,2014.445647
435.698878,775,2015.416158
-43.136547,279,2015.62829
198.809567,443,2016.065809
329.566276,669,2016.660847
1012.584599,1000,2017.603914
-42.712363,383,2017.9808
483.022034,908,2018.851197
-42.734872,353,2019.115926
280.579155,580,2019.738129
377.638519,854,2020.4741
1158.703641,1000,2021.412064
360.688087,535,2022.006973
129.049054,474,2022.455677
-48.089993,268,2022.748737
180.586151,511,2023.22453
-26.819884,280,2023.432967
-56.253425,286,2023.739661
-1.612509,285,2023.953168
1299.021645,1000,2024.893749
53.446489,519,2025.377334
121.871239,399,2025.7676
-336.495397,178,2025.900636
-312.872818,186,2026.132373
-208.491615,323,2026.373754
-290.633424,175,2026.715255
-325.38626,193,2026.859759
-38.007784,307,2027.17956
7.613456,424,2027.696854
-174.279562,281,2027.906701
157.553254,566,2028.419499
45.494406,345,2028.769251
-47.011332,306,2028.999138
55.165153,347,2029.441437
-48.466358,272,2029.735775
-230.50609,220,2029.902901
627.844068,787,2030.678845
-86.43127,373,2030.958964
-278.73285,240,2031.231846
-224.154777,220,2031.397412
23.819709,286,2031.702796
609.312647,836,2032.424023
-239.797311,217,2032.677608
444.701504,665,2033.361584
120.890152,491,2033.822149
-244.302721,226,2034.082582
568.96377,743,2034.866534
-338.372858,199,2035.015709
279.116179,453,2035.568797
-217.537739,229,2035.938151
127.009591,536,2036.563149
-324.878686,217,2036.725612
-207.40979,238,2037.128339
621.487472,764,2037.912631
376.440886,593,2038.59451
113.178622,630,2039.492374
-85.865365,412,2039.801058
-198.42626,266,2040.090054
303.745861,471,2040.644757
-295.419232,205,2040.79737
520.496007,833,2041.720408
17.587224,284,2041.934449
-0.084792,301,2042.249963
-6.416087,366,2042.616508
212.823393,507,2043.088813
-187.84419,304,2043.316467
-288.634843,228,2043.668065
58.242872,354,2043.932376
91.743326,416,2044.336211
-271.077294,209,2044.583564
245.2346,490,2045.040997
-222.7241,260,2045.23722
-283.262222,182,2045.373159
604.002815,888,2046.346157
-341.012803,174,2046.580276
-83.14211,415,2046.889883
119.67364,393,2047.277446
270.773684,605,2047.823795
74.377031,533,2048.413554
367.952097,583,2049.177177
-118.95678,343,2049.436946
-135.279224,303,2049.753093
1305.736827,1000,2050.686153
86.070521,507,2051.159097
-33.319262,361,2051.428558
-358.437324,182,2051.656688
-115.319211,334,2051.906489
67.71575,430,2052.318643
-111.78196,286,2052.622937
1051.675939,1000,2053.555215
136.426855,511,2054.031101
111.767654,422,2054.440405
346.480282,591,2054.974516
276.244535,499,2055.438895
97.852579,491,2055.897719
386.272371,618,2056.451472
34.161313,357,2056.811742
-349.131797,163,2056.934091
259.471403,579,2057.552627
-198.320498,259,2057.977137
-144.514072,230,2058.153901
-287.32807,232,2058.326313
-20.255454,486,2058.780555
58.58297,503,2059.355217
320.043713,669,2060.28367
-185.929168,339,2060.536868
-231.245047,241,2060.939849
-234.214523,233,2061.113684
68.680604,484,2061.572357
46.837743,555,2062.188999
-404.957778,132,2062.378613
-344.846729,167,2062.501848
-173.976454,246,2062.68389
-137.018777,367,2063.155451
265.495744,524,2067.088382
-191.56784,345,2067.546884
-164.678421,361,2067.814873
-79.646844,302,2068.13346
-354.435831,214,2068.292039
-64.565791,333,2068.633373
-203.25819,357,2068.99409
-319.509019,172,2069.12186
-173.131423,323,2069.456713
153.807671,404,2069.849853
-142.163863,328,2070.095414
-1.101168,418,2070.504735
259.56339,488,2070.960929
414.522011,665,2071.547529
0.471808,264,2071.836494
-35.18342,266,2072.033531
-286.319314,203,2072.38034
-218.219297,281,2072.588604
135.164811,392,2072.970312
-298.582575,175,2073.100426
-10.985365,310,2073.424077
-230.543048,297,2073.843308
156.330994,555,2074.48371
-286.255085,212,2074.641954
-319.763309,165,2074.765349
-84.163332,331,2075.216766
127.275948,584,2075.876115
326.70688,704,2076.857441
-117.965329,338,2077.11386
-97.401707,262,2077.516641
203.343755,496,2078.110252
59.70625,416,2078.643091
-382.575315,184,2078.780657
-164.211372,284,2078.992583
-158.655736,347,2079.448145
-169.133191,324,2079.914256
-281.794822,255,2080.104671
-366.696623,147,2080.430185
-83.003795,283,2080.640667
245.643152,626,2081.304445
-25.800506,395,2081.826065
-53.822366,369,2082.326714
-34.055491,269,2082.529522
-135.826692,325,2082.972845
-353.19788,196,2083.118954
-156.042146,291,2083.560188
2.04858,307,2084.009208
-213.938468,356,2084.284138
-305.584297,164,2084.630275
-316.016008,186,2084.768333
-331.498156,149,2084.878428
-32.434164,383,2085.362209
-290.42164,185,2085.498858
137.37347,548,2086.107202
-374.742499,122,2086.421722
405.820365,627,2086.98265
-103.435686,444,2087.523849
-40.089106,329,2087.770057
-294.156528,284,2088.179315
-174.106392,204,2088.331887
-312.716677,224,2088.696227
-134.563441,465,2089.267916
-257.006148,179,2089.401223
125.030726,604,2090.077137
-327.672913,149,2090.188953
-94.927672,393,2090.698142
-402.660887,132,2090.795981
19.206146,403,2091.325323
-258.949495,223,2091.692194
-62.104557,367,2091.966409
-107.565776,242,2092.375182
255.285203,527,2092.997972
1154.84543,1000,2094.137335
-108.471657,310,2094.36971
29.196842,420,2094.891076
447.704826,694,2095.844656
168.001038,471,2096.421093
-181.342819,376,2096.699941
-72.860531,315,2097.027695
-220.007667,246,2097.210539
-110.5909,209,2097.459898
-82.188341,318,2097.697849
0.441132,303,2098.016332
-137.460603,343,2098.364739
21.924582,383,2098.652777
-71.111162,261,2098.943698
-104.894168,222,2099.109292
-143.37621,264,2099.398866
-154.02897,238,2099.5763
-40.327291,297,2099.88989
-34.349679,331,2100.22848
-64.75015,392,2100.521856
44.790461,285,2100.827407
-111.681632,180,2100.960268
-411.557295,125,2101.143777
-324.292434,180,2101.278467
-164.106425,362,2101.640562
-437.568759,118,2101.727596
-53.773411,324,2101.974396
-154.501969,191,2102.339586
248.618824,610,2102.888258
-86.182474,316,2103.216872
-98.93261,252,2103.405195
-158.612817,380,2103.780315
-15.411641,314,2104.016103
-163.76005,161,2104.230151
-155.330292,234,2104.404282
-129.529092,221,2104.659856
153.03976,481,2105.108789
492.622982,808,2105.805979
18.324584,336,2106.148186
417.822589,757,2106.806901
94.937317,332,2107.145292
-41.032541,270,2107.345822
-322.338798,179,2107.570386
-111.500277,193,2107.713302
-239.936549,349,2108.065
-57.442812,201,2108.214461
132.729059,407,2108.609956
-25.472235,319,2109.054289
-55.280409,370,2109.332728
9.915146,283,2109.635154
343.554848,653,2110.32956
-180.212782,253,2110.611542
-0.549992,245,2110.7939
0.0481,385,2111.273686
-127.285801,173,2111.403052
-156.154063,163,2111.616026
79.821373,378,2111.897874
-126.562757,172,2112.116614
-94.008678,277,2112.322494
8.050559,357,2112.679853
246.26512,619,2113.235441
-36.548593,327,2113.571486
-75.773157,281,2113.780402
-34.181867,302,2114.095775
-89.77678,350,2114.450214
-60.135163,300,2114.673195
-68.196181,315,2114.999995
-205.155878,233,2115.173516
-111.509479,279,2115.473347
-212.847063,248,2115.658657
31.858703,303,2115.977057
405.415933,719,2116.605963
-64.320353,316,2117.07047
-1.035734,297,2117.291135
23.495815,247,2117.716501
-96.629467,363,2118.078185
424.609261,707,2118.698865
168.971102,512,2120.80043
58.028099,537,2121.425985
-167.856644,164,2121.548233
98.20073,600,2122.444746
-134.925077,400,2122.741932
-88.24788,260,2123.132877
229.424234,611,2123.681206
27.45816,384,2124.192903
-35.848906,275,2124.399392
-21.422641,453,2124.827736
270.646401,629,2125.388298
61.365683,374,2125.759272
340.05482,658,2126.435514
-232.936232,300,2126.659186
349.563341,800,2127.441371
-191.529943,347,2127.699994
-29.496862,298,2128.01386
-80.952237,279,2128.221273
154.381719,530,2128.709727
-167.479522,382,2129.086503
-64.262825,319,2129.415317
-174.697845,182,2129.551058
-97.579145,202,2129.791259
52.636115,444,2130.123074
-149.76948,270,2130.416176
81.621307,366,2130.785022
-307.936836,265,2130.98319
10.480844,474,2131.428238
-217.788199,182,2131.655456
129.997702,428,2131.97561
-72.549485,298,2132.288759
-135.56669,249,2132.47351
82.070384,442,2132.896817
-151.833368,246,2133.172866
183.117952,619,2133.72733
-215.760816,239,2133.903715
282.684482,519,2134.384003
-275.374717,178,2134.689413
-110.704021,316,2134.924797
-116.27406,233,2135.325246
-133.193124,375,2135.697651
259.457572,597,2136.23542
-71.316491,199,2136.384528
-53.818946,395,2136.773375
-102.105352,316,2137.213081
-100.648691,356,2137.480651
-16.93321,338,2137.845946
-26.971674,292,2138.063933
-91.554438,294,2138.377405
-324.854459,214,2138.536599
-73.709233,279,2138.836964
183.425611,524,2139.324291
-118.198007,348,2139.67765
-12.740886,349,2139.938641
94.881155,459,2140.37273
-115.681245,316,2140.70261
-111.254664,318,2141.033844
122.780057,499,2141.505742
-54.261078,282,2141.716144
-136.65236,282,2142.019312
394.256078,804,2142.714267
-114.319135,339,2143.05878
-223.918434,246,2143.243302
-41.680828,319,2143.5758
-263.465541,214,2143.73634
280.204948,733,2144.470363
-93.24937,429,2144.884609
293.980124,699,2145.502282
42.866878,598,2146.043412
-22.874644,441,2146.465686
-130.382952,217,2146.628448
178.622056,524,2147.115263
-69.305537,347,2147.466631
27.005327,340,2147.813839
-142.19458,293,2148.033098
217.568165,583,2148.734422
150.467757,597,2149.273658
-170.209489,390,2149.566147
6.252182,531,2150.136718
-53.934347,297,2150.449127
-2.032471,437,2150.866396
-66.58359,314,2151.193039
-177.516646,221,2151.359177
349.511093,836,2152.175879
-65.242841,296,2152.394973
-241.995188,307,2152.715999
-91.758909,316,2152.952446
-429.335479,186,2153.184137
275.185721,627,2153.747996
-137.666313,286,2154.053166
-80.19103,313,2154.287786
-246.681088,306,2154.607881
-243.938176,370,2154.884125
-252.66517,293,2155.194483
-86.11712,272,2155.489384
137.369195,608,2156.038008
-163.001219,230,2156.211877
-35.362071,555,2156.720407
313.846721,697,2157.505044
-148.154133,238,2157.682937
-115.993339,263,2157.97234
-80.843661,272,2158.176654
-59.738028,369,2158.544405
-181.037754,242,2158.725816
-12.921703,526,2159.215245
114.162353,575,2159.923196
-221.768694,334,2160.174614
493.11581,806,2161.181082
5.849361,433,2161.597858
32.648309,391,2161.892646
-254.505143,205,2162.138522
-29.515377,437,2162.559118
253.191028,714,2163.184894
-123.895829,347,2163.541432
-109.610202,279,2163.748739
241.45285,575,2164.27851
2.190613,447,2164.70753
-307.6303,196,2164.94716
-174.01772,234,2165.121432
-44.241448,340,2165.470658
-117.389077,309,2165.706016
3.453534,491,2166.164706
74.461881,452,2166.593804
-87.823434,328,2166.928354
-23.327703,246,2167.111938
-12.682227,465,2167.556413
-40.985986,350,2167.913361
118.313322,692,2168.627105
-324.483388,191,2169.568479
7.236337,534,2170.057714
-4.811103,345,2170.317728
-293.474614,181,2170.54506
246.531174,602,2171.091462
234.281645,583,2171.621803
-154.210744,206,2171.775022
-111.518734,348,2172.126986
102.523885,370,2172.495203
349.073313,684,2173.099423
-208.222992,231,2173.376269
1240.601489,1000,2174.323095
-122.570973,433,2174.645995
-27.280692,290,2174.955238
-3.044376,387,2175.337219
-79.579231,322,2175.577171
102.559344,590,2176.10851
699.636906,980,2177.034594
536.191166,827,2177.847237
41.944433,437,2178.26693
759.468847,1000,2179.205696
-28.053028,337,2179.45822
15.985541,367,2179.828406
-66.805138,316,2180.156289
-106.235189,374,2180.530131
316.710168,699,2181.147288
-155.553714,339,2181.497564
47.864638,618,2182.050368
-172.407789,426,2182.462743
-12.371352,507,2182.93782
-276.291187,249,2183.125
39.843236,457,2183.559923
-376.599448,189,2183.700711
-33.075129,315,2184.028539
436.167973,968,2184.955791
2.458703,377,2185.331991
-50.845113,432,2185.65743
-173.09182,376,2186.030998
1079.82099,1000,2186.97099
-164.363938,349,2187.323507
109.086722,513,2187.800497
-232.748046,377,2188.175777
136.196656,606,2188.724922
35.587492,353,2188.99376
-344.573071,203,2189.356792
43.980098,437,2189.895036
-138.269069,321,2190.136995
-97.810024,269,2190.545426
-145.772931,359,2191.015313
-6.239954,422,2191.333864
-158.383568,211,2191.728787
-259.535178,226,2191.898161
-36.805297,305,2192.36501
266.335443,581,2193.038884
-184.360599,214,2193.198534
75.577403,452,2193.716566
-13.486654,385,2194.213676
-0.615447,357,2194.717504
-34.168232,535,2195.319976
18.986726,373,2195.597756
-332.263899,196,2195.94968
-24.414807,496,2196.553895
331.656872,645,2197.260852
-199.77609,251,2197.681311
-51.24164,418,2197.997472
101.933751,466,2198.555793
-133.96569,274,2198.986159
-99.797264,346,2199.247003
-224.700137,297,2199.679958
123.017711,748,2200.689541
96.545772,451,2201.027018
-346.690167,169,2201.358957
134.1352,511,2201.963815
-291.805696,282,2202.174461
-309.869178,287,2202.612878
-297.929845,258,2202.805613
-135.408338,399,2203.327055
-318.242195,264,2203.722593
-152.399035,292,2203.942312
366.296791,777,2204.844661
-69.907251,341,2205.10157
206.391611,551,2205.73397
-254.505543,255,2206.139987
80.43629,763,2206.913372
104.049731,740,2207.900941
185.521242,620,2208.454715
79.674221,376,2208.931773
95.304216,612,2209.614117
-172.204417,212,2209.771753
-114.166616,233,2210.16968
174.899995,510,2210.781852
-7.889981,500,2211.385744
212.480143,526,2211.870139
320.836253,642,2212.438901
425.904231,813,2213.233389
-303.834821,230,2213.404586
-219.096069,271,2213.700499
55.167732,565,2214.2167
418.295001,899,2215.076623
-185.9379,227,2215.246451
427.435421,840,2216.265742
-57.199156,291,2216.483299
-108.97956,547,2217.117827
112.826384,498,2217.582967
75.226367,446,2218.007823
-148.906553,243,2218.281497
-79.333393,287,2218.496442
-132.560422,205,2218.740948
-132.404194,511,2219.217484
241.846755,757,2219.876629
232.640774,550,2220.377938
-90.64616,430,2220.801278
-334.620271,267,2222.060441
48.51886,424,2222.376879
-188.098375,230,2222.642419
297.275342,630,2223.208741
128.552265,688,2223.815749
1008.267903,1000,2224.751034
376.589034,698,2225.459218
65.226712,430,2225.884539
-428.734109,209,2226.039511
-339.341831,222,2226.203059
47.086366,472,2226.64587
-23.140437,548,2227.145879
368.838964,791,2227.92242
131.649536,700,2228.535714
110.756007,454,2228.966617
-271.120126,283,2229.268805
-7.210201,243,2229.450776
-173.89458,387,2229.829505
-167.212974,451,2230.258626
144.494983,497,2230.718634
939.681012,1000,2231.68346
-59.463322,488,2232.139444
-364.306571,203,2232.290036
-37.867098,507,2232.760084
335.963078,898,2233.613086
-220.291075,235,2233.786805
953.10832,1000,2234.719886
-358.401491,223,2234.976761
15.001709,420,2235.381864
414.068073,804,2236.081436
-131.930638,273,2236.375577
38.112441,430,2236.69581
336.229749,756,2237.451349
-69.107233,450,2237.879081
-147.50965,455,2238.308729
438.953383,776,2238.979244
-315.86221,291,2239.291868
255.077355,767,2239.955081
-108.402249,270,2240.250063
240.465776,741,2240.897551
-370.951671,180,2241.122577
227.793753,519,2241.710503
-106.095003,322,2241.950491
-281.358575,255,2242.33945
-277.98804,279,2242.547132
-135.935734,397,2243.067848
-197.681891,436,2243.617177
-153.759517,412,2244.148856
-119.306546,269,2244.351901
340.5109,920,2245.46557
157.194485,594,2246.133268
-348.802421,206,2246.385146
211.041097,699,2246.997821
-286.003737,242,2247.178383
-116.440917,290,2247.485181
-207.826537,212,2247.641939
74.332559,599,2248.274586
-174.717475,184,2248.411605
-79.910354,453,2248.842492
202.31375,728,2249.481758
388.431979,747,2250.225541
20.58976,585,2250.755277
-50.47236,549,2251.256112
-121.282437,429,2251.667287
-36.905309,328,2251.912801
927.072882,1000,2252.875237
78.886359,649,2253.54631
228.65567,785,2254.230033
-58.417435,469,2254.676239
212.467368,811,2255.470902
225.662867,688,2256.079173
-106.827371,434,2256.495939
455.976066,958,2257.419406
-17.248615,374,2257.699084
86.977126,437,2258.115486
-142.809459,364,2258.47582
-100.497911,274,2258.773504
-98.207031,254,2258.962943
897.40492,1000,2259.899043
-59.352674,463,2260.340634
-96.678172,435,2260.758635
499.813181,934,2261.643728
884.15274,1000,2262.591311
-73.94718,405,2262.894372
-59.087485,471,2263.342738
60.134745,534,2263.834517
-2.232692,467,2264.277778
-7.766166,319,2264.607186
190.084744,611,2265.155052
131.342507,508,2265.63187
-60.85505,331,2266.102118
-52.900661,407,2266.406864
899.909406,1000,2267.604418
173.701211,746,2268.597144
921.656506,1000,2269.533395
-261.982063,296,2269.755715
265.274045,697,2272.752824
-56.962784,258,2272.944583
-51.033337,294,2273.388656
-106.224934,263,2273.584427
90.710422,486,2274.087162
-15.758887,445,2274.513685
36.042534,445,2274.939448
-49.286571,327,2275.367256
197.854053,552,2276.004897
-104.873185,268,2276.204616
59.894732,407,2276.731949
-303.122696,195,2276.876995
-195.221747,335,2277.349701
-155.089049,416,2277.883275
-15.793259,490,2278.430661
237.35322,676,2279.15913
-256.748773,254,2279.564698
-2.570188,356,2279.830511
448.752322,968,2281.002952
419.406942,806,2282.029604
-190.348557,189,2282.170003
-315.244766,215,2282.553181
-79.359783,528,2283.174466
71.955888,520,2283.789778
360.234697,708,2284.546428
-228.113346,284,2284.981243
-201.846308,169,2285.107068
-54.831538,360,2285.580569
-120.66614,396,2285.875646
-160.676292,217,2286.26014
38.413099,443,2286.79926
375.881542,946,2287.887448
-268.736041,265,2288.085411
56.525406,405,2288.60902
-272.909724,184,2288.746818
93.005207,437,2289.281136
115.345316,509,2289.869664
1053.447223,1000,2291.045116
-73.965642,441,2291.595743
-118.968866,287,2291.808655
4.348011,542,2292.650641
44.087804,416,2292.965253
-116.155534,272,2293.391606
-108.656031,210,2293.546407
361.244017,738,2294.557403
-103.757941,351,2294.816896
-218.592504,180,2295.174641
-97.428251,263,2295.371674
-130.933,214,2295.753701
76.253972,507,2296.222657
149.942158,439,2296.639752
986.738796,1000,2297.479113
12.297737,456,2298.015002
826.652873,1000,2299.080709
331.943265,819,2299.882198
183.130554,541,2300.488946
274.742259,754,2301.147052
-200.37342,199,2301.386858
-183.134994,362,2301.746839
416.029094,793,2302.427706
-159.081755,366,2302.788929
914.81844,1000,2303.835055
-92.925511,467,2304.351633
-190.007769,372,2304.628677
180.622211,457,2305.195678
8.306074,463,2305.751028
887.455868,1000,2306.96465
29.10881,467,2307.553714
-52.952391,449,2308.112304
-245.782338,300,2308.536092
175.39412,635,2309.21806
353.309996,731,2309.986439
139.748315,528,2310.58318
65.846828,440,2311.105543
-117.366988,287,2311.550613
-114.662796,278,2311.758068
-347.532753,269,2312.15611
52.168719,507,2312.760769
666.236909,963,2313.892217
-6.258526,525,2314.506619
-38.319004,413,2314.816089
3.5057,382,2315.326666
31.9816,376,2315.831733
-170.900728,336,2316.306059
-47.404629,451,2316.643105
571.080702,743,2317.615188
-170.969487,374,2318.117025
-250.002187,274,2318.322777
-269.066748,222,2318.712712
-247.838596,266,2318.911418
-325.743775,233,2319.306412
-93.066923,340,2319.563219
212.787099,528,2320.178657
251.812144,718,2321.134138
-241.675572,192,2321.278109
-249.777726,287,2321.715065
52.202396,542,2322.211032
-206.955175,380,2322.495259
-208.796403,287,2322.801183
-140.428067,326,2323.135484
-270.161913,254,2323.3259
-77.280407,280,2323.626358
-28.843178,247,2323.810693
-116.382899,271,2324.107705
-89.857012,272,2324.312854
-108.551329,273,2324.612389
-29.238546,376,2324.892552
-181.0441,326,2325.316542
-385.538906,195,2325.463783
142.981978,531,2326.282741
-264.242897,276,2326.490643
-139.875816,315,2326.934184
-96.425582,404,2327.236064
65.069964,468,2327.810261
-54.406644,289,2329.277332
-334.711346,196,2329.423132
113.435346,485,2329.986177
-144.95326,265,2330.406934
-118.785749,469,2330.980283
-214.358402,287,2331.193388
44.624136,380,2331.699438
-165.378075,375,2332.202281
-99.117993,276,2332.407004
-259.979273,227,2332.667012
57.461589,421,2333.073048
59.611057,475,2333.431017
-245.752904,233,2333.696123
20.631239,502,2334.163559
-119.116334,316,2334.49318
-174.703335,215,2334.653574
-104.599974,393,2335.040224
-5.325291,435,2335.463007
161.084247,540,2335.969507
-155.876574,346,2336.229413
448.28481,991,2337.159403
19.280528,407,2337.55415
109.076328,710,2338.30318
-153.440045,247,2338.57953
-83.901637,365,2338.94502
-174.218886,181,2339.080737
-239.622144,310,2339.405545
-90.773504,522,2340.003473
-134.179143,379,2340.293188
117.976733,547,2340.796741
-57.291337,425,2341.206716
-36.248008,523,2341.688768
-132.36731,301,2342.017628
34.868214,401,2342.4102
93.878539,606,2342.957736
-189.330434,310,2343.18955
58.422604,469,2343.63096
-274.516508,294,2343.942301
-261.006017,279,2344.150129
-137.096018,321,2344.481884
-66.286921,342,2344.830265
-271.84257,247,2345.013285
-33.197595,305,2345.342883
-78.568799,449,2345.770334
-214.312283,267,2345.969344
-266.064837,233,2346.237298
98.280914,445,2346.662212
68.357959,580,2347.188403
-55.05687,290,2347.405004
3.681298,352,2347.761522
-125.214271,366,2348.128375
-265.937744,259,2348.32162
-288.395525,281,2348.624993
26.300062,505,2349.203752
54.977099,401,2349.504171
-176.385541,288,2349.925039
106.53401,533,2350.524865
837.379204,1000,2351.471081
75.308204,434,2351.886595
-176.81907,308,2352.115483
-69.465192,391,2352.49883
1049.71287,1000,2353.663454
-294.228662,278,2354.115422
-326.99475,222,2354.282999
-318.557477,272,2354.690497
88.837927,446,2355.230543
-279.332304,284,2355.443503
-207.013461,281,2355.856758
152.624299,708,2356.612724
887.711971,1000,2357.805503
-236.85804,293,2358.116886
203.714962,635,2358.692562
-202.354968,288,2358.909748
-321.741492,210,2359.159646
-16.447866,455,2359.594458
237.760586,835,2360.316664
497.251878,807,2361.110362
-245.458903,283,2361.322868
24.042296,383,2361.701349
935.49491,1000,2362.644123
937.501359,1000,2363.582806
-257.584781,271,2363.880521
-272.757283,212,2364.038657
514.066943,846,2364.858266
-210.207589,295,2365.078243
55.851708,513,2365.555095
1020.666181,1000,2366.493492
-260.140714,236,2366.761779
-233.905331,338,2367.014452
-225.713585,278,2367.314512
909.835402,1000,2368.254504
-82.610546,346,2368.511753
80.024803,428,2368.924024
-161.442563,327,2369.262727
-233.097131,174,2369.392999
-167.702366,274,2369.688845
136.306943,618,2370.24268
979.72803,1000,2371.181024
993.812895,1000,2372.118095
372.246903,889,2372.969415
-172.752881,425,2373.377877
-202.009779,447,2373.712325
139.367538,625,2374.455522
106.424858,589,2375.124089
-209.50712,252,2375.312791
-139.306833,434,2375.731524
195.074859,696,2376.344625
150.827232,602,2376.980177
168.224752,553,2377.486785
-256.715344,280,2377.69607
-64.236943,356,2378.055652
-88.352477,460,2379.522829
-200.216956,332,2379.86193
-125.545341,275,2380.067775
-258.002676,254,2380.349006
-105.415415,508,2380.821693
-293.628586,230,2380.991957
2.855035,479,2381.442661
937.71506,1000,2382.37728
-176.994745,210,2382.534331
560.49339,932,2383.41751
201.792207,780,2384.192354
-40.529997,400,2384.494477
-146.257999,402,2384.887583
-129.046186,296,2385.202301
79.951523,512,2385.68093
-108.070732,386,2386.060291
-21.070271,348,2386.321321
-338.345407,197,2386.559818
193.939528,708,2387.183511
101.76388,575,2387.708163
-348.077762,193,2387.852287
-246.011301,352,2388.207383
-236.811809,292,2388.517232
168.724178,491,2388.979747
-83.498531,429,2389.39663
87.662,533,2389.891469
105.631432,714,2390.522366
54.244362,551,2391.027008
-101.714871,464,2391.564359
-92.406028,262,2391.764046
158.738101,641,2392.431012
-240.863569,182,2392.568404
404.08884,769,2393.333071
121.616215,574,2393.859727
-198.157852,205,2394.011719
-113.425047,280,2394.314634
930.549076,1000,2395.255177
68.680385,490,2395.728739
18.137294,540,2396.226033
-132.201082,462,2396.664983
154.727424,575,2397.191339
-364.743868,185,2397.329565
188.289844,651,2397.910715
-19.493376,578,2398.437317
240.520686,742,2399.187521
434.736576,836,2399.912936
71.955407,545,2400.507024
-265.671931,295,2400.727945
-219.180516,200,2400.981041
-38.873222,372,2401.259907
775.583515,1000,2402.199429
96.736105,564,2402.715928
69.292531,628,2403.373266
-105.789462,261,2403.57021
299.756343,864,2404.530039
-14.194476,395,2404.827135
2.864861,434,2405.246347
-27.193697,476,2405.695057
979.86982,1000,2406.774735
-144.019084,280,2407.211255
900.063221,1000,2408.382929
289.958768,783,2409.198339
301.429779,698,2410.125911
-91.556753,298,2410.349571
-168.326444,341,2410.830063
-120.399115,466,2411.276012
-288.236543,304,2411.502783
-75.603823,361,2411.865921
23.153648,530,2412.355808
-321.019567,220,2412.610971
-51.241009,600,2413.154832
1032.73183,1000,2414.205796
46.236304,460,2414.778682
-367.487498,193,2414.925558
-153.881197,244,2415.109297
-296.782796,273,2415.524295
39.032345,599,2416.172319
-243.028881,331,2416.643146
-183.931135,300,2416.865453
8.696607,460,2417.307047
-233.064021,227,2417.699598
-85.278666,382,2417.984018
-232.069016,274,2418.28142
-197.991458,442,2418.811205
167.211636,610,2419.495735
-223.030805,347,2419.983149
-294.222233,271,2420.187272
-269.77617,236,2420.455541
-301.421452,197,2420.602531
-70.812495,261,2420.892109
119.723779,517,2421.37941
-259.105805,288,2421.595324
-220.445125,239,2421.997537
-295.063654,261,2422.193318
-57.508844,398,2422.68969
-196.358701,347,2423.042184
-70.451289,461,2423.38849
-50.124884,361,2423.751682
-64.779127,556,2424.260766
-267.672724,233,2424.529372
404.999445,744,2425.179245
-273.580422,230,2425.443596
-38.389527,493,2425.907618
-120.339212,251,2426.095293
330.113118,628,2426.65898
-219.980794,252,2426.938169
-259.506828,351,2427.200018
156.124842,531,2427.78825
-180.636353,381,2428.070332
-157.641015,310,2429.669298
125.956283,524,2430.265047
-26.49116,468,2430.821186
35.626199,328,2431.066895
913.056327,1000,2432.006806
-245.430226,351,2432.366135
7.592445,353,2432.720642
-228.829984,441,2433.253985
-110.571029,532,2433.878097
-326.666713,274,2434.084776
-127.353917,419,2434.604429
256.460894,810,2435.614616
-205.608463,365,2435.890009
291.527533,810,2436.931602
-247.750483,279,2437.142145
91.518738,480,2437.726769
421.422649,982,2438.656965
-263.374526,252,2438.937351
145.528794,459,2439.376124
87.643248,486,2439.832072
-158.983029,428,2440.154313
358.991193,771,2440.916257
-58.033194,420,2441.323875
-245.348654,280,2441.533099
151.692471,718,2442.257125
-147.707885,389,2442.638854
-320.647201,298,2442.862427
1.855557,521,2443.350176
-349.897112,193,2443.493438
-280.755903,221,2443.752496
-168.696463,439,2444.182194
-254.991863,229,2444.355607
237.278853,501,2444.825978
-128.455524,419,2445.234333
-279.118727,212,2445.393193
-144.759631,374,2445.766208
-104.005349,383,2446.14433
-98.231064,463,2446.583222
114.345378,764,2447.252949
-366.648273,187,2447.484457
-370.055758,189,2447.628227
-396.002138,207,2447.782926
26.756415,487,2448.239804
-235.355937,341,2448.588193
-269.298166,311,2448.913558
275.201912,942,2449.804471
202.827341,776,2450.482076
-349.775107,183,2450.61958
-342.554588,281,2450.923915
-164.56618,257,2451.116788
-290.414736,354,2451.479552
186.729552,740,2452.38866
-288.914851,224,2452.55613
-357.288621,167,2452.680558
-433.709753,187,2453.046657
-64.136973,316,2453.281936
-325.147985,197,2453.63038
113.684428,478,2454.189152
-417.002978,201,2454.338917
-187.06399,251,2454.727924
-118.795513,448,2455.068336
-357.532234,191,2455.412197
-246.659684,430,2455.936716
-57.671568,370,2456.217122
-123.934565,261,2456.50749
302.104739,817,2457.214999
-79.959427,257,2457.500603
-360.935218,229,2457.670138
-240.35211,367,2458.036764
146.137663,562,2458.550324
-287.702863,310,2458.881318
-394.005307,207,2459.037061
-425.712538,200,2459.283143
-88.603153,442,2459.615515
118.442459,612,2460.517245
-406.228387,195,2460.662916
-201.561895,367,2461.146235
-149.737078,404,2461.540172
-164.922738,467,2461.888844
-106.49773,458,2462.325362
-268.455579,304,2462.643366
-92.820876,520,2463.269072
-247.271668,233,2463.442832
0.435105,345,2463.794489
-413.846524,199,2463.942219
-346.186682,175,2464.166099
56.322332,614,2464.720981
154.765073,570,2465.24073
-89.736322,420,2465.651867
296.569264,588,2466.295918
-432.749555,197,2466.445011
-217.120981,230,2466.842595
-234.390316,314,2467.303086
-419.37871,186,2467.441745
-327.771962,168,2467.568816
-330.578914,264,2467.858101
49.293117,452,2468.291427
-301.322678,231,2468.464169
-344.214044,250,2468.742211
-395.489552,197,2468.890145
-108.726031,554,2469.400945
114.338438,626,2469.962388
-166.745751,309,2470.286269
-5.716813,452,2470.715485
-110.493819,552,2471.220562
-407.718807,200,2471.369553
-128.337667,279,2471.680854
683.281258,1000,2472.625115
-33.668889,480,2473.07488
-306.820915,288,2473.292044
984.969532,1000,2474.232871
-283.432417,251,2474.630233
-111.785532,244,2474.814433
126.840409,649,2475.481074
-366.403843,235,2475.880234
-229.417627,322,2476.315495
-152.825064,462,2476.676116
-420.673023,224,2477.066323
-276.549909,298,2477.289265
-345.755794,210,2477.664115
34.831166,351,2478.155011
-282.49729,363,2478.428225
-173.79726,512,2479.037348
-327.497803,280,2479.483788
-238.644967,254,2479.676263
-144.275861,260,2480.072608
-170.018302,267,2480.272974
-54.424335,406,2483.19069
-53.96237,374,2483.675134
-275.884149,238,2483.852948
-316.553836,364,2484.352808
-168.524522,360,2484.830754
-340.765606,171,2484.959415
-140.029822,309,2485.414826
69.160102,483,2485.979866
-219.773938,232,2486.15433
-158.391207,386,2486.653869
-361.255647,192,2486.796786
-327.354912,203,2487.149366
-262.469964,263,2487.347106
-33.997088,407,2487.85445
-296.706294,199,2488.001815
96.712628,574,2488.658095
-35.337834,352,2489.140816
-36.274678,585,2489.774735
192.277656,874,2490.854308
-16.122035,418,2491.372896
877.122502,1000,2492.566356
-241.25119,361,2492.838639
-303.689658,285,2493.278037
-287.912669,240,2493.459443
-248.362271,442,2494.028092
-162.221009,325,2494.473218
44.562296,690,2495.166531
-242.640945,228,2495.543071
-409.562775,209,2495.699207
-15.17183,634,2496.378241
-33.051694,638,2497.257382
-125.687299,371,2497.536437
-315.355838,263,2497.96143
-127.616818,446,2498.389247
35.71447,567,2498.906029
-366.328967,175,2499.03623
-337.8031,296,2499.353328
-331.616984,168,2499.477926
-140.329535,311,2499.800903
-407.400416,210,2499.957357
-227.720424,319,2500.292554
-232.309136,322,2500.532412
-150.914016,454,2501.073382
-69.91055,410,2501.526984
-118.617633,351,2502.016475
-232.708313,347,2502.27575
-0.997644,488,2502.866828
-187.290935,542,2503.498308
69.098308,561,2504.364922
-136.209414,424,2504.688061
155.10312,808,2505.758605
733.246092,1000,2506.920838
76.337949,679,2507.623229
725.896593,1000,2508.814013
223.037027,774,2509.837697
316.907208,752,2510.638103
-186.7822,451,2511.210072
807.04226,1000,2512.392312
201.447755,710,2513.160514
29.109473,519,2513.779689
17.371768,794,2514.81129
-315.803404,286,2515.025082
-28.930723,495,2515.598655
-267.098422,259,2516.016503
-382.212807,294,2516.464875
99.894457,808,2517.304854
-111.514896,691,2518.027333
-367.21565,289,2518.469017
191.387356,817,2519.271929
4.157827,630,2519.836673
58.891669,630,2520.402027
-273.6787,387,2520.784278
619.330878,1000,2521.719429
617.739195,1000,2522.656983
112.351731,704,2523.275327
701.415309,1000,2524.210469
856.012268,1000,2525.157834
-175.348481,469,2525.601066
800.15937,1000,2526.538226
-247.234372,282,2526.748497
-47.492069,551,2527.251396
731.713237,1000,2528.191143
837.783395,1000,2529.132989
290.888539,910,2530.000566
727.245819,1000,2530.936495
752.02214,1000,2531.876363
-78.63472,614,2532.430917
-110.106694,427,2532.846572
-4.792055,591,2533.381207
737.069841,1000,2534.319178
745.875832,1000,2535.254822
658.004847,1000,2539.699216
724.606629,1000,2540.63546
-57.957708,560,2541.148163
682.093772,1000,2542.084001
469.432413,1000,2543.018877
141.303334,661,2543.607069
78.785017,888,2544.459209
504.536754,1000,2545.397349
606.34208,1000,2546.334772
-122.199918,448,2546.76045
-78.08279,482,2547.209369
750.840348,1000,2548.136814
-176.487607,328,2548.380374
669.956941,1000,2549.418227
74.831342,555,2550.067046
-113.03457,384,2550.587431
-104.050557,350,2551.049762
-2.858809,579,2551.684658
294.123554,902,2552.786569
-152.160112,451,2553.333539
722.802999,1000,2554.273375
822.909077,1000,2555.208206
-432.13543,212,2555.366741
9.292969,554,2556.004815
751.820736,1000,2557.200192
833.08308,1000,2558.353488
790.538769,1000,2559.566691
-183.049829,261,2559.761616
57.603737,690,2560.726331
330.071806,968,2561.908909
769.483139,1000,2562.947962
-9.489383,493,2563.407314
-66.335948,358,2563.674806
123.041909,570,2564.191982
-199.556155,382,2564.572294
-325.303915,225,2564.832365
-430.214793,213,2564.991376
831.583789,1000,2566.176038
648.927755,1000,2567.374254
84.130601,607,2568.055232
-142.695659,399,2568.580014
73.176339,669,2569.288545
-194.441407,297,2569.734476
107.141663,552,2570.368919
734.383997,1000,2571.43469
-233.504549,403,2571.828777
-160.834457,264,2572.026009
967.922118,1000,2572.958653
132.271148,741,2573.69667
-10.519654,580,2574.224917
33.878349,516,2574.721365
-151.504835,243,2574.905126
-73.498121,514,2575.384621
-166.572804,473,2575.954051
-48.31865,477,2576.414964
-132.673637,424,2576.823404
-185.382309,326,2577.067708
821.959324,1000,2578.012448
-349.863368,289,2578.320488
-194.738557,397,2578.709493
-112.530201,392,2579.091879
928.019054,1000,2579.941403
165.311469,765,2580.698987
155.276113,731,2581.339026
747.174001,1000,2582.378828
-182.09101,230,2582.751527
246.538664,893,2583.610919
-56.450812,549,2584.11073
734.148774,1000,2585.042487
-235.280815,285,2585.256529
-323.720356,228,2585.519676
955.951011,1000,2586.450924
800.385993,1000,2587.289673
69.153575,637,2587.951921
716.028744,1000,2588.88944
844.189162,1000,2590.059254
699.433007,1000,2594.748459
828.805626,1000,2595.924796
-473.36261,125,2596.016927
702.270963,1000,2597.206539
-52.173778,401,2597.50898
-158.404316,330,2597.987926
-100.093843,643,2598.696322
45.422695,620,2599.563817
700.147467,1000,2600.780167
733.671218,1000,2601.974166
703.768818,1000,2602.928061
-167.856714,323,2603.395085
718.896883,1000,2604.587746
-411.689317,187,2604.72802
-292.725882,205,2604.971872
-188.950646,380,2605.35334
-142.187814,232,2605.533153
803.533018,1000,2606.468846
135.98456,873,2607.303792
-356.322302,292,2607.521934
-101.809286,418,2608.030818
-235.13429,305,2608.481561
793.125621,1000,2609.659504
-155.719808,529,2610.180502
690.706443,1000,2611.381484
112.309141,675,2612.108042
-222.445635,230,2612.28036
-212.034595,548,2612.914916
-267.309021,271,2613.348001
-208.584535,260,2613.54297
-243.434114,253,2613.951525
-203.730598,371,2614.454525
-93.148586,281,2614.663877
-100.035558,339,2615.117058
-31.367838,614,2615.792927
73.32978,733,2616.773049
-230.821627,261,2616.970461
127.832051,841,2618.024795
-117.398037,638,2618.72513
-211.795056,302,2619.174584
-209.996429,234,2619.352223
-161.001219,264,2619.550224
-214.401924,271,2619.978525
-122.570889,397,2620.474839
533.204196,1000,2621.626004
-356.537645,229,2621.797081
-252.284382,219,2622.184853
-232.997285,251,2622.371856
-186.11568,257,2622.786246
181.004846,875,2623.664297
-117.526909,534,2624.302819
-160.405573,419,2624.823489
-88.887428,350,2625.290306
26.526114,740,2626.071186
-147.877045,236,2626.448641
753.42486,1000,2627.625803
588.180464,1000,2628.824164
684.8594,1000,2630.028859
633.045758,1000,2630.96614
163.051903,739,2631.627543
-286.428055,248,2631.902654
-50.585734,487,2632.267721
493.104375,1000,2633.462534
-144.701543,394,2633.863375
209.016002,913,2634.73334
-229.120146,371,2635.100022
380.481047,1000,2636.031615
-203.648625,224,2636.198464
659.147784,1000,2637.316806
-213.816244,277,2637.755388
116.21303,793,2638.577668
-232.145714,316,2639.035395
644.849753,1000,2640.195015
282.160134,941,2641.348337
481.897495,1000,2642.331163
-261.437866,491,2642.927714
50.64531,959,2644.081536
-40.152322,417,2644.617063
595.752062,1000,2645.808553
81.089488,670,2646.542559
-64.019246,585,2647.397118
-262.461424,380,2647.680221
-256.869394,232,2648.051379
-368.498567,243,2648.232014
612.902276,1000,2649.425997
381.230907,948,2650.587785
594.987013,1000,2653.131907
802.369055,1000,2654.217669
65.690294,606,2654.763918
-240.292703,226,2655.023414
762.460004,1000,2656.067924
-401.42288,228,2656.238547
541.997165,1000,2657.168465
782.235533,1000,2658.102507
-248.616367,237,2658.28178
-279.986976,349,2658.632601
-398.759478,240,2658.810243
17.291196,410,2659.208287
52.453854,498,2659.670861
-78.748529,347,2660.022095
371.166787,988,2660.94547
-237.984987,245,2661.128566
-354.632928,202,2661.475622
24.230849,485,2662.073466
423.623713,936,2663.018039
-18.452578,570,2663.958495
5.418642,478,2664.426999
804.460345,1000,2665.303585
-393.265304,216,2665.648144
430.953714,988,2666.616451
209.991795,838,2667.378501
-305.8509,229,2667.984535
-291.953922,227,2668.16444
-147.77656,426,2668.601428
-121.7711,259,2668.977457
-24.974794,444,2669.690551
218.775566,732,2670.740057
72.029614,457,2671.460644
-416.717659,191,2671.695068
-82.877528,383,2672.309021
-248.645769,226,2672.587636
-97.206264,366,2673.18576
-183.490419,243,2673.637268
-251.326583,261,2673.957689
-160.692808,263,2674.428965
-150.503189,261,2674.75017
177.710938,769,2676.072316
-468.745152,201,2676.321041
-168.276146,332,2677.002707
-410.436461,203,2677.247466
-259.096805,233,2677.752357
-78.042898,417,2678.259632
-196.252961,229,2678.711537
-218.860667,249,2679.019516
-220.553032,283,2679.508171
886.437287,1000,2681.230314
-100.120311,514,2682.146676
-256.068524,328,2682.531802
144.892712,693,2683.991659
-400.50786,199,2684.225138
-147.602057,373,2684.851477
73.695781,460,2685.593664
498.40445,951,2687.012155
-389.338238,209,2687.268557
-223.368348,370,2687.946583
-389.770224,198,2688.185411
142.725828,718,2689.357806
-316.137353,209,2689.623525
-300.289147,237,2689.908533
-302.175767,246,2690.364755
-299.029828,241,2690.661178
260.168525,691,2691.802277
-94.425517,362,2692.393995
-230.305061,382,2692.883544
-72.135216,492,2693.632514
10.699244,689,2694.729953
-373.264113,215,2695.001201
-405.494159,196,2695.233468
-425.670347,208,2695.629648
-332.676604,216,2695.889714
950.55897,1000,2697.387203
-343.01216,226,2697.788927
-422.019347,191,2698.022871
-366.848683,213,2698.275724
-368.768212,192,2698.64722
-224.476872,453,2699.361402
-232.824801,260,2699.669264
-238.772254,400,2700.279711
-279.885203,252,2700.575899
112.083892,684,2701.693909
-413.432921,190,2701.92437
117.143069,693,2702.8866
-333.28319,241,2703.326962
-367.577483,171,2703.532222
-91.058329,475,2704.236891
-42.764692,364,2704.827993
-394.559887,166,2705.027936
-192.728105,457,2705.719002
-246.453923,343,2706.313975
-103.420287,394,2706.908186
320.86105,720,2707.94783
-414.373714,178,2708.180748
-107.649146,454,2708.923752
-112.683988,405,2709.634434
901.89325,1000,2711.173223
229.915413,779,2712.296366
-143.570084,329,2712.727736
-266.080648,340,2713.122274
-202.584178,373,2713.585229
725.455228,1000,2714.562322
28.264027,699,2715.306414
-185.968356,321,2715.551693
-381.361685,227,2715.81572
-325.510917,245,2716.004112
429.729257,941,2716.946773
-35.565141,608,2717.53872
143.773543,710,2718.327266
-262.752347,270,2719.968607
-254.90778,365,2720.568798
-258.081691,363,2721.281797
354.985771,906,2723.015636
43.15246,616,2723.988614
-181.932015,457,2724.733065
-303.775941,251,2725.050783
-116.401116,420,2725.789205
-352.239159,276,2726.143049
34.715988,765,2727.988377
-403.151998,196,2728.279355
-171.771961,273,2728.943505
-175.332069,262,2729.313587
-44.087382,723,2730.898061
-230.959527,382,2731.614495
-59.90028,508,2732.646725
-171.624565,407,2733.240714
214.297225,766,2734.904078
-13.542316,544,2735.956215
-246.244163,377,2736.817295
-364.841323,220,2737.198609
-184.782041,373,2737.987846
-142.902068,267,2738.36779
-173.642652,282,2738.957649
-256.04709,321,2739.382014
67.082153,575,2740.583376
17.658748,518,2741.558907
-252.61689,360,2742.082631
-78.662984,461,2742.99247
-45.457547,579,2743.990437
-198.082065,371,2744.733521
-267.997459,293,2745.27454
-192.022112,264,2745.615287
-231.433171,379,2746.310632
657.197146,1000,2748.134399
740.425251,1000,2749.805548
-166.942611,274,2750.160387
214.125721,974,2751.832494
-120.793994,401,2752.582102
789.297971,1000,2754.341235
-168.284027,269,2754.851772
-198.452015,322,2755.277693
-224.486216,281,2755.828707
-36.332133,629,2756.840708
-90.443173,603,2757.838859
-154.353586,446,2758.665348
158.990457,685,2759.509222
-80.49607,512,2760.123114
-386.332206,220,2760.463824
-82.363056,405,2760.944689
-95.567217,420,2761.311574
-252.090652,295,2761.701323
-26.226058,452,2762.247754
91.708161,573,2763.033267
-315.523901,275,2763.285408
-207.326712,438,2763.917671
-25.344154,557,2764.708248
-46.876407,460,2765.388021
-138.563427,349,2765.932014
-351.595545,243,2766.144109
-368.178749,282,2766.655033
-424.418835,223,2766.863985
-426.30673,185,2767.330689
-393.298769,204,2767.505122
-199.937854,322,2767.977076
-325.082758,254,2768.192513
-131.494477,420,2768.687569
111.472443,662,2769.470125
-74.990978,366,2770.035614
-18.755465,461,2770.590682
384.53183,959,2771.81971
-119.884161,357,2772.312828
-227.18299,308,2772.58799
-416.778767,182,2772.967625
-83.13026,580,2773.758483
-17.446868,695,2774.59429
-124.311186,409,2775.166513
-307.830838,174,2775.310156
-318.994736,226,2775.731405
451.073104,899,2776.659436
105.089105,695,2777.72003
395.082999,930,2778.846555
-188.171871,275,2779.077598
-210.279456,270,2779.410193
-183.100214,344,2779.699111
-160.998297,276,2780.040456
-122.102064,239,2780.240235
-238.484204,290,2780.593492
-187.540019,238,2780.797832
-357.17954,209,2781.07918
-50.052321,508,2781.653267
155.190532,707,2782.354689
-275.187758,250,2782.66384
-169.60032,361,2782.980964
-135.22462,546,2783.555486
253.20768,977,2784.627704
-182.309413,243,2784.93498
-104.694966,349,2785.238639
-44.913641,581,2786.107054
-192.354943,362,2786.419325
-314.25808,346,2786.840074
37.820115,566,2787.636467
-288.685967,242,2787.960782
57.503458,524,2788.534956
-261.857679,232,2788.727905
271.619667,868,2789.733034
-62.592854,316,2789.994066
-195.481243,605,2790.755572
-291.097927,234,2790.949792
-130.92419,374,2791.361633
133.130547,692,2792.155586
-349.038702,295,2792.506823
-270.324619,275,2792.736305
-437.143392,198,2793.013068
-290.449211,209,2794.132539
894.435346,1000,2795.256277
972.489736,1000,2796.304961
-174.198805,366,2796.873243
-328.938192,277,2797.099865
-46.984673,426,2797.564416
56.7542,651,2798.304697
-11.107993,526,2798.944699
-204.770605,372,2799.374286
277.226801,992,2800.400546
-331.336727,217,2800.57864
-288.161251,369,2800.994361
-302.752044,259,2801.336067
-118.530516,575,2801.931789
-186.900656,290,2802.202261
-229.853462,419,2802.66196
-197.114101,401,2803.110902
-113.804239,343,2803.506668
-305.791549,255,2803.723528
-411.260587,181,2803.873164
346.408156,904,2804.875175
185.724299,819,2805.774927
-67.487907,580,2806.373842
-403.176825,216,2806.55036
-59.766406,459,2807.037923
-139.035496,439,2807.502922
637.119937,1000,2808.553005
-186.122646,285,2808.885975
-399.066754,203,2809.057517
-14.093401,549,2809.627913
879.469102,1000,2810.692852
-200.18415,272,2811.019766
-36.407231,560,2811.593052
48.003076,616,2812.227978
-410.603477,202,2812.394915
-241.264465,337,2812.808825
-49.597476,680,2813.609718
189.986277,822,2814.537382
-44.49876,551,2815.100359
718.682812,1000,2816.157014
790.983905,1000,2817.198019
-338.854816,172,2817.348813
534.553504,1000,2818.683479
-36.935516,420,2819.303896
714.06981,1000,2820.421882
732.290393,1000,2821.713363
27.093041,819,2822.592001
-289.495351,300,2823.009692
-235.99394,277,2823.369867
-168.387135,368,2823.675029
770.644744,1000,2824.728181
-34.017676,629,2825.348403
-313.230565,464,2825.833783
-237.260047,288,2826.178535
-206.795469,522,2826.85639
-326.422023,374,2827.27252
-162.722823,481,2827.822538
735.23856,1000,2828.884881
663.842041,1000,2829.924198
187.114298,848,2830.747529
74.370435,757,2831.598082
692.476781,1000,2832.650918
679.291528,1000,2834.009194
664.113932,1000,2835.06376
100.685327,882,2836.075235
-107.326842,411,2836.545434
641.24942,1000,2837.610169
289.245263,880,2838.553344
700.8533,1000,2839.632012
-11.225522,697,2840.326656
-12.618033,736,2841.067877
651.692578,1000,2842.119792
-10.866704,788,2843.00452
-239.194834,287,2843.238292
668.352191,1000,2844.286633
718.913331,1000,2845.35451
-269.901111,291,2845.723197
-167.51678,275,2846.061838
666.911031,1000,2847.021012
732.784175,1000,2848.059945
659.360417,1000,2852.931984
4.251708,783,2853.797394
464.859383,1000,2854.836754
-210.695015,449,2855.363054
588.729179,1000,2856.422684
47.236878,724,2857.143327
789.813781,1000,2858.197043
-78.83947,541,2858.744538
-90.71818,525,2859.276663
639.82935,1000,2860.324125
687.541803,1000,2861.364674
103.18841,695,2862.051283
82.884021,707,2862.848389
5.170325,624,2863.4691
33.449626,702,2864.168932
688.220716,1000,2865.203573
815.520531,1000,2866.29263
-379.073084,222,2866.577605
-387.238437,207,2866.745506
571.909278,1000,2867.783425
604.543361,1000,2868.826786
-389.853817,187,2868.979031
-350.52304,309,2869.343573
737.227015,1000,2870.394917
-60.717283,693,2871.051005
606.423631,1000,2872.056081
631.402996,1000,2873.063706
185.808132,816,2874.044127
-42.300967,775,2874.768896
-239.348979,469,2875.244361
-397.418759,313,2875.587195
-190.957956,383,2875.989487
87.324966,571,2876.567061
635.897665,1000,2877.622673
743.031308,1000,2878.656289
-170.194113,730,2879.4642
