#{"t_start": 1789392898.4778922, "env_id": "Atom-v1"}
r,l,t
-478.743068,83,2.806603
-448.518158,93,2.869778
-451.257874,80,2.923946
-447.659982,91,2.985674
-458.647962,108,3.058608
-489.014243,107,3.236092
-433.489243,98,3.303065
-427.564725,83,3.359875
-446.130697,96,3.425361
-502.237415,111,3.500608
-448.897294,77,3.645664
-459.580394,94,3.710103
-438.469729,80,3.76449
-470.840278,99,3.831356
-455.063297,90,3.891976
-412.169529,90,3.952865
-442.057735,94,4.111337
-466.877353,90,4.172188
-424.953148,105,4.243743
-448.559225,88,4.303775
-448.164511,100,4.371817
-458.556515,84,4.428371
-415.443422,87,4.581665
-438.011654,92,4.64412
-402.362724,71,4.691994
-433.705609,95,4.756819
-466.274244,93,4.820324
-474.878956,83,4.970422
-438.776528,77,5.023379
-457.022972,90,5.084975
-452.196356,110,5.16004
-480.084069,93,5.222755
-449.912091,88,5.282283
-462.152162,104,5.445895
-442.04919,83,5.502372
-444.948882,99,5.569544
-429.81125,93,5.632465
-446.106179,93,5.695949
-459.510151,79,5.750419
-447.068212,115,5.92243
-449.33458,70,5.970047
-444.045712,91,6.03178
-448.655625,108,6.104762
-446.356257,89,6.165207
-442.058655,99,6.329124
-389.970779,68,6.375233
-434.793069,98,6.441491
-427.654534,88,6.501105
-454.596376,75,6.552116
-450.275719,95,6.616654
-441.022858,92,6.77306
-466.470082,98,6.83959
-435.156003,83,6.896076
-436.002757,83,6.952338
-452.909196,96,7.016812
-479.831546,98,7.082498
-460.036434,97,7.242386
-446.347204,93,7.305308
-430.449409,91,7.367279
-439.764654,89,7.427843
-439.301403,108,7.502127
-471.274576,100,7.66436
-456.324172,115,7.742512
-443.635032,139,7.838029
-470.019585,99,7.9051
-453.210931,78,7.958124
-437.348824,80,8.106319
-451.142093,97,8.17278
-452.230332,80,8.226758
-434.284138,103,8.296502
-455.705689,83,8.353367
-442.373301,113,8.523654
-464.936944,85,8.58128
-456.444318,93,8.645613
-467.496988,76,8.697328
-438.285979,80,8.751973
-460.197418,80,8.805962
-455.572024,95,8.964499
-448.920924,117,9.0456
-459.332178,104,9.115599
-435.273962,90,9.177071
-449.86554,96,9.242203
-450.938441,83,9.392067
-445.005687,79,9.447002
-432.251825,88,9.506266
-456.580639,93,9.569353
-479.41342,116,9.648672
-470.613809,111,9.724142
-453.154447,96,9.883431
-433.732553,99,9.950769
-436.008527,105,10.021618
-422.409134,79,10.075167
-456.169558,99,10.142176
-474.0096,104,10.307226
-415.03732,109,10.381414
-458.376813,88,10.44099
-409.186512,82,10.496261
-419.940162,92,10.55854
-475.603061,106,10.724553
-428.509104,79,10.784162
-441.148096,112,10.860868
-488.407382,137,10.953128
-444.339023,93,11.01596
-428.680266,102,11.279354
-424.87161,95,11.344985
-434.620737,87,11.403796
-450.252044,90,11.466124
-429.983813,93,11.528859
-427.55684,110,11.603992
-446.716786,87,11.891281
-426.743795,89,11.951499
-503.66877,158,12.058445
-462.217946,102,12.12787
-429.597591,87,12.186918
-424.738798,107,12.473056
-441.732665,88,12.532691
-432.780572,99,12.600422
-433.775096,88,12.660832
-508.130949,130,12.748617
-438.539866,109,13.045689
-468.739435,105,13.116978
-462.68141,105,13.18808
-459.102683,117,13.267165
-446.319246,104,13.561233
-449.377968,101,13.630037
-454.847909,86,13.689031
-460.356248,100,13.757096
-464.028379,79,13.810123
-413.537519,85,13.868403
-479.224108,96,14.026615
-467.354374,106,14.098868
-450.562867,106,14.170161
-440.498098,113,14.247073
-474.413123,88,14.306383
-444.424527,99,14.465273
-461.138519,133,14.555037
-438.208616,72,14.603616
-438.389233,82,14.65928
-474.431726,96,14.724482
-451.110654,109,14.891618
-439.322231,87,14.950703
-396.162274,80,15.004683
-438.2404,81,15.059208
-470.948395,150,15.16056
-461.363167,124,15.336358
-434.05787,117,15.415751
-443.591325,94,15.479261
-492.076745,85,15.537112
-460.66042,102,15.605895
-441.032995,114,15.775486
-423.710866,91,15.837619
-449.211441,86,15.896602
-452.642786,144,15.994279
-505.532877,155,16.191221
-440.27157,116,16.269539
-445.424082,92,16.33167
-474.168364,177,16.451193
-437.421927,91,16.512833
-479.424926,80,16.660381
-432.170322,109,16.73421
-465.951761,118,16.813858
-450.803783,80,16.867466
-433.015209,74,16.917264
-433.924876,87,17.069652
-465.915293,123,17.153397
-397.402418,89,17.213684
-433.336561,90,17.274922
-413.276084,98,17.341485
-445.954164,106,17.506277
-489.719072,116,17.585753
-458.827616,112,17.662151
-469.936076,110,17.736452
-462.803793,150,17.837544
-489.922796,141,18.02745
-454.533206,106,18.10011
-447.084646,90,18.160741
-452.180153,88,18.220346
-465.291638,100,18.287887
-480.549857,130,18.469913
-432.6666,131,18.559053
-432.691095,96,18.625041
-436.357476,97,18.691156
-468.871292,87,18.844315
-481.435272,132,18.934211
-474.186909,145,19.033201
-418.429153,104,19.103461
-453.133219,118,19.282316
-452.979932,98,19.350157
-440.357348,88,19.409747
-503.57322,132,19.499554
-449.3153,106,19.570618
-452.92978,94,19.727196
-449.481079,149,19.828593
-433.397621,89,19.888567
-478.853606,99,19.955867
-460.109345,133,20.04636
-429.834269,97,20.205423
-419.637109,115,20.283864
-466.824132,104,20.353926
-464.717552,139,20.447874
-460.844398,122,20.623076
-499.066919,184,20.748081
-434.073895,101,20.816274
-458.739455,170,20.930854
-471.680582,147,21.123359
-455.927432,123,21.20677
-447.230706,142,21.303593
-492.535493,129,21.484973
-440.462281,229,21.639998
-465.920185,89,21.700249
-477.994688,137,21.79254
-477.411573,125,21.969409
-502.289757,150,22.070325
-469.176704,127,22.156109
-499.706174,240,22.409039
-436.307434,95,22.473277
-492.354738,158,22.582745
-446.141943,152,22.687096
-527.112371,202,22.920316
-484.235093,122,23.003724
-484.985233,154,23.110752
-509.291095,196,23.348444
-467.031031,119,23.428701
-509.365148,201,23.564312
-449.897572,131,23.750789
-447.54154,218,23.898051
-439.392218,105,23.968608
-471.692885,151,24.163604
-451.297122,123,24.246876
-451.918336,131,24.33613
-484.063026,180,24.457377
-448.922734,164,24.661502
-466.378896,133,24.751282
-433.662543,129,24.838131
-552.785882,222,25.081401
-595.626646,271,25.264451
-475.108762,138,25.357438
-470.790662,120,25.532442
-561.488471,339,25.761223
-439.224148,140,25.950202
-501.658522,286,26.14357
-450.093086,189,26.364032
-492.135041,156,26.469771
-452.659754,152,26.572816
-533.494795,243,26.861254
-509.893342,210,27.003613
-463.764692,138,27.09665
-565.433391,362,27.558038
-549.339921,298,27.988505
-455.809126,170,28.104193
-693.32689,685,28.778646
-512.496955,348,29.21058
-539.246175,178,29.331923
-742.205519,737,30.020654
-567.595084,1000,30.893323
-602.462707,1000,31.766295
-284.705871,218,31.915028
-422.89046,1000,32.793259
-184.758823,105,32.86505
-210.927873,136,33.050746
-247.210249,187,33.178131
-213.622177,119,33.259087
-195.508386,92,33.322398
-197.417056,167,33.529558
-197.994797,137,33.625
-205.233871,113,33.702254
-265.8373,208,33.937091
-213.210104,139,34.032762
-235.920613,152,34.137289
-195.675712,115,34.216235
-229.942059,116,34.389165
-222.378733,153,34.494406
-493.809389,636,35.043697
-240.573623,148,35.145018
-244.742478,167,35.352425
-193.797717,121,35.435044
-251.844287,152,35.538787
-669.035515,813,36.385265
-270.930256,208,36.527916
-194.26699,129,36.617129
-291.338546,263,37.02061
-226.399132,115,37.099454
-210.194336,128,37.186394
-196.496347,125,37.49563
-173.546912,111,37.571441
-188.212175,123,37.65691
-210.301994,105,37.728504
-255.826085,199,38.083745
-217.31685,133,38.175244
-211.663537,127,38.262631
-206.666366,114,38.341024
-206.475059,108,38.627273
-233.194829,152,38.731913
-184.115405,106,38.804107
-234.946169,153,39.130351
-166.98472,103,39.203238
-354.278697,361,39.450544
-190.579661,112,39.750428
-197.100485,157,39.857652
-216.609386,123,39.942505
-164.195726,117,40.023225
-224.522039,160,40.354083
-173.930635,124,40.438472
-231.06536,158,40.547438
-211.708743,116,40.626379
-221.56722,151,40.952489
-186.423971,139,41.046684
-226.613115,134,41.139159
-166.106833,141,41.459491
-207.194726,134,41.550745
-242.35755,148,41.652673
-200.756647,181,41.996232
-474.291739,548,42.596951
-162.200639,118,42.68107
-281.230786,419,43.172849
-225.909906,200,43.310001
-221.317155,163,43.421916
-198.898939,172,43.740028
-281.018285,295,43.941821
-195.333754,186,44.290295
-295.871003,293,44.492355
-212.059321,176,44.837068
-199.758298,147,44.937731
-200.253778,164,45.050934
-294.039318,344,45.511141
-194.829558,127,45.598471
-371.992872,498,46.166991
-147.784134,187,46.295521
-108.361313,135,46.588841
-163.470918,145,46.688963
-170.070728,141,46.786395
-222.187958,276,47.204062
-225.526378,175,47.32621
-574.091057,909,48.40407
-180.612878,144,48.50265
-186.524409,167,48.618362
-202.79472,203,48.972708
-171.398869,151,49.077256
-278.341713,380,49.432095
-130.659108,208,49.574784
-142.399298,137,49.762476
-196.770075,184,49.890028
-190.753365,127,50.363943
-170.216781,182,50.61396
-178.553136,154,50.72006
-162.971179,183,50.844393
-141.162691,138,50.937778
-169.048325,159,51.139052
-181.383345,232,51.297526
-223.779016,221,51.540221
-106.06612,140,51.635778
-171.138918,159,51.744138
-161.497827,141,51.932407
-171.99842,144,52.031087
-138.886509,209,52.174386
-172.690204,251,52.441093
-115.292945,157,52.54896
-175.302504,173,52.668339
-163.157638,149,52.864667
-148.466108,132,52.954884
-142.812083,124,53.03955
-154.597566,366,53.384724
-216.69962,227,53.540536
-135.011579,111,53.712127
-80.375588,211,53.856558
-131.189666,188,53.984792
-145.187137,186,54.204504
-146.204557,130,54.294203
-117.802736,128,54.382904
-89.991585,126,54.470761
-106.950352,121,54.762727
-133.486539,169,54.878576
-158.374965,164,54.991213
-91.703111,143,55.306148
-135.645358,130,55.394968
-117.778173,194,55.528158
-146.935061,173,55.739527
-128.732046,119,55.82175
-107.611173,157,55.928918
-94.237657,142,56.026101
-109.521347,152,56.223528
-47.639127,131,56.31364
-74.337859,153,56.41799
-94.520056,130,56.507817
-120.732259,183,56.726902
-119.691347,109,56.80254
-129.133014,128,56.891546
-48.230771,126,57.071964
-138.6146,215,57.220163
-85.446833,124,57.30538
-123.852562,140,57.400831
-153.053528,255,57.671733
-97.482536,146,57.771873
-123.981866,167,57.982323
-119.430309,134,58.07456
-79.938715,129,58.163007
-125.611833,147,58.264124
-87.666879,162,58.47009
-107.948539,164,58.584165
-129.357792,164,58.697643
-90.824197,158,58.902971
-74.679313,130,58.992378
-98.696791,142,59.090839
-96.269409,186,59.312869
-64.180272,150,59.415823
-108.492483,164,59.528861
-103.198351,165,59.641843
-57.784615,124,59.819805
-72.266049,165,59.932461
-75.083996,163,60.044226
-83.678179,170,60.255521
-63.978481,116,60.337025
-44.90232,121,60.419782
-59.452198,137,60.513747
-107.885747,156,60.715311
-86.921487,160,60.824901
-88.893222,169,60.941173
-67.978955,169,61.151051
-42.909747,174,61.270485
-54.158947,163,61.387116
-77.136314,174,61.731564
-51.284039,140,61.830359
-43.66591,111,61.91017
-18.220146,133,62.001258
32.160577,136,62.188633
-51.58361,146,62.289439
-47.870212,141,62.385746
-28.300757,120,62.560895
-31.093587,136,62.655392
-43.334572,171,62.772777
-59.655917,177,62.893882
-31.48208,129,63.075102
-36.71228,150,63.177895
-32.174687,176,63.297928
-52.001786,168,63.507379
-31.506133,153,63.612823
-25.641522,148,63.714828
-41.578872,120,63.796858
-9.987162,119,63.971456
-51.597826,161,64.081917
-11.90514,139,64.177119
-54.744363,118,64.35036
-11.356072,133,64.442478
-38.519492,160,64.552314
-78.104907,160,64.662158
-25.023896,166,64.870726
-29.212623,124,64.955633
-94.571576,171,65.073439
-4.233743,135,65.260851
-18.709185,145,65.361658
-44.383064,161,65.472287
-45.859206,158,65.582891
-55.427596,163,65.798722
-22.036389,141,65.895731
-17.589005,157,66.003825
-14.730796,143,66.194789
-11.955592,157,66.304839
-52.516487,166,66.420137
-31.242502,163,66.626835
-49.239215,119,66.709255
-4.548669,146,66.810756
-20.296316,158,66.919453
-41.456865,159,67.12289
-30.787202,158,67.231318
-28.809672,156,67.338676
-56.566946,160,67.543576
-46.357387,164,67.659765
-58.41306,166,67.773836
-10.471455,155,67.975277
-32.23841,158,68.087132
-57.259818,155,68.194926
11.544276,145,68.391041
-32.115474,174,68.510849
-27.66318,156,68.618476
-65.452326,167,68.82753
-50.305557,164,68.941226
-39.680799,152,69.045164
-11.415577,141,69.14106
-26.408074,155,69.3574
-48.8201,164,69.469903
-36.484526,169,69.58649
-1.973792,131,69.771144
-74.069593,157,69.879913
-26.322966,177,70.002486
-49.628607,180,70.219202
-31.211634,130,70.310421
-89.70985,148,70.412353
-49.558974,157,70.520274
-69.553177,170,70.731891
-17.656753,139,70.82725
-57.241911,164,70.942883
-13.883157,144,71.13513
0.788113,183,71.261182
-38.607109,167,71.3757
-34.256036,163,71.580096
-33.317417,158,71.687924
-32.548285,150,71.791578
-11.244412,155,71.991668
-12.670448,150,72.092919
-7.555642,138,72.18852
-27.265063,158,72.297609
-27.415281,168,72.506256
-23.896278,165,72.621093
-0.769187,157,72.728486
5.107986,156,72.929357
20.930422,145,73.028579
-38.533625,162,73.139083
-46.503364,163,73.447022
7.015731,141,73.54551
13.48634,135,73.639375
-18.241029,152,73.743694
31.116707,122,73.924669
-1.117638,140,74.020841
10.62137,128,74.107884
10.472215,143,74.20786
-19.849631,130,74.524041
-36.282597,152,74.628657
22.688563,156,74.735582
-4.944441,136,75.055417
-12.493999,134,75.148576
-3.462119,131,75.239404
26.080351,136,75.333538
-23.300696,108,75.633397
1.829939,144,75.733359
1.787659,123,75.818692
-23.640876,151,75.923018
16.565173,136,76.229656
22.859833,136,76.323848
-10.109665,142,76.421803
-6.552763,149,76.721064
-18.175768,157,76.830118
13.855814,145,76.929724
-18.103973,138,77.023458
-31.438278,160,77.360785
-21.864738,159,77.470099
4.579608,149,77.571669
-10.249751,160,77.891285
-54.885424,172,78.009809
12.095491,130,78.098343
-46.239397,166,78.408097
21.425573,139,78.505485
-5.200518,145,78.605275
16.913305,149,78.708642
14.038634,142,79.034314
21.496907,138,79.130602
-22.231724,150,79.23482
-7.737058,145,79.334807
14.154097,140,79.651639
20.888123,130,79.743025
32.089075,129,79.832735
-60.425221,111,79.910789
-0.444276,141,80.233123
-8.272048,128,80.321427
18.254683,117,80.401829
-1.281925,127,80.489149
-28.912658,115,80.805601
3.136244,126,80.892174
3.618039,120,80.975604
9.563663,131,81.065141
-30.349004,117,81.368846
-14.318037,151,81.471759
11.279101,129,81.55982
-31.51553,156,81.873987
-24.159542,116,81.954369
0.986849,122,82.038176
16.965085,147,82.139076
26.310426,141,82.460685
0.314559,120,82.543633
19.958847,130,82.633855
33.654658,130,82.724075
14.952963,125,83.033821
25.462863,134,83.127374
5.063754,122,83.211867
-6.158413,132,83.302183
-9.025914,160,83.630507
-9.905347,127,83.717981
-14.299829,114,83.797196
-5.396348,131,83.887005
-5.392871,151,84.222584
11.738016,121,84.307395
28.254427,128,84.397093
7.917617,135,84.490131
2.493978,149,84.815995
23.754068,149,84.918491
-0.854874,144,85.017008
-60.812055,164,85.347862
1.185814,145,85.449906
81.129524,131,85.539961
13.026092,131,85.630826
-0.99947,124,85.940111
-18.712936,160,86.049419
2.714565,145,86.14926
3.930414,150,86.462833
-3.734398,149,86.572789
9.278302,138,86.666588
16.519744,144,86.765391
12.915859,145,87.088537
-19.722416,163,87.199985
30.463318,152,87.305543
53.504037,135,87.617658
-3.279082,116,87.700289
18.296675,149,87.801246
8.803951,153,87.905266
44.526922,128,88.189434
11.530355,155,88.294686
-10.469204,150,88.397264
49.110055,144,88.494394
1.049888,154,88.694475
0.107592,156,88.801306
-4.500252,131,88.892915
26.707373,143,89.188177
-34.78757,153,89.293067
46.33703,142,89.390146
16.390784,147,89.489954
10.24524,151,89.805935
18.732295,152,89.909392
25.541998,147,90.009157
19.046862,155,90.209223
19.812036,147,90.309849
23.644045,139,90.404911
7.813379,159,90.606012
-11.867143,153,90.712103
16.999108,142,90.808491
-21.883665,149,90.910151
10.896694,140,91.099799
-16.307372,154,91.205103
17.121172,150,91.307393
32.293035,145,91.60279
-32.391222,167,91.716712
22.946292,149,91.81748
38.183689,128,91.909191
42.017095,122,92.087561
37.344437,146,92.187475
-16.410661,171,92.303455
16.52522,149,92.612502
-49.178963,142,92.712238
-9.084132,149,92.81445
34.495198,138,92.9086
34.497878,139,93.217651
30.105266,139,93.312384
-51.78851,107,93.386356
44.779617,133,93.476536
-15.38659,158,93.679282
43.779333,138,93.773296
7.09662,143,93.871978
19.239379,144,94.17746
37.526986,131,94.267436
17.212348,116,94.347495
45.243892,140,94.442622
-7.16615,115,94.614377
22.627815,158,94.722738
20.545832,141,94.818729
35.524892,135,94.910533
61.970307,139,95.10198
55.282855,129,95.190757
61.077205,133,95.281065
12.432479,151,95.38449
17.903492,116,95.5585
15.202275,142,95.655038
5.833361,114,95.732728
-0.348527,149,95.834674
53.795191,142,96.024267
31.267143,119,96.105326
62.487485,133,96.194892
25.202155,135,96.287082
35.210333,145,96.483692
6.156717,133,96.575409
87.748125,129,96.664728
37.349484,139,96.852254
46.437524,134,96.944753
53.905942,130,97.03414
48.679931,135,97.126402
29.115237,141,97.432361
11.594314,147,97.533569
45.556368,134,97.626884
62.862528,137,97.721393
-19.728554,174,97.934242
61.863911,137,98.027777
26.968941,143,98.125525
79.68427,131,98.31171
21.128595,138,98.804077
52.369313,134,98.89853
81.280664,128,98.987485
71.544685,130,99.169996
-5.535952,153,99.274476
68.949071,133,99.366256
11.554976,136,99.460105
30.485793,122,99.637215
48.434902,128,99.724721
63.05093,138,99.819816
75.543236,130,99.910399
79.802698,130,100.092822
71.196317,130,100.182164
25.773471,134,100.273465
10.1532,113,100.35384
71.323857,147,100.548017
13.477703,144,100.647141
68.644314,129,100.73477
89.285181,127,100.821828
87.250632,120,100.998991
28.137284,147,101.099675
77.478536,134,101.190044
6.846623,136,101.376725
33.482507,129,101.465051
67.371979,134,101.556328
27.558531,119,101.637783
68.369882,125,101.818397
56.431253,117,101.898344
39.159746,116,101.978122
102.201832,123,102.062608
70.471909,119,102.143893
77.914029,132,102.327985
24.445822,132,102.418386
75.041307,165,102.532088
31.375569,133,102.717685
-51.750035,190,102.847972
-36.847237,111,102.925157
61.28949,131,103.015427
39.287562,118,103.189467
36.605471,119,103.2711
74.338347,133,103.362057
30.462335,116,103.441908
7.992845,114,103.614525
11.075913,121,103.698078
49.266123,142,103.795358
24.492174,124,103.881838
63.234752,117,104.159436
54.977572,120,104.242648
-10.928213,112,104.319763
6.668445,112,104.397201
50.000555,120,104.479581
32.471163,134,104.770637
-36.182063,110,104.846355
-6.871201,116,104.926765
-5.229579,159,105.035043
18.367174,128,105.216379
16.264962,139,105.311913
73.373553,119,105.393242
18.00661,130,105.482357
120.540974,122,105.658444
69.521608,130,105.747117
42.0818,131,105.836595
71.690799,124,105.921807
27.588568,134,106.108208
68.416339,128,106.195231
67.300441,130,106.284171
10.863605,113,106.362607
58.982538,128,106.543368
14.919291,118,106.624229
60.075705,132,106.71467
23.980532,116,106.794605
34.759564,128,106.975796
18.092504,138,107.070124
13.478902,129,107.15912
75.585236,133,107.249569
48.065785,115,107.424888
58.345239,130,107.514388
42.465249,129,107.603793
59.756384,123,107.689189
25.123619,140,107.98069
33.45223,147,108.08102
26.836519,138,108.175882
27.874145,142,108.366695
3.418256,156,108.472479
51.011756,141,108.569355
69.222133,143,108.668194
66.128193,144,108.861794
36.117292,137,108.956626
46.631324,131,109.046512
40.041461,144,109.145377
44.360872,136,109.332392
86.83502,129,109.42131
81.519434,156,109.527765
44.621397,144,109.720311
0.71228,145,109.819804
13.450748,144,109.919254
59.393418,144,110.01786
42.407744,173,110.229045
36.499741,134,110.321026
86.834721,151,110.424002
100.557552,169,110.632909
72.68903,145,110.732016
59.497764,139,110.828076
32.809692,155,111.027766
83.406134,187,111.157489
35.841602,161,111.268745
58.553685,159,111.476647
54.790136,159,111.586245
40.553373,149,111.688626
49.607084,153,111.792467
28.108672,164,112.007203
64.692342,144,112.106326
91.914245,140,112.201411
7.985378,156,112.402731
44.567127,143,112.50116
37.312867,166,112.615431
15.206203,146,112.715054
84.337554,151,112.913485
15.731268,162,113.025233
64.78809,156,113.13183
32.26911,169,113.340705
41.558231,143,113.438939
60.641524,164,113.551408
34.507707,145,113.745566
159.223863,214,113.892699
54.91922,161,114.002249
77.302995,171,114.211993
70.559633,147,114.312896
96.705596,194,114.445877
56.39959,190,114.668455
-194.394246,144,114.765232
26.087617,143,114.863535
48.977022,149,115.059126
-168.691941,149,115.159606
50.236818,178,115.280682
-33.822314,196,115.507936
101.096397,156,115.614898
39.585494,153,115.719706
60.753278,133,115.810612
40.022592,173,116.023149
76.115038,173,116.142254
156.326768,156,116.24871
96.747601,249,116.511339
32.053524,145,116.610466
252.416967,236,116.86569
50.07598,149,116.966937
28.163979,163,117.077378
-170.703961,135,117.260591
-15.359244,142,117.360642
45.177578,168,117.47539
123.259189,146,117.575807
128.976954,158,117.891343
93.561152,128,117.978959
19.717067,238,118.139325
68.310801,131,118.425949
102.581017,144,118.52465
1.402085,216,118.671483
20.091288,151,118.868315
124.938428,153,118.973614
-94.097666,147,119.073053
-142.80205,150,119.269108
80.968747,153,119.373625
103.649873,137,119.466702
33.667445,158,119.574148
48.35944,141,119.766695
70.616108,158,119.875015
87.996609,204,120.014009
61.506528,136,120.201501
44.360258,170,120.317892
81.94753,142,120.415426
106.580811,185,120.638329
64.426025,168,120.752951
118.02802,187,120.880594
86.925568,184,121.100209
-208.040864,136,121.19276
13.770446,151,121.296263
69.330282,166,121.504022
-160.510622,135,121.59669
81.033318,132,121.68697
27.497501,168,121.801765
72.579692,143,121.996366
81.313913,127,122.083398
46.496096,156,122.189587
-191.470035,155,122.499103
99.738475,147,122.601511
66.100342,149,122.704987
60.852428,137,122.800754
108.52902,139,122.991486
120.606676,129,123.079671
31.189948,138,123.17381
86.310657,178,123.388268
79.411531,140,123.484883
44.114629,158,123.592292
133.380073,148,123.693601
53.381763,161,123.898069
40.711142,134,123.990495
64.531638,131,124.080281
59.401703,149,124.275558
83.56546,193,124.408587
86.389299,151,124.512624
94.5122,136,124.698624
67.558165,125,124.785202
79.15659,130,124.876147
89.442473,150,124.977709
45.663896,135,125.168234
45.181031,145,125.266956
41.797046,145,125.365687
96.010784,136,125.457627
29.886266,133,125.641277
156.029176,192,125.776374
113.866404,155,125.882781
56.872744,163,126.218389
79.012172,152,126.322994
76.771017,155,126.429127
48.772873,115,126.508052
96.363086,153,126.78203
83.376097,136,126.881092
103.60777,160,126.990481
80.619542,141,127.181806
56.551259,150,127.284823
110.294477,149,127.386873
63.641978,132,127.476926
111.848147,148,127.674328
44.891038,154,127.780045
127.61842,146,127.880525
130.53507,197,128.111661
58.905998,132,128.202466
99.81764,152,128.30648
94.124522,125,128.576658
156.20695,196,128.712918
22.676006,141,128.809894
98.694865,166,129.016795
103.103102,150,129.120194
76.834821,133,129.212061
43.465739,143,129.310358
89.213444,147,129.505461
99.093699,127,129.592135
74.668831,139,129.687067
49.906973,169,129.801537
60.231443,143,130.09632
76.9166,126,130.183897
114.650695,147,130.284879
95.581207,146,130.479196
32.099496,134,130.571918
159.284116,144,130.67047
91.882834,141,130.766849
107.211022,124,130.947714
49.98586,144,131.046403
75.894708,129,131.13516
117.225012,140,131.23148
83.915772,135,131.422884
98.793486,149,131.525347
92.432626,150,131.627447
89.547796,129,131.810398
54.423413,126,131.897219
153.780352,140,131.992794
114.785812,154,132.098157
91.120838,127,132.278747
48.809198,139,132.375315
139.457238,152,132.479379
95.627003,148,132.580934
138.930785,156,132.78078
91.133404,142,132.87736
144.935703,129,132.966637
55.146535,153,133.165672
172.013387,219,133.315949
135.841951,134,133.408057
116.574859,133,133.593361
96.603569,141,133.690524
78.561374,156,133.797268
161.026793,166,133.912873
89.382711,130,134.095759
103.570337,139,134.190934
142.880316,145,134.292452
242.177063,223,134.541057
92.86961,153,134.646911
97.020193,137,134.741215
85.478023,137,134.929762
81.625805,146,135.030941
-1.001849,146,135.130922
117.676562,130,135.219485
123.052826,153,135.420429
117.798303,131,135.51089
89.838633,167,135.624771
92.232563,157,135.825155
89.05267,120,135.908341
154.06363,131,135.998051
160.031122,149,136.100018
159.639981,156,136.299869
33.246891,117,136.380777
121.072864,141,136.478379
170.280703,147,136.579802
89.287774,129,136.892038
156.229197,160,137.004474
156.7615,139,137.100678
130.428515,146,137.397073
52.428715,124,137.482335
90.315584,124,137.568073
52.216394,109,137.645098
135.48304,144,137.838365
164.599299,138,137.933618
126.434081,150,138.036713
121.648473,133,138.128195
-1.469929,111,138.297441
112.755965,139,138.393264
149.803373,155,138.499659
109.502044,157,138.607863
179.39546,133,138.792979
163.939735,140,138.890252
160.439747,137,138.984623
145.940973,141,139.17579
119.821984,150,139.278828
270.044834,204,139.418397
114.215054,144,139.517916
151.082071,155,139.821842
110.774443,133,139.914095
109.381904,126,140.000574
123.111971,147,140.324367
73.746315,128,140.413272
61.757866,126,140.501904
294.329681,207,140.644867
193.529866,144,140.838321
272.851601,247,141.008188
167.785292,174,141.221231
223.965444,196,141.356566
117.212294,160,141.470801
140.140818,138,141.659009
160.721967,133,141.750499
120.772271,129,141.839697
76.070366,138,141.934444
76.771032,134,142.119254
123.814902,145,142.219697
145.12853,143,142.318562
225.923207,227,142.568731
122.894118,132,142.661198
48.680503,145,142.761408
191.097283,142,142.860227
182.452367,142,143.050903
118.887859,128,143.139602
94.103801,125,143.225343
197.763382,149,143.327713
120.658788,127,143.512099
57.948557,120,143.595843
124.03269,159,143.707286
135.037488,128,144.366401
206.668839,180,144.490455
155.0811,157,144.597741
194.96047,149,144.699963
211.193358,141,144.891184
85.563293,140,144.987002
131.080638,157,145.094733
196.093376,137,145.282195
218.951912,143,145.379945
207.051908,155,145.487342
235.911118,160,145.597581
150.163229,166,145.804405
173.772449,146,145.90455
129.887574,136,145.998019
141.766275,147,146.192897
128.693397,150,146.295567
127.753761,163,146.408098
153.503643,144,146.603308
138.047851,146,146.704956
137.474445,164,146.817059
141.269622,158,146.926244
165.227401,138,147.115509
183.847465,150,147.218055
168.670086,142,147.316357
219.312754,154,147.517051
174.694587,172,147.637442
163.876736,151,147.742386
152.216131,147,147.937677
167.953098,133,148.029604
123.702772,134,148.121945
162.97268,155,148.228347
172.683871,180,148.446726
372.030848,247,148.617461
189.522779,143,148.71694
117.23862,168,148.925963
154.774739,157,149.033464
301.291822,200,149.170761
179.969777,161,149.375139
168.62495,135,149.467509
365.80686,237,149.725085
216.339209,151,149.829789
194.577417,171,149.947374
168.895686,126,150.033967
123.203119,140,150.221451
209.352803,158,150.332116
200.805696,149,150.434033
83.255038,135,150.620176
317.789837,215,150.767596
138.689658,133,150.858386
159.477134,185,151.078623
229.291427,151,151.1819
152.039839,141,151.27892
136.222866,136,151.372315
180.199841,118,151.547701
157.234523,156,151.654344
153.227652,157,151.762736
183.77031,141,151.953963
209.166695,153,152.058969
234.904376,155,152.165128
179.486194,146,152.265893
184.154304,140,152.455498
159.093521,139,152.55011
212.259259,150,152.653759
114.508025,150,152.850942
368.834343,224,153.00303
234.258301,163,153.114348
226.060804,146,153.309856
135.367386,130,153.39909
208.563214,146,153.497846
188.886985,143,153.595638
145.5592,147,153.789508
387.218257,215,153.937496
183.418189,140,154.033404
135.645459,132,154.217666
189.20297,157,154.325494
218.792946,188,154.454105
337.171437,211,154.692993
160.91915,166,154.806381
315.081622,197,154.942514
248.970708,180,155.158677
132.055497,126,155.246759
116.731077,130,155.337079
209.112913,145,155.632729
192.511555,157,155.741173
209.325439,147,155.84306
336.723274,261,156.238268
214.517255,147,156.340618
64.651006,119,156.422233
172.951431,175,156.754802
158.529788,144,156.853825
233.342885,141,156.950755
150.452337,143,157.04843
143.366487,132,157.233404
144.987316,136,157.32652
191.271437,147,157.427138
235.768813,154,157.532377
187.053127,141,157.723569
244.536803,176,157.844133
104.620317,120,157.927469
199.990931,145,158.120636
183.773964,154,158.226872
170.416679,147,158.328567
294.342893,188,158.550584
222.422558,147,158.65239
174.683254,140,158.748833
169.324364,143,158.846167
315.967093,197,159.075463
244.163784,152,159.178582
192.45362,159,159.287287
150.772844,144,159.478036
146.888577,127,159.564798
154.993514,127,159.652201
234.784565,161,159.761958
166.634455,136,159.948048
176.966602,147,160.049039
197.216113,158,160.157289
210.318016,157,160.462358
202.715955,163,160.57278
178.794384,131,160.662128
172.091285,146,160.854906
179.998335,143,160.953298
184.720897,135,161.045339
200.698065,131,161.136112
175.048243,150,161.459991
156.249438,136,161.553259
244.856918,168,161.667722
159.946734,131,161.758937
197.914114,154,162.072685
175.935826,135,162.164842
101.949922,106,162.237858
196.132919,150,162.560728
263.415588,166,162.67827
240.921271,154,162.782818
109.379889,114,162.860879
173.840412,139,163.071839
270.276724,160,163.181353
90.369675,111,163.257735
178.363352,146,163.356708
181.364861,147,163.551202
221.573051,150,163.654796
215.392497,147,163.75538
203.727623,125,163.933695
151.686681,124,164.019802
106.473113,119,164.102317
136.829323,130,164.19201
253.03789,146,164.386494
140.017328,167,164.500321
133.297015,116,164.580222
225.745377,161,164.691171
302.681839,157,164.891703
164.055743,136,164.985255
142.518924,132,165.075454
177.304163,133,165.259387
103.940671,127,165.347661
138.647905,144,165.446278
373.154288,204,165.58648
149.192585,145,165.778576
169.560875,127,165.865732
170.581777,157,165.97255
186.953525,153,166.169952
167.414265,166,166.284333
278.677579,160,166.393493
273.95904,152,166.591119
248.888937,151,166.695199
182.565203,152,166.799186
214.784251,144,166.89821
238.06933,143,167.090985
158.280736,130,167.180154
151.409508,147,167.281382
230.575183,148,167.476803
227.15965,153,167.583513
168.320908,146,167.686751
243.637209,167,167.801228
174.747172,146,168.14105
154.430575,149,168.24373
232.925679,159,168.353952
167.635881,141,168.672106
136.597992,139,168.767732
242.504874,179,168.890276
276.24336,222,169.253307
236.063134,149,169.35619
240.23183,140,169.452978
177.570786,138,169.548532
322.376214,400,170.029111
208.071293,138,170.327106
220.174678,180,170.451593
234.572519,149,170.553184
198.680471,175,170.871984
149.682872,129,170.963035
201.13453,150,171.066828
203.439298,152,171.171234
239.400393,148,171.496584
186.118085,139,171.592447
224.530819,182,171.71734
212.011991,154,172.051429
146.166347,146,172.152024
118.307514,175,172.271469
203.66248,140,172.367431
269.933403,157,172.699932
200.592222,145,172.799611
220.496916,160,172.909501
163.451128,151,173.217661
255.857722,152,173.322494
208.16684,142,173.419796
225.893007,143,173.614494
195.576741,138,173.709734
219.532846,148,173.811161
197.108546,130,173.899582
147.101591,119,174.075326
248.889819,153,174.1798
264.275899,160,174.28893
141.271175,120,174.371148
182.824897,136,174.557997
177.385861,142,174.655267
213.679966,135,174.747646
228.494157,148,174.942791
196.398041,133,175.034004
223.465886,172,175.151556
178.244193,147,175.252836
110.944539,112,175.424043
202.266791,145,175.524021
141.772588,126,175.610088
209.439506,162,175.720095
203.333181,138,175.907983
143.967896,116,175.991014
219.90568,124,176.076776
147.803095,137,176.171516
214.284834,134,176.356308
214.855321,164,176.468559
230.924415,143,176.566723
368.318712,238,176.822403
165.941395,158,176.931423
235.99037,153,177.036073
215.146399,164,177.24264
226.980812,136,177.335922
257.527019,151,177.438638
239.86303,150,177.637556
290.519672,186,177.765599
247.547081,151,177.869808
308.462555,157,178.072767
209.517074,153,178.177017
253.392049,164,178.289189
199.830418,145,178.388241
262.156286,149,178.58462
148.0454,138,178.680072
47.933003,132,178.769687
224.684081,179,179.08246
292.386988,176,179.203091
134.823799,125,179.288735
449.169566,303,179.719477
381.137469,208,179.861547
234.826179,156,180.188454
281.137485,177,180.312468
349.668944,189,180.441201
269.458655,147,180.763498
345.044863,189,180.909844
263.269888,163,181.020835
232.466813,144,181.119619
197.389537,141,181.440772
232.523737,157,181.548379
248.55183,166,181.661639
201.061188,149,181.857499
173.401856,155,181.964012
180.703051,157,182.070015
259.127492,154,182.270907
219.962482,156,182.37805
215.123772,142,182.474871
118.106005,177,182.689985
150.151135,150,182.792228
129.978899,135,182.885398
210.270909,136,182.978762
198.182775,151,183.176505
249.765341,165,183.290447
274.413402,164,183.402894
180.332362,153,183.600989
116.007287,164,183.714567
214.691905,149,183.81525
220.829122,138,183.91
281.123604,152,184.107689
285.187967,178,184.229175
188.773056,131,184.320423
200.225114,173,184.530974
197.600782,140,184.626105
201.289063,145,184.724633
295.70608,187,184.945212
184.654733,125,185.029539
309.860391,163,185.141083
234.265662,141,185.236615
164.602411,157,185.437666
208.479101,156,185.544056
147.806985,139,185.638697
214.937148,139,185.826732
154.329839,158,185.934298
279.32431,181,186.056751
200.376382,149,186.251062
410.438747,217,186.400755
237.021493,135,186.493006
270.75076,158,186.69374
211.260786,143,186.79188
269.204933,167,186.905422
242.851952,158,187.011748
296.497535,159,187.219605
207.14897,158,187.328348
9.381487,152,187.431889
166.782943,154,187.736783
249.00471,148,187.837891
227.015191,156,187.946983
195.836809,142,188.241413
199.795083,166,188.354616
243.383739,146,188.45438
282.634909,177,188.668746
263.136958,159,188.778473
194.872444,121,188.865744
419.411979,226,189.018922
208.204486,145,189.211962
452.918083,273,189.3982
194.129793,127,189.578672
180.130767,166,189.691974
217.124131,145,189.791401
221.272216,150,189.894547
222.428418,144,190.086205
213.776261,138,190.180881
168.414359,165,190.293941
363.094664,202,190.526674
196.961945,139,190.622354
246.593971,155,191.17508
257.849859,144,191.365617
266.892397,160,191.474591
160.789123,130,191.562771
230.242321,137,191.658157
191.476,164,191.97562
299.470099,178,192.098308
157.955267,122,192.182668
238.265488,154,192.380968
302.084721,177,192.501504
185.9141,143,192.599093
615.700687,305,192.902292
250.919355,158,193.010214
248.672483,159,193.117965
306.558292,181,193.334346
182.300089,165,193.447436
265.069367,151,193.551503
249.076794,152,193.749211
238.300664,149,193.851738
227.215979,146,193.95237
238.504728,177,194.178845
316.242264,192,194.310814
358.494813,186,194.438382
293.198406,184,194.657454
227.746831,159,194.766577
210.949149,147,194.868011
239.846183,134,195.053326
178.040421,120,195.135883
229.05335,149,195.237313
241.293429,186,195.456554
234.970442,175,195.576805
201.036929,147,195.67632
228.250201,136,195.770348
361.433501,204,196.00531
151.449357,147,196.10564
212.846557,150,196.208565
317.401467,185,196.428103
206.025559,148,196.529423
182.841766,148,196.630835
228.665508,147,196.825568
240.306192,160,196.935023
319.179448,176,197.055207
256.24889,174,197.274295
125.087232,110,197.350612
260.070448,149,197.453057
209.230562,156,197.559641
224.11663,152,197.758126
239.100821,160,197.867115
264.365325,162,197.97789
232.119813,142,198.170139
250.180235,144,198.27009
371.0146,188,198.399462
355.606017,188,198.62152
262.81205,151,198.725806
219.283401,158,198.833271
232.303983,143,199.025608
259.157426,143,199.124461
199.008287,145,199.223892
241.331176,140,199.320354
271.253323,142,199.512244
152.075263,165,199.625745
235.006039,140,199.722783
223.196909,156,199.924914
249.22211,149,200.027353
219.845279,131,200.117916
169.699937,122,200.201601
222.551857,150,200.399067
230.084123,144,200.498174
236.319441,140,200.594152
195.960583,128,200.682439
261.132573,145,200.875245
141.964111,125,200.961286
152.653141,143,201.057684
244.12022,149,201.252669
253.375077,155,201.3597
151.321461,120,201.442323
214.265482,139,201.537623
206.162367,129,201.719462
215.239529,145,201.818869
200.477893,132,201.909266
249.432174,158,202.017724
359.315733,187,202.240243
255.681903,150,202.343797
256.314134,137,202.438359
206.522105,130,202.624457
250.09725,133,202.71593
199.626891,119,202.797553
258.283529,153,202.902185
167.082202,115,203.075812
204.53869,138,203.170197
203.910064,136,203.262681
238.980854,133,203.353909
233.740813,145,203.546611
248.822253,139,203.641508
260.908022,156,203.748458
259.004247,152,203.948333
269.054825,169,204.0661
264.842248,166,204.180881
229.198966,136,204.273219
228.913412,152,204.470408
248.079577,147,204.571842
401.288501,221,204.722265
219.237858,131,204.906248
267.066887,155,205.013033
182.703303,131,205.101969
221.39724,138,205.290087
231.459912,139,205.386398
226.223457,149,205.488584
232.357336,168,205.605356
226.989561,129,205.788927
359.334768,187,205.920225
216.303651,136,206.013378
250.573778,151,206.342321
251.030188,170,206.458393
233.422916,139,206.553024
277.820911,158,206.755395
202.10694,123,206.839931
213.631883,142,206.936178
200.043457,169,207.052917
233.759474,131,207.237776
244.145416,184,207.363819
237.777749,131,207.453125
245.757882,142,207.646388
350.778401,189,207.776346
211.452032,154,207.882122
247.575073,138,207.977245
321.251195,164,208.183223
265.929205,178,208.307949
236.805915,173,208.520387
238.264073,140,208.6179
241.292948,139,208.713623
214.129065,142,208.810627
175.284382,148,209.122188
228.561017,166,209.238308
254.649415,177,209.360022
285.834155,156,209.693921
251.415608,134,209.785819
242.983083,145,209.884613
249.001615,154,209.990835
294.458607,180,210.207883
435.149851,226,210.363227
248.639274,158,210.564932
261.208331,153,210.669869
309.010199,176,210.792115
235.475639,133,210.883341
136.031829,239,211.141307
284.030469,178,211.262758
257.009205,134,211.447502
288.227056,150,211.551564
225.701258,285,211.746136
511.960949,275,212.028801
361.875858,176,212.149653
438.558487,262,212.428879
264.635379,153,212.533413
320.057316,163,212.648634
343.927486,195,212.981955
417.453789,210,213.126322
171.309017,221,213.502079
342.504659,190,213.633662
192.933781,156,213.742594
295.592613,148,214.042037
261.655393,148,214.145691
324.614478,181,214.270731
316.928175,170,214.611108
243.59498,130,214.700351
260.825552,146,214.801102
292.528897,173,214.920432
165.361326,148,215.239261
246.962611,163,215.352659
250.545206,165,215.466529
250.75392,155,215.798987
312.975592,180,215.925424
165.060179,123,216.010884
290.212137,171,216.354192
263.103366,152,216.460178
254.749324,135,216.552954
241.380353,136,216.647665
263.771144,142,216.838126
283.692613,157,216.947316
291.790182,162,217.058848
263.58563,151,217.267028
299.039518,169,217.384162
224.534216,192,217.515243
252.280527,154,217.716444
247.342347,146,217.819486
334.785651,224,217.973752
226.74454,171,218.184691
261.560658,146,218.286605
291.352334,157,218.395265
214.087778,144,218.590829
245.684222,168,218.707657
272.320878,273,218.897383
318.365638,199,219.127827
-65.600932,139,219.224425
267.119783,155,219.333109
250.411044,150,219.635061
256.67771,139,219.73179
312.145899,200,219.869352
-26.781684,192,220.095272
403.362518,234,220.256679
159.1494,112,220.334382
270.381486,173,220.546575
275.558868,154,220.652736
274.835102,156,220.75907
-5.358187,183,220.980208
289.125185,208,221.123854
362.35835,201,221.263761
294.614704,159,221.467413
340.363804,274,221.654669
-17.204968,166,221.861835
-129.983239,160,221.971784
151.19982,124,222.057576
399.36911,370,222.508789
242.878232,173,222.628216
290.702039,196,222.858383
222.85355,133,222.950038
280.986788,151,223.054445
-33.205631,146,223.155012
279.679224,183,223.375459
224.62616,144,223.474948
292.600461,158,223.585242
287.680749,165,223.793221
251.523953,154,223.899955
241.596168,148,224.004322
253.223731,148,224.201025
282.203876,161,224.315303
275.840436,173,224.436978
281.082691,165,224.647166
209.401097,172,224.766557
206.414081,127,224.854724
241.012177,162,224.96622
243.622352,148,225.167948
203.526218,146,225.267966
236.664613,144,225.368274
291.927914,178,225.584949
132.540436,115,225.665028
207.450768,139,225.762216
200.795209,124,225.848143
406.601493,250,226.11522
180.387859,122,226.200401
288.38477,171,226.320879
287.725236,169,226.531682
195.94595,124,226.618147
158.802496,120,226.702206
269.2659,140,226.893517
118.849228,109,226.969297
143.048108,110,227.046159
172.670557,115,227.126961
266.082612,170,227.337516
111.876095,120,227.421559
219.786225,132,227.513037
243.9891,144,227.613562
203.460367,126,227.79507
223.363053,152,227.900495
265.861545,151,228.004122
238.729996,154,228.110767
216.973244,142,228.303902
267.060663,150,228.407347
214.275133,142,228.506388
209.187476,156,228.837191
158.778953,116,228.918467
92.972874,106,228.991552
168.845393,141,229.089611
203.12315,139,229.408763
223.856722,147,229.510028
121.885139,107,229.585046
266.217832,140,229.682466
135.67763,126,229.864376
219.733709,131,229.95516
244.14519,158,230.064968
200.678146,133,230.15686
106.812902,107,230.431646
202.907181,123,230.517643
271.600322,157,230.626043
113.894643,114,230.70605
277.275051,159,231.040279
260.257315,152,231.145563
170.602456,119,231.228151
122.24677,149,231.424487
294.153897,158,231.532904
277.830014,171,231.648891
223.398592,144,231.748721
255.571103,159,231.951932
309.313011,184,232.078053
237.710718,137,232.172722
254.205849,142,232.454236
158.448512,114,232.533767
234.750281,142,232.633815
286.255051,158,232.743455
169.979409,125,232.925001
292.49317,153,233.031284
108.553223,105,233.10522
273.807367,150,233.302634
227.351591,129,233.391918
280.081737,168,233.506572
142.351904,117,233.587013
169.583044,119,233.764193
246.058845,143,233.861822
151.331155,115,233.941829
198.047206,126,234.029333
280.408626,158,234.232525
240.396495,145,234.332434
286.817396,177,234.452753
227.754444,136,234.639888
300.463728,197,234.774562
238.031077,131,234.864568
264.734691,152,234.971859
174.181506,232,235.226424
16.123184,172,235.344913
199.042408,122,235.430095
305.336284,161,235.636126
232.9441,299,235.841736
275.052454,181,236.061643
260.834996,157,236.169285
315.822936,175,236.29071
246.759464,136,236.47912
210.24038,172,236.597559
253.298114,173,236.716143
265.487562,155,236.917008
268.337604,176,237.665883
276.827038,173,237.786264
357.23979,211,238.037908
293.840766,161,238.148341
0.044428,229,238.308774
-9.472549,157,238.509866
283.552021,300,238.718551
232.577449,164,238.924908
226.269616,145,239.026155
321.507074,184,239.154025
214.400877,138,239.342764
308.574883,190,239.473087
267.953568,155,239.580707
243.724969,154,239.780823
298.837517,312,239.998675
372.536302,205,240.234492
452.028208,228,240.392938
343.3257,203,240.5336
288.905872,178,240.74877
486.357163,372,241.097333
268.176023,158,241.20681
357.500643,203,241.347795
234.130568,150,241.54437
257.518953,141,241.644112
276.136373,185,241.771999
280.371103,174,241.891959
187.975518,173,242.105322
487.867099,242,242.271864
456.704638,227,242.523762
336.342763,186,242.657152
153.75729,144,242.756578
230.882041,137,242.945472
112.682995,162,243.057263
233.823111,154,243.163821
232.377291,138,243.353918
202.632836,133,243.446434
217.767484,168,243.561677
347.412145,194,243.790163
183.555104,141,243.888651
240.033748,154,243.99449
234.93447,154,244.100822
208.210464,167,244.308627
242.595822,146,244.409721
212.336631,139,244.506254
113.872408,206,244.740637
190.760003,128,244.829245
202.230736,138,244.924789
241.034927,132,245.016626
260.339445,173,245.22754
537.017218,287,245.428895
215.667172,182,245.649508
200.886767,129,245.739933
232.531812,143,245.841628
234.76275,142,246.032644
299.962543,175,246.152813
433.818788,221,246.304722
318.924878,181,246.527806
537.592113,312,246.741257
233.046948,159,246.943648
174.30301,135,247.036153
210.956517,177,247.156648
180.812562,129,247.244286
604.671287,279,247.529169
446.30546,232,247.69389
201.08192,147,247.886803
198.133131,156,248.001437
198.043366,149,248.103263
248.64159,153,248.300927
327.276262,194,248.439414
209.434252,152,248.543434
321.009009,191,248.769545
188.496105,154,248.881433
356.484623,395,249.24556
258.30661,157,249.353953
226.036052,148,249.455196
164.530545,166,249.673116
17.183609,247,249.840668
54.483699,219,250.082794
230.675308,220,250.233461
241.844424,162,250.344543
280.991417,181,250.560611
130.06722,229,250.7185
287.616435,199,250.854628
409.462737,242,251.119756
245.184016,146,251.219249
271.729189,148,251.41597
286.215166,192,251.547861
178.875903,141,251.644051
88.137786,226,251.890327
210.473265,129,251.978664
249.410003,161,252.089597
159.540951,129,252.177271
280.465261,156,252.37635
167.310941,148,252.477307
378.892752,219,252.627983
222.737559,166,252.833816
336.748907,196,252.968187
504.548623,363,253.306729
216.66888,150,253.409929
162.959422,150,253.511353
238.819386,265,253.785619
231.046934,145,253.884881
254.792506,163,254.089926
297.82974,188,254.218913
194.97195,137,254.312599
244.206012,144,254.502553
253.987727,156,254.609251
49.513308,200,254.746138
249.196565,150,254.848099
247.951637,140,255.041098
289.242076,168,255.156079
270.113532,170,255.272049
235.207191,171,255.48211
229.421799,149,255.582832
206.294156,146,255.682101
338.219342,199,255.911885
344.796729,183,256.037499
214.222084,149,256.138587
266.823122,146,256.332575
289.586897,180,256.455515
267.21579,145,256.556909
258.646348,148,256.751097
237.542906,170,256.867542
235.531102,136,256.961244
259.882609,137,257.055552
19.675006,182,257.273093
133.589849,234,257.433224
152.445139,124,257.61335
263.366477,156,257.723093
375.809282,197,257.858669
299.150691,156,257.966455
295.449657,169,258.176142
352.912238,220,258.32665
257.767073,149,258.520808
222.443854,139,258.617909
194.16654,127,258.705189
199.485132,171,258.821545
252.097233,154,259.022106
213.045503,147,259.12337
192.349191,161,259.235211
171.118977,121,259.418892
287.571067,159,259.530226
304.39206,171,259.647702
569.698787,313,259.955029
228.205671,133,260.047044
321.998648,165,260.162383
210.438715,147,260.357198
278.55096,153,260.462962
235.169397,148,260.565675
265.739329,163,260.774278
341.547116,180,260.897389
415.459034,217,261.046864
262.377557,147,261.240813
618.480612,301,261.446699
187.805464,264,261.720926
290.017063,152,261.824285
292.394737,189,261.953391
-44.960538,146,262.146706
229.240646,175,262.266804
269.282399,157,262.373745
293.539543,167,262.580615
361.566223,222,262.733803
282.035323,170,262.850296
259.745446,183,263.172995
294.530572,200,263.309314
803.75744,425,263.69384
309.291926,164,263.805684
-21.311332,226,264.054279
312.034566,184,264.179336
666.008533,312,264.602437
230.902552,342,264.835399
304.1584,160,265.038644
303.131782,157,265.147129
245.968648,142,265.244916
427.97842,264,265.51833
254.581287,149,265.620834
206.517962,138,265.715077
233.147964,143,265.906846
227.073676,155,266.014861
267.752253,179,266.138353
266.265135,146,266.466317
224.747762,137,266.567045
430.777908,226,266.726176
215.119405,158,267.043148
223.571196,133,267.134586
283.748254,150,267.237757
256.716839,183,267.566689
230.557498,137,267.667508
305.025192,165,267.781337
238.475189,138,267.876028
315.767685,168,268.195607
329.571905,200,268.333327
322.95497,194,268.467278
282.877416,176,268.812075
250.770731,158,268.920162
310.835289,183,269.04584
219.960019,157,269.385492
310.371111,168,269.502038
340.297974,199,269.834634
365.022968,200,269.979929
267.804376,148,270.082751
202.641344,332,270.541401
261.875733,164,270.653344
290.718747,161,270.764263
295.380602,206,271.105216
381.20896,202,271.243306
755.553147,404,271.722897
381.927056,254,272.12241
297.121599,187,272.253296
279.410249,157,272.361492
-57.080672,162,272.676161
340.807192,307,272.890726
448.880032,311,273.306236
74.249429,231,273.464448
414.76788,262,273.86694
246.576198,175,273.986898
597.087803,305,274.427145
214.746367,292,274.636022
307.240423,187,274.972752
330.718487,170,275.089041
278.609609,252,275.261793
448.85493,221,275.637964
294.137457,156,275.745695
75.175536,224,276.124739
-17.557457,166,276.238116
286.768903,176,276.359201
375.285597,252,276.757964
303.07689,236,276.919531
-30.69203,175,277.264267
415.377309,285,277.464925
224.410779,169,277.581979
379.09037,234,277.969986
-63.869277,166,278.084887
232.425007,149,278.38123
-14.720413,206,278.533894
298.786497,166,278.64734
323.400589,197,279.018081
294.435811,215,279.165947
269.309418,172,279.284135
305.163912,213,279.670348
252.267732,165,279.784132
295.084461,148,279.885784
320.264898,196,280.25156
279.872513,178,280.373477
307.373428,289,280.778665
92.629631,220,280.929331
243.109527,156,281.036831
618.094981,353,281.502218
287.696258,208,281.876666
256.09479,198,282.017004
89.163087,182,282.142376
413.003529,277,282.557858
120.800286,262,282.73762
260.071396,154,283.047673
620.175057,368,283.29988
206.198873,147,283.51608
279.902532,205,283.656979
293.525117,155,283.763223
239.618443,169,283.974063
299.861644,169,284.090682
265.763957,176,284.212337
356.129039,223,284.55561
261.287906,168,284.670907
200.925878,155,284.777376
423.734379,222,285.023892
226.160043,146,285.12373
442.292723,227,285.946949
396.284822,409,286.226963
259.36327,177,286.44006
353.019179,197,286.574896
272.035591,167,286.688854
-13.98303,160,286.890301
68.022014,245,287.059701
273.329762,174,287.272201
274.427988,189,287.402266
218.650038,166,287.515918
294.100359,190,287.739712
340.962456,238,287.904489
298.683974,204,288.045792
231.584478,172,288.256042
187.768495,171,288.373456
250.396384,143,288.472434
339.537983,238,288.729431
240.175102,147,288.830937
230.547235,140,288.927424
274.510411,184,289.146481
255.276989,146,289.247195
160.077031,117,289.328044
125.476878,251,289.593868
215.84177,147,289.695992
229.012347,151,289.799855
239.461172,146,289.993886
234.734295,149,290.097589
246.321704,146,290.197846
251.45291,137,290.502837
286.796748,158,290.612121
242.047186,159,290.721454
284.288861,163,290.844335
297.359972,177,291.05996
290.582789,197,291.196274
222.556556,180,291.519286
290.603107,165,291.63312
184.096109,116,291.713513
352.187857,228,292.096125
270.558422,172,292.215736
276.396669,152,292.321936
260.124018,175,292.533965
238.926464,144,292.63467
248.829408,142,292.7333
282.588738,206,292.875812
166.840164,152,293.076319
251.461763,157,293.185244
230.255918,145,293.285231
268.059784,145,293.477134
279.942534,150,293.580229
252.714078,138,293.675945
223.989115,155,293.874484
293.697143,182,294.000207
242.330624,150,294.104103
158.238289,117,294.184956
264.765912,154,294.383079
252.011176,147,294.484207
294.801111,162,294.595851
239.425425,172,294.805479
225.343684,143,294.905741
242.217475,160,295.016448
201.042785,160,295.218773
252.886188,191,295.349676
207.02225,190,295.480124
421.199756,299,295.777394
247.532435,152,295.88146
345.984405,363,296.22743
186.030375,312,296.441257
283.954932,148,296.634791
191.337636,170,296.750988
213.453495,154,296.85581
237.672499,172,297.078242
327.530536,165,297.191706
231.093345,130,297.281161
180.497313,140,297.469609
196.683761,140,297.566495
413.78155,236,297.729569
247.928023,159,297.930312
169.432504,133,298.021415
278.692703,150,298.125146
423.052582,280,298.515513
176.64467,167,298.629929
205.040765,160,298.739814
278.47691,180,299.086876
254.944095,180,299.210159
242.761796,139,299.307762
247.542414,155,299.606014
409.854008,227,299.761779
214.575529,141,299.859341
235.112947,178,300.208298
174.567912,170,300.326959
193.153095,151,300.43135
233.439954,188,300.78761
239.871727,171,300.905763
276.061027,158,301.014083
260.801392,186,301.311065
357.907987,218,301.460726
259.928502,169,301.576791
278.995383,188,301.933352
165.588047,252,302.106375
290.473901,174,302.449434
286.324013,198,302.585627
291.276409,150,302.688909
250.251782,146,303.015036
182.391862,129,303.103375
269.41803,138,303.19797
230.717419,162,303.308586
276.046049,178,303.649414
288.833941,190,303.780765
288.296229,170,304.104578
247.060891,145,304.204322
284.424272,186,304.331464
358.198582,204,304.695483
256.320216,159,304.804998
166.97166,159,304.914246
299.241015,165,305.248594
276.754575,155,305.359062
252.937442,155,305.465706
246.08962,132,305.556451
262.706148,150,305.887703
307.051727,176,306.009003
265.131692,153,306.114099
364.863677,244,306.4973
416.838133,227,306.6507
307.132755,180,306.995298
277.378659,159,307.103531
229.44693,157,307.210696
292.674548,158,307.532441
299.259754,159,307.652475
295.818518,175,307.771268
-36.282639,213,308.149596
232.239067,144,308.249346
262.896851,151,308.352918
270.200833,169,308.46894
263.39577,185,308.820349
254.867991,152,308.924964
287.499072,160,309.035135
212.700702,156,309.36556
120.236759,110,309.440169
239.667822,144,309.53842
274.173938,162,309.873738
356.778606,225,310.027249
47.744981,216,310.174325
256.702436,177,310.519444
290.188828,195,310.652181
287.834255,166,310.763934
280.642391,174,311.106965
242.391293,138,311.201033
278.986479,172,311.318549
268.15068,166,311.655922
551.780699,414,312.036087
274.720603,149,312.13771
274.951898,147,312.237525
163.929228,123,312.321903
251.043919,146,312.51498
235.583999,142,312.613041
288.744328,157,312.72006
254.907063,144,312.912024
280.534786,160,313.021636
216.555369,146,313.122642
603.079184,372,313.469586
332.588549,236,313.631947
231.313501,177,313.849039
263.482081,155,313.954824
271.426026,165,314.068512
232.245882,149,314.263918
259.898618,188,314.391886
198.739384,142,314.488658
270.930965,148,314.684934
237.961957,152,314.791108
226.707877,142,314.887836
207.449688,138,314.982756
182.552377,176,315.197335
472.267802,232,315.356471
6.711008,194,315.698383
232.780124,161,315.80814
286.842765,167,315.9226
208.593464,145,316.02159
308.731137,272,316.406909
232.745868,148,316.508252
185.273303,184,316.856947
290.46957,174,316.975571
96.866369,214,317.122802
67.922908,233,317.376658
-25.036901,195,317.509685
221.63401,212,317.748598
358.218787,234,317.907761
271.878057,175,318.026056
193.477643,171,318.236588
198.072349,128,318.324226
362.5929,385,318.784751
322.976624,345,319.020497
208.008386,254,319.293243
293.934458,196,319.427364
215.547206,134,319.703431
223.393307,173,319.820324
152.313707,226,319.974272
295.762226,169,320.314394
251.869354,178,320.43629
242.219283,170,320.551383
145.474534,115,320.853764
241.347111,131,320.943456
319.203816,169,321.058984
349.537292,203,321.394111
279.271174,185,321.519996
331.719923,166,321.632404
330.012471,199,321.993916
204.258126,175,322.113423
221.372614,128,322.200894
298.849397,152,322.504622
362.183557,235,322.666047
333.495052,242,322.831077
288.995117,157,323.030904
269.54736,159,323.139616
338.921483,195,323.272556
141.145752,116,323.446014
280.750876,159,323.554362
268.70507,170,323.669816
279.569742,150,323.865062
401.281663,230,324.021218
239.567258,131,324.110725
349.220816,188,324.335401
352.046474,195,324.466997
184.444058,133,324.557266
282.994315,148,324.751758
308.723259,177,324.872731
249.570438,175,324.99171
222.627998,132,325.175084
259.364961,139,325.269839
308.633671,151,325.372588
400.609081,281,325.654456
291.811914,161,325.76353
292.725482,184,325.888288
221.957561,151,326.086249
253.316621,150,326.188696
88.978619,233,326.347599
307.517857,156,326.546707
318.540516,199,326.682634
319.92445,164,326.79448
265.447681,182,327.011002
125.878357,113,327.088315
99.643159,226,327.241477
231.627205,131,327.421859
204.133945,134,327.512032
264.736408,145,327.611574
288.895661,172,327.821185
288.518815,189,327.949753
411.948602,223,328.102063
253.394265,137,328.288769
265.496913,169,328.404117
76.636381,207,328.545412
91.568542,231,328.795849
414.310042,246,328.962433
302.26245,164,329.166097
1.644702,185,329.292437
-113.352139,134,329.385424
-33.920261,156,329.584538
-34.548633,169,329.70074
369.187073,232,329.85895
259.318534,173,330.070106
210.014988,161,330.180268
236.178683,150,330.281775
102.884665,209,330.622539
211.594754,143,330.720477
382.903775,237,330.882176
303.19489,180,331.172038
241.772711,203,331.310995
48.906692,211,331.696853
242.14377,141,331.793008
-42.505104,157,331.90056
270.478279,151,332.003682
290.660704,160,332.338461
284.689336,154,332.442674
140.297755,114,332.520452
226.564197,139,332.830841
70.140523,220,332.982236
232.035665,139,333.077186
253.768302,148,333.380621
294.406649,194,333.513953
-116.558698,172,333.630812
238.321651,150,333.956759
274.843847,176,334.076622
311.158404,187,334.202175
294.207761,169,334.519589
239.76005,154,334.624914
259.100084,141,335.476739
283.297291,304,335.885974
219.880498,153,335.99151
296.119943,154,336.096523
155.397862,197,336.453107
276.967276,174,336.571108
123.466405,176,336.690214
252.736575,158,336.971846
617.456948,338,337.203138
223.344997,142,337.540147
183.430338,116,337.619539
210.456626,142,337.715601
251.056147,142,337.811587
266.63786,140,338.112355
215.731362,137,338.205753
261.929566,183,338.330166
205.117502,128,338.622149
95.101718,114,338.700258
274.617553,151,338.803202
299.428294,204,339.165563
265.26967,142,339.263622
309.06245,206,339.404619
241.680513,139,339.723418
270.21763,158,339.842141
284.844591,159,339.951127
176.592808,133,340.041992
301.975091,152,340.348015
274.286436,162,340.45923
232.197592,145,340.558019
252.911058,183,340.92078
321.51583,174,341.040333
239.989091,140,341.136163
213.02454,127,341.403927
231.98182,136,341.503312
291.410746,147,341.603297
247.062691,147,341.703355
290.284301,149,342.041042
35.081727,212,342.186051
-67.384789,168,342.300624
270.498261,190,342.633957
-2.64872,191,342.764207
206.758579,131,342.852724
245.958953,143,343.170383
216.406943,130,343.259198
338.72869,159,343.367516
296.199902,158,343.706089
217.438916,130,343.799547
9.553489,216,343.947705
-108.865869,164,344.277619
272.592376,161,344.388833
286.513444,159,344.496932
15.380523,193,344.828947
-49.165661,227,344.986744
274.613625,174,345.105145
-46.485266,146,345.429334
242.724731,153,345.532984
289.376166,150,345.634838
310.229754,202,345.992279
329.416938,198,346.127331
-23.213666,189,346.257957
174.990596,179,346.603332
-8.764858,222,346.755463
271.052272,177,346.876532
245.632626,156,347.219165
107.056767,161,347.328101
319.254591,174,347.445656
53.180862,237,347.808064
-110.410918,134,347.90016
243.325695,135,347.992002
227.710183,269,348.374946
407.228692,250,348.5437
-69.687684,172,348.861566
81.196961,107,348.934038
419.604901,480,349.496529
218.010033,239,349.659207
269.167018,156,349.939554
140.375639,248,350.109178
284.479351,187,350.460396
270.95758,149,350.561096
270.759286,174,350.678748
57.57821,281,351.080052
238.206864,151,351.182389
346.079208,247,351.349786
243.282642,161,351.668212
265.56815,174,351.78576
147.961863,144,351.881544
282.47933,175,352.224316
271.23964,140,352.320416
55.979583,297,352.727121
-26.674738,243,352.891325
113.098367,269,353.296829
-102.277377,150,353.399402
234.545202,132,353.489045
72.657303,134,353.579348
240.86947,136,353.873811
73.145422,217,354.022889
274.299576,149,354.123285
232.679008,149,354.4261
320.045826,156,354.531381
167.176442,144,354.628242
259.241758,156,354.957364
294.990913,159,355.064905
-1.102101,224,355.217259
284.285102,160,355.55212
298.205745,202,355.688648
193.417545,158,355.794041
449.324772,295,356.233409
162.5567,235,356.393875
268.426477,146,356.698083
264.258315,145,356.797077
220.214351,132,356.886989
277.891781,187,357.238146
208.55871,138,357.332431
213.695125,132,357.4215
114.00542,248,357.814114
286.424464,190,357.943546
253.946985,150,358.045234
253.562264,142,358.341471
246.358625,152,358.446422
231.293666,129,358.53392
142.430592,112,358.610165
212.778261,131,358.92243
230.477878,137,359.015532
302.873469,155,359.121854
254.575701,181,359.244449
223.498835,132,359.570238
265.727747,147,359.669888
249.555694,177,359.79005
264.511361,155,360.096077
-5.331651,249,360.266765
254.541718,142,360.363569
267.657104,256,360.760016
253.658989,142,360.856999
227.09401,169,361.196128
269.302653,212,361.340114
185.80954,171,361.456549
207.04096,147,361.765524
215.080873,164,361.877374
167.640407,123,361.961158
155.159881,244,362.348991
416.883491,239,362.511463
294.963421,194,362.644023
259.310105,149,362.948433
278.164653,149,363.049443
58.63552,163,363.160345
262.988921,182,363.485949
262.040959,137,363.579443
190.704444,266,363.987559
331.203018,206,364.136427
230.132532,132,364.226673
279.207421,147,364.327091
243.475276,159,364.662449
244.815071,170,364.778208
271.272833,194,364.909414
188.43484,159,365.252249
260.406969,155,365.358196
232.168597,142,365.455136
254.795512,152,365.782711
133.281757,118,365.863401
234.060551,176,365.983144
244.917607,165,366.322139
321.57468,229,366.47871
420.469763,220,366.627998
202.546576,186,366.98879
274.886791,154,367.094711
52.497756,230,367.477785
233.341056,160,367.587441
246.957435,152,367.692423
218.200655,171,368.028952
213.107945,148,368.135245
197.257274,145,368.23482
206.128612,194,368.366812
158.237988,120,368.676009
179.767784,180,368.798465
227.63573,176,368.918344
233.78599,146,369.118501
107.04579,117,369.199647
248.922623,132,369.290397
237.651296,179,369.505419
203.856826,129,369.595181
88.378381,168,369.70968
228.69776,146,369.809374
245.323782,153,370.007761
99.679392,174,370.126336
217.443488,148,370.228124
199.762256,181,370.444702
135.535186,169,370.559802
163.390307,171,370.676319
182.068859,138,370.863961
199.183679,168,370.978205
211.278727,144,371.076487
222.198892,166,371.283886
227.639472,146,371.384263
168.730232,160,371.494272
261.253004,156,371.601799
569.226359,362,371.957086
229.947537,164,372.068119
106.884689,116,372.241208
161.531799,158,372.34916
173.332657,146,372.448532
228.753928,185,372.668644
156.570744,164,372.780589
191.976289,144,372.878725
221.520426,161,373.081423
135.108187,129,373.169755
266.920514,166,373.282558
268.775752,153,373.387528
205.590842,141,373.577129
238.800987,161,373.687518
221.432516,140,373.783263
186.049786,132,373.966648
209.845005,129,374.056432
212.649876,179,374.17911
254.342833,145,374.278067
208.140673,171,374.487252
162.113853,126,374.574102
251.654054,149,374.675539
160.455752,118,374.931861
193.57742,163,375.042865
179.425716,149,375.144278
253.591452,150,375.247087
120.747553,106,375.412947
170.593537,152,375.516956
240.925348,167,375.629788
181.287517,136,375.895834
97.798338,133,375.987623
208.802508,136,376.080065
88.635108,114,376.157943
199.385267,153,376.355334
196.96008,144,376.454238
180.334224,139,376.549318
191.031313,165,376.660713
196.931283,182,376.988809
213.980427,130,377.079019
275.19851,163,377.191398
240.824068,149,377.386972
150.380394,157,377.493645
195.226575,159,377.601949
184.492385,140,377.791921
201.25387,126,377.878271
225.889344,144,377.97726
265.944498,156,378.084564
192.930734,160,378.288142
172.14641,161,378.399093
225.228766,137,378.492482
77.450887,104,378.563107
96.296256,104,378.729224
209.939093,146,378.829061
109.291755,126,378.916201
122.451545,112,378.993567
116.265193,134,379.181386
171.389618,163,379.291905
153.340768,146,379.392094
172.869341,126,379.576491
194.744201,140,379.672324
173.011992,144,379.770699
184.258576,128,379.859288
193.103052,136,380.045992
91.793052,115,380.126523
251.20351,155,380.232885
157.665502,150,380.33558
140.293679,122,380.517469
170.510454,132,380.609276
186.427136,143,380.707786
159.926979,138,380.802442
192.921223,176,381.019035
192.229862,143,381.117392
169.807583,129,381.207251
201.168404,163,381.412668
233.537927,150,381.514959
241.584007,157,381.62213
276.25234,168,381.832278
195.783201,150,381.934498
147.662003,147,382.035877
103.3069,130,382.125144
162.624012,170,382.335761
195.310366,144,382.435282
140.537696,137,382.52994
174.161525,140,382.721902
178.641361,140,382.818059
129.193272,149,382.91953
202.60137,156,383.026141
157.035246,123,383.205196
120.581336,134,383.298626
216.565473,163,383.409807
158.476487,151,383.607788
203.560769,150,383.71142
137.206464,125,383.797849
207.826254,155,383.903668
207.829699,140,384.092338
222.880563,155,384.198348
228.23038,152,384.303463
222.774033,159,384.505607
182.933472,145,384.605071
174.415856,254,384.777627
171.609839,125,385.075195
239.858335,151,385.179885
204.478773,185,385.306771
242.076764,148,385.631729
378.061405,237,385.793045
169.153366,142,385.891157
239.067923,161,386.227338
173.436022,136,386.320925
140.065688,152,386.425268
251.222529,197,386.654931
258.874659,210,387.26124
165.187168,149,387.364813
300.973594,193,387.590723
219.416828,172,387.709278
369.384056,224,387.863269
243.416351,207,388.097815
131.026384,216,388.245522
431.159415,370,388.589976
251.884374,168,388.705453
182.307802,171,388.91508
239.926834,186,389.042077
264.167017,169,389.157324
204.645838,154,389.356779
199.384912,169,389.472641
479.069524,306,389.775525
180.875517,181,389.899693
260.606371,193,390.031094
221.446584,183,390.377112
220.869229,205,390.518266
343.135063,210,390.662066
252.282554,178,391.003215
237.590845,165,391.11498
237.452023,185,391.240782
242.256906,152,391.570603
339.00333,278,391.760381
214.936981,183,392.112173
198.735808,175,392.231838
260.177413,187,392.359061
267.241533,154,392.693498
292.708491,181,392.81747
229.493859,182,392.941312
260.81297,168,393.257686
206.466746,161,393.36827
254.318102,167,393.482603
376.361788,236,393.870173
342.733486,218,394.02012
301.68204,208,394.371446
187.730171,169,394.486713
210.088157,145,394.585442
-28.799316,155,394.892586
427.397403,244,395.063159
470.978972,346,395.526227
275.83191,180,395.649085
276.189614,174,395.769353
123.711694,130,396.082176
192.502869,153,396.187021
239.090753,161,396.297315
156.080611,162,396.631011
134.024404,150,396.736134
180.687685,170,396.852559
261.851529,192,397.077205
231.161377,172,397.195325
281.18521,237,397.357791
244.633543,182,397.576564
240.606806,169,397.693167
229.440427,189,397.822237
261.866442,176,398.035109
165.832369,187,398.163663
230.508054,156,398.270179
184.788468,171,398.480936
186.546294,136,398.574904
213.866412,143,398.673645
222.851498,160,398.880665
409.14009,233,399.040572
208.785028,167,399.154794
158.647485,137,399.345555
242.260539,151,399.448784
222.710043,144,399.546934
206.285059,159,399.75119
204.583292,162,399.863893
233.639598,160,399.97453
250.299674,243,400.236776
99.215826,112,400.313975
205.357617,150,400.417236
157.613437,154,400.615362
241.564962,179,400.740349
240.379444,140,400.837379
178.993528,181,400.963203
208.606042,156,401.166515
206.117812,161,401.279535
201.518536,173,401.400149
158.503357,135,401.588867
164.190086,156,401.697993
260.3145,162,401.811871
220.264126,144,402.007232
258.336899,166,402.122067
220.666797,162,402.234566
129.792792,118,402.318444
253.134596,212,402.561839
249.414173,166,402.679149
211.387331,160,402.883897
204.339347,158,402.993874
226.666504,181,403.120658
176.082858,171,403.333519
245.056166,173,403.453593
225.159045,163,403.568264
257.707596,181,403.801901
202.117108,166,403.917942
222.244806,232,404.081514
244.21268,181,404.305212
245.854346,148,404.409242
350.130382,332,404.736569
229.995059,180,404.861894
46.212633,179,404.98523
269.655482,160,405.189745
320.368109,288,405.389875
335.671465,252,405.6575
194.318235,167,405.773484
266.621965,180,405.899096
276.810478,190,406.124567
272.327824,167,406.239754
277.617134,160,406.352589
276.751657,207,406.592769
198.357314,174,406.714362
222.389771,191,406.846751
349.007772,269,407.128154
256.94196,212,407.276365
367.01187,256,407.549992
196.056416,166,407.666728
259.092062,166,407.877443
341.001993,287,408.078361
229.408917,171,408.19817
224.623427,188,408.421825
-29.268612,152,408.527468
273.344041,165,408.641782
252.395902,166,408.852211
245.117582,157,408.960384
211.693292,175,409.080509
269.886314,187,409.301928
29.159862,269,409.487129
249.919529,157,409.690367
213.111395,179,409.814797
367.591214,248,409.986433
276.929432,170,410.197247
567.899571,366,410.541751
279.454731,242,410.709779
213.443162,155,410.817015
266.515707,200,411.052136
256.258181,194,411.186769
215.794513,271,411.476675
412.651223,232,411.639143
207.816785,311,411.948538
-34.320257,163,412.061794
372.793489,317,412.378616
253.178875,165,412.493734
358.481072,249,412.667575
483.615487,317,412.978009
266.445951,207,413.121741
227.944469,278,413.406655
243.12358,181,413.53122
286.061004,167,413.741364
275.685345,173,413.860865
242.597646,169,413.978495
75.136729,209,414.215471
214.049507,198,414.351112
377.872046,241,414.611676
145.900959,141,414.709043
-199.83266,170,414.827011
137.126359,228,415.078674
-55.082895,142,415.177667
-48.294408,149,415.28222
44.42046,225,415.531194
-146.93687,128,415.620248
-116.251763,148,415.722983
38.082935,133,415.813834
307.987287,183,416.034187
238.010097,135,416.128984
183.28496,244,416.394095
283.71431,267,416.579117
-6.5352,159,416.688679
229.088307,175,417.032339
274.353364,174,417.153194
493.185611,348,417.592906
632.668948,341,417.827439
-52.829874,155,418.159607
531.271334,257,418.337212
-63.163054,147,418.439508
304.733295,157,418.641515
308.403137,231,418.800959
151.796118,276,419.087129
260.535835,159,419.19775
257.429393,181,419.321167
36.473945,131,419.503539
187.468003,255,419.680909
265.781558,228,419.937506
202.56251,132,420.028175
248.600002,312,420.33722
212.527744,128,420.427028
362.451236,233,420.586285
277.454184,148,420.687535
295.80995,145,420.882093
290.081829,148,420.984416
-37.186748,147,421.086495
261.101548,174,421.301795
-49.586962,151,421.40616
243.311226,149,421.50941
220.663556,147,421.708808
129.436963,153,421.813479
518.58504,301,422.027899
282.767778,167,422.367302
99.319288,147,422.468674
162.240152,165,422.583169
326.235772,207,422.955729
270.792945,167,423.073062
33.631372,165,423.18795
247.541099,163,423.408262
194.241674,150,423.511298
240.461956,170,423.62942
166.144229,146,423.821613
248.167491,144,423.921681
66.857133,144,424.02078
497.885338,251,424.290033
258.129237,167,424.415047
78.500874,117,424.496342
257.400761,182,424.846222
267.160628,219,424.997309
344.738605,214,425.144371
90.895447,145,425.445911
245.27594,162,425.557426
253.727803,172,425.675294
469.971336,351,426.13933
150.445556,170,426.257013
85.226561,125,426.562108
242.879019,157,426.670385
241.611327,173,426.789116
223.48554,149,427.113746
281.172071,200,427.250108
646.816512,441,427.751671
246.978174,139,427.846417
308.217146,180,427.968508
51.371166,181,428.186263
242.654867,163,428.300438
363.29597,266,428.575636
548.446696,357,428.818609
213.172211,264,429.091016
142.805673,149,429.191558
560.593156,362,429.534462
263.741131,194,429.668125
223.27188,146,429.860576
271.304137,179,429.983555
516.23067,341,430.309846
224.97933,160,430.419262
213.83554,179,430.543421
171.19317,174,430.754913
279.337314,151,430.858989
188.664893,193,430.99178
251.876862,173,431.203147
222.178455,173,431.321078
384.224787,248,431.491437
246.101615,148,431.687318
344.942808,252,431.859318
196.040536,146,431.957463
196.930345,153,432.155739
270.262019,210,432.303007
186.289606,159,432.411992
258.118305,162,432.616504
587.650753,401,432.984072
242.510351,160,433.092527
255.938161,154,433.197738
222.148047,173,433.409371
122.049955,160,433.520793
102.73265,141,433.619094
146.415157,172,434.150468
99.727523,127,434.329989
191.952131,162,434.440262
208.278085,155,434.545358
130.567071,141,434.733661
164.264726,146,434.833287
218.653466,151,434.935956
112.907657,151,435.039265
188.629438,145,435.230528
214.902324,150,435.333528
141.151132,141,435.429508
189.254043,152,435.626279
70.645689,123,435.710373
211.79932,144,435.807847
116.941702,124,435.892654
113.04572,134,436.078058
64.101245,137,436.170914
112.812102,137,436.264006
72.110806,130,436.355029
55.404178,131,436.537897
166.496232,154,436.642035
117.67909,150,436.743751
50.114023,131,436.926233
200.914305,152,437.029897
130.752009,159,437.138055
214.92111,173,437.255257
188.463348,161,437.54864
71.879795,123,437.632392
41.202092,124,437.716901
88.115935,116,438.014674
92.421698,210,438.159367
190.284031,159,438.267811
148.459688,163,438.604685
121.662584,129,438.692769
190.491866,148,438.794289
199.775407,151,438.896794
97.915456,117,439.199587
170.35655,146,439.298909
153.56182,190,439.426935
93.54599,142,439.742635
75.431005,177,439.864234
202.302175,144,439.961998
98.028696,219,440.335307
178.978041,168,440.450166
70.889306,117,440.529299
250.94846,156,440.635318
124.685659,157,440.841341
178.316677,160,440.950363
130.842612,168,441.064822
189.926335,159,441.265606
213.615339,172,441.382955
109.210258,155,441.487525
209.414859,161,441.690907
103.253358,121,441.772501
158.684553,175,441.892092
224.735856,159,442.093881
113.28205,121,442.176204
219.308992,169,442.291682
128.571568,167,442.40646
159.832397,160,442.610227
193.796884,143,442.707222
225.938527,148,442.807863
192.877497,163,443.013935
195.807132,158,443.122634
125.880161,153,443.226409
206.393005,171,443.437234
199.060306,164,443.54968
36.638358,135,443.642411
186.138548,167,443.85096
182.884623,165,443.963692
126.882758,159,444.071973
210.688099,163,444.183028
67.562979,157,444.395156
165.024575,155,444.500486
195.036962,155,444.606141
159.067559,164,444.810929
164.799755,190,444.940051
186.014109,163,445.050645
233.269773,170,445.260093
144.365297,162,445.371087
216.91578,165,445.483915
213.955696,156,445.684533
172.489081,153,445.78914
215.878475,161,445.898664
54.29913,129,446.080386
199.613873,155,446.187044
205.740677,157,446.294406
144.833207,136,446.387157
217.382313,151,446.583971
112.440113,158,446.693489
172.541986,154,446.798023
198.205245,152,446.996038
56.268205,120,447.077791
148.421448,169,447.193648
113.885681,128,447.280281
69.735042,126,447.459938
179.948691,165,447.571905
185.25469,190,447.702286
143.411777,139,447.890865
213.585468,158,447.998861
239.06479,161,448.107712
108.946285,116,448.186069
151.765163,129,448.367961
155.194616,151,448.470413
195.901129,156,448.576697
209.701211,152,448.773607
234.978936,160,448.882264
111.360851,123,448.965168
129.584383,134,449.056033
199.123857,155,449.255758
164.52222,177,449.376228
246.99258,167,449.488813
224.686831,169,449.697782
179.14497,162,449.80912
200.771305,167,449.921881
132.463452,185,450.141936
154.589807,178,450.262193
177.824018,178,450.384049
181.442978,157,450.584093
170.840956,177,450.704391
159.590376,186,450.829497
212.13279,177,451.04337
215.971697,172,451.159206
198.042128,156,451.26557
193.714889,150,451.46092
159.283157,168,451.5748
57.681448,128,451.661113
194.013351,161,451.864148
206.417458,160,451.972613
180.362979,168,452.086933
201.425082,158,452.287499
162.965199,171,452.403814
107.971514,165,452.515327
187.78537,163,452.718654
142.888333,176,452.838102
133.500094,178,452.95918
189.307642,175,453.172231
170.849339,161,453.281594
214.974665,172,453.397296
217.675831,150,453.591622
108.161853,174,453.711891
192.825564,170,453.826727
200.724758,158,454.131165
214.819123,162,454.240661
267.838426,234,454.399559
200.025617,160,454.599345
116.914961,159,454.706527
172.012179,169,454.823123
82.236263,271,455.101215
215.750099,349,455.335676
154.080332,177,455.550638
218.389374,240,455.716115
190.400029,297,456.112956
123.462765,180,456.235208
191.848302,259,456.505902
182.582793,175,456.624135
205.635537,186,456.748991
163.460789,161,456.953052
171.921676,229,457.108317
168.604087,161,457.217421
151.106063,277,457.49962
167.702007,175,457.619473
128.115665,160,457.936378
311.788515,237,458.096672
167.713357,168,458.210352
111.798567,174,458.420571
252.628119,172,458.536929
255.228198,252,458.801049
282.858067,164,458.911615
226.325163,147,459.01077
243.069718,159,459.211201
173.001123,165,459.324048
164.123949,166,459.436069
119.040783,133,459.526688
184.743086,197,459.752679
205.403046,167,459.865455
122.29465,169,460.070662
384.444836,257,460.245535
186.285689,164,460.357959
201.313733,183,460.575223
256.511417,158,460.682059
148.824387,205,460.819422
284.927414,157,461.018466
150.970171,148,461.119657
212.915128,206,461.25829
200.431109,159,461.572708
296.399758,207,461.711795
213.533285,196,461.844104
127.159464,169,462.179211
431.332675,285,462.371548
90.052481,175,462.718581
178.311845,153,462.822522
228.796562,178,462.942116
228.847296,164,463.278311
182.966875,172,463.396672
297.235486,201,463.533611
234.556999,170,463.871743
177.29699,143,463.967861
238.927072,162,464.078188
145.614623,165,464.413563
146.583511,172,464.530562
192.073213,191,464.660022
203.311728,166,464.972149
144.2411,159,465.080384
179.031293,164,465.191874
213.643998,152,465.452602
349.789467,260,465.630139
185.956357,146,465.72919
216.110495,209,466.071093
235.708034,203,466.208899
79.160686,232,466.574998
127.292012,286,466.767552
179.712509,159,467.080532
295.689974,161,467.193183
333.974728,202,467.328693
233.315499,184,467.656744
225.917327,175,467.775598
211.488108,155,467.879866
378.764491,232,468.241466
197.698002,151,468.343788
174.986365,147,468.444204
193.398751,150,468.777487
298.683589,155,468.882375
168.52227,131,468.970701
123.511632,180,469.09168
362.309111,276,469.500052
208.384923,160,469.608015
309.847454,217,469.963709
231.160262,162,470.074304
81.117349,115,470.152617
338.70481,296,470.558687
190.33285,154,470.662655
116.485512,168,471.003712
151.001475,162,471.12134
236.900286,143,471.220091
338.123948,229,471.578641
21.298719,176,471.697438
165.003807,138,471.79038
252.443433,169,472.103935
288.165792,183,472.230727
280.466388,182,472.354877
255.527107,220,472.707375
193.18295,187,472.832931
217.448822,196,472.964524
154.354158,144,473.285402
245.258033,180,473.407598
217.177349,144,473.504339
658.458754,363,473.960783
422.068606,364,474.441975
290.195196,195,474.576507
270.340539,194,474.707479
225.077418,150,475.033357
303.988634,231,475.19115
290.905888,166,475.505074
87.225329,165,475.617237
431.36023,394,476.087352
270.315344,235,476.248074
180.121909,155,476.353028
161.494777,218,476.69889
153.233554,157,476.803793
199.791414,171,476.920893
170.208248,174,477.261151
70.400168,175,477.379852
280.741162,196,477.715229
486.234123,371,477.971917
230.510553,173,478.290445
202.142523,146,478.391427
-67.858707,138,478.485116
336.7092,256,478.751036
220.552467,140,478.846514
200.962769,149,478.947278
230.181504,300,479.244622
346.214165,307,479.455444
198.92607,154,479.655052
144.717342,149,479.757424
197.764069,159,479.865622
360.974901,229,480.113775
335.503701,303,480.317952
103.608045,186,480.537238
241.763699,149,480.637798
369.878026,236,480.798335
301.66497,216,481.047723
476.690287,297,481.247403
195.613255,164,481.449997
305.671799,224,481.601492
60.913418,173,481.811076
293.951104,323,482.512185
115.611244,127,482.607284
202.138645,195,482.833366
354.875069,229,482.987601
137.88608,174,483.198137
211.598445,323,483.41935
314.542157,225,483.664774
103.184519,115,483.742646
132.62657,167,483.856752
351.538227,209,484.08964
272.47295,168,484.203773
-27.020012,143,484.300014
468.599583,308,484.604544
347.878058,203,484.744161
283.637386,186,485.035449
249.36859,232,485.193376
73.911304,123,485.276908
287.775493,227,485.524674
525.916401,299,485.728879
115.33786,145,485.996771
126.606022,165,486.110455
91.154594,141,486.20588
346.638298,209,486.570385
396.435583,375,486.826363
390.143033,224,487.179471
345.104625,241,487.343806
14.187646,142,487.6645
345.19038,266,487.84618
297.313241,194,487.977154
237.939351,205,488.340952
226.09093,341,488.789337
514.452932,354,489.036325
492.768791,329,489.483603
260.660428,165,489.59583
124.717764,137,489.68857
-152.624309,132,490.001911
247.414732,223,490.153303
189.369931,246,490.534594
411.79252,263,490.712985
-133.863282,133,490.802115
256.213828,175,491.012551
156.686401,186,491.138217
-53.949208,190,491.267224
279.269396,255,491.533741
-2.754693,192,491.663435
349.035586,230,491.928135
256.83354,152,492.031454
273.014235,194,492.163635
251.178203,226,492.408146
373.880963,200,492.541902
368.035896,297,492.83652
210.466764,207,492.975877
154.479458,181,493.192746
275.636066,237,493.353031
204.994987,171,493.468539
-52.050665,139,493.658204
339.246011,353,493.896706
377.542825,254,494.162313
226.150931,227,494.316664
49.017376,157,494.51524
81.645585,183,494.639184
82.827563,184,494.765458
272.242169,202,495.001401
68.522327,254,495.172293
180.298184,161,495.377422
290.233744,236,495.53764
0.560471,167,495.65126
260.606536,254,496.0372
196.641133,168,496.150066
-21.117518,167,496.262835
181.75304,150,496.563152
184.078577,132,496.652028
317.448055,213,496.795605
-74.250391,189,497.123805
775.126432,495,497.55171
320.369326,195,497.685229
295.572055,305,497.983855
204.877653,230,498.139276
685.843878,742,498.830394
427.193904,352,499.067663
192.246872,437,499.465655
142.623945,386,499.821658
180.315715,268,500.001896
264.093001,208,500.236214
435.636942,371,500.579669
221.840527,155,500.684126
117.028223,245,500.849721
-14.83431,189,501.069953
239.566588,224,501.224069
159.579766,234,501.475322
229.645807,234,501.633119
327.409236,281,501.915414
19.353586,204,502.053087
378.623802,286,502.339752
130.830382,177,502.458241
15.358571,171,502.57403
269.356985,315,502.881019
382.796968,372,503.227585
381.897528,203,503.364007
175.612128,243,503.623566
276.583839,236,503.783422
214.362571,181,503.905013
401.405956,287,504.191148
-14.295365,145,504.290229
37.407292,178,504.503448
242.530174,259,504.679696
718.567707,480,505.096893
-75.295802,155,505.200797
196.141846,384,505.553232
89.774733,170,505.667316
-71.949346,157,505.867825
283.421429,243,506.031291
204.985803,232,506.283171
537.922316,394,506.549304
284.18285,240,506.914851
249.742237,222,507.06396
128.799725,205,507.294776
322.264319,239,507.455662
53.618348,156,507.560637
336.637009,254,507.826421
176.193517,221,507.975683
194.88642,185,508.194604
267.956646,247,508.360984
259.862461,243,508.619304
90.578142,159,508.727077
306.4892,235,508.885369
71.402261,152,509.081749
91.97908,150,509.182955
958.401671,611,509.691441
376.516532,291,509.981341
159.167126,220,510.129652
231.003623,172,510.340146
408.072186,257,510.513179
336.406602,208,510.653689
385.619145,253,510.917839
434.111609,250,511.086997
246.38239,194,511.311603
308.374819,248,511.478394
228.87508,231,511.729685
223.477964,216,511.875724
160.901572,142,511.971179
-104.499523,114,512.143171
168.569687,284,512.339933
321.881167,248,512.600981
359.676023,227,512.755415
-18.632477,133,512.844243
220.569365,225,513.092788
149.038663,181,513.214738
140.86844,181,513.430264
211.350648,167,513.542494
337.493995,271,513.726231
30.477934,125,513.903653
110.687308,182,514.026689
271.006109,222,514.17578
13.776801,153,514.3714
268.866369,289,514.564998
321.223772,236,514.821805
264.802176,165,514.932933
122.702245,285,515.221491
24.156692,172,515.337065
251.085737,324,515.654591
85.73323,161,515.763213
152.28515,174,515.880678
226.352655,234,516.131258
473.020053,359,516.373573
395.945748,240,516.629069
-71.138937,132,516.717484
293.888309,253,516.981174
227.657585,153,517.083616
165.12664,146,517.181622
183.812794,142,517.377545
93.271771,149,517.479227
301.307738,230,517.636891
39.430917,154,517.834149
249.686281,216,517.980677
36.637788,139,518.074996
609.167453,472,518.515152
91.453661,159,518.646856
93.79361,220,518.906076
312.57704,202,519.044027
52.665388,141,519.230912
181.979948,201,519.365524
127.594032,173,519.481919
164.653379,236,519.733902
115.311909,180,519.854553
288.591725,208,520.088023
217.149907,290,520.282398
88.21581,219,520.522543
465.718116,499,520.950666
134.761541,179,521.071935
218.419183,257,521.246088
501.451487,322,521.557028
146.692145,171,521.671969
317.332389,211,521.907952
256.949247,349,522.142904
84.130273,166,522.349391
429.690106,281,522.539511
136.733382,221,522.781944
43.465528,229,522.936736
205.186153,280,523.220546
280.543626,226,523.37325
179.140135,181,523.587408
246.931596,232,523.745911
233.520626,216,523.891212
134.271798,318,524.200364
308.942778,225,524.351185
159.78504,181,524.567569
-89.122577,163,524.678038
64.035234,240,524.933376
300.70572,228,525.087631
36.885806,255,525.350884
225.87407,300,525.55469
230.645028,226,525.799233
454.610048,516,526.24114
17.302847,232,526.399145
435.062305,340,526.722078
102.667453,254,526.893732
557.013123,392,528.238118
122.805583,187,528.364838
77.462235,206,528.600888
179.070583,171,528.716251
165.974404,158,528.824579
510.852026,460,529.229772
-136.224432,178,529.443903
-43.352022,155,529.549485
239.511425,218,529.697473
230.305893,259,529.967975
116.002736,149,530.068737
78.100737,233,530.320963
356.257115,238,530.48174
188.863184,233,530.638455
197.478684,177,530.8513
4.469203,224,531.002973
444.260137,316,531.308452
631.486176,452,531.706134
412.51063,341,531.936803
428.852705,416,532.310866
273.483138,162,532.514039
120.557183,178,532.635593
126.948883,196,532.768438
375.264039,240,533.02362
193.535804,148,533.124503
777.491989,453,533.629416
180.819161,157,533.735671
77.348846,133,533.91847
218.740656,176,534.037543
175.770432,156,534.144032
148.247494,142,534.239075
-10.500956,165,534.443889
309.119433,352,534.683723
406.324295,269,534.959135
190.708891,133,535.048298
293.839822,266,535.338101
190.850056,143,535.434413
192.030804,159,535.542465
511.9811,334,535.862649
282.967044,197,535.995999
153.252558,130,536.178826
224.45568,250,536.347984
862.856002,477,536.766327
653.962481,399,537.237071
448.61191,239,537.39938
212.636904,185,537.746552
195.008737,146,537.845978
135.656027,161,537.95621
314.780495,288,538.248
193.792885,156,538.355369
614.237354,353,538.688216
275.201194,250,538.857483
134.71703,132,539.04209
119.554047,139,539.137254
158.783138,175,539.258575
156.259454,142,539.354171
120.134699,132,539.538598
136.271426,151,539.63994
179.82195,154,539.744324
83.234871,120,539.919392
48.739845,130,540.00865
188.783406,194,540.139934
13.291782,163,540.249957
91.826275,182,540.469419
256.681959,195,540.60135
121.395649,140,540.916019
179.57129,158,541.026364
156.291166,135,541.118052
165.273214,125,541.20251
165.809265,136,541.518032
191.569401,167,541.631847
214.223255,203,541.769738
102.715971,124,542.079566
122.361481,115,542.159017
192.829619,157,542.265416
132.211926,148,542.365825
331.400401,195,542.726326
156.468811,164,542.837322
180.563514,140,542.931321
-2.632818,227,543.31311
129.807879,202,543.448961
65.19602,132,543.538128
216.695184,141,543.726393
202.076557,134,543.816388
181.114179,248,543.982332
76.429433,117,544.272796
170.442361,158,544.38662
122.889798,159,544.501747
91.262802,113,544.795199
151.316386,182,544.929125
180.679161,151,545.042621
308.243499,217,545.410226
122.742009,136,545.502136
168.790942,139,545.599356
160.098586,161,545.712306
162.005976,141,546.04459
199.423242,167,546.166201
179.876182,184,546.291363
172.930928,129,546.51097
381.958786,276,546.713449
197.027604,180,546.954643
198.439258,173,547.084536
270.828414,201,547.224494
165.080714,166,547.431935
151.293652,184,547.565141
161.252612,143,547.669816
110.517623,142,547.862968
206.512084,170,547.991447
316.860275,468,548.412128
215.739804,156,548.518177
135.132306,206,548.671514
201.282101,144,548.878735
198.287563,160,548.994473
209.905001,207,549.154056
191.480359,169,549.37578
144.059237,172,549.49295
183.441992,173,549.610761
132.936455,183,549.82922
167.73149,161,549.93808
329.014079,227,550.291234
214.231701,164,550.417405
201.968372,167,550.537525
281.169033,240,550.795712
45.546806,148,550.898427
786.446062,550,551.383138
191.442649,164,551.497225
199.48999,165,551.70508
128.714154,174,551.823542
207.261959,158,551.954423
274.69221,194,552.235467
493.69278,297,552.452453
143.398378,147,552.831527
130.946183,147,552.938776
209.873264,164,553.059032
148.279602,207,553.311806
262.883415,280,553.517997
141.869173,127,553.614271
65.681566,129,553.833341
224.535573,171,553.964467
156.111808,142,554.069342
114.450199,188,554.39043
105.996164,123,554.48171
84.889776,121,554.571875
140.515237,247,554.9852
208.809303,143,555.098628
163.71607,194,555.260698
165.981971,200,555.524914
197.19975,158,555.648
309.605027,313,556.024952
352.264535,199,556.178106
176.570123,148,556.290902
90.801958,118,556.390113
150.048152,187,556.641006
249.949181,158,556.754247
230.051271,141,556.855769
168.637832,179,557.083932
524.221708,330,557.316756
343.335972,240,557.590213
29.668261,178,557.715385
152.429237,152,557.92366
219.234314,220,558.077731
-49.903748,173,558.197954
214.163464,149,558.39762
147.622052,223,558.549377
167.08812,127,558.636214
-72.023091,167,558.859564
173.542447,149,558.971593
-59.268467,172,559.099913
237.402473,236,559.387365
458.468045,319,559.604246
239.826935,142,559.793737
172.653432,153,559.905298
721.656643,401,560.318516
-40.197376,153,560.424356
270.273758,177,560.546232
144.84134,159,560.759679
188.944041,150,560.872056
200.053572,176,560.996577
231.184281,167,561.222765
91.692206,116,561.309033
298.683046,262,561.490389
106.864969,123,561.670063
235.03391,223,561.82764
304.923925,198,561.980806
512.052881,312,562.313575
822.67701,578,562.919501
163.749438,135,563.011919
235.501769,159,563.217814
242.104199,253,563.405082
161.944637,159,563.723228
134.70159,164,563.844862
500.310452,311,564.098971
167.957526,144,564.333944
170.79552,158,564.443386
174.859781,159,564.557347
266.536314,157,564.792131
406.206268,398,565.08654
214.470726,166,565.42632
292.887431,257,565.605553
283.570591,200,565.835363
94.201577,331,566.059597
285.976654,189,566.28139
723.701796,547,566.742035
259.814465,205,566.879347
202.40039,147,566.977341
155.27171,282,567.262977
299.400706,299,567.684304
170.934034,142,567.780041
47.44808,134,567.870601
191.750413,195,568.000815
102.159265,119,568.172869
242.360036,155,568.276752
211.588861,324,568.587992
329.545569,221,568.737181
566.861153,324,569.046728
239.710948,163,569.156193
404.129383,483,569.576876
441.564474,300,569.887178
85.83588,184,570.010996
117.316762,221,570.15979
513.755833,436,570.546207
367.613081,247,570.805102
69.386588,130,570.891906
224.325517,156,570.996488
122.870353,248,571.257149
314.236623,315,571.469303
247.495853,289,571.763564
208.105271,161,571.871049
222.335165,158,572.070235
334.86709,365,572.315427
510.661518,388,572.670138
259.082108,242,572.831858
106.341386,137,573.147435
178.313632,334,573.371934
158.904221,163,573.705334
430.131579,394,573.969781
152.634873,368,574.444975
142.39314,275,574.857979
317.067927,222,575.006024
10.360085,170,575.212311
226.953099,161,575.321495
544.944632,397,576.144688
286.727711,190,576.272238
155.70968,168,576.384913
282.264033,296,576.675247
194.723171,194,576.805097
162.796299,153,577.000506
-8.646304,152,577.102052
660.812373,466,577.507176
378.158498,263,577.68306
117.967004,194,577.906625
301.224914,240,578.071211
213.456056,284,578.487953
46.11143,160,578.595475
106.503883,204,578.73231
210.942287,312,579.037449
17.623746,173,579.152942
196.762195,245,579.488278
249.151178,228,579.640451
897.855096,551,580.235912
384.350948,400,580.706446
227.840617,167,580.817432
177.855692,177,581.13465
199.955327,199,581.267551
235.757257,164,581.377969
120.061621,282,581.8024
294.651244,203,581.938388
183.809134,164,582.264092
247.418503,172,582.380326
192.850968,167,582.493154
378.599853,259,582.875318
328.360473,401,583.375596
170.312224,225,583.525757
242.996165,219,583.852005
196.720589,171,583.965665
539.209161,528,584.488024
147.28657,142,584.582591
146.693901,185,584.91184
554.558328,325,585.130526
242.57772,245,585.490652
181.320611,194,585.6207
17.78879,180,585.741098
202.967251,172,586.081443
205.287689,148,586.180271
150.73779,167,586.29211
196.224846,181,586.561037
231.580009,184,586.684428
212.600299,168,586.79681
224.703491,156,587.085232
112.099958,151,587.185778
260.358389,291,587.588827
394.104695,230,587.744477
412.599202,244,588.117849
259.411301,267,588.303711
218.384656,194,588.433221
47.990117,198,588.789608
119.503702,128,588.874841
125.247127,142,588.96959
469.913791,300,589.393057
254.970415,275,589.5793
220.476864,286,590.010101
226.582807,186,590.135206
199.798058,196,590.465128
5.891212,188,590.590801
579.879305,573,591.202686
209.603069,173,591.54162
233.962489,293,591.73755
145.655986,275,592.126713
669.253861,384,592.385909
210.165071,318,592.823269
352.62286,284,593.249743
-35.625773,157,593.356903
277.533309,305,593.786631
437.22294,401,594.068393
49.881362,204,594.430354
110.82034,201,594.564309
197.495797,180,594.685483
162.342201,260,595.083432
217.827176,155,595.187085
206.503932,149,595.489932
328.931384,300,595.690687
372.261249,320,596.010539
-7.018405,165,596.121714
191.331876,236,596.373789
-29.243478,187,596.498674
-33.908688,171,596.613793
731.46417,427,596.99198
308.046089,236,597.242955
424.035001,250,597.411011
326.140824,247,597.667488
21.674126,230,597.822497
362.500212,227,597.97389
176.851996,161,598.173742
235.59514,257,598.345919
357.361412,230,598.592498
130.594718,168,598.706373
357.863093,238,598.865115
197.947069,210,599.10028
578.537946,342,599.421924
338.777867,194,599.552603
386.41639,255,599.723706
200.045629,236,599.973505
246.727629,166,600.084836
354.754568,247,600.344047
164.884705,220,600.491244
537.735666,337,600.812604
547.310928,340,601.041236
169.083433,168,601.246983
430.902464,254,601.420674
326.853458,309,601.720161
269.399419,215,601.863574
320.922357,219,602.102371
415.523719,222,602.252781
214.396038,169,602.369528
149.078877,216,602.607699
206.678361,156,602.712963
58.828554,188,602.930934
338.960013,220,603.078683
-36.367733,162,603.188761
204.663506,166,603.39287
222.395556,278,603.580641
258.201408,205,603.811811
644.574451,440,604.107063
112.560072,230,604.354765
188.790211,255,604.526208
182.519076,227,604.769895
215.153949,225,604.92011
328.593506,297,605.21235
186.719263,164,605.324793
273.670629,206,605.555353
353.073245,234,605.714947
163.803848,167,605.827953
155.939739,212,606.062721
293.455192,226,606.214096
203.77949,287,606.499614
329.898832,237,606.658448
-51.453508,190,606.87882
269.706883,293,607.075804
264.760853,209,607.307042
101.577189,149,607.406913
171.578953,215,607.54999
24.250272,163,607.752259
190.586352,221,607.900307
46.411628,156,608.004354
295.352989,294,608.295143
147.388497,265,608.473273
12.58107,149,608.667624
49.742652,227,608.82016
485.750448,326,609.130804
468.238679,300,609.332108
299.455426,262,609.600726
337.612234,271,609.783232
250.864588,269,610.057819
122.801473,251,610.227492
219.412974,214,610.465041
162.188298,197,610.596458
372.938029,308,610.895732
283.695785,243,611.058517
461.317349,317,611.366554
329.328322,310,611.668546
125.216267,230,611.823477
217.321647,260,612.090804
134.222814,214,612.235815
125.089475,198,612.368536
139.536656,176,612.57983
387.817528,251,612.748343
191.730104,223,612.990916
218.251051,237,613.151816
157.468174,203,613.288519
339.062744,289,613.574663
180.625573,237,613.73531
170.857994,228,613.98036
406.216259,444,614.372049
253.403468,255,614.542015
132.978995,187,614.759303
224.235463,265,614.946522
158.067922,186,615.163821
41.043307,146,615.262347
142.622459,157,615.36812
287.196501,286,615.651989
306.349377,248,615.817757
420.712901,358,616.153146
425.349577,311,616.361725
249.871727,230,616.608825
337.103597,236,616.766668
395.669128,306,617.159683
152.825362,188,617.287284
340.770199,284,617.570631
274.275242,282,617.76158
-8.982768,181,617.975677
165.380067,177,618.094419
220.006664,306,618.39445
251.44229,252,618.564104
165.082015,227,618.811088
123.403646,242,618.97369
100.231395,226,619.218075
280.057704,240,619.379295
568.828188,378,619.726244
4.075074,170,619.840701
164.458248,286,620.125962
127.665611,169,620.242972
238.46688,243,620.405592
169.869155,168,620.623756
455.002079,372,621.07271
195.362072,212,621.215194
236.093777,239,621.376651
159.681283,168,621.582344
336.778722,256,621.753271
97.645882,161,621.954298
172.708232,166,622.06702
68.570205,155,622.170246
289.644358,243,622.426058
271.201997,264,623.163029
84.852863,179,623.376264
145.883785,176,623.494808
244.840439,296,623.694007
68.597479,170,623.9007
308.992485,231,624.056516
138.776635,184,624.271947
160.43732,210,624.416052
216.264487,236,624.574858
151.773804,187,624.79223
215.923664,242,624.955503
148.873588,177,625.166585
606.35664,401,625.435603
107.700127,170,625.64225
323.728488,272,625.823549
208.300903,224,626.172618
672.11923,416,626.673504
483.217644,341,626.903742
176.3313,164,627.236483
54.669304,137,627.328462
233.690329,212,627.471684
114.887002,164,627.792345
88.052454,168,627.905582
179.045292,223,628.056061
224.810447,204,628.287891
99.383465,165,628.39947
82.893702,166,628.511363
134.570895,166,628.715065
241.767664,214,628.859814
541.179513,397,629.224187
104.009,156,629.343061
127.03501,152,629.445218
452.021033,337,629.877423
376.486252,353,630.349026
291.095166,233,630.505622
19.050595,153,630.809824
274.28974,226,630.963203
264.818641,240,631.124543
117.360023,180,631.35105
183.636632,177,631.469223
175.782227,184,631.68441
150.45574,159,631.792082
452.893889,341,632.113042
202.570706,221,632.263942
189.67816,196,632.394404
432.479455,330,632.706709
156.262244,162,632.816453
106.29846,172,633.024754
160.716556,163,633.133559
321.0525,228,633.286491
273.11404,213,633.519961
222.279926,173,633.635808
479.040527,320,633.942423
178.712737,185,634.066422
299.282178,349,634.392255
365.849607,240,634.552459
216.562305,209,634.784775
340.803435,286,634.974483
33.112438,189,635.193491
239.169652,218,635.339866
31.088204,176,635.457511
290.01308,203,635.687605
399.864472,256,635.859208
109.847822,151,636.055159
58.242525,252,636.224688
198.631341,250,636.484611
163.415929,276,636.670316
257.121872,334,636.986914
494.353129,386,637.337524
583.718131,399,637.606674
179.615441,185,637.824558
543.945458,459,638.225396
253.090927,269,638.409631
470.972454,338,638.847324
174.681859,183,638.970586
296.878976,237,639.224857
404.010928,427,639.511811
246.638285,243,639.768194
163.388482,178,639.887518
111.341773,181,640.204727
186.443924,174,640.323326
133.878796,261,640.498526
104.851903,180,640.711822
237.37148,220,640.858324
520.513524,342,641.180511
108.12868,151,641.283767
211.465996,161,641.3919
266.210678,207,641.62336
315.095765,256,641.794941
117.064946,168,642.00242
65.904415,193,642.131814
302.680656,214,642.275082
322.267861,239,642.527649
180.463618,225,642.67926
939.608737,581,643.255275
320.790023,289,643.448057
293.438328,318,643.752178
293.686633,299,643.951146
258.625287,263,644.221148
247.285729,300,644.423383
93.108017,227,644.668583
524.660833,413,645.040253
95.335782,164,645.150861
87.98291,226,645.302704
823.514067,571,645.87145
253.054554,223,646.021138
159.885125,149,646.121155
250.717913,208,646.385072
323.986161,262,646.559833
340.727471,305,646.857256
8.512268,162,646.965888
298.197207,264,647.235096
242.013585,258,647.407437
275.998823,229,647.654179
377.376696,376,647.905495
188.678396,177,648.119411
286.746798,220,648.267181
144.53152,224,648.609898
715.811225,558,649.080542
135.806382,187,649.20551
217.17914,251,649.378903
242.948526,239,649.63116
383.478877,322,649.940496
366.988486,329,650.161338
191.098573,241,650.417265
91.555997,215,650.561261
237.763083,234,650.912922
282.199397,238,651.072626
229.465248,171,651.186613
428.747809,302,651.584481
101.244692,170,651.698345
215.354622,194,651.92049
250.462128,243,652.083091
137.07416,235,652.333209
236.184273,226,652.484349
43.506924,181,652.60519
322.801619,261,652.874093
-34.532139,131,652.961498
383.581563,281,653.242932
22.086356,249,653.410015
405.753072,333,653.829203
103.120504,164,653.938987
-89.093534,152,654.04047
216.434896,235,654.290839
140.301962,213,654.432575
284.332167,267,654.704285
192.060979,201,654.839041
366.957623,225,655.190494
137.541671,149,655.289837
76.769798,209,655.429267
38.636391,147,655.753234
164.966422,166,655.864738
395.475729,321,656.298431
40.135795,159,656.405246
-77.464048,137,656.496689
20.853335,134,656.586575
32.294187,142,656.905646
141.291141,198,657.037738
67.789022,141,657.131344
-113.469084,125,657.453539
101.678559,171,657.568289
152.101494,210,657.709876
79.400239,153,657.907595
163.4312,221,658.055591
62.902301,223,658.296889
-18.483817,143,658.392691
248.310537,202,658.527279
159.843227,187,658.745015
77.409419,199,658.878487
137.753226,220,659.02555
42.070994,241,659.280186
393.229517,338,659.600174
209.352888,229,659.753259
379.445881,320,660.061227
325.070496,235,660.218295
316.920906,280,660.51079
177.414075,234,660.667788
257.194439,232,660.913822
17.019229,163,661.023641
69.738491,156,661.12794
235.297223,220,661.367531
-123.423094,158,661.474043
473.728843,393,661.830041
208.197007,249,661.996711
81.494621,159,662.102796
19.499738,168,662.308603
9.01029,168,662.421772
148.005608,210,662.653827
313.080914,352,662.891298
443.183555,319,663.197234
-189.322712,156,663.302502
115.529082,223,663.544581
118.15505,223,663.696198
-13.562896,121,663.777194
449.749157,423,664.154413
132.164468,167,664.266549
345.463049,302,664.561492
6.446736,147,664.6595
23.075804,187,664.877558
-102.463063,148,664.97799
-20.560981,141,665.072957
108.61817,225,665.316035
82.453254,168,665.428736
331.07016,300,665.724241
213.50991,227,665.876603
107.892184,223,666.027083
354.875456,263,666.296276
341.575258,250,666.464151
230.960241,212,666.697212
345.578562,349,667.023364
142.480985,225,667.173994
159.065577,232,667.329158
149.155737,243,667.585101
225.038592,214,667.72953
213.568875,193,667.95275
-138.972779,186,669.363338
311.026274,266,669.635097
206.099048,237,669.793944
240.466187,254,670.057494
490.009205,382,670.314547
190.565868,194,670.540422
334.943584,285,670.732119
-32.348681,162,670.933339
103.055795,173,671.050209
401.776054,287,671.243003
104.609727,248,671.502714
174.845729,227,671.655165
-33.709916,195,671.878593
456.385261,390,672.141674
233.577014,300,672.435929
211.331402,213,672.578957
194.206037,170,672.786937
15.355912,207,672.926875
155.990104,251,673.189059
65.903912,158,673.29594
162.301899,277,673.574414
-142.817112,179,673.696446
22.713345,264,673.875326
90.806547,176,674.085858
218.557953,191,674.214411
539.780105,419,674.590112
230.540669,269,674.772001
288.468274,244,675.028893
238.260955,214,675.174734
305.463165,279,675.456282
-46.022228,142,675.55214
229.200769,225,675.794761
86.614714,212,675.938353
78.161382,157,676.04499
109.464346,227,676.289759
136.178179,151,676.392706
223.474387,303,676.68892
278.723807,217,676.836416
106.66457,331,677.15301
-36.633904,185,677.278151
166.015561,280,677.563679
317.286454,209,677.705823
70.791811,158,677.81238
179.140031,181,678.026622
140.449924,183,678.150291
239.886508,237,678.403674
568.495833,434,678.697561
163.530157,163,678.900822
94.180078,144,678.997002
55.785714,187,679.12331
70.001932,159,679.32651
-18.949694,176,679.446263
165.667189,155,679.551047
243.056019,215,679.788453
357.329911,280,679.976346
17.994358,143,680.165858
119.622134,165,680.276471
140.594512,151,680.378501
292.724706,253,680.641439
132.364859,133,680.731305
177.794575,175,680.850359
66.417338,172,681.059826
131.929566,167,681.172438
204.377324,244,681.337213
316.933465,231,681.689284
242.617906,218,681.836281
233.427238,238,682.19671
46.724929,173,682.314171
526.996063,498,682.876615
197.505634,229,683.255642
149.224348,143,683.353848
177.143407,152,683.457585
172.818346,173,683.57492
53.040383,169,683.782614
82.931448,165,683.893684
27.249515,148,683.993987
-25.714478,133,684.177766
44.52906,146,684.27728
121.74692,168,684.391382
80.514733,146,684.582373
18.54475,135,684.673726
71.553367,130,684.761846
100.246027,149,684.86248
151.642123,150,685.168515
95.528839,145,685.2658
100.988192,131,685.354813
193.723884,206,685.60144
61.830842,151,685.704014
106.609455,144,685.802294
160.979059,156,685.908729
166.173554,159,686.108124
119.04366,176,686.225736
131.605489,164,686.335822
154.944502,141,686.525606
114.176576,160,686.63396
112.040081,156,686.739777
40.962306,154,686.939825
128.707254,164,687.051695
143.895695,167,687.165151
67.768482,171,687.375315
73.454287,133,687.466262
80.952179,126,687.553344
116.096291,136,687.645882
66.896681,127,687.827868
104.088143,124,687.911362
63.897097,158,688.017702
83.814461,191,688.240507
91.808739,166,688.356861
83.546349,161,688.465882
-6.480728,133,688.555602
154.285068,175,688.768016
125.94978,135,688.860278
136.000424,158,688.967239
89.240782,134,689.150101
22.93463,139,689.244902
15.108636,129,689.335425
158.35518,167,689.449525
25.469813,164,689.654653
60.296998,156,689.762028
135.644196,139,689.857286
-29.613461,141,690.045868
134.094241,140,690.143189
-13.971356,142,690.23996
120.938894,135,690.331959
-8.660203,149,690.527722
146.120806,155,690.632441
119.331573,153,690.736599
-80.207221,140,690.925279
98.808329,150,691.026631
87.4936,163,691.137893
55.198866,141,691.325762
85.588288,129,691.416548
108.110008,155,691.521439
102.365132,146,691.621454
58.413851,142,691.811402
144.987438,144,691.909557
54.196846,216,692.057609
53.757479,153,692.254685
67.739495,157,692.36214
52.88147,139,692.457373
-12.392341,141,692.553315
107.164572,142,692.742643
14.195912,148,692.843099
86.26696,170,692.958539
126.36864,156,693.157578
35.719269,180,693.279217
45.864504,130,693.369424
118.818702,148,693.564476
72.012935,146,693.665061
46.296529,151,693.768723
57.084245,162,693.878379
0.324449,159,694.079126
37.424822,156,694.185365
37.009357,150,694.287625
-20.448257,146,694.483046
87.880306,174,694.600961
-16.369898,130,694.689284
81.836616,160,694.890885
135.691268,175,695.009352
7.118323,160,695.117905
138.659965,163,695.32189
40.693093,132,695.413064
58.672043,150,695.515247
117.941431,144,695.613259
34.499823,190,695.835352
47.954736,179,695.957225
46.291794,163,696.06793
113.457085,171,696.28126
54.088654,166,696.394607
46.387436,165,696.506585
35.196462,154,696.703702
78.170001,194,696.837049
81.033032,161,696.946731
105.972017,166,697.151246
94.451663,140,697.246706
87.251084,136,697.339354
76.945717,144,697.529857
71.531571,152,697.634643
-39.415516,151,697.738191
117.806628,148,697.839755
112.796789,155,698.038377
76.567309,139,698.133807
32.133361,199,698.269743
121.269246,217,698.510803
105.836475,166,698.625704
91.172731,165,698.73828
77.433363,180,698.951827
114.340075,137,699.04573
160.663589,181,699.169476
166.34351,245,699.427684
7.056551,142,699.525291
29.442578,164,699.727612
-6.421835,163,699.838723
55.530082,145,699.937725
160.346833,171,700.052984
22.684489,173,700.264415
70.418257,186,700.391798
99.752106,175,700.512316
39.958824,167,700.718972
68.727818,170,700.836442
160.958426,229,701.085332
26.9689,165,701.198413
4.262062,159,701.306559
111.253644,184,701.524524
100.956086,223,701.677082
42.668583,167,701.790596
41.486418,169,701.998109
-11.448335,149,702.102573
13.551096,169,702.219222
-48.231699,148,702.415257
60.362777,157,702.522345
115.740511,373,702.870911
127.146782,173,702.989405
22.309205,160,703.099615
210.51393,249,703.363547
145.417408,243,703.530578
66.751585,210,703.766194
81.64759,145,703.865134
39.146959,149,703.966673
67.220143,175,704.19927
40.3656,151,704.304524
206.699866,174,704.423155
-61.110019,163,704.626598
202.954681,244,704.793112
152.264172,185,704.918166
0.530363,157,705.119054
54.187636,160,705.228017
230.095137,491,705.656224
6.412863,116,705.734925
346.857852,232,705.983761
22.216141,225,706.136998
290.549919,251,706.400459
290.366296,208,706.543039
-50.656174,129,706.630271
284.468024,211,706.867561
-27.271453,121,706.950542
50.244796,154,707.056776
-84.776529,114,707.133776
101.900529,144,707.324839
54.143525,143,707.423599
59.455326,140,707.519078
277.978303,290,707.811173
239.117292,244,707.977533
28.702319,162,708.286511
69.753001,298,708.493732
-27.86799,136,708.585897
93.068905,147,708.778965
18.292413,140,708.874204
141.536015,261,709.051476
94.158544,161,709.256829
95.578658,239,709.420689
141.017245,238,709.677284
478.624867,325,709.900408
25.035875,141,710.090188
-16.462266,113,710.167711
1.693419,142,710.263972
-9.964628,138,710.359858
131.068719,155,710.559115
85.26711,143,710.657488
621.495703,483,711.185605
32.806342,130,711.274462
-41.488255,121,711.357814
100.441638,212,711.597579
-33.60456,112,711.674832
-6.362576,132,711.76374
57.382924,162,711.966987
132.379741,171,712.083524
-38.53881,123,712.167816
123.801278,169,712.374438
192.25382,263,712.556882
42.369382,143,712.65817
-85.811199,158,712.859653
370.509259,294,713.060347
94.897738,175,713.684831
-0.858912,144,713.786035
-13.782229,121,713.868513
73.01707,147,713.968746
-28.958214,130,714.151391
-4.901222,134,714.244731
10.117635,135,714.337609
-40.940597,159,714.44822
50.062857,169,714.656212
-20.419001,156,714.763299
582.362574,435,715.153919
-104.328871,103,715.224613
-8.456906,121,715.308568
-33.055996,126,715.491215
-29.544676,124,715.576413
-1.841841,138,715.670324
53.475871,137,715.764593
-52.290824,132,715.948854
252.546182,228,716.104275
0.288847,137,716.199151
8.93572,117,716.372593
82.463233,147,716.472818
9.66954,136,716.566508
67.895311,155,716.672537
-70.884768,133,716.857117
-31.645938,145,716.956646
-5.344935,159,717.065139
31.368519,158,717.266443
21.973334,155,717.372708
59.49809,144,717.47183
43.057567,148,717.572765
28.419174,160,717.773746
80.194991,145,717.87334
47.535433,143,717.971886
204.645202,246,718.233184
84.536021,170,718.349421
66.979414,245,718.611942
-93.629727,160,718.722352
122.25962,240,718.887132
-45.955882,158,719.088186
-43.404502,162,719.198063
-97.01152,175,719.31752
-55.392292,157,719.520473
-140.134213,113,719.599026
-60.502547,119,719.680711
114.116335,156,719.786612
147.827276,255,720.055085
-193.721396,154,720.160921
-19.758926,142,720.35071
51.84729,194,720.482397
-45.313266,140,720.578429
170.882957,214,720.817959
294.084067,237,720.978316
-63.123462,125,721.064885
222.161805,228,721.314448
20.12993,148,721.415885
138.334077,169,721.531515
-142.732121,150,721.726598
30.815347,177,721.848943
-191.003283,130,721.938086
-95.105511,135,722.122011
-160.436201,138,722.216458
64.161077,226,722.372364
-59.749186,173,722.688149
19.62765,173,722.805957
-167.171133,154,722.909739
-81.412334,137,723.003577
-155.182496,144,723.326185
-140.207447,111,723.403248
-43.541277,139,723.498116
-93.063523,160,723.703894
-134.48055,141,723.800642
-203.653364,123,723.88405
-68.821785,154,723.990099
-63.465217,106,724.15646
-85.322397,153,724.261007
-77.760813,133,724.353187
-129.618432,137,724.446709
-144.106129,155,724.644552
253.68286,321,724.864886
-13.072057,134,725.049551
-162.766507,129,725.138287
137.036962,209,725.282394
-74.937592,106,725.355336
-0.824315,148,725.549975
-44.615363,117,725.631155
11.510698,122,725.715599
-81.611583,139,725.901293
-38.041718,145,726.000569
-38.597272,119,726.0827
-56.261894,117,726.163054
-50.846333,132,726.348306
66.553781,144,726.45017
-40.579906,130,726.541756
-9.613429,152,726.645447
66.132566,160,726.978765
-110.226699,92,727.04214
-30.732627,141,727.1377
0.604284,181,727.261987
-22.702762,124,727.43866
14.29238,140,727.532568
-76.625919,130,727.621686
-166.448086,138,727.808068
-52.275832,151,727.911639
-85.026622,108,727.985691
-26.696528,122,728.06896
27.95459,123,728.15289
15.137495,117,728.326722
-25.276326,157,728.434887
0.334196,158,728.54291
46.734266,141,728.731214
-123.991284,142,728.828709
-50.502164,93,728.892059
99.196772,153,728.996961
419.260683,330,729.317063
-159.181232,102,729.387328
-83.223923,170,729.704487
-84.506082,109,729.780084
31.666524,143,729.877138
-67.903722,134,729.968449
243.711946,204,730.333888
-150.336307,124,730.418427
-129.405782,115,730.496943
-28.366438,147,730.597305
-127.854131,144,730.921577
-19.440826,135,731.014611
-63.192859,121,731.098397
245.18284,239,731.466368
-9.795609,158,731.573933
-139.521849,146,731.674736
-153.296207,133,731.985142
-5.784547,166,732.099599
-1.63439,149,732.201987
-14.493032,147,732.303574
19.441875,134,732.631508
-8.551976,122,732.714995
-174.320326,152,732.818727
115.011894,201,733.158088
24.433064,119,733.239121
-80.378088,117,733.319418
-59.478554,105,733.391215
-48.06707,123,733.677191
-43.150574,121,733.76279
-91.543462,173,733.881423
29.82872,138,733.974825
-71.986072,115,734.146692
-100.119365,108,734.221459
-79.650631,134,734.313865
-43.5529,132,734.404365
-21.985786,146,734.595938
-68.902293,127,734.682159
-53.228087,115,734.761471
113.782587,156,734.867709
-118.859477,105,735.03243
-2.65744,127,735.118876
-8.220033,127,735.206881
-87.120723,140,735.30328
21.094999,214,735.541021
-18.76037,121,735.624108
-13.340647,133,735.714983
-57.490286,146,735.905891
-88.649879,108,735.979162
-103.697596,231,736.137682
24.80393,161,736.338398
-30.436996,101,736.408638
341.99345,353,736.650942
124.350559,206,736.884047
-61.207231,142,736.982104
-47.151155,240,737.239724
-138.927982,155,737.346562
3.551332,168,737.462468
-98.523146,160,737.665821
588.385733,481,737.997442
-36.041791,159,738.200477
-137.725824,159,738.311003
195.473619,218,738.556279
34.88767,242,738.725368
266.993647,242,738.891295
193.998048,317,739.203298
84.191478,162,739.315027
163.384183,176,739.630899
-193.205432,158,739.738865
123.174554,239,740.127761
189.262587,194,740.263761
389.589105,346,740.72444
177.084125,222,740.878157
532.423696,400,741.38112
80.186349,150,741.484017
227.583801,191,741.613985
-26.8844,115,741.786169
126.581971,185,741.912915
169.752588,231,742.071551
67.22843,223,742.319678
275.94114,274,742.510416
340.552759,238,742.767565
257.678718,187,742.896143
420.181257,315,743.20608
275.822899,246,743.376202
126.306601,175,743.589969
135.731702,168,743.70742
242.697123,219,743.857747
225.269443,279,744.142277
80.162867,137,744.237591
123.136585,164,744.441741
114.53905,179,744.564585
186.514972,168,744.681228
87.436187,146,744.87382
317.959778,228,745.030374
147.018272,134,745.121933
120.89294,217,745.365588
-33.288858,162,745.475593
14.37504,188,745.604261
73.962342,167,745.812192
78.812509,168,745.92944
33.812665,148,746.031993
101.38918,193,746.259398
122.0047,166,746.373518
59.474755,176,746.495322
121.931809,152,746.692456
107.182157,170,746.810591
295.829581,288,747.100566
91.927608,172,747.219519
142.122408,139,747.314446
164.53457,174,747.52879
145.538056,159,747.640956
-32.220736,144,747.740005
72.314657,140,747.83506
-39.6117,147,748.027925
200.02634,205,748.168365
267.7057,322,748.482932
36.735646,157,748.5913
22.523617,163,748.703816
28.882196,144,748.91311
305.43248,284,749.110263
103.936224,194,749.336471
352.417603,220,749.488503
263.112377,213,749.636021
124.071861,141,749.824079
-32.622956,158,749.932082
222.860123,249,750.102361
91.358122,178,750.330016
238.834319,291,750.531207
293.689613,328,750.852094
164.620188,207,750.994787
111.068702,158,751.1959
188.544115,190,751.326474
283.638289,245,751.589143
145.187285,151,751.69193
-54.100556,134,751.783837
288.671391,305,752.087277
207.600772,246,752.257929
207.100482,261,752.529919
135.813023,162,752.642538
27.933992,148,752.743896
148.310944,173,752.954615
273.85306,261,753.135143
-34.773993,151,753.239064
19.060077,163,753.44312
148.326504,201,753.580498
265.8917,257,753.849529
110.045054,173,753.968359
353.892107,328,754.286805
-43.10998,190,754.417919
32.968122,167,754.53212
529.626904,417,754.910407
359.988943,286,755.199609
313.359767,480,755.624831
178.018249,179,755.747883
-49.037385,184,755.879571
-59.875986,152,756.07851
146.482857,157,756.185688
302.612453,285,756.473788
133.582305,149,756.577623
283.67301,239,756.742288
110.159465,174,756.954977
139.963672,179,757.077782
35.184341,173,757.19643
241.752614,227,757.443714
288.681001,212,757.588426
-58.663034,149,757.691253
288.126341,274,757.971688
173.713853,159,758.080206
-117.072734,127,758.258707
205.336269,218,758.408115
-70.949504,110,758.482545
11.847843,170,758.691395
230.393983,182,758.817838
286.117023,227,759.595634
369.990258,269,759.873211
-26.811644,150,759.975486
177.136571,193,760.199792
44.786011,149,760.301309
228.653669,177,760.420331
-81.299642,164,760.532057
69.556807,155,760.729527
23.958575,196,760.863733
232.404921,212,761.100992
263.994565,218,761.251648
37.988524,151,761.355454
353.642856,226,761.604435
172.458246,160,761.712698
294.388529,240,761.971224
240.385396,188,762.101613
1.704592,223,762.253947
183.846352,166,762.459141
-43.041702,142,762.556265
154.293086,195,762.692281
-86.382662,163,762.895415
31.828996,175,763.01477
-10.258647,177,763.134866
-119.294399,152,763.330754
-40.122094,211,763.47512
236.924595,196,763.608861
15.871119,127,763.788648
-48.874908,129,763.87648
111.16702,139,763.971851
199.348865,175,764.182484
-147.759016,125,764.269138
148.150239,167,764.382479
174.768751,241,764.642391
7.485644,171,764.758584
-133.778901,149,764.860692
230.893462,255,765.130683
135.512862,177,765.257681
360.16186,333,765.580524
135.179485,165,765.691417
83.978023,235,765.852837
151.846839,189,766.075319
101.539254,169,766.190934
171.933493,180,766.406973
289.365166,212,766.550846
81.326209,141,766.647123
175.290603,170,766.857545
222.393293,188,766.986384
270.511037,198,767.122803
296.336535,204,767.484835
240.493911,223,767.638034
194.088584,300,768.048903
-98.344675,132,768.139185
-38.528636,152,768.243619
384.884958,231,768.626252
-147.842978,139,768.723177
124.449753,234,768.885963
435.834033,344,769.347394
143.291483,173,769.465565
204.754387,178,769.809566
278.841395,228,769.965925
-139.690885,140,770.153131
190.717588,165,770.267816
137.335471,166,770.381916
53.67967,157,770.487936
-85.748542,155,770.689188
89.420702,174,770.808821
162.845003,222,771.15914
228.558568,304,771.366449
309.866412,234,771.619214
183.858293,217,771.767801
18.151954,219,771.917252
248.469465,221,772.160056
144.54963,157,772.266686
503.141201,306,772.570581
49.669919,140,772.666341
544.011565,381,773.019727
34.192512,189,773.14792
-2.578235,165,773.351694
101.149586,229,773.51009
100.930566,159,773.619111
320.780119,213,773.859916
126.442368,165,773.971031
271.242452,255,774.23983
48.797466,234,774.402529
93.766116,171,774.521089
12.345658,152,774.719133
110.529466,228,774.87469
321.956548,534,775.332828
-156.407727,141,775.429782
129.335382,165,775.636099
275.625349,188,775.764043
-60.51648,196,775.898791
-24.192342,167,776.104938
-166.566178,117,776.185384
-139.25262,168,776.300005
181.278401,200,776.52851
262.007536,232,776.688169
-72.889147,165,776.80137
156.596696,242,777.059399
-168.076871,114,777.1366
178.463568,234,777.389236
149.670259,183,777.51412
314.530238,315,777.824674
-84.614559,149,777.92544
56.760672,160,778.034911
-70.137379,165,778.240078
154.464772,248,778.413178
-259.597509,153,778.51673
-96.78632,164,778.851922
327.285002,237,779.015864
-214.542005,141,779.112705
-151.260448,164,779.420946
-181.871274,188,779.548979
-96.553892,174,779.670236
151.229902,167,779.877344
189.628713,177,779.998944
91.575976,223,780.244007
110.306524,240,780.415404
536.05002,425,780.931646
123.068708,241,781.096524
-103.944135,177,781.441572
74.352396,197,781.576484
123.533402,209,781.718431
328.0777,323,782.033025
-177.708313,121,782.115675
438.343517,347,782.449159
194.424904,274,782.636954
141.217626,255,782.904186
-55.704289,186,783.03264
-95.392855,216,783.272223
-95.304609,170,783.388993
81.733779,156,783.49577
161.802301,230,783.749383
93.285382,175,783.868501
424.007622,408,784.241969
165.371383,168,784.357705
-87.647671,168,784.566356
-163.399476,126,784.653372
158.224479,162,784.764073
-85.552115,156,784.96361
-220.345608,130,785.053103
120.881211,163,785.164738
161.054545,293,785.461891
152.392764,176,785.581471
177.43124,212,785.727433
293.179672,242,785.988136
146.854997,180,786.110217
350.368265,290,786.402107
167.725535,185,786.528238
196.316543,288,786.824229
733.195766,596,787.329948
221.687813,283,787.522781
123.364695,177,787.735956
329.896294,366,788.07881
204.816165,256,788.255266
121.224149,180,788.380109
85.365774,160,788.582591
15.729836,175,788.702427
154.182481,238,788.866311
361.248773,336,789.311841
330.45804,363,789.654551
228.307912,231,789.812109
196.592802,239,790.068531
176.545182,269,790.252168
235.194285,222,790.497379
-255.108948,221,790.650486
-137.035337,227,790.899585
-115.137866,266,791.081168
-152.280337,203,791.312927
-121.429576,230,791.47279
121.873184,158,791.581315
27.279593,163,791.783941
-268.072671,152,791.887754
81.805095,182,792.012903
-238.06116,152,792.213424
182.507351,225,792.368534
-285.111897,158,792.476202
348.676258,336,792.799867
177.651835,200,792.937952
-26.887668,185,793.157377
-165.255907,206,793.301311
69.137038,307,793.603768
103.199611,172,793.721768
-96.728339,205,793.861867
-83.620442,252,794.139616
209.546126,347,794.472247
-148.375122,232,794.633796
270.229485,241,794.905936
-105.235905,175,795.026902
-215.314441,164,795.139729
-69.218381,236,795.395402
-156.131404,171,795.515415
13.183934,284,795.803395
-183.518471,196,795.938159
153.086157,392,796.302399
-142.363808,172,796.421107
71.002601,358,796.761305
40.049495,315,796.979615
-288.210987,146,797.173576
-73.248166,237,797.33657
-35.51921,249,797.600921
75.922824,293,797.802763
-222.397407,156,797.909732
-258.419823,160,798.244915
-240.164344,164,798.358653
-71.353654,246,798.621039
-179.416383,193,798.753721
196.005033,365,799.110819
173.259779,327,799.336042
243.077077,491,799.7689
516.219724,442,800.164757
177.599346,252,800.431332
4.636191,247,800.601247
-149.687583,213,800.957496
118.130903,358,801.204541
-221.676413,169,801.413933
143.123299,220,801.565989
-162.399144,198,801.700879
363.447897,336,802.026317
90.849419,304,802.328609
354.213341,430,802.627613
156.243768,181,802.848683
86.543641,313,803.065021
-176.254114,164,803.269931
202.224362,274,803.456826
176.732197,244,803.834575
-188.935057,165,803.948607
-134.885052,261,804.355861
201.760733,289,804.556265
258.255729,338,805.680234
146.15532,264,805.862544
168.879027,191,806.086518
601.74087,390,806.358597
503.428924,467,806.775124
-36.777398,257,807.04542
225.782064,236,807.209641
-85.316064,255,807.480016
201.707153,238,807.646245
82.331209,145,807.839619
239.078999,227,807.996669
77.13062,150,808.099436
284.538837,254,808.36927
105.562139,194,808.502419
288.271953,247,808.766342
403.466947,339,809.000186
206.237621,234,809.254489
486.945661,407,809.631679
372.244961,304,809.83986
-161.475877,175,810.054022
69.214354,158,810.165136
529.825018,477,810.585589
107.40923,184,810.710476
263.907279,331,811.032348
57.776402,164,811.146582
50.059148,170,811.261444
176.794306,218,811.504426
48.200751,158,811.612855
17.713809,170,811.729479
91.615814,156,811.928007
255.526354,305,812.1394
110.387522,206,812.372369
31.570679,111,812.451684
450.644605,360,812.910656
166.068293,245,813.080528
-11.852134,301,813.383317
99.85582,149,813.486194
16.897843,185,813.614115
61.217769,174,813.943969
134.897237,176,814.066877
123.003993,158,814.175602
201.018253,156,814.375854
170.685247,197,814.51129
175.923825,152,814.615449
343.858704,231,814.976007
247.121156,225,815.132116
167.753908,178,815.350674
85.45438,144,815.450095
140.28608,235,815.611535
103.944242,128,815.793054
52.71134,141,815.898539
172.796327,147,816.002399
75.207324,144,816.101014
140.586182,194,816.330679
90.909251,129,816.420613
365.541859,321,816.734867
155.680448,185,816.86271
100.555402,153,816.967912
150.195712,161,817.171035
75.31117,107,817.244336
117.252454,163,817.357614
51.829658,170,817.569439
135.539907,220,817.726047
98.227079,139,817.821914
402.921346,421,818.20403
113.225583,146,818.30618
321.126218,218,818.552572
256.095439,245,818.724745
138.582318,143,818.916604
331.260677,399,819.195215
284.031791,250,819.460685
167.687908,188,819.590151
138.543123,137,819.685044
137.896714,137,819.87034
233.175684,245,820.040011
284.809817,263,820.315681
111.141141,170,820.434955
309.44646,238,820.796691
521.558566,440,821.104488
37.511438,122,821.284044
129.264215,136,821.379725
277.791379,309,821.595613
196.486173,226,821.93538
168.930352,153,822.041253
149.346932,139,822.137459
256.637068,253,822.40596
118.371517,173,822.524026
119.32204,167,822.837692
167.909487,157,822.945368
111.102557,137,823.040547
864.448866,757,823.747464
198.500913,182,823.872785
207.465059,220,824.023541
163.32092,158,824.225137
110.230943,174,824.344778
-135.977075,202,824.576446
206.775082,248,824.747435
212.595126,236,824.910991
119.614348,209,825.149083
330.526905,327,825.572839
180.278834,194,825.708655
481.207751,403,826.187428
331.585367,294,826.393229
385.470963,401,826.766469
250.972973,223,826.920928
139.899878,182,827.139682
182.001782,251,827.314947
76.111157,276,827.720754
-10.279463,264,827.902923
166.675794,241,828.161943
199.417206,276,828.353304
23.866067,167,828.561233
111.062282,176,828.683687
215.860591,281,828.971037
306.380002,246,829.140956
101.584939,161,829.252412
326.041603,332,829.692979
235.972357,245,829.959575
-77.455611,290,830.160709
246.218034,250,830.42849
753.259106,611,830.948895
6.988837,245,831.117773
75.899443,186,831.340415
298.907338,245,831.512256
253.490545,208,831.749092
129.201696,179,831.874941
347.330675,291,832.077756
97.741194,172,832.293253
78.644497,143,832.392797
37.439467,153,832.498063
427.271051,392,832.865357
159.249291,188,832.996081
178.323051,200,833.229003
374.951027,329,833.551045
289.567761,232,833.713031
92.22038,157,833.822517
66.116986,148,834.019934
145.778975,167,834.137504
290.36786,223,834.293127
362.082408,316,834.606883
72.551143,131,834.703526
256.295879,225,835.072351
205.314038,186,835.202832
321.014827,241,835.370363
76.857133,166,835.577584
-201.623826,165,835.691613
87.696802,151,835.796141
84.037075,152,835.992895
94.661607,256,836.170026
256.351806,266,836.450806
0.078763,138,836.545935
225.428847,184,836.675184
40.531608,175,836.895785
-219.135976,228,837.054099
284.626775,286,837.34714
222.409371,203,837.486774
132.754756,325,837.807904
135.53012,144,837.907564
165.340702,165,838.022668
107.910457,143,838.217359
-111.024108,201,838.356212
290.634972,242,838.523268
182.710814,257,838.795301
-173.611406,205,838.936426
114.777931,174,839.159677
154.993009,159,839.269465
140.748939,221,839.421669
315.846619,227,839.674058
170.341172,230,839.833771
128.359828,149,840.030182
329.209911,242,840.19847
-167.102279,166,840.313436
42.072037,141,840.638011
225.942396,195,840.774071
273.53497,215,841.147729
122.684497,147,841.25258
-59.851237,317,841.472425
312.263139,258,841.871705
79.623205,202,842.011596
212.853185,221,842.362251
133.45115,178,842.48693
47.191319,131,842.578208
176.347612,192,842.935363
246.150268,315,843.153462
195.837364,259,843.530773
107.390706,153,843.637621
43.096268,142,843.735698
42.778647,146,844.063785
38.726762,119,844.146436
-170.060474,213,844.293219
42.537667,124,844.605586
42.289039,127,844.694118
186.337678,242,844.861624
128.598197,194,845.218308
72.428166,153,845.323395
-4.091828,117,845.404502
-20.44994,114,845.483002
163.556866,212,845.846123
116.375514,156,845.955573
162.684201,140,846.054065
121.844843,187,846.38525
200.616963,232,846.546728
199.824196,215,846.920664
141.689074,252,847.097461
133.388083,195,847.459856
31.964447,154,847.567133
129.725962,136,847.661092
63.148315,167,847.777771
50.813229,142,848.075421
-111.170783,250,848.248785
-21.325053,176,848.590796
178.719506,223,848.747677
219.482714,220,848.899812
101.007808,165,849.238746
320.766237,248,849.41235
181.753033,210,849.782998
31.146875,164,849.896697
124.978388,133,849.988607
84.141571,180,850.310443
164.4552,310,850.525052
120.17872,269,850.934897
28.636688,152,851.038734
6.310571,165,851.153412
-122.707335,209,851.522416
221.707205,184,851.652355
78.343028,117,851.733161
-149.574255,254,852.133656
233.196715,237,852.300941
244.748866,230,852.686371
97.772839,153,852.793604
44.410463,110,852.870153
-11.433492,103,852.941016
66.402836,190,853.299525
48.690362,145,853.399655
623.108446,496,854.417106
259.368543,164,854.53217
34.556949,174,854.877578
151.636679,177,854.999194
97.541713,150,855.103414
27.186961,124,855.41059
33.013703,141,855.508684
49.231965,121,855.593782
89.699665,183,855.721048
51.977004,153,856.055407
164.748543,218,856.207831
141.040232,130,856.298097
168.524474,143,856.612348
123.746267,174,856.733484
109.706623,146,856.834836
133.026071,196,857.193865
127.813263,140,857.291627
166.119482,174,857.41296
10.123299,143,857.739109
13.695311,170,857.858167
47.521477,159,857.96937
217.573084,213,858.317709
188.060071,245,858.488843
62.185965,164,858.601973
182.430486,257,858.974239
75.976421,136,859.068961
69.272809,157,859.400733
31.955058,170,859.518498
71.91263,148,859.620339
47.894056,129,859.709422
136.137923,250,860.081768
31.25121,154,860.18721
48.31856,146,860.500022
138.660365,158,860.612546
207.08171,285,860.807636
102.900002,152,861.146688
244.816775,223,861.302098
169.259875,210,861.675496
182.547504,195,861.817241
201.760813,244,861.985234
99.844175,141,862.30789
285.238889,230,862.468904
69.99906,166,862.588845
109.216382,118,862.768259
236.527884,247,862.942939
88.633869,152,863.049002
236.949105,218,863.291799
158.925853,174,863.412465
236.644614,206,863.648654
249.192166,263,863.832258
303.180362,270,864.112185
82.69005,144,864.211607
327.45216,241,864.379438
251.132002,241,864.640568
292.525054,229,864.800758
232.385489,200,865.154121
201.918652,163,865.267604
187.169772,170,865.385222
144.765593,147,865.689143
180.478902,168,865.805537
184.729793,139,865.917273
122.444437,139,866.237982
273.038341,316,866.471405
100.676253,139,866.567666
272.15295,211,866.921991
126.844585,128,867.010374
361.139064,228,867.392792
330.942194,238,867.56076
85.472541,158,867.670763
60.66704,130,867.973479
111.691473,158,868.083664
324.19032,236,868.246982
91.07594,153,868.578271
213.035613,184,868.708262
108.163496,124,868.795022
110.743363,154,869.124698
83.060089,161,869.239207
191.659572,168,869.355098
148.060829,150,869.460375
211.042927,141,869.75408
352.588535,214,869.902658
121.474738,155,870.010588
245.242862,196,870.374742
291.165938,257,870.552543
136.500474,166,870.892977
95.376292,132,870.985031
97.813576,135,871.077652
146.083744,156,871.186158
310.67562,197,871.458112
273.412315,190,871.591144
243.007162,227,871.975981
167.473322,140,872.072312
150.374407,129,872.161786
125.040424,139,872.256325
134.477583,140,872.579356
121.037551,184,872.70886
119.214748,143,872.809356
77.141362,161,873.117858
340.272299,197,873.255313
305.762106,221,873.584713
166.309201,169,873.703292
116.872249,194,873.837098
217.394594,260,874.240382
295.941339,194,874.374556
156.486836,142,874.47187
338.862835,206,874.816209
324.884504,266,875.002971
314.818321,203,875.361426
198.08973,149,875.46426
187.914039,134,875.55775
223.37224,171,875.900556
148.39372,261,876.08232
259.525233,241,876.450334
385.581955,298,876.659248
56.226708,144,876.759094
233.046042,138,877.078197
181.134109,174,877.19881
191.65898,185,877.32735
97.085073,124,877.617181
308.608042,194,877.752777
188.700137,183,877.87912
312.228279,192,878.105732
204.579784,163,878.218893
81.169519,243,878.482709
316.022098,189,878.61419
182.218035,157,878.723128
194.56248,137,878.817782
61.772792,134,879.004892
348.209442,238,879.170827
207.772251,207,879.413406
223.72151,171,879.535626
130.370412,149,879.639781
165.360992,154,879.838948
153.103415,123,879.924764
355.729901,216,880.076106
142.351508,166,880.284628
423.37961,300,880.494843
226.464992,196,880.723954
175.766621,161,880.837238
372.716464,212,880.986712
129.871065,183,881.206906
277.614879,224,881.364288
169.284287,164,881.479106
225.18818,188,881.702044
274.430663,189,881.835338
144.474962,150,881.940143
167.597539,139,882.135914
341.812343,176,882.259381
533.076996,439,882.663498
274.865762,204,882.805687
159.540477,189,883.031214
168.115713,189,883.162548
160.199131,250,883.335801
345.566224,297,883.63483
120.387723,146,883.737973
147.701233,158,883.941403
207.08053,223,884.098028
187.389717,174,884.219126
115.3209,143,884.410969
88.522933,160,884.522265
301.920509,225,884.679603
137.285296,148,884.875642
1.223791,146,884.980114
232.416201,189,885.115593
112.229566,155,885.315749
168.671952,142,885.414326
226.398463,191,885.547711
206.397225,160,885.751457
436.764249,392,886.023613
144.69018,141,886.213786
304.574851,243,886.384133
0.919924,112,886.461668
263.866522,188,886.685063
150.035929,170,886.803113
266.24705,174,886.92499
121.802548,143,887.116808
181.05062,259,887.294524
266.385254,198,887.530833
374.193703,319,887.757687
174.692698,184,887.978487
127.450148,139,888.075248
96.350279,118,888.157489
99.410538,118,888.239326
190.795523,148,888.433704
174.258313,144,888.533594
220.947446,156,888.642386
358.90139,306,888.959086
76.455233,142,889.05664
132.119428,159,889.166793
202.867072,165,889.373176
206.336443,201,889.512673
110.911884,135,889.606491
188.983264,153,889.804918
80.701576,109,889.880983
147.052593,113,889.958913
159.519969,136,890.054933
120.2755,129,890.248343
113.847431,115,890.329338
198.943408,148,890.433342
102.305781,147,890.537756
306.213466,247,890.801387
117.026795,146,890.902409
97.062454,109,890.979642
104.505044,167,891.189099
168.523183,199,891.326602
237.331236,192,891.461584
265.437797,188,891.686781
106.625314,158,891.796865
188.600449,143,891.894667
142.793662,140,892.083431
288.744983,231,892.24363
311.984948,188,892.466184
186.512252,162,892.580455
127.507672,163,892.69651
227.224752,136,892.792523
151.378693,156,892.992596
167.950544,160,893.102808
178.281235,135,893.195335
71.035651,115,893.368125
296.230913,184,893.495134
205.903316,139,893.595724
156.654772,147,893.699332
180.64112,153,893.900651
208.857654,186,894.034059
144.132864,138,894.131727
253.336372,226,894.38188
309.084162,190,894.514595
197.091079,219,894.757131
309.003557,201,894.896743
341.553013,241,895.066215
112.134704,133,895.251094
133.432223,161,895.362436
165.239842,133,895.45559
140.2244,144,895.648913
247.355804,224,895.803582
120.663361,146,895.904796
294.663035,238,896.163814
496.218134,407,896.539703
534.349525,411,896.827221
779.431123,622,897.44681
778.065037,491,897.883884
308.546124,243,898.052843
371.692249,398,898.421816
61.128102,169,898.538948
286.045063,244,898.798946
319.859902,280,898.994854
371.102263,297,899.309315
216.211775,214,899.461336
285.784596,277,899.747863
77.486845,170,899.867032
47.112839,250,900.136349
187.280635,164,900.250174
237.077715,185,900.377805
220.113569,220,900.622383
319.390206,237,900.78618
214.189985,229,901.037062
237.060736,215,901.185013
212.148908,222,901.338738
115.694944,158,901.547102
131.631532,173,901.668459
374.237316,240,901.927143
167.936835,128,902.016389
114.416624,144,902.116822
227.823046,189,902.248816
247.426648,184,902.47017
118.301594,150,903.176308
138.168661,169,903.293757
106.940529,150,903.4893
256.126627,210,903.634821
152.089232,173,903.754659
217.368532,171,903.966518
269.514451,236,904.132133
229.513374,182,904.353026
692.250435,512,904.798732
283.950382,217,904.948107
193.05157,234,905.108706
136.32728,156,905.307731
290.05531,188,905.437914
-18.174616,206,905.67498
63.283533,218,905.825368
831.232587,581,906.325237
408.163827,259,906.701417
-111.140038,155,906.809873
100.058867,252,906.983828
149.30794,169,907.194559
222.230862,190,907.326656
201.893425,192,907.4602
192.768877,233,907.725558
294.831295,210,907.869837
318.262693,288,908.26593
234.12373,174,908.38773
312.588268,224,908.638072
163.334242,229,908.796126
247.189847,191,909.019992
414.935073,494,909.364492
285.091904,243,909.625138
286.937822,195,909.760353
296.13534,209,909.995447
274.247224,210,910.138626
357.005141,244,910.398352
321.661204,215,910.545887
252.813915,221,910.700439
227.016076,232,910.952048
306.767541,232,911.112507
170.779151,172,911.324732
255.979617,182,911.454275
301.094016,216,911.694321
277.693593,217,911.84612
293.53275,185,911.980572
235.47586,195,912.326785
253.835418,204,912.467798
112.378876,178,912.592248
90.303163,115,912.88145
58.307829,149,912.98484
230.219412,184,913.113799
145.880897,161,913.320726
285.436981,187,913.452235
85.836174,168,913.567473
139.396333,164,913.890023
68.84607,141,913.988454
299.403302,221,914.14282
186.137644,167,914.460685
215.846895,209,914.605294
281.589147,219,914.759029
25.666892,144,915.084365
139.483011,148,915.186757
245.112832,167,915.301421
300.258397,241,915.691449
409.723905,219,915.843638
238.669769,226,916.22415
305.347418,234,916.386067
140.614497,141,916.484743
173.289583,164,916.82953
232.429776,166,916.946164
149.383157,191,917.078618
134.600413,137,917.379144
199.857315,196,917.517484
291.28278,230,917.888389
194.281573,230,918.047846
377.372564,349,918.513093
224.919507,197,918.651011
130.480346,141,918.74883
237.145562,169,919.100547
515.37305,308,919.315664
591.453991,389,919.807777
40.945019,292,920.103645
231.214864,203,920.245331
269.716141,290,920.546921
337.665138,255,920.723358
384.555025,318,921.056978
-217.72511,166,921.173398
311.485095,184,921.304547
118.513035,315,921.615302
765.819031,585,922.11548
188.376765,239,922.374882
-210.967261,173,922.494689
184.134509,165,922.608796
52.865511,161,922.814507
313.951579,193,922.946525
480.961313,582,923.444547
309.827679,257,923.716584
24.126754,232,923.877604
-135.321147,147,923.978814
148.437465,316,924.294349
399.591738,300,924.595031
112.477738,141,924.692847
302.504966,214,924.842237
191.018137,222,925.192235
242.503459,245,925.361754
238.065255,235,925.728707
141.527279,185,925.857794
195.212333,224,926.013803
223.080843,257,926.284054
-88.681506,193,926.41923
266.725034,227,926.670184
379.011904,478,927.098032
289.837763,216,927.248576
127.416102,137,927.343377
199.421666,247,927.61275
232.09456,192,927.748131
300.770367,207,927.984093
127.451585,154,928.091008
430.195753,457,928.503625
316.961429,471,928.924396
381.434343,258,929.103552
266.770075,209,929.343359
249.133306,227,929.501265
409.371093,278,929.787709
155.155302,148,929.890547
335.227282,341,930.221948
630.14279,381,930.486678
256.199323,232,930.747305
99.17291,114,930.827387
358.278969,281,931.116777
89.27903,335,931.349731
155.486882,425,931.737515
250.240826,244,931.998009
23.735276,124,932.085694
77.159127,127,932.177007
72.707754,116,932.257475
80.391517,183,932.476176
143.31506,206,932.620405
196.551854,187,932.752413
26.274962,142,932.942892
260.376199,256,933.121273
82.420694,166,933.235451
118.833239,201,933.466504
272.814586,282,933.659821
243.53956,223,933.907944
193.42826,238,934.071987
317.301863,306,934.37824
745.115174,844,935.152865
220.107437,186,935.282764
187.003877,169,935.399562
300.764266,237,935.65769
169.756667,154,935.764705
-32.326756,192,935.897959
181.207797,237,936.258312
85.932223,157,936.365889
24.771279,153,936.470559
236.626218,319,936.894749
305.567936,330,937.346112
268.285103,273,937.536026
8.329465,167,937.846179
-34.596237,235,938.007685
-180.498457,219,938.159513
157.965231,365,938.648285
101.839039,112,938.726316
-63.818293,239,939.124605
40.138051,152,939.229783
97.338306,152,939.334637
109.726566,143,939.63399
1.521798,167,939.748737
403.593441,345,940.210537
748.629304,549,940.810727
165.016347,169,940.925984
263.474563,318,941.37109
291.025213,216,941.52018
200.62288,201,941.864084
144.181029,168,941.980744
132.864992,163,942.093056
108.006532,178,942.440643
214.100492,183,942.566667
73.077935,228,942.725713
321.439817,339,943.166811
309.507631,238,943.332607
181.855444,226,943.691249
71.564591,135,943.784259
137.745514,138,943.879186
99.351905,149,944.183203
391.0291,268,944.369011
119.576752,152,944.673281
77.514456,123,944.757961
44.283958,143,944.856903
124.390546,187,944.984819
8.607211,168,945.323972
183.904714,159,945.433188
81.452272,236,945.819514
253.994725,228,945.976184
219.124543,361,946.426522
32.843089,115,946.506412
75.89372,214,946.655226
80.619273,233,947.035743
46.589738,116,947.117125
125.538158,228,947.274833
95.448781,118,947.593878
78.895497,157,947.703579
42.16968,129,947.793126
208.601012,338,948.251598
81.915663,130,948.342007
55.556949,112,948.420171
308.823781,285,948.844302
108.338932,230,949.005191
104.890799,117,949.289065
243.86455,182,949.415162
182.167794,421,949.939484
-15.095519,149,950.04295
-228.749119,236,950.437634
49.662651,117,950.524192
198.524887,200,950.663043
-294.003948,191,951.026417
168.884564,186,951.16173
106.327863,161,951.271631
91.612628,186,951.611526
78.124649,143,951.710142
238.186944,240,951.874927
57.616955,151,952.200817
127.749706,163,952.313117
84.696981,126,952.400537
77.545405,145,952.500275
24.428447,107,953.235525
-325.174525,197,953.369948
