total_episodes,mean_reward,std_reward,min_reward,max_reward,first_100_mean_reward,last_100_mean_reward,mean_episode_length,last_100_mean_episode_length
2646,22.902835005668937,159.3536647016028,-705.048693,150.071565,-171.08762420000002,85.00721426999999,189.19879062736206,140.84
