total_episodes,mean_reward,std_reward,min_reward,max_reward,first_100_mean_reward,last_100_mean_reward,mean_episode_length,last_100_mean_episode_length
5384,46.03087179067608,133.4605881191134,-713.236746,187.498251,-213.15092339,116.13482389000002,185.81036404160474,182.7
