#{"t_start": 1789409836.461979, "env_id": "Atom-v1"}
r,l,t
-148.915687,516,3.212633
1070.74165,1000,4.156003
1348.748937,1000,5.347652
1548.926923,1000,6.535052
51.143822,234,6.951443
640.70358,646,7.696953
120.416604,285,8.158307
1187.958807,1000,9.402459
8.275201,227,9.585819
1246.312361,1000,10.816847
445.666317,1000,11.943428
789.535301,816,12.789741
1614.863539,1000,13.694118
329.546406,659,14.412984
1140.73148,1000,15.409624
1618.016636,1000,16.509662
1483.263397,1000,17.50531
1804.292713,1000,18.501476
557.787847,690,19.151209
1708.441316,1000,20.144626
76.724153,246,20.344123
1441.179243,1000,21.349093
798.100977,1000,22.354654
131.71937,271,22.668243
966.394875,1000,23.673247
1343.757476,1000,24.668239
33.782749,229,24.851854
-10.494292,249,25.147928
1131.525935,1000,26.145472
1311.942858,1000,27.13956
518.418953,894,28.057061
154.167623,571,28.609649
160.929397,298,28.943465
401.91548,475,29.423025
-175.373822,168,29.558466
894.241221,1000,30.55258
-116.240656,191,30.799368
508.644952,568,31.349877
0.84641,238,31.542065
179.543204,401,31.972961
2.130466,285,32.203749
-109.07937,193,32.558705
30.915138,242,32.753686
125.249354,328,33.112598
-90.065613,212,33.283649
-109.672173,194,33.535
-151.661814,635,34.143459
-140.611103,144,34.259529
-11.751177,230,34.539795
118.994767,315,34.793435
-23.305749,227,35.073446
1252.692465,1000,36.068485
-10.558907,246,36.265808
774.009553,768,37.078762
1303.127507,1000,38.070476
1647.287425,1000,39.099293
-63.363767,184,39.246148
266.401036,317,39.593124
-153.01914,140,39.705112
130.707341,301,39.944082
110.342352,277,40.26267
-161.987934,142,40.37666
426.467794,467,40.844819
319.083215,600,41.417452
257.418043,324,41.770738
-25.163213,208,41.936664
199.676613,305,42.274152
280.621676,360,42.65449
72.343707,222,42.831088
-53.857342,171,42.96695
46.729131,230,43.245718
196.568547,356,43.624243
225.003709,382,43.93087
62.843619,246,44.338182
9.426211,206,44.502213
1465.086272,1000,45.49002
566.105838,666,46.215731
-19.164503,201,46.377061
5.952685,212,46.547176
-240.647225,398,46.958005
-46.552129,220,47.230645
-32.591032,220,47.406196
-91.891732,172,47.544056
-24.192617,179,47.782195
110.764376,253,47.984452
-137.078207,499,48.477945
1148.192054,1000,49.470978
249.683042,1000,50.466935
718.086248,619,51.167548
325.846173,408,51.590152
317.092119,349,51.963545
-43.56471,201,52.125042
43.526426,250,52.420585
131.15895,282,52.644901
-4.92669,208,52.90494
102.194366,325,53.164592
859.178013,943,54.108954
134.501662,262,54.954475
108.012869,287,55.185528
203.282179,293,55.514572
151.013166,284,55.741428
333.197132,364,56.126181
57.836595,217,56.301007
-243.792696,347,56.671223
499.988481,575,57.237236
164.515098,311,57.58577
145.606228,298,57.823304
334.95287,419,58.251863
-33.872424,195,58.502685
-118.795214,332,58.766215
688.697871,793,59.699914
11.970874,238,59.891692
222.460754,728,60.79127
57.527185,285,61.018396
1101.697909,840,61.882246
942.386254,679,62.525993
102.99026,218,62.795642
177.396574,412,63.126329
-122.319416,175,63.361745
212.70723,501,63.860525
-11.84368,212,64.030644
96.472377,270,64.346602
1324.164737,1000,65.450641
184.854659,309,65.704258
299.4352,345,66.084117
-29.573404,207,66.248965
13.681143,229,66.640746
151.326286,608,67.22767
-205.961002,117,67.321175
1775.693751,1000,68.321096
-49.485291,200,68.481952
66.116568,221,68.756207
707.64092,620,69.353488
-30.815625,211,69.616475
42.46324,327,69.88499
707.328235,823,70.741834
501.052706,967,71.717391
1391.983245,1000,72.717089
391.403586,474,73.299093
855.648787,694,73.957557
1003.840202,1000,74.96443
13.695916,615,75.558174
662.254934,711,76.232187
215.265993,304,76.573213
1687.483945,1000,77.575583
1282.528403,1000,78.583093
37.187019,352,78.963701
-182.855493,132,79.074006
132.479208,301,79.320083
31.571373,258,79.624571
843.649144,824,80.593362
60.412094,232,80.783783
785.694703,865,81.790365
119.425926,300,82.034765
13.848171,208,82.387996
-108.677137,150,82.510943
-104.157379,153,82.636041
-106.65786,178,82.875935
31.134801,279,83.104161
-123.498539,162,83.331427
13.683804,202,83.495409
11.257856,216,83.671532
-208.814421,109,83.865522
337.341519,385,84.184424
74.020363,321,84.542827
-165.471265,109,84.635951
-133.980977,141,84.751296
-94.308365,163,84.979344
-105.929311,150,85.104304
-183.727175,123,85.206121
164.257006,621,85.908561
20.777888,242,86.108234
-170.606199,104,86.197363
-94.405781,165,86.333672
13.297752,235,86.623564
105.457838,284,86.951182
-179.154879,119,87.048918
-172.975486,99,87.130247
-62.352018,163,87.264286
-119.685785,144,87.47602
-146.301429,139,87.591717
-120.722618,151,87.716154
-97.552017,155,87.843527
-112.974015,145,88.05604
-190.326597,95,88.134592
-142.622382,131,88.242181
-118.939094,160,88.374641
-79.393709,160,88.599514
198.238261,296,88.841792
72.766174,344,89.221057
-50.963155,183,89.372193
93.029056,418,89.81091
-108.015336,149,89.933064
-178.418444,104,90.113825
-96.396659,156,90.243558
-100.820608,141,90.359255
281.730649,480,90.848198
776.197235,774,91.674433
214.174493,728,92.370196
8.88405,211,92.638465
-74.352657,530,93.173062
231.614135,307,93.425006
-82.256451,169,93.658813
22.513493,232,93.849162
-170.090774,126,93.952763
536.308248,644,94.586114
171.859844,302,94.927273
285.83802,419,95.367476
58.92396,256,95.578445
84.106936,229,95.861199
102.994648,277,96.089545
572.920242,699,96.855671
-21.917197,202,97.021412
45.667985,254,97.324873
55.684786,246,97.526888
394.871278,492,98.026601
125.998976,320,98.385592
5.908738,202,98.552656
1124.373473,1000,99.575872
575.880124,887,100.495491
132.965434,274,100.719151
112.079549,296,101.05809
1769.357226,1000,102.067417
-3.842555,208,102.237901
1257.558948,1000,103.24903
464.011301,1000,104.305418
-361.985487,261,104.732746
391.670374,630,105.47544
176.955047,362,106.006607
852.795094,1000,107.621951
621.043805,1000,108.674062
1476.843797,1000,109.948892
-24.888905,230,110.336576
230.416315,422,110.92089
-5.993143,221,111.101774
51.371541,246,111.52918
28.311097,240,111.728384
159.482585,333,112.228609
-122.01193,159,112.361785
-39.80386,218,112.539519
-115.517319,153,112.902452
267.566679,374,113.438577
-152.960448,140,113.562794
-173.456868,119,113.660297
52.969575,222,113.841267
-173.817128,128,114.180708
-118.52772,145,114.30149
-210.722683,108,114.390767
-96.188553,168,114.752504
-194.44376,106,114.841738
-118.308708,161,114.973415
-118.407814,160,115.106255
-42.76059,201,115.507172
-88.316754,169,115.64549
-115.966282,155,115.77285
-86.956436,177,116.152142
-81.809738,188,116.307005
-139.081175,154,116.433598
-39.062517,177,116.788765
-144.575039,151,116.913257
-143.867245,153,117.039891
-153.815931,168,117.414912
-87.619563,175,117.559304
-93.64791,167,117.697586
-32.42927,198,118.102723
-110.938942,160,118.235416
-195.09902,113,118.32892
-100.53135,159,118.70143
-41.511234,171,118.843054
-34.914895,210,119.014776
-116.985599,184,119.377306
-87.19255,159,119.508269
55.633001,247,119.71439
-94.274204,165,120.062124
-101.871371,191,120.220397
-92.108184,155,120.349231
-115.778206,161,120.68522
-138.892687,165,120.821992
-121.503122,148,120.946272
-47.63745,190,121.344005
-136.603178,147,121.465375
-78.152218,191,121.622067
-83.902344,169,121.991141
-55.266844,177,122.136182
-13.382178,207,122.309109
-107.060375,182,122.553276
-125.380445,160,122.685664
-44.28994,178,122.924683
-132.956927,159,123.055018
27.650268,240,123.251226
-92.607702,161,123.475148
60.87824,211,123.648578
-191.769676,111,123.739098
-127.843754,157,123.961331
-101.28884,168,124.102298
-107.810216,176,124.246688
-80.416158,202,124.507736
-88.366434,188,124.661705
-63.328191,180,124.810296
322.00561,478,125.300116
88.795295,308,125.779289
48.827284,268,125.999817
52.663012,240,126.413566
-112.059159,166,126.55026
-45.609693,215,126.954737
-89.70948,781,127.824428
-244.609138,899,128.954466
-8.596907,235,129.147411
358.285762,443,129.604079
-14.431823,212,129.870739
317.495685,749,130.587035
11.592502,262,130.897864
52.856892,282,131.128663
59.555014,265,131.442246
51.77006,323,131.709746
205.589737,362,132.099805
29.453084,240,132.29685
-50.345365,258,132.602095
6.90659,222,132.78279
-59.368822,174,133.022479
42.772732,239,133.21988
30.58693,228,133.499917
281.971837,834,134.278284
33.35608,318,134.632486
119.151438,272,134.852466
10.962632,243,135.146372
82.386874,288,135.380985
13.459217,224,135.658898
-102.676876,191,135.814492
18.63917,225,136.092313
-47.875785,191,136.247432
60.954611,311,136.596057
72.264346,297,136.840117
-21.416271,221,137.119359
-214.618176,858,137.943655
133.464039,320,138.3008
-15.330493,199,138.463971
68.050567,235,138.749769
22.780469,287,138.983265
221.690505,541,139.519276
23.218592,224,139.800121
53.877428,287,140.034055
-36.258806,235,140.42537
-29.739559,231,140.614802
180.38132,505,141.124322
-39.365708,214,141.510524
28.72042,221,141.691099
38.306445,238,141.979912
2.757093,247,142.180822
153.53907,317,142.533044
14.349586,217,142.710069
-58.573464,214,142.977092
-23.186706,243,143.175561
46.51871,247,143.472237
2.822477,205,143.639695
-48.47007,178,143.78491
549.169688,1000,144.905612
77.003659,223,145.320127
118.708987,324,145.584973
1120.498371,1000,146.710454
443.544922,684,147.460126
37.937746,266,147.677672
61.152215,263,147.98731
416.665008,749,148.697244
851.866761,1000,149.705359
122.221485,318,150.062704
261.22333,379,150.374335
-144.9004,847,151.259371
-46.040897,635,151.868388
1026.225484,1000,152.873159
12.1106,213,153.14089
57.455172,252,153.346821
309.771646,397,153.873098
59.363408,223,154.055135
164.079148,293,154.519444
-55.250663,173,154.660362
87.028663,244,155.089575
150.567443,295,155.333146
69.807837,223,155.612644
165.481944,326,155.87927
-29.715788,195,156.13373
138.15,301,156.38062
89.324412,288,156.710634
164.563639,402,157.13483
-30.330553,191,157.290667
88.896986,221,157.56627
2.387372,252,157.772187
23.150163,212,157.945491
183.44061,302,158.287855
187.651804,307,158.633072
560.952332,1000,159.643904
-85.660241,170,159.782377
49.901714,276,160.101277
17.401957,231,160.290008
50.090141,219,160.469343
42.577595,222,160.745108
63.287869,240,160.941029
990.34044,1000,162.748866
94.894279,326,163.110597
53.767412,221,163.293798
44.910337,223,163.571455
1107.874376,1000,164.589331
386.554326,460,165.061327
16.364844,362,165.357626
36.982324,221,165.739553
330.267203,553,166.285277
214.437458,433,166.732181
32.8811,216,166.907782
908.555188,1000,167.917104
51.705884,239,168.207957
194.332503,897,169.035662
300.681053,436,169.601521
-76.462436,278,170.053404
1507.483913,1000,171.27926
267.809119,634,171.894057
190.95912,878,172.805106
586.582769,1000,173.814685
567.535849,1000,174.73519
593.216441,1000,175.748202
278.502323,1000,176.760914
1518.904054,1000,177.770551
1229.319294,1000,178.782193
115.066195,374,179.181335
1080.311599,1000,180.186129
-401.584649,230,180.370961
269.499956,455,180.839166
664.708527,848,181.72451
-181.843923,146,181.843615
1432.061861,1000,182.849603
20.42707,319,183.208816
-151.801051,291,183.448585
-25.456266,274,183.767496
750.875457,931,184.719146
-30.05055,212,184.8908
-284.286733,183,185.131863
166.434084,569,185.686738
-250.958435,352,185.972696
495.513966,597,186.553198
-39.374727,251,186.860603
3.055187,469,187.393642
625.838759,697,188.095956
47.531931,317,188.487526
18.000769,242,188.692855
-259.863814,403,189.140854
576.428522,665,189.812196
-176.264001,282,190.149182
755.237166,1000,191.235126
-307.137189,447,191.715137
108.46984,275,191.940812
670.716494,1000,192.956601
109.28046,334,193.328473
13.336317,268,193.586756
194.542697,296,193.924893
100.013815,229,194.117964
124.239497,234,194.427198
47.302665,244,194.654904
78.621709,221,194.933233
85.631191,251,195.144384
203.569184,322,195.554055
72.313082,220,195.790114
-214.744435,410,196.494364
10.221357,182,196.881543
-105.081262,168,197.118151
-225.093103,247,197.44562
25.27304,305,198.029056
205.929897,413,198.787491
-99.523315,154,199.002355
48.928049,212,199.296688
69.073862,249,199.905771
104.791198,284,200.43774
146.36859,346,200.957618
-13.782617,184,201.557532
50.023004,213,201.863526
-137.541965,143,202.054389
33.619875,260,202.777413
-167.800857,133,202.954746
35.069169,253,203.585413
300.763297,380,204.174596
58.433901,195,204.732462
-101.91623,173,204.967082
112.958481,406,205.780931
56.422585,236,206.10195
-38.054303,360,206.83809
203.752796,441,207.591111
36.687628,259,207.939176
88.071614,225,208.396273
82.884652,238,208.721421
563.241218,609,209.559373
-61.382993,160,209.819929
30.50038,526,210.637202
-407.545952,471,211.339345
63.24444,314,211.636628
-98.109088,306,212.063688
329.003051,625,212.849159
456.161018,741,213.86004
234.805891,567,214.4274
-82.067701,146,214.547574
-404.152685,288,214.783558
53.723905,478,215.400389
-18.158468,233,215.68894
71.263161,524,216.21341
15.659811,475,216.693925
139.560598,407,217.120666
109.130275,274,217.351256
-116.816303,156,217.479307
345.671232,410,217.909534
483.877838,612,218.644236
-497.130854,642,219.631375
48.288749,254,219.838689
158.955614,276,220.158335
-391.126873,685,220.816902
71.379905,226,221.097005
18.080344,386,222.298363
60.015957,246,222.705992
140.561945,227,222.89292
92.271628,256,223.329807
93.770995,226,223.516274
152.294251,913,224.456303
413.269894,483,224.945663
72.19126,234,225.138476
2.682738,199,225.395289
211.149072,1000,226.400569
1871.557066,1000,227.415566
683.377332,856,228.212064
33.908214,209,228.475245
744.060735,717,229.158696
-297.654743,515,229.676233
119.447632,260,229.983107
-118.3164,181,230.131433
1482.819765,1000,231.1353
764.816342,922,232.072618
769.730491,942,233.027169
132.135598,222,233.209068
571.747403,876,234.11245
-2.486086,408,234.54049
-106.546383,440,234.903942
92.651206,223,235.178424
-87.470889,175,235.32218
134.872562,364,235.714821
-651.291821,939,236.671958
482.120586,1000,237.681387
192.526484,543,238.224969
-32.579147,184,238.375055
106.04195,796,239.219486
-201.072927,186,239.372433
-134.436963,142,239.488321
464.009192,578,240.054612
135.212103,241,240.34495
30.834343,493,240.838897
-117.675358,155,240.965407
-126.618489,860,241.862234
-326.878088,524,242.3854
149.232846,299,242.628588
-99.465226,153,242.846749
25.216524,232,243.036896
-102.8905,169,243.17672
-385.939697,274,243.49231
-547.022573,183,243.639476
-187.229776,283,243.963567
-527.910848,315,244.314111
-339.54988,195,244.472613
-333.631466,343,244.844603
-414.165628,411,245.177899
-193.320685,498,245.675406
-371.578077,282,246.025362
-488.113739,259,246.234828
-488.644713,239,246.523142
-485.53559,267,246.737709
-461.581259,274,247.052214
-604.714241,233,247.240136
-444.757313,204,247.497827
-266.101053,410,248.023542
-44.990485,242,248.22025
-460.015392,246,248.644766
-513.45545,198,248.806095
-573.800667,181,248.951225
-198.880678,112,249.13747
-153.825113,168,249.273645
-293.772753,355,249.65603
-370.023873,317,249.909727
-497.666374,272,250.223343
-234.584615,324,250.48577
-475.818267,210,250.748223
-349.996005,252,250.950086
71.585376,283,251.278896
-482.705741,173,251.419053
-412.687128,185,251.568685
-363.849497,291,251.894301
-164.303794,529,252.416429
-254.823205,363,252.801626
-523.18232,253,253.005275
-403.687326,221,253.276357
-477.372086,193,253.431796
-0.768315,237,253.720707
-222.497957,395,254.038897
-228.036734,666,255.03284
-202.503234,379,255.3436
-450.997417,269,255.798417
-57.0668,661,256.546074
41.61639,284,257.005259
-33.10602,198,257.16693
-183.905079,299,257.614823
32.149188,428,258.166203
159.60379,441,258.530515
-203.097939,527,259.160102
-151.893051,676,260.154466
125.470984,355,260.448362
-343.964989,249,260.744745
-34.831949,515,261.259955
-188.65435,264,261.476413
-65.469372,252,261.776551
-371.768776,292,262.215723
145.426174,644,262.967851
-88.277174,558,263.620189
-73.235491,188,263.773742
278.346315,394,264.322941
-93.527305,370,264.716742
-313.700573,450,265.309639
-178.136561,321,265.571598
334.603786,522,266.101036
-230.560005,214,266.372976
-83.488843,157,266.50249
180.515612,403,266.925201
-300.522664,214,267.100164
-274.845542,291,267.439066
-87.222699,405,267.868514
-403.163028,578,268.437226
-184.619082,281,268.665267
-99.647046,146,268.877452
-26.995182,221,269.060954
-96.653364,143,269.180641
-287.007045,526,269.705125
-65.427133,161,269.943353
-4.656829,385,270.262856
-471.50031,270,270.576298
17.241908,251,270.782772
-68.229363,152,271.004197
-4.699077,236,271.200033
-49.490801,286,271.529427
69.398548,319,271.79015
-69.481619,166,272.020248
348.654116,940,272.877415
-35.989444,283,273.202674
-216.646584,419,273.63835
143.654209,300,273.88619
-133.81422,144,274.097708
-311.484437,292,274.339099
-156.405974,146,274.553151
-127.129641,179,275.357049
42.139731,324,275.805096
-130.898999,154,275.935315
-227.505982,576,276.499722
-77.07338,168,276.638411
-332.394832,305,276.977258
-297.887586,231,277.169515
59.011697,308,277.648063
-145.550634,165,277.783785
-148.276622,180,278.133158
-106.907584,162,278.2707
-167.886611,114,278.365074
-151.931862,143,278.482595
-59.813515,318,278.839533
-158.900746,142,278.95657
-110.835503,163,279.185776
280.359803,542,279.725143
-153.746668,140,279.840657
-144.682031,331,280.206624
170.686909,547,280.864852
-131.510866,314,281.125218
-163.690797,144,281.336466
-536.219016,236,281.529502
-195.440739,139,281.643335
-214.160178,367,282.036594
-436.487904,263,282.344877
-156.456688,151,282.469568
37.241506,298,282.714603
-110.469663,158,282.937806
-148.605369,183,283.088639
-105.914613,171,283.229759
-467.596627,243,283.519992
-43.485173,203,283.68689
-390.18682,586,284.259586
-250.069302,492,284.756109
34.004632,710,285.521786
-357.852812,421,285.958411
-108.153005,378,286.268996
-445.506434,237,286.555336
-174.479772,176,286.700601
-497.258077,285,287.024684
-480.487806,231,287.214495
-178.052775,147,287.337322
99.197593,498,287.951201
-255.533968,781,288.777836
247.458105,645,289.397758
-51.974611,238,289.686411
-426.738585,270,289.906141
-78.311757,333,290.377762
-180.948366,673,291.022567
-92.710999,281,291.346592
-71.917121,247,291.549337
-81.244232,310,291.895543
-401.30754,347,292.178215
-25.234125,412,292.725812
-502.933831,359,293.111361
-227.737482,143,293.228698
-460.907911,250,293.629675
-209.86733,106,293.715943
-324.902871,443,294.172377
-147.131719,148,294.296453
-191.305258,188,294.450377
497.657224,1000,295.559477
732.113717,1000,296.794024
-386.911753,743,297.688764
-377.166939,258,297.89738
-513.403674,197,298.150459
-243.204438,125,298.252346
-178.627706,176,298.396178
-258.450641,463,298.866192
-225.218606,112,298.959646
-100.189539,448,299.41797
-491.013612,411,299.849551
-225.332892,165,299.986096
-187.704871,169,300.219256
-211.540846,143,300.337868
-236.741047,120,300.435995
-413.431796,339,300.801118
-14.750846,746,301.5023
-18.543032,412,301.931794
-120.822621,163,302.065843
-198.767466,148,302.281264
94.399267,676,302.933036
-172.951134,155,303.060677
-205.570075,116,303.250236
-69.371545,492,303.745032
-386.222237,228,303.932623
-237.449314,115,304.02726
-158.059346,351,304.409955
-201.650243,106,304.496904
-203.235113,113,304.589356
-90.638442,142,304.799633
-230.268823,113,304.89197
-235.841665,108,304.98036
-211.926429,111,305.072343
-173.212053,125,305.268754
-172.12217,132,305.37921
-130.085518,149,305.503056
-166.942072,117,305.599725
-201.269407,106,305.780975
-220.508671,106,305.86747
-240.003455,116,305.963353
-209.830267,107,306.051299
-240.842095,114,306.144823
-235.531296,111,306.327973
-357.468021,214,306.505624
-201.940924,115,306.600261
-232.556406,108,306.688418
-152.681549,164,306.92079
-145.725512,162,307.056329
-165.522797,120,307.155057
-217.90533,109,307.33692
-161.412717,178,307.482809
-464.254423,211,307.65601
-180.00066,147,307.869024
-252.524222,130,307.975526
-209.640971,114,308.069259
-241.558952,116,308.16468
-197.081445,123,308.450257
-222.714312,128,308.5556
-189.450899,133,308.665375
-209.878057,118,308.768685
-526.455758,229,309.158128
-212.443101,108,309.247396
-194.556403,129,309.355922
-231.566602,111,309.447246
-23.017586,365,309.984678
-372.785119,246,310.41692
-314.822681,187,310.572023
-215.621385,101,310.655676
-204.572093,114,310.74973
-216.448254,115,311.04972
-208.885352,134,311.160236
-185.094154,131,311.26738
-244.126114,126,311.371767
-223.926227,110,311.68713
-111.729441,160,311.820437
-191.793557,114,311.913418
-215.027676,108,312.001754
-122.583534,152,312.329403
-169.045501,119,312.427454
-141.901398,154,312.554914
-114.362352,182,312.897406
-69.385987,187,313.05775
-179.494972,119,313.155153
-168.104266,111,313.246217
-218.140558,141,313.584089
-208.334919,118,313.680559
-69.17434,441,314.280696
-394.652125,257,314.491293
-499.081301,205,314.863723
-560.059778,217,315.043014
-91.203782,159,315.175727
-96.697898,221,315.587334
-140.060994,343,315.872988
-28.29597,315,316.336982
-143.374114,273,316.656278
291.038949,656,317.394262
-148.295004,177,317.539416
-1.862569,498,318.151822
79.386953,646,318.91015
-215.254311,106,319.228054
-233.493656,109,319.318394
-200.43822,135,319.430907
-220.04473,113,319.524277
-197.563966,116,319.821619
-107.56079,173,319.966216
-202.715479,115,320.061422
-259.615321,499,320.685814
-162.174631,164,320.819982
-196.008171,122,321.157705
-538.184898,214,321.333972
-174.867551,167,321.472419
-150.81396,192,321.860549
38.806104,404,322.403786
-62.770564,215,322.582456
-126.029166,154,322.710413
26.553377,329,323.221181
-189.735808,136,323.333323
-0.610262,372,323.875388
-47.211334,276,324.104695
-449.145709,730,325.145834
-217.088927,114,325.239682
-206.287286,123,325.34178
-22.776649,470,325.968871
-162.312843,115,326.288509
-194.449489,127,326.394245
-178.86954,469,326.989138
-168.38108,130,327.09649
-212.276296,139,327.211571
-198.521992,120,327.311012
-162.018207,178,327.656211
119.245014,556,328.210545
-195.137078,122,328.311196
-213.744227,128,328.417258
-162.418667,177,328.668674
-149.314271,139,328.783426
-147.120335,148,328.905352
-219.524855,106,328.993133
-36.822102,748,329.81734
-188.165544,156,329.947035
-186.97882,161,330.174098
-56.99723,244,330.375349
-156.743195,147,330.495856
-156.269055,147,331.274931
-208.37426,133,331.384403
-218.571064,563,332.052246
-209.168508,130,332.160102
-51.136212,297,332.507077
-175.263956,142,332.624994
-187.500847,172,332.767511
-103.230245,346,333.155324
-231.800217,142,333.278134
-165.051262,148,333.500732
-177.81522,154,333.628051
-186.588873,279,333.951116
366.297779,1000,335.001273
-78.139009,344,335.380255
-113.240533,719,336.157614
-36.001101,334,336.434894
56.03054,862,337.337513
-240.313888,109,337.42826
-148.553914,169,337.568329
-168.059055,144,337.857392
-77.512776,217,338.037365
-165.435807,158,338.166851
-238.885998,154,338.388991
-214.75387,339,338.667627
-192.183727,168,338.898535
-55.009375,261,339.1139
75.952838,379,339.523837
-116.397716,226,339.710006
-259.376313,139,339.917293
-173.431258,198,340.079918
-535.764237,308,340.431766
-222.204142,163,340.566657
-77.621285,244,340.767235
-147.709522,837,341.649547
-60.154214,216,341.921152
-55.305213,233,342.115252
-76.5105,245,342.316419
-72.624345,210,342.582576
-94.606993,272,342.806613
-486.916457,479,343.297253
-351.096676,483,343.789869
-49.343542,220,344.064238
-69.436612,232,344.258709
-179.88884,160,344.39114
-249.745767,135,344.595499
-22.033623,216,344.774536
-250.127778,118,344.872219
-238.127021,141,345.080864
-255.582412,126,345.185574
-251.505217,116,345.282017
-74.320019,224,345.561384
-126.018379,192,345.719074
-282.384788,160,345.850533
-203.009806,152,346.069104
-171.184859,176,346.216198
-194.273925,223,346.400296
-283.675494,108,346.58335
-149.716293,151,346.708204
-167.862243,373,347.110959
-154.748829,166,347.248232
-165.14048,238,347.445738
-255.66922,146,347.661066
-231.890501,269,347.883384
-155.993244,214,348.157836
-77.794508,233,348.349892
-227.984051,145,348.470896
-245.611519,161,348.697181
-227.061541,121,348.798112
-177.624161,244,349.000216
-149.153901,152,349.220234
-277.301269,104,349.307194
-238.226333,136,349.419766
-219.573709,145,349.540111
-194.583592,165,349.771151
-233.657274,149,349.89413
-171.131834,168,350.032492
-97.387789,229,350.316226
-254.435823,140,350.432023
-242.104596,133,350.542495
-257.769122,105,350.722281
-267.215535,109,350.81417
-255.290636,137,350.927747
-146.347897,189,351.084238
-176.752837,186,351.332189
-131.502905,226,351.519343
-114.213832,283,351.846084
-317.120988,391,352.16901
-201.0398,147,352.384255
-198.458839,121,352.483253
-226.647353,146,352.603228
-259.37234,135,352.807745
-113.003446,216,352.985775
-236.35837,128,353.091195
-190.121787,224,353.370973
-200.938722,227,353.558717
-86.39901,226,353.841188
-182.74759,188,353.999113
-215.629731,813,354.861703
-227.447411,150,354.986159
-218.060622,168,355.127053
-315.38906,232,355.411886
-272.191947,160,355.54515
-267.498422,214,355.72303
-246.631081,261,356.032182
-178.199228,184,356.184178
-183.875783,228,356.468077
-265.343413,166,356.604646
-265.976899,188,356.7591
-167.978614,238,357.053307
-191.521318,223,357.238362
-236.527458,157,357.460692
-240.565344,264,357.678925
-124.06177,234,357.963343
-53.928045,320,358.229776
-113.081119,396,358.649113
-144.090837,221,358.832102
-156.484866,317,359.295958
-78.427642,456,359.906606
-153.917307,249,360.113753
-165.251322,574,360.788405
-104.226312,277,361.222275
-41.912931,990,362.231594
233.24191,937,363.321421
-269.956753,517,363.843201
-163.738878,239,364.041503
-90.483997,383,364.455087
-164.033633,254,364.666619
-208.369494,268,364.982197
-237.859281,637,365.606607
-246.521988,148,365.822293
-373.580169,505,366.335889
-198.043377,187,366.49052
-182.277971,233,366.682875
-293.381359,148,366.89909
-170.350826,322,367.167899
-333.506595,137,367.479564
-146.963505,476,367.878311
-248.347066,183,368.230557
-120.032861,224,368.415934
-190.328493,184,368.769664
-70.379386,230,368.96121
-209.277795,147,369.083159
-151.353301,239,369.495035
-217.933588,163,369.630995
-113.300514,306,370.086915
-141.585442,541,370.763601
-220.458965,153,370.890123
-164.174214,233,371.175181
-111.70057,248,371.381152
-218.474258,476,371.869503
-87.283559,233,372.066291
-24.247855,782,373.124084
65.422914,477,373.613753
64.127272,559,374.169343
-184.148311,265,374.392947
-362.413515,1000,375.421478
-32.586336,381,375.828711
-159.463063,837,376.727551
-191.904905,214,376.903355
-44.891959,306,377.248237
66.633505,492,377.748649
-66.326195,337,378.027942
46.767577,965,379.148785
-177.829959,242,379.578324
161.411173,547,380.236976
-110.446023,220,380.418029
-216.729264,253,380.843379
-242.81001,178,381.008012
-57.401544,270,381.447074
-78.495465,378,381.75975
159.707244,602,382.689932
39.494669,476,383.313726
-90.867716,258,383.530308
413.980073,1000,384.774091
-259.50671,592,386.063471
66.38724,458,386.658417
-163.392246,259,387.099087
-182.124959,236,387.297776
-208.967923,262,387.70504
-64.092887,382,388.029447
-65.113663,224,388.416194
-268.841965,652,389.187248
280.654019,1000,390.439395
600.013036,1000,391.663885
405.648629,1000,392.95536
572.459288,1000,394.221628
709.171416,1000,395.48806
640.914498,1000,396.735314
702.01354,1000,398.031291
813.974224,1000,399.286646
764.271373,1000,400.588603
236.745875,939,401.581484
951.663302,1000,402.876333
594.826633,1000,404.122149
547.369727,1000,405.255678
456.077621,1000,406.274013
602.355369,1000,407.29588
836.758402,1000,408.331122
521.205058,1000,409.444928
752.298097,1000,410.459808
863.540375,1000,411.482616
507.971341,1000,412.504254
-116.908952,242,412.70535
950.109296,1000,413.73096
905.552513,1000,414.749729
1033.457588,1000,415.771932
947.852667,1000,416.796945
800.225398,1000,417.825466
894.760494,1000,418.848143
1157.319375,1000,419.866222
918.72706,1000,420.891196
-251.623693,549,421.438608
933.605911,1000,422.461621
74.137135,644,423.094862
812.028846,1000,424.117314
-101.535607,223,424.526999
850.84724,1000,425.81438
161.393591,544,426.497828
909.441257,1000,427.798117
1014.473211,1000,429.095006
1085.435921,1000,430.377134
950.367885,1000,431.449098
826.134989,1000,432.71728
846.142428,1000,433.88403
1086.952063,1000,434.906974
1164.579604,1000,435.935966
29.72539,724,436.72583
1131.799084,1000,437.766497
784.331171,1000,438.790056
1126.431457,1000,439.814988
990.463095,1000,440.836834
1026.679034,1000,441.762016
1015.188811,1000,446.941549
1347.817311,1000,448.208527
745.293878,868,449.250819
1303.257392,1000,450.273373
1348.835807,1000,451.295321
-155.222625,220,451.47843
-102.600238,191,451.731272
438.558279,692,452.401047
2.438927,677,453.058219
-155.778597,185,453.310058
1153.926265,1000,454.33321
-36.431827,384,454.743854
-205.295606,524,455.273464
447.625726,708,455.970248
554.148276,780,456.712331
1460.704274,1000,457.734627
902.095581,1000,458.759555
14.529362,321,459.249242
-98.27271,193,459.409194
1217.27317,1000,460.630361
914.82334,1000,461.906845
900.21202,1000,463.184669
755.132619,1000,464.45507
187.986719,464,464.984695
-66.589028,222,465.263287
108.60245,457,465.64461
-11.584817,271,465.961609
357.529769,805,466.819868
58.520294,336,467.098748
256.155337,483,467.593769
-80.951344,243,467.888422
22.345356,398,468.218563
-96.418348,239,468.509971
-44.807674,301,468.758572
1215.260303,1000,469.784396
1145.66879,1000,470.812911
-195.457983,183,471.060124
-34.387923,266,471.285641
-46.940127,242,471.58098
32.800097,369,471.888014
464.517054,1000,472.910811
990.082631,1000,473.930882
1269.121371,1000,474.952261
676.073806,1000,475.974661
254.700752,584,476.560774
549.957316,798,477.412182
-53.088357,220,477.595842
-33.86915,305,477.944947
-97.936525,237,478.142036
340.064544,531,478.676883
156.416111,648,479.405169
-48.353714,228,479.594333
397.308604,552,480.147555
-105.64288,224,480.430794
-121.929804,203,480.600748
-63.937844,286,480.93104
-74.983006,261,481.148872
-185.997186,147,481.271132
422.057722,852,482.168947
-76.379553,369,482.57408
-41.957121,225,482.762031
252.42938,467,483.244798
-62.113936,264,483.559548
148.432838,456,484.033285
-177.379373,215,484.213294
102.407674,396,484.641673
-79.826078,220,484.827102
225.859939,453,485.406212
1024.141349,1000,486.694742
-83.6625,233,486.891655
-135.173999,199,487.269324
-157.031997,191,487.42943
41.701962,457,487.911398
286.537646,854,489.060801
116.164134,307,489.320588
298.155406,794,490.426109
202.507018,423,490.983787
-69.429109,208,491.157522
-1.143247,293,491.643516
41.020773,340,491.928795
-69.409343,368,492.46623
-26.085466,330,492.946295
-201.462335,197,493.112955
-60.628516,259,493.563721
-129.528801,249,493.771978
-54.007588,255,494.190141
-99.696872,267,494.41511
77.685873,409,494.967304
113.783433,588,495.556665
14.268747,323,495.919767
-222.731985,171,496.063612
-34.686628,233,496.350172
163.252523,518,496.878535
-111.115411,200,497.046472
104.655229,546,497.60426
71.143611,507,498.128019
66.907433,477,498.622992
445.673279,849,499.54013
1008.985582,1000,504.546225
833.038926,1000,505.572974
1140.975442,1000,506.509081
776.995006,1000,507.541038
1140.754831,1000,508.571098
739.208255,1000,509.600802
818.524425,1000,510.635145
794.618549,1000,511.664916
881.082466,1000,512.699509
69.630628,521,513.231266
185.309754,902,514.176255
819.342056,1000,515.204052
-139.366348,148,515.327918
918.323031,1000,516.353149
285.615226,905,517.30141
-117.192842,189,517.45976
774.567252,1000,518.487579
1029.196021,1000,519.628872
1072.149643,1000,520.802906
316.815207,720,521.592354
468.113371,966,522.494487
779.155324,1000,523.794041
280.731177,881,524.975253
-40.565283,188,525.132949
-32.367307,355,525.642784
-106.54007,287,526.123277
-42.115955,272,526.350231
161.660477,702,527.232487
0.928195,287,527.471104
86.184586,812,528.459466
310.001463,947,529.702002
149.745026,680,530.472983
103.181439,305,530.961465
320.24415,534,531.645502
25.00173,342,531.932412
143.717946,363,532.436527
-52.414887,188,532.593211
-43.718146,348,532.979638
7.504455,207,533.152718
-32.888417,219,533.42974
47.544247,300,533.681986
-60.092792,269,534.001618
159.296619,429,534.457979
584.785056,1000,535.4789
26.472187,226,535.66782
-20.07607,220,535.943553
546.062043,988,536.959026
-26.056371,403,537.296112
-129.137867,148,537.512992
184.016069,815,538.289635
-40.652526,339,538.66948
10.433311,269,538.893694
135.078198,575,539.563995
87.302225,506,540.082426
-73.671478,334,540.361482
-50.430011,221,540.639077
-206.177426,114,540.734216
-103.529237,271,540.960213
-201.565067,125,541.15829
-96.821427,144,541.281276
-82.851709,227,541.471487
-220.412992,113,541.659644
-184.762871,129,541.767201
-219.525382,107,541.856568
62.123013,292,542.191796
-232.741251,107,542.281219
39.631636,303,542.536793
-70.131511,199,542.91358
-220.739173,117,543.010588
-106.911142,142,543.128216
-238.01501,107,543.217746
-182.321057,122,543.413345
-103.705996,205,543.584693
-103.363328,184,543.739651
-65.913406,432,544.195158
-103.661882,144,544.409648
-154.17344,138,544.524513
-40.581581,260,544.740904
-76.512268,416,545.18211
-215.236576,115,545.277999
-164.904703,183,545.523106
-94.628674,148,545.647449
120.644295,826,546.527833
57.41433,278,546.758806
71.203716,412,547.327816
-143.910423,176,547.47467
-192.164917,136,547.681723
47.5152,442,548.141986
-59.013993,304,548.396116
28.342004,641,549.027483
678.450178,1000,550.295055
-126.403991,175,550.584675
950.144774,1000,551.868844
919.487343,1000,553.158444
79.503963,300,553.410385
46.9274,550,553.962878
-424.487781,454,554.434778
203.187846,458,554.910601
1047.297155,1000,556.066177
18.490523,306,556.415602
1080.529669,1000,557.345752
857.697515,1000,558.379028
1133.550331,1000,560.233041
1280.924977,1000,561.273612
-95.163415,213,561.545545
935.44122,1000,562.704305
287.388656,787,563.576297
830.472574,1000,564.85693
150.557172,416,565.357723
834.6762,1000,566.644367
748.851315,996,567.778152
188.66673,608,568.376454
1025.036128,1000,569.396423
668.677622,1000,570.413203
1133.171606,1000,571.433342
934.108521,1000,572.455232
1001.371712,1000,573.481031
132.019959,326,573.850605
249.623237,563,574.4117
949.536801,1000,575.446947
-256.666875,697,576.120953
76.372059,285,576.36043
7.894666,211,576.74901
874.028323,1000,577.901152
-166.50948,160,578.033258
140.462266,568,578.597117
261.397158,420,579.040336
502.932266,606,579.637714
-188.002217,116,579.826989
9.02386,275,580.05574
-143.958365,140,580.171095
203.261014,949,581.143784
231.234164,503,581.659627
72.621612,301,582.001349
-112.773504,233,582.194465
-88.983555,372,582.596329
-163.081236,132,582.705094
58.396216,617,583.309059
388.070231,1000,584.327448
-149.957459,766,585.165606
877.991169,1000,586.29809
108.339702,354,586.590119
-71.58378,225,586.869025
-173.717479,177,587.014675
0.970361,280,587.339309
-159.684765,159,587.470989
59.233229,338,587.843575
-104.492488,929,588.806138
-153.930065,143,588.924691
-201.208694,129,589.032324
-96.967096,225,589.313751
-145.986566,146,589.434953
-77.046368,203,589.602799
-65.915432,331,589.970062
-49.28584,365,590.365072
725.265675,1000,591.382389
-500.414702,335,591.65861
17.927303,500,592.163656
-118.688597,387,592.696994
-182.033854,148,592.82064
1.060888,325,593.182624
85.468929,616,593.786123
271.683884,631,594.404865
-183.468286,126,594.603017
135.44419,586,595.184623
-127.95941,226,595.371681
-235.646576,356,595.759047
-172.184007,375,596.162341
-31.761907,732,596.865263
-64.05469,241,597.063036
37.39483,357,597.454458
258.17137,587,598.035756
63.656677,390,598.457352
-80.121868,205,598.626551
343.296724,610,599.32166
290.892079,696,599.995106
451.082774,942,601.071263
1074.581742,1000,602.198541
1334.754154,1000,603.224968
-622.412978,979,604.331234
243.473983,980,605.466073
1360.707491,1000,606.732105
946.641855,1000,608.024739
905.125094,1000,609.107759
377.911786,850,610.262371
105.733157,296,610.732526
-73.940306,1000,612.012583
1247.776228,1000,613.28756
-127.092957,579,616.134356
1256.206814,1000,617.421817
1128.7829,1000,618.702543
300.400225,838,619.618647
1857.583703,1000,620.890027
1790.907908,1000,622.119339
277.398982,394,622.668753
403.499318,708,623.470305
-318.513564,275,623.910352
-35.035688,536,624.594681
-134.091141,322,625.08814
448.685853,546,625.785681
1149.732973,1000,627.062557
1002.879968,1000,628.209016
99.207913,609,628.812828
742.538003,872,629.635791
1295.398744,1000,630.666135
125.836581,775,631.503993
1036.690827,1000,632.534513
214.666633,797,633.300736
759.405644,1000,634.327012
143.774676,798,635.181388
1272.615665,1000,636.205681
15.066328,289,636.447598
1153.779965,1000,637.471758
-47.216408,323,637.837366
1347.239567,1000,638.868648
-256.324409,176,639.014195
-18.64126,349,639.401098
-148.221382,134,639.513687
92.950534,354,639.904206
-37.149715,333,640.279588
-12.260501,328,640.556092
-178.349395,171,640.794147
-166.993204,172,640.938047
-114.451113,179,641.086682
15.168647,488,641.589578
-96.545685,176,641.827863
-160.043622,129,641.9377
472.547365,1000,642.967787
-122.502064,145,643.089658
-69.267687,168,643.228961
-211.374962,129,643.432023
-173.684511,118,643.530774
227.674694,635,644.162962
-71.48472,207,644.338133
-160.200325,115,644.528542
-168.344269,120,644.629779
-156.210904,172,644.77392
322.060893,641,645.505148
-198.112299,120,645.60518
-117.551941,158,645.738047
-58.58159,212,645.916224
102.94324,344,646.298746
-115.8263,149,646.425126
371.501545,793,647.278853
73.664632,289,647.614401
-154.644136,182,647.76731
-47.743807,344,648.153152
89.860066,592,648.751552
-187.679136,115,648.848897
-111.916582,145,648.971762
539.568212,854,649.874933
-125.178285,197,650.038992
550.427789,754,650.862588
-410.114367,543,651.411855
-121.603645,186,651.567529
-129.429953,184,651.814985
-129.14123,128,651.92188
-130.355895,139,652.039482
-163.952776,126,652.145564
-161.281012,122,652.341109
172.544073,629,652.96104
-204.228392,393,653.514524
-108.45337,172,653.661124
-71.657429,174,653.807145
113.358677,376,654.215491
-124.808467,183,654.368833
-294.454392,330,654.737486
-73.34398,216,654.917015
-118.663061,153,655.138453
-144.844046,294,655.382266
-196.424467,112,655.475773
-87.26356,213,655.745972
58.1583,340,656.123563
14.881731,387,656.446869
346.443085,748,657.262423
22.998248,522,657.793332
1552.925894,1000,659.04622
276.819451,804,659.825257
238.958717,639,660.554244
-30.219765,457,660.943918
-45.914439,195,661.308499
-33.988941,373,661.840765
238.959531,657,662.623948
186.132317,579,663.343335
128.313891,648,664.089373
592.653463,686,665.07931
-201.467321,170,665.22433
183.664171,362,665.699558
152.630067,659,666.487153
-30.515197,177,666.635938
253.574866,721,667.700058
-6.613715,189,667.859829
-90.716324,143,667.981128
32.096439,280,668.448415
132.778243,439,669.039078
-71.96683,212,669.21904
-93.354233,451,669.805151
307.533322,372,670.359746
254.652485,402,670.9321
218.953068,480,671.344491
743.44491,942,673.444634
88.802844,471,674.078506
-182.241821,348,674.564692
199.012592,372,675.111063
204.977932,874,676.079748
55.70751,248,676.503158
485.332065,623,677.263257
316.669928,647,678.018461
-329.897531,280,678.488735
1345.856598,1000,679.78319
481.503426,871,680.978502
216.328344,297,681.235438
1620.620957,1000,682.540059
-274.945954,245,682.839679
198.775292,707,683.527234
-286.677209,255,683.739609
223.020263,506,684.262441
1758.036708,1000,685.299981
460.078214,839,686.19702
-107.857804,279,686.526263
572.545836,522,687.065722
23.317428,251,687.278383
233.86976,333,687.653753
5.621479,188,687.812698
154.03277,293,688.154069
154.968828,290,688.399424
262.404911,397,688.827778
387.477472,441,689.295058
310.416977,506,689.817674
-20.912426,642,690.455913
246.162593,323,690.820535
706.932155,785,691.578173
1178.702945,1000,692.61754
246.572248,549,693.174693
508.127618,766,694.005445
-41.731736,190,694.166706
330.24709,447,694.743222
-112.69094,164,694.880504
308.817501,427,695.335188
-75.561626,186,695.583286
-63.315327,187,695.739552
-131.548377,170,695.883845
446.00487,647,696.522854
-89.900889,452,696.998217
-90.430793,171,697.235162
-138.742494,126,697.34155
1029.411393,1000,698.37468
209.224335,384,698.792709
-97.24487,158,698.926167
-94.297789,144,699.047156
-32.606045,260,699.36196
-155.35134,125,699.467794
-88.50773,215,699.647798
542.587565,699,700.426541
-155.443497,112,700.521181
-169.236885,117,700.623067
-150.228407,112,700.727833
-99.551483,207,701.120708
-152.769046,125,701.236356
-130.306438,152,701.375609
-140.493649,127,701.719909
-86.414224,201,701.897852
-80.722527,191,702.063935
154.726769,593,702.889155
108.454929,773,703.739972
-128.772734,151,703.86815
-148.153162,115,704.058975
-64.932253,171,704.206144
-54.51263,213,704.409307
-134.62262,164,704.714643
-113.106105,150,704.843466
-86.371007,181,704.99846
-81.389425,181,705.244991
-100.386421,189,705.424248
-112.331819,139,705.546419
-107.690135,173,705.869777
-91.641587,171,706.139737
-86.706558,194,706.422635
-69.681091,182,706.836749
1398.367407,1000,708.603437
67.384672,368,709.13767
267.043051,585,710.266328
216.331986,415,710.862702
1249.595984,1000,712.59766
709.527481,768,714.018067
1158.22077,1000,715.744642
243.05984,303,716.181846
75.101368,317,716.790495
1457.725451,1000,718.691363
-15.79532,205,718.991404
1443.326698,1000,720.71556
106.253622,378,721.403269
755.329787,859,722.922206
1535.350176,1000,724.77704
-62.075081,279,725.186056
96.14554,340,725.837908
203.382851,639,726.911814
1530.155488,1000,728.769946
-319.739277,346,729.429149
60.514867,676,730.578209
777.89371,1000,732.364356
245.343406,378,733.049574
379.239653,759,734.283144
153.561995,507,735.15666
-252.970494,310,735.760042
476.9788,640,736.860694
606.925124,1000,738.221401
108.825891,556,738.886786
323.112286,732,739.855222
328.787591,541,740.442985
242.85781,553,745.146044
171.376471,548,745.921985
371.49488,517,746.45364
584.008381,753,747.192115
284.721979,358,747.675397
-293.177744,191,747.837501
-152.673905,419,748.396439
-73.889918,473,748.88921
-86.075588,381,749.41153
-212.321517,320,749.683331
140.449555,429,750.27712
87.185682,417,750.834707
-470.22431,168,750.977788
-355.641554,209,751.364123
-325.951985,189,751.522378
552.735068,746,752.559182
57.777948,474,753.183677
312.276327,916,754.201885
199.846567,644,755.068041
1238.265166,1000,756.208448
1428.669421,1000,757.267836
1164.340238,1000,758.536817
666.721519,741,759.362688
-173.469272,393,759.792637
87.564589,631,760.424123
286.869256,653,761.072652
1039.077471,1000,762.198748
-428.784135,178,762.350699
-160.007883,323,762.840846
81.717756,497,763.358446
63.849772,482,763.86464
22.462511,540,764.421551
30.336718,462,764.909629
709.624969,1000,765.956766
204.013938,615,766.668705
-50.619797,400,767.103558
337.663113,1000,768.252899
170.153396,558,768.827793
-145.899485,328,769.202488
474.791051,692,769.890348
113.156414,444,770.486241
114.144499,482,771.123648
-386.146963,227,771.318393
235.369295,635,772.096901
98.528643,533,772.786835
143.949022,539,773.689961
102.692563,434,774.062646
-39.571779,363,774.590218
-314.093002,232,775.017147
341.700909,646,775.801471
221.227393,774,776.700643
690.004226,803,777.821437
135.745804,581,778.546987
111.449253,623,779.310328
-373.402026,333,779.807274
733.938721,978,781.075923
-258.207569,248,781.288835
322.308617,632,782.275902
-251.583909,243,782.498645
357.401488,853,783.689664
1052.04081,985,784.952071
182.508008,491,785.580542
1841.989041,1000,786.644342
1403.919815,1000,787.950977
1341.950805,1000,789.250872
492.90019,483,789.900815
127.020826,414,790.364062
877.289926,798,791.23159
934.97211,810,792.018822
334.523056,707,792.823072
349.786544,610,793.436443
-110.941127,343,793.821079
1358.472378,1000,794.772207
1121.675993,1000,795.824914
151.692712,614,796.648456
441.395308,870,797.492105
999.962499,1000,798.807029
804.781786,1000,800.111963
955.218462,1000,801.397117
916.100895,1000,802.702177
876.500336,1000,803.94091
456.328423,612,806.59849
454.648925,714,807.679278
-251.2345,322,807.957773
234.086007,604,808.581521
-396.067398,219,808.980539
851.547465,1000,810.267265
563.44894,837,811.414357
673.718178,952,812.484016
691.075435,1000,813.774618
-391.148039,225,814.205266
-322.356073,305,814.467861
196.785989,520,815.153896
408.566555,642,816.130798
504.909253,594,816.925652
136.651996,478,817.616517
672.535978,775,818.524286
221.969324,603,819.283217
-174.720177,314,819.766085
145.388949,485,820.415634
-95.999699,347,820.961672
-194.200137,386,821.292552
-6.727614,407,821.853729
15.422921,362,822.401814
216.108246,424,822.968257
-182.038385,319,823.242212
308.077907,556,823.92664
394.170903,705,824.97552
562.134492,867,826.162883
-141.216702,361,826.482957
526.321961,952,827.741108
276.844122,486,828.362883
590.955692,662,829.166849
309.076729,616,830.131698
367.214305,536,830.83464
491.525166,689,831.643001
871.53143,809,832.563645
1414.624929,1000,833.885067
674.181607,666,834.90077
-366.050792,249,835.112959
189.014016,418,835.675227
358.69606,656,836.454443
-304.991249,277,836.89048
-231.328867,271,837.120241
-378.264927,206,837.532155
18.960627,376,838.073902
256.147519,476,838.482459
236.907541,522,839.15398
-439.748844,158,839.490989
104.332016,373,840.020778
-364.156165,220,840.208364
-421.130504,154,840.338191
-28.629014,334,840.850428
171.499166,448,841.436176
-377.274207,209,841.611593
-396.736304,189,841.995724
-6.334284,347,842.289591
-203.225729,258,842.736456
-266.642034,265,842.960414
-27.248452,406,843.544262
-242.664118,376,844.099955
265.172268,536,844.782894
510.102024,619,845.536339
117.800237,465,846.158824
63.89618,451,846.767113
-386.22108,278,847.002015
-9.931668,393,847.535262
250.570253,548,848.205089
-329.634183,223,848.622597
-135.356239,298,848.874841
-246.119143,263,849.326474
-426.109192,172,849.470826
-222.785541,251,849.902744
-294.286983,252,850.119666
-457.10248,185,850.276543
-332.039669,270,850.597759
-268.914048,251,850.807653
-405.234718,218,851.084568
-136.120663,351,851.476148
-247.899784,340,851.765213
-59.552677,355,852.158445
440.54858,601,852.762379
176.435916,431,853.221495
-434.812931,216,853.402555
-356.782514,238,853.69815
-286.058679,336,853.981883
-204.378722,323,854.346756
-106.577066,283,854.681381
297.275219,639,855.427025
365.984116,576,856.110315
362.770385,505,856.630429
-212.015694,359,857.026464
-228.80175,215,857.205653
496.870008,701,857.887812
35.521887,747,858.704798
203.431107,544,859.253249
-180.283118,306,859.682348
1131.085624,1000,860.979371
-304.697663,902,861.96825
346.934368,713,862.887585
595.948312,1000,863.917048
349.777646,1000,864.934885
-263.96293,358,865.234981
126.162749,663,865.967936
82.209665,330,866.240307
-575.304526,217,866.630959
-492.389931,195,866.792686
-177.395367,241,867.190011
-360.857328,250,867.395651
-310.750503,216,868.472731
-28.105736,367,868.872409
-374.843837,187,869.118188
-549.656063,215,869.296933
-537.888991,220,869.479373
-226.164406,281,869.803035
-234.36806,243,870.007234
-115.443259,333,870.377331
-355.79742,248,870.674929
-226.063876,291,870.918339
-334.566945,257,871.223272
-392.624086,189,871.380301
318.30783,571,871.947267
-321.278513,190,872.103581
198.792384,612,872.792012
-18.374446,356,873.084355
-440.267905,233,873.371179
-485.644537,191,873.528853
-177.050384,258,873.835331
-449.901329,195,873.996175
-354.339653,222,874.273074
-456.467816,191,874.432656
-352.599689,218,874.61226
-426.270177,186,874.859144
-416.818199,192,875.017666
-385.685909,184,875.170001
-359.511819,244,875.466433
-530.782849,216,875.644215
-184.806721,283,875.971667
325.47268,579,876.546543
-555.12838,197,876.709787
-231.007724,270,877.028517
-209.818745,315,877.382092
66.971616,386,877.702163
-183.550355,321,878.063436
-407.397646,199,878.22729
-491.018781,212,878.494929
-493.608729,976,879.491896
141.599366,538,880.034013
-183.922065,347,880.321041
-7.958936,356,880.707122
-366.049391,242,880.909595
-141.136996,1000,881.923419
-639.239886,227,882.206214
-25.06857,509,882.721849
-391.836269,272,882.949925
-251.171855,190,883.332404
40.723117,433,883.920419
-604.341433,198,884.084264
-92.366519,452,884.555834
32.055994,493,885.057577
-169.6881,1000,886.075929
324.07267,777,886.921818
40.368618,551,887.473711
-439.454641,278,887.912182
-311.817977,262,888.132169
-458.704751,252,888.433672
-25.733691,282,888.760235
-405.780284,258,888.973437
-467.75998,226,889.163459
-241.508736,341,889.541613
-497.724393,283,889.868327
-86.230918,419,890.215784
777.355766,1000,891.233549
205.009453,1000,892.256783
-207.552738,274,892.582536
-366.952626,276,892.813951
798.610503,1000,893.831075
-316.012184,289,894.168282
-359.180061,220,894.35397
342.147101,579,895.151904
-339.764476,242,895.354816
-330.650839,246,895.78282
-180.032794,380,896.11004
-474.625697,312,896.603397
-366.259507,217,896.784935
-494.197413,244,897.18822
-349.024858,289,897.429611
388.86293,839,898.459432
-307.580204,281,898.787565
-396.790272,199,898.956801
85.535916,477,899.449185
-166.72721,336,899.7277
-456.985407,212,900.106833
-266.21208,355,900.600136
-217.553843,261,900.818344
-387.852668,173,900.96189
-487.12887,160,901.326823
-381.175163,189,901.481896
-545.638023,213,901.857119
-393.799838,282,902.092488
-386.135566,177,902.238588
-452.386853,177,902.614743
-381.152338,207,902.787168
-384.568663,238,903.193176
-185.052057,194,903.351264
-581.964404,163,903.485603
-496.421211,159,903.7133
-10.321763,361,904.012437
-256.750385,221,904.289986
-499.707624,148,904.41412
-549.610188,212,904.683015
-128.968704,345,904.969291
-496.204834,154,905.097754
-546.547781,201,905.359734
-304.250605,252,905.568441
-426.173052,230,905.849835
-544.946697,147,905.971791
-359.915952,242,906.268997
-241.025552,242,906.468765
-332.006169,207,906.641253
137.591372,532,907.178412
-370.847822,350,907.560406
-415.848018,225,907.962915
356.804164,646,908.728398
-419.187563,227,908.916235
-356.474743,267,909.370862
-397.084975,211,909.546074
-623.646241,214,909.963557
-444.056616,277,910.195193
-299.013759,210,910.574053
-466.780893,284,910.813772
-482.862561,163,910.950587
-486.173842,196,911.316456
-413.665417,390,911.869117
-315.097956,201,912.036493
-297.421593,287,912.513099
-398.697225,228,912.706108
-587.109628,231,912.898461
-181.900929,356,913.434165
-412.927518,279,913.905625
-423.44607,195,914.068243
-371.716026,210,914.471867
-395.635777,289,914.724263
-529.000728,241,915.018566
-470.836499,230,915.210517
-411.499701,217,915.391572
-83.821144,229,915.673403
-287.549236,219,915.856378
-568.564514,233,916.143619
-693.025362,218,916.326864
-375.2836,235,916.614893
-358.699883,272,916.844403
-326.765346,193,917.095757
-381.65512,226,917.28754
-440.292386,311,917.640245
-228.241372,286,917.878827
-441.676043,231,918.16475
-135.793459,294,918.408535
-323.356525,203,918.681279
-334.095005,338,918.96499
-384.003584,310,919.426339
-455.189632,227,919.616858
-364.998046,196,919.874586
-386.733064,284,920.109057
-451.734383,218,920.384573
-257.20537,211,920.560861
-311.360401,206,920.731969
-289.268099,190,920.982879
-376.581771,210,921.158099
-528.548152,263,921.587865
-405.080647,182,921.738622
-370.481394,204,922.004045
-411.728599,226,922.194854
-392.108424,194,922.356559
-523.217931,285,922.685032
-383.859395,189,923.959304
-493.393454,206,924.223273
-554.748357,280,924.458149
-610.226728,197,924.714398
-475.111368,195,924.876785
-597.800757,201,925.045078
-342.345262,195,925.300608
-408.896572,191,925.458621
-342.005178,207,925.724066
-381.704669,273,925.951363
-346.629038,211,926.12702
-417.145472,295,926.469413
-572.572229,250,926.771629
-343.187445,205,926.944423
-364.629696,290,927.1875
-340.828673,230,927.477622
-408.729938,206,927.650395
-277.783472,236,927.939336
-397.967458,197,928.104881
-311.310384,288,928.438686
-468.109587,143,928.557942
-408.973606,236,928.754951
-476.286621,198,929.018115
-180.710029,387,929.437262
-498.323453,236,929.634554
-376.013194,278,929.960578
-313.561872,219,930.145476
-338.763359,285,930.477686
-351.182605,211,930.655491
-113.630831,282,930.981614
-370.360963,213,931.159304
-341.408827,253,931.462806
-372.991758,200,931.630126
-404.119697,305,931.885032
-525.68177,223,932.168811
-344.54278,214,932.347272
-258.043855,271,932.666994
-463.324775,188,932.822902
-496.387584,236,933.114997
-374.216715,229,933.303984
-306.071585,199,933.564085
-252.682704,213,933.740622
-421.930449,192,933.899392
-422.686381,232,934.289393
-311.143731,204,934.459326
-426.99667,198,934.715244
-235.008187,249,934.920793
-491.665022,200,935.087761
-243.036485,302,935.431
-318.840736,295,935.766762
-312.532055,199,935.930966
-352.222694,189,936.088753
-412.61777,205,936.35214
9.857792,360,936.651075
-183.984051,303,936.996459
-328.983557,234,937.282902
-319.083085,214,937.458766
55.665479,451,937.925889
-558.9355,921,938.875078
-160.22928,531,939.418251
-115.848244,399,939.751205
-209.118502,209,940.023103
-77.877279,446,940.490765
-754.090875,923,941.436028
-345.19702,249,941.641401
-255.834306,248,941.845463
-84.536569,300,942.185695
-402.490678,226,942.570377
149.310474,338,942.845667
-404.616892,192,943.097215
-80.794161,460,943.470079
-88.054876,249,943.770578
-25.924443,369,944.167979
-275.753984,227,944.357401
-516.574083,228,944.727029
-84.633917,227,944.917092
-209.827846,1000,945.925781
-130.106083,339,946.302924
-352.158793,395,946.6291
63.707901,557,947.189614
115.991972,412,947.756329
105.98205,576,948.465073
465.047994,960,949.449455
-52.479145,265,949.762806
246.892108,905,950.709671
344.791035,502,951.227595
69.790567,363,951.532352
103.886348,316,951.891453
-239.800473,166,952.029914
469.135454,796,952.880851
279.234538,579,953.458504
89.458805,320,953.725934
251.953013,451,954.20382
358.389721,499,954.714467
-505.048355,267,955.028123
327.357624,553,955.59062
224.687548,510,956.106869
165.579296,669,956.764514
-404.044588,213,957.038722
28.627899,310,957.300701
338.689916,534,957.845407
-93.597964,259,958.153863
1236.36,1000,959.186155
-203.195109,140,959.30382
163.875606,448,959.774293
-367.240733,260,959.989747
684.45807,823,960.872245
-169.907478,246,961.17025
62.688339,535,961.718828
-97.122416,222,961.912356
-144.104893,220,962.097866
-254.379004,246,962.509997
-144.919443,308,962.998313
-550.739182,277,963.232018
-546.848428,391,963.653406
-172.166871,241,963.855314
-152.85633,244,964.154906
-27.556681,772,964.896843
-113.004918,215,965.17075
-224.659026,863,965.99223
-124.944747,284,966.326845
-110.222102,364,966.726624
-50.319307,335,967.007946
168.090444,469,967.574406
-174.480905,231,967.864439
-14.908472,284,968.102767
-122.789581,219,968.382639
-482.986815,611,968.984595
-108.336279,531,969.522712
-218.531605,205,969.694662
-233.942347,327,970.059287
-134.401523,234,970.258884
-34.39515,737,971.06184
-181.806525,238,971.260184
6.727355,352,971.65269
-319.310024,376,972.060626
-55.693883,517,972.587539
-158.432593,575,973.162078
-559.351882,338,973.441399
-435.558233,290,973.775517
113.00576,618,974.389167
32.953621,531,974.925202
-117.50633,391,975.363322
-140.278692,271,975.790771
450.036375,861,980.542424
-206.217797,722,981.57798
-171.519404,669,982.254026
-28.986392,394,982.707358
-56.895119,431,983.173271
-535.113428,322,983.441823
-559.978547,367,983.841947
-476.268489,409,984.296222
85.294897,535,984.836907
-666.000578,303,985.088542
-74.428129,243,985.489071
-515.71155,682,986.152075
-617.079649,726,986.951549
-500.845899,768,987.700669
-82.264461,263,988.015108
-62.218642,349,988.314265
-503.164753,897,989.363862
18.390785,765,990.190368
379.371553,1000,991.331836
105.999718,358,991.642545
-257.514295,786,992.710242
36.292105,567,993.396383
-407.891844,603,994.099586
-97.98272,347,994.621133
5.793922,286,994.862845
-204.510247,224,995.280793
79.382865,719,996.114066
-141.320939,180,996.266593
-252.745777,185,996.516296
247.958602,700,997.196926
-244.762071,206,997.466903
-134.935043,297,997.717716
-245.701996,227,998.00629
-183.942184,236,998.204342
-177.446381,233,998.600284
-116.114549,286,998.841077
-218.744132,330,999.323534
-222.445536,225,999.513299
-289.025866,253,999.931658
-232.637616,165,1000.071927
-346.191625,262,1000.29499
-176.566101,219,1000.682341
-834.284497,432,1001.266769
-232.47639,174,1001.413603
-637.970024,604,1002.154902
-212.803735,177,1002.53115
-718.382766,265,1002.752285
-613.655052,324,1003.222162
-552.78999,405,1003.75979
-496.972887,438,1004.126658
-141.185166,230,1004.537027
-714.280058,289,1004.777088
99.701026,451,1005.320573
-97.767061,546,1006.012691
-338.50448,818,1007.163984
-186.590252,253,1007.37875
-777.173784,278,1007.837242
-810.131813,329,1008.329997
-609.936716,196,1008.490798
-893.197413,321,1008.991378
-681.916364,304,1009.243169
-72.89877,435,1009.846238
-806.777108,248,1010.252683
-979.437916,394,1010.578072
-711.352172,480,1011.183006
-859.510033,230,1011.607695
-621.067565,175,1011.751102
-686.936874,245,1012.187096
-560.321814,297,1012.43704
-663.660344,154,1012.561446
-494.189496,141,1012.91655
-703.923842,191,1013.075403
-406.249257,434,1013.634656
-606.330094,262,1013.849278
-655.02582,562,1014.720243
-647.896192,189,1014.875085
-695.459395,263,1015.093319
-751.746096,285,1015.500563
-705.313829,237,1015.695831
-493.071094,451,1016.293942
-782.239133,303,1016.775645
-855.160196,335,1017.262594
-627.676377,412,1017.60826
-788.765158,218,1018.007215
-784.464397,231,1018.199215
-678.705215,215,1018.613163
-627.355884,143,1018.729644
-656.284286,202,1018.89542
-657.503199,162,1019.252564
-831.861687,292,1019.492161
-731.023828,225,1019.900264
-572.463071,300,1020.152098
-756.798052,414,1020.725606
-765.651591,429,1021.174557
-677.293717,466,1021.761232
-615.411125,260,1021.97704
-562.999856,351,1022.465414
-133.003075,206,1022.639752
-658.909611,181,1022.999858
-569.204062,372,1023.404443
-918.674306,451,1023.778675
-492.986293,342,1024.155953
-695.829226,162,1024.287481
-708.914342,273,1024.740009
-517.223561,380,1025.154204
-720.956239,413,1025.49179
-696.125164,320,1025.944309
-631.859576,206,1026.113515
-616.928975,568,1026.784198
-632.992868,220,1026.964231
-688.496177,168,1027.098485
-767.092292,221,1027.372075
-607.307056,183,1027.519051
-839.959714,260,1027.823592
-663.570743,187,1027.976805
-805.047355,323,1028.43829
-662.310865,181,1028.587459
-337.483205,190,1028.739398
-672.920253,237,1029.026058
-579.225153,324,1029.290946
-611.75839,364,1029.68234
-763.00444,826,1030.55068
-705.817831,239,1030.743321
-642.123459,156,1030.961178
-549.471211,211,1031.134496
-159.450794,466,1031.612683
-627.786545,152,1031.735998
-742.468824,358,1032.123364
-232.945364,584,1032.711121
-257.511821,145,1032.831325
-540.630584,333,1033.200577
-769.715144,220,1033.378818
-697.91913,272,1033.692911
-729.161922,283,1033.923562
-662.393766,568,1034.672546
-529.021701,344,1034.951974
-683.061132,528,1035.482714
-704.909122,223,1035.759209
-320.125789,824,1036.528616
862.975745,1000,1039.278844
-714.928395,218,1039.644946
-200.190421,899,1040.597285
-432.620095,396,1041.021819
-561.094107,227,1041.302431
-560.627342,227,1041.49661
-427.100293,619,1042.097948
-525.9791,360,1042.489216
-741.066517,302,1042.831965
-672.288747,281,1043.061934
-654.769421,154,1043.187039
-670.009351,249,1043.482316
-702.983916,251,1043.684195
-607.742208,150,1043.898991
-544.473801,565,1044.45662
-697.392205,262,1044.669491
-615.179903,187,1044.914409
-616.951522,246,1045.115829
-645.770338,146,1045.235481
-602.180546,145,1045.444978
-353.000786,425,1045.883461
-707.543025,226,1046.065868
-421.341035,343,1046.451984
-622.588839,190,1046.608497
-698.307411,152,1046.730264
-653.993348,158,1046.951648
-649.239495,184,1047.102963
-714.847382,183,1047.254338
-583.339909,204,1047.522797
-653.763624,151,1047.646702
-606.312908,132,1047.75268
-630.065435,129,1047.949305
-579.531021,134,1048.058666
-604.144833,159,1048.187255
-635.342284,152,1048.310772
-605.976307,139,1048.515994
-494.89297,153,1048.639179
-696.326314,190,1048.793699
-742.115315,247,1049.087419
-596.516043,166,1049.222412
-519.99153,134,1049.330656
-599.498923,166,1049.5584
-617.622315,152,1049.680052
-630.279711,157,1049.806124
-684.33716,160,1050.037212
-713.035332,172,1050.181044
-658.916242,193,1050.336956
-626.588423,147,1050.54923
-604.199916,138,1050.65958
-693.061067,181,1050.805864
-618.910203,152,1051.019326
-725.996136,157,1051.144401
-646.617214,141,1051.257725
-759.739598,208,1051.52278
-702.439215,176,1051.666447
-659.685249,151,1051.787607
-670.411882,149,1052.003351
-648.171504,145,1052.119374
-583.152276,134,1052.226371
-679.477259,141,1052.341316
-658.871671,131,1052.540376
-593.074115,167,1052.673854
-701.157372,147,1052.792812
-693.605973,177,1053.031729
-693.348885,148,1053.152056
-717.690288,202,1053.31461
-639.408407,149,1053.531164
-621.828451,178,1053.677031
-659.948056,145,1053.796372
-735.933081,143,1053.910356
-688.688717,183,1054.159643
-661.895645,139,1054.269539
-702.208747,184,1054.423575
-657.052582,136,1054.626081
-569.35117,131,1054.730059
-569.381248,121,1054.826158
-677.272737,166,1055.05608
-669.304586,166,1055.190971
-672.957156,195,1055.348085
-704.545537,200,1055.610972
-628.940912,140,1055.723682
-683.384624,167,1055.859085
-714.74443,236,1056.143881
-747.401489,139,1056.254978
-462.786308,190,1056.407972
-648.452449,155,1056.628684
-564.383855,137,1056.739233
-515.990206,147,1056.857986
-609.854331,227,1057.134084
-684.950115,154,1057.257497
-559.455617,135,1057.367304
-623.958786,135,1057.474991
-551.598448,129,1057.672634
-607.669179,163,1057.80511
-565.774006,141,1057.920092
-592.760854,156,1058.141332
-676.956963,205,1058.308422
-644.827561,146,1058.428795
-673.813455,186,1058.672976
-582.025414,170,1058.809688
-553.530537,143,1058.925968
-555.956394,184,1059.1697
-545.230802,152,1059.291188
-726.143483,139,1059.402685
-604.996949,198,1059.660104
-629.534673,160,1059.789143
-476.221929,200,1059.949682
-570.746024,147,1060.167352
-559.92132,176,1060.308756
-617.98934,173,1060.4497
-536.423912,138,1060.766125
-642.967277,205,1060.931853
-689.00455,133,1061.038619
-593.834167,177,1061.409867
-674.605586,281,1061.641852
-694.213553,168,1061.776702
-300.586665,227,1062.167232
-616.90647,144,1062.283314
-582.393385,146,1062.403045
-504.532223,322,1062.894167
-150.162116,278,1063.346413
-565.670047,139,1063.460474
-545.068679,151,1063.583473
-429.648764,228,1063.998406
-613.728858,163,1064.132813
-286.350769,262,1064.348773
-237.713979,204,1064.611482
-636.331655,177,1064.757489
-655.456423,160,1064.980086
-323.713743,259,1065.19125
-762.476536,412,1065.618712
-576.113515,135,1065.726539
-545.514243,157,1065.852549
-525.219148,144,1066.059964
-627.19442,192,1066.219153
-642.296497,277,1066.53656
-665.559619,218,1066.711113
-569.317916,268,1067.020514
-419.761247,240,1067.214611
-638.499306,183,1067.363114
-664.997644,237,1067.645347
-728.154819,211,1067.814792
-624.152849,209,1068.076931
-575.187351,211,1068.251724
-654.200802,174,1068.393432
-585.569763,145,1068.654469
-683.048824,200,1068.818151
-607.215429,146,1068.938651
-601.67172,160,1069.300015
-700.743186,222,1069.481581
-582.886908,167,1069.618194
-654.91963,170,1069.957194
-651.843057,204,1070.121804
-592.688699,300,1070.577148
-536.044527,198,1070.73825
-588.632426,297,1071.204141
-660.869242,143,1071.319938
-686.212492,171,1071.459568
-686.006971,153,1071.683735
-660.567491,183,1071.834607
-585.608517,132,1071.94154
-734.407144,214,1072.207435
-604.04146,144,1072.323814
-680.226222,220,1072.502577
-638.728602,195,1072.753912
-540.726341,201,1072.915769
-714.645162,146,1073.033943
-690.644657,258,1073.337545
-727.725474,206,1073.503879
-560.262404,167,1073.732744
-405.25428,260,1073.943409
-566.929278,181,1074.294404
-681.739511,145,1074.412013
-631.794983,143,1074.526754
-683.819652,193,1074.682828
-651.868518,178,1075.06023
-586.895495,198,1075.223074
-543.929518,186,1075.573814
-627.46301,194,1075.735875
-617.848962,163,1075.869681
-681.836929,302,1076.346963
-565.905696,219,1076.526623
-647.902008,212,1076.929528
-666.347288,210,1077.102196
-593.98049,155,1077.230662
-551.613992,141,1077.549232
-552.605756,183,1077.701234
-600.777244,193,1077.859766
-734.591105,212,1078.233624
-751.129175,213,1078.410098
-697.104407,229,1078.83016
-554.588386,204,1079.00068
-542.874583,142,1079.120599
-550.958934,182,1079.485537
-686.609835,145,1079.60346
-549.354041,209,1079.774446
-546.331069,176,1080.143081
-588.101096,241,1080.343212
-794.635222,284,1080.806581
-677.943491,182,1080.95772
-668.502196,211,1081.349042
-730.600703,150,1081.470926
-628.529067,220,1081.652045
-612.517512,224,1082.063392
-477.903245,361,1082.360023
-588.217452,168,1082.728123
-537.245897,242,1082.927211
-605.962362,425,1083.374047
-139.368461,213,1083.551097
-512.632244,230,1083.833468
-110.596782,266,1084.053368
-609.430055,142,1084.262517
-601.255157,145,1084.380572
-656.454786,150,1084.50187
-629.341031,165,1084.730942
-555.987711,186,1084.883067
-542.447948,143,1084.999547
-622.740261,128,1085.196452
-655.379229,172,1085.339618
-621.371118,165,1085.473263
-605.499563,147,1085.593775
-614.987412,180,1085.834659
-551.959111,140,1085.94873
-589.380294,152,1086.073993
-586.808244,135,1086.280077
-547.240201,137,1086.392424
-533.627588,135,1086.503055
-548.469284,136,1086.614653
-561.775399,130,1086.815095
-578.682888,132,1086.923054
-565.764606,145,1087.042626
-653.487126,162,1087.267358
-525.874947,191,1087.42233
-514.511059,142,1087.539441
-531.784609,139,1087.653474
-579.463689,199,1087.925038
-628.139899,153,1088.051099
-595.108093,127,1088.154939
-532.556376,135,1088.356045
-616.844681,172,1088.497231
-624.323006,233,1088.689493
-601.416291,133,1088.888174
-596.807167,137,1088.998304
-583.795927,137,1089.109601
-578.085387,162,1089.335021
-548.206466,135,1089.447148
-541.040982,139,1089.561329
-598.559026,152,1089.684684
-505.93578,256,1089.987798
-547.858526,401,1090.412533
-648.974406,224,1090.593623
-688.038847,213,1090.966647
-637.022629,222,1091.148086
-662.530874,220,1091.328996
-677.724429,228,1091.606547
-296.774071,320,1091.870682
-463.954046,343,1092.914462
-668.188603,259,1093.325868
-531.717423,229,1093.513978
-552.640945,595,1094.093809
-580.275477,239,1094.384764
-585.602673,1000,1095.392403
-570.090627,177,1095.536449
-625.491257,218,1095.714265
-662.32929,224,1096.110511
-653.106383,173,1096.254754
-278.262817,465,1096.836673
-559.292435,180,1096.983131
-566.001981,160,1097.207806
-641.396879,150,1097.328918
-668.117401,164,1097.461933
-523.297229,165,1097.817579
-623.372946,203,1097.98194
-497.084826,198,1098.234955
-303.471602,447,1098.603314
-540.724767,336,1099.092857
-595.757655,169,1099.233474
-525.028152,232,1099.647916
-603.847153,141,1099.762344
-455.430554,303,1100.100002
-574.080738,145,1100.218599
-562.976234,148,1100.339106
-639.273336,212,1100.606489
-421.447359,303,1100.85176
-558.851454,191,1101.100498
-743.880973,248,1101.304736
-601.44473,129,1101.411951
-546.249116,163,1101.636917
-528.478385,132,1101.74316
-523.213461,170,1101.881045
-605.803693,142,1102.090077
-634.17435,217,1102.267218
-610.478078,208,1102.437545
-565.755617,141,1102.645709
-559.023481,148,1102.764692
-606.055988,143,1102.882544
-560.092773,185,1103.13212
-557.129116,226,1103.314804
-520.615736,278,1103.633746
-574.496934,290,1103.873704
-578.651128,139,1103.987379
-676.139046,193,1104.24672
-443.739095,229,1104.433649
-412.702756,233,1104.718219
-558.055666,134,1104.827694
-551.931628,198,1104.991285
-586.72523,214,1105.270147
-409.222797,285,1105.505047
-497.783639,258,1105.808493
-506.244853,295,1106.049446
-622.448305,168,1106.279146
-564.211941,166,1106.414501
-543.29684,213,1106.588987
-632.875165,220,1106.86079
-625.410856,199,1107.023068
-592.840711,200,1107.280794
-493.915186,226,1107.465292
-505.106207,215,1107.736571
-602.163533,186,1107.888634
-647.136228,232,1108.078612
-504.237165,219,1108.349162
-354.573903,258,1108.560936
-528.139054,207,1108.823387
-422.714136,288,1109.060921
-540.761501,195,1109.315423
-561.307559,223,1109.499382
-514.559529,272,1109.814922
-563.076863,143,1109.931924
-561.822484,141,1110.046772
-565.741435,210,1110.311981
-552.814216,212,1110.485704
-501.909807,278,1110.808958
-540.423197,212,1110.984427
-317.649073,336,1111.353114
-540.089452,209,1111.523636
-678.738016,185,1111.67444
-516.10612,248,1111.970452
-623.507494,217,1112.147523
-513.555542,211,1112.414008
-692.810359,204,1112.581742
-578.97276,183,1112.731523
-539.640373,206,1112.993396
-620.682343,195,1113.153116
-510.511131,207,1113.415395
-514.480843,244,1113.618135
-281.307749,311,1113.964387
-533.047041,276,1114.193121
-456.631792,312,1114.543408
-514.488613,262,1114.758707
-511.590345,194,1115.011538
-242.774316,351,1115.299033
-393.184436,295,1115.634032
-586.756811,206,1115.801419
-436.141805,293,1116.132988
-524.435938,217,1116.315779
-690.245117,282,1116.643299
-521.285708,266,1116.862805
-476.803821,185,1117.106736
-653.823027,223,1117.290572
-441.649813,206,1117.550596
-584.12745,217,1117.727221
-610.940954,296,1118.169897
-663.845203,225,1118.354291
-594.602524,215,1118.624749
-573.126613,288,1118.861469
-448.588151,216,1119.253769
-600.658014,211,1119.429522
-546.663409,259,1119.640931
-610.421027,265,1119.952603
-699.780788,275,1120.272004
-261.457699,582,1120.962636
-449.019928,216,1121.141028
-402.711571,388,1121.700674
-547.823112,272,1121.922705
-607.958415,256,1122.369531
-582.336108,411,1122.930552
-786.582235,847,1123.832812
-338.03365,461,1124.446054
-483.296787,243,1124.737921
-182.115239,475,1125.221057
-379.99968,240,1125.417268
-327.381906,584,1125.988334
-221.02726,557,1126.535579
-248.571747,313,1126.882627
-637.05522,221,1127.064956
-386.386468,279,1127.385395
-347.9204,262,1127.601683
-477.603018,213,1127.869668
-311.767108,191,1128.02493
-488.47381,210,1128.297874
-494.170328,218,1128.477584
-521.415091,209,1128.651378
-507.258003,291,1128.980967
-440.157358,976,1130.04647
-516.128405,241,1130.246184
-631.797876,202,1130.639363
-510.139067,285,1130.87307
-491.559445,824,1131.977023
20.290596,1000,1133.265419
-500.086702,254,1133.47332
-651.497982,149,1133.800764
-547.180659,289,1134.039225
-519.752999,259,1134.473408
-600.608525,159,1134.604312
-634.541204,160,1134.735782
-351.984395,489,1135.375904
-368.960624,398,1135.935019
-615.753229,246,1136.229331
-432.774493,398,1136.556151
-493.754874,375,1136.958259
-589.516639,204,1137.126386
-633.57961,211,1137.393348
-497.092814,562,1137.952422
-469.953715,468,1138.431015
-590.475897,244,1138.633354
-675.529431,232,1139.028857
-591.277623,313,1139.288196
-471.826855,595,1140.255903
-321.657817,549,1140.911927
-601.662766,269,1141.136318
-443.685323,685,1142.167917
-668.303252,197,1142.330293
-729.047048,283,1142.56414
-751.762825,304,1143.049838
-486.142085,504,1143.711194
-703.740827,404,1144.278031
-638.545368,249,1144.483858
-394.350416,734,1145.500867
-627.336846,210,1145.675294
-687.007911,234,1146.08442
-802.343332,335,1146.362932
-709.787582,296,1146.813063
-783.101531,204,1146.982728
-659.991114,425,1147.542056
-781.372194,261,1147.999599
-714.744247,203,1151.569654
-644.410717,525,1152.210966
-669.978338,179,1152.359406
-719.472058,163,1152.594357
-569.805125,588,1153.177223
-36.199142,1000,1154.442228
-515.300545,893,1155.643049
-552.768051,614,1156.353532
-730.113885,177,1156.499282
-289.302034,1000,1157.805695
-676.758183,245,1158.211905
-672.687944,407,1158.547765
-402.263573,944,1159.812276
-748.602146,157,1159.942435
-720.03882,143,1160.298682
-674.921164,133,1160.409112
-747.737328,207,1160.580341
-718.989618,146,1160.936563
-715.510205,184,1161.089186
-673.475844,137,1161.202831
-684.340134,199,1161.60383
-705.59011,141,1161.722196
-694.289141,179,1161.870862
-727.202347,252,1162.285826
-720.194109,142,1162.403472
-710.249149,142,1162.519911
-637.999872,168,1162.883573
-699.740014,158,1163.013882
-643.050812,171,1163.154186
-727.701192,143,1163.505351
-700.332477,209,1163.678518
-651.547803,174,1163.824214
-729.273088,232,1164.24422
-700.264468,143,1164.362784
-638.34143,163,1164.49736
-644.820437,214,1164.909168
-586.261976,390,1165.456298
-679.000522,149,1165.581296
-632.683724,425,1166.143306
-750.679272,154,1166.272352
-730.309852,164,1166.408722
-641.725877,356,1166.909266
-473.315006,630,1167.6571
-642.88728,184,1168.031734
-579.681046,194,1168.191034
-709.906053,165,1168.328587
-749.933399,150,1168.676779
-641.101613,248,1168.883881
-710.229113,137,1168.997694
-686.35674,217,1169.415061
-757.817934,161,1169.547268
-720.593139,244,1169.974523
-631.506154,362,1170.276276
-616.401937,262,1170.731469
-580.807228,911,1171.933256
-735.146191,172,1172.074892
-639.647495,486,1172.700162
-743.890019,179,1172.847687
-742.276639,150,1173.204546
-694.999259,387,1173.523968
-723.806032,154,1173.86014
-724.711828,166,1173.995019
-757.508847,158,1174.124674
-700.648375,172,1174.482874
-725.122945,249,1174.687497
-671.014332,395,1175.250264
-751.399907,149,1175.371959
-726.093872,172,1175.51239
-746.371448,356,1176.036054
-541.652373,805,1177.108557
-728.099154,297,1177.354402
-666.947062,177,1177.709648
-719.737693,275,1177.936773
-739.489285,218,1178.327532
-717.909391,339,1178.608085
-758.840218,324,1179.112451
-702.603405,491,1179.734231
-833.408517,381,1180.28597
-619.010127,390,1180.603714
-764.400629,365,1181.142258
-636.530641,568,1181.822543
-800.346633,222,1182.244056
-649.055181,145,1182.361675
-648.969364,132,1182.469316
-693.913228,140,1182.583432
-678.978382,142,1182.936436
-635.345264,128,1183.040746
-653.285171,129,1183.147142
-670.725359,133,1183.255704
-729.129806,150,1183.583575
-687.446989,138,1183.695647
-690.00961,152,1183.819055
-652.588785,135,1184.157286
-666.055657,133,1184.266308
-648.977372,129,1184.372251
-633.925691,124,1184.474512
-656.960079,129,1184.807116
-695.603914,146,1184.926793
-646.774716,119,1185.0246
-699.49562,135,1185.135869
-604.274735,125,1185.339884
-745.109194,168,1185.47737
-751.669856,158,1185.605818
-658.254339,182,1185.857608
-673.499416,182,1186.006208
-658.700673,139,1186.120239
-738.448802,172,1186.35311
-747.903491,180,1186.5004
-750.690012,157,1186.628777
-675.105713,184,1186.871596
-655.169616,189,1187.026618
-732.879391,176,1187.170806
-701.482771,176,1187.407692
-708.222983,255,1187.615811
-750.706615,204,1187.87844
-703.267244,183,1188.028058
-669.163598,183,1188.177588
-709.062492,172,1188.41199
-678.081893,184,1188.562503
-740.018901,262,1188.776126
-691.458555,263,1189.084471
-758.641863,309,1189.432817
-652.169229,263,1189.649411
-615.418629,430,1190.202205
-777.602434,235,1190.394681
-370.003128,1000,1191.654076
-732.888568,224,1192.075479
-798.568929,258,1192.288417
-657.244277,336,1192.768166
-751.403928,369,1193.273408
-705.377813,208,1193.445449
-741.238551,235,1193.841104
-722.488727,258,1194.054681
-814.020267,239,1194.47948
-603.792512,446,1194.850809
-670.723673,197,1195.242254
-678.524407,257,1195.45241
-746.576835,292,1195.932071
-739.997796,356,1196.423153
-725.712575,217,1196.605156
-708.501289,337,1197.118079
-712.520741,508,1197.628301
-685.433211,198,1197.789958
-658.718824,181,1197.936866
-802.246327,308,1198.284796
-705.160087,256,1198.493946
-633.580945,129,1198.692996
-654.293722,410,1199.120111
-733.876145,206,1199.291505
-658.010277,180,1199.438941
-664.305491,136,1199.643965
-813.191068,239,1199.839254
-718.816304,514,1200.353483
-771.555353,218,1200.531801
-449.514092,1000,1201.542393
-402.928672,1000,1202.659482
-717.240371,216,1202.930464
-619.473871,187,1203.082404
-677.408153,175,1203.22351
-582.454599,192,1203.473613
-751.555806,201,1203.637483
-886.192407,615,1204.236061
-611.715431,181,1204.477468
-804.57649,301,1204.72183
-759.949136,229,1205.107936
-767.107212,218,1205.287301
-761.626239,214,1205.554755
-879.805262,299,1205.797347
-766.511937,217,1206.070022
-740.350653,206,1206.238999
-761.809746,212,1206.412782
-767.671147,261,1206.71983
-687.69382,165,1206.853637
-677.389402,205,1207.114669
-690.766653,165,1207.248676
-649.832151,167,1207.382836
-804.207164,227,1207.664423
-701.315254,164,1207.796268
-715.035948,178,1207.941461
-548.010432,1000,1208.95546
-887.816782,462,1209.42675
-772.465827,212,1209.69468
-762.978535,630,1211.04557
-798.367225,278,1211.364401
-679.001747,695,1212.133385
-776.881854,440,1212.696307
-691.820607,200,1212.862001
-740.255247,207,1213.259746
-670.006958,190,1213.416096
-859.158369,247,1213.616934
-807.338512,254,1214.024061
-703.941584,203,1214.191793
-836.615113,262,1214.633539
-710.559301,197,1214.793566
-841.221343,229,1215.211569
-718.495126,187,1215.364987
-806.035546,226,1215.549852
-713.731939,207,1215.950902
-808.731219,416,1216.52208
-1010.331416,880,1217.335367
-320.002722,1000,1218.361448
-751.60815,201,1218.618421
-823.934164,266,1218.8344
-840.633738,227,1219.112365
-759.982545,570,1219.685291
-764.969387,256,1219.894473
-823.881486,225,1220.173567
-716.323096,224,1220.357412
-862.033831,912,1221.303085
-532.020594,1000,1222.414068
-753.616404,210,1222.584724
-776.405236,243,1222.983042
-844.301095,606,1223.707227
-768.057677,275,1224.126483
-756.389738,448,1224.499809
-781.302598,373,1225.033901
-811.079748,228,1225.450162
-792.871994,516,1226.101185
-745.950904,395,1226.423358
-688.005284,296,1226.89514
-744.939476,220,1227.075793
-705.091816,210,1227.343057
-699.579712,260,1227.554844
-448.571769,1000,1228.564943
-1013.782088,529,1229.093545
-732.072272,173,1229.328839
-486.509357,1000,1230.348168
-856.952284,548,1230.888437
-762.953055,203,1231.05833
-727.292554,203,1231.224278
-706.372052,154,1231.561635
-589.591798,116,1231.656424
-583.000734,115,1231.750412
-616.751468,115,1231.844137
-635.885645,135,1232.179971
-596.822716,101,1232.26249
-606.994875,121,1232.361539
-578.663107,117,1232.456552
-619.757619,125,1232.651381
-673.962356,134,1232.760731
-572.383108,117,1232.855237
-592.299694,116,1232.950238
-585.083208,119,1233.047144
-609.899995,110,1233.230212
-602.935386,120,1233.329123
-598.511817,120,1233.4258
-576.397184,118,1233.521449
-584.873699,116,1233.713149
-581.659796,113,1233.805222
-559.78714,118,1233.901026
-612.91708,125,1234.002244
-556.570012,110,1234.309767
-582.950771,96,1234.387973
-585.764033,86,1234.458175
-671.773052,126,1234.560699
-574.284405,98,1234.640002
-581.820031,110,1234.962905
-600.033982,109,1235.05571
-605.0647,110,1235.145789
-581.42438,109,1235.23472
-685.249813,128,1235.338305
-601.902009,107,1235.651161
-596.01162,91,1235.725216
-607.523207,103,1235.809308
-567.403249,96,1235.887288
-550.366338,97,1235.966074
-573.813159,94,1236.277346
-616.165125,104,1236.361888
-608.904612,98,1236.44124
-636.375891,84,1236.508985
-604.988614,101,1236.59008
-624.009687,86,1236.888713
-597.900036,113,1236.989441
-597.595434,91,1237.063097
-610.362047,108,1237.151223
-615.7537,83,1237.218309
-615.520054,98,1237.297944
-603.974313,89,1237.587403
-604.449287,102,1237.670542
-606.289163,106,1237.756655
-590.993812,109,1237.844985
-612.241276,88,1237.916578
-606.702325,91,1238.227782
-590.824314,95,1238.305465
-598.61911,96,1238.384474
-618.292144,98,1238.463729
-593.690188,111,1238.554615
-606.385435,103,1238.875992
-616.001842,115,1238.969675
-613.219948,90,1239.043065
-627.793244,102,1239.125577
-624.072774,92,1239.200938
-613.7494,92,1239.479443
-608.340262,105,1239.566501
-624.325637,106,1239.652874
-624.66138,89,1239.725016
-617.456797,102,1239.807582
-615.899308,100,1240.091449
-582.415911,103,1240.176935
-599.236172,89,1240.250865
-575.271882,93,1240.327063
-572.030639,99,1240.408109
-602.804467,86,1240.478383
-625.624542,86,1240.759497
-583.957086,117,1240.855093
-627.184269,87,1240.925929
-593.196602,91,1241.002227
-598.668426,115,1241.095254
-608.606889,96,1241.410474
-572.467557,104,1241.495349
-600.571805,95,1241.572904
-608.177764,118,1241.668734
-572.86989,113,1241.760744
-559.609112,102,1242.079921
-572.678492,100,1242.16188
-563.716278,109,1242.251481
-576.56498,100,1242.33387
-601.976006,92,1242.409179
-616.344982,87,1242.717345
-572.9585,105,1242.80297
-580.940208,114,1242.895507
-604.457207,91,1242.969245
-590.731727,89,1243.042085
-569.224356,114,1243.371267
-581.804641,112,1243.461468
-573.356163,107,1243.549228
-579.932133,117,1243.644079
-585.081628,112,1243.735388
-588.672106,106,1244.05875
-587.597182,103,1244.143513
-611.499404,100,1244.22554
-614.269237,123,1244.32656
-599.795954,124,1244.649583
-676.628602,128,1244.75382
-542.279185,104,1244.837385
-576.684098,109,1244.924884
-683.511128,128,1245.028552
-565.999427,97,1245.317267
-565.245655,101,1245.399459
-574.667928,100,1245.479855
-583.842952,107,1245.566594
-553.617145,116,1245.753817
-539.562638,104,1245.838413
-568.266488,92,1245.912625
-552.540768,126,1246.013719
-572.290893,101,1246.09501
-574.972915,121,1246.287849
-574.896838,120,1246.386701
-572.26448,123,1246.486585
-553.168901,95,1246.562869
-579.866188,122,1246.661705
-584.499494,130,1246.85985
-565.73082,118,1246.954674
-568.882316,122,1247.053417
-607.524031,139,1247.165615
-628.247819,117,1247.354114
-642.510357,125,1247.454855
-561.155918,114,1247.546346
-630.770495,130,1247.651097
-537.273214,119,1247.843174
-665.341609,142,1247.957031
-716.197997,145,1248.074215
-581.214408,123,1248.174247
-593.192681,128,1248.477832
-620.201818,118,1248.573335
-608.913945,128,1248.677906
-662.420036,136,1248.788255
-629.649198,123,1249.126111
-720.892153,156,1249.251995
-656.043886,136,1249.361948
-558.247818,97,1249.440205
-600.095042,120,1249.765803
-653.414982,129,1249.870432
-670.241479,139,1249.981989
-632.019241,131,1250.087395
-634.323847,149,1250.445626
-542.32778,100,1250.525914
-683.634363,134,1250.633206
-706.238498,144,1250.748737
-677.729373,138,1250.960973
-669.873311,201,1251.123753
-683.999168,140,1251.236625
-661.776962,136,1251.43802
-575.703582,116,1251.531777
-619.786044,122,1251.630144
-718.86831,134,1251.738018
-667.696263,151,1251.951198
-625.776518,161,1252.080565
-650.683778,133,1252.18798
-665.654899,145,1252.396911
-688.928001,143,1252.511961
-707.170036,156,1252.636523
-619.292063,133,1252.743364
-610.369709,138,1252.946627
-625.882611,164,1253.078516
-689.99902,139,1253.189686
-675.77733,136,1253.390901
-683.400312,158,1253.518552
-661.148944,143,1253.633816
-668.349834,153,1253.756936
-621.653952,134,1253.957717
-639.754799,133,1254.065295
-670.881589,146,1254.183634
-701.080808,150,1254.396595
-690.181928,142,1254.511167
-676.476673,157,1254.637056
-665.585081,155,1254.760894
-650.472952,144,1254.969226
-632.856298,148,1255.086959
-614.099875,137,1255.1976
-707.639618,144,1255.406697
-693.816875,148,1255.525283
-699.681635,149,1255.644231
-671.919738,141,1255.756969
-630.390378,144,1255.966012
-693.920774,151,1256.086205
-623.151831,131,1256.191245
-636.068487,154,1256.407451
-671.055836,145,1256.52526
-503.660546,180,1256.669934
-629.246326,141,1256.782801
-617.319445,173,1257.014788
-658.266652,129,1257.119304
-646.158361,152,1257.240565
-671.968614,160,1257.462304
-660.708596,172,1257.601054
-673.432485,136,1257.710033
-534.947093,175,1257.944748
-676.058056,154,1258.068385
-640.665953,136,1258.178183
-571.509076,120,1258.274528
-652.240376,172,1258.544361
-617.747001,131,1258.649551
-711.216739,151,1258.77097
-689.431437,140,1259.109772
-563.924959,190,1259.26406
-632.514842,172,1259.402505
-643.799523,149,1259.615489
-535.901885,157,1259.743048
-740.767504,155,1259.866018
-570.386337,170,1260.001892
-689.990799,147,1260.213278
-700.215855,170,1260.350498
-575.485751,195,1260.506905
-691.718683,148,1260.850283
-686.086698,157,1260.977422
-606.914274,179,1261.122014
-827.901907,298,1261.590034
-698.510377,160,1261.716624
-715.070969,151,1261.929403
-625.094529,245,1262.125044
-602.838701,172,1262.262327
-668.548039,137,1262.466871
-608.907964,149,1262.586264
-661.045501,141,1262.698755
-673.008394,150,1262.911092
-629.994056,137,1263.021299
-656.657858,185,1263.168131
-681.519725,173,1263.397284
-635.052303,171,1263.534414
-673.535355,144,1263.650187
-761.360038,213,1263.913076
-668.623497,181,1264.058342
-637.349735,135,1264.16892
-712.14936,141,1264.283666
-637.054841,167,1264.585082
-643.375064,150,1264.704659
-651.869505,168,1264.838984
-567.005592,155,1265.05611
-690.438204,145,1265.172406
-677.824908,148,1265.290031
-649.801507,160,1265.615048
-741.195863,146,1265.73094
-649.353408,200,1265.891321
-611.018515,135,1266.090953
-642.822835,135,1266.201027
-607.574814,169,1266.961656
-654.675723,153,1267.084151
-698.576147,147,1267.29481
-609.628825,149,1267.414325
-672.657893,147,1267.532438
-659.540616,268,1267.840183
-618.191074,153,1267.962626
-704.721296,299,1268.296733
-700.785426,229,1268.481289
-737.275979,208,1268.845987
-827.603118,387,1269.158926
-575.178872,193,1269.408302
-635.591122,188,1269.559789
-738.122932,225,1269.74043
-719.841589,365,1270.231794
-693.641097,327,1270.696666
-743.696289,353,1271.175325
-604.410107,143,1271.296289
-693.613502,267,1271.510478
-612.345514,159,1271.847844
-576.906259,166,1271.982154
-626.619107,165,1272.114502
-600.022649,165,1272.465163
-737.818964,218,1272.643553
-809.234863,222,1272.823142
-684.819318,173,1273.181756
-722.659095,255,1273.3891
-690.765371,218,1273.79015
-660.07789,233,1273.979162
-668.895256,225,1274.386392
-757.584176,226,1274.56877
-669.0419,168,1274.703751
-602.343893,181,1275.075238
-689.806829,212,1275.246865
-757.566443,203,1275.613173
-746.688522,221,1275.793186
-845.861569,293,1276.26366
-691.969293,149,1276.387363
-693.680758,178,1276.530962
-792.557837,375,1277.068186
-821.785567,292,1277.302336
-745.988698,209,1277.707154
-696.165529,142,1277.821989
-698.604169,164,1277.953381
-575.958092,175,1278.337188
-639.641038,145,1278.455245
-696.40724,137,1278.566103
-564.897687,169,1278.911065
-717.57848,168,1279.045863
-605.70944,169,1279.183353
-737.520164,224,1279.573024
-719.706647,230,1279.757573
-682.037899,161,1280.112471
-656.35023,183,1280.262165
-666.428465,200,1280.423399
-615.757696,160,1280.754622
-800.572633,337,1281.028185
-841.55552,312,1281.520539
-895.142253,410,1282.055462
-890.461459,364,1282.352664
-659.75893,192,1282.750142
-629.275359,189,1282.902352
-768.894972,235,1283.300524
-715.433305,170,1283.437932
-891.208278,318,1283.936258
-682.49509,240,1284.132005
-741.639342,248,1284.536943
-882.029853,533,1285.193375
-854.243413,308,1285.441402
-988.425799,533,1286.077048
-702.023318,176,1286.420247
-973.089876,731,1287.24133
-686.086915,227,1287.426753
-782.787012,482,1288.017555
-1170.025998,931,1289.200952
-555.436539,1000,1290.394204
-676.053032,264,1290.837477
-631.708259,234,1291.030007
-261.893448,1000,1292.249484
-700.121078,601,1292.941634
-654.07503,512,1293.597532
-766.086649,440,1294.156614
-613.613446,251,1294.589034
-855.753767,768,1295.448984
-714.953526,224,1295.856532
-711.217772,316,1296.124697
-502.412015,269,1296.572848
-712.632897,704,1297.373646
-626.848093,204,1297.539859
-732.231014,472,1298.152725
-531.691611,320,1298.644481
-754.079685,719,1299.332227
-656.81497,806,1300.176305
-696.783168,222,1300.357399
-769.057327,404,1300.777591
-622.03614,256,1301.08302
-636.756534,270,1301.3043
-530.482046,255,1301.606147
-594.242814,403,1301.935104
-556.165073,191,1302.184216
-710.031625,214,1302.357582
-678.744603,447,1302.815699
-550.896101,258,1303.119535
-527.564198,253,1303.327499
-648.72996,241,1303.616484
-619.345782,249,1303.818241
-652.448584,227,1304.098119
-489.634653,800,1304.847134
-563.233453,226,1305.123567
-398.90262,1000,1306.248017
-615.623749,237,1306.444563
-687.949594,349,1306.820235
-557.564337,556,1307.368693
-906.626889,747,1308.174822
-688.748626,205,1308.435522
-586.034523,268,1308.652253
-642.0419,549,1309.191909
-795.374151,757,1309.992741
-622.488087,566,1310.542989
-902.416356,915,1311.478122
-715.390321,230,1311.664454
-703.383065,561,1312.212837
-766.014271,213,1312.603602
-785.279077,834,1313.373547
-709.795635,771,1314.189306
-655.529677,577,1314.760139
-723.784882,201,1314.923932
-844.817742,898,1315.842729
-691.60328,408,1316.265736
-632.846595,228,1316.452019
-671.132903,299,1316.784438
-720.848061,287,1317.016177
-669.215278,265,1317.457665
-525.35532,187,1317.609772
-682.742113,454,1318.20617
-501.363795,875,1319.111458
-738.248815,692,1319.786165
-247.250631,1000,1320.794869
-533.427377,884,1321.813865
-649.612568,582,1322.518282
-594.44547,719,1323.333082
-585.900612,251,1325.850962
-775.236256,299,1326.093166
-611.758081,883,1327.282136
4.398172,1000,1328.572165
-509.215983,380,1329.12048
-662.727642,240,1329.315851
-685.390319,418,1329.859563
-647.779834,240,1330.283845
-535.385444,269,1330.503067
-502.017511,227,1330.886868
-535.527442,257,1331.096478
-244.74127,1000,1332.336687
-562.418456,238,1332.754845
-632.309675,226,1332.941952
-613.929062,227,1333.126828
-621.476383,667,1334.120289
-525.728253,252,1334.32556
151.451,1000,1335.50436
-439.567595,797,1336.556894
-612.656244,522,1337.203812
-459.735398,712,1338.022876
-683.480366,280,1338.440567
-635.286222,338,1338.715563
-612.934054,258,1339.152061
-529.113142,993,1340.425758
-584.754466,412,1340.984927
-823.658087,300,1341.228831
-617.800897,642,1341.976609
-96.961659,1000,1343.26339
-586.135459,576,1343.93365
159.378017,1000,1345.186058
40.455433,1000,1346.412034
-549.868519,269,1346.840386
116.687271,1000,1348.094415
-272.953799,178,1348.236118
-125.15361,1000,1349.500755
310.2027,1000,1350.755624
-139.291051,1000,1351.754181
-693.617383,374,1352.150069
-631.159351,218,1352.325634
-583.639471,274,1352.756694
-557.198665,254,1352.962206
-611.503318,259,1353.416312
-690.085462,230,1353.603487
-545.533093,640,1354.366747
-599.663443,274,1354.818395
-610.269933,245,1355.01789
-163.69792,1000,1356.191024
-681.570754,920,1357.388917
-61.230509,1000,1358.633915
-162.417386,1000,1359.924222
-773.355425,999,1361.207458
-552.969415,256,1361.62264
-414.81086,248,1361.824818
-821.922955,905,1363.007202
-567.741844,267,1363.226117
-689.125034,460,1363.696473
-657.929368,597,1364.279729
-747.715384,308,1364.623336
-640.201736,285,1364.94684
180.33744,1000,1365.953504
-168.660345,1000,1366.863606
-535.124735,420,1367.299464
-486.128749,814,1368.395307
-363.914133,1000,1369.663119
-86.70366,1000,1370.945386
-137.42629,1000,1372.211088
-33.148554,1000,1373.477996
-554.236259,329,1373.746544
-720.596337,446,1374.314752
-37.662762,1000,1375.545766
-568.973358,906,1376.472636
-128.707662,1000,1377.476033
-672.861745,379,1377.874661
-236.152607,176,1378.019047
-494.884782,221,1378.198401
-537.026787,397,1378.615715
-486.976215,895,1379.535109
-532.850846,617,1380.12874
-461.974476,538,1380.662664
-672.223976,311,1381.008783
-384.970036,735,1381.70233
-751.007295,438,1382.153875
-609.091972,274,1382.469434
-546.885424,290,1382.705593
-663.638455,764,1383.515479
-369.915332,990,1385.211023
-456.167212,463,1385.682217
-464.815099,614,1386.280693
210.293986,1000,1387.295559
-268.597344,190,1387.45136
127.917986,1000,1388.455355
68.952316,1000,1389.475642
-706.833861,910,1390.630097
-497.999327,436,1391.213377
76.719501,1000,1392.452796
-385.704009,446,1392.8135
-504.403589,288,1393.149743
90.832156,1000,1394.158123
-606.082579,448,1394.614494
-809.938829,769,1395.331434
-642.485533,904,1396.252386
-307.915275,1000,1397.257736
416.780119,1000,1398.26482
51.193152,1000,1399.27633
-255.577967,146,1399.395164
-200.898778,740,1400.188103
-219.192984,189,1400.341635
-146.304302,513,1400.85521
-255.984415,219,1401.033646
283.190074,1000,1402.045343
148.115851,1000,1403.055465
256.098202,1000,1404.063522
187.37303,1000,1405.073789
-268.278161,647,1405.790949
-331.23903,869,1406.601867
-278.419218,255,1406.902877
-205.840019,943,1408.103012
-419.065858,912,1409.074958
165.792444,1000,1410.310344
-406.635945,359,1410.8414
-356.888664,306,1411.298528
-352.854215,419,1411.642015
-171.247901,337,1412.123411
-250.610275,203,1412.288293
-280.667341,338,1412.767745
-304.055873,281,1413.200214
-273.954298,150,1413.324039
-415.137849,720,1414.118905
-205.630653,186,1414.483106
-201.628608,833,1415.391067
-159.970783,148,1415.728869
-365.515677,224,1415.912292
-172.226499,198,1416.074475
-396.263525,1000,1417.364891
131.128053,1000,1418.639792
-211.084786,420,1419.189876
-245.551115,155,1419.543887
-201.748853,268,1419.776369
-506.520275,399,1420.344018
-458.952507,1000,1421.502042
-136.943241,411,1421.926983
-265.184013,219,1422.10506
-273.395969,163,1422.2379
318.600453,1000,1423.248249
-201.4596,333,1423.613615
-234.188853,143,1423.730026
-318.580242,165,1423.956867
-255.854996,145,1424.074715
-275.463071,142,1424.192285
-408.059525,461,1424.662301
-708.041477,978,1425.650592
-286.860648,165,1425.784349
-172.460624,147,1425.994928
-279.01935,163,1426.128872
-251.474548,202,1426.294492
-237.880233,142,1426.40986
-267.826246,148,1426.623979
-194.903501,140,1426.736817
-262.435528,112,1426.828553
-277.093179,158,1427.04957
-251.244771,174,1427.191725
-167.36171,155,1427.317906
-219.201033,189,1427.566643
-202.668454,140,1427.681169
-185.984807,151,1427.803087
-220.234719,117,1427.898762
-204.714431,155,1428.117455
-219.263061,146,1428.236171
-273.636808,105,1428.32535
-174.787682,139,1428.438641
-223.312096,121,1428.633698
-231.337805,149,1428.754926
-246.868341,150,1428.877294
-255.130964,148,1429.090198
-196.134521,128,1429.195731
-260.045142,146,1429.315637
-256.63169,117,1429.411458
-191.807024,145,1429.62304
-266.584325,188,1429.776173
-221.021064,137,1429.887688
-236.419668,142,1430.213013
-180.157296,145,1430.334001
-141.078422,137,1430.446605
-213.900331,139,1430.559928
-156.813326,204,1430.963762
-269.502971,173,1431.104683
-169.289303,139,1431.217417
-308.262592,157,1431.559486
-212.382583,197,1431.722163
-218.788171,173,1431.863801
-234.423107,152,1432.223804
-198.487371,186,1432.376592
-225.071701,217,1432.552309
-284.982484,148,1432.905785
-275.033624,165,1433.040416
-128.07607,190,1433.196893
-242.821613,283,1433.651955
-274.36669,171,1433.791345
-183.820288,125,1434.096085
-183.496738,136,1434.208843
-211.540069,136,1434.319427
-203.095829,142,1434.435385
-252.97038,157,1434.800519
-212.939977,133,1434.908369
-188.587173,186,1435.060558
-170.376586,136,1435.382073
-187.843491,268,1435.602389
-92.267023,504,1436.247437
-191.725157,133,1436.354251
-172.301426,131,1436.553788
-213.852097,147,1436.67335
-196.678731,141,1436.787798
-182.089241,136,1436.897796
-220.276714,211,1437.29617
-338.478609,158,1437.425133
-245.633745,153,1437.55013
-247.744857,161,1437.90075
-182.462858,141,1438.015173
-221.457469,170,1438.153512
-191.232569,128,1438.460773
-217.85185,211,1438.634476
-206.180489,130,1438.739571
-163.297554,323,1439.216281
-215.55905,140,1439.330512
-197.138971,129,1439.436544
-212.225899,143,1439.780209
-211.006208,148,1439.899853
-317.277434,164,1440.033927
-237.887962,173,1440.402221
-207.853738,298,1443.411611
-166.88207,375,1443.930924
-284.941642,243,1444.130897
-202.94845,220,1444.52345
-387.81191,239,1444.71622
-284.611958,172,1445.092282
-194.757424,547,1445.743576
-48.588819,364,1446.039073
-109.537984,501,1446.656813
-274.763494,241,1447.091443
-270.287892,165,1447.224396
-158.593449,215,1447.492777
-139.893003,263,1447.704969
-60.919511,752,1448.505535
-155.578812,178,1448.649308
-130.752884,260,1448.954009
-247.628686,147,1449.073792
-207.049585,134,1449.183113
-245.158101,151,1449.30561
-568.248899,329,1449.666115
-233.130624,152,1449.789083
-288.404096,172,1450.070363
-213.260689,165,1450.205461
-191.011594,148,1450.325826
-179.365109,140,1450.533238
-227.801922,148,1450.653753
-314.946691,162,1450.785194
-207.743181,175,1450.926506
-187.56998,182,1451.168044
-233.548887,164,1451.29998
-248.403452,234,1451.583361
-117.266242,215,1451.757936
-171.838814,320,1452.109779
-181.755331,192,1452.27154
-144.117576,191,1452.426498
-232.495026,151,1452.750683
-190.373609,142,1452.866261
-131.278301,375,1453.272613
-116.054774,265,1453.489883
-210.628001,147,1453.609689
-76.83851,377,1454.010999
-165.087973,140,1454.218624
-53.069047,294,1454.457911
-116.348158,195,1454.616393
-181.839081,133,1454.818628
-137.095411,138,1454.931522
-132.382203,130,1455.03811
-233.440743,160,1455.261685
-243.68068,154,1455.387222
-129.695936,141,1455.501384
-168.659736,140,1455.614553
-222.221341,194,1455.866198
49.96396,417,1456.298038
-40.619183,597,1456.878771
-194.877142,164,1457.010307
-142.01835,317,1457.364456
-194.291891,199,1457.527165
-36.78972,267,1457.94551
-169.221569,186,1458.097527
-199.774809,159,1458.225989
-229.243829,166,1458.453201
-214.489141,260,1458.667087
-146.067228,144,1458.782651
-234.654584,163,1459.007593
-251.121679,215,1459.183922
-127.897758,282,1459.507517
103.31833,910,1460.340415
-304.51969,230,1460.620522
-216.794617,161,1460.75003
-462.612353,274,1461.066054
-147.817501,167,1461.204167
-501.453217,553,1461.748552
-196.001556,126,1461.851428
-168.228403,194,1462.102832
-202.76409,158,1462.229441
-210.006774,144,1462.346323
-301.817958,334,1462.710445
-197.89094,173,1462.85059
-179.230685,213,1463.116254
-182.458102,286,1463.350451
-363.542124,662,1464.086542
-16.145201,550,1464.631372
-294.824422,171,1464.77068
-203.549853,147,1464.888982
-139.623226,185,1465.134316
35.701827,857,1466.038327
-246.287934,214,1466.442049
-123.442254,188,1466.595426
-218.547354,172,1466.734497
-247.20341,189,1466.98752
-226.765905,613,1467.582605
-225.563309,210,1467.755121
25.205298,438,1468.205258
-186.656089,188,1468.451095
-40.494287,506,1469.066168
-72.6213,218,1469.244954
-266.563933,484,1469.845868
-239.284438,205,1470.014035
-218.826632,140,1470.33551
-92.098158,358,1470.626789
-182.11847,168,1470.981133
-290.696683,162,1471.113394
-351.87879,245,1471.518871
-125.989905,198,1471.680081
-223.151715,155,1471.805134
-281.003459,165,1472.150253
-180.063394,185,1472.301902
-131.555247,192,1472.458865
-169.893757,137,1472.804023
-230.109117,166,1472.942515
-54.657416,488,1473.581072
-291.6728,233,1473.77196
-112.675355,255,1474.187566
-206.644478,140,1474.301337
-29.622885,316,1474.789162
-127.761979,198,1474.949987
-94.21451,444,1475.499834
-179.487924,439,1476.085139
-501.106298,366,1476.609653
-144.961242,254,1476.826228
-302.436789,243,1477.024398
-172.049413,202,1477.395059
-96.704383,435,1477.985132
-201.877575,176,1478.128575
-297.423592,274,1478.584114
-228.586609,164,1478.717521
-222.70407,154,1478.841807
-6.99183,362,1479.369517
-194.840013,377,1479.915361
-193.177583,145,1480.034036
-225.360265,138,1480.146881
-131.271296,433,1480.733845
-163.23847,265,1481.185374
-186.990426,188,1481.341285
-214.165576,213,1481.516536
-38.369681,366,1482.052153
-239.353292,175,1482.195703
-232.688781,141,1482.534313
-178.673376,181,1482.682845
-163.461597,136,1482.794419
-191.632348,140,1483.112328
-236.166142,179,1483.258507
-190.133886,169,1483.394871
-214.959455,260,1483.829261
-189.822119,137,1483.9403
-190.799357,202,1484.10438
-96.466194,291,1484.537495
-218.964852,139,1484.651094
-184.295429,200,1485.017066
-420.921983,261,1485.231916
-179.739103,202,1485.625227
-214.784841,151,1485.747689
-259.210205,160,1485.877671
-178.899356,134,1485.987049
-191.563549,212,1486.361672
-129.262445,344,1486.875916
-282.740857,255,1487.090094
-86.108587,431,1487.65313
-136.313793,293,1487.890436
-273.53912,174,1488.23774
-143.600421,188,1488.390247
-63.492393,340,1488.881582
-166.879906,216,1489.056561
-297.391606,705,1490.078085
-261.800338,247,1490.280406
-287.388148,147,1490.399414
-640.910509,192,1490.758504
-298.366123,172,1490.899163
-472.13989,294,1491.373066
-69.228363,181,1491.520049
-52.755622,700,1492.325858
41.858703,587,1493.258323
-163.222749,208,1493.429301
-215.092516,186,1493.580062
-343.011525,375,1494.090487
-130.218048,345,1494.576414
-183.068146,137,1494.686824
-178.680142,419,1495.120831
-263.983997,278,1495.349183
-206.204787,213,1495.724689
-58.86628,205,1495.892622
-179.192717,137,1496.005356
-226.697017,147,1496.331299
-234.392925,136,1496.441938
-192.751499,147,1496.559513
-186.529804,176,1496.9284
-214.778535,626,1497.595383
-290.925368,161,1497.725571
-232.097192,146,1497.843739
-180.185264,138,1498.181407
-288.498898,395,1498.503339
-256.404827,294,1498.940683
-313.249306,216,1499.115339
-102.469172,342,1499.604554
-124.355616,291,1500.048183
-69.140246,265,1500.264823
-96.52919,199,1501.181421
-243.341025,160,1501.312811
-241.842253,307,1501.760314
-125.10936,406,1502.091703
130.929264,501,1502.728217
-390.609629,368,1503.256063
-182.94199,145,1503.372796
-513.646447,222,1503.782378
-149.239705,195,1503.941873
-161.144245,273,1504.390356
-274.880652,301,1504.634305
-234.648467,526,1505.294255
-363.480051,556,1505.973397
-161.305053,283,1506.440242
-190.741983,186,1506.59613
-540.246738,296,1507.068075
-154.742356,413,1507.660745
-150.596975,253,1507.867425
-146.821826,291,1508.314668
59.130796,491,1508.951936
-484.762566,288,1509.224421
-73.225993,203,1509.619637
-603.396132,308,1509.876091
-415.382838,237,1510.231549
-388.104805,346,1510.522383
-454.805858,581,1511.409765
-179.428725,393,1511.923024
-196.528072,137,1512.40102
-274.427289,163,1512.606151
-236.596805,168,1512.826305
-184.616431,281,1513.436221
-249.655146,161,1513.649948
-474.812723,232,1514.259722
-238.752514,151,1514.467118
-725.802991,363,1515.175065
-518.15566,346,1515.644853
-264.111918,402,1516.331391
-320.81407,156,1516.548049
-260.848871,273,1517.071905
-213.983455,161,1517.285182
-253.410695,404,1517.969426
-171.324101,433,1518.714864
-202.62505,256,1519.05908
-115.238458,342,1519.697499
-263.474389,168,1519.924053
-505.547206,236,1520.40168
86.184362,570,1521.406854
-171.85212,178,1521.652062
-247.47499,229,1522.104016
-159.922392,175,1522.348656
-189.084772,158,1522.561599
-429.906909,315,1523.166364
-158.909988,134,1523.361012
-217.340113,120,1523.531193
-205.514781,179,1523.823339
-112.082497,194,1524.02144
-105.196726,336,1524.462159
-299.062585,169,1524.627878
17.639085,592,1525.297487
-315.172514,158,1525.543945
-233.572968,143,1525.673623
-113.297052,192,1525.843834
-440.295077,301,1526.353268
-147.984676,182,1526.503822
-231.811408,142,1526.632491
-205.427508,354,1527.037332
-235.893359,140,1527.153799
-170.612712,134,1527.357156
-141.437329,343,1527.637585
-275.957106,161,1527.862975
-176.696411,139,1527.976089
-167.444603,135,1528.085499
-234.552507,256,1528.388635
-192.176007,134,1528.498
-201.408737,232,1528.687751
-209.047231,146,1528.901386
-212.959638,147,1529.021013
-200.615241,193,1529.17869
-179.504883,173,1529.413908
-119.165234,189,1529.5675
-183.885389,174,1529.709645
-181.799285,138,1529.919801
-212.990834,178,1530.065321
-292.326294,156,1530.193496
-242.773407,159,1530.415502
-143.304541,130,1530.52143
-192.901289,181,1530.669608
-235.40047,170,1530.905671
-199.371199,142,1531.022572
-161.943026,129,1531.127499
-208.888283,133,1531.235811
-155.623055,147,1531.451393
-231.003262,171,1531.590929
-190.95305,155,1531.716092
-180.177934,134,1531.923189
-245.133951,171,1532.061153
-148.308734,137,1532.172614
-227.460018,162,1532.303682
-226.539173,148,1532.518166
-192.944569,141,1532.632415
-207.961129,151,1532.75524
-113.524581,193,1533.008297
-96.381166,351,1533.29793
-107.317472,180,1533.540658
-145.391663,247,1533.741579
-145.813935,178,1533.982106
-44.079711,188,1534.138074
-190.872512,144,1534.255983
-162.916558,197,1534.511642
-114.480024,210,1534.683749
-114.642309,225,1534.866705
-181.707538,152,1535.087216
-198.097706,168,1535.224362
-139.407176,194,1535.381948
-278.965835,157,1535.603982
-187.276159,567,1536.265592
-95.152296,431,1536.715111
-96.953466,261,1536.929379
-105.503341,364,1537.320425
-141.020546,276,1537.55005
-163.543337,137,1537.75635
-176.818358,136,1537.866724
-229.450252,158,1537.994268
-209.923093,142,1538.202823
-208.114459,146,1538.321344
-193.183268,134,1538.429993
-208.543223,148,1538.552023
-174.490248,200,1538.809575
-508.498208,365,1539.202984
-223.434494,220,1539.380561
-180.287766,174,1539.520951
-125.609227,263,1539.829119
-181.239835,129,1539.933882
-86.033815,318,1540.290931
-220.9993,141,1540.407075
-200.648055,140,1540.519974
-140.83266,173,1540.753574
-39.201459,390,1541.070001
-187.258152,134,1541.275811
-267.386199,172,1541.415235
-138.979599,173,1541.55455
-119.944615,185,1541.799611
-210.398233,209,1541.968005
-144.20982,197,1542.127493
-277.236958,154,1542.346601
-152.515426,198,1542.506826
-238.540718,214,1542.77467
-182.828203,144,1542.890055
-238.345425,157,1543.017047
-264.478988,150,1543.138571
-137.295378,187,1543.386421
-281.684957,303,1543.634713
-117.479702,314,1543.981666
-202.969816,138,1544.093429
-228.089225,160,1544.32027
-244.152435,157,1544.447298
-207.705145,143,1544.563256
-187.228585,139,1544.675556
-334.257797,237,1544.963381
-183.712023,180,1545.109218
-202.057304,184,1545.354062
-211.830793,193,1545.510081
27.023787,658,1546.141974
-249.162572,352,1546.552841
-205.596732,131,1546.658517
-163.397039,203,1547.050322
-209.447203,140,1547.164166
-196.961232,175,1547.304071
-230.522762,142,1547.419588
-134.057577,178,1547.773606
-297.554661,166,1547.906581
-265.540905,161,1548.03669
-222.373966,335,1548.537798
-192.158779,214,1548.916588
-235.12931,229,1549.101442
-243.620775,143,1549.217203
-243.18695,287,1549.666722
-59.428566,202,1549.831539
-103.873236,180,1550.204618
-254.677323,138,1550.316123
-195.346381,173,1550.455583
-218.755817,138,1550.56604
-77.610787,198,1550.954792
-392.794849,297,1551.19821
-203.602929,177,1551.569777
-136.121008,196,1551.729468
-208.517935,190,1552.108741
-223.185611,144,1552.228184
-106.373184,197,1552.389532
-185.165304,218,1552.773237
-159.734986,188,1552.927045
-203.346166,209,1553.096191
-118.840881,196,1553.457242
-166.402122,201,1553.620662
-348.898688,613,1554.344536
-592.937575,257,1554.76233
-426.563622,267,1554.978794
-235.660934,148,1555.303936
-41.049465,281,1555.533325
-396.407725,446,1556.124269
-183.392201,285,1556.584534
-140.316805,194,1556.741451
-386.727093,266,1557.160624
-722.593382,694,1557.96883
148.723442,772,1558.827842
-220.562375,190,1559.193241
-535.637937,292,1559.43282
-230.93123,177,1559.785578
-516.146558,348,1560.069912
-138.068761,358,1560.583895
-262.246807,364,1561.109804
-487.314024,278,1561.338486
-214.618798,258,1561.750754
-179.36771,203,1562.589288
-183.926292,175,1562.964569
-177.462847,199,1563.126999
-600.107347,206,1563.296495
107.238246,953,1564.515264
-237.837726,144,1564.827756
0.033368,332,1565.104995
-390.334517,362,1565.611673
-32.570597,308,1565.863501
-157.636534,194,1566.25754
-207.702496,141,1566.371884
-200.369992,133,1566.479496
-138.63629,204,1566.885257
-292.640863,248,1567.085985
-183.123344,231,1567.48443
-155.146301,352,1567.771155
-223.391725,166,1568.106563
-124.927386,194,1568.264909
-188.54712,426,1568.841347
-59.114287,280,1569.068319
-279.179743,424,1569.650468
-736.688559,222,1570.056549
-402.858468,347,1570.345411
-686.983181,204,1570.752731
-453.183241,257,1570.963084
7.09436,372,1571.358393
-531.343096,281,1571.68257
-392.711567,468,1572.157858
-126.505793,187,1572.310155
-355.958261,479,1572.792585
-79.974192,433,1573.238456
-596.040476,193,1573.406665
-86.589245,906,1574.54911
-482.04679,385,1575.095185
-493.218668,384,1575.412739
-206.855207,293,1575.861389
-576.658784,201,1576.02471
-585.75852,315,1576.484706
-555.125681,287,1576.717683
-191.220956,375,1577.258513
-469.064487,285,1577.695854
-162.78745,509,1578.315641
-659.410046,184,1578.465312
-445.210349,203,1578.629441
-351.463676,314,1579.117352
-244.83099,166,1579.252776
-189.136084,181,1579.635319
45.231256,995,1580.896426
-252.24366,167,1581.038027
-189.042195,406,1581.573227
-466.625275,231,1581.762419
-141.19879,194,1582.144734
-217.774361,148,1582.264166
-238.898356,169,1582.40166
-214.641643,340,1582.773911
-81.260342,271,1582.992603
-130.306082,218,1583.2642
-332.888917,262,1583.477394
-411.513237,255,1583.78067
-150.292245,197,1583.940201
-163.088506,280,1584.261659
58.659497,538,1584.791024
-133.173801,195,1584.947747
-128.693365,217,1585.220026
-171.245863,169,1585.356877
-148.252358,188,1585.508078
-186.385518,174,1585.743074
-208.381029,550,1586.283491
-154.745309,209,1586.453126
-164.558887,338,1586.820938
-272.160255,161,1586.950092
-115.67493,404,1587.372783
-407.140059,239,1587.566938
-302.743835,271,1587.883575
-372.562762,219,1588.061193
-102.701034,197,1588.315762
-176.491302,592,1588.893931
-407.692807,306,1589.241615
-404.54907,264,1589.455895
-400.186647,320,1589.812147
-224.672917,521,1590.332253
-356.395119,300,1590.576517
-177.48266,409,1591.004357
-341.425679,298,1591.345589
-132.598838,468,1591.820417
-226.415786,166,1591.956799
-191.579282,274,1592.178765
-148.373661,197,1592.434411
-299.334537,221,1592.614252
-433.970227,262,1592.92175
-407.898392,311,1593.173747
-391.870282,216,1593.443422
-411.702993,310,1593.697059
-392.838831,204,1594.062281
-424.465763,213,1594.237929
-448.847526,202,1594.498167
-57.235637,388,1594.811111
-284.068326,329,1595.173672
-419.102463,276,1595.491747
-387.014633,234,1595.680477
-289.322046,233,1595.869273
-87.635894,208,1596.130599
-103.179302,179,1596.27496
-141.216038,233,1596.558359
-123.753071,179,1596.702636
-315.840678,211,1596.873986
-185.738631,173,1597.108823
-167.198432,177,1597.251921
-161.115432,162,1597.382077
-60.380959,437,1597.829365
143.089228,587,1598.400095
-171.73198,155,1598.618894
-69.352038,194,1598.77499
-169.808824,212,1599.040791
-138.667171,145,1599.157973
-211.078068,187,1599.309953
-366.936988,214,1599.586541
-194.726184,175,1599.728346
-474.444268,280,1599.954974
-176.915126,182,1600.198071
-12.904383,451,1600.658888
-418.083521,275,1600.881128
-309.060565,450,1601.340728
-511.697143,343,1601.713023
-101.00036,181,1601.857941
-348.164438,451,1602.319462
-492.490612,307,1602.662897
-391.443588,231,1602.850689
-509.946853,304,1603.192686
183.259185,550,1603.731941
-414.950205,238,1603.923343
-185.243141,184,1604.166166
-344.960799,1000,1605.162651
-215.098521,197,1605.322203
-421.544866,217,1605.498052
-226.14152,129,1605.698601
-240.54005,116,1605.7924
-308.206306,268,1606.009128
215.113597,677,1606.750495
-515.762909,280,1606.97674
-418.393119,217,1607.246317
171.62424,636,1607.855069
-233.470887,157,1607.980884
-334.289355,252,1608.278941
-415.070811,366,1608.574041
-422.175597,298,1608.910035
-227.333691,225,1609.091125
-279.324546,491,1609.700604
-435.580211,222,1609.974471
-400.230415,221,1610.154719
-491.469933,225,1610.430849
-169.138204,225,1610.613367
-501.861826,214,1610.880464
83.667029,728,1611.578089
-443.674861,221,1611.759498
-348.155299,447,1612.215873
448.323085,1000,1613.333985
-32.343986,352,1613.829337
-189.239392,273,1614.051671
-268.260084,162,1614.407997
-61.783488,320,1614.66783
-340.625346,385,1615.174379
-210.141374,143,1615.290974
-254.853859,119,1615.48818
-221.118422,182,1615.634588
-204.198883,150,1615.755328
-159.455228,211,1616.018122
51.579111,849,1617.818466
-24.352968,419,1618.251465
-485.750776,227,1618.637677
-178.776277,135,1618.746274
-196.950705,175,1618.886186
-204.192878,133,1618.995093
-171.695517,145,1619.212122
-199.584189,143,1619.328051
-125.682593,201,1619.48904
-188.012444,128,1619.687938
-192.627531,177,1619.829358
-179.357095,133,1619.936463
-179.665803,145,1620.147525
-173.975505,133,1620.25472
-178.415045,136,1620.364955
-130.468615,188,1620.515491
-174.570184,248,1620.809829
-183.508311,134,1620.916977
-161.29047,138,1621.121017
-477.805526,273,1621.344342
-478.800702,359,1621.729366
-6.991391,724,1622.410387
-499.639455,216,1622.679973
-63.274994,471,1623.059821
-243.632881,167,1623.286285
183.196983,638,1623.892191
-176.503643,136,1624.000741
-225.074368,158,1624.22003
-426.838915,233,1624.408584
-452.388385,375,1624.805286
-236.960332,422,1625.241196
-362.328632,261,1625.452031
-88.584746,212,1625.717467
-436.174315,227,1625.899392
-480.855487,232,1626.08565
-590.627242,192,1626.335011
-622.288122,186,1626.485964
-144.053879,205,1626.754678
-473.052557,214,1626.927397
-357.351899,299,1627.262039
-231.376815,457,1627.830823
-431.64172,302,1628.083063
-395.047032,283,1628.516694
-395.258793,315,1628.771384
-339.570386,377,1629.28305
-450.291068,230,1629.469502
-624.052199,301,1629.919718
-529.619506,292,1630.380591
-494.750936,248,1630.582921
-328.163067,318,1631.04748
-424.759341,205,1631.212661
-248.373412,433,1631.769207
-488.40751,217,1631.945438
-349.621118,359,1632.46045
-491.860007,249,1632.894993
-390.7327,208,1633.066124
-614.551259,204,1633.231938
-379.922485,237,1633.65928
-379.696579,380,1634.177099
-394.544211,381,1634.486355
-456.768256,217,1634.887473
-461.387294,229,1635.071618
-543.766347,302,1635.516609
-464.181693,213,1635.689987
-328.295804,584,1636.363073
-151.610851,223,1636.771327
-176.210082,566,1637.459294
-390.1449,321,1637.914335
-200.930755,210,1638.09426
-413.369523,213,1638.266844
-404.237074,241,1638.697547
-484.76684,211,1638.869908
-329.583347,581,1639.568588
-392.644965,264,1640.023884
-360.14664,278,1640.254193
-256.808622,288,1640.714732
-454.805919,231,1640.903826
-475.075561,359,1641.422312
-486.071856,369,1641.930591
-238.651765,287,1642.162365
-480.497239,192,1642.522466
-414.35643,270,1642.744007
-437.92562,217,1643.125024
-44.522828,210,1643.29354
-549.013261,208,1643.653942
-495.342338,293,1643.895832
-501.371581,213,1644.270223
-517.729714,212,1644.442487
-420.301146,289,1644.87644
-373.194831,278,1645.106028
-486.658487,410,1645.647552
-468.603643,297,1645.889076
-438.687025,269,1646.202239
-365.842923,440,1646.65535
-469.724127,267,1646.872111
-66.202243,601,1647.548975
-419.515628,353,1647.837546
-523.976933,200,1648.097235
-667.507982,341,1648.377025
-444.80671,253,1648.68048
-249.35288,344,1648.959105
-268.074457,160,1649.183887
50.153545,368,1649.48015
-550.110559,302,1649.8201
-473.066601,277,1650.139789
-603.9865,330,1650.407763
-201.113894,205,1650.669182
-493.111803,336,1650.943353
-114.622427,415,1651.377043
-200.0356,174,1651.517012
-498.784178,302,1651.861224
-247.97914,171,1652.000916
-146.369956,204,1652.362199
-586.490667,430,1652.934556
-132.862387,250,1653.13816
-203.250472,498,1653.744783
-556.633003,286,1654.204421
-41.361121,271,1654.423865
-103.992891,188,1654.778853
-134.900411,193,1654.938672
-405.710374,327,1655.439377
-514.332889,312,1655.699783
-579.005831,582,1656.411994
-239.365678,171,1656.787192
78.396227,380,1657.096066
-98.308564,205,1657.473492
-16.030987,987,1658.712162
-74.682962,216,1658.887837
-199.778517,201,1659.252518
-238.745741,371,1659.569655
-26.278702,1000,1660.721658
-522.764374,379,1661.122925
-187.586111,782,1661.855316
-131.481814,395,1662.274655
-493.365379,277,1662.597509
-613.670191,694,1663.259
-194.57533,141,1663.374423
-209.383649,353,1663.755415
-416.178689,205,1663.922918
-202.532782,515,1664.436393
-474.867056,281,1664.758826
-701.593977,221,1664.939533
-530.110517,390,1665.351358
-499.971466,363,1665.742394
-355.847915,591,1666.454552
-479.26636,218,1666.831355
-285.10418,206,1667.003189
-818.418816,970,1668.229361
-537.476846,249,1668.433969
-230.665979,143,1668.750158
-443.664102,259,1668.963255
-117.59433,517,1669.542115
-480.641762,214,1669.915384
-117.986246,300,1670.161126
-475.232361,201,1670.325834
44.055164,486,1670.935964
-541.961268,229,1671.347455
-153.117721,282,1671.576238
-293.987233,158,1671.800321
-623.916992,350,1672.087445
-146.180503,460,1672.55519
-271.970587,255,1672.955545
-596.233973,330,1673.224188
-403.593141,277,1673.683648
-566.006087,221,1673.8631
-137.939673,203,1675.922142
-387.996147,231,1676.108011
-218.614933,166,1676.467384
-226.620538,279,1676.692196
-477.104193,272,1677.118389
-125.730534,407,1677.449307
-347.123194,929,1678.654335
-578.61227,229,1679.063936
-730.963339,364,1679.361068
-566.670062,191,1679.753304
-362.417445,217,1679.929122
-698.758583,208,1680.309279
-436.568049,442,1680.90052
-528.823999,205,1681.075947
-695.194264,196,1681.236042
-481.895788,281,1681.690078
-249.332319,222,1681.869702
-519.688429,201,1682.244354
-317.321192,245,1682.443118
-547.506843,231,1682.865196
-585.458213,196,1683.02664
-197.19234,305,1683.480768
-377.951899,374,1683.78623
-645.423406,173,1684.153787
-615.436882,161,1684.286066
-221.943769,175,1684.427269
-441.041774,201,1684.796874
-573.05336,351,1685.084198
-656.020335,185,1685.460391
-473.06883,204,1685.626918
-697.410401,249,1686.063229
-487.466891,216,1686.238757
-478.362193,280,1686.704747
-699.859932,198,1686.867198
-567.314691,210,1687.037106
-645.479102,244,1687.471724
-624.477655,261,1687.685514
-195.278925,587,1688.606441
-437.816154,203,1688.776519
-434.512768,201,1688.940557
-585.684442,200,1689.341535
-302.297288,182,1689.491359
-364.511979,264,1689.941664
-0.76371,286,1690.174006
-514.393636,291,1690.633761
-459.78319,344,1690.915288
-518.293947,368,1691.32255
-649.650057,170,1691.461865
-488.499336,207,1691.725422
-70.494227,314,1691.98349
-402.948026,228,1692.372753
-650.32723,219,1692.55074
-157.657928,286,1692.877933
-597.846938,210,1693.048566
-748.985055,218,1693.327003
-512.155563,225,1693.510029
-98.776114,319,1693.862535
-168.977472,183,1694.009543
-509.484781,206,1694.274014
-717.298948,185,1694.426249
-620.706791,339,1694.797807
-371.250325,240,1694.993082
-494.620937,206,1695.161487
-637.477907,127,1695.360842
-721.339522,201,1695.524525
-626.728024,224,1695.801595
-424.329315,207,1695.972708
-604.509082,266,1696.189759
-694.15723,250,1696.489485
-235.654289,444,1696.950137
-550.731647,289,1697.183571
-460.203493,228,1697.463459
-737.314145,140,1697.579151
-805.749839,280,1697.90026
-664.464813,252,1698.10605
-500.64502,191,1698.261379
-686.385869,212,1698.527731
-455.301189,206,1698.696532
-411.251159,209,1698.962426
-524.313067,279,1699.196834
-622.137347,151,1699.415222
-675.848448,214,1699.591043
-604.27905,207,1699.759562
-558.849546,188,1700.006945
-329.897491,205,1700.176156
-557.576106,187,1700.422729
-540.865238,327,1700.691604
-487.508752,189,1700.938356
-169.730527,281,1701.167078
-493.09192,431,1701.612977
-365.751888,598,1702.206386
-514.004747,213,1702.381874
-700.968837,178,1702.621457
-499.126835,197,1702.782876
-500.484494,334,1703.148906
-462.071682,272,1703.371958
-331.167827,269,1703.689483
-400.936343,308,1704.032472
-381.538178,263,1704.247746
-589.206998,237,1704.637245
-640.082743,198,1704.799583
-347.335025,192,1704.955918
-237.184329,209,1705.361668
-211.458172,205,1705.528407
-590.108695,284,1705.98513
-408.177244,408,1706.317033
-307.173132,414,1706.881732
-516.716199,739,1707.920783
-218.762546,199,1708.08434
-214.958205,275,1708.51374
-280.686347,197,1708.674261
-183.504844,296,1709.127346
-889.195519,524,1709.765193
-262.930795,323,1710.02793
-270.007973,192,1710.3598
-347.000527,444,1710.720585
-205.843083,248,1711.149065
-386.83337,221,1711.328931
-239.452923,126,1711.630753
-205.319878,186,1711.781836
-524.115012,206,1711.950711
-559.265489,543,1712.619262
-390.934084,200,1713.009069
-505.981703,249,1713.211602
-481.168091,209,1713.474845
-311.22338,325,1713.740473
-217.344072,144,1713.950636
-329.782319,396,1714.273359
-303.9324,276,1714.59142
-593.288977,223,1714.771856
-548.583036,185,1715.020617
-249.090421,204,1715.186941
-301.225865,154,1715.311126
-310.689505,209,1715.574324
-237.097273,140,1715.687504
-222.740337,140,1715.800214
-304.785623,161,1716.024915
-369.28741,362,1716.320111
-180.369211,180,1716.561162
-331.454982,178,1716.704672
-363.233164,230,1716.986485
-217.184223,506,1717.492867
-283.592574,284,1717.723409
-184.525131,184,1717.964708
-473.319984,206,1718.133357
-375.804217,207,1718.303546
-518.575087,681,1719.043169
-424.567833,397,1719.366154
-302.672466,288,1719.692936
-255.030488,281,1720.012876
-261.872772,135,1720.123519
-312.584583,159,1720.253725
-278.152185,137,1720.368445
-125.867631,216,1720.643177
-400.175125,305,1720.89116
-570.903405,313,1721.371105
-323.50298,155,1721.498447
-208.134754,184,1721.853667
-153.028063,198,1722.015209
-317.78485,140,1722.130421
-230.953336,132,1722.33094
-193.014414,122,1722.430549
-258.594479,129,1722.536305
-269.192399,160,1722.666111
-351.996539,289,1722.99522
-252.26015,128,1723.103081
-205.925442,126,1723.206685
-166.479936,295,1723.538005
-278.135784,262,1723.952007
-223.00129,667,1724.719619
-234.464141,178,1724.865124
-264.602788,138,1724.977974
-258.442026,152,1725.1963
-352.90549,292,1725.434786
-208.27624,186,1725.679407
-325.420606,151,1725.804774
-312.424851,624,1726.409126
-226.827904,135,1726.518858
-320.712662,280,1726.842883
-217.685632,213,1727.019434
-191.029523,181,1727.261775
-554.736172,762,1727.98017
-187.790818,127,1728.179379
-819.263636,410,1728.517148
-378.129424,144,1728.862345
-72.096902,631,1729.615136
-259.440073,166,1729.752142
-224.316863,392,1730.173707
-285.890335,166,1730.309789
-232.42822,180,1730.550609
-214.930216,126,1730.65501
-145.272826,366,1731.04754
-107.650537,390,1731.88124
-213.137425,182,1732.244235
-438.239731,279,1732.478408
-115.241169,196,1732.731747
-253.253698,165,1732.871068
-682.774037,722,1733.684907
-235.053373,240,1733.974703
-411.585689,666,1734.749211
-222.779802,431,1735.343756
-144.152472,338,1735.8577
-158.163982,187,1736.010921
-147.459459,231,1736.199547
-460.178085,254,1736.644836
-179.094648,195,1736.803252
-273.702991,319,1737.276125
-559.587402,350,1737.798396
-488.514976,276,1738.026404
-483.127182,297,1738.50727
-471.886238,225,1738.694478
-198.294485,210,1739.100757
-162.698896,184,1739.253228
-673.069001,588,1739.965713
-151.214925,129,1740.07213
-398.735986,216,1740.472125
-262.097308,170,1740.611722
-215.504021,290,1741.07576
-376.475363,349,1741.362936
-117.530062,181,1741.738436
-571.274899,298,1741.982827
-564.233648,969,1743.253657
-560.446653,524,1743.8905
-685.785592,380,1744.441863
-189.743496,207,1744.610439
-357.383534,430,1745.191455
-473.033681,273,1745.618478
-403.636471,199,1745.782287
-457.686694,223,1746.166431
-679.088674,268,1746.387258
-221.321727,171,1746.528048
-593.074554,252,1746.967883
-610.487067,216,1747.144496
-526.504111,290,1747.59322
-667.673661,458,1748.202894
-187.197113,131,1748.31075
-403.606377,225,1748.495071
-376.137094,310,1748.957992
-121.997977,354,1749.41046
-314.859945,147,1749.531818
-486.551195,500,1750.185659
-190.346824,183,1750.336707
-260.847167,143,1750.683269
-580.610789,524,1751.325276
-536.220095,292,1751.564437
-785.28982,674,1752.543454
-655.38875,354,1752.83517
-383.984115,503,1753.470741
-69.955622,197,1753.862664
-561.268056,274,1754.088619
-341.878049,347,1754.602804
-208.135834,200,1754.768516
-245.054668,167,1755.108886
-194.732399,472,1755.500847
-160.211146,199,1755.896339
-201.6727,733,1756.591627
-182.101321,255,1757.00599
-629.425246,202,1757.171934
-114.040369,186,1757.418097
-524.092597,200,1757.58078
-749.018053,203,1757.746815
-753.053897,290,1758.07866
-369.629544,245,1758.278026
-819.763921,208,1758.541565
-654.163688,337,1758.819661
-851.905287,212,1759.198774
-770.686676,259,1759.411891
-327.035977,218,1759.683512
-720.723828,221,1759.864377
-521.641095,338,1760.235549
-465.710264,678,1760.881261
-630.449908,197,1761.136731
-507.47056,210,1761.309376
-459.235558,500,1761.81547
-558.428061,219,1761.994695
-394.010369,197,1762.249799
-318.646732,181,1762.397506
-597.670132,222,1762.68673
-513.241028,307,1762.937014
-364.120186,255,1763.238352
-142.570992,182,1763.386257
-585.86956,190,1763.54298
-489.122065,238,1763.830416
-473.228027,220,1764.008998
-525.32286,194,1764.389261
-496.717301,222,1764.569867
-771.898262,222,1764.845749
-423.748711,229,1765.032551
-599.60159,209,1765.208138
-362.311596,195,1765.463201
-533.30899,204,1765.62962
-675.135521,217,1765.90189
-603.405246,148,1766.023612
-527.834812,239,1766.218676
-241.329196,147,1766.434562
-321.491691,250,1766.64531
-403.330906,178,1766.790355
-301.356729,244,1767.189463
-480.156639,536,1767.826951
-614.625805,193,1767.985588
-444.906385,282,1768.311489
-567.971966,203,1768.480927
-478.137944,580,1769.050124
-742.012005,290,1769.384598
-274.514804,443,1769.845186
-320.477922,214,1770.020859
-227.198716,746,1771.042818
-257.27688,163,1771.176621
-176.260073,293,1771.640502
-218.905418,239,1771.834443
-249.738267,134,1771.944159
-227.929237,127,1772.278327
-218.836743,234,1772.468751
-332.730225,477,1773.062653
-394.537937,435,1773.642245
-183.721246,184,1773.794861
-172.305186,205,1774.055059
-404.247015,224,1774.238336
-303.218959,1000,1775.248787
-272.85227,144,1775.366975
-205.021687,513,1776.011521
-395.188511,364,1776.401181
-123.476745,193,1776.558146
-560.669901,700,1777.321075
-448.99635,271,1777.543538
-517.796302,382,1777.951002
-219.946198,187,1778.105364
-209.778331,421,1778.54316
-226.678625,137,1778.655473
-407.515605,241,1778.94526
-354.894265,346,1779.321316
-477.34418,360,1779.616247
-115.983078,173,1779.850874
-313.772298,349,1780.136984
-413.473973,358,1780.523289
-317.197503,435,1781.073823
-148.397496,300,1781.318033
-483.458146,265,1781.625665
-194.266465,491,1782.117805
-377.264187,313,1782.467533
-128.817074,177,1782.611229
-438.08254,213,1782.78846
-334.76881,222,1783.062742
-206.014246,224,1783.247867
-330.905763,218,1783.607689
-39.696117,419,1783.949298
-49.96518,351,1784.430385
-116.063432,198,1784.686655
-128.943139,174,1784.8268
-459.089908,362,1785.21466
-230.937539,317,1785.470023
-1070.288997,1000,1786.471728
-408.3426,211,1786.737962
-217.028355,148,1786.858672
-373.115018,219,1787.035827
-94.706505,620,1787.631843
-105.072018,216,1787.900291
-224.49945,169,1788.03779
-240.632351,162,1788.262811
-366.339182,242,1789.271487
-383.836641,523,1789.89875
-172.972094,140,1790.013142
-304.175872,208,1790.276524
-245.27622,140,1790.391139
-81.57774,214,1790.564991
-113.792689,195,1790.818077
-422.06351,207,1790.987667
-237.08934,139,1791.100854
-418.532997,213,1791.368201
-367.681478,367,1791.757689
-179.846854,176,1791.900646
-179.864887,453,1792.385021
-86.782937,182,1792.533037
-159.502812,191,1792.781476
-456.355366,902,1793.610459
-278.887998,387,1794.018174
-217.162803,138,1794.134468
-240.703244,154,1794.355014
32.132399,542,1794.888362
-412.532988,200,1795.050172
-252.877844,371,1795.452626
-111.522088,190,1795.60714
-318.661261,470,1796.085198
-349.399206,212,1796.351785
-387.989366,577,1796.915797
-196.923841,141,1797.030931
-316.679574,295,1797.363733
-110.60027,289,1797.599763
69.516044,580,1798.262819
-123.850886,233,1798.547076
-210.868045,137,1798.658935
-213.763267,276,1798.88226
-115.371039,181,1799.124778
-149.98303,247,1799.328004
-180.980758,563,1799.879179
-276.870073,595,1800.553171
-347.968066,181,1800.701087
-405.321275,296,1801.036399
-460.561363,246,1801.240006
-121.248275,203,1801.406677
-227.761407,147,1801.621955
-244.952658,142,1801.738463
-174.950497,167,1801.875587
-202.119066,137,1802.086754
-28.070203,404,1802.416377
-66.623962,229,1802.694974
-195.289014,135,1802.804979
35.809373,349,1803.182095
-321.933189,401,1803.70048
-63.118976,403,1804.03402
-54.106144,269,1804.345524
-331.941949,233,1804.540213
-246.536258,162,1804.76637
-111.982415,207,1804.934858
-323.771329,256,1805.143615
-166.596661,226,1805.420144
-176.110441,266,1805.637131
-49.966495,246,1805.931233
-203.321617,142,1806.047724
-213.022036,335,1806.41316
-145.102306,175,1806.559746
-158.754209,243,1806.987142
-509.908229,194,1807.145266
-552.043352,217,1807.321811
-448.22564,184,1807.568683
-643.571963,561,1808.118079
-498.389902,216,1808.294278
-344.458087,502,1808.79639
-890.270819,430,1809.345917
-476.839352,262,1809.650515
-169.05212,540,1810.185286
-406.628315,264,1810.401293
-562.399338,212,1810.669933
-326.275713,205,1810.837547
-466.68578,199,1811.000852
-309.482343,222,1811.281731
-424.960609,211,1811.45364
-539.070342,237,1811.740676
-520.944431,229,1811.926362
-418.584199,206,1812.192178
-454.870097,280,1812.419648
-608.366191,253,1812.717511
19.198688,517,1813.235766
-551.627977,189,1813.389801
-462.79528,178,1813.538334
-644.722078,427,1814.084342
-371.146669,192,1814.335132
-448.754283,167,1814.470656
-537.241913,197,1814.629715
-432.411825,458,1815.091309
-320.364204,301,1815.427767
-673.481246,190,1815.582442
-754.910685,414,1816.014648
-474.859824,326,1816.375639
-659.536197,196,1816.53821
-479.54839,167,1816.675003
-571.57723,160,1816.900776
-769.799383,223,1817.081969
-611.427814,364,1817.469382
-569.216269,195,1817.628134
-565.641863,219,1817.898463
-668.722921,151,1818.021617
-449.313095,193,1818.180443
-511.290921,215,1818.4479
-543.817032,400,1818.77033
-579.365778,383,1819.176818
-488.230227,170,1819.408032
-761.928158,290,1819.644525
-109.132404,497,1820.140976
-254.93669,753,1820.939316
-606.068785,201,1821.102894
-409.068358,175,1821.245183
-638.248827,274,1821.562364
-727.613154,191,1821.719233
-480.788347,208,1821.983996
-136.711025,559,1822.537073
-573.346387,168,1822.674854
-535.403698,290,1823.00591
-308.86836,303,1823.254462
-562.193333,411,1823.684973
-163.163577,216,1823.860825
-472.37251,216,1824.130976
-704.892038,391,1824.547566
-245.237404,283,1824.779546
-401.802799,182,1824.929036
-302.167584,321,1825.300111
-497.944835,183,1825.449728
-577.121628,219,1825.729256
-657.653245,199,1825.892148
-496.704138,176,1826.237737
-284.614931,178,1826.384724
-511.755326,197,1826.548186
-240.295013,347,1827.058544
-170.778325,211,1827.229637
-513.362647,349,1827.607997
-609.217273,219,1827.88342
-399.92877,802,1828.729504
-466.545589,178,1828.880839
-199.64784,139,1829.087665
-654.143097,204,1829.255079
-487.29444,303,1829.597989
-505.86308,302,1829.845703
-492.468536,218,1830.118075
-501.08936,197,1830.281107
-192.095748,297,1830.617457
-598.584297,207,1830.788752
-602.708266,292,1831.122015
-630.159315,524,1831.64628
-154.73616,804,1832.490289
-570.009052,225,1832.887811
-475.590199,201,1833.0538
-521.880372,364,1833.578715
-31.398581,371,1834.112928
-487.236221,267,1834.334897
-512.956601,517,1834.851823
-702.343514,400,1835.379292
-254.316427,211,1835.552048
-569.470595,321,1835.909979
-427.316466,241,1836.108152
-489.742558,549,1836.65124
-493.124251,185,1836.896377
-426.573643,456,1837.466787
-427.83209,197,1837.629281
-199.962584,212,1838.024676
-303.118413,711,1838.840474
-684.722902,206,1839.010307
-286.656965,257,1839.318235
-792.643439,713,1840.100546
-212.261604,357,1840.594993
-347.176099,217,1840.772621
-258.13801,338,1841.274357
-652.029196,222,1841.455574
-604.392122,275,1842.5943
-326.670337,388,1843.138751
-80.578104,728,1843.936193
-618.634561,319,1844.42533
-45.848074,268,1844.645615
-219.809358,150,1844.994373
57.045888,366,1845.296576
-357.78399,494,1845.932092
-400.938089,273,1846.365351
-197.69427,298,1846.608433
-102.936098,290,1847.052137
-84.656974,318,1847.531802
-687.390328,286,1847.770398
-204.637235,206,1848.16103
-235.163167,174,1848.319757
175.81039,502,1848.958169
-191.513226,164,1849.091761
-129.312648,184,1849.467498
-143.045188,182,1849.62057
-384.755832,209,1849.79224
-450.487542,795,1850.735222
-430.469343,204,1850.90342
-595.506104,286,1851.346439
-105.165236,383,1851.863009
-489.275223,237,1852.055075
-161.462854,519,1852.714134
-343.371581,883,1853.896784
-585.309301,293,1854.138376
-247.713178,535,1854.775217
-160.783807,211,1855.190666
-552.6056,235,1855.384321
-589.805732,250,1855.79261
-277.981,196,1855.953141
29.740874,528,1856.607185
-25.647029,503,1857.243267
-141.600486,577,1857.91912
-447.918963,371,1858.461851
-322.551555,377,1859.013477
-208.217421,415,1859.354922
-441.194701,221,1859.737181
-94.545937,223,1859.918481
-86.526881,377,1860.336342
-157.847589,234,1860.627089
-65.769219,254,1860.837072
-290.089606,152,1860.96159
-151.806332,205,1861.223826
-277.561715,746,1861.92774
-192.15575,202,1862.185574
-197.009843,232,1862.375868
-309.162368,193,1862.534723
-46.395727,259,1862.953533
-144.697549,214,1863.12948
-138.965714,326,1863.620806
-205.259254,164,1863.755901
-300.567159,150,1864.11429
-26.790226,355,1864.406458
-146.488926,166,1864.770862
17.295011,280,1865.000213
-125.699453,359,1865.386828
-16.226267,407,1865.81155
-210.114645,151,1865.934745
-188.866475,175,1866.077672
-604.612207,224,1866.458303
-519.429898,194,1866.618236
-438.343077,222,1867.03186
-359.707954,217,1867.213164
-467.559814,217,1867.392543
-153.632507,197,1867.755086
-718.370009,249,1867.960296
-497.153288,242,1868.355475
-90.225255,345,1868.637557
-420.297125,831,1869.746901
339.953784,727,1870.566118
-500.888604,367,1871.044313
-340.731251,290,1871.513298
-149.279246,398,1872.070587
-443.551171,272,1872.304296
-236.789997,205,1872.473937
-618.948076,325,1872.941453
2.010057,471,1873.5663
-375.298226,382,1874.081937
-148.92096,232,1874.275318
-201.121089,516,1874.936445
-53.697264,453,1875.546735
-174.422063,392,1876.080595
0.082591,345,1876.596789
-147.957441,176,1876.746009
-172.602003,556,1877.438955
-96.839812,508,1878.092638
-541.420946,287,1878.528436
-130.570207,239,1878.73266
-162.46268,299,1879.216777
-470.079359,316,1879.478498
-504.306653,230,1879.879299
-334.625818,203,1880.047316
3.00521,422,1880.491149
-184.727099,195,1880.652954
-520.849367,224,1880.929189
-248.761592,331,1881.200974
-49.83226,213,1881.471303
40.218631,280,1881.703953
-182.32425,167,1881.936046
-85.242724,329,1882.206413
-440.638183,382,1882.615642
-366.181869,222,1882.796716
-134.527987,420,1883.235778
-197.095633,154,1883.456393
-140.324815,153,1883.583155
-192.072754,207,1883.752743
-22.540676,378,1884.27722
-211.754516,125,1884.381228
-221.056565,170,1884.716436
-107.477579,194,1884.878315
-468.578059,376,1885.425688
-61.749799,534,1886.097603
-181.058418,137,1886.209645
-174.830957,183,1886.361236
-227.596877,210,1886.766877
-85.24959,254,1886.978097
-155.666269,211,1887.390844
-231.070333,150,1887.515638
-270.615364,154,1887.642165
-126.989272,175,1888.023085
-134.003998,221,1888.205219
-149.398106,185,1888.35906
-173.325135,163,1888.733155
-200.062812,482,1889.331668
-186.434909,176,1889.476989
-85.309749,188,1889.631348
-172.147351,180,1889.884342
-137.540006,148,1890.005964
-66.017733,189,1890.162011
-176.600158,397,1890.59153
74.818546,768,1891.409469
-91.842009,185,1891.563773
-151.817679,428,1892.011242
-164.92026,498,1892.515856
-202.259765,208,1892.687732
-4.544766,400,1893.108054
-203.157171,179,1893.255466
-119.729025,386,1893.664367
-240.718338,156,1893.793289
-203.385155,161,1894.020954
-139.514946,208,1894.194561
-73.2495,218,1894.46775
-186.200585,151,1894.59124
-83.375394,446,1895.055378
-213.374454,234,1895.247902
-459.864613,429,1895.691626
-118.182383,349,1896.069739
-74.439122,442,1896.52542
-128.691945,139,1896.640566
-58.876382,447,1897.115741
-159.195615,231,1897.307349
-217.166132,207,1897.570178
-97.019183,213,1897.744903
-162.880725,326,1898.101681
-157.923912,190,1898.257971
-174.899355,184,1898.408974
-58.538823,757,1899.215086
-220.535652,308,1899.46685
-165.25003,159,1899.688936
-186.401046,554,1900.341702
-500.467277,209,1901.263792
-249.038029,161,1901.628246
-461.246879,258,1901.8442
-568.349985,509,1902.498731
-160.920987,223,1902.681861
-159.624765,233,1903.108144
-129.564166,182,1903.25901
-466.262014,275,1903.66558
-349.216799,358,1904.19619
-113.292509,238,1904.395817
-218.014171,370,1904.904454
-224.86885,143,1905.021809
-157.952744,602,1905.752007
-506.239328,308,1906.230433
-235.734495,220,1906.409392
-78.25158,253,1906.817986
-138.415522,181,1906.966593
6.22047,225,1907.150404
-218.205733,537,1908.048121
-150.070546,186,1908.200403
-218.305253,113,1908.293036
-129.393498,182,1908.442585
-234.395873,163,1908.815336
-160.960893,217,1908.993601
-231.570875,147,1909.276748
4.963466,642,1910.013966
-247.79333,165,1910.148757
-435.442704,278,1910.604847
-317.68486,277,1910.831267
-31.369727,273,1911.148835
-249.923673,138,1911.267589
-152.558187,149,1911.389565
-190.228787,172,1911.72747
-158.047928,205,1911.893742
-119.688612,345,1912.273967
-110.076548,297,1912.517443
-571.677431,785,1913.44907
-298.266648,215,1913.623922
-175.916446,360,1914.116917
-1.335847,263,1914.331916
-162.15894,185,1914.574505
-224.583826,155,1914.702037
-109.111476,258,1915.006358
-140.513387,182,1915.15509
-151.750605,330,1915.517703
-176.269126,188,1915.671423
-143.855995,665,1916.305871
-251.521687,244,1916.595669
-214.767453,128,1916.700377
-213.558679,165,1916.834637
-213.81662,143,1917.045035
-244.829535,137,1917.158739
-240.595203,125,1917.261111
-186.786204,196,1917.421134
-139.454136,216,1917.69302
-139.171356,220,1917.875297
-214.636488,137,1918.083308
-245.86145,219,1918.264805
-194.998184,166,1918.406811
-211.570403,133,1918.617533
-226.830605,125,1918.721868
-599.257464,814,1919.584372
-62.614311,217,1919.85967
-235.205312,139,1919.976153
-198.655431,175,1920.122647
-135.721902,252,1920.426097
-191.874477,147,1920.548356
-249.732404,557,1921.103745
-226.888473,170,1921.339329
-104.352464,204,1921.506212
-83.522546,212,1921.775333
-205.619112,205,1921.945175
-189.063995,188,1922.100962
-237.168428,165,1922.333117
-162.892107,304,1922.585392
-294.546728,135,1922.6973
-229.594449,159,1922.924725
-137.173875,286,1923.160555
-205.758253,242,1923.451823
-158.657137,203,1923.620386
-12.934052,280,1923.946594
-279.046938,247,1924.152452
-239.071212,132,1924.262969
-155.464569,326,1924.625848
-172.311683,194,1924.786388
-150.738075,184,1925.031394
-59.602644,261,1925.24771
-247.628443,149,1925.464028
-267.369674,368,1925.767922
-223.802363,234,1926.052493
-501.792974,256,1926.267078
-326.463,179,1926.508223
-159.888951,339,1926.78938
-253.588845,146,1927.003206
-561.461744,234,1927.195869
-493.704268,218,1927.571663
-302.833772,507,1927.999162
-190.856253,274,1928.456065
-403.257909,470,1929.057468
-741.047157,849,1930.08673
-199.98918,182,1930.238756
-230.970269,406,1930.769114
-230.068265,216,1930.948931
-433.118808,437,1931.401897
-222.599062,210,1931.576747
-259.091257,132,1931.884259
-126.084761,177,1932.030202
-254.378742,161,1932.164267
-270.235998,140,1932.387174
-283.016189,162,1932.525962
-381.214028,227,1932.711188
-236.072652,169,1932.944109
-170.704471,237,1933.138295
-106.681536,187,1933.386775
-272.616962,147,1933.50837
20.844748,698,1934.179142
-234.894647,151,1934.302972
-291.968842,344,1934.782542
-239.73027,145,1934.904629
-199.45612,119,1935.095949
-212.103462,148,1935.219129
-233.0923,147,1935.341013
-225.601603,129,1935.539702
-137.049338,209,1935.712782
-196.052829,150,1935.836577
-253.837348,125,1935.939953
-169.168303,217,1936.210726
-239.465371,129,1936.321051
-219.767137,119,1936.419015
-254.361635,169,1936.652845
-212.773881,137,1936.770682
-242.435374,218,1936.951796
-227.596569,160,1937.179823
-363.406484,411,1937.615292
-85.523252,263,1937.835414
-381.994264,482,1938.325234
-202.379167,195,1938.486527
-276.181723,145,1938.699872
-335.59411,450,1939.163489
-215.082503,580,1939.789702
-202.223531,251,1939.997196
-451.253748,706,1941.009379
-247.48896,444,1941.379647
-265.978697,145,1941.593227
-527.361756,329,1941.865944
-194.582655,189,1942.224112
-178.603978,396,1942.551571
-231.775362,147,1942.766764
-90.623717,303,1943.017115
-344.565861,583,1943.595817
-246.781256,148,1943.813115
-724.818484,819,1944.671813
-234.346675,179,1945.046382
-396.54827,225,1945.236338
-266.040496,521,1945.809924
-101.910031,271,1946.126529
-108.446159,253,1946.334274
-342.184497,394,1946.751946
-503.494799,239,1946.94706
-210.539992,183,1947.191362
-207.439702,174,1947.334107
-149.199176,612,1947.927757
-414.664116,323,1948.28861
-250.97509,139,1948.403555
-260.884008,777,1949.230336
-74.912587,260,1949.444888
-202.040675,200,1949.706074
-223.855746,268,1949.927443
-114.854168,391,1950.343641
-142.517427,191,1950.500761
-256.473814,143,1950.710221
-283.915632,447,1951.079077
-236.258181,171,1951.3158
-202.717758,184,1951.46926
-172.514262,218,1951.741285
-255.287003,139,1951.856826
-78.119641,515,1952.373137
-233.58773,151,1952.497784
-242.316144,254,1952.932475
-292.000568,143,1953.050818
-233.979761,146,1953.172278
-216.064268,129,1953.280126
-194.872465,139,1953.598455
-181.127708,185,1953.754513
-412.329875,224,1954.16408
-125.603123,266,1954.39394
-288.907479,124,1954.495156
18.622431,394,1955.025439
-223.34872,324,1955.509561
-282.494945,141,1955.626554
-251.22204,140,1955.742062
-306.412787,145,1955.95313
-324.125583,163,1956.778492
-218.762452,180,1956.929472
-31.907384,318,1957.286044
-258.794643,145,1957.406059
-221.931534,171,1957.547851
-105.867862,468,1958.025239
-42.501042,466,1958.503081
-265.243555,135,1958.706106
-153.065361,229,1958.896294
-295.496455,149,1959.018657
-236.843782,210,1959.285801
-99.297944,484,1959.776515
-223.137199,471,1960.257817
-280.511606,143,1960.377958
-259.210435,145,1960.498177
-107.534037,173,1960.641074
-275.93762,152,1960.860177
-156.249895,206,1961.032106
-249.693724,140,1961.148807
-252.513305,229,1961.56142
-247.011484,135,1961.67252
-92.474668,342,1962.048829
-176.899692,195,1962.211559
-237.932821,165,1962.348242
-244.531299,122,1962.659108
-218.831267,121,1962.76016
-262.345934,120,1962.859644
-233.039648,146,1962.983058
-3.949556,675,1963.840749
-263.650116,164,1963.9788
-67.162467,202,1964.144889
-205.104464,202,1964.505945
-211.744475,133,1964.616181
-68.687424,302,1965.064254
-199.221482,141,1965.181438
-251.881334,165,1965.318378
-280.325101,177,1965.55785
-190.150241,135,1965.669143
-129.800804,204,1965.838142
-294.591086,169,1966.178633
-131.243977,388,1966.49666
-215.400894,132,1966.704095
-183.770211,129,1966.810763
-268.238441,145,1966.930688
-204.972574,121,1967.030716
-274.370407,152,1967.249123
-306.648627,97,1967.32936
-232.924792,140,1967.445162
-214.760379,144,1967.656051
-203.039263,290,1967.894783
-184.143265,142,1968.012256
-126.184416,223,1968.422121
-163.426907,182,1968.572616
-449.173925,231,1968.857223
-211.069021,178,1969.005382
-276.033623,353,1969.395559
-236.857025,162,1969.53135
-248.633515,145,1969.651177
-35.443003,359,1970.038871
-550.798544,309,1970.387648
-177.689031,145,1970.50755
-253.149379,150,1970.631377
-219.60535,159,1970.76215
-151.440822,224,1971.038295
-244.202108,147,1971.159356
177.295429,745,1971.955828
-299.426852,104,1972.041662
-269.863447,145,1972.161835
-218.977235,120,1972.260565
-183.903096,206,1972.525151
-194.457928,211,1972.699129
-182.998779,183,1972.849742
-278.239287,159,1973.07438
-179.794084,250,1973.280184
-213.624024,146,1973.494512
-259.553541,125,1973.598158
-268.229323,145,1973.717113
-226.087356,134,1973.827584
-221.15115,149,1974.042823
12.274638,350,1974.332048
-166.780433,150,1974.550135
-168.634869,326,1974.818489
-223.675232,120,1975.139018
-161.809548,190,1975.301722
-177.669499,247,1975.507143
-308.949819,219,1975.784093
-534.612702,1000,1976.788643
-127.360963,231,1976.979115
-247.901044,903,1977.905146
-284.552813,183,1978.055712
-210.898212,237,1978.344346
-223.904936,595,1978.926263
-229.30547,131,1979.034564
-273.783538,159,1979.259156
-191.70909,263,1979.476519
-137.288789,256,1979.779769
-268.917338,133,1979.889316
114.998593,600,1980.474404
-290.674831,652,1981.10118
-210.837308,468,1981.580705
-212.874122,290,1981.911924
-261.643802,164,1982.047058
-693.207248,407,1982.475654
-587.255446,376,1982.877601
-236.867389,163,1983.011981
-287.781734,137,1983.12574
-238.678351,206,1983.388865
-553.854693,298,1983.634307
-148.995105,625,1984.241238
-64.536187,271,1984.55888
-256.394227,180,1984.710273
-257.575519,150,1984.926835
-233.410928,574,1985.492886
-309.960439,155,1985.620271
-230.922889,166,1985.756415
-303.460661,655,1986.596916
-266.404471,142,1986.714616
-418.828854,227,1986.901144
-194.189614,233,1987.187983
-265.52766,122,1987.288824
-200.878638,143,1987.407583
-71.773717,554,1987.955551
-224.344814,145,1988.169941
-173.555142,184,1988.321183
-229.300972,525,1988.854589
-212.133429,192,1989.014776
-256.624775,147,1989.365881
-313.0168,410,1989.705284
-333.625204,146,1989.918177
-231.303474,137,1990.032047
-231.750638,153,1990.15919
-303.66121,326,1990.518608
-253.590788,139,1990.631408
-416.427878,682,1991.375037
-383.954397,213,1991.550243
-146.751805,254,1991.758292
-235.930814,170,1991.990746
-167.130945,620,1992.592966
-219.418985,330,1992.960104
-329.246706,536,1993.49309
-289.459175,687,1994.149255
-32.649428,374,1994.552432
124.659579,425,1994.996294
-224.956197,267,1995.217785
-203.777468,173,1995.359972
-426.099394,240,1995.648813
-386.109641,542,1996.190567
-212.617179,175,1996.336326
-98.306933,484,1996.943715
-200.836837,214,1997.316385
-123.093266,335,1997.592382
-297.618487,1000,1998.73108
17.399922,346,1999.108095
-224.68531,209,1999.280942
-420.374211,367,1999.677076
-258.889345,148,1999.79821
-257.527832,137,2000.005641
-103.950242,260,2000.219117
-213.907642,269,2000.535762
-684.088893,255,2000.745312
-124.885626,572,2001.311187
-178.624542,209,2001.578115
-228.919665,135,2001.688928
-156.437717,218,2001.875
-269.181298,142,2002.086722
-189.660872,176,2002.230473
-262.502979,154,2002.357346
-262.924009,142,2002.567019
-253.108162,128,2002.672086
-246.124351,148,2002.793929
-234.046887,133,2002.903284
-174.891546,170,2003.136812
-251.820063,173,2003.279194
-206.150343,130,2003.385838
-281.881128,122,2003.578868
-153.225713,277,2003.80614
-250.280632,132,2003.913697
-199.299903,214,2004.186083
-241.462806,130,2004.293653
-204.563942,139,2004.407968
-114.239061,404,2004.833941
-264.062029,153,2004.960068
-268.01295,124,2005.156454
-218.529755,182,2005.306728
-676.798398,294,2005.655753
-217.932681,184,2005.812586
-274.560243,169,2005.952279
-218.929472,131,2006.06109
-223.583657,136,2006.267942
-224.825152,134,2006.378848
-250.531692,639,2007.103614
-244.045555,123,2007.297346
-261.312852,134,2007.407756
-193.862976,227,2007.592849
-207.684596,158,2007.815455
-270.82032,131,2007.923768
-240.070328,149,2008.04565
-270.986874,218,2008.316354
-242.0254,149,2008.440625
-99.382569,340,2008.71918
-251.000214,215,2009.691252
-265.866068,165,2009.826164
-195.455464,201,2010.088966
-236.314801,140,2010.205166
-266.85351,166,2010.342534
-236.333782,129,2010.447886
-208.522477,292,2010.781006
-210.318456,177,2010.926752
-63.697604,483,2011.419614
-86.258943,276,2011.740548
-78.633789,356,2012.127978
-219.865619,254,2012.336675
-201.787426,297,2012.674165
-189.203445,420,2013.018435
-251.271369,186,2013.264537
-197.923759,327,2013.533937
-266.252947,130,2013.736128
-463.414691,697,2014.511178
-731.985576,750,2015.532265
-552.972624,345,2015.817441
-264.030634,144,2015.93553
-19.661012,1000,2017.281626
-602.446974,203,2017.701028
-393.24376,409,2018.284294
-525.474981,333,2018.557984
-529.941064,274,2019.029944
-262.546813,170,2019.203962
-843.232889,518,2019.857027
14.988023,1000,2021.002221
-252.307016,144,2021.134312
-248.851862,293,2021.5194
-564.302977,994,2023.520248
-195.622542,196,2023.774446
-516.306021,806,2025.067947
-151.016333,269,2025.321605
-217.310927,175,2025.729714
-75.977975,272,2025.984487
-376.679951,716,2027.097225
-257.05129,135,2027.209917
-271.394157,253,2027.418788
-506.687033,624,2028.311544
-692.47691,439,2028.675245
-228.51656,169,2029.110206
-267.273541,144,2029.263978
-253.727542,171,2029.407554
-254.628209,134,2029.744526
-183.967621,232,2029.962344
182.259065,887,2031.506693
-628.044817,1000,2033.357325
-100.181054,1000,2035.286694
-379.582111,1000,2036.986037
-571.432905,490,2037.836523
-452.375318,581,2038.940481
-166.017027,1000,2040.859256
-186.648341,1000,2042.794506
-478.805872,620,2043.819889
-492.910222,509,2044.799045
-671.897665,459,2045.618316
-464.376092,1000,2047.2887
-961.509415,856,2048.695281
-871.720063,477,2049.503697
-106.382523,1000,2051.355856
-438.096197,768,2052.700692
-286.513706,565,2053.615461
-446.382625,1000,2055.484315
-784.702476,485,2056.427318
-771.415859,754,2057.585558
-396.94197,1000,2059.248132
-687.934969,301,2059.826869
-666.866236,884,2061.062146
-767.387423,963,2062.015384
-406.795545,557,2062.726843
-684.006799,630,2063.377599
-656.925799,634,2064.00849
-714.374926,579,2064.577784
-437.09509,584,2065.151785
-283.040057,1000,2066.161453
-530.380527,223,2066.436835
-343.207847,1000,2067.439912
-333.280628,265,2067.655242
-333.487413,531,2068.17821
-642.895594,386,2068.586163
-648.540833,1000,2069.698507
-761.519979,588,2070.395223
-875.204654,791,2071.233121
-900.192133,541,2071.768081
-749.194054,201,2071.931159
-554.695503,174,2072.071234
-602.663187,1000,2073.066571
-675.648137,258,2073.374123
-538.7056,494,2073.869356
-402.694969,1000,2074.881949
-605.121313,333,2075.151624
-431.861161,1000,2076.363648
-623.654595,251,2076.765515
-656.32312,431,2077.293909
-376.793081,1000,2079.564312
-241.367216,1000,2080.678676
-534.812758,410,2081.010133
-347.122322,440,2081.58705
-318.075944,1000,2082.811715
-730.391071,763,2083.842105
-778.606561,862,2084.637985
-461.162574,1000,2085.65018
-833.704406,557,2086.19665
-216.925619,1000,2087.19641
-92.197437,1000,2088.194618
-346.855068,1000,2089.191165
-631.773253,1000,2090.185773
-450.145425,1000,2091.196756
-434.953727,1000,2092.430198
-389.281238,1000,2093.66625
-141.917257,1000,2094.949093
-511.703634,1000,2095.962029
-865.973206,523,2096.483396
-313.921678,325,2096.839669
-166.068579,1000,2097.839
-418.992052,556,2098.382595
-203.684251,1000,2099.621011
-68.038815,1000,2100.612772
-828.477356,837,2101.491138
-424.042753,652,2102.206871
-54.145805,1000,2103.111157
-297.512943,200,2103.36834
-300.755091,190,2103.521771
-301.841615,139,2103.726195
-436.292553,572,2104.390382
-347.121638,238,2104.582591
-302.402365,134,2104.691959
-271.312981,176,2104.9275
-239.195207,206,2105.095293
-243.730549,136,2105.207867
-292.633684,230,2105.489268
-305.742437,145,2105.607762
-270.750253,161,2105.738832
-234.654931,163,2105.963999
-311.760937,341,2106.241581
-277.390984,150,2106.457426
-235.180521,158,2106.586974
-447.452516,425,2107.026186
-413.14718,435,2107.478993
-286.128566,270,2107.7023
-305.11812,150,2107.825148
-257.825386,194,2108.076104
-548.172573,589,2108.651019
-231.993687,132,2108.758438
-235.231137,149,2108.973463
-284.802366,166,2109.108808
-402.414306,351,2109.490598
-313.451685,358,2109.782183
-291.022172,545,2110.3245
-359.292349,317,2110.675121
-206.25097,216,2110.849887
-368.877026,634,2111.553411
-477.970508,460,2112.020758
-166.914608,1000,2112.943211
-287.919327,254,2113.244895
-536.969294,842,2114.125436
-302.694756,332,2114.396581
-449.725383,1000,2115.406141
-441.400897,432,2115.850225
-233.615089,155,2115.97819
-257.660174,142,2116.18662
-243.085472,188,2116.33965
-286.805731,500,2116.845024
-415.51464,1000,2117.856026
-497.501953,1000,2118.851666
-325.187544,189,2119.000723
-330.932581,238,2119.286937
-342.301113,142,2119.40028
-643.908615,762,2120.11168
-455.992806,349,2120.487134
-512.729163,381,2120.890596
-330.462831,105,2120.975305
-384.235846,306,2121.314517
-622.448945,563,2121.860388
-303.783549,170,2121.99852
-353.834253,495,2122.492317
-348.556963,104,2122.576783
-320.156604,235,2122.857406
-313.179978,319,2123.116727
-324.897112,156,2123.333398
-253.544085,154,2123.457066
-243.93726,210,2123.626722
-327.845393,140,2123.832073
-471.484084,333,2124.099447
-351.966967,112,2124.285447
-326.544837,134,2124.39358
-255.401899,142,2124.508819
-326.659163,142,2124.623413
-298.998594,145,2124.832823
-279.374437,128,2124.936299
-279.732769,223,2125.115977
-330.800426,177,2125.350681
-659.091642,546,2125.879295
-317.468898,119,2125.97412
-270.432056,140,2126.086692
-301.035884,147,2126.297868
-362.184112,204,2126.458151
-307.798502,139,2126.569565
-310.537951,140,2126.6821
-290.97594,145,2126.89187
-285.034935,127,2126.992665
-325.421294,366,2127.513586
-344.389747,146,2127.628449
-305.340012,138,2127.738395
-256.726344,134,2128.073308
-608.127468,356,2128.359075
-282.422034,134,2128.692528
-321.611926,158,2128.821676
-280.634503,140,2128.933641
-334.245121,156,2129.057797
-311.894183,150,2129.385162
-319.218762,151,2129.506955
-317.292323,122,2129.604711
-283.661571,142,2129.916626
-292.84188,134,2130.031508
-353.908857,127,2130.132919
-294.87848,133,2130.240406
-296.737182,134,2130.44126
-289.953728,132,2130.549795
-305.448674,119,2130.646906
-284.413355,131,2130.752506
-444.031233,239,2131.037921
-248.126737,129,2131.145351
-311.263431,121,2131.243273
-234.760618,135,2131.351446
-279.879156,147,2132.125831
-310.479457,116,2132.221936
-279.210848,130,2132.327241
-233.469991,129,2132.630698
-298.752446,127,2132.73436
-324.763477,153,2132.856516
-308.017371,106,2132.942123
-322.519975,133,2133.141316
-373.067157,303,2133.384468
-291.486723,138,2133.493748
-276.221467,137,2133.696278
-262.373721,133,2133.803645
-396.327981,284,2134.030793
-478.566903,307,2134.374525
-328.964586,155,2134.50398
-425.778096,367,2134.997639
-283.513961,125,2135.099837
-237.179749,138,2135.302683
-295.847749,126,2135.405799
-322.292487,137,2135.515482
-282.793982,123,2135.614343
-308.004111,159,2135.834091
-316.741521,117,2135.92737
-309.803215,132,2136.032889
-329.126534,144,2136.147008
-324.173834,124,2136.342345
-291.466187,149,2136.460332
-255.158955,131,2136.565933
-338.808469,152,2136.780275
-321.804595,142,2136.893329
-275.926348,134,2137.00101
-290.101081,264,2137.321354
-296.05762,144,2137.436394
-296.921572,147,2137.554223
-319.237118,184,2137.89939
-338.564556,160,2138.033108
-274.732157,144,2138.148992
-345.446804,145,2138.263621
-235.324041,140,2138.467825
-310.841601,154,2138.589752
-434.5883,252,2138.790836
-293.977029,144,2138.997778
-392.327926,206,2139.160669
-237.423568,180,2139.306493
-292.054737,143,2139.512907
-300.051382,156,2139.636834
-312.444469,308,2139.97382
-381.074329,304,2140.216402
-307.736131,148,2140.426931
-348.398727,216,2140.596284
-465.246502,687,2141.234429
-656.71198,1000,2142.211004
-293.039946,155,2142.426049
-560.532434,464,2142.792929
-616.165866,1000,2143.788291
-300.845242,149,2144.136683
-362.110231,214,2144.30694
-795.87128,763,2145.35298
-301.959248,179,2145.495454
-319.908671,147,2145.612969
-370.947919,335,2146.081811
-638.262353,763,2146.895084
-353.262489,317,2147.379542
-282.997481,298,2147.851192
-287.736659,273,2148.072001
-300.940801,225,2148.456527
-834.355879,1000,2149.722462
-539.25619,531,2150.349394
-332.825244,146,2150.465362
-340.186914,139,2150.576174
-377.353144,178,2150.716492
-296.594413,189,2151.076329
-307.793489,163,2151.20589
-273.478329,175,2151.557423
-343.151521,146,2151.677027
-255.115722,150,2151.799087
-370.820987,243,2152.223522
-612.17744,840,2153.108457
-315.98384,166,2153.33428
-311.937992,146,2153.451638
-343.68579,159,2153.579523
-312.891733,163,2153.709267
-323.486611,141,2153.915117
-301.921825,155,2154.038124
-334.842302,379,2154.436329
-412.721595,574,2154.998647
-458.418479,333,2155.36071
-380.448827,152,2155.482474
-325.583687,142,2155.596142
-311.696167,142,2155.710049
-295.578021,137,2155.912003
-352.328434,146,2156.029428
-283.953675,138,2156.141555
-344.265228,145,2156.257286
-321.978353,144,2156.465789
-252.952002,135,2156.574291
-281.991398,134,2156.681037
-328.616827,186,2156.924169
-303.930784,137,2157.034148
-286.468001,191,2157.187457
-309.094891,144,2157.396944
-293.333514,173,2157.537773
-280.33868,139,2157.649764
-302.511194,138,2157.760086
-287.766071,128,2157.95687
-297.020975,134,2158.06439
-282.749481,137,2158.175753
-323.031628,140,2158.381521
-321.433966,213,2158.554053
-342.388584,131,2158.659497
-323.526376,132,2158.765391
-296.707836,191,2159.019521
-310.849749,137,2159.130084
-334.427265,133,2159.237555
-282.431844,132,2159.438183
-337.306932,139,2159.548775
-301.344245,144,2159.664286
-247.716323,139,2159.776552
-323.475087,134,2159.976074
-307.523233,153,2160.100135
-277.93005,223,2160.280041
-358.719569,143,2160.488052
-332.882371,132,2160.594595
-285.969973,143,2160.709727
-295.359379,141,2160.91515
-272.571055,136,2161.026621
-250.03187,139,2161.14037
-275.033143,136,2161.253602
-289.762946,244,2161.54513
-334.872124,121,2161.642815
-234.766038,120,2161.740413
-258.352353,142,2162.055962
-295.196034,131,2162.163419
-309.941482,140,2162.276321
-283.807754,140,2162.389742
-306.171748,154,2162.715183
-296.91309,137,2162.826249
-317.830278,138,2162.937851
-332.609273,158,2163.065635
-318.577185,131,2163.374811
-303.892405,139,2163.487863
-271.86985,141,2163.602115
-285.886909,131,2163.937105
-323.985062,162,2164.069206
-296.436847,134,2164.180442
-286.39337,146,2164.299654
-289.363025,138,2164.50678
-386.50018,303,2164.752042
-256.019428,135,2164.955781
-343.997024,136,2165.066083
-349.850258,138,2165.179555
-308.610778,164,2165.310818
-305.025705,134,2165.512424
-318.147768,132,2165.619612
-286.594747,137,2165.730405
-300.853624,132,2165.836751
-261.321538,136,2166.040615
-341.480278,139,2166.152675
-348.467302,145,2166.269657
-348.250731,141,2166.478512
-298.985945,187,2166.630564
-249.971088,184,2166.779194
-257.126214,368,2167.276812
-277.800462,144,2167.39311
-333.915292,144,2167.708351
-243.377264,139,2167.823359
-286.548371,147,2167.941593
-288.450733,134,2168.049906
-322.647933,145,2168.371646
-320.50072,151,2168.494334
-284.682724,150,2168.614477
-287.86237,143,2168.93431
-256.266063,280,2169.16747
-288.934634,142,2169.283012
-362.266264,141,2169.625067
-324.475285,148,2169.744762
-311.26854,145,2169.862946
-365.976489,147,2169.980989
-262.702385,141,2170.334428
-256.654414,160,2170.464157
-219.889984,192,2170.619418
-296.043992,164,2170.952321
-297.704111,888,2171.900032
-258.826132,489,2172.393853
-276.936921,142,2172.603491
-192.271425,189,2172.75841
-251.034656,142,2172.87317
-313.568829,171,2173.221847
-209.898132,146,2173.339837
-297.664209,141,2173.45258
-304.425334,190,2173.700989
-268.919709,140,2173.818463
-265.029144,693,2174.474246
-231.142725,152,2174.692684
-222.759318,143,2174.809667
-265.601174,141,2174.922989
-233.51373,186,2175.072788
-236.169971,382,2175.475682
-216.961812,272,2175.787702
-263.239007,147,2175.906549
-232.505757,166,2176.041301
-227.811611,361,2176.42949
-201.668961,269,2176.747944
-270.075005,190,2176.90262
-259.926221,142,2177.021392
-254.276209,172,2177.364543
-269.632336,166,2177.498562
-165.386413,234,2177.687382
-236.058411,204,2177.945534
-218.515687,140,2178.058052
-335.889169,169,2178.194207
-319.2044,175,2178.428569
-264.697986,201,2178.591692
-263.158298,177,2178.735163
-227.821802,211,2178.999103
-201.701397,285,2179.234448
-286.857017,228,2179.512578
-192.046871,254,2179.718261
-324.439108,165,2179.94757
-259.943531,276,2180.174569
-285.729197,177,2180.413935
-158.410036,431,2180.802176
-270.831336,137,2181.042174
-226.47172,174,2181.182999
-196.643271,165,2181.31774
-263.837428,158,2181.538562
-229.527834,214,2181.711895
-228.10684,615,2182.300337
-294.605994,134,2182.501398
-246.426543,167,2182.638034
-247.095208,189,2182.791501
-182.430274,370,2183.185292
-213.797955,402,2183.601151
-272.064593,466,2184.065819
-182.499737,200,2184.22823
-251.753884,292,2184.557139
-598.33192,263,2184.771931
-319.507277,634,2185.378406
-297.14569,389,2186.581904
-261.231164,174,2186.722564
-241.393509,169,2186.951324
-255.037398,207,2187.124795
-291.385908,170,2187.355908
-242.759395,140,2187.470697
-247.498032,140,2187.583748
-295.61902,139,2187.69593
-260.737259,167,2187.923061
-254.330276,150,2188.044315
-536.623016,520,2188.559604
-223.226213,209,2188.72786
-246.367797,136,2188.932167
-245.613184,143,2189.048362
-288.761949,133,2189.158174
-256.839748,127,2189.262277
-267.600413,193,2189.509794
-271.643032,338,2189.782626
-277.347786,142,2189.991881
-224.455021,192,2190.147756
-286.014157,153,2190.272183
-315.715178,160,2190.495296
-242.43504,128,2190.598947
-155.531787,263,2190.811297
-255.364619,249,2191.10656
-351.814043,384,2191.514197
-286.910786,172,2191.655095
-212.240278,189,2191.808671
-220.126142,197,2192.061957
-299.676493,140,2192.175836
-234.131848,167,2192.311962
-302.403022,143,2192.522023
-258.387445,186,2192.671286
-281.352986,153,2192.794828
-254.567236,147,2193.007955
-205.408506,188,2193.158853
-281.497153,133,2193.265614
-241.696939,131,2193.465343
-287.032032,134,2193.573368
-267.668633,208,2193.740126
-232.816871,150,2193.862078
-236.802398,193,2194.112047
-248.462549,178,2194.256965
-257.16366,138,2194.367995
-498.916712,469,2194.846699
-323.438613,203,2195.104589
-227.602256,147,2195.224297
-278.501183,279,2195.542591
-265.890561,147,2195.660841
-290.085504,164,2195.792125
-199.337902,180,2196.031953
-283.300419,185,2196.17948
-310.092834,150,2196.299467
-244.134528,188,2196.545729
-347.104702,241,2196.738764
-18.096088,1000,2197.736314
-236.877239,188,2197.886765
-228.202175,152,2198.102861
-255.994869,180,2198.246735
-181.984246,279,2198.56599
-204.618425,238,2198.754895
-255.766851,145,2198.871857
-271.708569,139,2199.076086
-257.400325,142,2199.191736
-145.831978,333,2199.553269
-41.042808,1000,2200.450435
-183.673445,202,2200.706789
281.398257,1000,2201.696398
-38.262489,670,2202.327326
-190.366927,238,2202.610028
-625.083448,608,2203.191879
-362.005872,876,2204.075552
-299.370483,161,2204.207351
-222.368047,144,2204.324083
-434.057761,473,2204.795712
-375.079734,638,2205.400776
-300.994246,185,2205.654451
-294.076731,167,2205.787473
-433.418832,532,2206.309853
-252.428995,216,2206.483138
-232.990793,133,2206.684574
-302.297952,152,2206.806269
-289.226165,402,2207.220028
-369.496983,316,2207.473343
-293.197556,185,2207.713261
-307.784012,164,2207.844553
-334.011573,160,2207.972418
-146.726472,504,2208.470801
-205.908885,283,2208.790855
-343.852247,303,2209.125407
-276.931542,223,2209.307753
-246.790466,216,2209.479857
-138.619252,259,2209.781772
-375.071103,601,2210.355216
-306.627076,197,2210.513645
-265.81335,192,2210.759273
-280.211328,299,2210.999123
-163.746503,256,2211.296363
-260.492606,148,2211.414855
-203.808775,357,2211.792519
-247.195706,523,2212.305295
-241.425752,1000,2213.556818
-327.048981,569,2214.212544
-351.466689,232,2214.398898
-228.658362,277,2214.822358
-289.222142,586,2215.529736
-332.280933,202,2215.69104
-506.697057,747,2216.745972
-359.367713,628,2217.455145
-289.953957,258,2217.900888
-463.265929,1000,2219.126418
-631.20467,325,2219.388059
-227.402898,199,2219.750741
-282.568719,451,2220.337308
-355.10754,832,2221.209662
-222.909145,213,2221.584326
-212.030183,194,2221.741565
-810.413311,845,2222.8508
-428.319342,661,2223.586374
-84.498688,1000,2224.853299
-702.2339,752,2225.658749
-877.83651,523,2226.296254
-270.004648,344,2226.810197
-157.629119,570,2227.506464
-775.411044,1000,2228.636784
-348.457217,222,2228.908418
-259.070008,1000,2229.808715
-310.400684,168,2230.141108
-268.367452,220,2230.320146
-311.704481,181,2230.559687
-305.776688,147,2230.678864
-331.545676,157,2230.806352
-233.003513,275,2231.121169
-433.354246,225,2231.302005
-395.068634,411,2231.724648
-214.046883,275,2231.946916
-265.897084,129,2232.143251
-277.355182,346,2232.424288
-292.74091,263,2232.7285
-359.783315,178,2232.87198
-380.483934,430,2233.313005
-234.673457,186,2233.462523
-304.906064,149,2233.67151
-328.931801,231,2233.856474
-331.301264,179,2234.09384
-250.824717,228,2234.277906
-270.677474,187,2234.427409
-314.617231,206,2234.685898
-587.304261,669,2235.456637
-354.619587,137,2235.566288
-370.880772,139,2235.87768
-715.654053,878,2236.830439
-291.180593,155,2237.158379
-288.330322,189,2237.311459
-325.711401,174,2237.450507
-322.127146,133,2237.771763
-261.575171,191,2237.926914
-238.705829,164,2238.059935
-281.141206,140,2238.267393
-363.922569,125,2238.369297
-314.927034,175,2238.509721
-287.6305,139,2238.622576
-308.212926,136,2238.825951
-265.94091,128,2238.93009
-439.176088,477,2239.410798
-719.315242,1000,2241.413138
-352.827317,421,2241.987249
-252.604854,261,2242.197639
-282.289749,144,2242.313095
-287.218142,182,2242.562364
-355.188541,140,2242.674649
-267.027923,138,2242.785977
-322.824327,156,2243.002073
-336.150584,111,2243.091421
-151.632896,192,2243.246911
-616.32611,452,2243.703821
-269.635567,123,2243.802899
-333.98455,283,2244.121829
-281.405196,292,2244.359816
-294.834784,221,2244.631355
-523.03512,526,2245.14967
-227.146748,179,2245.295473
-344.695167,283,2245.616033
-289.125988,157,2245.743118
-239.510974,199,2245.997091
-722.465338,1000,2246.986194
-685.551792,1000,2247.886921
-515.853504,1000,2248.880585
-542.980969,1000,2249.993283
-207.247167,1000,2251.10915
-339.358463,262,2251.415714
-103.943754,1000,2252.409304
-399.583599,984,2253.389173
-300.250284,240,2253.583648
-239.98821,464,2254.157809
-512.027709,961,2255.376445
-569.666938,977,2256.351519
-172.112315,282,2256.578027
-106.617147,290,2256.905712
-154.317913,1000,2257.980239
-125.347516,425,2258.418526
-420.913061,1000,2259.532418
-542.662555,539,2260.060864
-471.351394,852,2260.847439
-308.318227,544,2261.379734
-459.098301,642,2262.085697
-402.202381,562,2262.634927
-583.903392,1000,2263.634862
-289.307297,160,2263.763522
-284.987287,433,2264.330982
-624.192967,1000,2265.330457
-200.549245,1000,2266.580402
-485.876965,742,2267.405677
-1037.877416,1000,2268.685967
-215.184385,446,2269.286549
-272.813883,392,2269.812211
-433.839485,630,2270.529804
-253.915322,224,2270.914562
-696.121153,1000,2272.157911
-298.798012,124,2272.258915
-433.563908,525,2272.890476
-301.8875,154,2273.014606
-228.328453,219,2273.409527
-276.523943,282,2273.646865
-209.531121,259,2274.058627
-304.107011,1000,2275.284
-396.198638,537,2275.957155
-338.992864,222,2276.141073
-312.191866,159,2276.271392
-326.376091,313,2276.748649
-173.630205,197,2276.908298
-279.295796,181,2277.257832
-288.444296,245,2277.454382
-255.815013,268,2277.908854
-287.73474,158,2278.037926
-237.260358,177,2278.182983
-263.877446,155,2278.53751
-270.204521,178,2278.684371
-198.637652,190,2278.842461
-236.624857,201,2279.24475
-224.219626,191,2279.400946
-380.736832,302,2279.872206
-206.604358,195,2280.032287
-221.628784,180,2280.181223
-229.808431,204,2280.554152
-220.786374,173,2280.694746
-295.354679,234,2281.120548
-249.190394,158,2281.250712
-213.15933,195,2281.411287
-300.446732,148,2281.736427
-278.266039,139,2281.850987
-244.442253,136,2281.964118
-284.700003,150,2282.086843
-285.983443,146,2282.410019
-265.970541,169,2282.547571
-250.873157,181,2282.69434
-227.277738,138,2283.026531
-283.557372,138,2283.138829
-301.064215,180,2283.286074
-247.602114,224,2283.705258
-217.658026,198,2283.86598
-202.053383,193,2284.21973
-218.377775,237,2284.418989
-257.447166,237,2284.610721
-245.775516,145,2284.933264
-358.265784,554,2285.622064
-342.537991,661,2286.382585
-243.18433,133,2286.491642
-290.317621,143,2286.811214
-212.676827,219,2286.98999
-331.312406,333,2287.494148
-334.805722,181,2287.642856
-225.735803,203,2287.808411
-282.247377,178,2288.192811
-264.421588,158,2288.321407
-245.731734,148,2288.441906
-281.264797,114,2288.747042
-229.717645,127,2288.852949
-255.564545,165,2288.987924
-263.741123,179,2289.34564
-290.684943,193,2289.503947
-265.29972,155,2289.630475
-228.336046,186,2290.018058
-281.767103,287,2290.251301
-201.205204,187,2290.631016
-349.639143,140,2290.757439
-358.545887,235,2290.950077
-274.581143,138,2291.291909
-344.521886,172,2291.435818
-308.162331,157,2291.564491
-211.392324,260,2292.008993
-270.878831,147,2292.129489
-239.471309,180,2292.27884
-241.452925,195,2292.65619
-300.612495,177,2292.802317
-316.671474,168,2292.940048
-302.48679,143,2293.286151
-242.119966,170,2293.425593
-249.321784,121,2293.526075
-264.786331,154,2293.848539
-208.770427,187,2294.00876
-260.730807,245,2294.211443
-273.666332,172,2294.581293
-292.496879,123,2294.682259
-218.621578,197,2294.84508
-268.537701,245,2295.245122
-279.759626,149,2295.368078
-289.127582,142,2295.485216
-222.655004,122,2295.751666
-260.025115,133,2295.86139
-232.47186,181,2296.010609
-236.409969,184,2296.27072
-255.157824,140,2296.385538
-266.618002,173,2296.528072
-278.96228,171,2296.76011
-275.588819,152,2296.883984
-293.965047,140,2296.99931
-316.931549,149,2297.121731
-226.087055,232,2297.996568
-234.535918,142,2298.113138
-283.929816,161,2298.244895
-289.921775,151,2298.460969
-240.505698,144,2298.579726
-298.685374,139,2298.693761
-266.775999,132,2298.895264
-294.982413,134,2299.005093
-244.047822,144,2299.123179
-218.527535,195,2299.283629
-248.648261,135,2299.487552
-325.447523,148,2299.609001
-262.85084,147,2299.729941
-268.550533,141,2299.939877
-292.790985,156,2300.067857
-274.089826,160,2300.198956
-301.556807,116,2300.294327
-262.970776,151,2300.510014
-190.812267,204,2300.675788
-241.803162,159,2300.805346
-283.872327,142,2301.123557
-232.319266,152,2301.249097
-267.726164,154,2301.375962
-300.887952,147,2301.731334
-239.557538,157,2301.864578
-333.546132,162,2301.999473
-253.293178,142,2302.119624
-235.390914,145,2302.450286
-240.643181,142,2302.566411
-310.903708,124,2302.668862
-210.285814,147,2303.022528
-225.45444,185,2303.178275
-219.380237,221,2303.359618
-299.597975,156,2303.587627
-251.847318,210,2303.75878
-331.271473,241,2304.04676
-223.829066,177,2304.193513
-258.191328,134,2304.303755
-265.42289,140,2304.42039
-206.006663,159,2304.644482
-198.069647,245,2304.842537
-262.005147,172,2305.076117
-260.513315,227,2305.2627
-254.656687,572,2305.933097
-110.540275,244,2306.330377
-262.550501,143,2306.448782
-220.833203,232,2306.640832
-247.935648,150,2306.966671
-166.396628,242,2307.163354
-378.437831,295,2307.622437
-280.11601,153,2307.746924
-271.07604,158,2307.876352
-245.873584,162,2308.225785
-274.522474,139,2308.343613
-326.723674,233,2308.533957
-202.497699,252,2308.940105
-447.81845,558,2309.491264
-235.339812,145,2309.61309
-448.815726,604,2310.200757
-260.808374,192,2310.450856
-240.550072,140,2310.566684
-253.691258,145,2310.686466
-247.616284,152,2310.903275
-184.797827,174,2311.050111
-253.095979,179,2311.195998
-251.121695,130,2311.395352
-323.592399,167,2311.530899
-245.457118,170,2311.670837
-199.126411,178,2311.909985
-250.834312,172,2312.050627
-177.128756,497,2312.551988
-132.941626,250,2312.754247
-229.240017,149,2312.968265
-240.11197,194,2313.128213
-313.286333,226,2313.312132
-183.18218,209,2313.576791
-204.832773,127,2313.681755
-251.445014,155,2313.808949
-201.752174,254,2314.110166
-249.991111,206,2314.280124
-260.451722,158,2314.61304
-201.677856,159,2314.743062
-213.488405,158,2314.872622
-266.266869,145,2315.188502
-575.036541,658,2315.961427
-162.445891,198,2316.123396
-185.373189,208,2316.520834
-315.194871,227,2316.706695
-201.164913,151,2316.83089
-213.905094,205,2317.238725
-263.741667,144,2317.3583
-203.14326,188,2317.513957
-209.08309,187,2317.867737
-222.452615,160,2317.999199
-236.558249,152,2318.125616
-296.516757,167,2318.50755
-196.59136,201,2318.672968
-198.026909,430,2319.260486
-224.96493,129,2319.367935
-191.353838,494,2320.011439
-210.127009,132,2320.121506
-235.385684,135,2320.444433
-221.660713,180,2320.591939
-224.59293,144,2320.71022
-213.605471,200,2321.07927
-246.89748,143,2321.198026
-278.642721,221,2321.380054
-180.144935,256,2321.809219
-504.442057,493,2322.415251
-522.139952,680,2323.064902
-257.342656,141,2323.180351
-240.639147,170,2323.41333
-236.975878,179,2323.562544
-461.670194,860,2324.453936
-237.984671,550,2324.995776
-217.114417,176,2325.141047
-262.817568,162,2325.366691
-286.23007,151,2325.489712
-221.079707,177,2325.635074
-247.580592,170,2325.867136
-241.42976,131,2325.97685
-291.186138,171,2326.117106
-247.834755,153,2326.242069
-257.012478,144,2326.457448
-256.50504,155,2326.58526
-188.107691,185,2326.738619
-572.720331,940,2327.701202
-227.030484,139,2327.815719
-218.388068,202,2328.075696
-291.472771,171,2328.214832
-266.627931,137,2328.329806
-249.560953,181,2328.572732
-242.580749,130,2328.680675
-248.215315,152,2328.804815
-215.022407,188,2329.051889
-238.666536,136,2329.164065
-734.371767,604,2329.753693
-292.815107,159,2329.883457
-173.28038,180,2330.23983
-257.965738,153,2330.367099
-257.141169,138,2330.481718
-198.964047,151,2330.831731
-288.292573,143,2330.948814
-208.556713,148,2331.069757
-234.000226,136,2331.383095
-278.847004,159,2331.5154
-237.572291,129,2331.621891
-221.625143,309,2332.079309
-210.128359,199,2332.244595
-219.404754,143,2332.363313
-215.368777,254,2332.806524
-211.029128,187,2332.959738
-199.677657,130,2333.068193
-231.821431,143,2333.424237
-258.317326,137,2333.538977
-257.892472,178,2333.686858
-239.01343,150,2334.034535
-244.08797,155,2334.163227
-264.71647,145,2334.284212
-226.645286,149,2334.640634
-226.826019,185,2334.797517
-257.430064,174,2334.942451
-248.322605,158,2335.298913
-172.705845,204,2335.470621
-257.369261,162,2335.605757
-247.090033,136,2335.952721
-257.113692,157,2336.083198
-249.109909,178,2336.230291
-224.084104,171,2336.602409
-241.237022,138,2336.725129
-160.421005,181,2336.87344
-210.833841,129,2336.98097
-217.72017,131,2337.32756
-232.010455,177,2337.474216
-212.826446,127,2337.580722
-213.192814,167,2337.952047
-173.395949,188,2338.112261
-242.03761,128,2338.218818
-281.984201,175,2338.574806
-257.103582,168,2338.713914
-243.069518,139,2338.830066
-274.4407,127,2338.936274
-226.582552,136,2339.286418
-232.32033,136,2339.399801
-214.036246,153,2339.525869
-211.594461,154,2339.877346
-228.680819,213,2340.064743
-248.581561,158,2340.195229
-365.189394,480,2340.682271
-315.245559,255,2340.983474
-224.544248,155,2341.110825
-288.331137,232,2341.301491
-141.818902,193,2341.556395
-220.587258,154,2341.683729
-228.669912,150,2341.807107
-228.247705,148,2342.023142
-238.459892,166,2342.15885
-174.077104,149,2342.281216
-190.713891,143,2342.61684
-237.890668,156,2342.746546
-167.270264,178,2342.89461
-217.418087,144,2343.217453
-239.904962,166,2343.355453
-227.87449,177,2343.50084
-240.08845,141,2343.617053
-228.921559,161,2343.986131
-206.450683,178,2344.133795
-196.955976,136,2344.249277
-216.800625,155,2344.613804
-223.423554,159,2344.746283
-180.920635,180,2344.896239
-251.541966,154,2345.225887
-169.211082,143,2345.344953
-245.199845,144,2345.463671
-201.49105,153,2345.814754
-223.257706,155,2345.956863
-217.075535,160,2346.08785
-200.693906,154,2346.214945
-218.577879,151,2346.542918
-219.178876,148,2346.665987
-239.252515,220,2346.847053
-209.197237,191,2347.223188
-156.627869,181,2347.371506
-265.971744,206,2347.770324
-190.356498,177,2347.917298
-210.460739,173,2348.059199
-195.436819,183,2348.448644
-503.889205,695,2349.270415
-265.103119,635,2350.026894
-195.963742,159,2350.384553
-216.638587,263,2350.601304
-180.937402,163,2350.73495
-231.090848,135,2351.046426
-201.594822,150,2351.170119
-166.062418,142,2351.287118
-225.676078,174,2351.65987
-151.599719,192,2351.831309
-213.004097,145,2351.951269
-233.748533,163,2352.086164
-195.338371,148,2352.421667
-130.932537,192,2352.580047
-265.904691,155,2352.707939
-206.229047,149,2353.068831
-144.986813,236,2353.263875
-222.35071,161,2353.614874
-253.841838,146,2353.735909
-238.134672,150,2353.858572
-211.274142,133,2353.96721
-200.650658,151,2354.336086
-151.792519,160,2354.467986
-254.333266,156,2354.596877
-214.218664,169,2354.939141
-233.334251,151,2355.06321
-270.862144,223,2355.247284
-217.776283,177,2355.630775
-238.874295,142,2355.7486
-207.105333,152,2355.874532
-212.445352,147,2356.757843
-198.974977,139,2356.873877
-200.652058,140,2356.989695
-238.948217,265,2357.416666
-163.994392,136,2357.53104
-220.816777,131,2357.640684
-201.693612,155,2357.769013
-230.276736,153,2358.131295
-236.207081,182,2358.282306
-223.023076,133,2358.393637
-217.789916,198,2358.763315
-256.015467,249,2358.968922
-219.609211,198,2359.349355
-246.649956,152,2359.475643
-231.43035,145,2359.595337
-205.164281,189,2359.956429
-158.149733,172,2360.097824
-223.960972,153,2360.22505
-296.326263,162,2360.586603
-210.466166,140,2360.713783
-236.781522,131,2360.824328
-245.832947,120,2360.924736
-230.842733,145,2361.25002
-166.022867,183,2361.403919
-226.247895,140,2361.520375
-195.733828,182,2361.90582
-229.750711,146,2362.029669
-245.002359,141,2362.147043
-251.708416,123,2362.24959
-237.696332,148,2362.604776
-208.964153,158,2362.736419
-220.343133,142,2362.854396
-226.4808,150,2363.180874
-228.495137,140,2363.308203
-269.978721,163,2363.442186
-235.624917,139,2363.557134
-200.442743,150,2363.919333
-113.356046,235,2364.113645
-191.170733,149,2364.239027
-238.368261,141,2364.572165
-208.101647,130,2364.681384
-212.328261,200,2364.845785
-179.080623,150,2365.178679
-194.710177,135,2365.293049
-198.985965,176,2365.440859
-200.396409,173,2365.794622
-194.153638,125,2365.899251
-203.497198,141,2366.017208
-217.915932,180,2366.165956
-194.425663,152,2366.497668
-204.54465,154,2366.624819
-260.011167,153,2366.75144
-250.927374,202,2367.121865
-219.140805,147,2367.244329
-199.046981,123,2367.34755
-199.794797,139,2367.671822
-137.720367,211,2367.848821
-198.774853,142,2367.966954
-222.031478,133,2368.078645
-218.910267,150,2368.408736
-217.294909,173,2368.551885
-188.042685,161,2368.684236
-215.8273,148,2369.044748
-243.551501,144,2369.165208
-232.931379,160,2369.299324
-210.598278,134,2369.613363
-186.996142,148,2369.738616
-192.826845,154,2369.866944
-216.667137,153,2369.993788
-249.207293,136,2370.346283
-201.74668,143,2370.464697
-222.251105,128,2370.571693
-233.527424,130,2370.908546
-182.799199,192,2371.074452
-226.136386,149,2371.198396
-213.25793,186,2371.587096
-175.143987,187,2371.743378
-235.857378,171,2371.884954
-293.358156,405,2372.458523
-254.33879,191,2372.616586
-256.529359,152,2372.980192
-206.588452,365,2373.285681
-239.472687,176,2373.636706
-295.789889,351,2373.927082
-224.000154,134,2374.248908
-236.185429,158,2374.3793
-225.14001,180,2374.527619
-234.251048,149,2374.852911
-193.429877,186,2375.006669
-240.797813,162,2375.139554
-199.213368,548,2375.772452
-457.006668,1000,2377.016175
-234.447663,279,2377.341147
-217.612257,214,2377.517244
-823.53179,891,2378.45155
-245.138054,155,2378.57959
-236.64934,153,2378.798714
-235.105994,175,2378.942865
-184.84159,184,2379.093033
-134.861775,198,2379.351008
-235.382127,140,2379.467376
-266.254571,153,2379.593319
-215.110452,140,2379.802193
-194.410832,270,2380.025077
-183.274972,180,2380.171532
-199.132705,186,2380.421834
-446.077254,526,2380.948527
-207.203258,184,2381.100194
-267.694897,142,2381.310373
-228.570386,142,2381.429997
-230.014122,156,2381.558562
-222.766226,149,2381.68194
-263.053207,153,2381.901404
-209.38948,234,2382.093844
-265.522787,162,2382.225582
-182.010224,163,2382.451877
-292.519834,237,2382.647451
-234.614782,173,2382.883426
-210.641978,188,2383.038226
-240.987476,154,2383.165126
-256.318917,156,2383.387495
-233.451318,134,2383.498158
-238.746461,143,2383.617689
-223.305065,147,2383.739763
-239.449883,176,2383.979024
-219.408951,172,2384.12173
-329.974081,236,2384.41143
-160.775963,199,2384.57773
-204.53188,180,2384.725887
-234.00852,164,2384.952831
-197.657765,726,2385.648396
-354.169616,412,2386.082168
-237.679118,187,2386.236826
-237.268975,159,2386.370786
-185.047457,222,2386.647663
-154.771018,196,2386.810663
-242.532926,156,2387.033973
-182.742057,506,2387.548019
-192.623092,193,2387.708038
-233.939251,152,2387.834025
-268.808662,182,2388.077157
-169.02893,184,2388.230437
-214.845152,131,2388.340573
-255.634996,155,2388.562712
-213.680063,157,2388.692457
-233.728526,172,2388.832604
-223.425086,160,2388.965258
-318.616534,341,2389.344866
-201.946574,136,2389.458624
-180.657136,134,2389.711136
-272.153993,147,2389.8341
-222.679763,181,2389.984359
-226.386056,171,2390.336459
-271.177224,1000,2391.579997
-258.126334,138,2391.69618
-185.644818,178,2391.843503
-231.8236,137,2391.958311
-171.81139,158,2392.289784
-227.831066,165,2392.426674
-267.700602,139,2392.5412
-241.855283,146,2392.754372
-232.387524,149,2392.876753
-243.580728,138,2392.990796
-190.514154,200,2393.248041
-235.857166,171,2393.388435
-258.675597,152,2393.514373
-220.593082,172,2393.748164
-204.26399,165,2393.88394
-239.306338,147,2394.005343
-286.98203,159,2394.229225
-197.617676,165,2394.365719
-255.435876,169,2394.50546
-237.60479,155,2394.633406
-222.631608,168,2394.863342
-236.436873,140,2394.979711
-196.175039,225,2395.258491
-254.795079,160,2395.390524
-248.379592,165,2395.527491
-230.648671,152,2395.653321
-175.469474,203,2395.914573
-253.848068,166,2396.054553
-227.549025,250,2396.463146
-568.047222,712,2397.141258
-213.348177,148,2397.263282
-327.874989,601,2398.115493
-258.306022,128,2398.224251
-214.132921,148,2398.348083
-252.702237,155,2398.475457
-303.174211,147,2398.69119
-221.388627,277,2398.919269
-260.017386,232,2399.20231
-278.854619,144,2399.321402
-246.2162,170,2399.461583
-235.617266,133,2399.665074
-243.58218,164,2399.800733
-223.426109,152,2399.926506
-314.06952,155,2400.053655
-229.332578,138,2400.261858
-285.573574,157,2400.392044
-295.144283,145,2400.511404
-207.90002,190,2400.760911
-221.408673,135,2400.873071
-275.568727,168,2401.011894
-190.316686,185,2401.336438
-263.385906,139,2401.453048
-206.946842,146,2401.57497
-226.153535,150,2401.698354
-223.868047,138,2401.905861
-264.395137,285,2402.141629
-227.306505,139,2402.353804
-229.579955,123,2402.456237
-217.939667,137,2402.569398
-220.00553,193,2402.729175
-215.44191,174,2403.103995
-259.740127,156,2403.231944
-182.65876,208,2403.402924
-220.931027,829,2404.548007
-328.448839,127,2404.652028
-243.568771,173,2404.993113
-238.541848,139,2405.108358
-293.65104,213,2405.28425
-352.215112,189,2405.533655
-267.430195,117,2405.630744
-244.929142,184,2405.782961
-343.071928,242,2406.07453
-200.766038,192,2406.232181
-323.042348,174,2406.467145
-226.211485,144,2406.586765
-255.466191,159,2406.717734
-275.29739,147,2406.838218
-340.488784,352,2407.22262
-301.601358,159,2407.3547
-255.556839,173,2407.700237
-341.258137,215,2407.87553
-277.102096,160,2408.006581
-328.08853,165,2408.376711
-295.32418,152,2408.502101
-324.576489,143,2408.619081
-347.654078,108,2408.800989
-242.054634,144,2408.919656
-311.27944,154,2409.045899
-349.262253,443,2409.505673
-291.233659,153,2409.632157
-276.980219,163,2409.858608
-318.818671,140,2409.974423
-261.430122,158,2410.10359
-282.479553,171,2410.337275
-274.912831,172,2410.481229
-249.365954,136,2410.593874
-226.789787,137,2410.705942
-308.058219,150,2410.924071
-413.059838,201,2411.087959
-670.963014,892,2412.008027
-299.671883,199,2412.171781
-381.5325,547,2413.417148
-335.545413,133,2413.712977
-415.609427,505,2414.361264
-293.508423,183,2414.512147
-264.582754,142,2414.630079
-316.080556,139,2414.746271
-289.273015,173,2415.125051
-269.236804,139,2415.240832
-271.284938,178,2415.385701
-319.264327,169,2415.616336
-260.809073,154,2415.741699
-272.296408,132,2415.849345
-337.151297,127,2416.046263
-223.849154,132,2416.156318
-246.717003,202,2416.321419
-267.073836,183,2416.672179
-240.473646,169,2416.810783
-289.159275,149,2416.933285
-279.179802,130,2417.040059
-320.199324,208,2417.304811
-285.66639,130,2417.410919
-269.916451,156,2417.537936
-305.548298,177,2417.775289
-457.249926,649,2418.401617
-432.316918,227,2418.58616
-253.359966,175,2418.824243
-256.394885,152,2418.949357
-225.855287,171,2419.088214
-287.485535,166,2419.316877
-448.020343,454,2419.783635
-279.092273,175,2419.926507
-210.540256,137,2420.04011
-269.78412,132,2420.243436
-244.588357,150,2420.367115
-227.081025,132,2420.475751
-275.329121,197,2420.637181
-169.42535,185,2420.881228
-205.189333,185,2421.032529
-251.447404,166,2421.259771
-215.274848,136,2421.374555
-267.412371,157,2421.502849
-244.995741,159,2421.632929
-303.252932,373,2422.030384
-217.463396,146,2422.150647
-333.07074,189,2422.398732
-244.911389,149,2422.520432
-300.141243,142,2422.637865
-210.813509,149,2422.852488
-286.484069,163,2422.985869
-222.48575,163,2423.119622
-312.459246,153,2423.339634
-230.51641,181,2423.488332
-305.475397,177,2423.631975
-305.097266,192,2423.907467
-242.048622,169,2424.044981
-288.192702,389,2424.458727
-270.497862,182,2424.607048
-324.599722,205,2424.772514
-341.646278,226,2425.048943
-254.613637,170,2425.187515
-268.250102,170,2425.419411
-251.524609,160,2425.550483
-611.069736,776,2426.275921
-334.722113,242,2426.565243
-392.22208,468,2427.04158
-257.654191,169,2427.178981
-739.529086,776,2428.00318
-203.152602,162,2428.151548
-189.055495,263,2428.367937
-839.911196,1000,2429.602641
-214.460736,203,2429.862583
-502.249724,473,2430.34302
-320.068094,1000,2431.351675
-455.946695,1000,2432.364461
-389.355031,217,2432.541395
-279.034429,235,2432.827743
-296.378147,162,2432.960612
-259.641013,145,2433.079777
-277.085779,152,2433.20575
-284.753067,201,2433.46377
-189.163867,186,2433.614975
-175.693754,386,2434.024974
-319.845652,314,2434.377187
-244.504412,144,2434.495639
-227.081849,147,2434.617008
-246.547635,173,2434.759147
-225.691923,175,2434.994476
-403.004083,399,2435.416118
-287.946662,141,2435.531603
-304.471726,222,2435.713265
-283.142873,150,2435.928905
-335.64874,245,2436.128348
-238.515938,169,2436.266126
-501.372213,650,2437.093781
-327.100554,189,2437.248849
-208.746201,181,2437.397326
-214.600235,173,2437.633697
-274.010826,149,2437.756735
-254.85452,150,2437.879818
-303.338968,166,2438.10791
-328.25664,174,2438.251468
-261.165552,137,2438.363334
-245.64835,187,2438.611524
-260.712261,164,2438.747519
-235.680235,163,2438.880629
-194.270993,209,2439.143206
-270.106952,169,2439.283576
-185.78996,270,2439.597767
-227.805417,568,2440.15459
-242.704498,267,2440.372721
-237.9866,237,2440.659034
-242.201277,161,2440.791258
-199.177504,197,2440.95169
-442.721178,1000,2441.966948
-184.925907,1000,2442.975213
-245.754823,169,2443.206418
-229.28146,171,2443.347481
-264.635701,248,2443.552122
-213.789634,194,2443.806889
-154.398259,203,2443.972948
-327.516481,244,2444.269389
-234.158631,164,2444.40416
-268.927495,183,2444.554143
-284.627051,229,2444.835712
-234.38173,205,2445.001737
-313.150739,1000,2446.007509
-241.547266,184,2446.157303
-317.229782,305,2446.502964
-211.568304,224,2446.687206
-379.338076,676,2447.427698
-209.940161,138,2447.543181
-191.395624,181,2447.691866
-281.12617,181,2447.934581
-194.217415,172,2448.074674
-784.478598,679,2448.720404
-174.868717,212,2448.98677
-213.680846,163,2449.120436
-205.447489,171,2449.372698
-217.820816,195,2449.536827
-249.400393,155,2449.663861
-217.925787,170,2449.977967
-227.552933,128,2450.085009
-731.146983,798,2450.943959
-359.130465,324,2451.305901
-234.03262,157,2451.435179
-570.798445,558,2452.104409
-230.252981,171,2452.481117
-224.001177,139,2452.597271
-183.617207,194,2452.755919
-268.492709,196,2453.023785
-226.127923,164,2453.158611
-462.335507,555,2453.709948
-248.021905,147,2453.831767
-272.543203,407,2454.260393
-197.989267,180,2454.502975
-224.386694,173,2454.645258
-243.105755,166,2454.781593
-285.10566,230,2455.065892
-424.758984,637,2455.68532
-236.385524,416,2456.120311
-214.79399,144,2456.241159
-287.154661,252,2456.540432
-230.688931,170,2456.679971
-375.102987,459,2457.151061
-252.044663,241,2457.348671
-224.126535,1000,2458.359457
-198.147366,402,2458.788324
-330.648301,1000,2459.922612
-372.121681,516,2460.44074
-313.097011,504,2460.948527
-287.597833,213,2461.122476
-227.519298,641,2461.837908
-508.444923,699,2462.608457
-226.666433,211,2462.781299
-384.188209,459,2463.250644
-346.271337,309,2463.596215
-205.4895,1000,2464.605527
-678.475918,820,2465.934474
-387.47779,454,2466.530355
-217.638659,190,2466.780438
-220.21034,304,2467.030241
-330.214411,475,2467.514194
-85.720898,1000,2468.529815
-435.770945,442,2468.988248
-666.599776,1000,2470.004597
-552.074315,896,2470.931211
-543.567593,819,2471.696256
-427.810992,885,2472.60683
-238.035635,1000,2473.611929
-268.753431,747,2474.316221
-277.659695,239,2474.606641
-271.433808,491,2475.101933
90.249443,1000,2476.110566
-181.651361,184,2476.267466
-393.023674,660,2476.90067
-417.530292,455,2477.370067
-146.829894,264,2477.68104
-193.356198,192,2477.838591
-200.094245,184,2478.081343
-467.475727,790,2478.948736
-469.989916,1000,2480.210682
-521.897297,287,2480.669059
-418.233447,436,2481.218382
-339.819971,851,2482.12696
-422.763448,916,2483.347689
-420.172268,275,2483.575452
-328.840073,446,2484.121312
-235.443312,197,2484.503348
-482.211291,979,2485.776671
-189.483187,204,2485.94372
-473.411592,613,2486.655839
-503.049416,718,2487.533789
-247.318298,178,2487.679553
-202.475582,215,2487.855121
-148.590034,200,2488.130471
-176.308784,415,2488.567156
-337.91818,669,2489.212857
-272.517666,418,2489.64722
-264.137753,326,2489.914245
-218.016136,217,2490.310709
-192.679439,421,2490.760774
-585.529142,767,2491.484255
-129.583831,439,2491.937985
-348.727028,577,2492.505096
-182.750043,505,2493.010468
-210.702842,171,2493.150146
-637.680117,700,2494.046352
-272.903732,330,2494.322217
-589.195813,392,2494.852042
-253.628321,159,2495.075444
-554.8135,339,2495.356734
-238.297517,175,2495.595865
-193.258749,239,2495.792591
-247.044333,245,2495.992324
-184.034118,1000,2496.994305
-253.915029,243,2497.286068
-221.638489,332,2497.652794
-135.423627,194,2497.813491
-452.484643,642,2498.436694
-289.514602,229,2498.834556
-211.997242,140,2498.950766
-178.361436,150,2499.073451
-404.415968,380,2499.478392
-192.779386,209,2499.649757
-228.197808,175,2499.990876
-101.237544,199,2500.155112
-234.615442,295,2500.493968
-177.124058,190,2500.654954
-178.511693,142,2500.772184
-119.390399,343,2501.254098
-157.264667,183,2501.40551
-209.306839,167,2501.637515
-207.172285,168,2501.77641
-145.132588,204,2501.946824
-183.864928,143,2502.158001
-167.452984,156,2502.286208
-186.625164,175,2502.431262
-205.842372,152,2502.649704
-243.216861,221,2502.829344
-196.427026,158,2502.959192
-158.446294,149,2503.175674
-141.896143,142,2503.293719
-302.511031,405,2503.720143
-119.340775,180,2503.86771
-196.425068,213,2504.043142
-293.327432,696,2504.805901
-132.808623,198,2504.969242
-189.199923,143,2505.087306
-159.507351,156,2505.311007
-206.31257,190,2505.468436
-189.703259,156,2505.597373
-151.620818,320,2505.953576
-197.381233,207,2506.305939
-190.640069,148,2506.432491
-279.333944,564,2506.991541
-189.983445,162,2507.125249
-164.385148,153,2507.344685
-185.97918,426,2507.696487
-184.008305,204,2507.958766
-198.184362,261,2508.171808
-389.972047,520,2508.691219
-180.542168,193,2508.941934
-167.660475,183,2509.093466
-205.576676,144,2509.214356
-216.658138,150,2509.4316
-177.54766,216,2509.610852
-184.153014,147,2509.732315
-168.582788,174,2509.968303
-383.400585,570,2510.531867
-190.632074,146,2510.653693
-125.107441,197,2510.815878
-147.680651,191,2511.066951
-276.011371,331,2511.338762
-84.279718,193,2511.593042
-184.550008,344,2511.876057
-174.35667,194,2512.130542
-113.422018,203,2512.298728
-256.519557,304,2512.645591
-128.959077,174,2512.78898
-162.010498,140,2512.90586
-218.97298,155,2513.128723
-173.134606,182,2513.278939
-177.314796,150,2513.403205
-34.289149,195,2513.659183
-167.094612,189,2513.816221
-137.678086,199,2514.074621
-79.053952,815,2514.843965
-151.429262,224,2515.12121
-189.901018,154,2515.250135
-1181.2005,987,2516.251656
-175.944911,150,2516.376063
-209.761235,149,2516.498818
-185.289986,167,2516.729191
-132.008849,393,2517.052809
-151.231029,181,2517.402154
-112.735918,204,2517.570875
-241.198683,155,2517.791232
-135.399519,187,2517.946316
-188.246682,192,2518.103907
-130.84489,157,2518.325832
-215.887083,240,2518.526936
-201.831464,410,2519.810059
-159.48494,161,2519.944084
-144.062219,155,2520.072623
-167.769876,143,2520.391732
-202.355378,162,2520.525008
-112.364128,185,2520.678626
-153.824795,292,2521.013865
-108.391739,196,2521.175685
-434.330564,279,2521.503945
-180.701102,234,2521.697719
-118.88037,142,2521.907744
-164.126734,170,2522.04889
-124.184765,183,2522.200316
-169.780218,173,2522.436659
-198.998454,236,2522.630602
-177.003442,179,2522.871083
-175.463074,169,2523.0115
-191.414328,171,2523.15453
-134.36538,185,2523.401742
-230.61103,220,2523.583089
-147.367117,183,2523.733176
-175.758475,146,2523.949531
-157.721526,187,2524.103284
-182.405475,144,2524.223124
-155.881328,141,2524.434181
-183.768205,167,2524.572522
-168.609072,170,2524.712256
-142.475776,229,2524.995495
-222.235337,141,2525.114021
-154.063438,194,2525.274988
-188.723154,180,2525.517222
-190.741063,164,2525.653281
-100.052913,178,2525.800193
-188.882986,180,2526.041273
-200.491788,176,2526.186205
-157.692755,185,2526.340152
-150.805591,180,2526.58033
-187.500852,152,2526.706878
-142.195832,187,2526.860697
-106.069283,186,2527.107887
-133.489275,211,2527.281792
-152.259836,170,2527.422651
-170.049282,164,2527.65277
-248.330957,169,2527.792744
-166.954775,158,2527.936618
-226.393126,314,2528.296208
-180.33056,171,2528.446049
-133.771567,203,2528.765229
-207.152636,287,2529.004841
-164.145912,187,2529.254943
-218.108573,254,2529.462757
-192.592573,154,2529.768222
-177.906855,208,2529.944117
-143.227501,207,2530.114995
-53.805723,366,2530.619394
-140.594702,177,2530.765264
-150.890458,185,2531.12201
-191.793678,186,2531.277131
-146.553126,187,2531.431924
-592.601418,288,2531.885495
-155.219449,171,2532.026534
-135.376149,188,2532.379929
-295.151699,370,2532.685153
-148.520499,153,2533.011596
-185.256453,205,2533.179392
-10.211116,508,2533.800076
-47.170958,379,2534.320117
-119.700388,189,2534.478173
-281.672821,406,2535.04106
-119.187692,219,2535.222531
-175.141179,212,2535.619166
-106.425136,186,2535.772325
-326.993907,316,2536.254724
-286.05607,529,2536.913735
-75.472626,574,2537.617159
-174.075249,182,2537.76681
-194.458134,151,2537.984964
-187.387777,164,2538.12151
-170.195443,145,2538.241508
-139.791418,353,2538.625255
-174.102766,181,2538.773921
-182.591793,172,2539.009081
-100.419896,401,2539.340628
-127.965759,189,2539.591328
-204.690615,415,2540.026373
-135.978433,155,2540.155368
-144.78861,183,2540.307898
-128.34768,187,2540.55758
-184.610184,142,2540.675214
-87.625283,786,2541.414308
-171.914942,182,2541.659695
-304.073076,551,2542.204866
-182.316348,161,2542.339066
-454.61435,414,2542.916213
-130.155363,421,2543.465628
-493.647435,286,2543.700619
-208.296666,199,2544.091432
-259.332187,232,2544.281593
-70.028266,378,2544.685425
-125.531124,191,2544.843391
-228.796299,608,2545.525832
-108.952966,421,2545.87786
-169.231882,209,2546.145283
-177.052842,199,2546.30828
-193.188983,400,2546.729174
-153.760851,185,2546.881482
-112.37605,637,2547.591735
-172.263303,219,2547.77144
-111.216578,185,2547.925476
-155.606112,183,2548.169395
-211.633004,445,2548.63041
-131.658051,325,2548.89926
-145.267547,195,2549.276655
-165.903989,179,2549.425696
-175.434789,188,2549.582384
-140.305417,189,2549.967912
-546.8067,258,2550.180945
-112.701222,365,2550.572948
-375.69538,414,2551.003107
-218.373886,519,2551.524299
-127.539557,190,2551.683103
-131.98522,183,2551.835882
-572.83081,449,2552.302057
-207.829442,162,2552.529604
-244.530319,309,2552.782384
-221.283863,306,2553.225443
-165.05546,182,2553.375922
-184.799742,333,2553.881051
-150.235268,208,2554.053208
-18.032086,525,2554.671001
30.551096,442,2555.271757
-293.526406,554,2555.928475
-138.60112,192,2556.291345
-170.390935,361,2556.589625
-239.063249,486,2557.223163
-56.264401,427,2557.778271
-132.563465,196,2557.939678
85.914622,718,2558.978116
-177.864225,326,2559.24561
-121.742251,188,2559.501911
-404.55604,291,2559.741243
-124.220781,187,2559.987942
-139.201777,192,2560.14721
-69.740692,266,2560.45984
-183.323587,220,2560.641235
-543.879522,1000,2561.651339
-236.610072,349,2562.029145
-169.450278,186,2562.180953
-55.626097,267,2562.49316
-426.46332,709,2563.164065
-186.644688,223,2563.345741
-139.454639,190,2563.598034
-172.917844,217,2563.777119
-195.568956,165,2564.137214
-464.218215,888,2565.071887
-118.60302,458,2565.672924
-278.121925,617,2566.380282
-125.239613,183,2566.733746
-454.045291,317,2566.994647
-189.646647,215,2567.389105
-181.745971,177,2567.535547
-218.577763,230,2567.954872
-157.651828,363,2568.253008
-183.541332,157,2568.59075
-116.277818,196,2568.752203
-127.547733,189,2568.9068
-224.663741,166,2569.270192
-140.137586,180,2569.417657
-137.10585,373,2569.828865
-295.685448,287,2570.064172
-110.506139,401,2570.491537
-60.731273,914,2571.439817
-125.638111,184,2571.590783
-287.556001,403,2572.01545
-144.43856,176,2572.160471
-355.523707,524,2572.689026
-157.581519,175,2572.926263
-174.399644,160,2573.058021
-69.971147,447,2573.629697
-222.284877,225,2573.820298
-207.311536,162,2574.179447
-188.650512,155,2574.307114
-173.343309,214,2574.482582
-481.559156,364,2575.910386
-227.237299,270,2576.361947
-369.377554,299,2576.608044
-250.980188,246,2576.999779
-180.608961,175,2577.142676
-392.778002,628,2577.874511
-152.969885,179,2578.250676
-156.240675,338,2578.529999
-157.494038,209,2578.799548
-144.185827,146,2578.920755
-246.355423,249,2579.127173
-164.020368,181,2579.371011
-211.698863,310,2579.63027
-128.574499,181,2579.873333
-198.517581,393,2580.28824
-208.114142,175,2580.432569
-132.416044,206,2580.603044
-169.587292,156,2580.825982
-347.833682,460,2581.205044
-121.111196,298,2581.546139
-133.1496,194,2581.706874
-171.958469,148,2581.922812
-208.808503,453,2582.389036
-134.893677,146,2582.511292
-118.647109,186,2582.671125
-240.861882,224,2582.949081
-174.948423,163,2583.083997
-142.691897,190,2583.242564
-80.772023,181,2583.484702
-206.730714,271,2583.708345
-139.074036,191,2583.960135
-244.794151,667,2584.605819
-159.096881,189,2584.763225
-166.745933,580,2585.460931
-212.144689,351,2585.951191
-157.835652,183,2586.301971
-544.601334,307,2586.552229
-408.801379,302,2587.029309
-91.149627,421,2587.599115
-65.37923,445,2587.965194
-263.692224,301,2588.448372
-179.576652,185,2588.601525
-521.499962,236,2589.032182
-161.704649,188,2589.186308
-339.026223,502,2589.811899
-99.698828,360,2590.309793
-252.903798,724,2591.107382
-471.261036,253,2591.543676
-333.865871,412,2591.97774
-424.194494,258,2592.194129
-67.536386,190,2592.351124
-327.71809,302,2592.692785
-386.473309,252,2592.99244
-142.907635,175,2593.137378
-341.04896,422,2593.577091
-174.543862,796,2594.329793
-71.086592,1000,2595.341968
-413.440186,231,2595.757127
-11.405973,196,2595.917181
-230.602443,182,2596.067281
-695.905051,384,2596.608488
-594.147995,664,2597.352734
-571.883728,541,2597.891279
-206.261151,166,2598.121844
-521.104557,563,2598.67757
-194.077402,209,2598.849856
-279.185856,388,2599.261116
-131.321032,363,2599.658831
-177.328712,567,2600.218295
-181.242032,214,2600.398439
-384.781097,267,2600.716817
-234.34731,416,2601.274913
-147.312684,731,2602.075584
-104.207078,186,2602.229226
-93.398392,638,2603.197305
-221.615419,232,2603.387892
-131.123935,188,2603.746768
-134.58061,164,2603.884856
-103.609315,190,2604.039519
-212.771124,264,2604.456372
-133.813432,216,2604.634874
-269.43248,156,2604.764322
-67.151089,192,2605.129585
-206.804021,238,2605.324517
-183.008973,139,2605.667217
92.458028,426,2606.018441
-495.488625,384,2606.569131
-357.988858,457,2607.172886
-359.890064,724,2607.971383
-349.693573,251,2608.407466
-182.979365,208,2608.579419
-12.122513,672,2609.57758
-348.627687,397,2609.904294
-560.957186,785,2611.019461
-111.73895,196,2611.182401
-477.433284,242,2611.588613
-524.603761,234,2611.781794
-496.593747,432,2612.341679
-289.328899,396,2612.901922
-186.195796,688,2613.680595
-160.411145,189,2614.071799
-388.635539,309,2614.325333
-333.917418,675,2615.343005
-118.559996,202,2615.516794
-427.95651,250,2615.724102
-395.136422,336,2616.228658
-37.129303,398,2616.793432
-674.526113,383,2617.350046
-191.36686,332,2617.622992
-149.736312,185,2618.012225
-184.524958,252,2618.21921
-120.614689,188,2618.374387
-222.034579,229,2618.802301
-215.06743,221,2618.98515
-163.835509,181,2619.369546
-146.637949,172,2619.512365
-118.025174,193,2619.671859
-153.669914,186,2620.06678
-195.727763,165,2620.202275
-200.881554,177,2620.349288
-156.45077,181,2620.733359
-133.457735,199,2620.897842
-220.724374,262,2621.323499
-387.110147,335,2621.5996
-239.373852,336,2622.104226
-149.750761,217,2622.284137
-181.964312,155,2622.511113
-133.388144,214,2622.689195
-363.812954,480,2623.176429
-299.629279,251,2623.474764
-116.526737,179,2623.624226
-141.912509,197,2623.786934
-344.70294,247,2624.085407
-618.557475,301,2624.340142
-241.864478,267,2624.654716
-469.56578,406,2625.086372
-257.63748,236,2625.280308
-102.254051,174,2625.423956
-142.843953,385,2625.836318
-183.113234,194,2626.091383
-148.480144,200,2626.258244
-167.70892,407,2626.690239
-146.243511,185,2626.844517
-190.643711,154,2626.971927
-176.979817,177,2627.212997
-130.378688,164,2627.349022
-172.46913,177,2627.497512
-183.493282,259,2627.808792
-204.112062,159,2627.939165
-188.521433,165,2628.168571
-166.848988,163,2628.3032
-129.472126,174,2628.447491
-132.521748,186,2628.69372
-135.251992,175,2628.838817
-193.436741,159,2628.971059
-188.172377,153,2629.191251
-179.143929,158,2629.322107
-120.442157,218,2629.501702
-177.906938,182,2629.753592
-144.247123,179,2629.902421
-166.380615,162,2630.035727
-220.977493,202,2630.297071
-172.548407,148,2630.42042
-131.852899,172,2630.562716
-125.056877,162,2630.789374
-140.730157,164,2630.925607
-234.205266,179,2631.07426
-151.683643,167,2631.305195
-185.176566,162,2631.440557
-221.098226,144,2631.561324
-243.653611,168,2631.792711
-201.275975,210,2631.96702
-177.857475,180,2632.115605
-150.396585,152,2632.334144
-165.52104,191,2632.493001
-175.441134,144,2632.611977
-193.393586,169,2632.846352
-203.898287,176,2633.73342
-141.186637,186,2633.887393
-148.520857,235,2634.176321
-39.111828,466,2634.65817
-451.417738,271,2634.884019
-123.148313,177,2635.124563
-117.811111,182,2635.278444
-214.811063,150,2635.403713
-98.21634,188,2635.654249
-174.839766,182,2635.805403
-197.66023,184,2635.957467
-158.816123,189,2636.205719
-197.14663,189,2636.361639
-159.120548,156,2636.490597
-237.35283,171,2636.726238
-185.113741,132,2636.836216
-166.246287,151,2636.962385
-131.804108,173,2637.198504
-231.603214,139,2637.314749
-187.928037,126,2637.420551
-154.803621,141,2637.538001
-239.630868,138,2637.745522
-151.292657,185,2637.900053
-188.187428,157,2638.030524
-232.648113,144,2638.241974
-129.245621,188,2638.398101
-146.406644,174,2638.542894
-177.20174,145,2638.761037
-165.926823,157,2638.893011
-212.405833,118,2638.991839
-174.496774,144,2639.11094
-142.309129,170,2639.34627
-129.713334,180,2639.499661
-122.492189,180,2639.649609
-158.645538,135,2639.990826
-208.565987,154,2640.118243
-270.446496,152,2640.245658
-159.210192,144,2640.579033
-184.008218,152,2640.70555
-175.475129,180,2640.855898
-212.905212,160,2641.217505
-223.128157,144,2641.337816
-224.984442,139,2641.453038
-157.115577,143,2641.572762
-203.822883,144,2641.910216
-124.076798,133,2642.022402
-181.549808,135,2642.136334
-188.886396,137,2642.251418
-177.856971,167,2642.592275
-154.930685,175,2642.737382
-165.99389,192,2643.118537
-269.820572,293,2643.377109
-245.745156,129,2643.484425
-235.038929,282,2643.959062
-209.606069,144,2644.078303
-205.306915,151,2644.206463
-237.366499,142,2644.55087
-219.408554,173,2644.693625
-149.922005,174,2644.83794
-229.089462,144,2645.193415
-242.100735,176,2645.340144
-252.746389,258,2645.787724
-192.081945,139,2645.906961
-270.833923,183,2646.058367
-213.9778,160,2646.190863
-171.101045,180,2646.576648
-232.619278,139,2646.692213
-173.066177,140,2646.809292
-165.210075,141,2647.163472
-181.461604,149,2647.286849
-211.412287,135,2647.398942
-201.963005,194,2647.770299
-189.709246,214,2647.948205
-142.385614,174,2648.09198
-169.17223,361,2648.624962
-176.069944,177,2648.771701
-233.144129,158,2649.139976
-167.721672,200,2649.308032
-193.435456,158,2649.439665
-163.011077,174,2649.810661
-232.130591,155,2649.940336
-168.592181,169,2650.080686
-173.880495,175,2650.438901
-210.086804,138,2650.554081
-176.711597,123,2650.657968
-241.422838,149,2650.982123
-336.695033,178,2651.128253
-159.388233,144,2651.248646
-185.619166,156,2651.378037
-168.925585,176,2651.760366
-201.78335,151,2651.885259
-205.36516,151,2652.010685
-159.855756,186,2652.394566
-174.709765,173,2652.535807
-180.466429,153,2652.662129
-120.433177,175,2653.036641
-149.547875,180,2653.186429
-197.830734,166,2653.325475
-253.911754,122,2653.656571
-178.733259,139,2653.772417
-229.382297,124,2653.875692
-247.945477,135,2653.987489
-237.433261,158,2654.32513
-217.273615,151,2654.450544
-220.602374,114,2654.545452
-184.246479,203,2654.94256
-350.27108,220,2655.124384
-325.865679,325,2655.599393
-240.971963,139,2655.714906
-214.061162,165,2655.852235
-160.305311,498,2656.47201
-156.094158,177,2656.713988
-221.747285,110,2656.810254
-155.80805,182,2656.960666
-239.358339,132,2657.070733
-234.877019,330,2657.437283
-243.498444,122,2657.539331
-142.056691,180,2657.781833
-248.42906,140,2657.898598
-225.820172,125,2658.003002
-211.299939,180,2658.244917
-168.527711,176,2658.391661
-229.621323,141,2658.509715
-97.023501,143,2658.628785
-240.262988,137,2658.835137
-247.245303,137,2658.949613
-172.419874,176,2659.094857
-264.554181,130,2659.298084
-192.061417,189,2659.454454
-232.65798,147,2659.576772
-210.145936,124,2659.680656
-239.955291,160,2659.906243
-238.841457,139,2660.022274
-229.330671,118,2660.120675
-141.082918,231,2660.406651
-222.572491,171,2660.549055
-230.801501,121,2660.649982
-188.125548,144,2660.864403
-145.739068,171,2661.006059
-238.926562,123,2661.109102
-286.007909,154,2661.236138
-240.525548,132,2661.443868
-232.293451,119,2661.5435
-280.054374,499,2662.050312
-229.927622,161,2662.183008
-236.60382,112,2662.275436
-282.888302,323,2662.636566
-201.074923,166,2662.774309
-244.663721,118,2662.967969
-236.6722,143,2663.090837
-170.858283,193,2663.251825
-180.381172,198,2663.510573
-289.164406,170,2663.653353
-195.001858,153,2663.780827
-279.300495,146,2663.995876
-192.123482,166,2664.132403
-266.675767,120,2664.232756
-203.402759,141,2664.349893
-198.508405,256,2664.655019
-118.669104,200,2664.820987
-218.577008,191,2665.073437
-256.506657,113,2665.166988
-181.391212,198,2665.331393
-207.40943,261,2665.641644
-209.146384,143,2665.759997
-205.075704,162,2665.894678
-243.982287,154,2666.115306
-229.590675,149,2666.239207
-219.79511,163,2666.373364
-582.47299,641,2667.095391
-142.831265,402,2667.428541
-190.608761,172,2667.665828
-216.686343,141,2667.783297
-166.007551,208,2667.954918
-139.706414,189,2668.210484
-280.624364,242,2668.411581
-334.47598,382,2668.820368
-280.957757,378,2669.229821
-155.797365,166,2669.367278
-481.951257,430,2669.817036
-144.833533,247,2670.019874
-114.671271,182,2670.267222
-346.415622,326,2670.541546
-426.892476,295,2671.014299
-197.669206,194,2671.174411
-233.484456,250,2671.619535
-229.867168,172,2671.764056
-411.262541,322,2672.259012
-194.532329,153,2672.3859
-207.738613,234,2672.682675
-342.717313,168,2672.822834
-249.561101,147,2672.94573
-197.561601,147,2673.066808
-204.367412,160,2673.291807
-265.057446,257,2673.50421
-275.692553,228,2673.785727
-215.281372,140,2673.903124
-140.894559,199,2674.069463
-209.418018,141,2674.282086
-145.620871,165,2674.418894
-276.638806,153,2674.547462
-169.687388,148,2674.857482
-216.371013,193,2675.01965
-150.151759,163,2675.154537
-404.605599,563,2675.832203
-379.768225,349,2676.351861
-253.143074,163,2676.485674
-234.552932,139,2676.8004
-233.072347,137,2676.915392
-184.304925,168,2677.054751
-232.518037,325,2677.416445
-179.248231,164,2677.55211
-254.093462,232,2677.853417
-414.704474,512,2678.373327
-210.435874,134,2678.484711
-211.684318,166,2678.621669
-236.013073,190,2678.994148
-202.844723,207,2679.165147
-158.222196,221,2679.351107
-207.462918,193,2679.606296
-141.617605,182,2679.757318
-197.256047,178,2679.906068
-268.299922,261,2680.217209
-166.314933,161,2680.352058
-196.603426,192,2680.605785
-230.575549,119,2680.705575
-146.14808,198,2680.871573
-153.152638,176,2681.111164
-188.055477,181,2681.262823
-145.174326,185,2681.417783
-200.524496,187,2681.666114
-247.697252,152,2681.792381
-485.886262,564,2682.354471
-293.442881,531,2682.88868
-187.499091,198,2683.146647
-164.164434,184,2683.298789
-236.883091,149,2683.42183
-100.056342,255,2683.728517
-362.795511,358,2684.02503
-226.68051,157,2684.250145
-261.25504,356,2684.546176
-198.373843,173,2684.780878
-111.082104,180,2684.930899
-205.909625,127,2685.037569
-141.060812,186,2685.285452
-190.579316,218,2685.467124
-104.584786,178,2685.614285
-121.505387,160,2685.838954
-156.172648,149,2685.963429
-145.243063,177,2686.109899
-254.764386,286,2686.439374
-200.126502,179,2686.586756
-370.041775,467,2687.064704
-178.575822,125,2687.169532
-250.393494,162,2687.398701
-190.487677,134,2687.509805
-126.051739,151,2687.634511
-261.642976,255,2687.938971
-192.213291,143,2688.057757
-261.638314,139,2688.174083
-194.826965,173,2688.410413
-201.977757,237,2688.605519
-107.246203,208,2689.72565
-209.92718,180,2689.872903
-171.734347,202,2690.041992
-180.902827,173,2690.278337
-160.207863,183,2690.429714
-77.048776,178,2690.57823
-172.457005,194,2690.830614
-221.479687,169,2690.970886
-158.220607,200,2691.137255
-153.702699,163,2691.364315
-210.392015,172,2691.505551
-183.799679,154,2691.633963
-149.707467,187,2691.882686
-215.243311,148,2692.005207
-236.187069,168,2692.145399
-187.14838,129,2692.472935
-119.030472,183,2692.626052
-442.857039,257,2693.065089
-189.360682,127,2693.172205
-190.294053,153,2693.3053
-185.33293,142,2693.423597
-191.074999,147,2693.639123
-167.348774,153,2693.767015
-169.393542,144,2693.886968
-179.99542,140,2694.096028
-155.053501,167,2694.237585
-157.556108,168,2694.376521
-187.811273,164,2694.511855
-132.308505,168,2694.74456
-265.933954,214,2694.921727
-191.679899,159,2695.145849
-207.517224,214,2695.325168
-215.984163,149,2695.448976
-186.175475,142,2695.663948
-194.041612,149,2695.796243
-222.228827,259,2696.010993
-201.42905,145,2696.336187
-220.596753,121,2696.438269
-188.449439,167,2696.576606
-144.266238,153,2696.704165
-181.481115,164,2697.055596
-479.803756,492,2697.670698
-94.840872,213,2697.848019
-200.995485,523,2698.499388
-115.687823,169,2698.866117
-173.502788,139,2698.994512
-112.818973,146,2699.11775
-182.365379,146,2699.241157
-169.78077,134,2699.589918
-279.855339,251,2699.798873
-113.439814,175,2699.945226
-192.297857,171,2700.291484
-122.378255,143,2700.411761
-160.355728,141,2700.52951
-150.78711,204,2700.904828
-182.991616,128,2701.012527
-193.503595,164,2701.148736
-90.603671,179,2701.525352
-156.353218,163,2701.660662
-121.80269,146,2701.784094
-175.031586,138,2702.109771
-243.599443,173,2702.255226
-153.188915,168,2702.395792
-123.829304,172,2702.741293
-147.619247,176,2702.890196
-288.138374,299,2703.137481
-180.874444,194,2703.524433
-151.490191,158,2703.655466
-165.157503,257,2703.966667
-153.409541,167,2704.105351
-137.364604,164,2704.243304
-166.339309,148,2704.459759
-119.042236,318,2704.726121
-172.545303,144,2704.846094
-228.284164,310,2705.304297
-134.49133,325,2705.783997
-143.768437,189,2705.94011
-122.481244,149,2706.062694
-139.698632,172,2706.444072
-131.89415,204,2706.615449
-112.70415,158,2706.747568
-163.813009,156,2707.113558
-83.776112,256,2707.32706
-190.125409,147,2707.556337
-419.62032,295,2707.801242
-197.391324,204,2707.972049
-122.241017,183,2708.219146
-319.612867,315,2708.483133
-198.950943,122,2708.679774
-121.106698,382,2708.99838
-163.982935,143,2709.210333
-95.76547,189,2709.367114
-86.239021,183,2709.519407
-132.256063,216,2709.790315
-177.650304,146,2709.911888
-125.928142,153,2710.039041
-160.648592,206,2710.308236
-125.917035,195,2710.469821
-142.840285,167,2710.702456
-177.672897,141,2710.8208
-138.199565,153,2710.948321
-162.611021,193,2711.201117
-148.712694,181,2711.353617
-88.868387,178,2711.503626
-126.38987,176,2711.741637
-144.908916,134,2711.854323
-181.467719,177,2712.0008
-242.298449,137,2712.113785
-142.758884,164,2712.448677
-210.94316,235,2712.642943
-191.434342,176,2713.023364
-242.53662,123,2713.129329
-215.309922,130,2713.238
-122.34247,169,2713.378384
-106.279385,404,2713.920024
-241.002319,241,2714.35468
-180.927078,154,2714.483332
-224.321549,295,2714.931549
-420.602176,369,2715.239152
-85.155686,179,2715.614285
-105.833901,174,2715.759726
-80.94359,200,2715.926445
-160.062119,197,2716.292035
-305.34489,546,2716.989145
-219.194182,170,2717.130147
-194.414866,131,2717.241193
-263.830941,377,2717.759879
-140.389036,194,2717.920479
-351.96016,433,2718.505635
-105.036923,180,2718.89603
-19.803692,551,2719.576628
-128.478122,160,2719.712299
-133.9622,182,2719.863705
-121.465068,182,2720.257797
-105.775981,173,2720.401131
-163.673654,179,2720.550469
-80.307748,179,2720.93599
-255.142705,152,2721.062337
-85.011636,198,2721.227613
-178.76454,220,2721.519887
-473.145315,318,2721.876545
-200.122893,154,2722.005112
-952.785545,558,2722.562453
-142.685106,150,2722.687577
-211.69247,143,2722.901663
-267.067046,253,2723.113198
-39.486118,265,2723.429215
-156.864264,161,2723.563052
-225.892666,137,2723.677212
-86.839971,353,2724.063097
-116.333286,170,2724.206847
-188.91903,142,2724.327075
-109.091452,260,2724.768912
-77.694557,209,2724.941233
-197.298718,129,2725.261057
-182.009655,158,2725.391249
-284.524183,177,2725.537807
-171.122145,335,2726.027685
-176.951147,253,2726.237552
-157.538707,143,2726.451471
-52.616428,237,2726.648885
-126.93886,151,2726.774827
-355.585909,211,2727.044087
-398.028265,194,2727.204143
-115.52332,210,2727.472863
-145.166842,130,2727.581316
-123.133296,173,2727.724173
-196.035824,212,2727.994459
-179.370352,248,2728.198037
-208.393191,223,2728.4785
-85.572013,173,2728.622478
-132.914682,143,2728.741855
-78.380586,214,2729.013476
-193.975765,442,2729.381563
-100.180067,172,2729.684439
-227.100208,349,2729.9732
-224.165557,152,2730.306273
-148.433308,177,2730.454195
-164.337611,323,2730.967061
-184.967149,117,2731.067417
-129.365967,177,2731.216891
-158.310027,149,2731.546433
-132.039623,254,2731.760683
-513.009701,456,2732.343365
-175.401495,211,2732.5182
-195.327452,159,2732.888427
-221.771986,177,2733.034926
-386.344575,322,2733.509284
-304.754525,425,2734.085825
-192.991336,138,2734.213937
-247.119245,153,2734.342163
-61.522365,183,2734.493932
-107.867732,194,2734.888764
-280.136485,160,2735.022221
-672.070139,380,2735.576836
-131.035313,176,2735.724326
-215.508943,173,2736.101655
-148.963687,167,2736.24595
-178.232844,139,2736.363061
-210.979125,361,2736.90074
-134.379912,186,2737.05841
-211.080781,160,2737.398449
-55.786851,172,2737.551422
-199.860468,268,2737.777215
-167.480878,138,2738.133977
-104.887865,159,2738.267249
-89.777451,176,2738.414171
-149.809202,171,2738.795063
-214.364521,129,2738.902443
-170.890735,174,2739.047961
-157.121055,154,2739.378276
-272.006844,354,2739.678466
-155.968873,165,2740.034737
-146.719015,137,2740.15038
-139.186918,160,2740.285489
-205.089576,178,2740.434267
-153.415336,179,2740.683843
-142.062131,171,2740.8272
-76.796477,161,2740.960949
-164.790293,145,2741.175886
-112.829272,172,2741.320059
-191.173761,148,2741.443247
-114.718561,167,2741.676873
-345.227607,332,2741.953941
-210.45837,162,2742.183803
-193.201812,193,2742.344713
-139.899581,242,2742.641348
-74.319249,183,2742.79455
-76.311043,199,2742.962644
-234.376187,158,2743.296572
-120.580597,185,2743.452034
-130.210688,161,2743.587848
-392.137524,569,2744.182056
-216.533386,175,2744.508583
-147.276415,205,2744.680349
-85.633982,172,2744.825479
-112.026631,186,2745.193798
-105.113319,176,2745.341244
-324.979767,400,2745.91201
-166.378105,231,2746.105106
-83.071339,204,2746.504435
-245.724419,254,2746.7194
-101.053143,179,2747.112139
-157.443638,202,2747.282389
-98.863545,158,2747.415665
-157.336785,147,2747.757869
-72.460371,189,2747.917451
-155.087452,149,2748.701257
-114.624673,162,2749.071858
-145.260063,170,2749.215335
-112.410132,177,2749.364782
-169.864285,211,2749.752522
-67.628731,187,2749.909542
-245.766521,200,2750.076973
-159.668982,205,2750.476178
-288.724833,276,2750.707434
-193.271604,173,2751.05724
-151.11456,198,2751.223732
-115.046431,160,2751.356822
-145.990031,156,2751.719392
-101.543516,185,2751.874701
-174.999183,138,2751.990421
-100.053069,385,2752.547919
-442.508401,281,2753.016603
-174.299082,295,2753.265267
-314.951839,471,2753.896419
-118.374315,212,2754.185313
-180.046611,326,2754.459038
-178.771832,156,2754.682741
-92.198884,185,2754.839113
-152.812634,137,2754.954316
-162.246435,128,2755.06203
-232.483472,168,2755.297194
-92.373732,180,2755.447908
-132.771497,201,2755.616446
-144.847482,210,2755.888682
-102.858314,177,2756.036393
-176.064302,182,2756.283226
-361.236583,267,2756.506645
-220.770397,238,2756.797608
-160.387652,188,2756.954334
-109.546532,169,2757.095043
-126.849606,183,2757.341086
-149.562549,159,2757.475263
-206.313636,155,2757.604338
-152.175835,189,2757.856255
-139.921686,137,2757.972304
-84.555577,201,2758.141806
-273.92351,219,2758.418541
-121.956686,199,2758.585658
-218.939325,631,2759.206712
-341.142452,312,2759.562576
-300.581686,446,2760.031439
-119.092123,157,2760.162792
-505.14968,239,2760.461365
-214.272529,177,2760.608236
-163.180337,461,2761.082178
-326.625976,343,2761.367838
-450.563093,314,2761.724079
-101.044156,137,2761.840478
-447.341447,493,2762.349922
-103.44598,151,2762.569811
-66.880469,468,2763.049977
-59.603697,191,2763.210213
-149.631315,442,2763.670959
-56.753731,256,2763.884212
-130.885128,159,2764.112271
-401.298953,267,2764.337785
-91.111225,185,2764.493804
-190.257623,219,2764.769824
-149.491323,207,2764.941306
-159.630183,159,2765.166244
-145.903185,178,2765.316048
-87.901722,176,2765.462128
-134.240262,145,2765.676044
-81.532957,169,2765.817949
-261.613175,283,2766.055021
-116.141059,144,2766.2691
-399.378412,231,2766.461772
-323.6708,465,2766.942083
-83.863123,319,2767.299945
-149.664605,180,2767.450735
-126.43054,186,2767.605853
-119.357193,260,2767.915897
-266.992488,318,2768.276698
-172.478559,194,2768.437602
-111.464757,180,2768.588506
-190.108447,222,2768.86669
-107.368433,329,2769.13981
-510.296343,377,2769.682406
-244.872282,371,2770.190505
-191.593775,369,2770.727468
-142.716506,496,2771.233427
-197.911217,176,2771.380425
-118.47254,208,2771.55943
-179.119659,182,2771.805555
-236.630109,194,2771.965598
-232.843265,244,2772.167776
-297.346749,235,2772.454352
-258.286851,306,2772.906364
-61.550518,211,2773.08294
-177.211578,196,2773.246585
-78.110913,170,2773.481764
-548.317015,244,2773.683769
-123.133407,196,2773.942777
-200.272975,203,2774.111454
-206.36054,623,2774.726014
-334.169744,396,2775.144011
-161.833337,193,2775.304657
-620.081408,390,2775.722706
-432.286472,239,2776.13532
-124.000349,168,2776.285298
-135.073817,185,2776.43978
-228.277204,255,2776.855292
-66.609048,194,2777.017246
-173.841422,178,2777.167253
-171.190591,415,2777.735041
-67.164045,184,2778.094481
-619.951707,325,2778.367476
-352.08731,254,2778.78034
-376.983521,294,2779.026087
-169.877305,197,2779.427512
-308.592553,268,2779.653237
-353.430662,232,2780.054135
-471.658514,188,2780.219857
-587.837349,339,2780.739173
-440.996928,251,2780.985025
-258.33809,272,2781.450222
-498.436944,264,2781.672784
-114.952372,162,2782.034565
-261.417901,176,2782.18367
-135.179997,187,2782.342372
-102.212669,181,2782.691254
-123.767444,341,2782.976447
-233.763983,252,2783.279999
-380.841483,325,2783.551115
-138.220071,180,2783.793472
-93.1909,277,2784.025831
-279.871579,495,2784.532293
-214.467136,397,2784.959255
-288.122142,218,2785.142869
-252.850445,346,2785.528255
-222.238567,342,2785.905587
-430.134221,244,2786.108949
-224.084074,440,2786.571142
-117.903244,206,2786.835315
-338.771509,259,2787.052342
-191.48992,339,2787.426876
-247.583666,466,2787.905451
-242.002088,335,2788.186611
-546.809486,181,2788.432085
-432.680105,472,2788.920124
-481.320301,239,2789.1181
-236.752301,152,2789.247489
-130.385486,274,2789.571337
-143.750282,136,2789.68652
-83.612954,180,2789.837267
-168.806651,238,2790.13068
-137.325371,275,2790.361028
-253.885295,256,2790.668518
-156.556016,133,2790.780432
-683.880911,240,2791.075665
-122.712586,231,2791.267582
-238.982114,249,2791.57756
-333.235178,257,2791.794654
-261.945902,204,2792.059501
-573.444734,246,2792.265991
-322.196796,296,2792.604276
-454.625394,376,2792.919517
-82.31862,169,2793.154856
-338.394227,356,2793.450989
-168.480581,175,2793.690789
-232.609901,457,2794.163428
-199.85486,205,2794.336055
-424.610978,254,2794.552006
-517.448228,398,2795.099202
-592.843671,228,2795.51599
-211.224032,250,2795.725414
-431.887088,314,2796.205138
-1.826059,407,2796.741753
-197.921873,246,2796.945722
-391.867743,352,2797.333282
-8.149377,331,2797.608579
-372.35804,182,2797.855622
-150.718762,214,2798.032794
-308.50769,240,2798.325165
-285.649127,215,2798.504077
-451.763268,208,2798.678508
-614.573688,335,2799.049949
-258.765572,428,2799.498299
-265.963951,262,2799.716811
-480.142226,257,2800.024801
-295.936563,213,2800.20312
-458.494022,269,2800.643112
-353.04222,574,2801.232875
-143.582365,177,2801.380575
-557.651976,298,2801.723717
-138.974278,135,2801.83662
-191.646615,168,2802.069207
-361.458562,185,2802.223961
-669.066347,300,2802.567698
-476.641141,309,2802.822586
-365.427035,253,2803.128191
-344.967256,239,2804.57628
-370.324062,181,2804.726802
-171.259907,205,2804.990534
-752.15542,777,2805.727066
-648.409854,224,2806.006617
-452.59193,251,2806.214022
-605.114346,366,2806.610761
-208.990654,311,2806.9605
-738.403815,216,2807.14053
-438.250989,189,2807.298181
-404.205513,610,2807.987208
-464.843591,247,2808.190485
-667.933284,207,2808.359714
-442.25201,169,2808.595215
-226.999032,170,2808.735282
-627.355348,355,2809.120929
-695.488944,467,2809.608128
-463.835699,481,2810.106879
-136.913178,221,2810.292556
-604.625472,304,2810.638479
-452.183122,261,2810.85612
-425.676555,454,2811.322114
-555.218403,296,2811.662804
-408.809403,253,2811.874008
-258.998557,314,2812.230156
-216.263682,177,2812.379182
-294.135387,402,2812.917235
-201.660789,126,2813.022989
-164.293215,179,2813.373208
-511.508966,402,2813.709561
-198.800967,331,2814.224834
-477.084427,312,2814.707417
-144.382725,338,2814.99094
-479.880806,316,2815.487677
-489.331258,284,2815.722437
-289.094059,230,2816.154505
-88.061173,175,2816.301037
-140.109884,258,2816.608672
-277.63571,218,2816.792925
-241.435839,154,2816.922028
-215.682604,155,2817.144616
-217.739558,677,2817.797784
-218.621415,151,2817.92381
-224.237945,163,2818.153677
-188.759957,129,2818.263199
-203.850076,256,2818.477403
-168.393603,337,2818.850716
-308.123016,325,2819.215016
-205.84637,147,2819.337083
-538.395003,892,2820.263109
-89.297414,197,2820.427044
-208.502078,168,2820.568214
-606.497649,313,2820.920444
-141.823718,383,2821.336751
-257.907338,321,2821.603286
-35.451506,299,2821.94789
-66.438122,695,2822.620772
-240.710923,339,2822.992841
-113.988301,145,2823.114361
-362.235901,776,2823.941541
-223.655645,474,2824.425667
-224.891557,169,2824.567777
-492.434947,240,2824.860637
-471.141582,258,2825.073771
-121.46171,180,2825.223649
-431.682817,518,2825.746868
-464.136464,355,2826.133787
-409.283564,261,2826.445603
-428.162916,307,2826.697842
-459.802909,527,2827.229367
-503.765892,226,2827.511695
-33.39903,168,2827.652138
-205.332889,258,2827.961402
-163.528225,170,2828.10816
-732.751409,301,2828.359625
-315.784214,385,2828.77286
-479.634988,203,2829.03345
-426.668669,206,2829.204337
-550.737116,225,2829.39209
-158.963317,182,2829.637042
-616.484192,273,2829.863492
-239.742924,165,2830.094795
-145.654714,644,2830.722475
-423.669562,564,2831.28101
-25.885418,340,2831.655801
-134.608937,186,2831.810474
-287.282651,382,2832.219707
-267.575334,222,2832.402867
-250.916645,449,2832.867043
-422.089823,262,2833.178856
-108.785347,180,2833.327361
-216.044058,266,2833.549646
-273.367622,286,2833.88256
-290.52879,469,2834.46904
-462.209789,255,2834.681769
-169.173135,633,2835.394725
-171.79298,183,2835.548032
-148.23677,269,2835.864814
-296.058868,395,2836.194652
-362.318968,280,2836.519043
-612.881009,220,2836.702364
-158.238127,288,2837.035245
-216.357905,184,2837.192907
-227.256681,201,2837.466651
-106.97229,150,2837.592568
-137.939641,173,2837.737124
-42.168531,261,2838.046355
-676.895444,315,2838.305744
-468.351936,406,2838.736005
-364.67339,352,2839.120899
-138.792528,168,2839.261263
-175.872229,217,2839.536408
-178.116933,182,2839.688131
-143.574173,255,2839.899808
-207.805065,188,2840.148202
-180.226677,190,2840.307655
-164.941885,192,2840.559901
-489.925484,177,2840.705989
-186.028734,340,2841.08062
-150.999144,173,2841.225194
-585.273177,207,2841.397515
-42.862764,180,2841.64048
-520.427949,233,2841.832591
-586.068371,295,2842.172939
-200.842336,462,2842.645796
-209.127657,203,2842.813522
-154.608077,253,2843.116604
-418.976597,263,2843.335218
-344.457264,235,2843.52923
-591.672003,236,2843.819677
-322.707898,254,2844.027926
-236.827332,207,2844.2925
-538.288386,268,2844.51591
-234.548634,173,2844.753267
-478.850256,514,2845.273037
-220.347126,317,2845.533463
-427.924864,193,2845.787467
-116.705325,219,2845.971702
-168.7207,197,2846.228273
-139.07578,393,2846.553203
-134.568505,292,2846.888652
-168.217789,174,2847.032837
-269.718083,424,2847.475909
-207.314373,147,2847.598553
-269.150534,540,2848.136909
-151.586008,191,2848.50158
-207.197766,204,2848.672202
-346.608041,368,2849.067311
-486.357042,254,2849.277162
-187.949579,188,2849.527042
-250.943386,192,2849.685729
-315.6823,858,2850.590606
-408.666609,407,2851.020936
-116.488677,190,2851.180174
-240.757518,225,2851.365187
-242.703827,150,2851.584496
-97.656645,501,2852.093926
-207.244642,176,2852.240937
-173.066676,334,2852.615438
-618.498456,399,2852.945518
-758.951767,314,2853.299747
-394.417821,347,2853.679303
-132.899126,260,2853.89456
-369.527891,309,2854.243544
-438.570886,226,2854.430176
-600.890685,251,2854.733556
-258.888668,419,2855.173628
-648.194078,291,2855.420645
-229.110686,199,2855.807994
-100.721505,170,2855.950599
-217.142733,219,2856.132076
-364.131227,181,2857.199841
-215.495303,317,2857.462952
-139.024204,185,2857.710839
-258.49592,157,2857.843121
-315.729626,225,2858.02834
-535.120546,371,2858.429489
-520.531901,355,2858.815133
-422.227868,218,2858.994063
-124.353022,343,2859.374129
-287.453649,953,2860.346458
-551.44421,870,2861.1773
-364.530129,357,2861.648548
-302.998077,266,2862.097007
-172.979841,182,2862.248936
-496.0118,412,2862.789396
-108.356701,193,2862.948889
-59.35084,485,2863.579996
-549.21434,255,2864.028067
-571.520532,720,2864.86336
-381.831002,211,2865.038726
-122.798416,215,2865.418694
-135.894341,192,2865.579203
-99.940816,380,2865.997681
-181.49711,183,2866.150567
-166.739918,264,2866.462189
-74.952962,186,2866.617177
-252.892796,248,2866.917535
-136.465166,164,2867.055124
-686.322425,225,2867.242834
-154.109747,178,2867.485552
-464.785623,309,2867.741048
-185.382275,224,2868.020297
-159.556788,151,2868.146137
-94.286189,492,2868.648461
-49.422323,179,2868.796877
-397.561372,199,2869.056999
-166.636258,181,2869.209355
-140.599119,182,2869.459433
-221.719146,178,2869.609236
-118.529163,149,2869.736008
50.200025,374,2870.144336
-61.94645,147,2870.269517
-273.233124,202,2870.661831
-277.242001,323,2870.927483
-161.797285,153,2871.265981
-7.665766,313,2871.524296
-67.100816,147,2871.646987
-292.795023,269,2871.963393
-191.65787,266,2872.182333
-372.324542,237,2872.472236
-240.930027,252,2872.682342
-147.147938,166,2872.914398
-433.237793,248,2873.118423
-187.618011,152,2873.338882
-109.418927,172,2873.482113
-70.556925,284,2873.715627
-194.524813,141,2873.929662
-405.987367,357,2874.226471
-43.129017,185,2874.601399
-71.88388,378,2875.142761
-167.53212,428,2875.504032
-111.817976,301,2875.978123
-99.469193,197,2876.141337
-364.207143,278,2876.611052
-249.226747,246,2876.813914
-168.640887,657,2877.763917
-186.773341,179,2877.913695
-615.848995,306,2878.384798
-91.325093,171,2878.527111
112.461741,580,2879.232476
-148.656304,213,2879.409439
-168.770082,175,2879.793481
-261.925863,333,2880.06676
-182.908034,441,2880.648973
-45.176242,259,2881.09872
-352.635118,383,2881.624311
-324.512866,403,2881.955534
-478.041115,291,2882.427666
94.930223,406,2882.99983
-83.770816,197,2883.162878
-462.817557,238,2883.577542
-429.855862,250,2883.784877
-227.319111,248,2884.221703
-560.652242,486,2884.62433
-281.013291,614,2885.534767
-186.084113,454,2886.095794
-93.812711,360,2886.393471
-157.220712,190,2886.787249
-216.577487,502,2887.433749
-69.884103,186,2887.586062
-174.054264,257,2887.797477
-487.313954,318,2888.262791
-591.088483,496,2888.906692
-300.453833,273,2889.368744
-350.062563,266,2889.587423
-473.418428,225,2890.005649
-217.38856,250,2890.213808
-288.69577,367,2890.738685
-390.421256,227,2890.926126
-351.873797,330,2891.403639
-364.803443,257,2891.615607
-540.578706,268,2892.074518
-445.455967,228,2892.262357
-80.596997,202,2892.64358
-28.45212,184,2892.794885
-205.674228,165,2892.931725
-234.97332,427,2893.489471
-206.209707,231,2893.912626
-125.566783,187,2894.066835
-134.470914,247,2894.505117
-332.373007,509,2895.15575
-90.868983,174,2895.303664
-329.967881,716,2896.126947
-650.186615,263,2896.581575
-583.078566,261,2896.797187
-365.819226,384,2897.348748
-187.580512,167,2897.487436
-107.907545,313,2897.969656
-173.334325,261,2898.379245
-160.869727,171,2898.530041
-565.638301,251,2898.739259
-351.048263,555,2899.398561
-128.080917,205,2899.803731
-447.35862,281,2900.035931
-529.138212,274,2900.494382
-485.15798,324,2900.990626
-620.137057,125,2901.096444
-133.687605,191,2901.255331
-80.20671,171,2901.397388
-400.229138,486,2902.037475
-272.508889,263,2902.467483
-49.39836,262,2902.685601
-230.586465,245,2903.12802
-230.746405,163,2903.264407
-199.625473,201,2903.642714
-408.928816,462,2904.236466
-477.732244,266,2904.458476
-438.144357,295,2904.92454
-194.971904,210,2905.0997
-187.154783,202,2905.269415
-125.142506,178,2905.629434
-215.875346,253,2905.838087
-71.459362,176,2906.187218
-69.430767,174,2906.333032
-617.415868,297,2906.813428
-169.708994,189,2906.975933
-334.992918,247,2907.182151
-203.437564,180,2907.544774
-36.640015,221,2907.728919
-226.846909,295,2908.175824
-135.450176,149,2908.302428
-78.095657,180,2908.450554
-173.179678,168,2908.832467
-231.808457,180,2908.981841
-61.695037,791,2910.032219
-157.604623,564,2910.732314
-508.894271,218,2910.913708
-229.227708,179,2911.279227
-151.813562,228,2911.47359
-112.068192,191,2911.632523
-82.37504,179,2911.983762
-137.64545,187,2912.138621
-429.454357,278,2912.58112
-185.936124,188,2912.737986
-156.830799,174,2912.88295
-95.224653,178,2913.265373
-560.9505,292,2913.506966
-40.78373,181,2913.897061
-124.147192,184,2914.050539
-259.343425,191,2914.210347
-151.816753,248,2914.649497
-199.774027,196,2914.81275
-141.581685,285,2915.287252
-182.295341,248,2915.492409
-114.295347,141,2915.610468
-167.212159,170,2915.987389
-200.529657,176,2916.133941
-118.869751,141,2916.252045
-84.109109,184,2916.641693
-178.369339,133,2916.753835
-156.581553,157,2916.883373
-174.15992,195,2917.286493
-73.916041,188,2918.799133
-158.362607,132,2918.910016
-133.577697,151,2919.253385
-93.751853,187,2919.408086
-132.842198,342,2919.919734
-224.03184,193,2920.079427
-102.087454,173,2920.221444
-174.619321,165,2920.456286
-95.705414,415,2920.892825
-159.779154,173,2921.036345
-192.506759,189,2921.192833
-244.766507,162,2921.427606
-247.718038,163,2921.563595
-220.860877,166,2921.701977
-272.005163,177,2921.952532
-120.3062,186,2922.105422
-116.410875,139,2922.222882
-138.474097,147,2922.347002
-139.28899,147,2922.671135
-202.521111,171,2922.814713
-177.373239,188,2922.973493
-230.36277,180,2923.215274
-156.11146,215,2923.392086
-77.183824,177,2923.630644
-98.10259,178,2923.777293
-167.146656,150,2923.904983
-86.570911,148,2924.121799
-201.282883,158,2924.261532
-127.858486,138,2924.378132
-154.683802,209,2924.549988
-84.120534,175,2924.7888
-106.59,150,2924.913804
1.114725,493,2925.414598
-127.406767,322,2925.882566
-169.608274,163,2926.017713
-151.773009,189,2926.175611
-134.019599,155,2926.40113
-194.220376,194,2926.562257
-152.5941,135,2926.67552
-426.815449,428,2927.125833
-115.835424,189,2927.375847
-184.125846,160,2927.509504
-412.019562,256,2927.726091
-184.55434,217,2927.997405
-111.135671,181,2928.147041
-117.909683,178,2928.293804
-87.604624,370,2928.69311
-205.613784,147,2928.907622
-152.039614,186,2929.063439
-147.710246,144,2929.183825
-122.902053,144,2929.305593
-176.048015,176,2929.544995
-184.744932,174,2929.688537
-147.910624,141,2929.807268
-183.950397,186,2930.055968
-101.54784,178,2930.202418
-105.420499,482,2930.693462
-141.064597,164,2930.831007
-123.758691,288,2931.162349
-450.081468,328,2931.527972
-202.139827,156,2931.657767
-135.038761,155,2931.788163
-99.411284,189,2932.039225
-123.575098,177,2932.186911
-184.003743,163,2932.322058
-178.244154,152,2932.544245
-179.516742,159,2932.67748
-100.012017,151,2932.803803
-80.967207,137,2932.919009
-130.345137,199,2933.176291
-153.018242,146,2933.298634
-146.055836,175,2933.444091
-480.25794,254,2933.829236
-245.177368,238,2934.02727
-130.731267,204,2934.39857
-240.899872,171,2934.542388
-191.140065,185,2934.695886
-491.925546,302,2935.144965
-184.457384,190,2935.304387
-108.404858,166,2935.644581
-206.494678,179,2935.793278
-56.682894,182,2935.942307
-232.675273,225,2936.350524
-208.031814,332,2936.850672
-175.782501,135,2936.965865
-233.195104,279,2937.197904
-144.014559,210,2937.570775
-37.128512,276,2937.80201
-186.931365,216,2938.210261
-236.534559,156,2938.339514
-134.848038,221,2938.523254
-136.65222,266,2938.949482
-125.778055,192,2939.110162
-188.395085,191,2939.481721
-438.62704,198,2939.6454
-499.729156,270,2939.967476
-239.46652,163,2940.103048
-314.642161,255,2940.315872
-173.200162,177,2940.556477
-67.22818,183,2940.708476
-562.410075,213,2940.978097
-141.554131,154,2941.107342
-169.998576,170,2941.247795
-167.227803,291,2941.582453
-52.631267,443,2942.038157
-163.241191,169,2942.178234
-126.086156,248,2942.382845
-51.73375,176,2942.622499
-119.453341,154,2942.751404
-431.688433,418,2943.191182
-212.848717,280,2943.421894
-248.347068,254,2943.72472
-142.091996,212,2943.899731
-250.142877,173,2944.13588
-93.270215,491,2944.637127
-247.204555,198,2944.800058
-191.333536,192,2944.95909
-211.09149,187,2945.207603
-712.43611,236,2945.404233
-473.499358,332,2945.7742
-190.570976,174,2945.919068
-114.243787,156,2946.142636
-188.858609,188,2946.29886
-589.445392,253,2946.512455
-130.094239,355,2946.901148
-151.566417,163,2947.037437
-79.36874,593,2947.714655
-145.717399,194,2947.875709
-214.463351,185,2948.029685
-138.633015,195,2948.39131
-430.726704,852,2949.322876
-692.400409,218,2949.732373
-405.184054,186,2949.886889
-421.169504,329,2950.383113
-163.780241,565,2950.945657
-429.7449,262,2951.163238
-426.928501,262,2951.590958
-759.970231,159,2951.721867
-681.346605,172,2951.958002
-423.978534,325,2952.22684
-151.062944,179,2952.469758
-292.194646,228,2952.657346
-513.021358,113,2952.752323
-213.460156,187,2952.999771
-440.216095,338,2953.277812
-513.077997,254,2953.579001
-105.520051,328,2953.847976
-633.765508,231,2954.133564
-380.195076,332,2954.411068
-430.802558,464,2954.886231
-229.662315,184,2955.1296
-195.035141,267,2955.350497
-246.544883,162,2955.681688
-650.004623,317,2955.942831
-543.227156,250,2956.242147
-454.362391,322,2956.506991
-239.5333,423,2956.949363
-214.904861,172,2957.092047
-552.273949,236,2957.378536
-238.060682,358,2957.768263
-194.542893,174,2957.912765
-685.110775,542,2958.452575
-553.218821,123,2958.556753
22.950629,292,2958.89332
-281.67956,497,2959.3966
-505.281468,293,2959.639127
-729.012935,145,2959.85443
-369.026661,344,2960.139029
-236.239389,177,2960.394154
-129.168757,529,2960.921757
-360.432385,237,2961.116848
-510.27316,259,2961.425222
-631.855151,293,2961.665478
-177.57384,179,2961.905183
-288.797755,361,2962.205933
-315.679491,229,2962.488059
-120.033874,254,2962.697814
-474.371883,256,2963.004981
-353.176604,561,2963.557853
-309.111477,417,2963.994576
-720.930154,154,2964.121076
-123.967912,176,2964.267357
-349.848747,191,2964.518721
-229.043755,189,2964.674165
-219.319253,299,2965.014145
-149.763057,155,2965.143123
-189.611813,251,2965.349054
58.934586,389,2965.764132
-151.257725,243,2966.138109
-270.193559,370,2966.444163
-113.829052,179,2966.793337
-140.855254,204,2966.963024
-130.321488,175,2967.107522
-256.743626,168,2967.470896
-743.142994,153,2967.596977
-203.778202,344,2968.079465
-8.579421,337,2968.357692
-184.174944,181,2968.601307
-9.403019,262,2968.818185
-201.681036,179,2969.060805
-104.743525,172,2969.205072
-640.508406,140,2969.322069
-220.411287,173,2969.559001
-88.476717,149,2969.682605
-249.669663,176,2969.828715
-222.173278,185,2970.077339
-106.712435,186,2970.232812
-198.227115,170,2970.375165
-100.964843,156,2970.597089
-121.975884,194,2970.758756
-145.74271,143,2970.880204
-161.268787,191,2971.131183
-48.135632,341,2971.414907
-195.77828,203,2971.676922
-203.50767,221,2971.860276
-182.317668,177,2972.016751
-485.128564,352,2973.18229
-159.739232,198,2973.560174
-275.42223,331,2973.835449
-176.128557,192,2974.232996
-409.923767,258,2974.448886
-369.107411,411,2974.886076
-118.002748,146,2975.00844
-195.710894,248,2975.306985
-190.238984,373,2975.615542
-200.101877,194,2976.000289
-216.862958,255,2976.212145
-270.232966,220,2976.63344
-230.88308,172,2976.776985
-432.967923,233,2976.970746
-238.605831,279,2977.439603
-220.131606,236,2977.635597
-268.300646,171,2977.992199
-516.352344,182,2978.142919
-189.725146,163,2978.278462
-370.169184,278,2978.602027
-133.878956,239,2978.79814
-185.732193,258,2979.104537
-112.491478,267,2979.418064
-223.403135,182,2979.570325
-186.620967,152,2979.696611
-64.714969,253,2979.998406
-263.146202,204,2980.168121
-57.355878,371,2980.572223
-462.832859,263,2980.791185
-699.696485,170,2981.027717
-217.086238,173,2981.171686
-216.736528,171,2981.316395
-201.283409,193,2981.569037
-238.211638,190,2981.727351
-218.001945,250,2982.027371
-124.174413,257,2982.240241
-228.133534,151,2982.366674
-146.78318,272,2982.792143
-198.269603,256,2983.004322
-191.699103,291,2983.339118
-187.272169,174,2983.483332
-158.572356,193,2983.737931
-230.090864,177,2983.885315
-162.656823,141,2984.004021
-204.176029,216,2984.283996
-199.764803,319,2984.547776
-175.015564,145,2984.766615
-200.180848,413,2985.107374
-700.274176,138,2985.315209
-232.667266,150,2985.442042
-175.933628,149,2985.566027
-394.134038,338,2985.939553
-309.423164,202,2986.106167
-201.416838,143,2986.318664
-383.264923,265,2986.539963
-232.946827,188,2986.696337
-297.389309,375,2987.101674
-222.578654,165,2987.332162
-267.635462,161,2987.463826
-244.596413,230,2987.653752
-301.231202,176,2988.012034
-157.937335,146,2988.13437
-187.932719,189,2988.291502
-188.479523,143,2988.50669
-169.122296,173,2988.649799
-192.717307,136,2988.762998
-148.842541,163,2988.897796
-267.554704,209,2989.163646
-197.877543,222,2989.349021
-275.934499,251,2989.649388
-259.170479,296,2989.895534
-205.859081,183,2990.140849
-145.311731,255,2990.351762
-233.122418,170,2990.586272
-214.759893,159,2990.718405
-210.280313,147,2990.840672
-199.162472,202,2991.101227
-197.555829,137,2991.21646
-160.929428,159,2991.348904
-211.880293,142,2991.467521
-126.556889,155,2991.688669
-264.582246,185,2991.842489
-139.97912,180,2991.99181
-693.666966,325,2992.353557
-199.451125,144,2992.472645
-183.416257,159,2992.698179
-84.107614,144,2992.818674
-227.024486,141,2992.936388
-172.34832,158,2993.266793
-274.026769,129,2993.375224
-174.007951,140,2993.491431
-174.213387,159,2993.623303
-211.499398,151,2993.841112
-205.480086,166,2993.978091
-199.162491,164,2994.113221
-247.369014,136,2994.321029
-189.158689,142,2994.4397
-252.66244,369,2994.839725
-181.857289,143,2994.958533
-166.143102,130,2995.066874
-300.163052,160,2995.198949
-160.350564,147,2995.415373
-178.124119,140,2995.532659
-193.300784,214,2995.711233
-170.774968,138,2995.920013
-225.530798,172,2996.063112
-183.254541,176,2996.209759
-307.555531,202,2996.470611
-237.097881,167,2996.607606
-168.777219,148,2996.73242
-159.57572,141,2996.943849
-156.217029,157,2997.075109
-183.267601,135,2997.188076
-222.073561,136,2997.301017
-228.990271,166,2997.533956
-150.198915,135,2997.647513
-239.663796,183,2997.799171
-88.844311,148,2998.018343
-179.640293,144,2998.137326
-221.852693,154,2998.2652
-241.455893,180,2998.508667
-117.058196,152,2998.634864
-247.964018,187,2998.790183
-135.391365,146,2999.007979
-182.25359,131,2999.117708
-157.698263,135,2999.232317
-214.590353,133,2999.344078
-137.737661,167,2999.57906
-161.192322,136,2999.693089
-217.984207,190,2999.851894
-177.173805,148,3000.069178
-206.13676,164,3000.204941
-214.795404,171,3000.347862
-210.721706,118,3000.539748
-157.675453,134,3000.652322
-189.731958,175,3000.797837
-239.271712,126,3000.903325
-205.960798,114,3001.09349
-198.16657,135,3001.207385
-149.363297,135,3001.320464
-168.598197,119,3001.419715
-206.25489,141,3001.631077
-256.881723,168,3001.770352
-167.514645,151,3001.895653
-150.840177,131,3002.006555
-170.789376,169,3002.241236
-215.458255,139,3002.357008
-189.974423,145,3002.478676
-209.756023,203,3002.740635
-233.284678,131,3002.849952
-211.122386,116,3002.945503
-173.116392,137,3003.154707
-138.5277,192,3003.314497
-198.847201,107,3003.403692
-226.350866,119,3003.504249
-144.75668,140,3003.713881
-119.371513,208,3003.886581
-107.821621,142,3004.006445
-193.554944,146,3004.221888
-155.221067,136,3004.337601
-139.833435,139,3004.453614
-138.94782,149,3004.578959
-238.709535,146,3004.794509
-208.98204,144,3004.914467
-129.931725,152,3005.044272
-143.364671,141,3005.385398
-143.203956,142,3005.504901
-156.583904,144,3005.623562
-211.460632,136,3005.737149
-141.177205,174,3006.084252
-200.399536,116,3006.182369
-159.216459,131,3006.292104
-186.129609,123,3006.395695
-598.463308,377,3006.938446
-146.724794,164,3007.075837
-160.972707,132,3007.414496
-167.475678,138,3007.529895
-154.375178,162,3007.664207
-92.94017,183,3007.909926
-196.821243,146,3008.031729
-118.58121,146,3008.153267
-224.400148,358,3008.549673
-143.198885,149,3008.673813
-144.399911,252,3008.976393
-179.909037,134,3009.088109
-101.160537,232,3009.28139
-156.506378,149,3009.501597
-116.717857,203,3009.669559
-102.841716,219,3010.04853
-248.74099,175,3010.192251
-129.826281,142,3010.311795
-174.385539,181,3010.674627
-353.952407,530,3011.205283
-240.801822,392,3011.527042
-173.662769,146,3011.743016
-163.128911,192,3011.901428
-174.952088,164,3012.035371
-151.034894,176,3012.274784
-200.300685,144,3012.394603
-303.540406,377,3012.80036
-183.92251,138,3012.914384
-191.871508,633,3013.532454
-200.575693,202,3013.794615
-316.207487,267,3014.018507
-207.81661,147,3014.139667
-209.219456,147,3014.360773
-272.02152,321,3014.624964
-117.860192,195,3014.964099
-119.197846,187,3015.118804
-234.079809,165,3015.255073
-193.734945,126,3015.454798
-234.889722,224,3015.639226
-205.958263,207,3015.808474
-149.580045,185,3016.054878
-160.08183,181,3016.203738
-211.098583,167,3016.434145
-232.88751,110,3016.526988
-382.497071,303,3016.775456
-209.523375,123,3016.975963
-187.498054,169,3017.116009
-100.791021,192,3017.277474
-213.647293,165,3017.643863
-104.56571,175,3017.788575
-83.666758,425,3018.23467
-133.634896,176,3018.38085
-167.069891,208,3018.647782
-217.117273,193,3018.807712
-147.736162,176,3018.95396
-185.611918,147,3019.169846
-217.213158,256,3019.384387
-121.007225,196,3019.545274
-123.772266,182,3019.789614
-186.387068,163,3019.924878
-161.886425,136,3020.039463
-55.576406,148,3020.378335
-141.500458,942,3021.396703
-224.034837,137,3021.604754
-172.373084,132,3021.715148
-227.226354,154,3021.842337
-95.022646,192,3022.095905
-148.824075,261,3022.310976
-164.153874,206,3022.578047
-176.832176,189,3022.734023
-276.585491,456,3023.206282
-252.503553,353,3023.593245
-62.994057,178,3023.740569
-209.118378,118,3023.840168
-87.498837,183,3023.991986
-193.130647,148,3024.210413
-225.274041,125,3024.315883
-186.604978,149,3024.440309
-160.243358,177,3024.680033
-22.655977,357,3024.975136
-176.632528,202,3025.240242
-179.360681,358,3025.536239
-679.636633,377,3025.940808
-155.304834,130,3026.772294
-271.695967,495,3027.275018
-92.324977,190,3027.526082
-209.720312,143,3027.6455
-172.432728,149,3027.76986
-185.433987,142,3027.981263
-81.829654,187,3028.135253
-92.650273,204,3028.302973
-323.292721,460,3028.778055
-85.830028,204,3029.042923
-181.860734,229,3029.233879
-171.621211,136,3029.348249
-136.162955,396,3029.768177
-234.012334,179,3029.915794
-103.184967,219,3030.19182
-203.360918,184,3030.346261
-152.756108,204,3030.608507
-137.188716,206,3030.778264
-108.671459,147,3030.900327
-68.606015,515,3031.418181
-146.507419,192,3031.671324
-181.502543,140,3031.787206
-193.287134,476,3032.27498
-110.01171,372,3032.676262
-256.281534,191,3032.835592
-175.21642,136,3032.948723
-155.765997,197,3033.206043
-177.774037,140,3033.32387
-258.228672,124,3033.427132
-119.513665,180,3033.670899
-204.801927,141,3033.788127
-286.000137,243,3033.988263
-226.682139,453,3034.460079
-69.103254,570,3035.025256
-138.17148,197,3035.287419
-406.135635,483,3035.780023
-178.274275,172,3035.921564
-131.174237,186,3036.074906
-192.335681,136,3036.282259
-183.747273,148,3036.406326
-192.346534,131,3036.516448
-141.429126,181,3036.759798
-397.158208,575,3037.333723
-210.363441,156,3037.463284
-133.753641,185,3037.618567
-183.844872,144,3037.960859
-187.539271,208,3038.135399
-309.33678,693,3038.907775
-147.044262,424,3039.355491
-172.134315,173,3039.72043
-146.194827,280,3039.95208
-322.750826,263,3040.263039
-128.154176,166,3040.401114
-279.015696,198,3040.563806
-138.385659,190,3040.94137
-188.595369,183,3041.094049
-152.478786,175,3041.240841
-41.076904,342,3041.72699
-165.33074,128,3041.834026
-126.427424,186,3042.082769
-193.936527,203,3042.249202
-202.615626,138,3042.362835
-258.912015,162,3042.59108
-167.906957,414,3042.932569
-181.214306,144,3043.146856
-114.335657,175,3043.291571
-204.165658,222,3043.47368
-129.864437,195,3043.730345
-189.857387,144,3043.849187
-148.501732,204,3044.112228
-233.360016,158,3044.243692
-244.05484,243,3044.444332
-135.762107,141,3044.657079
-316.755442,417,3045.000862
-300.748504,520,3045.523222
-197.082759,251,3045.825565
-181.244022,173,3045.968711
-207.765815,168,3046.199523
-174.242946,210,3046.372594
-208.152945,223,3046.556452
-210.380108,345,3046.933588
-228.581378,172,3047.076489
-199.848422,391,3047.492663
-152.455051,198,3047.750439
-265.300834,184,3047.902095
-117.072424,429,3048.352767
-143.94386,197,3048.514948
-277.810329,281,3048.841471
-159.747575,175,3048.986861
-184.92857,141,3049.10443
-185.492981,194,3049.359023
-150.574292,267,3049.580151
-221.946453,166,3049.810012
-150.353662,478,3050.210753
-195.042624,703,3050.981584
-99.470803,439,3051.557412
-172.381668,195,3051.718296
65.842745,956,3052.691227
15.191734,1000,3053.804446
75.073073,1000,3054.807577
-11.952401,216,3054.987342
216.916981,1000,3056.000553
-186.114957,378,3056.405651
-104.264624,217,3056.582934
-52.090812,701,3057.344006
-520.510166,446,3057.801332
-155.033878,295,3058.042451
-186.219065,253,3058.343977
-59.455633,964,3059.325038
-311.935674,1000,3060.337212
-269.67594,753,3061.047079
-345.38141,1000,3062.064182
-409.891733,262,3062.372366
-520.687192,672,3063.023527
-293.212673,586,3063.602035
-201.203612,258,3063.813137
24.639059,748,3064.618999
-649.132799,1000,3065.629998
-633.573316,589,3066.207605
-656.647863,624,3066.812989
-528.281033,230,3067.093778
-216.703535,366,3067.396135
-576.461926,242,3067.687655
-245.524404,609,3068.281897
-135.541514,427,3068.730181
-110.22212,299,3068.97524
-366.065534,520,3069.590453
-543.730769,775,3070.322959
-472.577428,720,3071.008046
-299.237695,393,3071.423281
-262.966214,244,3071.715106
-316.67332,246,3071.917134
-229.623919,184,3072.173051
-204.412373,257,3072.383295
-307.974189,176,3072.526757
-294.152753,446,3072.985493
-1009.389511,873,3073.980271
-202.333736,365,3074.375133
-237.535514,561,3074.932232
-304.250757,293,3075.170848
-157.99284,280,3075.495247
-333.620914,501,3076.001385
-471.976808,695,3076.664785
-100.787423,1000,3077.68704
-813.447334,928,3080.001483
-780.838935,613,3080.601849
-78.860746,351,3080.998244
-171.657862,446,3081.459481
-125.969687,348,3081.748572
-144.141737,442,3082.207304
-382.120536,714,3082.985162
-439.975404,634,3083.60408
-137.818588,412,3084.04149
-426.673769,671,3084.69303
-333.957267,794,3085.536346
-386.966531,776,3086.272833
-207.082604,330,3086.637216
-70.782523,499,3087.143054
-232.254882,250,3087.348598
-123.359399,353,3087.734203
-612.033368,902,3088.661025
-78.388909,329,3088.930299
58.192133,1000,3089.943156
-125.912884,553,3090.491739
-114.214173,342,3090.86889
-26.811265,496,3091.373902
-214.40577,369,3091.774891
-195.128276,217,3091.954016
-456.762437,699,3092.626392
-282.60839,450,3093.090432
-127.627637,427,3093.537329
-191.251136,221,3093.813965
-311.097274,853,3094.699881
-99.630674,350,3095.082144
-169.799135,179,3095.228669
-187.537912,482,3095.720391
-149.594422,169,3095.952085
-172.209901,856,3096.874396
-333.801212,948,3097.846227
-110.083085,233,3098.130885
-29.889703,425,3098.478577
-60.882192,271,3098.796191
-140.644028,404,3099.22434
-251.694001,309,3099.478785
-91.775353,198,3099.736823
-209.621866,331,3100.007524
-188.297027,184,3100.251353
-91.658,259,3100.463525
335.690067,1000,3101.474611
-153.926726,193,3101.728547
-134.207446,630,3102.344859
-217.146659,145,3102.463472
-178.132967,187,3102.6169
-143.403714,208,3102.881502
-117.433736,698,3103.553892
-295.371552,198,3103.812649
-131.207503,198,3103.975438
-147.094302,206,3104.144713
-241.412202,160,3104.371566
-209.991046,159,3104.50258
-131.202233,419,3104.942114
-169.475751,200,3105.107419
-211.943833,182,3105.351838
-185.602406,151,3105.475802
47.494522,428,3105.922445
-321.788547,499,3106.428572
-226.281092,154,3106.555928
-226.239972,160,3106.687909
-196.83051,356,3107.076086
-193.689698,203,3107.245371
-230.310896,133,3107.450364
-207.751094,192,3107.610589
-211.810618,173,3107.754564
-172.675347,134,3108.093653
-230.998535,350,3108.384397
-138.459879,193,3108.753806
-203.878021,210,3108.926313
-47.745591,253,3109.363136
-155.753641,172,3109.507052
-200.172841,163,3109.641471
-199.789453,166,3109.97331
-235.64613,156,3110.103636
-180.328354,208,3110.275871
-169.261667,149,3110.634228
-182.122563,258,3110.849077
-148.401331,148,3110.971961
-172.067344,164,3111.318945
-164.39368,152,3111.445344
-155.87981,189,3111.600494
-229.52369,618,3112.526734
-102.052109,251,3112.741051
-167.483139,167,3112.879132
-248.698929,319,3113.373455
-163.417089,185,3113.526097
-243.871173,181,3113.886985
-191.483244,323,3114.154861
-175.850818,177,3114.513537
-231.44109,176,3114.659886
-208.645735,131,3114.768004
-419.397322,553,3115.460324
-194.704317,440,3116.04187
-141.089241,202,3116.409542
-196.105029,183,3116.56144
-266.717714,734,3117.391751
-197.080167,190,3117.642493
-131.931519,334,3117.919016
-285.179607,392,3118.337658
-164.461292,200,3118.59662
-185.42682,206,3118.766981
-201.492956,174,3118.910016
-164.261777,187,3119.159171
-210.56016,138,3119.27438
-179.410044,168,3119.412274
-236.240971,228,3119.693413
-171.19763,140,3119.816422
-211.060249,179,3119.964887
-190.107627,185,3120.2114
-164.329785,145,3120.332733
-219.489025,186,3120.486021
-297.776744,505,3120.996345
-251.983641,332,3121.49921
-186.844892,172,3121.640705
-213.97439,169,3122.021258
-279.629063,456,3122.644925
-291.893337,177,3122.804888
-186.331049,141,3122.931455
-190.659789,171,3123.07977
-401.332003,498,3123.733694
-265.687451,442,3124.192597
-200.7534,209,3124.459884
-257.285563,178,3124.609056
-178.568977,190,3124.768293
-180.885293,174,3125.058856
-188.335442,187,3125.222384
-217.315094,148,3125.346894
-184.3424,158,3125.576426
-192.123787,164,3125.711995
-302.174874,471,3126.290942
-153.924143,172,3126.435354
-161.336809,206,3126.707822
-292.081851,406,3127.15798
-172.855034,184,3127.38079
-215.742927,137,3127.571459
-193.050625,214,3128.066751
-351.058037,591,3129.129225
-179.714138,345,3129.607054
-192.870298,138,3129.960983
-160.341452,190,3130.228412
-197.260093,157,3130.442876
-156.146099,165,3130.815303
-283.049137,330,3131.272254
-193.138949,219,3131.718213
-263.025344,226,3132.02571
-688.287579,732,3133.32672
-159.379461,189,3133.586878
-151.35856,185,3133.846472
-245.18851,324,3134.460742
-331.857425,416,3135.331732
-193.693286,190,3135.629763
-229.923116,502,3136.689703
-153.254578,634,3138.74186
-496.936285,1000,3140.429441
-121.164254,512,3141.282132
-231.099477,311,3141.947374
-298.101563,362,3143.011655
-196.43228,331,3143.568377
-227.730994,188,3144.152666
-80.510865,194,3144.512424
-90.834104,585,3145.77336
-253.061981,233,3146.444367
-199.102375,167,3146.732065
-244.737782,281,3147.39059
-243.020841,513,3148.392573
-281.963274,374,3148.965114
-286.587007,665,3150.398294
-134.034614,208,3150.706104
-183.870743,213,3151.037586
-243.11795,400,3151.939728
-189.559,344,3152.668562
-134.332489,409,3153.489946
-235.856436,728,3154.947312
-186.879541,179,3155.213206
-254.145337,394,3155.988417
-314.387402,494,3156.908477
-492.822275,743,3158.637219
-259.558918,248,3158.998795
-266.153636,230,3159.333862
-249.914272,305,3159.969366
-339.147346,476,3160.955398
-335.533452,516,3161.896513
-309.534141,681,3163.098374
-249.789535,260,3163.669034
-166.85205,299,3164.103922
45.66382,1000,3165.974148
-219.946376,351,3166.682696
-57.513874,371,3167.421893
-155.126327,272,3167.831941
-231.437116,272,3168.430343
-197.871514,138,3168.641694
-363.619612,394,3169.384873
-127.198546,321,3170.032224
-268.877034,422,3170.668425
-279.579903,241,3171.228985
-252.702221,117,3171.404925
-286.92968,650,3172.540972
-61.685255,275,3173.106678
-265.889956,207,3173.420026
-337.039318,477,3174.37214
-252.386239,143,3174.594166
-113.446563,271,3175.155739
-137.491019,276,3175.729409
-306.488533,347,3176.24409
-215.121013,356,3176.994232
-219.567533,1000,3179.072577
-377.841893,321,3179.814453
-176.779006,258,3180.224737
-131.297432,273,3180.918566
-272.999322,153,3181.143206
-214.776967,434,3182.02058
-208.10618,262,3182.417252
-185.11938,138,3182.627895
-141.467257,265,3183.330015
-242.096443,211,3183.662608
-197.252723,289,3184.279501
-163.772426,437,3185.23954
-610.44194,594,3186.324193
-121.660918,498,3187.237229
-279.446062,504,3188.149585
-200.666783,248,3188.521
-156.982508,219,3189.033691
-188.313549,202,3189.340024
-211.960861,292,3189.948894
-175.390052,325,3190.430588
-160.80829,246,3191.0358
-254.473544,158,3191.270734
-193.116812,193,3191.747205
-243.149249,282,3192.180111
-246.993379,215,3192.719104
-227.374769,245,3193.087184
-279.032547,166,3193.350326
-112.749264,287,3193.990067
-194.77519,317,3194.84495
-157.291659,197,3195.210865
-262.652979,155,3195.500734
-239.427233,111,3195.699371
-135.688907,282,3196.346565
-136.155593,605,3197.423239
-175.947058,211,3198.006958
-611.593812,626,3199.099176
-203.069956,186,3199.361151
-101.192979,556,3200.323465
-139.939729,418,3201.10671
-262.774999,127,3201.30818
-216.566552,484,3202.214748
-155.344935,278,3202.792667
-216.128771,190,3203.048437
-125.474892,214,3203.48744
-232.28772,295,3203.886916
-233.325498,197,3204.317837
-191.218503,195,3204.578367
-307.987221,398,3205.243353
-111.741928,434,3205.990342
-299.060708,317,3206.408246
-163.855256,310,3206.959305
-86.417074,304,3207.375713
-133.409995,350,3208.159511
-206.123887,214,3208.592819
-196.505252,685,3209.720307
-194.899737,265,3210.086741
-432.136937,428,3210.890853
-404.705815,383,3211.587201
-162.078572,265,3211.9618
-147.699661,347,3212.585795
-129.020161,412,3213.307974
-225.806571,289,3214.011976
-168.148562,259,3214.368359
-116.837035,320,3214.988601
-191.523532,295,3215.397551
-313.859614,370,3216.246608
-304.62265,103,3216.397526
-308.248509,414,3217.196687
-403.997433,258,3217.579277
-229.73666,649,3218.723535
-299.194833,251,3219.04838
-289.953067,350,3219.650544
-392.700265,317,3220.20273
-363.869555,480,3220.919395
-248.037863,192,3221.340441
-319.483705,461,3222.084823
-158.994792,266,3222.421026
-156.254415,420,3223.115456
-251.790253,199,3223.377318
-201.879322,111,3223.678234
-208.006695,160,3223.887894
-143.290684,350,3224.48367
-235.825764,192,3224.734014
-244.247372,182,3224.971507
-231.52818,130,3225.309672
-492.818727,618,3226.251695
-189.716389,177,3226.481686
-283.701685,319,3227.059103
-219.051042,179,3227.290682
-154.479266,421,3228.08865
-209.222549,166,3228.3064
-440.738186,468,3229.075203
-301.810224,255,3229.557301
-228.38303,180,3229.951121
-168.507242,172,3230.176934
-177.736398,145,3230.593492
-264.842316,200,3230.855053
-211.47178,121,3231.981405
-180.236818,209,3232.407274
-277.700964,410,3233.18936
-223.526876,160,3233.39878
-203.672635,261,3233.735576
-249.57117,229,3234.282552
-219.6853,290,3234.6639
-179.433374,185,3235.065703
-262.261721,199,3235.346385
-288.29239,215,3235.912532
-247.070269,171,3236.136356
-146.672519,337,3236.864949
-177.307277,122,3237.033396
-97.123364,505,3237.90306
-193.393311,229,3238.202409
-323.069206,634,3239.299005
-245.128329,170,3239.66898
-587.94864,900,3241.138337
-107.753626,330,3241.58895
-195.020704,423,3242.312533
-219.583895,156,3242.512751
-204.322983,128,3242.829165
-353.154979,474,3243.595164
-164.281416,207,3243.874141
-180.79582,174,3244.098779
-206.024275,190,3244.487399
-224.625099,164,3244.698994
-110.962947,274,3245.04453
-195.142789,140,3245.379754
-198.367782,129,3245.545759
-214.231752,175,3245.773887
-105.361783,270,3246.280466
-191.2049,152,3246.483736
-216.959206,147,3246.675273
-220.959033,177,3247.10546
-175.796894,275,3247.467746
-188.249336,156,3247.880385
-265.324376,111,3248.036623
-227.083386,358,3248.642887
-182.670449,201,3248.908979
-224.81566,160,3249.110939
-168.888023,136,3249.431009
-172.258123,160,3249.641343
-192.002179,426,3250.344615
-234.949594,174,3250.570698
-249.204777,295,3251.223377
-149.303802,313,3251.627968
-145.008857,169,3252.150027
-318.967155,471,3252.754444
-388.693083,222,3253.210931
-25.312632,384,3253.855098
-236.014339,178,3254.08922
-390.099865,520,3254.917425
-469.903579,330,3255.485733
-165.955098,398,3255.998873
-155.015831,336,3256.639328
-202.310945,164,3256.850609
-211.043012,205,3257.260885
-168.768656,205,3257.526478
-264.13419,452,3258.275825
-158.463556,172,3258.504177
-250.86915,527,3259.339501
-248.643172,383,3259.989753
-103.947289,272,3260.574757
-270.384853,263,3260.919132
-310.312462,315,3261.576693
-189.126686,136,3261.753712
-146.002517,334,3262.349213
-1174.562777,977,3263.751067
-168.267959,183,3263.920255
-154.456728,247,3264.475403
-247.526384,285,3264.740085
-180.588399,197,3264.916412
-96.02967,417,3265.42097
-152.838667,323,3265.95903
-178.385587,234,3266.171025
-134.381465,239,3266.613898
-273.577959,318,3266.897083
-269.551323,469,3267.603291
-196.724725,176,3268.014301
-165.335144,416,3268.61269
-350.058477,502,3269.271857
-110.099912,239,3269.49014
-280.67056,444,3270.120066
-171.299145,238,3270.333368
-233.450149,128,3270.634058
-126.081497,252,3270.855872
-229.110013,297,3271.349102
-251.158642,181,3271.513733
-233.337466,175,3271.68042
-202.288897,503,3272.262128
-158.512942,248,3272.617904
-147.279444,311,3272.918391
-210.245594,343,3273.356289
-190.138201,269,3273.719435
-166.27511,356,3274.05886
-105.714011,491,3274.653732
-179.147861,142,3274.930566
-188.737322,137,3275.060008
-245.148682,192,3275.241623
-194.464988,137,3275.372401
-181.2592,177,3275.678167
-249.5235,256,3275.919329
-160.0488,488,3276.513762
-198.816403,169,3276.816712
-165.61142,138,3276.946251
-203.505089,179,3277.114605
-177.529876,163,3277.267477
-222.418871,162,3277.556764
-163.719883,273,3277.810779
-656.537396,566,3278.483027
-213.403738,193,3278.771924
-197.815921,290,3279.047565
-231.183432,201,3279.370563
-504.874437,328,3279.6805
-229.006518,163,3279.947443
-507.649329,639,3280.661853
-135.637982,171,3280.822793
-190.37953,170,3281.078243
-122.891313,146,3281.21119
-148.298989,298,3281.579094
-261.776926,179,3281.742691
-355.619271,376,3282.175197
-295.880658,324,3282.469812
-228.288473,186,3282.748939
-146.972775,480,3283.280819
-251.667376,374,3283.617416
-172.707781,187,3283.88242
-182.73885,165,3284.028984
-245.109855,171,3284.184071
-193.738122,153,3284.418304
-114.495369,196,3284.594674
-136.765239,178,3284.751653
-187.557338,174,3285.007418
-146.583582,147,3285.137677
-183.346126,184,3285.304429
-264.517193,244,3285.628506
-151.341038,132,3285.74935
-151.997443,153,3285.887526
-174.635143,168,3286.265554
-149.723829,159,3286.406464
-232.496646,224,3286.604759
-286.08025,171,3286.985681
-191.870146,195,3287.164497
-223.832213,299,3287.530203
-405.297006,653,3288.21998
-156.712729,154,3288.358042
-213.858033,118,3288.679862
-30.243614,494,3289.118729
-208.687363,170,3289.421667
-152.246136,176,3289.581253
-139.485254,170,3289.832692
-203.090374,327,3290.135662
-180.300847,177,3290.295913
-34.421678,258,3290.627163
-281.423479,384,3291.068996
-230.38695,126,3291.19682
-291.60531,484,3291.726393
-214.106748,268,3291.968292
-148.544445,209,3292.254651
-218.646554,443,3292.754693
-168.457171,159,3292.897641
-264.510557,100,3292.987871
-177.293544,134,3293.108894
-217.335204,196,3293.378481
-179.998484,191,3293.548287
-200.974469,216,3293.846843
-213.336953,254,3294.072437
-146.340408,211,3294.365427
-134.630223,257,3294.599447
-210.446095,247,3294.914945
-158.507333,484,3295.444208
-267.887936,174,3295.601371
-266.962509,292,3295.865855
-131.145601,878,3296.855025
-174.082101,420,3297.328552
-264.986278,183,3297.493416
-174.456225,163,3297.741612
-135.561642,246,3297.964309
-240.71479,307,3298.337234
-294.105308,446,3298.837073
-159.061779,141,3298.965351
-218.238689,134,3299.086598
-215.12888,414,3299.553991
-233.842136,270,3299.793035
-200.809736,172,3300.040781
-149.003473,153,3301.80144
-414.481528,502,3302.468906
-334.455002,719,3303.217109
-271.083272,332,3303.711053
-252.319889,300,3304.202154
-216.371008,404,3304.76724
-135.534869,270,3305.012452
-190.427554,377,3305.558816
-98.874082,337,3305.861583
-367.741812,349,3306.328677
-205.261296,174,3306.483307
-303.076186,278,3306.966075
-190.618392,193,3307.138131
-232.149247,435,3307.703285
-210.048338,270,3308.17323
-268.201608,351,3308.487183
-175.340191,198,3308.89282
-296.152218,431,3309.50842
-399.001523,329,3309.803385
-134.394713,333,3310.331224
-266.893868,190,3310.501817
-200.658549,205,3310.913107
-273.866835,159,3311.056829
-331.846801,319,3311.599707
-166.241673,139,3311.724651
-337.335681,408,3312.296939
-282.298024,442,3312.921372
-289.79063,269,3313.160134
-269.378444,189,3313.328564
-176.819057,178,3313.721473
-207.389444,150,3313.854966
-247.254148,190,3314.025399
-228.446613,155,3314.383468
-275.667764,359,3314.709255
-247.47964,271,3315.108627
-137.000148,230,3315.316322
-164.844502,140,3315.668441
-204.730099,330,3315.964824
-248.804132,206,3316.373215
-172.43945,219,3316.583069
-180.304505,181,3316.847942
-169.642832,179,3317.00737
-252.739427,106,3317.102156
-159.316699,145,3317.231193
-288.38198,183,3317.610875
-244.950681,394,3318.136665
-285.416638,220,3318.335004
-261.349162,115,3318.439133
-223.641328,428,3318.926602
-202.005101,172,3319.080458
-252.325718,122,3319.404483
-140.698409,212,3319.597909
-158.532725,142,3319.727366
-162.76948,146,3319.952748
-162.536384,175,3320.107053
-200.100216,161,3320.248207
-149.443792,143,3320.603478
-224.954542,127,3320.721112
-209.838613,145,3320.852834
-199.882548,170,3321.005641
-222.11069,121,3321.221189
-220.842979,115,3321.330008
-158.215952,147,3321.467682
-237.979601,171,3321.622955
-199.010343,137,3321.956131
-248.495793,115,3322.059463
-197.982678,142,3322.188463
-170.260824,141,3322.525129
-216.876454,130,3322.644904
-255.809519,100,3322.734195
-302.839054,109,3322.832656
-204.431082,145,3322.963388
-232.681408,128,3323.176114
-225.618689,154,3323.313774
-273.132921,112,3323.414315
-224.669058,139,3323.539109
-233.005706,167,3323.925316
-195.947535,147,3324.056903
-208.61959,158,3324.197688
-199.777844,160,3324.565482
-282.237959,105,3324.66301
-340.240755,189,3324.836129
-266.193694,126,3325.120637
-127.941091,144,3325.255192
-227.800921,122,3325.368588
-233.340325,141,3325.498491
-165.145584,135,3325.869709
-154.893589,138,3326.00048
-205.938709,126,3326.120397
-157.072536,161,3326.267875
-175.480419,140,3326.576515
-296.772843,170,3326.767031
-230.078088,112,3326.882033
-172.80652,171,3327.241609
-247.342675,191,3327.41869
-280.196317,388,3328.045748
-213.879896,149,3328.182754
-121.442456,146,3328.322528
-216.12289,181,3328.702339
-117.973933,150,3328.83632
-159.881933,149,3328.968526
-213.328216,219,3329.3968
-189.082703,172,3329.551688
-207.160767,180,3329.713588
-210.785391,120,3329.956272
-245.202295,207,3330.148883
-150.737841,172,3330.307493
-239.982886,153,3330.551071
-200.513301,153,3330.690204
-218.545487,144,3330.823503
-372.116703,193,3331.113584
-275.37394,308,3331.394132
-252.267292,126,3331.510937
-197.133849,125,3331.727359
-233.118266,165,3331.879112
-216.888047,134,3332.003367
-288.806722,175,3332.266911
-196.958451,139,3332.393297
-192.986148,150,3332.530075
-233.368471,186,3332.800242
-225.700316,164,3332.955461
-248.457747,131,3333.07534
-116.325179,180,3333.244213
-208.542585,295,3333.62599
-195.725385,178,3333.784068
-117.648484,147,3334.016415
-176.869258,149,3334.14774
-149.198601,160,3334.290259
-288.350456,322,3334.688699
-209.913729,158,3334.829596
-278.406266,260,3335.222722
-267.701664,238,3335.451998
-307.032173,358,3335.897887
-285.849992,383,3336.363369
-194.634248,174,3336.526297
-225.760013,152,3336.66507
-345.02092,252,3336.994902
-264.949663,180,3337.15719
-271.731528,255,3337.527433
-384.282459,403,3337.915599
-165.917115,141,3338.165497
-172.502701,250,3338.401524
-196.259759,222,3338.710166
-211.955346,147,3338.84859
-187.648567,188,3339.025027
-228.985067,189,3339.301037
-146.416295,138,3339.430743
-237.347864,161,3339.581707
-307.019628,247,3339.905925
-235.818719,197,3340.085637
-254.253684,284,3340.442564
-242.367795,485,3340.988874
-191.92287,140,3341.120053
-38.624594,226,3341.325164
-315.482292,303,3341.703523
-263.517994,268,3341.947412
-152.148822,167,3342.204646
-160.242901,139,3342.333673
-211.160142,211,3342.526991
-199.510113,184,3342.791703
-259.666865,159,3342.936453
-360.888001,346,3343.356325
-233.669373,434,3343.851533
-237.493612,169,3344.002427
-241.592002,268,3344.245349
-231.173731,186,3344.513147
-255.796569,208,3344.701521
-193.87174,166,3344.948363
-292.047782,203,3345.132081
-226.69669,184,3345.297679
-516.180741,462,3345.810757
-149.771234,148,3345.947796
-199.356047,178,3346.205374
-297.853979,214,3346.396125
-624.350438,291,3346.760669
-167.232851,148,3346.894717
-727.131975,301,3347.262369
-335.630012,394,3347.613949
-399.937073,478,3348.137002
-177.094052,364,3348.94296
-336.545575,335,3349.403008
-154.97316,290,3349.702608
-161.89101,153,3350.338799
-103.758658,145,3350.479451
-167.474015,443,3351.00638
-164.546973,333,3351.311361
-189.444245,155,3351.557949
-266.426759,205,3351.745411
-130.026206,161,3351.890993
-216.540022,157,3352.129799
-219.23923,245,3352.354232
-241.423114,185,3352.622761
-143.857539,152,3352.768505
-181.956168,148,3352.904875
-362.163441,540,3353.519815
-213.925143,224,3353.82702
-150.946618,135,3353.951488
-193.913756,209,3354.145802
-189.804909,173,3354.418979
-244.832457,235,3354.632499
-429.456797,432,3355.142075
-249.554837,181,3355.308842
-207.426014,138,3355.533877
-282.943883,174,3355.692797
-159.168775,218,3355.892951
-211.335652,213,3356.186305
-186.967367,126,3356.302582
-286.674286,231,3356.524085
-143.70875,152,3356.795008
-175.934956,141,3356.92228
-405.625001,294,3357.294874
-306.150477,383,3357.656945
-155.264719,147,3357.897148
-229.565699,180,3358.06369
-252.701516,117,3358.173406
-212.67359,154,3358.422063
-507.447524,580,3359.09697
-410.610772,552,3359.722834
-268.107541,166,3359.882007
-257.024596,179,3360.046503
-229.700644,176,3360.337559
-221.433016,193,3360.51439
-282.583565,251,3360.876009
-200.159378,177,3361.042266
-210.310192,252,3361.274556
-342.288323,228,3361.594449
-230.984523,298,3361.996762
-339.567973,342,3362.31415
-142.317783,137,3362.440417
-232.323572,525,3363.534662
-161.191134,156,3363.785339
-206.862526,149,3363.930893
-219.819284,179,3364.099833
-281.364262,174,3364.360626
-229.631434,165,3364.510292
-247.263009,423,3364.995281
-174.257806,145,3365.119222
-210.972675,195,3365.379946
-186.973666,213,3365.558209
-317.688859,269,3365.89441
-170.986993,141,3366.015777
-201.819602,180,3366.166728
-234.459574,197,3366.442966
-242.674664,170,3366.599364
-172.890061,163,3366.740768
-159.713449,135,3366.852428
-227.35744,178,3367.105911
-265.808675,175,3367.251339
-194.35241,131,3367.362553
-211.210848,118,3367.56645
-209.148009,130,3367.674999
-228.699839,143,3367.79833
-258.511611,321,3368.174813
-314.436977,239,3368.37674
-355.659466,491,3369.022371
-574.297209,262,3369.499052
-339.766101,284,3369.736767
-440.510636,1000,3371.052234
-326.892961,216,3371.328171
-234.619182,228,3371.520567
-184.102008,212,3371.936091
-215.0737,178,3372.085203
-294.667212,194,3372.247837
-233.3737,202,3372.635999
-523.574157,616,3373.293854
-251.730835,243,3373.499593
-170.528333,194,3373.860635
-183.261245,178,3374.006883
-330.398026,171,3374.149381
-248.469503,116,3374.442074
-152.970977,140,3374.558795
-170.318541,163,3374.700029
-179.713933,130,3374.809849
-237.142013,190,3375.198216
-387.543429,470,3375.828003
-208.319159,169,3375.978828
-147.884408,131,3376.093703
-243.732571,173,3376.493525
-221.798631,174,3376.640561
-143.770612,141,3376.759282
