#{"t_start": 1789418679.8655396, "env_id": "Atom-v1"}
r,l,t
-109.701045,516,5.015432
1437.407537,1000,7.071113
1682.0065,1000,9.335519
337.698988,599,10.855706
1977.815708,1000,13.524812
-35.194,165,13.833368
89.839428,217,14.228308
416.332298,692,16.636925
762.130199,681,18.084555
73.548704,203,18.452456
30.066703,352,19.304142
162.967431,220,19.696702
421.893543,376,20.964382
1351.707601,1000,23.624107
-22.346797,172,24.250767
-11.317439,197,24.610374
36.457101,213,24.995318
-67.422701,163,25.874894
110.384895,239,26.30389
404.031972,370,27.180914
90.869396,213,27.561691
-57.237894,181,28.475383
995.449979,1000,31.080802
-105.365055,417,31.832766
-26.434161,173,32.7332
251.013837,277,33.243156
7.406149,206,34.205094
-109.241237,263,34.675056
164.049329,385,35.95996
41.717301,213,36.339426
264.467818,438,37.724883
-81.634802,150,38.004416
101.129243,210,38.974796
-68.278931,356,40.215124
88.166244,246,40.654091
228.486714,251,41.684423
241.431242,342,42.304477
-20.298638,164,43.203434
-37.011075,153,43.489855
-102.572204,137,43.733591
-277.861123,300,44.865395
73.425251,226,45.268423
-40.621557,152,45.540978
-47.042752,168,46.428768
681.847642,549,47.63321
128.44873,309,48.198234
16.124592,186,48.740402
70.627355,378,49.627007
3.893537,183,49.96092
-98.369663,142,50.21658
95.387856,225,50.834632
158.86585,369,51.493568
-34.883484,168,52.009871
446.566562,610,53.320775
446.300543,637,54.678771
-274.407087,325,55.463398
170.662865,424,56.42449
312.870563,277,56.934057
174.427119,288,57.663233
366.116129,592,58.947201
204.297654,261,59.408115
-43.720618,348,60.713472
-141.954834,396,61.637522
300.779926,316,62.199543
341.65485,446,63.23317
219.342661,254,64.386458
316.755708,510,65.91958
-299.496153,204,66.278403
430.599827,409,67.628458
-35.71885,160,67.922321
-248.655144,238,68.925229
-17.573375,263,69.3927
43.027739,364,70.659182
250.480913,321,71.773321
102.064575,337,72.367532
616.519295,673,74.731645
-32.574541,150,75.004442
-269.938101,217,75.389684
-227.007454,288,76.414474
62.794685,354,77.65736
36.627804,175,78.000765
107.799695,505,79.485478
-222.157386,389,80.79798
-442.925867,249,81.25911
-106.938891,405,82.242251
-352.193293,154,82.515138
174.005986,508,83.641829
-226.206442,206,84.232852
98.926002,482,85.761377
-363.979085,214,86.151468
107.480323,200,86.507529
-28.303869,174,87.438438
6.531677,191,87.783645
-270.730367,203,88.155825
-258.90536,213,88.749254
25.492999,585,90.00249
-156.434055,208,90.36716
325.022099,731,92.099988
-89.013564,130,92.333444
-2.754548,164,92.627473
917.188109,829,94.573442
-435.961794,244,95.009368
10.75536,177,95.554388
-124.870941,358,96.438545
-92.486997,321,97.02232
49.849409,282,97.750362
1061.494332,1000,100.002463
370.988902,664,101.423562
-10.94555,194,101.774207
509.422541,554,102.99936
787.886941,722,104.749011
1338.395666,1000,107.066263
617.771783,510,108.215471
133.113817,462,109.274585
660.895425,704,110.786138
148.548946,282,111.526845
-11.683469,141,111.781877
456.989558,757,113.383408
150.385416,301,114.149038
-64.080837,334,115.317744
171.664463,322,115.906404
1297.579076,1000,118.941231
23.650795,173,119.870878
-72.769856,133,120.119731
-489.031405,275,120.617186
750.679265,908,122.744089
114.799612,278,123.864703
-31.442472,154,124.140895
18.901506,161,124.429363
367.649522,364,125.318201
864.159985,908,127.508302
-3.938283,273,128.063462
183.767993,285,128.841428
-14.385977,157,129.153861
-214.317024,693,133.973647
529.40392,582,135.552889
928.768592,972,137.900984
-3.443188,161,138.215527
-79.648344,126,138.44154
256.626962,400,139.426753
111.742789,293,140.089094
-1.344228,153,140.601607
1337.73789,1000,143.025678
345.197202,630,144.45792
597.274853,442,145.553793
513.227506,552,146.856448
283.577575,598,148.269104
-29.534782,195,148.631246
543.376786,513,149.945711
-7.733914,153,150.487217
73.568428,224,151.049625
280.791047,315,151.875798
72.372623,460,153.476678
-78.717718,276,154.138786
-50.72503,147,154.400651
340.394124,439,155.787193
-105.8308,294,156.582287
196.544062,286,157.157393
-1.408346,154,157.702788
287.598178,498,159.298526
78.439174,287,159.805503
86.285991,223,160.752546
-255.724177,690,162.566606
201.773563,294,163.307907
89.427956,204,163.668546
460.655055,609,164.973077
277.373448,507,166.080372
-28.155183,141,166.533271
185.459955,332,167.128961
-9.21201,151,167.397441
8.388511,278,168.105423
-28.550283,536,169.262031
136.823642,359,170.107377
144.820208,279,170.605271
123.365637,283,171.320136
11.245406,158,171.59672
142.287939,263,172.266328
276.296071,309,172.817396
205.483044,278,173.520568
-7.118162,163,173.813666
59.146492,238,174.823364
-45.427464,142,175.071399
-41.177596,135,175.303858
4.072166,156,175.575986
-3.281855,149,176.052391
-22.833085,140,176.302643
95.132178,281,177.011876
15.119665,177,177.321766
13.348704,162,177.604682
-88.097473,117,177.818681
158.002413,603,179.82406
248.15995,434,180.577811
235.382896,301,181.694235
-2.243686,159,181.971515
57.932354,199,182.965386
44.570713,187,183.29033
169.374289,268,184.3439
-19.037899,154,184.611606
103.548229,224,185.000725
1.010332,186,185.541682
80.392525,184,185.867383
119.050558,241,186.513085
-63.845274,144,186.76435
24.006815,236,187.183854
125.702401,278,187.902671
-16.916109,144,188.157461
102.288128,612,189.817155
-53.013996,153,190.299168
189.572113,265,190.766114
-3.307962,170,191.645283
-14.56885,301,192.197262
9.091361,164,192.486848
-99.434041,120,193.294079
-422.230828,236,193.707372
20.165103,171,194.01141
15.353588,182,194.98028
-6.264645,201,195.337145
-69.524445,799,197.999413
-30.392533,159,198.278707
-126.8115,125,198.496868
-60.627771,139,199.305613
-38.976975,145,199.56004
62.737996,220,199.942531
54.090403,180,200.847732
-10.014756,155,201.122404
-12.954185,164,201.414118
-41.098026,143,202.253779
16.296514,166,202.549542
26.9249,197,202.905884
-60.280731,159,203.401334
-114.796939,130,203.632604
16.77172,165,203.929895
-22.99905,162,204.217421
61.851778,177,204.73958
-20.622808,148,205.002411
-62.243218,134,205.239153
-15.588698,204,205.807259
13.45494,158,206.084523
414.20547,459,207.102088
263.480795,269,207.57231
-291.171198,254,208.240386
200.879176,335,209.369969
-298.562969,248,209.800617
-8.41516,150,210.062396
-6.538416,153,210.910841
131.369142,248,211.344789
23.196931,167,212.247888
34.763095,190,212.591878
-42.423634,145,212.855936
293.002365,312,213.994444
31.002796,177,214.303134
393.673811,375,215.588707
-39.30118,142,215.836974
-6.911625,144,216.08842
-16.526486,167,217.00771
-8.841756,189,217.337582
69.08927,257,218.305484
24.625942,164,218.589168
106.479739,325,219.794742
-115.43773,141,220.039856
19.192609,168,220.334301
7.819465,177,221.223208
-124.141135,278,221.721079
-84.848005,133,221.956319
8.556832,174,222.86834
130.865947,221,223.253316
1608.623391,1000,226.189206
26.284237,177,226.501234
25.735777,201,227.482108
-39.490094,145,227.738058
-38.741697,156,228.021437
-361.212623,306,229.125999
264.014675,446,230.534041
13.909255,175,230.840173
4.459765,172,231.728065
163.083967,304,232.264607
-64.796522,140,232.510406
41.547445,180,233.0454
-1.497627,162,233.333993
399.890794,368,234.190777
-48.095213,149,234.454318
91.704561,215,234.835058
-3.007748,815,236.713829
29.419857,177,237.032856
-65.457049,143,237.501304
0.087971,163,237.797603
52.394467,174,238.116512
17.571924,172,238.646848
219.802829,289,239.163809
58.025948,176,239.696281
324.438051,808,241.701332
387.479386,930,243.821111
23.197632,181,244.136496
19.150104,609,246.418958
-40.436936,220,246.810181
246.750767,360,248.052222
172.111966,816,250.215255
58.931929,207,251.202655
250.942688,294,251.718893
108.357297,202,252.291007
-82.005926,847,254.453892
297.46262,360,255.724383
82.397321,188,256.058172
13.712911,394,257.35713
35.847934,172,257.662647
-127.331441,637,259.972615
396.584651,549,261.569765
332.893908,507,263.192344
293.271672,473,264.658779
206.004085,352,267.706318
312.34473,511,269.249962
-513.020992,648,271.287823
471.979618,475,272.78531
-95.285668,651,274.561094
156.975123,293,275.091774
193.114113,434,276.477153
46.955557,288,277.607445
168.706365,348,278.812399
-12.951605,168,279.133332
133.176377,306,279.685555
344.424407,718,281.419916
24.631553,282,281.929869
408.986058,484,283.376916
-28.580682,246,284.398889
95.82891,375,285.32239
153.980295,261,285.876236
-65.725296,346,286.708108
-23.494981,207,287.07361
75.897589,250,288.150975
75.274982,359,288.793585
101.8817,201,289.770295
283.880827,738,291.691587
13.644106,235,292.415634
-23.525044,191,292.761231
92.659905,277,293.469887
87.702505,252,293.943262
-59.353903,207,294.311241
102.2763,227,294.936489
124.278632,309,295.488415
-13.870261,307,296.254355
214.083817,291,296.994719
-4.709983,194,297.338591
98.421244,234,297.757492
222.153196,459,298.812474
386.468095,444,299.820127
11.271561,171,300.342846
-87.437383,275,300.834717
112.31418,353,301.678132
169.096852,288,302.19044
135.601146,181,302.754681
135.736186,348,303.376753
49.41188,197,303.943682
50.935797,177,304.256202
281.061564,405,305.554522
194.716316,289,306.066056
333.248689,822,307.992608
232.228161,636,309.348905
38.736138,161,309.854637
-39.236763,194,310.20558
257.621631,547,311.771104
313.926719,441,313.104393
228.1287,299,314.257079
-347.1598,242,314.686886
158.142374,309,315.828331
295.385763,381,316.508276
191.139704,242,317.52828
189.864421,679,319.356266
206.650272,222,319.963046
-73.771622,143,320.218906
77.003659,652,321.967191
312.170207,658,323.739729
33.138867,161,324.614802
350.59322,391,325.890327
-456.208737,242,326.330261
29.517769,629,328.047262
-289.804687,201,329.004053
62.479082,584,330.647123
452.488707,735,332.538354
-120.95974,379,333.818592
-403.499988,210,334.205872
223.77989,503,335.708198
-533.537367,246,336.744139
-312.051509,257,337.194645
-417.787224,220,338.212244
111.436876,244,338.682922
-6.773479,157,339.569448
914.503127,677,341.39574
-25.163177,163,341.682772
827.618105,763,343.849534
-493.256885,256,344.299172
-321.805394,369,345.165288
8.856531,164,345.455897
92.725521,244,346.103838
-420.778611,200,346.466003
89.134514,431,347.444267
-70.582693,379,348.331815
-508.991624,240,348.753068
-401.996299,214,349.344826
-80.796259,502,350.447509
-145.770622,470,351.285732
31.958285,353,352.167308
-194.504018,301,352.920789
-219.397533,380,353.599295
-541.378499,789,355.431154
-96.009367,902,357.462676
11.734699,383,358.140917
-426.665325,200,358.710207
-210.547968,371,359.991188
-300.438872,237,360.410446
-40.670567,519,361.917614
-422.416746,197,362.262114
-393.753598,210,363.232261
-422.440236,187,363.560366
-291.228867,215,364.533362
-392.190722,274,365.01584
-470.648557,199,365.996267
-178.035586,292,366.515189
16.336291,169,366.814841
-373.713332,203,367.757095
448.645977,461,369.126208
153.03572,294,369.645587
239.424042,345,370.836468
-377.125761,228,371.233858
103.67117,363,372.500672
-42.66597,347,373.86493
-361.926882,241,374.292355
346.198584,388,375.598752
-329.157047,269,376.286467
-252.740553,401,376.993773
-196.278394,204,377.570572
1089.575483,1000,379.790011
180.694936,316,380.343589
106.557859,509,381.863665
468.727412,600,384.266164
-458.112549,217,384.660059
-207.007785,350,385.50151
-95.893035,353,386.120288
-416.925718,192,387.096323
-287.519054,283,387.60595
-386.185038,226,388.236157
190.890868,339,388.853889
107.720028,443,389.852652
23.538557,438,391.242924
-121.526195,356,392.458309
-56.253267,332,393.051459
412.550796,756,395.717291
-95.2607,357,396.987252
195.264202,510,398.496785
-420.01416,209,398.87362
352.690345,627,402.616942
-129.819281,462,404.028777
-484.933878,202,404.973533
34.24092,512,406.448959
394.458038,816,408.531216
366.154366,1000,411.55436
-191.030091,431,412.905863
-120.836805,501,414.389922
375.671459,833,417.089849
260.463947,927,419.036875
-212.303556,487,420.12113
-252.113075,501,421.219726
-251.880301,660,422.809515
-361.018858,333,423.403239
80.855983,784,425.493788
1265.793745,1000,428.114214
1178.509501,1000,431.085256
159.743252,735,432.629408
709.021433,937,435.516586
214.634362,771,437.510584
519.318748,610,439.043243
238.818915,454,439.850196
62.69108,643,441.421638
-83.139567,419,442.391397
181.510518,854,444.133313
-14.39033,372,445.017003
1073.133334,1000,447.209641
253.999106,915,449.302757
189.40028,679,450.716905
-75.290426,658,452.478655
-360.019988,234,453.122941
353.681359,426,454.465182
-196.188842,558,456.063128
937.720563,1000,459.048921
115.90995,790,461.039839
-40.495407,175,461.562741
435.206246,625,463.373667
225.918542,727,464.874001
-39.470254,160,465.160118
344.2176,453,466.171856
233.466883,448,467.178716
119.745309,350,468.021239
118.325878,708,469.858694
1288.451899,1000,472.811846
-10.41838,161,473.676043
260.316731,380,474.351845
97.206186,458,475.744299
-94.412924,151,476.589475
-89.335724,155,476.894565
171.936939,378,478.141286
-46.772592,194,478.495983
213.280808,318,479.638324
-24.371863,152,479.908861
-14.185341,420,481.285993
369.148083,439,482.272115
5.716031,423,483.032794
1153.830483,1000,485.259273
-139.283326,149,485.740009
190.615605,665,487.13301
-143.709166,134,487.367198
-92.790533,154,487.639896
-86.939099,151,488.602629
-12.499927,231,489.018284
-69.137034,147,489.277248
-76.741645,165,489.789262
-121.874356,158,490.073003
-137.758338,154,490.344457
-162.611425,133,490.804018
-104.492688,155,491.085865
-1.665923,200,491.44579
-196.145131,127,492.190411
-117.353009,144,492.445446
294.193731,375,493.745485
-142.759915,130,493.984267
645.414958,681,495.778138
-151.00391,131,496.009952
-65.957927,172,496.904992
93.26299,305,497.445773
-216.858925,117,498.247642
-134.604187,144,498.503263
141.404991,290,499.023725
-155.251128,141,499.897544
-95.956185,140,500.144964
-32.072994,198,500.495905
-191.671548,119,501.333665
-160.040499,143,501.588479
-115.601206,167,501.889652
-186.494948,133,502.744589
-127.551962,138,503.007658
-144.216212,133,503.240786
-133.604379,135,503.478544
-99.022802,167,504.392477
49.140853,268,504.865539
-128.417495,143,505.121948
-12.100251,186,506.03714
-82.195525,162,506.324142
-148.64322,137,506.568526
78.437706,271,507.676536
-195.082243,129,507.912523
-118.24649,139,508.159445
-140.724668,133,508.610776
-222.349744,124,508.835712
-152.667127,130,509.067234
252.381045,373,510.35766
-89.15038,139,510.606927
-98.675716,145,510.86326
-90.678846,158,511.361737
-149.414399,135,511.603323
-143.336016,147,511.865202
-200.671061,115,512.280796
-126.812535,144,512.541841
-239.111568,111,512.737829
-153.276947,133,512.985549
-216.751007,115,513.75098
-12.519971,200,514.115008
-231.296456,124,514.33486
-202.654362,131,514.566134
-161.555282,136,515.438551
-186.325802,140,515.691326
-210.407887,126,515.916726
-186.356352,126,516.140299
-142.918862,143,516.987566
-130.376346,161,517.279208
-118.434322,141,517.528525
-192.369509,133,518.356956
-112.803368,205,518.721234
-77.729139,183,519.051396
-121.62183,144,519.905841
-151.793983,169,520.208085
-141.985213,141,520.460408
-194.704302,105,520.647259
-92.262191,181,521.195973
-233.308519,121,521.411004
-203.444057,108,521.606466
-123.857717,170,522.123037
-235.669975,116,522.334635
-126.789925,147,522.59904
-157.084425,141,522.858195
-109.269243,138,523.320673
-167.913653,141,523.569794
-199.18442,101,523.748173
11.914938,232,524.372884
-189.146396,131,524.608454
-153.867259,156,524.884499
-150.76149,145,525.144489
66.216888,718,526.845907
-106.446931,149,527.109079
-153.363226,146,527.366174
-102.960544,158,528.228042
283.746763,371,528.89261
65.975402,246,529.919848
-357.411029,416,530.873107
39.260513,330,531.459733
-160.67399,531,534.592355
-180.391724,138,535.055682
-159.954581,158,535.335091
28.724644,216,535.716629
-149.001207,154,536.200421
-590.675746,979,539.177706
960.017808,1000,541.793465
-464.619131,548,542.984004
886.326644,1000,545.191863
-549.218925,856,547.422263
-482.747466,891,550.212529
-287.378872,392,551.134713
-206.276927,463,552.187082
-138.538688,233,552.603174
-91.973808,384,553.503995
211.362763,470,554.572291
-533.092014,860,556.308955
-150.330468,637,557.886364
9.564326,1000,560.108723
449.363929,1000,562.707313
41.211501,332,563.305901
152.478195,308,564.10173
-77.644911,170,564.403076
-255.294847,522,565.931522
33.228643,307,567.098836
-166.02206,154,567.374348
52.625715,243,568.333081
-1.36913,236,568.753077
6.295666,209,569.130234
-160.992943,172,569.658522
-87.457672,209,570.028141
-102.962372,202,570.602372
-148.637127,139,570.847093
-62.257967,197,571.198914
-167.363581,152,571.68144
-448.417059,352,572.307451
-36.302761,228,572.936736
-204.402071,142,573.19922
-234.983895,467,574.450665
-57.020491,186,574.777156
-109.910773,159,575.267813
-132.94809,149,575.537423
57.294481,233,575.94653
-105.132308,183,576.863927
-82.300316,193,577.20233
-120.46889,171,577.501329
3.195338,224,578.526298
-64.659184,200,578.884503
-75.525745,203,579.829715
-86.770549,202,580.186182
-113.135223,150,580.450429
-105.415289,149,581.30937
124.251838,221,581.702774
-54.50682,215,582.082776
-756.200145,512,583.586138
-95.671121,283,584.677547
-266.482098,391,585.95824
-390.612941,342,586.55827
-111.774225,278,587.639775
10.457581,211,588.020766
-35.303499,202,588.591878
-76.18046,312,589.144849
-97.940425,158,589.637945
-7.798995,367,590.293755
-117.021269,157,590.784908
-145.57823,163,591.074316
-204.593946,352,591.919477
-59.814189,186,592.247039
-124.580521,199,592.599456
-236.933225,151,593.083898
-111.866382,402,594.008216
-159.258434,147,594.275049
-367.404726,265,594.741287
-147.499725,184,595.279195
-147.046482,159,595.559647
-147.244053,155,595.835429
94.179231,238,596.475223
-89.225863,437,597.481945
-137.727659,217,597.871247
-138.147023,208,598.238288
-60.644907,353,599.080659
-170.581098,403,600.005699
-171.866355,174,600.312752
-947.285388,697,602.474058
-170.168856,393,603.185727
-112.698657,169,604.111643
27.636812,258,604.565237
-55.590891,179,605.508511
-434.756244,531,607.037579
-74.197067,186,607.364612
-956.752433,839,609.669621
-138.550516,415,610.410044
-115.77419,165,611.294161
-656.323667,795,613.362335
-110.681179,217,614.369277
-10.366906,395,615.070031
-117.149979,306,616.237461
-409.695798,766,618.469266
-870.306782,881,620.62021
-455.777959,572,622.240856
-117.257195,259,623.287817
-716.737576,764,625.254365
-760.227181,820,627.901054
-542.318284,731,629.790477
-208.736644,130,630.606517
-918.61795,929,633.492558
-746.358912,888,635.639152
174.097167,307,636.399541
-197.616636,125,636.622454
-825.114489,737,638.418274
-51.591759,214,638.812574
-925.268459,996,641.056416
-227.300566,562,642.285602
-185.773021,147,642.552009
-528.599989,662,644.173513
-117.666486,907,646.013945
-240.115335,523,647.166626
-185.367362,479,648.26896
-222.430427,130,648.722706
-75.378362,280,649.226952
-129.196496,155,649.500581
-212.994848,124,649.934095
-205.327033,123,650.152946
-183.720885,113,650.357188
-137.558516,176,650.672148
-93.669357,206,651.256437
-59.795781,193,651.59824
15.898687,254,652.262017
52.592809,448,653.279676
-10.627272,259,653.738642
-11.77007,339,654.969196
-130.226165,152,655.237097
-153.188566,142,655.487821
196.628072,956,657.628508
-335.502205,442,658.640171
-163.969332,123,658.864964
-169.030501,651,660.462329
-90.007236,148,667.553428
-92.975761,157,667.832459
28.331969,252,668.864007
-60.090074,152,669.136883
-284.268823,826,671.676003
40.028082,253,672.123692
-569.255814,666,673.531063
-398.677843,432,674.900279
-48.484097,343,676.092731
-202.303883,291,676.606289
133.236829,236,677.613611
-170.83877,132,677.851306
-46.359232,190,678.778642
-270.218344,414,679.530554
-146.596461,136,680.395311
-63.193263,175,680.706217
-26.128086,178,681.025541
-64.352894,172,681.599005
-45.143721,338,682.226387
-57.836913,152,682.724407
-59.345111,166,683.028159
-152.902041,135,683.269209
-442.929819,348,684.599599
-41.08829,172,684.902167
-1.782093,256,686.05865
21.514406,218,686.447494
-25.357678,186,686.983714
-583.354614,546,688.170729
-73.499408,155,688.445172
-93.828147,139,688.700858
-10.167421,176,689.011424
-144.439428,141,689.482928
-70.021824,168,689.78534
-545.081498,420,690.745107
-6.397417,179,691.058892
-109.048196,149,692.026769
-181.576696,500,693.49883
-33.753267,176,693.822266
1.328618,202,694.176757
-11.383501,186,695.066046
-44.781653,172,695.372331
-45.841322,172,695.673746
-24.340281,195,696.644747
-120.059823,149,696.909085
58.574562,420,698.273854
45.350348,216,698.665521
130.245719,238,699.691943
-94.992316,149,699.954171
5.922142,200,700.306863
-86.53048,160,701.203086
-90.950218,155,701.476399
-132.831049,132,701.71629
-143.433136,136,702.569305
-81.71266,158,702.86483
-93.211219,157,703.138368
-153.512333,139,703.38567
-117.32562,156,704.258117
-124.603442,159,704.542112
-171.670135,121,704.757324
-69.520011,150,705.607884
-128.75657,140,705.86006
-85.680862,142,706.113422
-14.592148,172,706.416785
-70.766966,160,707.294757
-5.522969,172,707.600494
-102.2471,140,707.851359
-153.859043,112,708.641892
-17.358645,188,708.97691
-121.093495,118,709.184873
-127.506701,131,709.415147
-101.281632,145,710.261876
-120.631671,142,710.512882
-123.143161,112,710.710956
-103.019795,147,710.97015
-71.681483,149,711.861892
-181.95443,131,712.100102
-161.05355,136,712.342039
-94.882467,161,713.259991
-163.740678,138,713.509821
-31.314458,180,713.832439
-108.267767,140,714.687252
-84.525537,168,715.001723
2.111726,183,715.324166
-138.121767,138,715.567277
-72.560281,158,716.435147
8.913737,225,716.834871
-55.554986,169,717.734698
-89.284947,150,718.002891
-92.892982,149,718.267513
-68.457286,192,719.178682
-140.070707,131,719.440165
-79.947917,168,719.743766
-7.296308,190,720.077361
-118.301378,119,720.885201
-76.648504,163,721.179756
-156.421587,120,721.393166
-135.312861,131,721.625843
-101.945751,138,722.500652
-12.933176,178,722.815943
-97.244687,150,723.07887
-67.331637,166,723.956776
-125.303035,122,724.171595
-125.622647,136,724.411579
-44.758447,168,725.30856
-76.248675,171,725.608965
-49.97989,169,725.909441
-19.309694,184,726.853629
-101.989993,160,727.133986
-118.384641,155,727.409662
-62.156716,165,728.281713
-114.965907,139,728.551127
-95.416958,118,728.762672
11.471809,187,729.09268
-101.993653,111,729.87746
-130.414807,133,730.111428
-120.090219,160,730.393137
-73.560965,154,730.662771
-93.011917,157,731.518898
-119.114629,128,731.744838
-31.579569,173,732.056451
-93.743006,165,732.91055
-130.246376,138,733.152464
-137.906405,141,733.402019
-159.335165,140,734.239676
-83.993895,161,734.536363
-146.519324,156,734.818515
-97.828822,154,735.093155
-103.826032,146,735.947971
-99.096684,140,736.194098
-115.932789,153,736.46173
-143.598047,139,737.305162
-115.527162,167,737.598862
-136.27208,117,737.806087
-76.390763,145,738.063576
52.450178,225,738.975759
-145.76109,116,739.182732
-150.226821,143,739.433461
-40.811324,168,740.323957
-120.460199,116,740.527593
-67.150691,166,740.820793
-107.301235,120,741.031839
-100.246691,112,741.446561
-66.83605,150,741.710948
-105.430027,150,741.975213
-139.909903,136,742.434613
-92.025652,167,742.732381
-95.875266,146,742.988107
-75.462938,140,743.232498
-120.30094,110,744.044757
-119.595895,105,744.228739
-116.580944,142,744.478732
-43.836182,173,744.785891
-118.543924,113,745.200375
-73.213272,119,745.409087
-159.232124,159,745.689081
-96.780336,144,745.943538
-89.635042,145,746.416373
-123.302065,117,746.620244
-128.002481,135,746.863257
-128.905581,131,747.305835
-81.110135,148,747.576037
-106.829991,164,747.863351
-45.479823,155,748.140282
-29.443301,181,749.040702
-55.541756,151,749.309039
22.527005,194,749.657662
-111.311623,135,750.494401
-77.567753,140,750.739237
-7.65983,182,751.058543
27.837445,194,751.613902
-86.372918,139,751.857963
-114.790849,130,752.085782
-62.766705,142,752.549606
-97.438334,146,752.811621
-86.94995,145,753.069328
-69.004735,152,753.337261
-88.085803,148,753.817427
-103.963459,145,754.074162
7.399363,189,754.403574
-93.067048,152,755.292045
-69.714411,134,755.529832
-67.717342,144,755.786472
-20.958545,170,756.710359
-61.709527,147,756.97843
-113.180406,155,757.251354
-59.178185,162,757.535829
24.653042,176,758.480006
-128.935824,133,758.723692
-111.038384,125,758.951972
-110.404335,133,759.813466
-98.668797,144,760.072193
-113.72153,141,760.321738
-57.087293,147,760.582789
-47.870704,152,761.476825
-85.345922,143,761.731945
-74.879903,154,762.007002
-39.552029,160,762.897656
-112.368333,132,763.133605
-117.231815,140,763.380224
-37.959728,149,763.65214
8.501497,162,764.560567
-59.098624,137,764.805827
-106.709943,112,765.002383
-18.025472,152,765.274342
-112.463963,135,765.73063
-53.440178,164,766.0212
-63.769221,135,766.261928
-4.089879,159,766.758466
-99.49501,140,767.00748
-126.930568,117,767.214579
-92.39536,145,767.471726
-9.237437,165,767.986733
-35.379915,173,768.29008
-100.217174,143,768.549784
4.776686,177,769.398249
-28.463663,171,769.704544
-85.420619,142,769.953717
-74.412637,142,770.420268
-144.804978,114,770.62015
-49.254526,150,770.893968
-32.531774,178,771.206715
24.557064,200,771.776443
-123.881111,113,771.97445
-17.230744,159,772.263667
23.037691,183,772.802225
47.259002,202,773.159746
-15.478616,193,773.711106
-64.623464,162,774.006054
-84.431476,162,774.295722
138.453467,207,775.305778
-59.953501,157,775.58629
31.310136,192,775.923643
11.397293,173,776.452088
23.978183,190,776.789847
-51.753088,205,777.153306
-66.333242,166,777.987353
11.099818,197,778.33456
-8.430359,176,778.653191
-20.904217,171,779.534806
-13.637873,167,779.832954
-149.727216,136,780.072283
-133.778312,139,780.909511
13.826275,170,781.214087
49.514524,277,781.708168
-40.253846,182,782.616709
97.58895,218,783.006526
-17.451751,182,783.913513
140.574035,242,784.338327
-16.182851,166,784.636563
76.655087,210,785.588456
-106.27092,137,785.828432
47.20066,199,786.18557
-31.438637,166,787.047868
-90.075161,138,787.291687
-60.071975,160,787.573633
-17.317694,187,788.534726
-8.778584,176,788.846393
185.732071,277,789.926172
4.154242,194,790.266387
158.121755,226,790.662176
-76.040644,159,791.533087
-76.353748,152,791.803488
0.892029,169,792.104905
-92.932759,149,792.962449
-26.227229,171,793.262518
5.662265,176,793.58174
-35.776128,304,794.747874
-71.649405,169,795.046928
-58.424342,173,795.93866
-14.950477,169,796.236945
-86.22101,159,796.516665
-10.161096,177,797.455102
-93.865767,143,797.707717
-122.003155,141,797.959093
126.309345,219,798.949651
-65.34642,144,799.202573
-116.568596,130,799.429838
6.379334,175,799.74326
-33.330302,167,800.652369
62.534267,209,801.025781
-125.845847,140,801.27206
-126.221148,129,802.073709
211.778709,224,802.474954
155.132443,282,803.696513
54.77969,203,804.055393
54.327657,209,804.942356
112.434411,223,805.346167
94.628917,205,805.705586
12.577026,531,809.103392
118.064185,213,810.10074
348.73235,434,811.102755
177.40736,236,811.517508
166.122737,235,812.549231
0.93034,244,812.983128
-526.196144,794,815.590369
9.286101,196,815.935955
-180.375283,404,817.2809
877.761994,1000,820.303904
49.819221,621,821.617623
643.738676,1000,823.830356
88.506338,227,824.230506
-136.555437,221,824.838811
115.560283,1000,827.054559
145.145582,232,827.465848
-13.8438,369,828.335932
-313.738732,348,829.187901
381.208494,1000,831.388128
256.027613,789,833.007706
98.352876,998,835.587279
446.748212,1000,838.584411
-741.818322,936,841.445081
-141.1081,1000,844.439443
445.743949,1000,847.413388
-118.56767,574,849.047935
479.229577,1000,851.245813
11.595132,682,853.058611
218.710195,310,854.190536
998.893966,1000,857.148738
1542.198607,1000,860.076297
196.104567,326,860.652655
71.299639,211,861.634175
157.333079,218,862.017881
-63.183049,331,863.186336
-12.910007,248,863.626227
320.223391,473,865.06376
276.067978,391,865.96109
91.416157,228,866.359404
162.969393,315,867.125664
89.443159,243,867.550097
-127.009339,155,868.038563
-15.614608,241,868.458749
69.266281,269,869.639596
16.751874,203,869.995258
23.538248,202,870.967885
-70.928422,176,871.278978
47.546029,198,871.625261
33.967189,209,872.209614
52.713075,187,872.537664
-18.838197,186,872.864404
170.936061,231,873.482791
6.100012,190,873.824571
-65.987947,262,874.511444
119.106589,218,874.898144
62.232146,195,875.802678
177.191001,506,877.311648
-3.910365,234,877.724196
58.254365,211,878.10758
-20.556034,189,879.073324
70.543671,697,880.858144
271.038056,320,882.027638
-74.59688,144,882.281407
50.045204,213,882.652246
19.341382,217,883.245768
31.031286,199,883.605297
43.979147,208,884.56142
-116.287192,150,884.828193
-13.54939,196,885.214288
-100.672008,150,885.766168
126.904583,219,886.164177
-6.223398,181,886.481556
29.517388,266,887.172487
-48.735471,173,887.480739
-15.093882,191,888.038393
94.099928,255,888.488869
11.918,195,889.043673
-35.118975,187,889.377327
24.217417,224,889.779996
272.282027,791,891.61829
146.246043,253,892.06744
-239.082971,280,892.767599
60.611405,210,893.137573
489.426634,381,894.031972
-94.979938,175,894.338016
-69.39997,682,896.469677
59.827149,199,896.819508
75.887873,228,897.847397
-35.655527,558,899.450619
113.219737,287,899.9616
68.83208,191,900.918368
124.393062,253,901.358638
-272.592172,612,903.100152
44.054868,211,904.060279
158.711195,257,904.507138
-178.169962,326,905.644551
-284.446525,623,907.37343
104.304236,242,908.387305
-428.359137,480,909.241752
-136.826288,118,910.042981
-363.736051,295,910.557612
50.748535,219,911.529934
152.366176,344,912.140796
25.09547,256,913.154191
-80.057376,351,914.409618
-202.696739,326,914.993698
-25.240408,191,915.954575
8.192752,460,916.76882
-27.098718,188,917.691294
132.323904,430,918.678681
-438.851721,776,920.261427
15.105352,301,921.003777
-164.18329,611,922.296437
283.128203,531,923.446298
-76.185504,175,923.759601
-35.912958,372,924.63173
69.328427,227,925.240551
-184.184579,219,925.630612
-561.807309,975,928.156268
22.710455,226,928.559028
40.978622,194,929.111108
-42.104599,190,929.441996
-143.435065,452,930.455745
-132.048235,466,931.489158
-84.018557,245,931.916612
-88.39971,163,932.764627
-449.076938,569,933.992298
-305.338636,769,935.92956
0.531539,200,936.837941
-40.601111,180,937.159614
70.13497,1000,941.809691
-717.816618,924,944.623165
-134.061245,560,946.203523
-10.73949,218,946.585312
-77.910423,241,947.634496
-301.593523,796,949.625445
-75.004695,174,950.516117
-16.881686,212,950.888837
50.418754,1000,953.872398
-150.063128,323,955.15758
-52.294248,259,955.607434
-69.016497,183,956.483712
-11.991551,261,956.959518
-66.656482,183,957.27859
-147.291611,173,958.176837
-127.11798,196,958.526791
27.260619,222,959.53863
127.781521,1000,961.905832
-373.285581,692,963.573698
-117.475047,1000,966.533331
-542.447919,730,968.033511
-115.906373,222,969.044519
-0.384254,255,969.490577
-169.961922,136,969.736859
-59.532367,204,970.309872
-67.996465,256,970.760973
-42.354854,251,971.414917
-204.132847,821,973.078752
-137.903561,141,973.549263
-193.459464,384,974.22747
-66.015826,416,975.177587
-156.079777,310,975.948162
-36.69473,205,976.309972
-45.188916,257,977.333726
-59.207157,230,977.738707
73.535022,244,978.784343
-186.634413,746,980.70757
-27.300098,1000,983.652147
-111.851764,225,984.665278
-371.746289,552,986.241945
-94.823555,234,986.65327
-98.604651,1000,989.618984
-102.593939,212,989.99302
-127.765597,464,991.028392
68.491106,255,992.067355
-156.021076,457,993.463174
71.197253,243,993.899361
-33.62783,182,994.807806
-52.693187,1000,997.797016
-156.088141,514,999.347334
-558.318306,885,1001.539688
8.178658,456,1002.964669
-351.502574,486,1004.39659
-307.37239,1000,1007.423437
84.298697,1000,1010.38076
74.627562,308,1011.508165
252.388117,1000,1014.40961
-366.57598,1000,1016.754755
134.719526,1000,1019.75346
-976.765446,989,1022.712312
89.748899,282,1023.819017
-60.030153,304,1024.818862
-84.234343,1000,1027.214337
-117.644852,1000,1030.174006
-407.705962,666,1032.526469
-782.223051,898,1034.726413
-287.500916,921,1037.577984
-131.655336,556,1039.13587
-440.029889,1000,1042.139467
-113.850142,229,1043.130517
-5.609253,1000,1046.087085
-440.006136,346,1046.69028
-437.025358,501,1048.184098
-597.31417,594,1050.448398
6.658797,1000,1052.831539
-216.784466,1000,1055.816376
-392.688553,592,1058.083811
-265.248846,1000,1061.050128
-312.647639,1000,1063.424385
-73.14515,493,1064.873732
-310.595196,345,1066.098503
-288.63935,1000,1069.057189
-21.621813,1000,1071.994851
-196.32561,357,1073.243559
-74.402913,471,1074.697724
-385.772834,631,1076.395562
-272.471871,1000,1079.321048
-352.587314,570,1080.915176
-62.260324,1000,1092.041204
-187.715698,720,1093.881605
25.448801,335,1095.059117
91.495428,463,1096.575316
-410.603307,712,1098.445064
68.4058,302,1099.582952
-169.400314,475,1101.039438
-384.799217,598,1102.6789
-41.302061,196,1103.021804
-15.859792,194,1103.946228
-15.970997,197,1104.292371
-639.333548,900,1107.09173
15.859507,236,1107.502808
106.460071,379,1108.800553
-14.584613,180,1109.116562
-58.579469,192,1110.051925
29.327904,210,1110.417855
-118.000807,202,1111.362144
-74.015122,210,1111.725929
51.992416,315,1112.897772
-809.991534,801,1114.869081
-197.10341,501,1116.319257
-38.269052,457,1117.330499
-64.049898,191,1117.663784
-138.82399,167,1118.553883
0.061323,188,1118.885978
-96.231514,164,1119.173974
-267.420183,539,1120.735808
-115.594042,212,1121.694222
-41.179555,194,1122.043438
-566.108142,1000,1124.979949
-5.130973,217,1125.976222
-148.507506,169,1126.274204
-524.39955,619,1127.984238
-39.132349,223,1129.00373
-74.553023,184,1129.324453
-777.494021,949,1132.200724
-917.339447,993,1135.196654
116.341869,294,1135.704066
15.261982,214,1136.705751
-13.440214,259,1137.181192
-691.631952,694,1139.518793
44.820119,373,1140.17739
-115.765595,205,1141.066524
-434.883906,591,1142.351382
-481.886092,780,1144.327372
-652.162945,634,1146.270881
-785.171728,987,1149.253248
-705.248652,810,1151.297347
-252.825757,548,1152.883888
-22.819274,1000,1155.427904
-915.565663,707,1157.468196
-438.090133,704,1158.92089
-17.202261,287,1159.999273
-706.254229,600,1161.639668
2.523563,214,1162.011129
-1013.73327,975,1164.879213
-114.921108,195,1165.216644
-835.354475,617,1167.50371
-513.735861,587,1169.125531
6.439354,322,1169.693163
-69.502519,544,1171.234244
-37.816494,351,1172.433846
82.187208,275,1173.540098
-86.417553,210,1173.913605
1.49442,436,1175.303298
-317.307302,1000,1177.488793
-14.591396,252,1177.927412
-253.128564,435,1179.261223
-80.580154,1000,1181.447418
21.436429,237,1182.423475
-14.550264,1000,1184.644992
-109.751093,213,1185.018953
-95.533493,167,1185.314141
-159.093547,718,1187.015062
-639.120408,890,1188.788745
-48.332901,211,1189.37276
-103.128561,239,1189.796685
-91.01964,157,1190.287829
28.140498,309,1190.826427
-95.248794,381,1192.207296
8.258388,238,1192.621347
-34.198386,227,1193.616227
-165.382369,742,1195.540872
-67.676288,177,1196.474161
-40.139497,225,1196.878188
-416.230986,574,1198.524044
-57.431844,278,1199.586484
-85.038702,1000,1202.589107
38.551601,237,1203.00725
43.369655,1000,1206.019878
-418.381192,733,1208.58797
-118.157981,216,1208.969815
-132.121172,690,1210.777317
-261.083473,793,1213.384651
-1.519111,235,1213.803964
-232.052451,456,1215.202667
19.84615,547,1216.788049
-41.643567,220,1217.758435
301.211295,1000,1220.826695
-14.160067,430,1222.216347
-301.411647,464,1223.039943
-45.970875,210,1224.001857
-208.767096,568,1225.623304
45.192215,454,1227.015023
-134.895044,160,1227.300243
-100.340853,166,1228.205628
-66.563841,142,1228.463117
147.973198,320,1229.030344
119.803825,377,1230.315088
-3.063704,222,1231.330246
-174.394548,517,1234.794603
104.436716,238,1235.211942
-10.71028,261,1236.266098
-153.090761,545,1237.859261
-84.302021,178,1238.176709
-189.912294,446,1239.57742
-40.419025,202,1239.929496
-131.36531,436,1241.311871
50.298812,565,1242.933928
192.252923,268,1244.004809
-59.887444,149,1244.264323
39.980638,355,1245.490528
-40.481477,235,1245.901993
-51.511787,187,1246.824633
63.814099,250,1247.264734
-505.571987,614,1248.90259
-57.788003,171,1249.83212
-27.010484,190,1250.166942
-39.892151,195,1250.511168
-50.364537,173,1251.40476
109.079492,276,1251.889637
-45.004923,279,1252.599048
-33.816725,170,1252.896333
-628.801668,757,1254.663324
-97.649209,282,1255.161992
-496.171666,658,1256.533067
-354.843657,738,1258.644568
7.695098,245,1259.075346
-1025.320087,981,1261.621385
-362.516269,1000,1264.5912
-96.890771,1000,1267.523446
26.345005,310,1268.673479
-379.404045,415,1270.010642
-49.350203,217,1270.394002
-35.927386,242,1270.824193
-108.70734,345,1272.056774
-107.968719,212,1273.046919
-110.203007,336,1273.653255
-53.348179,255,1274.728608
-210.160635,841,1276.837451
-96.358639,275,1277.863887
-72.615873,206,1278.225553
-170.216172,491,1279.723839
-389.886008,831,1282.453049
-58.828375,296,1282.988025
-322.374129,531,1284.525472
-176.351895,520,1286.026531
-247.68265,357,1286.869547
-181.205722,223,1287.475405
-103.279961,295,1288.00243
-103.779839,284,1288.726388
-346.174441,809,1290.766222
-123.955353,198,1291.70663
-780.070438,882,1293.91565
-83.273136,224,1294.878713
-521.903826,773,1296.850617
-106.993822,415,1298.216751
-676.325151,864,1300.992787
-358.316136,935,1303.883751
-38.383245,220,1304.273138
-273.931919,721,1306.771013
-296.175629,531,1308.320268
-9.82939,363,1308.968828
-303.585989,393,1310.255144
-112.542832,195,1310.599405
-177.719425,391,1311.899539
-7.083435,229,1312.900652
-39.383725,244,1313.337004
-524.626054,651,1315.117266
-119.629052,359,1316.34247
-34.040075,220,1317.326164
-311.734346,871,1319.487599
-139.033125,138,1319.943505
-100.801218,139,1320.196091
-158.343817,175,1320.505568
-142.747643,382,1321.757521
-90.422337,249,1322.197701
-122.222098,171,1323.129655
-71.09007,184,1323.457388
-87.382538,198,1323.816269
-913.09681,851,1326.533746
-276.291771,488,1328.003122
9.412935,286,1329.090427
-79.405675,208,1329.461737
-125.512929,164,1329.754201
-400.394808,603,1331.981913
71.142646,1000,1334.392724
-281.738797,1000,1337.388917
56.9218,1000,1340.461097
-59.86954,1000,1343.446905
-203.792317,1000,1346.493111
239.498825,1000,1349.509427
-1063.056058,874,1352.303829
-118.948224,160,1352.591201
-229.725551,1000,1355.580464
5.572399,1000,1358.198438
43.445576,1000,1360.795929
30.803433,1000,1363.835004
-147.176543,1000,1366.441977
-320.537711,430,1367.833147
144.218299,1000,1370.448224
-251.399536,1000,1372.690265
-95.653872,1000,1374.967203
-279.512746,1000,1385.554839
-473.414649,567,1386.788973
281.828687,1000,1389.04134
-0.694427,208,1389.411632
460.900926,1000,1392.022185
-560.827015,192,1392.363771
232.447311,1000,1395.373439
-315.763695,572,1396.814028
-77.799618,1000,1398.830496
-75.163283,206,1399.926744
-39.966952,1000,1403.048702
-399.340941,1000,1405.679305
-290.994862,1000,1408.802105
-380.762046,1000,1411.793969
-128.299113,428,1413.180562
-792.920193,721,1415.115906
-125.04962,186,1415.450164
-325.69309,1000,1418.529732
-816.391252,1000,1421.520433
-115.619231,1000,1424.543399
-547.583267,1000,1427.618186
-350.529858,1000,1430.644332
265.620833,1000,1433.601594
-40.189651,1000,1436.514011
-445.669409,1000,1439.477356
-268.342462,1000,1441.736707
-99.670355,1000,1444.746978
364.093052,1000,1447.726231
-8.382367,1000,1450.785152
-136.072884,1000,1453.777674
210.356645,1000,1456.814655
-27.350599,1000,1459.868449
-489.779766,284,1460.374674
187.742553,1000,1463.309299
-687.445886,162,1463.604718
60.856864,1000,1466.664632
144.020722,377,1467.934913
-7.542162,1000,1470.986125
-299.141866,770,1473.554246
-745.968113,228,1473.962765
-690.741768,169,1474.266481
260.476883,1000,1477.277547
223.447782,1000,1480.349657
-44.039808,1000,1483.391942
-425.456958,244,1484.418492
-510.069795,323,1485.044233
-437.957466,1000,1487.37568
-453.077758,413,1488.343136
-481.387814,696,1489.846003
46.398012,190,1490.418404
-435.920538,596,1491.731255
2.604555,1000,1494.392894
-465.682936,727,1495.941962
-354.946218,1000,1498.183907
-458.949421,827,1500.118386
-768.871725,890,1502.156751
-530.456899,257,1502.618546
-651.165246,234,1503.25871
-687.139569,369,1503.925627
32.928172,273,1505.011747
220.911936,1000,1508.062854
-312.501043,898,1510.922867
-621.357628,160,1511.217113
-599.484855,164,1511.513548
-673.277841,172,1512.446961
-336.809911,604,1514.164042
-618.304755,166,1514.462892
200.87,1000,1517.538821
-696.350641,218,1517.996676
-624.881239,168,1519.036124
-614.993078,180,1519.383354
847.77751,1000,1522.76061
-351.049998,698,1529.588538
-508.124039,162,1530.325501
-636.310771,155,1530.784806
-268.708942,406,1532.279855
-564.073359,141,1532.674447
-551.004254,285,1533.787683
-532.002948,616,1535.811895
305.934551,1000,1539.407831
-525.838595,149,1539.828547
466.045173,1000,1544.059018
-73.876561,797,1546.959988
-655.154499,148,1547.377892
-661.008374,174,1547.871753
-574.201231,236,1548.810586
-641.843098,219,1549.41026
-712.926669,165,1549.858853
-500.633593,133,1550.506648
-455.238638,393,1551.600905
-450.154408,717,1554.267758
-552.117036,179,1554.77467
-629.337841,136,1555.479414
-332.695481,806,1558.025739
-182.829962,777,1560.856157
-721.330128,206,1561.435298
-675.257399,247,1562.124138
181.378911,1000,1565.556804
281.715666,1000,1569.544343
384.761579,1000,1573.352348
552.067982,1000,1577.438557
-143.416529,331,1579.058809
-111.045309,182,1579.572667
805.849831,1000,1583.816419
298.455066,1000,1587.657386
653.143192,1000,1591.020919
417.875632,1000,1594.671924
55.92227,615,1596.563908
483.465506,1000,1599.669595
861.409432,1000,1602.704802
-572.997826,296,1603.866401
775.265543,1000,1606.919921
645.845163,1000,1609.937854
-62.464922,772,1611.934107
-529.532513,418,1613.259159
-525.559149,192,1613.605919
-305.595138,599,1615.908058
-210.368021,639,1617.677396
-233.739789,466,1618.747248
-179.544977,529,1620.264241
-517.376976,364,1620.925143
67.336536,657,1623.30273
-245.618184,344,1623.922386
-273.035598,933,1626.451364
-433.11737,461,1627.505399
-612.978842,196,1628.065194
-317.422996,652,1629.467133
402.796189,1000,1631.727201
163.430161,1000,1634.78182
-209.237495,847,1636.934581
-85.284457,383,1638.242015
-21.035626,719,1640.369818
15.91485,269,1640.860462
-123.63406,646,1642.263101
59.690211,681,1644.113925
-397.234418,1000,1646.436862
-116.589298,212,1646.82816
-91.003674,220,1647.22261
-240.126302,566,1648.710976
-19.3487,266,1649.22921
-329.562009,1000,1652.297567
-7.642523,1000,1655.52697
-39.317634,242,1655.991405
-24.394108,222,1657.048889
-769.697316,673,1658.792246
10.237026,216,1659.489983
-44.806048,731,1661.420416
-252.393368,156,1661.770735
-186.207676,216,1662.933128
-187.307384,209,1663.400459
-264.710336,237,1664.422247
-157.157285,219,1664.87451
-215.01765,191,1665.256317
-87.999508,293,1666.440456
-99.072824,219,1666.856438
-147.705779,485,1668.563744
-213.388599,317,1669.515915
-173.392226,288,1670.676685
-197.921752,184,1671.123981
-360.602021,437,1672.693097
-131.360659,1000,1676.739973
-459.217579,951,1679.99388
-194.909888,1000,1683.963859
-250.093927,360,1685.165138
-188.303182,434,1686.704369
-147.367547,219,1687.640364
-290.104145,1000,1700.644751
-38.167128,349,1701.620562
-145.542465,332,1703.007084
-104.312003,226,1703.477941
-308.860334,861,1706.053893
-327.161435,463,1707.187794
-217.38972,1000,1709.853784
-301.599043,379,1710.757114
-149.242512,274,1711.261935
-351.36396,641,1712.638745
-261.172629,664,1714.280259
-209.592778,174,1714.599503
-101.502734,321,1715.394078
-237.414279,569,1716.659559
-243.125599,140,1716.914857
-159.176789,221,1717.315124
-152.422211,208,1718.290432
-249.687795,580,1719.563594
-187.717507,230,1719.981581
-174.410042,309,1720.785263
-205.596824,167,1721.086909
-63.268605,228,1722.062592
12.064714,278,1722.564016
-193.84502,230,1723.585644
-211.508639,152,1723.861449
-238.616365,178,1724.182418
-148.104562,195,1725.128813
-208.091762,156,1725.424785
-195.132627,239,1726.487124
-112.678302,193,1726.842583
-177.240172,179,1727.180087
-209.234864,137,1728.050122
-188.82038,200,1728.419946
-237.732503,168,1728.730641
-134.390966,216,1729.720911
-213.617786,164,1730.022672
-113.605139,256,1730.49829
-220.367773,161,1731.430109
-87.223279,273,1731.928133
-189.486529,159,1732.813312
-240.438661,153,1733.096189
-68.187899,256,1733.563119
-211.69302,137,1734.409974
-201.645614,256,1734.876923
-231.542742,301,1736.034009
-176.325568,173,1736.363503
-146.899506,182,1736.725156
-129.282343,244,1737.513306
-243.426734,165,1737.665621
-242.669845,167,1738.036103
-189.04432,217,1738.215231
-183.902285,194,1738.381707
-301.213311,165,1738.657638
-30.375652,342,1738.934824
-187.089745,141,1739.192119
-193.055059,170,1739.330439
-234.400469,138,1739.444011
-137.523754,235,1739.758713
-223.356418,151,1739.881983
-165.241025,168,1740.01909
-153.724392,188,1740.297246
-233.709899,152,1740.42041
-154.453828,190,1740.575952
-232.190421,144,1740.816051
-170.608164,173,1740.955459
-222.577368,152,1741.080273
-159.609889,197,1741.334646
-216.826107,148,1741.45578
-147.433381,203,1741.623454
-96.111728,192,1741.882127
-125.383444,312,1742.140068
-341.278114,705,1743.175465
-162.181104,209,1743.346343
-235.008293,139,1743.459377
-170.061162,242,1743.876636
-191.816673,305,1744.319097
-118.083646,260,1744.536375
-104.184932,204,1744.704419
-196.365058,188,1745.074751
34.509703,301,1745.31967
-163.663684,185,1745.674799
-203.379615,167,1745.812043
-160.494543,232,1746.109519
-179.657837,227,1746.297817
-104.645738,215,1746.47421
-216.707378,162,1746.703558
-142.836655,288,1746.939002
-86.993522,247,1747.238608
-171.891066,213,1747.412064
-199.595939,182,1747.654361
-168.16338,172,1747.796379
-145.237238,226,1747.981691
-227.345379,140,1748.191095
-143.623321,188,1748.344575
-127.536207,188,1748.498178
-121.778719,221,1748.771566
-205.131468,169,1748.909446
-681.520971,699,1749.574735
-272.829616,1000,1750.584487
-993.503291,761,1751.393485
-375.944905,1000,1752.397949
-1125.830633,970,1753.385409
-214.788689,172,1753.524639
-191.272754,1000,1754.555191
-514.066532,1000,1755.559194
-282.900909,1000,1756.563493
-519.313908,1000,1757.57068
-313.991571,945,1758.527702
-106.711162,1000,1759.804775
-397.168444,1000,1760.98811
-170.21431,683,1761.783164
-179.610786,488,1762.412693
-62.18275,287,1762.650311
-147.362608,548,1763.534545
-183.41588,354,1763.832036
-308.975499,609,1764.55766
-70.238894,277,1765.022732
-208.425083,1000,1766.279914
-83.119721,976,1767.552202
-70.28073,320,1767.816067
-466.837447,862,1768.991634
-177.520417,155,1769.119718
-623.820728,829,1770.245582
-134.796678,183,1770.396074
-113.190719,314,1770.889284
-41.703104,392,1771.437924
-125.236324,294,1771.681745
-111.260051,189,1771.93381
-99.311725,356,1772.228913
-169.61765,516,1772.746755
-449.673227,789,1773.71478
-128.245296,335,1774.226433
-71.868744,545,1774.928157
-128.513363,182,1775.078953
-82.129846,252,1775.489857
-135.17395,325,1775.767605
-231.545937,379,1776.312603
-115.380358,228,1776.500442
-8.335978,479,1777.134422
-184.730692,236,1777.566066
-439.77963,698,1779.367732
-92.060099,185,1779.52053
55.890774,511,1780.040228
-99.942061,1000,1781.04738
-177.966234,473,1781.529878
-156.113577,174,1781.76716
-185.159439,250,1781.972159
-159.243385,711,1782.745673
-6.525391,1000,1783.755513
-584.624806,564,1784.310097
-132.161797,180,1784.458926
-236.191836,308,1784.805528
-140.055091,183,1784.956005
-597.091923,285,1785.188196
-771.810426,283,1785.592516
-263.740158,626,1786.201962
-533.890283,246,1786.496104
-919.895461,809,1787.25044
-119.29619,374,1787.651338
-57.627482,264,1787.962882
-667.157748,993,1788.875502
-109.826202,204,1789.136853
-582.328841,847,1790.022532
-102.780947,337,1790.301558
-251.742963,221,1790.577398
-216.88355,384,1790.893499
-744.549514,442,1791.353312
199.041733,1000,1792.363532
-882.741632,844,1793.24654
-160.253574,161,1793.380455
-165.633586,158,1793.511596
-111.011036,203,1793.77733
-166.602757,241,1793.980783
-241.777629,137,1794.189026
-275.043984,155,1794.317116
-196.452866,291,1794.55812
-74.433454,191,1794.812546
-175.966659,696,1795.487115
-203.115227,385,1795.898261
-118.77404,178,1796.045482
-86.168237,248,1796.343896
-96.741177,216,1796.522612
-10.195185,450,1796.996489
-185.225961,161,1797.130688
-92.475319,181,1797.375091
-68.08574,240,1797.57466
-169.536161,129,1797.681387
-128.414079,183,1797.929633
-115.015957,176,1798.075322
-144.97353,174,1798.396875
-199.149504,106,1798.485041
-167.520263,116,1798.581319
-172.420531,112,1798.674355
-211.955099,151,1798.80116
-236.560841,155,1799.023595
-147.427141,175,1799.169323
-175.68827,128,1799.275783
-142.718534,180,1799.520077
-198.623545,133,1799.630615
-57.881524,291,1799.963982
-165.778046,469,1800.353523
-180.650176,159,1800.579951
-171.206533,117,1800.675776
-204.041515,131,1800.786469
-191.86744,147,1801.002184
-191.58152,159,1801.134805
-177.364763,134,1801.248897
-176.30215,155,1801.378562
-154.358977,171,1801.61494
-242.183676,119,1801.713774
-99.272872,257,1801.927962
-162.631803,173,1802.167722
-205.731303,121,1802.267853
-94.0126,420,1802.710006
-166.388261,163,1802.845342
-227.037471,140,1802.962928
-108.41245,183,1803.207755
-200.801336,156,1803.337682
-166.111348,117,1803.434575
-59.258852,194,1803.68811
-192.130047,135,1803.802448
-88.449143,189,1803.959936
-146.552979,229,1804.243334
-179.980924,118,1804.340819
-165.064228,182,1804.492014
-52.771449,313,1804.845434
-179.195523,118,1804.944307
-124.024895,216,1805.216267
-182.659543,114,1805.318872
-184.157981,153,1805.44571
-229.884744,133,1805.557313
-222.328635,792,1806.403622
-188.437565,154,1806.532061
-182.297476,113,1806.718339
-125.69517,193,1806.880123
-180.30898,132,1806.991609
-176.636293,137,1807.106352
-359.765219,805,1807.988502
-190.002945,134,1808.100366
-207.929329,156,1808.322576
-102.140041,198,1808.489027
-165.397395,113,1808.582039
-202.824144,131,1808.690843
-188.699519,125,1808.895908
-183.043828,124,1808.999551
-95.055064,183,1809.152435
-169.83853,149,1809.371272
-164.74272,285,1809.609187
-212.820829,152,1809.735663
-167.795239,109,1810.043338
-190.213197,380,1810.363466
-159.753185,336,1810.741239
-86.419602,165,1810.878611
-187.840746,122,1811.075307
-195.251997,152,1811.201238
137.222233,478,1811.694999
-175.955935,162,1811.828473
-162.922353,176,1811.974572
-128.366993,203,1812.236373
-143.353252,166,1812.372757
-158.483479,200,1812.630989
-184.002891,153,1812.759423
-170.112074,275,1812.985894
-65.648121,385,1813.397578
-187.450951,129,1813.504486
-164.105242,155,1813.726725
-181.348395,126,1813.831323
-182.162021,180,1813.979293
-186.877067,162,1814.207253
-192.231236,131,1814.315274
-163.35467,158,1814.445311
-185.689171,137,1814.559752
-163.953785,158,1814.787337
-186.550818,140,1814.903479
-99.955457,195,1815.063748
-90.501305,197,1815.427148
-93.653743,394,1815.952762
-175.716955,158,1816.0847
-150.600856,223,1816.27073
-139.174347,152,1816.627666
-128.943391,314,1816.889451
-8.350392,248,1817.322895
-186.158588,152,1817.448192
-178.699449,147,1817.569984
-169.622092,151,1817.789438
-179.287137,176,1817.939245
-167.290145,105,1818.025627
-192.55738,134,1818.137925
-145.31279,179,1818.511017
-178.217162,116,1818.606914
-108.736218,264,1818.91973
-202.877427,148,1819.043503
-160.740981,156,1819.172552
-99.107863,265,1819.485971
-94.387947,500,1819.993643
-156.692382,158,1820.123394
-107.128255,252,1820.332199
-185.308655,174,1820.569744
-154.336085,176,1820.714362
-167.136245,662,1821.356846
-137.176116,180,1821.59873
-204.639439,164,1821.734683
-100.933593,214,1821.909684
-169.776762,401,1822.3363
-51.953293,332,1822.705203
-94.562829,190,1822.863855
-122.915362,214,1823.134504
-184.169699,170,1823.27265
-175.410405,137,1823.38572
-87.830525,186,1823.632644
-142.576626,305,1823.883748
-192.281594,160,1824.109087
-47.692165,268,1824.330721
-62.069549,202,1824.49729
-80.262141,194,1824.752188
-764.864476,440,1825.207483
-278.938125,955,1826.185107
-131.771988,772,1826.923021
-2.072909,213,1827.193669
-113.047738,192,1827.352633
-82.244909,427,1827.910082
-76.943574,362,1828.208644
-420.346426,632,1829.052218
-51.15546,212,1829.225883
-652.695085,560,1829.777647
-168.373275,1000,1830.792595
-167.302602,894,1832.520108
-686.806169,910,1833.454268
-126.036438,443,1833.914426
91.467309,947,1834.790783
-654.996882,314,1835.139379
-286.188162,627,1835.843581
-698.777397,369,1836.343846
-179.630272,159,1836.475713
-804.426344,431,1836.924572
-69.159835,607,1837.516439
-616.373444,355,1837.899332
-4.19875,317,1838.252543
-159.096237,163,1838.386085
-623.874994,492,1838.88275
-119.485688,184,1839.034787
-119.991113,1000,1840.04327
-170.403896,386,1840.453108
-210.052277,118,1840.551085
-223.169637,1000,1841.556645
-766.822178,947,1842.739303
-139.070358,252,1842.947289
-639.463826,391,1843.501469
-219.1493,671,1844.457713
-200.227701,152,1844.585076
-386.876792,664,1845.359919
-168.715521,201,1845.707682
-160.301466,174,1845.858982
-720.166395,999,1847.139386
-164.911293,706,1847.817714
-252.225998,128,1847.924847
-684.775183,316,1848.279062
-148.463278,361,1848.670575
-311.365892,1000,1849.678893
-234.431814,543,1850.221091
-75.228116,491,1850.717039
-553.921435,324,1850.982735
-185.411459,258,1851.290136
-609.954486,614,1851.883626
-238.579097,502,1852.393683
-176.676559,143,1852.511342
-181.027286,401,1852.949321
-187.877069,386,1853.357629
-47.426616,544,1853.896544
-136.540213,124,1854.000276
-155.334134,162,1854.133698
-68.349032,200,1854.389742
-164.84072,200,1854.55511
-160.899649,133,1854.757452
-156.215648,170,1854.898501
-65.621932,180,1855.04661
-185.884121,148,1855.169633
-138.050424,156,1855.390392
-137.550996,160,1855.523931
-185.774492,133,1855.635407
-71.452272,188,1855.913568
-176.385703,160,1856.044843
-107.993342,482,1856.533061
-66.722323,224,1856.717806
-168.063766,135,1856.921954
-159.894697,150,1857.046846
-154.309692,173,1857.188675
-1.943171,263,1857.499158
-175.87936,143,1857.616784
-99.891431,204,1857.881806
-75.721696,191,1858.041227
-199.771015,152,1858.168093
-144.7491,135,1858.280954
-169.430902,140,1858.489367
193.979623,775,1859.218912
-15.122527,210,1859.482677
-16.111857,208,1859.655756
-169.100077,128,1859.761631
-200.094116,128,1859.960028
-121.557425,166,1860.09628
-157.175509,149,1860.219853
-205.734719,106,1860.309056
-193.918281,116,1860.497193
-196.716418,141,1860.614299
35.945631,261,1860.830519
-128.3658,149,1861.046306
-148.02363,170,1861.186436
-32.709135,223,1861.370876
-207.001912,222,1861.647586
-159.15538,124,1861.749717
-176.040232,129,1861.856893
-67.798056,464,1862.331051
-34.582321,197,1862.585574
-170.260488,144,1862.704931
-99.432171,183,1862.855286
-174.532087,123,1863.049792
-128.519712,156,1863.180374
-146.498246,149,1863.303559
-168.095559,153,1863.431127
-138.371702,145,1863.643931
-103.427917,233,1863.836753
-110.597305,178,1864.077612
-181.281544,108,1864.167722
-124.68207,126,1864.27163
-181.489797,109,1864.361204
-185.349932,139,1864.476293
-164.004962,159,1864.699624
-124.980832,192,1864.857325
-55.34939,223,1865.138758
-174.432181,110,1865.229592
-124.667621,190,1865.386792
-172.642095,134,1865.498123
-161.76296,153,1865.717088
-156.692418,160,1865.848799
-180.28202,127,1865.95546
-119.855771,168,1866.187274
-186.145933,116,1866.283129
-150.083283,149,1866.406017
-154.036537,131,1866.51476
-53.151949,188,1866.763593
-144.192939,163,1866.899731
-122.915608,179,1867.0477
-174.916925,147,1867.266371
-144.774442,167,1867.404062
-24.212632,213,1867.578857
-174.921539,146,1867.796694
-189.229355,156,1867.924868
-98.942428,180,1868.073043
-150.921902,151,1868.292753
-158.196084,145,1868.411234
-124.604578,176,1868.556341
-130.231576,169,1868.790248
-223.729287,324,1869.05974
-134.344622,168,1869.421943
-98.554167,181,1869.573348
-110.113677,172,1869.717483
-306.839774,439,1870.310745
-130.935742,166,1870.446917
-148.008331,117,1870.745614
-182.392998,130,1870.855637
-194.624183,125,1870.959626
-141.579581,112,1871.052593
-138.411909,117,1871.379537
-166.876356,112,1871.472085
45.451017,254,1871.679645
-178.848655,161,1872.040463
-191.84799,130,1872.147116
32.964776,285,1872.381319
-159.291875,166,1872.725267
-165.34898,143,1872.844088
-84.35541,204,1873.01223
-137.293506,126,1873.343858
-180.059357,125,1873.448025
-130.132965,161,1873.580221
-147.452512,129,1873.91517
-140.747906,109,1874.006717
-167.910196,145,1874.127008
53.972488,415,1874.673428
-184.06049,115,1874.769743
-55.163839,259,1875.210526
-160.963413,151,1875.337235
-3.399581,546,1875.881311
-155.854345,136,1875.993573
-179.514221,123,1876.09501
-188.097903,138,1876.303679
-179.182834,123,1876.405424
-95.565194,182,1876.554776
-152.532832,125,1876.758409
-167.980578,138,1876.873161
-189.960095,151,1877.003229
-138.437821,163,1877.141341
-163.852952,113,1877.440627
-138.074499,174,1877.583658
-107.557011,183,1877.735005
-183.114064,114,1877.92322
-152.567906,109,1878.013742
-162.688957,118,1878.112258
-159.209522,119,1878.210683
-181.183494,145,1878.425827
-144.526204,118,1878.523114
-30.721046,185,1878.676367
-176.833562,125,1878.779689
-154.22285,139,1879.09449
-160.752636,115,1879.196163
77.875453,468,1879.811613
-149.186592,393,1880.227446
-173.335264,116,1880.324411
-151.092092,148,1880.448178
-62.545753,260,1880.753853
-86.974465,170,1880.893784
-152.156971,127,1881.00206
-156.27875,146,1881.124373
-23.923153,188,1881.388303
-55.57664,202,1881.555461
-177.076512,127,1881.661812
-163.668422,162,1881.889846
-142.701981,144,1882.008446
-193.169886,114,1882.101907
-160.033964,143,1882.319216
-160.279171,113,1882.412843
-149.068257,154,1882.540287
-145.78651,142,1882.657213
-154.546001,125,1882.957015
-183.762325,142,1883.074466
-181.958434,111,1883.165616
-52.802287,249,1883.463955
-179.579301,115,1883.558438
-158.362525,146,1883.678765
-93.64033,215,1883.948695
-177.688526,136,1884.061914
-167.229049,115,1884.15713
-164.808341,155,1884.286716
-141.298985,148,1884.501232
-164.326895,138,1884.615479
-178.379794,165,1884.750883
-146.644497,117,1884.847868
-44.54066,379,1885.255448
-151.222474,117,1885.925116
-114.057038,180,1886.166508
-176.336406,144,1886.28657
-150.52711,151,1886.411967
-90.177577,208,1886.677056
-138.720775,152,1886.801704
-50.415332,193,1886.960505
-170.378247,120,1887.150867
-46.521272,184,1887.301473
-158.426661,131,1887.41114
-162.517929,114,1887.505178
-140.514763,142,1887.715312
-149.817247,148,1887.838396
-117.247038,217,1888.017933
-175.03508,109,1888.322523
-139.2278,144,1888.441075
-105.939121,174,1888.583818
-190.767695,127,1888.78191
-62.454044,240,1888.979797
-44.820007,194,1889.139626
-156.201638,144,1889.351923
-171.587469,170,1889.491876
-153.172054,121,1889.591754
-40.187835,191,1889.842418
-2.931018,327,1890.109835
-60.30954,187,1890.357169
-160.828606,170,1890.497416
-177.586051,129,1890.605281
-147.191865,207,1890.871312
-0.437126,261,1891.084718
-566.943225,555,1891.634815
-70.378693,212,1891.900393
-756.884552,257,1892.108614
-210.627307,254,1892.410887
-678.176337,250,1892.614849
-78.679882,382,1893.02189
-440.061529,547,1893.561765
-110.054242,171,1893.70178
-116.012418,396,1894.118218
-139.052634,130,1894.22459
-293.077268,269,1894.643891
-599.570839,231,1894.82919
-740.960044,365,1895.330404
-189.685406,142,1895.449387
-303.514567,442,1896.029116
-187.683387,168,1896.166464
-65.751353,254,1896.603275
-156.952805,223,1896.788043
-176.387914,152,1897.114641
-65.022695,391,1897.436613
-165.306262,121,1897.768311
-182.048296,151,1897.916181
-145.106524,173,1898.070951
-176.761027,147,1898.424607
-209.649205,172,1898.567858
-651.671256,308,1899.062984
-199.100336,147,1899.196859
-177.115995,162,1899.339392
-201.014632,170,1899.494555
-159.777917,177,1899.787726
-150.345478,178,1899.937517
-255.274333,172,1900.079232
-191.336094,164,1900.41645
-180.586234,153,1900.542519
-180.265161,345,1901.058152
-148.53904,145,1901.178464
-152.761441,144,1901.298024
-175.775367,361,1901.824251
-194.869625,181,1901.972354
-195.961649,300,1902.311881
-125.268095,173,1902.454724
-132.461481,311,1902.813205
-184.001252,183,1902.964676
-197.359182,181,1903.207129
-169.784688,139,1903.321389
-143.602124,133,1903.43278
-145.041844,132,1903.542412
-271.067004,157,1903.770764
-172.952442,141,1903.888206
-292.633291,230,1904.078785
-218.373856,236,1904.365521
-172.968706,166,1904.503184
-380.309228,322,1904.864181
-186.265048,192,1905.02292
-173.130973,128,1905.129155
-213.952846,246,1905.425759
-106.378588,199,1905.588935
-177.877323,200,1905.857813
-110.481958,201,1906.023928
-141.71029,201,1906.402639
-175.614257,230,1906.594634
-176.739684,173,1906.736116
-627.145303,224,1907.010005
-524.148004,253,1907.214864
-134.445299,179,1907.453791
-204.545675,300,1907.704129
-178.492752,209,1907.971944
-623.586793,483,1908.457964
-586.659241,240,1908.653636
-684.186235,251,1908.95242
-200.281009,166,1909.090927
-626.17935,187,1909.242851
-180.240521,146,1909.363163
-159.436213,128,1909.559633
-211.460998,186,1909.718145
-212.864536,252,1910.125846
-32.306567,200,1910.292734
-144.92002,127,1910.39819
-154.915904,129,1910.505319
-650.03702,220,1910.776732
-232.564957,168,1910.916214
-248.764753,319,1911.275712
-158.731579,147,1911.401385
-282.258465,325,1911.763215
-176.574653,129,1911.873526
-166.279138,114,1911.968652
-163.821484,161,1912.194421
-136.204954,165,1912.329182
-89.770559,203,1912.496584
-593.966527,180,1912.734157
-252.762447,242,1912.937665
-97.566524,323,1913.300393
15.947669,268,1913.525604
-402.848541,248,1913.823894
-232.587301,241,1914.023366
-168.82784,186,1914.269687
-257.097438,273,1914.495938
-186.289575,426,1914.943483
-169.632702,165,1915.078745
-147.181352,350,1915.462268
-693.871616,233,1915.653967
-118.753974,209,1915.921842
-641.695534,320,1916.183002
-131.96137,224,1916.461659
-124.981005,239,1916.66069
-177.207473,137,1916.867901
-175.786984,151,1916.994527
-314.469852,627,1917.736956
-201.733533,178,1917.884958
-152.152849,243,1918.180542
-747.562724,236,1918.378376
-247.207738,153,1918.597105
-657.181644,264,1918.815683
-638.711831,255,1919.118962
-243.248094,300,1919.369856
-181.238669,193,1919.623934
-250.623091,156,1919.752518
-191.819585,200,1919.919468
-169.023571,243,1920.212758
-261.700507,220,1920.396016
-707.481316,474,1920.882243
-169.345836,163,1921.111524
-677.549549,649,1921.743975
-165.40126,190,1921.900741
-259.810264,288,1922.234582
-585.135837,256,1922.446536
-301.583924,399,1922.870802
-641.827821,361,1923.262662
-227.926062,178,1923.410055
-211.329176,223,1923.68769
-11.762438,362,1923.988773
-239.844896,223,1924.268411
-213.015988,355,1924.562095
-225.817618,190,1924.813284
-745.576026,454,1925.284413
-202.392009,182,1925.435863
-161.709763,220,1925.620426
-275.246554,337,1925.992761
-616.27385,254,1926.293309
-138.443387,296,1926.538205
-246.007379,163,1926.677931
-177.962011,324,1927.042103
-149.181902,219,1927.224451
-236.274947,175,1927.46096
-154.953592,114,1927.562114
-115.321611,528,1928.098308
-193.325674,247,1928.395983
-108.560028,511,1928.922229
-488.769784,351,1929.220648
-235.078482,279,1929.674823
-173.294647,286,1929.921967
-619.123838,263,1930.234953
-553.948167,242,1930.435515
-154.340765,162,1930.66328
-12.869229,555,1931.316091
-187.482601,208,1931.490777
-550.426349,314,1931.975425
-197.112745,144,1932.095976
-196.240583,153,1932.22388
-184.958333,118,1932.524074
-658.463515,255,1932.736822
-166.939785,194,1932.898769
-642.995308,247,1933.331482
-220.063348,155,1933.461529
-275.19941,477,1934.085275
-138.37716,235,1934.494121
-170.600651,147,1934.618417
-522.234854,411,1935.187162
-181.334079,153,1935.316183
-157.566291,143,1935.435672
-152.7642,130,1935.759309
-99.018409,179,1935.910312
-144.659084,126,1936.016219
-168.394262,170,1936.157262
-197.567797,147,1936.512824
-178.29895,123,1936.617781
-149.849456,130,1936.727724
-186.931984,138,1937.046338
-116.339527,209,1937.224334
-192.689034,199,1937.390297
-189.917703,347,1937.907128
-165.054142,194,1938.069157
-219.36588,227,1938.487216
-213.764011,170,1938.629823
-205.085076,226,1939.046747
-602.52406,301,1939.297305
-162.441193,125,1939.402999
-396.029506,312,1939.872265
-165.764156,126,1939.978177
-484.474839,202,1940.369864
-45.532735,263,1941.200623
-206.374377,122,1941.304774
-277.098231,148,1941.661723
-648.984175,305,1941.916313
-187.22251,176,1942.158029
-220.536696,137,1942.272461
-132.674983,185,1942.426151
-219.481191,165,1942.791832
-242.677294,135,1942.905436
-164.618763,129,1943.013945
-770.575615,324,1943.504833
-135.516288,238,1943.704614
-168.869303,137,1943.819775
-599.263347,179,1944.194473
-176.117254,151,1944.321889
-170.941267,174,1944.467859
-214.811487,112,1944.758288
-154.606206,121,1944.858438
-224.614134,157,1944.991021
-154.009245,173,1945.22846
-184.659689,158,1945.361624
-31.882045,351,1945.753386
-141.812495,201,1945.92272
-535.850405,224,1946.110013
-169.666499,127,1946.309986
-209.163609,163,1946.44637
-215.516831,411,1946.887215
-182.386705,133,1946.998841
-203.719146,143,1947.118376
-146.662241,181,1947.36402
-184.299899,153,1947.492338
-197.513156,136,1947.607964
-126.324003,193,1947.865163
-206.87012,153,1947.993012
-662.080934,253,1948.202413
-607.877663,226,1948.482553
-509.189353,223,1948.665877
-182.276294,200,1949.0476
-620.346097,205,1949.217638
-586.377616,176,1949.362342
-155.501824,220,1949.638724
-203.423953,136,1949.752868
27.235511,330,1950.12384
-30.530775,681,1950.785779
-164.138413,134,1950.90015
-197.509108,183,1951.146628
-577.49147,297,1951.392962
-195.81229,123,1951.588367
-703.016681,349,1951.881324
-153.542434,193,1952.134382
-177.018948,150,1952.260525
-113.68603,367,1952.659385
-168.547094,132,1952.770202
-60.319887,195,1952.934531
-264.90164,228,1953.218603
-173.838656,198,1953.382917
-142.817159,211,1953.557618
-96.654403,335,1953.932154
-615.331224,154,1954.058283
-576.665944,240,1954.348708
-594.992856,199,1954.512656
-128.010056,225,1954.79536
-198.433593,154,1954.9235
-213.07901,180,1955.073387
-119.837922,312,1955.430921
-85.563872,302,1955.776186
-681.086215,311,1956.033202
-323.331567,240,1956.328038
-215.263838,180,1956.478216
-211.749736,135,1956.590889
-137.629718,392,1957.010655
-205.037503,162,1957.144187
-202.403865,198,1957.402341
-186.724914,130,1957.509503
-203.558686,253,1957.719699
-222.410882,161,1958.056976
-202.680789,148,1958.180751
-225.098746,153,1958.307654
-140.688605,482,1958.804615
-226.72109,153,1959.025491
-178.587043,147,1959.14944
-198.597372,182,1959.30227
-232.603364,150,1959.521863
-156.412326,134,1959.635112
-157.371469,210,1959.80992
-206.92739,115,1959.907601
-179.14418,123,1960.106867
-132.72014,296,1960.356048
-221.479804,157,1960.580848
-183.030026,147,1960.704722
-241.498669,129,1960.812385
-177.531569,120,1960.9133
-166.327487,132,1961.115702
-155.046688,135,1961.229843
-228.583903,195,1961.395002
-21.839056,193,1961.649041
-190.41328,147,1961.7718
-138.581375,130,1961.881148
-225.942173,156,1962.012903
-191.828869,163,1962.244468
-177.220184,174,1962.388481
-158.121463,128,1962.495862
-217.718299,150,1962.736687
-173.320057,123,1962.839526
-178.31032,186,1962.996023
-215.258509,151,1963.225128
-165.342931,125,1963.330595
-211.077941,305,1963.589336
-146.20924,177,1963.830589
-181.064455,157,1963.964107
-165.237964,130,1964.073882
-217.196276,187,1964.323178
-206.173157,147,1964.44674
-174.287463,152,1964.573455
-161.664074,120,1964.76597
-114.532659,190,1964.92683
-146.795963,126,1965.03192
-166.99062,611,1965.634316
-189.535271,152,1965.854587
-148.575906,227,1966.044828
-159.666337,124,1966.148906
-162.193237,124,1966.34623
-140.191245,115,1966.443036
-132.54718,126,1966.548766
-185.174236,151,1966.675659
-169.639086,130,1966.878466
-153.138579,130,1966.991813
-221.076418,155,1967.120932
-198.061184,120,1967.221602
-177.773146,155,1967.446426
-172.05613,129,1967.555254
-153.257851,144,1967.67668
-175.715531,160,1967.903413
-202.969578,140,1968.021868
-135.650324,136,1968.135926
-278.278052,238,1968.426582
-181.614505,157,1968.558985
-202.744199,166,1968.698252
-239.362363,116,1968.795662
-148.919557,116,1968.988386
-119.275893,145,1969.113302
-367.178159,406,1969.544496
-216.280813,164,1969.681324
-131.794765,169,1969.822806
-186.086173,138,1970.032205
-264.976445,187,1970.188731
-149.918306,126,1970.296461
-170.986055,129,1970.405734
-173.190248,156,1970.628749
-160.254659,146,1970.750446
-173.663353,126,1970.855695
-217.202686,164,1971.086472
-181.806898,138,1971.20154
-170.811112,144,1971.321923
-159.055186,136,1971.435151
-173.937694,141,1971.646852
-129.130528,135,1971.759431
-110.080433,179,1971.91129
-186.109603,155,1972.136422
-167.566712,155,1972.265033
-145.500238,147,1972.3883
-162.378934,156,1972.61196
-155.324962,149,1972.736341
-182.067134,157,1972.868106
-122.337989,162,1973.004256
-180.939923,175,1973.251079
-154.347476,156,1973.381722
-134.932371,157,1973.513597
-149.179996,144,1973.730731
-166.23739,180,1973.883038
-107.822855,139,1974.000575
-135.058099,188,1974.251825
-186.548408,179,1974.401833
-58.928407,180,1974.551461
-205.200437,380,1974.961762
-154.17599,129,1975.069621
-96.067806,176,1975.30943
-145.349119,183,1975.461342
-98.307804,194,1975.623909
-125.795904,144,1975.838812
-158.424798,174,1975.984988
-172.864723,138,1976.100606
-158.890419,121,1976.295875
-128.576088,140,1976.413486
-111.266925,137,1976.528063
-143.550743,161,1976.663116
-104.819822,152,1976.883773
-181.479593,127,1976.991123
-203.918168,190,1977.150832
-139.161328,148,1977.369194
-138.037802,140,1977.487326
-184.871649,152,1977.616172
-205.127496,107,1977.705797
-144.644028,128,1977.906864
-89.533542,167,1978.045986
-211.317414,112,1978.138474
-179.928606,126,1978.244558
-214.22205,155,1978.468292
-174.198662,146,1978.590702
-178.567378,110,1978.681785
-221.979649,152,1978.901402
-188.211758,112,1978.994948
-232.119514,111,1979.087708
-201.890286,111,1979.180695
-154.267983,138,1979.296325
-164.257217,119,1979.488225
-207.911018,109,1979.579704
-167.575297,151,1979.705322
-160.774112,139,1979.821064
-239.19005,106,1980.002224
-142.130749,147,1980.125653
-166.334115,120,1980.22622
-167.141961,133,1980.338869
-243.668683,226,1980.621481
-109.20219,144,1980.743378
-140.980214,126,1980.848264
-254.79643,166,1981.082165
-145.653846,112,1981.178175
-298.229076,251,1981.387174
-146.511193,176,1981.625982
-183.35184,158,1981.75766
-148.385724,144,1981.877181
-154.581014,122,1982.073237
-194.469103,121,1982.174047
-161.223787,146,1982.296208
-208.559652,120,1982.396013
-184.300801,201,1982.658376
-162.80907,124,1982.762617
-193.202364,150,1982.887953
-205.527593,180,1983.131467
-185.922281,110,1983.222565
-172.949972,116,1983.31896
-151.028763,146,1983.44118
-158.160576,163,1983.670238
-144.860428,144,1983.790444
-216.397451,108,1983.879476
-209.584781,176,1984.210713
-160.987729,173,1984.35551
-143.097437,132,1984.465603
-169.047228,118,1984.564035
-151.117265,168,1984.796163
-154.53103,140,1984.914321
-110.134541,141,1985.031689
-166.673919,121,1985.132838
-248.095239,195,1985.390413
-192.071267,199,1985.556334
-233.825632,194,1985.810246
-136.873333,127,1985.916411
-305.852723,169,1986.058131
-163.427585,159,1986.282245
-129.534436,140,1986.399749
-181.16269,162,1986.536032
-228.486665,161,1986.671148
-186.096141,152,1986.891001
-149.766553,143,1987.011046
-140.255128,144,1987.132541
-156.866461,126,1987.330341
-199.432024,118,1987.429559
-179.220547,113,1987.524445
-167.329102,113,1987.618528
-177.239955,118,1987.71655
-193.559482,124,1987.91274
-188.686884,136,1988.02689
-168.091171,116,1988.123722
-184.471871,120,1988.223461
-175.476711,160,1988.451791
-246.133327,224,1988.639309
-179.814404,150,1988.764658
-166.408957,129,1988.966617
-172.276527,122,1989.070113
-201.274082,109,1989.162997
-148.703895,134,1989.276251
-186.427147,158,1989.501224
-186.290849,158,1989.635091
-204.091877,234,1989.833231
-163.696652,119,1990.029237
-190.424522,114,1990.125999
-164.252999,128,1990.234489
-172.814819,132,1990.345374
-182.611107,161,1990.575055
-202.841953,150,1990.701681
-187.859803,145,1990.824569
-148.522069,138,1991.036379
-142.843418,133,1991.148709
-154.691779,166,1991.288727
-185.238377,156,1991.419924
-171.166536,107,1991.609411
-196.280186,188,1991.767376
-154.087954,137,1991.883251
-167.982722,155,1992.10927
-129.498346,140,1992.226366
-155.50797,157,1992.357659
-147.972752,156,1992.581526
-230.119267,118,1992.680866
-168.903829,141,1992.798585
-145.365573,116,1992.895715
-170.638324,117,1992.997743
-230.658412,116,1993.854815
-152.885149,142,1993.974195
-145.527564,143,1994.093438
-137.819057,125,1994.357725
-161.73779,127,1994.466196
-205.536329,160,1994.601915
-169.447423,153,1994.728718
-157.491145,183,1995.111768
-174.310628,153,1995.239697
-163.189365,138,1995.357192
-224.237625,127,1995.691432
-170.037715,138,1995.810101
-184.08236,120,1995.913601
-118.565427,148,1996.0411
-163.508675,125,1996.346559
-244.199823,96,1996.427327
-258.883383,123,1996.529086
-242.484595,126,1996.6354
-193.287166,124,1996.738819
-228.193144,127,1997.075966
-227.034959,128,1997.184697
-194.852022,152,1997.312097
-231.206551,97,1997.394109
-228.951598,98,1997.576821
-212.804113,155,1997.707549
-249.348083,94,1997.786779
-233.905351,118,1997.885884
-208.006352,114,1998.075247
-644.400761,318,1998.341691
-157.131352,127,1998.448023
-295.603011,234,1998.737711
-658.366118,502,1999.252477
-747.897825,268,1999.476484
-178.139695,116,1999.665793
-218.733141,376,1999.987603
-634.036583,171,2000.220904
-159.962274,147,2000.347498
-245.511929,116,2000.444955
-273.024516,158,2000.670384
-716.190821,252,2000.881214
-131.351264,168,2001.021129
-260.074786,166,2001.254992
-194.170313,164,2001.392185
-160.60986,133,2001.503011
-211.765037,118,2001.693228
-139.746901,171,2001.835375
-703.378125,270,2002.061253
-866.310111,526,2002.599292
-506.909024,371,2003.000033
-218.750829,163,2003.136999
-171.567719,143,2003.34769
-525.607105,681,2004.013874
-713.679485,235,2004.30249
-609.599742,204,2004.472518
-222.490013,145,2004.593647
-121.381139,147,2004.715683
-642.840108,243,2005.01141
-181.824103,134,2005.122672
-215.662843,160,2005.35347
-657.63272,307,2005.609896
-214.294413,172,2005.75311
-175.701942,190,2006.004763
-649.935106,449,2006.472243
-134.12287,185,2006.627142
-192.635943,166,2006.765291
-472.32477,221,2007.04292
140.805101,397,2007.469126
-343.590651,249,2007.676815
-182.893574,239,2007.974553
-688.697177,302,2008.225767
-36.34458,206,2008.489422
-153.382039,126,2008.594914
-260.003696,104,2008.682828
-577.790848,188,2008.838102
-174.889638,194,2009.092125
-101.387688,145,2009.212153
-130.455429,170,2009.353644
-135.40967,153,2009.57453
-130.708046,180,2009.724047
-132.915639,147,2009.847391
-562.713251,285,2010.176158
-129.474349,207,2010.351186
-127.386329,134,2010.555811
-214.741552,178,2010.705425
-607.937329,327,2011.077518
-641.88726,273,2011.30576
-193.073159,165,2011.444134
-186.507308,169,2011.677953
-142.759702,125,2011.782356
-159.426116,198,2011.945433
-82.870063,241,2012.237398
-186.506696,121,2012.33792
-162.630156,152,2012.463739
-127.776751,144,2012.677419
-111.002171,264,2012.897874
-196.592634,143,2013.016952
-160.332293,186,2013.263628
-174.359387,140,2013.380377
-116.761367,194,2013.541585
-227.559125,223,2013.819308
-143.330312,149,2013.945575
-138.358949,163,2014.080244
-137.332412,130,2014.281821
-137.185148,166,2014.418714
-216.079499,175,2014.56319
-138.647114,152,2014.780414
-149.989802,122,2014.882364
-167.520408,176,2015.03011
-162.043256,169,2015.384228
-151.247386,224,2015.573666
-218.695936,236,2015.771356
-134.243508,144,2016.128836
-165.793706,146,2016.249974
-144.730017,160,2016.381911
-180.546117,157,2016.615893
-174.843497,204,2016.784235
-201.090613,151,2016.910589
-146.825841,142,2017.123316
-83.053942,170,2017.264441
-119.603928,133,2017.374622
-159.436745,141,2017.586471
-205.893345,118,2017.683869
-204.191584,175,2017.827643
-154.248389,135,2017.94487
-143.299472,130,2018.146546
-160.869274,161,2018.278892
-161.922514,126,2018.382632
-183.928696,345,2018.759557
-133.537029,140,2018.875195
-143.492985,176,2019.023808
-148.479589,132,2019.227545
-195.076243,119,2019.327049
-160.865409,130,2019.434482
-164.442863,118,2019.531842
-218.346545,105,2019.711616
-166.44565,205,2019.880462
-157.378766,132,2019.992179
-158.644451,154,2020.214663
-166.201667,119,2020.315519
-173.37044,113,2020.410107
-239.235025,116,2020.505931
-147.583713,124,2020.69902
-124.092403,116,2020.795559
-214.018899,124,2020.899253
-198.356323,120,2020.998534
-184.804628,128,2021.103814
-180.561831,114,2021.290353
-158.799016,114,2021.385339
-192.669927,133,2021.49641
-135.134685,121,2021.59766
-68.826936,177,2021.837269
-191.6088,146,2021.959898
-152.207189,155,2022.088715
-191.51297,124,2022.283341
-181.839635,125,2022.387049
-203.388835,155,2022.515145
-135.603303,118,2022.612972
-101.001616,524,2023.13831
-170.348874,128,2023.336151
-195.422371,138,2023.451899
-140.958887,139,2023.568252
-127.416483,126,2023.672887
-130.053025,125,2023.872799
-179.123673,153,2024.000389
-81.314566,217,2024.180531
-115.515368,154,2024.401274
-165.882054,124,2024.504702
-142.533854,126,2024.609114
-154.312525,160,2024.742208
-179.315811,159,2024.973144
-205.727593,121,2025.07356
-150.437112,120,2025.174037
-129.484877,140,2025.387128
-236.524632,126,2025.491163
-151.954949,124,2025.59442
-178.305784,127,2025.699116
-138.853204,113,2025.883447
-200.684733,114,2025.978719
-176.831579,128,2026.084302
-189.920981,120,2026.184466
-155.864319,118,2026.282304
-89.884187,206,2026.549339
-176.641267,126,2026.654042
-156.559825,104,2026.740908
-195.18296,120,2026.935205
-207.909057,119,2027.03425
-175.092868,123,2027.13918
-151.002914,129,2027.247888
-193.655594,154,2027.599536
-181.146335,118,2027.697759
-165.686172,115,2027.793028
-75.723132,166,2027.93164
-131.786138,176,2028.306176
-192.338652,107,2028.395796
-105.530327,193,2028.556459
-201.737745,122,2028.881238
-137.23657,177,2029.036627
-209.834677,120,2029.136544
-162.570898,146,2029.259333
-105.817389,145,2029.611067
-144.838183,141,2029.730293
-172.649833,129,2029.836818
-229.961526,148,2029.960042
-205.189364,113,2030.286285
-192.701466,119,2030.384367
-350.144148,432,2030.979886
-181.927811,127,2031.085465
-165.789973,140,2031.216361
-94.529467,176,2031.590403
-171.67449,140,2031.708575
-137.632702,161,2031.845226
-169.006001,122,2031.948437
-153.75111,121,2032.251179
-189.012812,129,2032.358643
-172.070207,134,2032.471108
-380.866612,509,2033.116446
-128.838956,154,2033.467941
-152.24723,132,2033.59349
-157.846571,133,2033.707082
-172.066355,132,2033.81654
-124.150085,149,2034.16603
-63.727042,221,2034.353465
-135.547908,149,2034.477489
-124.705922,158,2034.83806
-94.624349,199,2035.007584
-154.262316,180,2035.157717
-173.444921,135,2035.366357
-208.854158,165,2035.502562
-171.825229,124,2035.606141
-140.80888,111,2035.698124
-123.776233,154,2035.917553
-166.667434,135,2036.030801
-139.265551,181,2036.179119
-122.889677,143,2036.479458
-181.532285,121,2036.57969
-253.191047,221,2036.762719
-115.120383,173,2037.103397
31.930075,368,2037.405825
-138.719752,149,2037.751879
-135.55961,133,2037.860612
-168.885835,148,2037.983826
-180.811697,165,2038.118141
-188.737503,130,2038.43312
-25.56653,569,2039.108583
-162.401183,127,2039.213707
-203.368831,114,2039.308122
-179.89456,117,2039.602363
-165.723099,166,2039.742276
-169.027301,124,2039.846061
-93.5858,148,2039.967369
-132.484396,114,2040.289571
-146.550052,117,2040.386236
-157.1382,143,2040.5034
-171.874102,119,2040.601172
-146.705257,133,2040.909019
-224.035927,160,2041.041989
-147.370405,124,2041.144205
-152.152698,119,2041.242114
-147.339476,143,2041.456057
-235.461519,153,2041.584199
-128.887542,114,2041.679416
-149.063968,191,2042.049999
-205.28958,128,2042.155818
-120.837356,157,2042.286118
-138.784511,160,2042.41677
-399.583972,241,2042.707512
-103.175155,148,2042.829248
-130.865862,122,2042.931432
-136.425457,182,2043.173636
-198.500401,130,2043.280967
-227.05756,161,2043.413687
-5.293986,272,2043.726853
-133.303792,171,2043.867906
-376.334974,458,2044.33536
-117.085307,154,2044.469337
-191.795478,163,2044.695195
-166.452109,141,2044.811451
-150.119403,161,2044.945043
-165.621376,139,2045.152243
-143.758473,142,2045.271565
-148.406246,131,2045.378825
-168.165978,138,2045.492235
-138.757012,160,2045.742712
-98.8818,142,2045.860216
-185.006794,176,2046.002528
-72.834173,125,2046.198164
-111.459711,154,2046.325105
-574.768061,260,2046.53619
-178.358095,137,2046.741976
-472.254726,415,2047.078317
-135.87663,130,2047.277025
-182.958653,169,2047.414209
-167.465499,823,2049.298047
-109.496465,127,2049.402529
-703.133905,264,2049.61368
-215.531878,120,2049.804615
-224.760099,154,2049.936018
-122.623771,162,2050.069979
-155.043117,245,2050.369142
-183.828687,119,2050.466908
-552.465693,264,2050.773311
-217.682955,155,2050.901669
-185.692367,139,2051.016326
-29.840033,451,2051.479286
-156.598846,123,2051.580846
-195.191873,177,2051.817271
-147.171272,113,2051.910877
-162.294304,124,2052.01415
-157.187129,144,2052.133377
-161.055826,151,2052.349658
-131.725256,123,2052.451314
-127.43017,148,2052.572965
-250.656229,170,2052.711849
-98.603936,192,2052.962352
-166.232373,118,2053.05875
-90.864799,176,2053.20273
-126.507853,126,2053.398573
-138.567908,162,2053.531526
-382.355479,311,2053.877846
-142.388854,136,2053.990855
-459.504158,341,2054.267296
-238.73568,311,2054.614254
-203.615737,170,2054.75221
-488.105014,318,2055.101436
-127.621597,135,2055.211268
-163.09152,133,2055.413234
-138.906597,151,2055.538662
-136.86688,158,2055.669373
-216.470263,138,2055.782864
-131.276509,119,2055.974109
-146.279738,154,2056.102359
-170.457128,120,2056.203455
-256.69503,165,2056.430774
-27.488586,304,2056.682109
-114.571355,277,2057.004818
-187.499409,154,2057.139144
-1.315187,265,2057.356063
-150.593582,113,2057.649165
-186.022649,130,2057.756513
-400.109022,458,2058.353746
-151.685298,116,2058.447812
-149.669134,142,2058.563828
-144.299559,117,2058.754434
-150.73141,285,2058.989412
-206.577483,183,2059.22945
-127.122381,156,2059.358567
-147.992848,131,2059.466595
-269.629263,145,2059.586118
-113.610785,173,2059.820456
-149.442473,124,2059.923115
-19.322888,229,2060.110134
-544.374081,319,2060.462204
-188.684812,155,2060.589792
-621.036326,290,2060.91694
-635.448604,326,2061.273364
-255.187075,162,2061.407323
-348.839618,169,2061.546412
-206.072949,177,2061.780954
-81.864387,139,2061.896788
-96.241277,139,2062.012868
-444.883985,297,2062.34868
-132.976814,153,2062.473605
-331.704784,492,2063.02048
-190.654527,121,2063.119706
-135.447344,121,2063.219288
-41.93148,122,2063.546893
-172.261181,158,2063.677092
-209.902588,131,2063.78483
-548.965869,356,2064.276427
-74.752202,142,2064.394465
-134.548999,137,2064.510104
-180.115298,117,2064.833193
-144.077353,137,2064.947013
-128.413884,117,2065.044672
-143.530076,123,2065.147419
-192.618031,161,2065.505208
-204.136582,201,2065.667172
-146.027967,125,2065.769091
-149.128,119,2066.07515
-103.648121,239,2066.272406
-140.951097,130,2066.379674
-166.955632,132,2066.715906
-165.796395,156,2066.843686
-172.987691,134,2066.95416
-181.841717,155,2067.080702
-187.272947,122,2067.414046
-119.005735,131,2067.522268
-157.491782,124,2067.62141
-143.926265,135,2067.730966
-183.986469,125,2068.042922
-44.665345,123,2068.144559
-127.433768,165,2068.278697
-195.703679,126,2068.381747
-225.029713,118,2068.715276
-199.960504,170,2068.854357
-131.794568,115,2068.948503
-155.339333,131,2069.057364
-149.014438,120,2069.361153
-127.658591,114,2069.455435
-146.733089,129,2069.561482
-156.928658,111,2069.653044
-204.367467,132,2069.85392
-187.152179,128,2069.959508
-141.696336,127,2070.063237
-202.822203,123,2070.16471
-145.55724,137,2070.367806
-167.368152,125,2070.471164
-144.073956,137,2070.584505
-145.022431,118,2070.681931
-184.041424,121,2070.875081
-181.385748,118,2070.974315
-179.792803,171,2071.113158
-114.379018,139,2071.226049
-62.330021,128,2071.424933
-43.833562,179,2071.57305
-152.6102,137,2071.687142
-180.569122,153,2071.903686
-215.009607,190,2072.060306
-162.707368,128,2072.164943
-127.97327,183,2072.528376
-170.310333,132,2072.637563
-166.001094,126,2072.740633
-167.006001,143,2072.8572
-112.894847,147,2073.215109
-151.785983,120,2073.313903
-187.409172,130,2073.420317
-168.187344,123,2073.521563
-211.598904,140,2073.728344
-168.346991,498,2074.236549
-111.249999,139,2074.351691
-144.897092,154,2074.477876
-166.012763,124,2074.671943
-166.081846,129,2074.778637
-175.340706,130,2074.887221
-129.24892,135,2074.999516
-157.10236,133,2075.202051
-172.13911,126,2075.30708
-190.339466,154,2075.4351
-96.860865,183,2075.586235
-132.408449,117,2075.776501
-486.328232,272,2075.995017
-110.427193,154,2076.121312
-125.545898,115,2076.316911
-180.664581,120,2076.41664
-154.636854,140,2076.533286
-75.177858,130,2076.640567
-133.447541,123,2076.836885
-140.369001,126,2076.942114
-159.221089,125,2077.047323
-434.21791,220,2077.32296
-158.609552,129,2077.431944
-2.025007,729,2078.126191
-151.455664,120,2078.322184
-135.733805,198,2078.487683
-117.128665,134,2078.599613
-123.702825,116,2078.695549
-240.426777,174,2078.932089
-184.996041,126,2079.036585
-161.370632,123,2079.13855
-282.835635,173,2079.482888
-149.813036,158,2079.612571
-118.550973,131,2079.720572
-192.637103,115,2079.815319
-146.563305,127,2080.013811
-194.998085,129,2080.12098
-195.130313,117,2080.218659
-184.188466,134,2080.330822
-164.833921,152,2080.55134
-163.842755,121,2080.651735
-184.87571,115,2080.747461
-182.013599,129,2080.853318
-211.99101,119,2081.086717
-224.688034,137,2081.199316
-188.414411,115,2081.296212
-161.293591,130,2081.404881
-195.197076,156,2081.62848
-180.227503,124,2081.729564
-173.60571,123,2081.831987
-197.154914,124,2081.935602
-193.861054,133,2082.138082
-239.355389,103,2082.228345
-208.720146,161,2082.361748
-127.432496,129,2082.469468
-163.004665,119,2082.66217
-154.639252,125,2082.765368
-147.408338,120,2082.864158
-168.458946,123,2082.96695
-215.68359,116,2083.280042
-158.524275,129,2083.38742
-186.271685,118,2083.484253
-142.146328,122,2083.58609
-168.859653,135,2083.797562
-252.754427,114,2083.893076
-636.34418,256,2084.102948
-192.197537,125,2084.301602
-173.600176,142,2084.420431
-177.466597,110,2084.517369
-198.393665,122,2084.619663
-160.812503,118,2084.915062
-174.738177,121,2085.027075
-174.976068,131,2085.175976
-223.794497,116,2085.280536
-121.420609,136,2085.399517
-191.912488,131,2085.708328
-125.409184,128,2085.814685
-153.563212,134,2085.926075
-224.891537,110,2086.017292
-176.388004,140,2086.22588
-181.480487,144,2086.345884
-120.523365,172,2086.488683
-77.807536,127,2086.690192
-211.607402,156,2086.821407
-156.333969,137,2086.936679
-236.342248,182,2087.254032
-204.997482,114,2087.348675
-182.584642,122,2087.451241
-209.700142,127,2087.556382
-228.171017,118,2087.65354
-113.820602,133,2087.857425
-181.04321,183,2088.007972
-160.514669,138,2088.123356
-413.219584,368,2088.516608
-107.466648,157,2088.646046
-140.396199,138,2088.854293
-150.794438,120,2088.95545
-191.662124,129,2089.062839
-164.304224,134,2089.174381
-167.371423,130,2089.376742
-158.884722,120,2089.476779
-207.520035,161,2089.614299
-663.150695,254,2090.0312
-180.578164,134,2090.143198
-143.545358,127,2090.247643
-197.120436,154,2090.471572
-189.34874,139,2090.587642
-275.042121,95,2090.666355
-114.144837,135,2090.777843
-144.423203,145,2090.992613
-106.573032,132,2091.102961
-176.785969,128,2091.210171
-166.082217,141,2091.328861
-191.298143,116,2091.519837
-145.620846,129,2091.627406
-152.730254,129,2091.734185
-129.063358,131,2091.84248
-218.608539,118,2092.034582
-140.778381,128,2092.144995
-226.020302,162,2092.279112
-186.297835,153,2092.407038
-126.632671,144,2092.724489
-228.736625,161,2092.857613
-227.777734,159,2092.990193
-147.130572,165,2093.219366
-104.041579,134,2093.335649
-99.141886,132,2093.446507
-201.359217,173,2093.590323
-423.06841,712,2094.474847
-96.890833,127,2094.581585
-160.104824,112,2094.674157
-166.917413,143,2094.888761
-149.307139,125,2094.993724
-183.50612,194,2095.157329
-155.377389,130,2095.266487
-228.473482,160,2095.495513
-148.085512,186,2095.647814
-226.219348,149,2095.770846
-699.501864,207,2096.036886
-628.89121,258,2096.246605
-223.905926,150,2096.464313
-200.326435,136,2096.577352
-153.434487,220,2096.758837
-111.074731,139,2096.9706
-540.460803,308,2097.222605
-186.97979,134,2097.332551
-148.257039,134,2097.536919
-174.932717,134,2097.650013
-139.439151,121,2097.750231
-210.819283,126,2097.85519
-204.23834,131,2098.058547
-111.770631,127,2098.163328
-146.849349,141,2098.280378
-18.451371,408,2098.706449
-219.590284,137,2098.820871
-161.233385,204,2099.08287
-130.946205,134,2099.195213
-149.213874,148,2099.317061
-177.336137,132,2099.519892
94.73603,444,2099.880286
-150.03636,341,2100.250818
-196.578923,133,2100.36061
-108.114632,183,2100.60312
-163.832138,125,2100.706825
-790.368714,339,2101.181178
-207.107612,157,2101.312381
-253.803936,111,2101.404049
-264.469275,108,2101.492792
-265.987165,110,2101.677338
-160.281887,133,2101.787626
-102.658371,322,2102.050226
-215.709445,174,2102.284998
-152.165831,122,2102.987066
-51.75668,306,2103.333478
-211.43433,131,2103.441694
-350.179043,581,2104.007617
-235.506699,168,2104.14894
-192.389187,227,2104.430312
-230.454268,123,2104.532361
-737.19431,252,2104.828589
-233.667819,128,2104.936428
-214.988288,143,2105.05435
-118.994687,200,2105.220076
-693.5849,253,2105.629497
-169.363645,196,2105.791434
-163.318257,189,2106.145676
-279.526421,108,2106.233662
-256.689144,156,2106.362205
-211.814986,162,2106.590135
-649.908877,273,2106.812963
-231.648874,118,2106.90999
-209.068274,147,2107.127456
-108.811244,184,2107.278932
-155.505101,133,2107.390477
-544.598956,239,2107.784373
-1.583101,434,2108.138575
-174.538029,139,2108.346366
-122.140521,167,2108.484688
-744.31159,322,2108.839634
-94.769635,136,2108.951201
-140.054369,157,2109.080808
-188.507648,145,2109.293729
-158.96191,167,2109.430409
-209.561739,128,2109.536443
-202.603794,137,2109.649213
-213.442114,139,2109.856731
-290.821832,129,2109.962744
-547.938593,400,2110.387035
-683.564205,272,2110.604861
-379.436137,517,2111.120322
-201.937277,145,2111.40404
-298.818601,100,2111.4865
-192.018017,116,2111.583081
-187.849575,160,2111.71388
-281.861018,685,2112.462424
-198.377982,164,2112.597918
-155.078915,131,2112.709172
-266.190403,100,2112.791612
-271.074686,101,2112.968895
-254.037786,115,2113.066643
-212.273398,126,2113.171134
-763.523904,431,2113.726689
-113.827987,136,2113.838463
-662.600659,230,2114.117952
-252.530216,96,2114.198835
-141.171535,163,2114.333421
-193.836753,116,2114.42977
-187.616119,120,2114.622106
-188.152867,152,2114.749824
-194.968785,178,2114.893564
-202.304013,356,2115.278954
-216.419434,145,2115.400558
-236.309619,117,2115.498407
-173.101631,140,2115.705019
-205.252463,141,2115.821706
-225.529185,143,2115.938615
-265.312372,116,2116.035297
-167.863467,245,2116.328394
-180.55701,135,2116.440114
-150.731101,135,2116.552249
-153.281592,133,2116.755695
-145.23794,147,2116.876055
-263.053578,139,2116.993297
-210.447027,132,2117.196012
-161.938951,172,2117.337664
-181.23769,367,2117.731838
-509.397429,206,2117.898806
-120.857529,281,2118.224709
-595.98059,294,2118.463618
-249.811393,155,2118.590047
-875.797096,672,2119.326181
-210.386001,112,2119.41908
-247.922209,131,2119.526775
-253.774573,124,2119.628825
-239.098674,182,2119.871496
-224.222339,136,2119.983535
-245.94316,120,2120.082086
-198.744368,156,2120.302237
-430.963605,279,2120.52877
-176.860862,124,2120.630355
-249.617604,279,2120.951754
-224.277507,132,2121.059424
-624.59052,538,2121.587705
-210.011079,338,2121.960541
-559.35753,180,2122.104769
-108.155406,364,2122.495687
-197.820766,277,2122.823076
-182.608072,156,2122.951584
-695.644343,420,2123.382572
-65.101357,717,2124.063227
-590.656645,769,2124.87865
-723.587738,238,2125.077906
-218.182943,166,2125.21516
-261.02341,140,2125.428728
-721.83686,257,2125.641726
-177.408558,138,2125.75502
-62.842625,358,2126.142407
-198.092256,216,2126.414775
-666.238111,262,2126.626813
-725.881623,437,2127.072669
-690.293601,265,2127.286125
-102.173385,430,2127.731911
-28.424443,366,2128.128863
-570.490752,500,2128.627075
-297.738894,237,2128.821192
-200.152142,181,2129.061477
-233.883992,193,2129.21953
-221.604755,114,2129.313247
-611.612542,427,2129.750608
-253.283672,528,2130.276136
-110.638155,492,2130.781654
-645.457367,270,2131.09174
-743.095185,331,2131.361803
-563.891808,199,2131.613912
-222.090562,145,2131.733202
-213.720771,139,2131.84705
-155.245641,148,2132.061181
101.687235,1000,2133.065622
-203.550783,270,2133.289029
-226.558879,167,2133.426687
-234.829489,129,2133.623403
-170.664005,148,2133.744504
-701.770885,353,2134.126156
-776.646656,345,2134.408677
-181.489108,175,2134.645822
-696.098673,233,2134.842828
-212.121744,159,2134.974925
-103.791167,308,2135.323575
-160.644911,152,2135.449973
-154.692374,153,2135.671978
-135.80401,622,2136.346485
-297.170264,859,2137.151257
-216.314301,243,2137.44602
-589.595907,534,2138.069205
-187.919016,339,2138.573596
-5.195603,593,2139.291261
-100.00452,371,2139.688229
-148.098915,168,2139.826752
-184.684688,344,2140.206161
-443.973687,519,2140.724333
-276.100836,146,2140.843581
-676.937616,269,2141.062717
-599.233869,393,2141.482403
-232.563333,121,2141.583272
-661.064252,197,2141.836297
-1038.676949,717,2142.518248
-329.263917,519,2143.037582
-96.906235,503,2143.542288
-197.896591,135,2143.65408
-616.829345,318,2144.002774
-741.471787,292,2144.345013
-210.39651,206,2144.514752
-245.338404,126,2144.616964
-735.746411,305,2144.959691
-266.913171,119,2145.058776
-226.760498,130,2145.166561
-131.045763,147,2145.381352
-206.444004,152,2145.506935
-145.59235,177,2145.65412
70.069469,618,2146.258093
-206.069581,579,2146.923162
-242.907522,126,2147.027974
-460.979508,313,2147.286789
-666.632896,187,2147.532906
-294.229919,161,2147.666936
-189.238896,133,2147.776619
-669.526397,187,2148.022362
-207.873245,173,2148.165681
-99.035958,137,2148.277888
-705.091499,562,2148.835914
-297.606349,102,2149.016945
-279.888403,117,2149.116104
-157.975923,908,2150.048455
-260.265093,101,2150.132586
-262.347148,148,2150.255241
-244.099953,115,2150.352458
-717.509089,269,2150.663496
-323.706004,435,2151.112615
-290.121475,124,2151.214608
-253.182548,117,2151.311836
-707.63123,236,2151.592116
-245.61681,115,2151.687011
-361.540951,203,2151.855045
-660.133769,265,2152.164546
-378.59798,214,2152.341928
-689.937574,256,2152.644668
-196.386935,133,2152.755806
-570.616237,932,2153.722612
-667.910513,198,2153.884652
-273.811427,132,2153.995348
-249.583196,100,2154.598714
-696.106258,276,2154.824896
-239.939264,100,2154.907565
-589.514429,292,2155.240827
-256.254319,91,2155.317703
-610.194566,661,2155.950274
-644.559171,286,2156.278472
-660.138725,638,2156.896098
-278.659308,94,2156.974772
-521.963994,854,2157.8616
-418.117399,709,2158.533851
-423.865527,514,2159.051018
-720.504649,251,2159.345967
-263.815689,91,2159.420431
-360.05323,131,2159.528261
-248.354353,135,2159.732049
-274.135978,87,2159.803361
-203.387261,122,2159.902296
-612.509776,218,2160.172092
-227.439594,103,2160.258555
-149.855801,187,2160.413483
-264.144077,119,2160.512049
-255.821966,124,2160.706549
-513.927333,329,2160.978244
-705.818725,269,2161.291735
-739.880498,448,2161.751763
-270.580528,90,2161.82621
-276.504193,81,2161.894542
-741.328971,420,2162.329731
-240.725367,94,2162.408089
-819.642223,258,2162.617625
-797.291181,268,2162.92767
-688.518138,244,2163.127516
-694.442588,234,2163.410439
-638.156725,223,2163.594164
-778.537126,345,2163.965898
-282.163165,86,2164.037612
-695.22462,196,2164.288059
-188.352588,118,2164.38565
-267.791032,86,2164.457514
-550.819924,709,2165.123777
-248.766457,154,2165.344948
-704.825875,221,2165.523713
-243.459414,105,2165.611059
-252.103079,100,2165.693638
-184.679886,129,2165.891525
-697.207988,175,2166.032506
-694.018361,322,2166.384889
-313.142425,170,2166.523923
-312.525019,228,2166.712316
-266.788129,92,2166.884757
-576.091767,288,2167.116172
-822.950635,247,2167.409432
-263.468062,94,2167.487897
-279.144598,86,2167.557899
-790.434772,275,2167.873012
-646.74862,313,2168.125831
-689.872532,216,2168.395579
-220.712855,151,2168.519286
-810.189213,263,2168.730842
-749.200333,241,2169.020056
-304.27998,102,2169.104141
-775.901991,293,2169.431051
-719.499357,231,2169.618459
-854.614915,429,2170.063882
-781.135772,251,2170.268579
-253.98226,112,2170.45848
-242.860521,148,2170.581537
-820.036326,267,2170.799288
-746.052217,190,2171.045885
-231.511423,146,2171.16785
-741.22519,206,2171.428845
-376.377265,170,2171.569787
-195.669239,122,2171.671381
-317.499891,167,2171.809298
-726.375148,192,2172.061982
-688.128068,241,2172.259778
-440.078873,399,2172.682174
-533.51434,217,2172.868931
-332.980296,275,2173.189444
-833.263357,590,2173.773988
-227.690687,95,2173.852948
-295.431764,99,2174.030516
-647.459142,813,2174.787895
-368.069647,188,2175.033344
-263.751072,123,2175.134688
-601.272835,833,2175.910283
-251.52223,145,2176.123061
-739.340326,808,2176.884232
-726.070935,509,2177.394181
-707.081595,255,2177.695189
-811.097792,283,2177.928188
-308.490707,121,2178.120776
-838.554625,326,2178.385342
-399.235963,165,2178.52
-255.278216,122,2178.710902
154.373774,1000,2179.716906
-686.315574,190,2179.87171
-685.975348,221,2180.049795
-642.186525,905,2180.970836
-881.104722,298,2181.326755
-760.175546,256,2181.536986
-652.749129,984,2182.53151
-736.920209,222,2182.800624
-503.093266,797,2183.541846
440.244855,1000,2184.537624
164.256674,1000,2185.542175
-121.167506,451,2186.030691
-729.089571,504,2186.533587
-717.690701,294,2186.866502
-743.075223,238,2187.060389
296.236506,1000,2188.06069
-460.729156,192,2188.221274
-513.051782,703,2188.979409
-302.112428,502,2189.484341
-676.061118,211,2189.658911
-723.312836,333,2190.022209
-220.73416,140,2190.138074
-727.476014,205,2190.30519
-201.318385,485,2190.792644
-700.720129,203,2191.049938
-724.168853,183,2191.198741
-698.557683,425,2191.636585
-796.987021,230,2191.82165
-679.951554,312,2192.171263
-740.783766,217,2192.347803
-774.264556,219,2192.62086
-830.063857,318,2192.973796
-574.753189,247,2193.174901
-654.349273,186,2193.326965
-562.533651,633,2194.028788
-574.500638,244,2194.22596
-713.545743,203,2194.390013
-723.586264,288,2194.713818
-618.739315,323,2195.07193
-695.635459,222,2195.252915
-696.619216,199,2195.414013
-716.405029,244,2195.704571
573.172414,1000,2196.69361
-664.299998,343,2197.064039
-715.524106,297,2197.30938
-610.322189,184,2197.565936
-521.930146,459,2197.939713
-683.248999,189,2198.191972
-665.903758,325,2198.457917
-746.237155,800,2199.409498
-719.575981,227,2199.59418
-711.465115,228,2199.872228
-715.017025,187,2200.022604
-125.882162,397,2200.444664
-397.752913,490,2201.075469
-846.050714,388,2201.599963
-695.394684,302,2201.842916
-204.554314,435,2202.293861
-649.847663,173,2202.526054
-432.860147,190,2202.684374
69.634774,656,2203.312548
-562.931605,341,2203.687136
-695.159773,267,2203.903751
-698.387786,177,2204.141602
-658.556697,465,2204.614274
-730.123674,301,2204.860277
-176.676401,312,2206.367934
-221.98536,605,2207.089435
-596.633093,586,2207.663178
-222.803668,511,2208.17451
-109.805593,244,2208.470068
-424.892486,283,2208.700147
0.100203,666,2209.336937
-695.61098,295,2209.670908
-679.707854,291,2210.004959
-659.463263,225,2210.187086
-682.522717,268,2210.503255
-683.833682,218,2210.679283
-674.858364,182,2210.830217
93.625918,683,2211.58582
-545.842619,524,2212.108398
-336.305193,186,2212.264385
-601.564416,234,2212.548722
596.906929,1000,2213.464451
-609.973057,265,2213.770481
-610.175545,184,2213.919631
-236.592463,809,2214.7686
-528.612194,497,2215.267856
-644.922638,187,2215.421278
-535.116876,419,2215.857582
-108.621455,919,2216.803965
-258.363103,578,2217.36498
-484.043352,522,2217.884707
-608.851702,493,2218.389776
-413.469343,828,2219.258466
264.022874,1000,2220.491233
-739.500701,348,2220.775694
-408.433878,472,2221.365249
-320.557297,578,2222.070921
-675.773296,453,2222.671082
-679.556177,288,2222.997582
-253.707656,280,2223.227717
16.685624,516,2223.743116
-633.216525,970,2224.733196
-261.373433,469,2225.352765
-320.605371,719,2226.129122
-67.102085,772,2226.860186
-610.063054,199,2227.021978
-447.851269,312,2227.373904
-644.546802,197,2227.535157
-518.852026,222,2227.808452
-473.523534,633,2228.422434
-721.626312,281,2228.747399
-619.731469,200,2228.910997
-341.7886,450,2229.368685
-688.145739,339,2229.742476
-575.517319,240,2229.939059
-612.182632,312,2230.288561
-200.626789,542,2230.822776
-289.23983,489,2231.322304
-571.626729,271,2231.541024
51.984348,445,2232.000216
-527.935673,277,2232.318356
-475.818624,251,2232.523681
-503.960777,296,2232.859324
254.338192,795,2233.608083
92.576356,816,2234.459423
-24.181992,188,2234.616504
307.077906,675,2235.261695
64.432143,515,2235.865613
-192.309677,137,2235.979583
-13.955878,353,2236.268904
144.326604,893,2237.301811
135.655376,385,2237.712878
-288.072206,672,2238.353315
-514.002628,279,2238.792876
-589.89027,253,2239.000999
-143.471669,449,2239.566691
-475.172047,260,2239.871462
-684.262647,475,2240.355893
-451.587795,215,2240.532167
-448.933751,323,2240.887882
-310.664518,383,2241.200441
-517.034254,308,2241.55213
77.143717,735,2242.253968
-383.603382,493,2242.750301
-149.860735,571,2243.40324
312.505854,990,2244.308475
-517.726936,189,2244.555193
-128.221272,155,2244.68253
-329.079809,363,2245.070147
38.783287,381,2245.474059
-199.934617,435,2245.831449
-425.675742,312,2246.178203
260.213007,636,2246.794348
-151.036348,598,2247.373933
-305.06731,259,2247.67832
-86.740315,464,2248.269457
202.931177,541,2248.932929
48.003511,558,2249.62625
-439.996653,178,2249.774585
-600.422343,190,2250.037804
-200.426112,211,2250.210949
-492.107067,302,2250.553179
-527.037285,188,2250.70742
-457.12458,197,2250.868208
-306.887773,294,2251.201113
-299.88627,186,2251.352377
178.266599,491,2251.973753
-603.063929,275,2252.291871
-296.878205,289,2252.526196
-48.201743,378,2252.928799
-348.77488,177,2253.163486
-499.304221,359,2253.459434
109.417802,286,2253.79881
-508.476702,324,2254.065557
-456.266269,222,2254.337328
-441.566733,194,2254.497378
-50.561201,378,2254.906442
-584.26382,299,2255.244824
-8.027918,194,2255.406166
-154.65504,406,2255.831918
2.110049,359,2256.129415
-536.971073,239,2256.417476
-318.993274,338,2256.793615
50.905753,563,2257.347336
-482.905022,341,2257.623708
-502.439872,157,2257.842941
-555.718042,295,2259.111253
107.168226,500,2259.612603
-28.897153,422,2260.050843
50.327424,494,2260.550114
422.61902,722,2261.230788
-411.741975,322,2261.586851
-604.785855,204,2261.753315
-406.564524,308,2262.095687
-365.818733,399,2262.516551
-512.260562,407,2262.942201
-417.5466,431,2263.298787
-659.529873,239,2263.586779
123.132883,797,2264.333405
-385.307023,283,2264.664921
-491.281554,228,2264.851809
-573.287825,311,2265.197482
-493.369691,190,2265.351956
-446.778912,285,2265.67605
343.099158,833,2266.675901
-189.305393,379,2266.982873
-286.023378,373,2267.378556
-533.506902,349,2267.874207
-289.255519,307,2268.122191
-461.406886,203,2268.484346
248.007542,578,2269.048628
-41.723356,157,2269.178595
952.159357,1000,2270.441937
-216.220075,301,2270.777872
168.512295,722,2271.460695
436.966863,967,2272.537709
1738.964245,1000,2273.545835
-583.479191,198,2273.708207
-12.132732,715,2274.485722
-151.654319,102,2274.569203
-40.968403,193,2274.727849
-123.83161,158,2274.953226
-515.846054,267,2275.174231
-124.742036,120,2275.274769
-495.402854,394,2275.696502
-297.375156,367,2276.098057
-528.023459,381,2276.506464
-489.27098,267,2276.726198
-587.739633,277,2277.049407
-421.767334,483,2277.541775
-720.122467,324,2277.807642
-485.945984,254,2278.111999
-170.473823,246,2278.315925
-521.664337,243,2278.609216
-156.678012,149,2278.731093
-571.686886,268,2279.044466
-533.159588,270,2279.264117
-152.002647,333,2279.63426
-123.437635,109,2279.723633
-103.182246,135,2279.834035
-226.800946,355,2280.329679
-71.002489,427,2280.770374
-109.509652,141,2280.887251
-201.501263,168,2281.030792
-113.013105,125,2281.226008
-487.321659,234,2281.417523
-543.866708,294,2281.749624
-8.139323,283,2281.981031
-118.623109,143,2282.097708
-76.4595,204,2282.356023
-131.323162,123,2282.457094
-119.81976,121,2282.555146
-205.482944,127,2282.754239
-132.734465,125,2282.863339
-135.991614,120,2282.961721
-104.084075,121,2283.061246
-117.82721,121,2283.357781
-293.247463,299,2283.602367
-103.255888,309,2283.957986
-30.553743,210,2284.129122
-227.902752,115,2284.223464
-136.011805,148,2284.437711
-170.668571,206,2284.60701
-462.712118,213,2284.78113
-146.133858,170,2285.017394
-169.472512,112,2285.109868
-93.604955,184,2285.261851
-138.529374,115,2285.553692
-218.73833,117,2285.650105
-175.257392,113,2285.742222
-216.25254,239,2286.032582
-153.387002,99,2286.113568
-118.52074,154,2286.239606
-148.261431,125,2286.342866
-516.293777,220,2286.616194
-441.396365,260,2286.829237
-110.257948,134,2286.939627
-148.563552,110,2287.121537
-141.937254,98,2287.201346
-122.854057,115,2287.297861
-78.578266,127,2287.40179
-113.29545,111,2287.586935
-107.939703,402,2287.918656
-181.369127,636,2288.625226
-125.367447,102,2288.708889
-163.708946,134,2288.818707
-468.199713,263,2289.126896
-137.903577,110,2289.216709
-40.401143,178,2289.364327
-59.854556,169,2289.503976
-144.984547,123,2289.695661
-153.359979,171,2289.835941
-79.32625,414,2290.270545
-146.481497,124,2290.372312
-159.317833,104,2290.457029
-150.481102,151,2290.674134
-74.455679,161,2290.805552
-133.060543,105,2290.891759
-179.687592,117,2290.98715
-108.1544,135,2291.189694
-155.633402,135,2291.300867
-108.740663,135,2291.411762
-35.279948,364,2291.803068
-174.595008,97,2291.881555
-155.814492,104,2291.966702
-190.941319,197,2292.220061
-510.083146,306,2292.471732
-148.74967,158,2292.694244
-494.74282,278,2292.926084
-536.069245,417,2293.362397
-526.475859,256,2293.573722
-457.471332,279,2294.011188
-151.089081,134,2294.122268
-196.374615,186,2294.371833
-114.519539,158,2294.502505
-183.964703,163,2294.637293
-446.938746,265,2294.947127
-182.618709,124,2295.048894
-121.334735,158,2295.179397
-197.19914,269,2295.497636
-556.598596,305,2295.747691
-101.940303,338,2296.125058
-459.653371,259,2296.551916
12.153347,814,2297.345973
-208.097236,799,2298.195033
-101.466779,551,2298.741273
-457.668531,198,2298.900679
-355.176133,400,2299.401786
-225.268228,653,2300.044849
-237.76174,401,2300.469555
-153.300074,574,2301.037508
-266.695642,457,2301.50639
-462.813551,239,2301.701628
-301.661186,378,2302.104481
-395.610983,421,2302.652901
-166.705434,412,2303.084518
-296.307626,354,2303.465666
398.080718,508,2303.977592
-318.834073,260,2304.193604
-266.738521,302,2304.532691
-299.187647,328,2304.803573
-305.954765,344,2305.182247
-518.382518,290,2305.423187
-9.099692,255,2305.726404
-2.541738,506,2306.237889
-90.304493,362,2306.628289
-454.36241,314,2306.88606
-466.49621,252,2307.188022
-274.010811,326,2307.457099
-275.212681,191,2307.702382
-235.823225,263,2307.920247
-317.643619,234,2308.20385
-352.90537,180,2308.350491
-556.366815,289,2308.692523
-250.390951,199,2308.858161
-400.179133,185,2309.007881
-143.440722,406,2309.443468
-320.26224,248,2309.74539
-371.529236,415,2310.188511
-240.744418,403,2310.520677
-473.672012,268,2311.857285
-502.95499,264,2312.075199
-166.207648,188,2312.32281
-373.164761,264,2312.542739
292.085542,728,2313.327146
-582.664069,287,2313.56353
-64.946298,341,2313.936228
-555.546951,345,2314.310284
-200.895007,219,2314.491065
-396.181064,238,2314.685645
-208.709345,197,2314.943128
16.629972,385,2315.36465
-464.428241,186,2315.514327
-376.433825,256,2315.720218
-354.10931,262,2316.026568
-643.012052,258,2316.235322
-468.036331,287,2316.561923
-175.687499,161,2316.694602
-313.220578,250,2316.989604
-363.096604,239,2317.182783
-311.170914,260,2317.490117
-175.26509,280,2317.717297
-291.022212,203,2317.984593
-495.448142,312,2318.241383
-445.393921,158,2318.461923
-160.017341,255,2318.666881
-409.130063,138,2318.778281
-478.180938,207,2319.037487
-432.098238,248,2319.24199
-179.996627,241,2319.528951
-476.876752,160,2319.658784
-391.53706,252,2319.961607
-324.766375,220,2320.140128
-344.22368,262,2320.459636
-285.830848,299,2320.706276
-279.078398,239,2320.993324
189.253714,408,2321.326999
-244.712706,298,2321.660915
-191.381901,216,2321.83601
-623.240415,271,2322.148022
-334.852898,352,2322.52776
-326.020624,262,2322.741459
-66.355044,369,2323.133111
-114.633902,167,2323.271286
-298.672753,251,2323.567992
-19.179014,372,2323.870009
-216.957381,167,2324.099276
-622.463739,615,2324.69896
-470.016655,254,2324.907531
-441.890566,248,2325.209811
-236.035754,151,2325.336538
-174.899873,205,2325.599365
-23.175075,474,2326.085868
-551.869079,265,2326.303207
405.10596,524,2326.830262
-137.629064,136,2326.943746
-584.855809,337,2327.312664
-6.10088,603,2327.897698
-584.476753,273,2328.21317
81.448253,495,2328.710061
-482.573357,547,2329.252905
-516.420789,306,2329.503288
-620.134799,297,2329.839548
-9.544388,514,2330.357117
-490.360161,350,2330.738838
-361.676944,269,2330.958553
-282.760706,288,2331.291538
-234.644664,209,2331.460758
-345.518352,248,2331.755384
-132.234464,339,2332.037035
-249.946095,236,2332.330821
-324.590516,266,2332.54879
-193.207929,369,2332.944535
-310.065845,270,2333.163161
-464.680014,240,2333.45248
-368.28039,248,2333.655502
-1.461375,429,2334.099283
-162.82099,327,2334.460052
21.163265,214,2334.63563
-276.134106,255,2334.936003
-196.649689,255,2335.143587
-256.158565,271,2335.459561
157.702541,504,2335.962911
-324.706519,255,2336.171837
-465.324269,241,2336.462095
-128.647081,648,2337.102969
-402.156352,257,2337.453953
-421.9249,177,2337.609117
-386.86019,253,2337.816216
-400.771282,264,2338.123121
-345.570496,252,2338.330462
-353.359884,294,2338.661634
-444.162483,259,2338.871253
-574.145908,211,2339.134068
-584.739775,307,2339.384076
86.439203,305,2339.726061
72.436881,378,2340.127671
-279.898389,403,2340.549291
-454.954816,213,2340.722186
-545.763725,221,2340.900812
-439.963474,462,2341.373524
-415.671313,337,2341.743722
-205.095025,178,2341.891591
-493.455026,367,2342.286719
-610.134144,255,2342.587625
-414.345425,267,2342.805299
-508.738026,216,2343.071489
-234.124832,355,2343.359746
-315.382656,292,2343.689174
-256.56311,287,2343.922102
-272.071685,469,2344.396859
257.062262,519,2344.915654
-403.004852,262,2345.306913
-329.955999,296,2345.547929
-506.739199,244,2345.977966
-456.129285,251,2346.182875
-539.931153,303,2346.526787
-455.355867,341,2346.896006
-451.784658,254,2347.104077
-276.84384,403,2347.526681
-607.978396,379,2347.935036
-473.967682,265,2348.150443
-503.453552,207,2348.412638
-134.622344,166,2348.548515
-458.490842,267,2348.763921
-394.285252,487,2349.251966
-562.998529,289,2349.579874
293.251322,783,2350.315472
-538.173688,233,2350.602306
-528.031271,476,2351.103241
-143.867261,173,2351.244857
-207.897719,154,2351.373145
-446.193374,596,2352.043869
-145.434097,213,2352.219188
-186.980509,200,2352.384705
-135.465185,207,2352.645981
-355.599895,1000,2353.765783
-205.308508,170,2353.906038
-417.895754,616,2354.613289
-515.50158,542,2355.286213
-556.023803,932,2356.367196
-197.478421,585,2356.94351
-146.062533,202,2357.203753
-292.710998,242,2357.403434
-551.392804,259,2357.707021
-485.353976,368,2358.007106
-645.739098,247,2358.302175
-943.938114,1000,2359.308595
-246.854445,303,2359.555485
-321.797545,434,2360.002554
-125.742749,221,2360.276006
-196.299842,225,2360.46104
-441.27332,324,2360.818749
-599.356263,527,2361.344715
-402.227345,338,2361.6207
-169.976644,186,2361.865402
-562.873303,228,2362.050261
-208.993209,163,2362.275971
-172.558128,256,2362.486191
-157.724393,230,2363.55818
-141.072606,149,2363.678928
-168.928024,250,2363.884085
-215.386029,150,2364.100104
-135.719825,226,2364.286605
-158.355855,149,2364.409016
-171.635968,176,2364.646281
-153.421769,173,2364.787993
-144.077171,195,2364.947672
-662.450781,309,2365.401456
-280.648391,156,2365.528932
-123.989618,161,2365.892283
-548.067445,311,2366.145805
-191.196447,212,2366.547313
-163.691388,153,2366.674075
-169.909811,156,2366.803397
-128.042733,146,2367.148895
-150.703284,174,2367.291512
-229.878505,158,2367.422684
-141.178515,174,2367.791909
-159.80088,140,2367.909378
-89.048493,224,2368.095887
-196.254115,157,2368.453019
-114.470876,175,2368.597789
-173.796219,147,2368.719615
-156.921842,182,2369.104407
-399.330356,281,2369.337523
-208.05603,162,2369.471631
-167.652483,188,2369.842383
-151.005624,182,2369.990567
-145.846433,152,2370.116122
-547.752822,322,2370.581784
-161.989806,269,2371.029772
-460.627133,338,2371.306886
-143.239076,210,2371.681345
-117.006182,148,2371.802838
-669.023102,377,2372.337156
-500.040028,228,2372.522257
-184.586359,173,2372.663715
-189.467328,153,2372.992231
-195.662876,153,2373.118787
-53.161993,257,2373.529646
-146.214837,227,2373.718466
-194.570839,162,2373.855867
-145.669824,178,2374.221434
-178.570692,533,2374.888711
-189.316182,146,2375.009871
-212.908621,186,2375.163262
-574.279855,299,2375.635266
-311.306247,354,2376.057144
-564.443823,310,2376.31325
-140.224268,161,2376.679516
-154.051609,193,2376.838756
-196.131931,148,2376.96111
-257.238786,355,2377.477961
-221.54015,210,2377.649708
-242.663533,436,2378.101129
-151.138704,153,2378.228225
-187.485656,177,2378.468781
-173.087141,153,2378.595076
-194.623476,195,2378.846534
-537.674164,272,2379.069104
-186.43363,164,2379.202878
-442.838809,263,2379.516294
-191.20597,181,2379.668833
-133.525702,205,2379.939918
-487.86285,285,2380.175453
-355.726242,625,2380.787733
-577.717651,268,2381.105505
-402.705173,240,2381.306959
-126.109623,557,2381.972064
-167.214664,144,2382.182967
-230.601566,167,2382.32089
-200.982612,507,2382.8324
-485.583835,370,2383.232066
-179.352383,162,2383.366302
-260.042925,189,2383.521651
-173.212734,161,2383.843125
-159.569413,423,2384.403473
-321.143668,237,2384.5969
-223.101968,489,2385.223982
-207.087689,555,2385.928383
-229.573512,145,2386.048036
-243.683965,359,2386.440106
-211.456739,180,2386.588422
-217.947601,1000,2387.599294
-240.659152,160,2387.829675
-183.36108,303,2388.081491
-147.289673,155,2388.301133
-185.673893,164,2388.435275
-140.256964,157,2388.565417
-200.717793,240,2388.856497
-495.631327,263,2389.071435
-151.22796,138,2389.278731
-169.030673,253,2389.487292
-153.095133,150,2389.610434
-173.474555,144,2389.824028
-131.047066,150,2389.948845
-144.947421,169,2390.088149
-164.615545,214,2390.356302
-109.449074,160,2390.48821
-102.80762,144,2390.607735
-72.064955,151,2390.82474
-159.944186,621,2391.435105
-131.426693,146,2391.555543
-264.392163,240,2391.753946
-147.520792,153,2391.97206
-185.892819,183,2392.122309
-164.663109,160,2392.253603
-217.821239,165,2392.482829
-236.574017,163,2392.617399
-128.86314,189,2392.772708
-135.777062,143,2392.984634
-166.147225,188,2393.140517
-125.616561,143,2393.25831
-151.687047,142,2393.468102
-87.535184,147,2393.589003
-231.785187,146,2393.709224
-136.920894,134,2393.820123
-347.785481,349,2394.197896
-151.690356,166,2394.424809
-76.164499,225,2394.611468
-127.541479,145,2394.732227
-159.141925,159,2394.958211
-150.351609,149,2395.082143
-110.796378,193,2395.238792
-293.013132,303,2395.586205
-189.204314,155,2395.715294
-122.936996,146,2395.836527
-189.072197,202,2396.094977
-177.061836,163,2396.229667
-162.050371,147,2396.352662
-153.887029,198,2396.608413
-178.481705,186,2396.762113
-78.714768,140,2396.881233
-146.13053,384,2397.292562
-145.461037,147,2397.415058
-101.702508,149,2397.631284
-145.75132,146,2397.753878
-124.410925,155,2397.880487
-242.323469,140,2398.087362
-141.933064,155,2398.214969
-202.007587,144,2398.335256
-158.567487,162,2398.468612
-184.738658,117,2398.657321
-242.832272,231,2398.847048
-154.587922,156,2398.975528
-167.891208,183,2399.234852
-136.378919,150,2399.358752
-160.78851,143,2399.477144
-173.84627,148,2399.692025
-136.554967,181,2399.841132
-204.587648,154,2399.967378
-117.204762,210,2400.234296
-143.002715,170,2400.376408
-154.317353,161,2400.509052
-119.15754,932,2401.481719
86.453329,720,2402.267644
118.130834,472,2402.75006
-147.188568,232,2402.94249
384.22988,1000,2403.950988
-473.852294,273,2404.174505
-35.419548,630,2404.881037
-426.317546,589,2405.459242
-110.346659,173,2405.602033
-207.193046,787,2406.440181
38.859609,553,2406.987821
-365.190744,324,2407.254878
5.221647,248,2407.551436
85.626059,606,2408.145451
83.865486,805,2409.006821
-75.26503,176,2409.151979
-157.524395,157,2409.281561
363.065851,1000,2410.314471
-113.789096,162,2410.540758
-459.075483,306,2410.795531
-145.849459,174,2411.037397
190.179034,1000,2412.048932
-716.751574,1000,2412.982017
-427.073139,582,2413.655389
159.129017,1000,2414.675366
-147.752933,1000,2415.688426
-73.107925,307,2415.941347
-135.717348,570,2416.505527
-578.728839,283,2416.831667
-607.579999,304,2418.277582
-18.303684,436,2418.727599
-375.3404,436,2419.17955
-181.065634,162,2419.313074
-19.388149,353,2419.698156
-646.832058,534,2420.238598
-164.167328,489,2420.739166
-89.393863,468,2421.221794
200.109048,1000,2422.23406
215.577118,1000,2423.347362
-279.08455,965,2424.442056
-560.640392,468,2424.923259
-453.733862,324,2425.190665
-605.881352,458,2425.665739
-593.496366,278,2425.988731
-118.705086,174,2426.131329
-195.367633,736,2426.929013
-653.057572,660,2427.562288
-479.143819,602,2428.152168
-668.316421,292,2428.486704
-604.095316,597,2429.072061
-585.610153,258,2429.286497
-572.233522,273,2429.606086
-44.946808,317,2429.867695
-401.926762,942,2430.838865
-624.169764,331,2431.204458
-207.792116,173,2431.346942
-532.371833,815,2432.216201
-125.179666,190,2432.372632
-235.321024,214,2432.641629
-616.269175,719,2433.332836
-634.005406,263,2433.641078
-595.132363,308,2433.893919
-380.136825,389,2434.308966
-167.698814,191,2434.466329
-648.202927,534,2435.003343
315.557259,1000,2436.018809
55.011852,1000,2437.037896
-189.316567,383,2437.549772
-247.924677,479,2438.039568
-107.641334,474,2438.521106
-242.007604,182,2438.670314
-348.520256,513,2439.308177
-271.417631,323,2439.666754
-127.400543,145,2439.786667
-236.379272,156,2439.915798
-257.514048,165,2440.145292
-356.957188,281,2440.378481
-257.000711,287,2440.71012
-201.915222,103,2440.794494
-177.437162,210,2440.967551
-474.16205,488,2441.466387
-185.580161,129,2441.666299
-279.133912,496,2442.169304
120.092284,1000,2443.184704
-249.514865,148,2443.308172
-198.843181,173,2443.453554
-265.836852,155,2443.582914
-292.698412,149,2443.797594
-206.639288,154,2443.925443
-210.539498,209,2444.097796
-206.030718,179,2444.336769
-160.108,159,2444.468671
-170.347222,128,2444.575327
-265.084956,142,2444.785419
-269.296462,563,2445.343822
-216.549154,251,2445.552402
-302.066242,199,2445.809777
-300.076163,154,2445.937288
-213.186749,118,2446.034083
-287.840054,154,2446.160675
-257.791341,153,2446.381132
-265.569864,159,2446.515138
-204.212779,160,2446.647215
-682.348425,271,2446.963513
-237.346961,151,2447.088036
-150.41727,235,2447.376676
-242.748262,127,2447.481879
-190.168044,192,2447.64061
-205.451443,158,2447.863461
-301.464303,152,2447.990162
-263.702389,159,2448.121177
-303.526402,159,2448.344795
-309.809338,165,2448.481136
-201.034541,134,2448.59111
-261.986296,172,2448.73113
-295.063573,160,2448.95555
-230.264695,250,2449.16193
-243.475585,225,2449.440895
-253.765441,130,2449.547933
-151.59566,156,2449.676719
-260.781461,133,2449.880084
-366.650124,453,2450.258533
-171.395432,239,2450.551126
-234.286082,174,2450.695819
-198.243874,143,2450.81446
-247.989138,146,2451.029257
-205.410278,153,2451.157426
-235.584427,176,2451.304162
-264.401804,187,2451.551038
-259.500285,160,2451.684469
-310.156577,152,2451.810068
-262.260448,148,2452.028583
-208.972348,133,2452.139024
-240.461986,124,2452.241433
-293.727759,157,2452.370419
-221.699398,169,2452.604041
-259.213648,156,2452.732293
-215.405948,184,2452.882986
-255.693971,155,2453.110844
-257.97111,143,2453.230678
-238.29735,167,2453.368314
-169.844642,184,2453.614523
-238.845991,169,2453.755103
-266.43025,161,2453.887736
-172.096528,208,2454.155267
-583.328867,382,2454.564705
-217.623972,198,2454.728453
-150.752351,428,2455.176593
-245.624242,163,2455.311712
-251.136151,204,2455.480525
-278.48327,154,2455.703916
-178.655838,175,2455.848482
-177.865123,170,2455.988641
-268.613091,154,2456.209603
-166.791301,158,2456.341056
-170.136624,165,2456.478678
-195.668604,143,2456.691161
-144.258402,361,2456.991052
-215.275827,177,2457.231044
-178.652868,146,2457.352342
-155.013048,161,2457.485127
-242.285486,159,2457.708203
-216.039886,176,2457.853114
-217.465226,145,2457.973482
-207.627881,158,2458.215517
-127.542866,184,2458.369254
-206.765859,173,2458.514323
-230.753152,150,2458.730296
-248.255135,161,2458.863731
-195.966055,136,2458.977417
-197.49233,167,2459.117007
-283.545291,153,2459.33911
-190.899057,142,2459.455965
-167.362516,147,2459.578331
-122.184512,169,2459.812138
-196.979364,136,2459.925288
-246.471943,190,2460.082616
-276.06461,148,2460.297667
-232.164571,171,2460.440865
-245.63223,159,2460.574384
-133.307709,163,2460.801658
-198.769049,137,2460.915209
-215.142179,165,2461.050277
-173.907179,147,2461.172238
-269.354535,146,2461.385788
-134.396745,131,2461.495493
-142.284405,152,2461.62226
-180.67714,132,2461.824138
-124.657237,141,2461.941268
-240.085804,148,2462.063608
-262.943379,148,2462.18582
-285.998694,155,2462.405714
-218.960523,169,2462.547518
-186.380804,165,2462.68687
-249.252354,157,2462.909141
-265.063981,153,2463.036882
-260.330153,146,2463.157731
-188.309992,176,2463.395738
-313.931465,155,2463.525276
-212.676942,169,2463.664885
-283.49014,154,2463.883869
-194.935342,169,2464.024804
-179.145261,160,2464.157789
-161.610451,155,2464.285609
-252.809845,163,2464.514136
-134.780768,162,2464.649008
-149.34463,129,2464.756581
-123.48531,169,2464.988032
-260.653561,149,2465.113038
-244.436237,142,2465.230697
-219.074423,172,2465.469327
-212.585344,199,2465.634111
-216.218904,139,2465.749372
-272.055181,155,2465.970178
-145.540628,149,2466.093153
-187.864185,144,2466.212493
-147.477868,168,2466.351347
-244.324017,162,2466.578082
-93.358547,188,2466.737984
-197.324592,154,2466.86584
-96.045299,173,2467.101813
-121.741465,153,2467.2287
-223.55309,161,2467.363984
-212.92198,158,2467.588037
-152.779859,154,2467.71483
-256.912523,169,2467.854718
-165.136159,150,2468.161855
-181.520173,158,2468.292194
-198.234501,162,2468.425823
-174.37138,169,2468.65832
-130.518608,131,2468.766372
-195.752847,144,2468.885461
-181.186456,153,2469.012955
-209.432178,146,2469.795293
-123.280494,136,2469.912261
-94.76192,170,2470.05552
-136.607101,136,2470.26231
-179.467277,174,2470.405249
-115.737833,181,2470.554469
-129.397773,192,2470.807929
-251.415704,153,2470.934307
-126.363024,161,2471.067472
-240.511485,183,2471.312416
-162.434136,144,2471.430626
-165.899848,146,2471.550671
-237.862769,164,2471.686518
-130.439701,157,2471.909635
-119.884662,155,2472.03802
-301.157654,203,2472.206036
-170.090584,187,2472.452765
-195.14741,151,2472.576858
-226.64121,167,2472.714011
-131.640163,172,2472.949149
-185.756198,150,2473.073202
-196.096046,144,2473.192188
-138.5347,164,2473.421825
-135.093695,163,2473.556614
-163.355332,159,2473.68856
-228.668354,623,2474.394983
-269.260625,155,2474.521975
-186.060667,160,2474.652827
-188.082288,152,2474.776843
-25.306206,273,2475.216939
-186.248352,169,2475.358465
-56.547123,192,2475.728298
-81.673897,173,2475.870394
-169.358272,166,2476.006938
-115.289603,181,2476.255196
-146.730179,147,2476.378118
-53.77311,175,2476.525823
-114.941014,164,2476.758184
-198.016963,148,2476.880643
-96.865178,168,2477.019492
-39.390254,203,2477.280092
-172.618194,166,2477.416624
-220.30661,150,2477.539496
-117.869731,135,2477.744886
-82.010262,176,2477.888956
-108.738104,177,2478.034105
-23.762577,185,2478.394933
-52.988105,187,2478.549156
-136.341198,148,2478.671683
-184.650622,135,2478.991299
-189.378663,156,2479.120303
-277.861115,186,2479.277132
-261.254032,157,2479.407767
-125.665029,159,2479.638733
-159.930167,167,2479.776254
-137.050857,145,2479.896826
-125.930986,155,2480.118567
-85.868801,169,2480.259244
-208.050001,159,2480.391047
-133.772046,166,2480.620628
-164.889759,165,2480.756284
-221.420825,161,2480.891568
-213.672211,161,2481.120588
-111.56504,127,2481.230178
-145.169898,160,2481.363595
-220.085308,144,2481.487462
-211.2935,161,2481.723475
-139.72439,129,2481.829221
-142.762876,166,2481.966047
-221.12913,146,2482.17829
-97.010782,175,2482.325573
-191.594134,162,2482.459491
-153.894191,223,2482.734368
-286.650523,150,2482.857963
-96.527133,148,2482.981044
-292.337858,153,2483.198178
-62.900084,215,2483.374593
-201.432549,144,2483.494125
-169.393277,172,2483.728055
-140.030548,132,2483.836404
-213.352731,153,2483.961195
-186.435344,153,2484.179067
-271.804197,150,2484.303757
-154.989469,155,2484.432239
-154.415221,167,2484.569572
-203.775875,149,2484.784647
-172.506499,148,2484.907068
-203.46728,139,2485.021988
-176.64108,187,2485.265939
-220.67271,155,2485.393421
-72.729433,188,2485.548873
-192.271914,139,2485.75573
-157.653624,135,2485.866965
-167.99793,170,2486.006268
-240.649897,157,2486.140533
-192.232721,124,2486.334608
-127.387564,170,2486.472558
-129.051316,140,2486.587629
-186.995836,152,2486.804817
-179.687216,142,2486.921534
-200.105622,158,2487.051473
-128.075273,132,2487.159574
-73.160673,204,2487.418154
-237.704198,145,2487.537512
-174.319209,157,2487.665864
-171.503747,155,2487.884645
-251.335799,161,2488.016108
-113.046562,164,2488.150725
-230.464762,152,2488.366602
-10.205634,261,2488.581023
-156.329188,223,2488.859036
-312.443431,172,2489.000379
-275.516751,326,2489.362773
-223.483768,178,2489.508888
-156.156212,417,2489.945028
-205.313993,150,2490.068686
-173.918369,164,2490.202976
-188.600858,163,2490.429802
-131.991914,128,2490.535342
-207.333566,144,2490.653505
-251.547105,160,2490.876542
-274.999515,148,2490.999091
-178.506395,141,2491.114676
-145.347191,169,2491.254862
-407.093662,350,2491.634065
-525.028592,311,2491.979353
-207.714357,156,2492.107314
-193.294391,164,2492.241539
-570.682013,426,2492.680935
-226.052426,167,2492.910943
-156.7797,139,2493.02577
-212.843855,171,2493.165088
-202.907634,236,2493.452402
-53.801296,203,2493.619767
228.314938,622,2494.222855
-68.669721,782,2495.054151
-210.460255,204,2495.226575
-201.230167,143,2495.345574
-284.336703,152,2495.563454
-184.472748,136,2495.67539
-215.577709,130,2495.781847
-250.97704,292,2496.115045
-610.712537,310,2496.371266
-1044.824555,564,2497.026462
-145.512938,236,2497.221755
-103.354525,190,2497.377279
-690.414018,500,2497.884235
49.12981,1000,2498.902213
-201.150123,248,2499.30705
-777.628005,433,2499.893663
-232.96215,156,2500.021938
-165.000166,133,2500.131242
-249.160754,166,2500.267949
-158.311456,176,2500.631576
-104.671584,213,2500.806904
80.080575,619,2501.546014
-168.659869,177,2501.891577
73.43416,1000,2503.170461
-273.993094,179,2503.317625
-231.620092,136,2503.430833
-128.762707,171,2503.77184
-134.718538,152,2503.898901
-158.032081,180,2504.047568
-217.927859,156,2504.376796
-600.545795,791,2505.233105
-142.994868,159,2505.563182
-203.143096,274,2505.793973
-226.024528,201,2505.960558
-267.809761,205,2506.332395
-218.22435,169,2506.474344
-191.097072,145,2506.5953
-186.245356,146,2506.945817
-274.358615,273,2507.170353
-375.294878,294,2507.641559
-504.71291,273,2507.867819
-187.286893,231,2508.279559
-268.08397,159,2508.409977
-174.403753,152,2508.53506
-166.122232,133,2508.851667
-246.199611,169,2508.992152
-124.317628,184,2509.145454
-199.782177,121,2509.473993
-222.760151,241,2509.674284
-145.921958,148,2509.795682
-217.5773,220,2510.207715
-168.011634,143,2510.327187
-166.454233,119,2510.426203
-241.338412,200,2510.792385
-205.920869,225,2510.979656
-235.291294,311,2511.439685
-303.72476,323,2511.705915
-228.181994,167,2512.057799
-319.416743,283,2512.291755
-301.321652,500,2512.934931
-101.587721,173,2513.276634
-183.771127,113,2513.370457
-133.152724,160,2513.50399
-258.60678,170,2513.64345
-246.49503,151,2513.996507
-169.766225,120,2514.095356
-125.389961,180,2514.242714
-285.590545,160,2514.602547
-92.797083,140,2514.719663
-179.675717,142,2514.836952
-138.999928,165,2515.188716
-128.321772,161,2515.329839
-178.533791,157,2515.458141
-241.203499,237,2515.890391
-171.094453,142,2516.008084
-113.931175,169,2516.148659
-183.674428,110,2516.238565
-228.664887,178,2516.477491
-170.530055,175,2516.620211
-160.744299,160,2516.750701
-174.680337,154,2516.970968
-180.335601,141,2517.086208
-477.047834,554,2517.632877
-172.369612,184,2517.784509
-202.758818,137,2517.989098
-103.530962,154,2518.115888
-117.912227,144,2518.235359
-251.291067,179,2518.474937
-646.036117,314,2518.73426
-218.579342,171,2518.967439
-281.432702,161,2519.10504
-779.153053,816,2519.870565
-261.431326,144,2520.101793
-241.714778,161,2520.234479
-191.327725,115,2520.332037
-148.354543,152,2520.551974
-149.938902,146,2520.672869
-129.853063,142,2520.792004
-132.889858,161,2520.925973
-226.195272,148,2521.142049
-105.577788,217,2521.321591
-247.724233,146,2521.442867
-207.53398,162,2521.671734
-250.455354,150,2521.796394
-270.612064,157,2521.925398
-210.175399,149,2522.141444
-219.422866,171,2522.282839
-232.943071,158,2522.412662
-243.991792,151,2522.63064
-448.954933,325,2522.899299
-235.533229,161,2523.123423
-1012.854114,705,2523.796537
-162.720632,153,2524.509927
-328.732131,230,2524.795719
-316.347075,463,2525.271044
-220.260698,204,2525.44014
-225.051897,144,2525.558985
-112.684025,184,2525.805234
-122.525184,128,2525.909729
-215.564183,155,2526.037045
-229.907728,121,2526.13682
-272.811085,159,2526.361947
-292.043593,152,2526.488081
-191.038709,133,2526.597271
-171.117001,152,2526.820608
-217.748508,178,2526.967088
-319.112254,159,2527.099986
-290.526781,220,2527.376966
-217.650083,173,2527.523138
-211.054204,152,2527.649263
-283.671235,163,2527.87862
-232.733432,152,2528.004572
-56.635198,560,2528.561317
-918.485122,372,2528.967605
-213.352211,167,2529.106769
-246.189101,156,2529.237496
-253.447214,163,2529.466017
-197.146023,168,2529.606032
-282.211773,158,2529.737402
-231.492378,153,2529.957806
-171.438172,144,2530.07757
-240.464882,148,2530.200517
-280.641276,163,2530.428771
-188.860392,148,2530.552231
-111.136395,192,2530.712212
-255.213412,156,2530.936184
-229.670953,162,2531.070046
-215.716121,236,2531.264896
-267.181614,154,2531.485174
-838.381099,462,2531.867098
-211.941189,150,2532.08278
-240.989158,160,2532.215026
-223.05881,156,2532.344597
-271.485898,150,2532.561081
-368.705019,466,2533.039158
-148.282349,142,2533.156987
-193.299544,176,2533.302957
-757.643453,290,2533.637317
-240.504515,148,2533.760378
-252.531298,157,2533.889471
-184.79433,150,2534.10906
-168.694617,158,2534.245013
-271.470577,157,2534.376005
-295.369518,333,2534.744573
-206.445738,151,2534.869098
-103.135387,186,2535.116915
-731.331008,535,2535.657872
-129.162099,967,2536.658271
-187.727554,156,2536.789662
355.469191,1000,2537.920948
-195.464374,183,2538.072362
-689.166642,344,2538.449826
-764.376192,341,2538.731304
-241.433751,96,2538.908593
-219.688552,149,2539.032014
-190.626777,186,2539.185534
-135.088763,118,2539.377662
-236.348611,94,2539.45533
-225.204718,131,2539.563123
-270.018407,89,2539.636287
-232.01101,94,2539.71405
-208.061134,135,2539.921017
-163.669722,115,2540.015755
-307.936644,237,2540.210808
-213.470826,101,2540.387578
-207.495178,98,2540.468573
-215.902574,99,2540.549632
-234.31582,119,2540.648567
-200.433069,99,2540.730065
-151.506176,121,2540.922228
-203.095261,111,2541.014617
-198.474474,138,2541.128509
-232.634407,106,2541.21596
-242.646598,147,2541.432338
-220.013976,118,2541.533538
-223.180329,95,2541.611864
-250.4721,150,2541.73539
-151.587039,129,2541.84223
-196.245517,101,2542.109896
-213.251737,96,2542.189633
-209.26057,135,2542.301876
-233.736042,126,2542.406268
-160.18988,109,2542.702586
-218.548674,122,2542.803648
-216.544871,114,2542.898453
-168.118302,120,2542.997611
-184.703741,105,2543.309515
-213.322754,124,2543.418811
-216.084182,151,2543.54462
-124.774239,117,2543.642424
-201.829035,106,2543.729879
-184.43253,142,2544.079017
-161.303691,137,2544.19311
-239.390364,93,2544.269893
-234.271571,163,2544.497848
-190.026083,141,2544.615312
-176.851551,125,2544.717618
-181.206581,123,2544.818579
-201.62522,139,2545.027563
-254.215413,175,2545.170116
-219.580241,100,2545.252156
-220.479366,117,2545.349874
-187.526501,108,2545.53635
-138.341779,111,2545.629771
-147.106686,118,2545.726996
-177.494967,112,2545.819561
-144.589941,120,2545.917984
-223.619837,147,2546.245555
-163.176523,122,2546.346636
-258.414502,149,2546.469847
-143.450322,126,2546.573352
-224.380015,157,2546.937062
-154.667062,129,2547.043557
-219.499624,137,2547.156949
-246.122716,145,2547.48073
-220.557198,139,2547.596794
-212.447465,147,2547.717731
-704.124505,288,2548.184663
-199.338424,137,2548.297666
-182.349718,126,2548.402495
-225.963925,145,2548.738954
-207.665702,139,2548.853554
-200.68653,106,2548.942171
-175.177875,130,2549.048966
-232.46202,144,2549.262495
-156.83382,124,2549.365566
-143.064808,124,2549.468251
-178.207529,150,2549.592712
-159.862293,129,2549.794839
-196.170172,143,2549.914317
-154.287652,121,2550.01277
-172.927847,133,2550.123619
-244.58313,148,2550.33885
-236.339591,128,2550.4441
-165.883713,151,2550.569716
-208.382863,149,2550.692839
-186.744369,142,2550.907622
-230.011148,161,2551.040781
-191.277252,131,2551.148259
-244.135742,144,2551.360514
-137.161359,128,2551.469474
-191.329512,156,2551.599451
-125.966782,121,2551.700483
-171.26267,137,2552.047815
-278.573071,158,2552.178689
-318.997423,148,2552.30118
-198.721656,140,2552.616939
-273.695952,152,2552.745654
-257.562011,148,2552.870431
-267.58383,142,2552.989268
-200.438374,137,2553.311978
-264.456528,152,2553.438832
-295.468516,150,2553.563348
-276.089457,162,2553.903639
-216.391866,152,2554.034266
-240.606927,250,2554.238302
-285.808261,144,2554.601499
-225.312197,151,2554.726449
-208.928446,142,2554.844129
-185.632684,175,2555.186841
-195.617358,226,2555.37536
-256.7585,149,2555.501291
-156.830551,206,2555.765009
-275.342523,157,2555.895102
-269.461023,224,2556.076446
-211.561469,154,2556.295853
-111.960305,236,2556.490493
-233.233701,170,2556.722002
-277.554972,154,2556.850795
-296.107922,249,2557.055937
-220.003951,181,2557.296732
-190.651906,255,2557.503855
-270.535596,148,2557.625408
-223.386232,212,2557.891161
-185.488962,204,2558.057566
-538.888197,266,2558.365942
-169.286255,194,2558.523073
-593.245496,228,2558.800034
-225.167517,159,2558.930442
-636.429565,211,2559.102626
-234.349018,152,2559.320709
-283.468061,171,2559.460442
-152.164276,231,2559.651444
-194.324214,172,2559.884562
-206.02222,213,2560.058566
-250.604964,166,2560.19361
-269.944112,171,2560.426286
-194.088151,246,2560.626101
-200.14554,147,2560.840236
-668.858352,286,2561.077839
-517.554247,317,2561.428815
-248.164131,142,2561.546124
-324.368443,232,2561.736664
-257.570377,163,2561.961878
-270.152721,246,2562.16271
-520.763633,200,2562.416417
-648.273131,238,2562.608914
-737.60205,462,2563.077812
-191.493702,146,2563.198351
-585.825323,193,2563.448117
-757.937764,336,2563.722002
-230.666453,162,2563.9985
-224.228627,153,2564.126079
-228.654245,154,2564.252335
-263.265415,155,2564.605892
-199.729546,149,2564.727533
-263.698626,163,2564.861253
-209.365741,151,2564.985044
-221.441478,332,2565.488091
-261.626614,161,2565.619132
-222.408234,245,2566.06014
-234.392132,163,2566.193794
-243.110915,276,2566.640055
-298.210928,222,2566.820138
-231.522989,164,2567.186296
-692.114775,310,2567.440418
-636.464791,308,2567.779694
-266.361388,156,2567.905548
-250.940913,252,2568.201797
-204.105585,532,2568.841745
-615.243195,283,2569.075686
-588.95522,243,2569.509918
-595.65868,326,2569.775073
-612.111608,197,2570.140109
-503.02782,315,2570.394708
-150.642875,239,2570.833052
-526.727859,165,2570.967864
-577.323747,323,2571.463979
-664.761719,209,2571.634282
-628.258879,237,2572.059489
-404.415648,172,2572.199258
-549.924042,256,2572.407351
-582.451241,202,2572.795774
-417.767424,245,2572.9966
-756.947548,291,2573.467916
-606.757905,195,2573.626013
-619.056881,249,2574.070497
-631.443975,210,2574.239774
-618.439412,204,2574.403351
-610.74279,246,2574.837806
-266.008992,259,2575.049539
-529.129611,233,2575.439545
-600.590271,222,2575.619505
-497.038755,244,2576.026255
-642.428288,317,2576.285598
-485.739554,263,2576.591691
-722.564433,357,2576.976843
-646.275873,274,2577.199983
-589.543152,197,2577.450593
-641.898223,315,2577.704166
-236.21615,158,2577.925082
-218.208772,301,2578.17019
-639.251967,237,2578.455797
-566.635663,175,2578.596415
-552.144963,219,2578.773749
-200.815983,217,2579.04418
-775.776843,437,2580.412295
-706.971284,285,2580.645367
-606.993821,148,2580.765196
-625.238564,207,2581.025341
-236.913871,243,2581.224238
-642.609371,268,2581.534242
-585.46956,211,2581.706003
-190.192123,340,2582.075057
-197.098583,278,2582.299764
-225.978821,172,2582.532094
-247.551225,263,2582.747855
-765.973908,301,2583.084914
-585.012316,208,2583.251225
-180.118991,245,2583.563009
-596.838176,177,2583.707692
-619.912894,227,2583.98282
-593.750499,201,2584.167717
-500.970685,177,2584.309764
-481.165247,157,2584.645684
-238.502585,232,2584.832568
-505.424195,196,2584.991109
-209.05272,251,2585.290783
-216.885838,227,2585.473419
-227.710105,172,2585.707885
-493.782686,243,2585.903597
-154.989121,209,2586.16613
-616.522265,174,2586.306893
-590.409604,160,2586.437169
-210.587124,200,2586.694939
-565.186058,174,2586.833893
-603.59251,293,2587.165136
-585.708305,238,2587.356057
-228.248719,176,2587.497132
-680.262518,213,2587.77064
-608.26869,234,2587.961123
-621.767526,221,2588.365442
-672.319367,355,2588.650219
-449.734937,192,2589.028733
-211.767208,229,2589.212151
-546.340544,211,2589.620003
-532.866787,272,2589.838745
-558.871441,199,2590.232585
-522.508108,167,2590.369489
-527.308436,176,2590.511734
-652.762568,326,2590.978917
-546.69695,179,2591.1227
-584.309983,232,2591.510227
-526.323461,162,2591.640355
-641.774229,212,2591.809509
-204.7819,183,2592.19205
-560.742203,254,2592.397007
-572.085732,331,2592.880628
-610.249114,248,2593.0815
-438.187614,190,2593.470995
-577.481681,165,2593.605581
-582.230425,209,2593.777264
-655.18935,264,2594.229707
-498.252852,197,2594.390284
-559.858053,191,2594.748222
-194.901502,185,2594.898441
-605.564477,233,2595.325572
-510.325361,258,2595.536059
-560.429955,178,2595.678945
-627.296654,236,2596.075297
-609.713797,207,2596.241167
-610.386492,201,2596.638298
-610.823359,286,2596.871058
-626.748424,195,2597.12727
-603.942733,341,2597.40375
-580.126164,213,2597.670748
-603.571848,278,2597.894189
-573.408574,193,2598.145916
-577.36274,178,2598.288542
-549.073921,271,2598.510496
-547.914479,283,2598.835128
-708.050551,303,2599.177438
-601.634024,218,2599.354745
-535.391848,419,2599.788578
-523.545966,339,2600.158517
-614.701297,274,2600.385534
-639.479506,257,2600.68716
-772.204697,300,2600.933787
-531.602091,203,2601.196377
-624.735217,148,2601.318285
-482.814455,189,2601.474468
-663.670496,276,2601.790972
-736.908986,248,2601.989615
-588.465814,332,2602.350664
-590.642736,205,2602.517187
-546.807365,171,2602.748274
-688.932611,262,2602.959834
-629.305819,196,2603.212169
-652.953741,213,2603.38791
-584.765019,264,2603.60192
-617.915559,303,2603.941642
-636.097937,325,2604.296048
-623.737266,406,2604.623568
-245.204829,272,2604.936952
-622.539989,400,2605.353166
-653.776447,346,2605.631482
-669.571221,227,2605.907773
-600.657843,425,2606.343494
-599.091794,324,2606.599713
-627.616152,256,2606.899223
-639.167417,424,2607.333514
-534.146062,343,2607.609009
-664.148255,227,2607.885864
-576.891233,241,2608.079266
-631.084567,362,2608.464988
-326.878335,289,2608.793421
-677.251848,350,2609.078689
-683.311505,213,2609.347483
-546.062949,335,2609.61704
-225.640903,247,2609.909506
-248.283928,211,2610.080896
-711.696768,434,2610.525206
-238.815466,251,2610.821002
-776.924093,379,2611.125291
-204.356946,352,2611.504538
-613.635086,278,2611.729182
-647.391852,255,2612.026902
-721.656333,735,2612.710872
-777.69226,382,2613.11018
-869.712224,851,2613.977489
-255.290065,162,2614.107694
-658.834708,155,2614.232549
-564.40084,273,2614.542813
-615.922078,269,2614.851497
-244.774599,192,2615.007241
-214.621742,179,2615.152323
-265.143,251,2615.450044
-155.608979,229,2615.634595
-180.385325,183,2615.87691
-749.621795,745,2616.569201
-565.809051,335,2616.932395
-690.004957,326,2617.193881
-254.470109,217,2617.462301
-687.920144,427,2617.901841
-91.919259,355,2618.187878
-366.747092,342,2618.557584
-99.238824,222,2618.738998
-81.662027,351,2619.119699
-562.182176,167,2619.253295
-206.501481,146,2619.465628
-250.177435,242,2619.663032
-134.718937,220,2619.935781
-146.697979,174,2620.078983
-265.201876,236,2620.272563
-311.649129,426,2620.834387
-114.462148,212,2621.102412
-84.540634,263,2621.318336
-262.774564,244,2621.612114
-259.244525,270,2621.832587
-340.160046,385,2622.241809
-188.33141,182,2622.391117
-293.400485,226,2622.802317
-411.101058,522,2623.460639
-179.201178,134,2623.573091
-107.062405,218,2623.751722
-244.522175,150,2623.968516
-275.664493,230,2624.156326
-173.326304,292,2624.490777
-293.8084,224,2624.67452
-212.78949,151,2624.79874
-253.654077,175,2625.036852
-307.966459,258,2625.25069
-226.109722,170,2625.485886
-365.824509,381,2625.801093
-232.037428,239,2626.09298
-207.198733,179,2626.241036
-182.635162,171,2626.38215
-519.74172,402,2626.818283
-579.964425,165,2627.13965
-891.642341,735,2627.950181
-199.593896,345,2628.465667
-417.712955,481,2628.954144
-247.156655,338,2629.234858
-253.393944,452,2629.703531
-243.440992,327,2630.06677
-582.713954,222,2630.247759
-216.981652,482,2630.738371
87.718628,1000,2631.854517
152.399183,1000,2634.343034
-755.501355,441,2634.79918
-679.68121,392,2635.212462
-162.288315,263,2635.429075
-572.923301,404,2635.854062
-529.199035,206,2636.022132
-224.90025,298,2636.364785
-623.849723,208,2636.534041
-211.009344,558,2637.087492
-671.236017,229,2637.366532
-559.917083,234,2637.557342
-675.892379,294,2637.88999
-622.487587,212,2638.064988
-608.365772,199,2638.432564
-564.199722,207,2638.60042
-600.427739,136,2638.711668
-580.548092,206,2639.094004
-504.559418,184,2639.244271
-643.335792,226,2639.658236
-613.344445,141,2639.772895
-672.17867,162,2639.906114
-585.98838,128,2640.01016
-582.452757,287,2640.338824
-628.632864,508,2640.849748
-601.648225,196,2641.009115
-521.321846,252,2641.307284
-584.357277,246,2641.507905
-634.355926,352,2641.901819
-636.067144,238,2642.18973
-619.253499,344,2642.472661
-537.62706,351,2642.854936
-360.822208,186,2643.007806
-706.360117,229,2643.289707
-638.050279,254,2643.495878
-517.04416,278,2643.814851
-514.758124,183,2643.96394
-582.981605,198,2644.218779
-765.081726,624,2644.825096
-568.859572,344,2645.107815
-625.354942,177,2645.347479
-364.997461,184,2645.49922
-650.112653,161,2645.630313
-598.41485,456,2646.200223
-632.400388,262,2646.64367
-754.974333,288,2646.880928
-173.91783,1000,2648.108461
-580.557063,241,2648.537158
-608.756111,280,2648.767282
-582.366457,170,2649.134608
-567.057847,203,2649.299949
-681.109364,222,2649.682604
-654.742344,238,2649.880558
-782.050124,471,2650.477042
-625.991292,225,2650.65917
-616.529599,167,2651.025414
-554.527127,278,2651.252463
-614.831824,270,2651.574226
-591.941296,214,2651.750192
-633.550155,185,2651.993292
-657.457125,234,2652.183628
-618.672821,142,2652.30075
-451.010324,649,2653.017491
-460.233371,193,2653.177778
-604.4177,454,2653.648326
-657.139917,411,2654.080443
-306.457951,495,2654.601679
-524.277979,1000,2655.693753
-192.148549,345,2655.979272
-440.130419,1000,2657.005722
-262.802447,280,2657.333177
-731.660097,311,2657.586702
-287.618358,571,2658.153552
-300.60789,536,2658.822325
-152.381922,474,2659.437001
-220.489127,182,2659.693482
-459.924783,876,2660.514794
-215.503604,361,2660.90947
-274.858998,394,2661.331615
-207.291915,1000,2662.342573
-512.140983,791,2663.092321
-55.188601,1000,2664.106385
-372.63971,508,2664.614552
-458.6279,672,2665.357332
-240.468206,323,2665.623568
-800.405663,438,2666.076872
-389.642271,1000,2667.090726
-380.795617,1000,2668.09991
-211.753349,264,2668.410976
-301.226782,1000,2669.424204
-167.451749,203,2669.593204
-168.585901,243,2669.794548
-166.354144,260,2670.104244
-70.793617,1000,2671.123435
-203.742454,242,2671.323382
-486.647812,978,2672.320289
-257.307581,237,2672.697446
-257.415728,391,2673.022898
-290.865016,395,2673.448762
-214.032166,420,2673.890769
-144.636559,231,2674.176402
-519.336057,1000,2675.096743
-106.590648,1000,2676.116549
-234.02528,292,2676.454447
-398.202235,652,2677.086583
-136.151026,180,2677.328599
-155.237918,220,2677.507824
-345.67856,454,2678.100015
-371.96893,384,2678.513509
-202.753962,207,2678.685542
-237.410034,185,2678.845394
-162.397784,165,2679.076368
-194.609418,237,2679.275052
-166.934514,274,2679.597141
-296.930324,294,2679.839077
-228.288257,172,2680.205149
-189.4192,166,2680.343907
-269.537538,291,2680.678143
-207.984559,230,2680.867489
-709.961119,254,2681.166697
-198.210792,196,2681.329714
-174.75588,242,2681.534258
-281.868715,244,2681.826429
-185.900343,209,2681.996201
-293.33726,244,2682.289433
-354.259897,306,2682.541685
-230.940106,168,2682.774908
-194.969715,211,2682.950764
-181.107296,221,2683.225961
-121.015587,376,2683.537754
-212.526822,183,2683.782193
-277.564105,240,2683.981566
-178.430748,165,2684.118539
-294.594244,240,2684.407127
-88.646984,278,2684.639388
-283.611443,442,2685.116314
-157.628535,272,2685.467
-202.425489,226,2685.674752
-91.140563,288,2686.00528
-138.969254,169,2686.144902
-199.612249,162,2686.277563
-207.850601,200,2686.537226
-190.834135,213,2688.215902
-208.869851,338,2688.591016
-642.385381,915,2689.534999
-226.840698,167,2689.673495
-197.845758,348,2690.053985
-150.387619,203,2690.222665
-168.212475,192,2690.384213
-250.694449,328,2690.74798
-172.511574,205,2691.009533
-256.010698,330,2691.284515
-202.708117,375,2691.687252
-276.390327,302,2691.937809
-571.449052,533,2692.562469
-136.07416,216,2692.740765
-212.083076,291,2693.074174
-237.521797,232,2693.270157
-349.876922,387,2693.791658
-287.475264,388,2694.112496
-186.892763,202,2694.515011
-491.52984,418,2695.106798
-305.428211,316,2695.369024
-306.833473,477,2696.008338
-247.600821,246,2696.448494
-171.187633,160,2696.58085
-196.071931,308,2697.04112
-773.913544,716,2697.871329
-542.583094,482,2698.507553
-168.307492,222,2698.693243
-247.310585,255,2699.139852
-296.321647,246,2699.344707
-277.219885,176,2699.69903
-393.799782,732,2700.509012
-226.396138,228,2700.937694
-442.3428,487,2701.546429
-587.786811,653,2702.294506
-218.335042,316,2702.55647
-246.896614,238,2702.993239
-302.990584,235,2703.188608
-273.445333,238,2703.623712
-325.002013,376,2704.15502
-226.74966,269,2704.377661
-211.480192,189,2704.534928
-320.060569,241,2704.936858
-171.764994,226,2705.125555
-496.607806,462,2705.729004
-316.193394,286,2706.173122
-505.318465,629,2706.930974
-244.170492,185,2707.084451
-216.426737,187,2707.446194
-278.025572,233,2707.640788
-294.720577,228,2708.065131
-737.674941,1000,2709.338474
-430.700874,419,2709.686189
-160.463088,180,2709.944283
-333.13238,261,2710.160699
-239.088871,204,2710.424084
-183.184482,158,2710.556656
-288.768791,257,2710.863067
-380.992214,340,2711.148187
-320.943241,430,2711.596773
-284.389504,259,2711.904645
-481.301792,457,2712.284514
-199.793278,246,2712.58189
-579.684642,187,2712.736843
-681.754209,281,2713.063112
-166.134557,306,2713.316903
-218.876963,145,2713.530823
-208.318168,267,2713.753347
-329.723645,299,2714.094967
-1210.361215,757,2714.820768
-644.366113,198,2715.075395
-1160.741616,506,2715.598492
-374.43267,449,2716.06242
-706.854779,238,2716.259103
-754.599977,882,2717.417311
-209.429131,240,2717.617912
-391.426267,429,2718.209794
-204.929237,229,2718.397473
-369.503458,557,2719.293923
-252.581201,463,2719.669611
-256.237324,210,2720.0663
-172.179314,192,2720.224159
-685.527376,229,2720.638332
-179.942996,203,2720.805453
-228.562496,158,2720.933972
-787.341844,287,2721.400261
-225.804029,171,2721.539439
-265.334377,183,2721.907083
-186.360819,308,2722.159153
-220.718934,194,2722.547355
-174.692506,172,2722.688678
-289.033535,227,2722.876389
-238.58252,153,2723.222064
-254.818258,247,2723.428452
-212.872272,283,2723.891861
-229.307043,507,2724.529655
-565.942324,493,2725.026778
-614.870562,181,2725.175829
-262.451607,231,2725.575309
-316.168105,535,2726.109037
-241.732076,290,2726.347462
-771.679136,225,2726.623503
-937.322991,981,2727.514129
-692.597768,216,2727.782807
-266.835123,341,2728.158052
-209.911405,430,2728.507932
-851.053034,298,2728.845851
-879.964232,611,2729.437226
-304.224491,229,2729.717977
-680.064339,249,2729.921682
-933.10852,305,2730.262497
-739.212484,235,2730.455623
-228.430623,219,2730.728532
-924.129854,379,2731.039877
-395.48447,274,2731.358486
-217.39118,152,2731.482332
-797.594068,443,2732.074733
-271.413961,250,2732.372304
-222.563654,162,2732.504377
-862.61907,316,2732.758819
-1232.459535,543,2733.636949
-927.510479,483,2734.029891
-306.834289,156,2734.344603
-233.453292,193,2734.502688
-265.311852,238,2734.914935
-258.243537,188,2735.071463
-742.910016,311,2735.510531
-900.705289,418,2735.849213
-817.497122,329,2736.332405
-705.998789,226,2736.515411
-1020.167138,375,2737.052711
-794.730897,379,2737.589452
-207.064554,214,2737.76659
-823.476541,340,2738.215636
-805.420712,337,2738.71623
-203.79081,148,2738.837482
-283.843598,154,2738.965031
-651.876444,208,2739.363108
-267.251759,188,2739.520257
-268.884026,193,2739.681441
-203.121542,265,2740.099885
-320.351685,163,2740.23275
-157.877405,165,2740.598364
-193.990109,163,2740.734897
-186.322253,262,2740.950458
-166.351531,232,2741.340855
-242.027737,142,2741.456792
-638.534117,227,2741.870665
-291.242579,182,2742.021836
-162.00583,157,2742.152068
-209.585886,145,2742.47505
-258.410325,352,2742.765045
-220.017061,179,2743.130152
-248.705716,150,2743.256022
-309.140604,169,2743.394843
-229.436351,147,2743.720317
-177.336784,122,2743.825522
-226.125989,146,2743.947082
-211.816722,160,2744.07883
-339.990974,159,2744.44443
-156.180755,128,2744.550396
-255.368342,146,2744.670189
-304.609485,170,2745.037213
-262.787227,179,2745.187159
-281.975475,159,2745.318495
-289.686956,155,2745.447207
-261.585995,164,2745.813249
-181.173071,240,2746.011915
-244.87703,149,2746.227571
-293.511011,160,2746.935119
-182.031978,160,2747.067692
-753.795374,292,2747.396781
-173.074514,129,2747.50395
-172.636933,233,2747.69356
-342.32822,154,2747.913325
-267.229726,159,2748.045383
-308.499342,146,2748.165517
-270.913164,151,2748.392315
-153.816102,177,2748.538486
-233.730013,174,2748.679489
-164.662645,189,2748.93006
-235.231283,175,2749.074399
-228.455559,166,2749.210328
-669.828829,288,2749.537065
-227.076202,168,2749.673423
-686.639004,206,2749.93591
-133.394145,268,2750.15478
-201.620214,207,2750.419626
-204.834868,159,2750.550306
-221.184677,154,2750.676865
-615.316466,182,2750.918964
-192.641838,161,2751.051311
-230.104689,196,2751.213305
-158.689258,162,2751.5601
-582.442424,221,2751.741065
-763.171158,311,2752.228407
-664.904686,209,2752.398166
-487.196416,460,2752.973972
-159.640105,171,2753.11406
-190.28161,181,2753.356257
-577.744076,283,2753.585086
-108.02668,233,2753.869341
-268.030736,163,2754.004796
-120.756102,221,2754.187172
-678.471109,210,2754.454693
-204.291931,229,2754.642924
-284.659753,203,2754.903924
-266.686364,155,2755.031801
-695.235621,222,2755.213049
-613.544989,190,2755.46172
-248.108828,208,2755.634202
-230.846772,160,2755.766604
-265.044657,164,2755.997351
-231.019154,142,2756.115293
-136.680472,214,2756.293043
-264.553089,154,2756.514636
-166.378897,152,2756.640555
-94.460386,229,2756.923665
-193.551154,170,2757.065165
-610.461323,283,2757.2967
-261.687008,143,2757.50595
-85.193195,384,2757.820419
-249.829542,174,2758.159285
-180.217671,167,2758.298645
-274.82555,164,2758.433778
-205.674631,141,2758.792114
-200.135235,170,2758.934866
-230.474847,158,2759.066405
-297.159401,166,2759.423877
-313.446039,156,2759.552054
-205.247231,171,2759.693618
-272.762442,152,2760.05406
-172.980539,162,2760.190423
-609.928804,282,2760.421709
-162.103086,159,2760.759537
-289.155092,152,2760.885985
-266.903696,145,2761.004962
-253.96063,149,2761.339301
-222.675828,137,2761.453986
-248.368902,158,2761.58498
-326.89573,165,2761.827273
-174.853325,140,2761.944002
-289.332113,178,2762.089769
-248.7213,159,2762.220517
-254.24449,142,2762.433978
-249.808828,184,2762.585875
-234.024829,150,2762.708965
-203.993285,126,2762.907313
-186.007663,148,2763.030788
-268.456869,201,2763.197786
-211.091059,113,2763.385109
-292.538096,155,2763.513451
-189.349509,126,2763.617271
-648.95617,243,2763.909031
-256.113264,147,2764.029411
-184.772199,125,2764.132037
-307.635766,148,2764.254825
-240.753703,172,2764.489813
-200.945518,131,2764.59691
-274.219447,139,2764.713655
-209.728362,143,2764.923879
-243.51312,140,2765.039658
-193.239461,130,2765.145963
-164.503539,113,2765.239787
-162.646511,154,2765.461277
-263.497779,158,2765.591984
-282.295251,165,2765.727097
-289.56471,170,2765.958281
-236.859183,201,2766.122387
-662.85825,209,2766.292053
-147.165339,117,2766.481873
-106.474641,119,2766.58033
-242.297003,169,2766.720898
-171.905246,142,2766.837486
-253.874507,138,2767.045677
-292.006139,151,2767.16954
-186.730541,125,2767.271537
-202.638435,139,2767.384681
-611.194362,267,2767.694442
-161.90523,136,2767.807873
-178.497881,133,2768.011181
-253.315401,144,2768.129535
-622.619154,253,2768.336364
-223.054655,151,2768.659179
-244.865186,147,2768.780411
-220.180341,140,2768.895106
-217.715623,137,2769.007393
-210.768839,142,2769.217544
-239.484655,151,2769.341993
-203.707488,145,2769.461079
-108.464681,120,2769.651379
-194.792521,163,2769.784886
-239.143665,152,2769.910232
-193.169263,101,2769.993838
-207.926874,137,2770.203898
-125.570629,121,2770.303658
-262.232931,152,2770.428194
-122.554747,125,2770.53019
-190.907602,140,2770.739125
-161.300016,121,2770.839463
-261.862185,147,2770.960564
-183.972766,109,2771.049701
-174.563374,111,2771.23302
-80.184857,145,2771.352301
-138.737447,115,2771.447043
-177.643779,123,2771.54756
-222.531905,151,2771.767144
-146.773781,110,2771.858545
-163.031031,113,2771.951632
-178.805711,118,2772.048449
-198.346988,100,2772.222818
-218.348905,138,2772.337516
-135.26318,120,2772.436046
-166.628584,113,2772.527932
-203.807708,127,2772.632063
-130.561679,125,2772.828156
-168.390209,114,2772.922673
-243.650845,96,2773.001874
-261.747366,168,2773.140339
-197.920347,122,2773.33341
-172.909875,121,2773.433282
-191.816376,110,2773.523546
-216.264307,96,2773.602235
-209.456461,89,2773.769096
-228.314891,141,2773.885753
-177.523775,100,2773.966703
-201.314351,135,2774.078701
-167.062308,107,2774.16644
-215.667613,103,2774.348232
-228.154282,147,2774.468261
-178.564145,132,2774.577322
-213.040442,152,2774.795826
-193.709775,92,2774.87244
-185.293076,142,2774.988972
-176.901702,95,2775.067311
-150.065085,111,2775.158774
-238.696304,99,2775.334249
-129.210964,117,2775.430398
-213.32043,142,2775.547905
-161.645625,118,2775.64525
-222.315386,95,2775.723364
-223.378863,135,2775.930203
-224.029016,122,2776.032326
-138.320056,110,2776.122694
-162.645066,115,2776.217972
-282.003217,145,2776.432986
-223.956931,142,2776.550564
-148.223468,118,2776.648242
-158.845893,148,2776.770006
-194.284849,104,2776.954148
-280.561403,148,2777.085536
-150.528149,118,2777.182768
-202.575598,155,2777.40621
-153.223302,107,2777.495007
-177.953739,103,2777.579396
-216.618536,97,2777.659222
-248.308494,149,2777.781293
-178.150498,138,2778.00502
-193.747955,156,2778.135163
-109.842018,198,2778.296429
-185.96104,146,2778.515018
-242.261203,144,2778.63411
-124.476537,252,2778.841736
-169.828116,229,2779.126674
-179.378122,194,2779.290173
-188.031607,206,2779.554074
-189.007365,177,2779.699487
-138.20094,217,2779.877931
-232.438243,145,2780.090957
-171.239033,186,2780.245075
-122.368143,238,2780.5366
-200.175344,175,2780.681729
-205.815039,156,2780.807813
-110.153301,200,2781.067721
-255.453126,223,2781.260551
-592.816201,200,2781.424702
-183.202782,181,2781.669849
-551.344567,273,2781.89264
-193.03276,173,2782.130109
-264.857563,174,2782.27285
-215.376925,157,2782.401817
-203.592665,175,2782.641641
-573.283504,182,2782.790122
-564.978264,257,2782.999289
-194.654803,148,2783.2155
-117.283137,212,2783.388612
-117.259932,225,2783.664568
-637.751925,236,2783.858665
-192.786474,155,2783.98535
-112.760643,278,2784.314574
-544.801296,161,2784.444307
-175.591291,153,2784.660385
-178.189988,158,2784.790634
-261.846432,157,2784.918087
-188.738664,227,2785.195196
-157.528963,254,2785.405595
-271.474169,164,2785.539262
-251.135907,188,2785.785848
-661.109173,211,2785.955534
-220.635627,146,2786.075459
-202.093287,253,2786.378049
-221.382925,152,2786.50435
-576.366652,143,2786.712019
-91.273525,225,2786.899245
-240.512568,166,2787.03617
-561.043852,186,2787.280489
-501.209858,177,2787.423287
-149.646519,244,2787.622319
-147.819726,253,2787.924182
-259.615518,234,2788.1189
-202.085422,153,2788.337886
-161.540303,169,2788.477842
-194.638383,168,2788.615958
-105.329535,189,2788.863285
-142.607431,224,2789.047473
-77.676385,393,2789.464179
-226.915421,167,2789.601898
-152.298398,238,2789.891656
-102.87919,396,2790.313827
-530.105333,204,2790.479603
-157.352349,168,2790.620297
-200.055956,164,2790.853178
-127.5755,210,2791.027455
-193.967758,181,2791.176297
-184.176802,160,2791.400562
-146.927919,197,2791.563776
-242.216841,165,2791.699838
-195.524276,149,2791.916425
-167.988324,220,2792.099174
-210.764977,158,2792.229752
-236.332804,226,2792.508593
-165.908072,150,2792.632724
-205.719089,139,2792.749324
-175.698841,177,2792.988519
-107.291494,226,2793.175728
-209.139175,143,2793.293812
-176.414165,214,2793.563859
-191.068659,227,2793.751885
-111.168605,366,2794.152384
-590.976866,157,2794.28001
-65.148878,303,2794.635792
-132.658956,177,2794.78251
-173.234463,152,2795.133041
-208.533872,153,2795.25983
-174.089876,153,2795.389535
-214.278065,151,2795.51458
-166.033353,153,2795.737328
-195.017022,146,2795.860341
-203.958118,162,2795.994816
-151.237828,181,2796.346958
-106.288443,206,2796.519356
-185.164586,148,2796.642563
-238.13821,170,2797.012247
-518.069047,167,2797.149168
-312.406599,151,2797.27486
-92.594489,290,2797.749023
-193.039081,162,2797.885926
-205.97513,150,2798.23875
-213.801078,168,2798.378123
-589.073099,171,2798.519679
-182.725361,138,2798.634999
-149.596081,210,2799.03854
-98.231632,245,2799.241584
-222.022074,148,2800.228604
-233.63309,144,2800.350118
-200.303167,158,2800.482205
-172.773566,170,2800.861323
-221.886642,154,2800.988665
-203.341675,154,2801.117497
-133.291645,201,2801.501277
-82.137448,278,2801.732315
-238.729956,174,2801.879202
-240.568234,141,2802.20447
-177.960447,304,2802.456055
-238.552945,237,2802.889021
-130.170841,184,2803.041926
-162.739656,159,2803.174509
-181.046339,139,2803.527222
-157.211505,159,2803.660454
-232.860762,155,2803.790529
-105.252499,219,2804.198261
-204.556477,185,2804.350024
-232.07401,165,2804.488698
-474.135364,202,2804.891132
-226.592818,171,2805.033204
-521.428003,201,2805.433985
-218.745404,149,2805.560272
-212.584041,197,2805.721697
-103.065701,201,2806.064301
-152.665533,205,2806.234314
-232.334662,153,2806.361967
-79.889895,341,2806.841655
-217.32236,212,2807.016925
-92.101804,226,2807.431765
-165.025729,203,2807.598362
-226.980379,156,2807.828949
-123.197277,227,2808.016775
-193.301423,172,2808.159222
-206.389677,143,2808.3713
-191.758138,155,2808.501506
-152.482042,176,2808.64843
-144.751811,168,2808.880236
-163.241777,216,2809.06097
-123.092973,206,2809.232868
-201.645181,159,2809.458213
-170.047516,152,2809.58484
-212.417313,157,2809.715176
-190.33444,150,2809.934207
-215.738002,154,2810.06241
-176.297253,141,2810.181603
-166.123833,148,2810.397759
-204.963602,210,2810.572882
-184.804276,169,2810.714875
-520.864414,171,2810.970282
-186.900841,143,2811.08787
-158.956125,148,2811.21183
-593.197963,241,2811.50771
-187.755969,146,2811.630222
-184.61858,148,2811.753446
-145.487661,175,2811.992883
-194.335539,153,2812.121127
-180.908655,138,2812.237001
-158.551042,166,2812.37544
-213.619133,147,2812.593389
-185.087535,119,2812.692706
-236.910083,146,2812.816796
-177.037688,208,2813.084659
-199.044102,135,2813.19803
-133.493837,209,2813.372415
-491.832076,257,2813.682645
-218.302446,142,2813.800859
-133.544527,143,2813.919659
-156.677191,144,2814.133645
-213.989572,138,2814.24902
-237.385783,150,2814.373913
-185.265121,239,2814.664853
-180.561695,140,2814.781649
-149.909644,133,2814.893057
-175.174086,179,2815.135319
-170.75084,134,2815.247623
-109.856328,190,2815.406451
-157.705179,146,2815.528451
-176.039311,152,2815.747794
-613.63621,158,2815.879711
-190.862704,128,2815.988397
-159.254102,194,2816.246634
-217.672803,148,2816.372076
-178.146213,144,2816.493173
-182.735452,179,2816.745905
-150.661316,146,2816.868409
-135.707262,188,2817.026261
-516.687765,291,2817.35925
-151.092475,214,2817.53613
-262.111939,218,2817.80877
-261.968978,146,2817.929377
-108.620006,210,2818.104252
-214.995804,221,2818.381031
-226.480884,140,2818.497996
-187.129669,142,2818.615946
-210.179871,141,2818.830527
-179.642609,218,2819.013218
-190.287961,143,2819.132825
-158.006591,150,2819.457647
-193.523619,210,2819.630967
-218.940188,142,2819.748794
-198.722384,146,2820.076272
-186.416313,146,2820.196755
-143.839827,232,2820.388798
-116.178257,183,2820.74573
-140.597599,139,2820.862182
-177.584867,139,2820.976937
-191.942134,168,2821.340947
-180.73357,138,2821.455046
-199.372751,129,2821.56696
-153.760177,145,2821.688663
-145.625669,222,2822.070336
-119.206729,219,2822.250552
-232.352817,150,2822.467802
-261.163028,157,2822.597024
-488.486667,245,2822.798382
-219.127138,146,2823.018028
-133.921484,221,2823.20238
-183.819073,170,2823.343317
-211.839693,148,2823.559255
-210.308352,151,2823.684024
-218.85292,133,2823.794842
-183.761177,148,2824.013129
-192.228268,145,2824.133912
-193.436501,190,2824.291264
-24.321098,223,2824.567834
-362.994989,173,2824.707932
-111.478456,190,2824.86554
-108.567513,198,2825.123634
-367.944434,182,2825.273402
-152.986734,147,2825.39756
-204.522363,198,2825.653394
-189.247927,192,2825.812167
-155.132998,167,2825.95073
-188.865053,202,2826.214483
-530.379481,253,2826.426009
-206.348369,153,2826.647581
-142.181711,182,2826.797308
-573.50031,219,2826.975948
-147.389137,216,2827.248316
-229.248849,158,2827.378363
-203.769876,150,2827.502544
-590.689671,154,2827.722758
-592.06646,212,2827.897638
-133.904081,219,2828.172205
-440.922788,168,2828.310092
-161.909592,217,2828.488574
-434.558624,163,2828.717458
-188.030066,161,2828.851316
-223.503377,222,2829.034666
-228.840298,163,2829.264616
-218.747894,145,2829.3853
-136.758798,198,2829.548362
-100.036963,299,2829.88773
-124.649383,222,2830.071496
-153.511007,296,2830.412645
-202.046354,167,2830.551591
-484.675345,151,2830.768455
-174.382235,207,2830.940877
-191.241832,193,2831.100244
-82.720531,273,2831.424877
-156.131275,173,2831.568372
-522.401133,230,2831.850829
-505.048804,156,2831.977795
-155.791948,146,2832.098175
-189.537622,253,2832.403595
-170.419439,215,2832.581836
-105.964808,194,2832.83508
-240.342743,157,2832.966484
-184.350237,160,2833.098779
-210.394748,155,2833.319416
-211.813269,152,2833.447169
-161.043789,226,2833.635063
-123.476778,224,2833.916492
-501.642176,161,2834.049091
-217.224389,294,2834.384603
-176.624064,221,2834.56721
-374.435764,163,2834.699896
-121.129116,223,2834.979329
-445.637229,318,2835.240122
-355.3025,238,2835.531873
-116.644694,230,2835.721654
-533.719007,156,2835.942317
-621.940256,154,2836.068
-273.891038,156,2836.199268
-151.197695,183,2836.44638
-255.544133,196,2836.613457
-234.593696,160,2836.748347
-277.390984,166,2836.981806
-206.994494,157,2837.112064
-130.574365,224,2837.300305
-179.421108,141,2837.521264
-246.115426,190,2837.682746
-232.815551,151,2837.810315
-578.180222,202,2838.073571
-127.970379,172,2838.21589
-486.361982,256,2838.425854
-102.132371,199,2838.685182
-103.20749,322,2839.042836
-114.387683,214,2839.222386
-215.537324,149,2839.345863
-496.936388,166,2839.57752
-492.896076,154,2839.702905
-242.882819,205,2839.875985
-211.290679,227,2840.155252
-379.903704,163,2840.288985
-382.346352,168,2840.426532
-125.785105,225,2840.708416
-545.403678,229,2840.89513
-537.153311,214,2841.164065
-172.733697,154,2841.290278
-152.452302,148,2841.414013
-255.360884,163,2841.643644
-220.104126,224,2841.829995
-152.628392,206,2842.002778
-227.090733,155,2842.225162
-201.814374,149,2842.349724
-147.799995,201,2842.517475
-180.59859,179,2842.759294
-235.804112,214,2842.939831
-151.866653,188,2843.187882
-185.581859,147,2843.310751
-160.5332,160,2843.443342
-166.755823,202,2843.609241
-213.325834,162,2843.84213
-166.665914,233,2844.031955
-87.2871,333,2844.407372
-196.167078,146,2844.530174
-666.526953,224,2844.806061
-160.760697,212,2844.979997
-241.18105,160,2845.113216
-259.959738,154,2845.335617
-230.44457,153,2845.463375
-200.368376,149,2845.587608
-515.094201,197,2845.845068
-291.863142,158,2845.97555
-200.070024,157,2846.106126
-408.479836,189,2846.351778
-249.537195,145,2846.473794
-197.735689,161,2846.607713
-238.670761,150,2846.826476
-206.378754,138,2846.94427
-181.206724,187,2847.098116
-250.467352,203,2847.466804
-183.537264,153,2847.59726
-485.375052,163,2847.730415
-225.59811,162,2847.862208
-249.534367,159,2848.219311
-165.733432,221,2848.402553
-162.138301,224,2848.685982
-238.063965,151,2848.810536
-484.210557,158,2848.942391
-215.632804,156,2849.163526
-184.709296,145,2849.283298
-179.902001,167,2849.420991
-178.582811,148,2849.54478
-214.029442,136,2849.751496
-219.498211,145,2849.874783
-302.315084,161,2850.006079
-192.170501,250,2850.307608
-525.079813,165,2850.443782
-103.31216,175,2850.588503
-287.061713,168,2850.821218
-262.377254,148,2850.945344
-182.781846,151,2851.070222
-167.84649,146,2851.288363
-204.589529,171,2851.432243
-143.278368,341,2851.80794
-440.519213,157,2851.938344
-509.918891,159,2852.067587
-673.398082,209,2852.333627
-276.300477,202,2852.49935
-558.50314,272,2852.818713
-209.720879,139,2852.935517
-219.539138,168,2853.933461
-211.486254,157,2854.159102
-573.436968,201,2854.325186
-615.203726,142,2854.439106
-174.150042,169,2854.671898
-187.772723,142,2854.791689
-189.428699,146,2854.913704
-552.335831,161,2855.044336
-441.618631,161,2855.271873
-51.306938,256,2855.483307
-222.551582,166,2855.71592
-308.809255,233,2855.905927
-698.198329,196,2856.064576
-176.81601,214,2856.334503
-165.24738,217,2856.512633
-392.181643,277,2856.833175
-162.254781,189,2856.990705
-568.907659,235,2857.276547
-326.102624,174,2857.41764
-239.475469,227,2857.603531
-232.255647,162,2857.832853
-437.377099,234,2858.023714
-193.801389,155,2858.153124
-540.153033,161,2858.379786
-155.340089,194,2858.538725
-178.166455,144,2858.657879
-119.302344,210,2858.926941
-229.502859,139,2859.042751
-206.072897,151,2859.168288
-217.960824,145,2859.489411
-179.590056,147,2859.611777
-197.449336,172,2859.754772
-191.129839,128,2859.960333
-219.943406,144,2860.080835
-147.677244,173,2860.223473
-183.848081,141,2860.340328
-170.119574,230,2860.620964
-229.771053,147,2860.742251
-595.101471,184,2860.986498
-237.828682,148,2861.108334
-227.098698,148,2861.23146
-183.880765,160,2861.365896
-174.116937,151,2861.584477
-609.197249,156,2861.711304
-160.514694,188,2861.867641
-201.434718,137,2862.075547
-194.196339,135,2862.186061
-542.576459,207,2862.352837
-266.785527,153,2862.571449
-245.141756,202,2862.737431
-511.603859,175,2862.880432
-193.227047,147,2863.096173
-222.160337,156,2863.225191
-202.336476,144,2863.341999
-125.233208,216,2863.617655
-129.857364,181,2863.767436
-183.942367,155,2863.893741
-168.834988,175,2864.131961
-221.777433,141,2864.248877
-175.407407,287,2864.575835
-216.743525,141,2864.692835
-225.333191,145,2864.815025
-253.285112,157,2864.944777
-541.742624,171,2865.179118
-236.009885,140,2865.295079
-166.857401,208,2865.465791
-520.266822,164,2865.706616
-196.66705,146,2865.827966
-408.576282,161,2865.959359
-233.451255,136,2866.173491
-204.746256,147,2866.294327
-145.377885,142,2866.410979
-183.657339,144,2866.529774
-535.197117,157,2866.75149
-230.693691,245,2866.953008
-164.715257,139,2867.068161
-191.462941,182,2867.31168
-233.325385,165,2867.446962
-161.262907,142,2867.565423
-188.47631,145,2867.780702
-193.795067,165,2867.918951
-265.237967,141,2868.033575
-179.366267,132,2868.238551
-153.067283,167,2868.37423
-120.050962,222,2868.558235
-239.599795,196,2868.814537
-198.93295,167,2868.951425
-149.075138,198,2869.115511
-81.4633,218,2869.389301
-255.168749,163,2869.522111
-121.31491,184,2869.766695
-152.053118,166,2869.902905
-475.545195,159,2870.0319
-212.093485,148,2870.15394
-483.143887,161,2870.382403
-216.009444,143,2870.500428
-136.582675,191,2870.658849
-259.527946,157,2870.883624
-200.835334,153,2871.009805
-185.011771,157,2871.139369
-237.056536,144,2871.356676
-200.862757,144,2871.47647
-138.643701,183,2871.627174
-210.757618,174,2871.969764
-203.849317,219,2872.149309
-224.185034,183,2872.299939
-207.040571,145,2872.512843
-245.313415,145,2872.631338
-156.57848,142,2872.748346
-217.143616,146,2872.963472
-144.824211,220,2873.145684
-213.811113,155,2873.273108
-179.360271,153,2873.493478
-151.74413,181,2873.642341
-439.612349,158,2873.77098
-199.210965,144,2873.88899
-77.940082,208,2874.15424
-195.477328,174,2874.29845
-114.901384,194,2874.551378
-157.512551,174,2874.6959
-83.639833,212,2874.870334
-156.656415,132,2875.075676
-434.704126,245,2875.275743
-196.906148,173,2875.41961
-473.714397,172,2875.652387
-179.001158,154,2875.780304
-126.497902,179,2875.927898
-702.32808,238,2876.216469
-531.99954,192,2876.373385
-428.793057,168,2876.602355
-162.242622,213,2876.777001
-204.836351,177,2876.923982
-711.82711,206,2877.183271
-173.47587,221,2877.367042
-386.865228,173,2877.599349
-177.918908,139,2877.714662
-534.844553,164,2877.849695
-466.839362,257,2878.153196
-180.853383,162,2878.288774
-214.031834,234,2878.481384
-140.073858,352,2878.866469
-537.19426,177,2879.011788
-243.443868,144,2879.225617
-176.320737,205,2879.395675
-157.06093,178,2879.544891
-187.819807,144,2879.756264
-543.247726,183,2879.906257
-190.015025,238,2880.192314
-175.868897,145,2880.317313
-197.513363,144,2880.438465
-227.779295,169,2880.578619
-727.972646,233,2880.861873
-258.423617,161,2880.995552
-197.496419,159,2881.220791
-190.946504,177,2881.366494
-237.764927,144,2881.485349
-134.74621,142,2881.602109
-295.876563,233,2881.8876
-237.059272,148,2882.009351
-273.080679,163,2882.235258
-185.398317,154,2882.36228
-152.941512,169,2882.500173
-195.135096,140,2882.616843
-211.180422,143,2882.831761
-204.224234,140,2882.950986
-201.328741,132,2883.062287
-210.355617,128,2883.168967
-196.065168,136,2883.375494
-199.56874,139,2883.491884
-174.270527,172,2883.634452
-248.090739,204,2883.898363
-246.349736,149,2884.022338
-222.968844,142,2884.140629
-181.417768,145,2884.35753
-191.086737,147,2884.481683
-232.993526,143,2884.60119
-220.146949,175,2884.843751
-197.814412,149,2884.968713
-259.476362,147,2885.088036
-181.475791,134,2885.199679
-229.160481,146,2885.416754
-215.074037,111,2885.509561
-201.236198,128,2885.616366
-197.370072,130,2885.725228
-198.5935,131,2885.927384
-189.722403,138,2886.042328
-185.118412,145,2886.159367
-187.090706,132,2886.269793
-179.703812,138,2886.477596
-500.526411,165,2886.610014
-214.596208,137,2886.722712
-188.647767,135,2886.928465
-189.30149,124,2887.031997
-258.072448,186,2887.183621
-179.477232,130,2887.291684
-208.016789,128,2887.49046
-575.008716,256,2887.69736
-230.689881,161,2887.828395
-217.507157,140,2888.039699
-237.422666,123,2888.140165
-187.078631,130,2888.248256
-186.16665,120,2888.346988
-260.386808,151,2888.564973
-235.686781,147,2888.687441
-222.38742,131,2888.798221
-241.079493,152,2889.019187
-215.273757,119,2889.11841
-246.234989,146,2889.237758
-193.523137,224,2889.514958
-196.693216,147,2889.636261
-176.244287,129,2889.743286
-145.652866,170,2889.882807
-256.476258,175,2890.120754
-543.0212,158,2890.247092
-196.140111,116,2890.345614
-186.259416,127,2890.547105
-189.511012,130,2890.653894
-477.085401,182,2890.800915
-186.536428,121,2890.900385
-220.104681,137,2891.110897
-232.929677,153,2891.23696
-711.385777,207,2891.405183
-197.55385,122,2891.601154
-200.377412,151,2891.726881
-271.985256,159,2891.85687
-554.065817,183,2892.100034
-186.343159,128,2892.207145
-207.834985,135,2892.320227
-189.625387,137,2892.434157
-176.461255,132,2892.635829
-189.42748,145,2892.756536
-173.23351,135,2892.868433
-185.154293,117,2892.964402
-590.326871,220,2893.234866
-223.506774,136,2893.348472
-205.553711,181,2893.497062
-167.33502,159,2893.720688
-199.329159,114,2893.815656
-183.432369,135,2893.928637
-191.884602,143,2894.139275
-181.319815,124,2894.243521
-202.482565,128,2894.350331
-199.784788,124,2894.453967
-513.51404,169,2894.686013
-551.844463,193,2894.842851
-227.883614,146,2894.964723
-204.852002,143,2895.175786
-191.880961,112,2895.269934
-206.563181,130,2895.377789
-200.448711,107,2895.467228
-200.056794,116,2895.563894
-197.637157,125,2895.760736
-203.325168,146,2895.882466
-220.986004,144,2896.000586
-245.288783,146,2896.333988
-198.970281,134,2896.447031
-223.409846,140,2896.562148
-166.51651,123,2896.664706
-242.814269,138,2896.992894
-189.050709,109,2897.083885
-202.441194,142,2897.202405
-194.443427,118,2897.299841
-201.248159,118,2897.489843
-204.891371,130,2897.597156
-211.73474,134,2897.71156
-219.712158,125,2897.818009
-209.324728,120,2898.012824
-205.457988,123,2898.116981
-186.887472,117,2898.212652
-203.380103,122,2898.314295
-205.14189,133,2898.426151
-192.366476,120,2898.618262
-207.212306,130,2898.725015
-222.907292,134,2898.835089
-228.715075,138,2898.949951
-194.34776,119,2899.14379
-184.444666,118,2899.2414
-197.401974,130,2899.349663
-207.114767,122,2899.450078
-198.986683,147,2899.665205
-162.431413,114,2899.758801
-188.542729,128,2899.865575
-191.68492,122,2899.967949
-188.44143,121,2900.166795
-203.59858,135,2900.278979
-536.239403,175,2900.421986
-233.045713,108,2900.511606
-376.837699,142,2900.717889
-209.897416,149,2900.83873
-210.270598,135,2900.94944
-220.689857,136,2901.155685
-265.939772,148,2901.276997
-209.992489,138,2901.389269
-191.693332,124,2901.491251
-154.516471,112,2901.691554
-183.118564,118,2901.788739
-202.618476,126,2901.893547
-248.00202,153,2902.020419
-166.481415,119,2902.213121
-194.813532,127,2902.318922
-223.881324,106,2902.407126
-183.465387,120,2902.508003
-211.335588,116,2902.694963
-250.10203,158,2902.823738
-191.724821,128,2902.928571
-201.58539,152,2903.053099
-212.633682,107,2903.346766
-162.598301,115,2903.442168
-187.601194,121,2903.542506
-190.958713,139,2903.658439
-202.069287,130,2903.858995
-211.333612,131,2903.96686
-232.886972,163,2904.106138
-168.645967,158,2904.23691
-289.940929,154,2904.456668
-191.790057,120,2904.556108
-209.333057,131,2904.664123
-178.639746,122,2904.857403
-263.678555,160,2905.418008
-193.427774,112,2905.513785
-211.380312,126,2905.618719
-232.926121,139,2905.947872
-199.410398,136,2906.061964
-169.386945,164,2906.19521
-181.853697,126,2906.30058
-183.839252,120,2906.494926
-179.122812,107,2906.583215
-190.160629,153,2906.710338
-586.830456,197,2907.068676
-202.675424,125,2907.174623
-221.748608,154,2907.301953
-188.858185,141,2907.416754
-208.19545,152,2907.770561
-518.763071,176,2907.91389
-164.449314,129,2908.020713
-512.631826,163,2908.249314
-197.288588,133,2908.359581
-181.262724,111,2908.451402
-193.530829,161,2908.584363
-238.281345,154,2908.802588
-182.710455,129,2908.912021
-255.036246,144,2909.031667
-203.892222,144,2909.151447
-209.246248,129,2909.349953
-191.813393,135,2909.458873
-375.37108,162,2909.589909
-199.513193,141,2909.800016
-192.370627,175,2909.942746
-268.805616,151,2910.066443
-219.316051,124,2910.168728
-138.790136,150,2910.384178
-251.809393,143,2910.50342
-218.935912,115,2910.599176
-291.048035,155,2910.821309
-173.223013,116,2910.917065
-209.830508,122,2911.018657
-251.057968,141,2911.136769
-206.936591,133,2911.470592
-192.818215,116,2911.566769
-216.484684,115,2911.662668
-616.678093,231,2911.847307
-223.988584,200,2912.239436
-159.630136,107,2912.328369
-202.383973,131,2912.436515
-147.792995,113,2912.779892
-231.825719,150,2912.904027
-200.955545,125,2913.008798
-238.418522,148,2913.130776
-234.655685,141,2913.352137
-218.144429,146,2913.473754
-179.072156,116,2913.570649
-196.152994,118,2913.668774
-199.944926,123,2913.863877
-198.564608,120,2913.964537
-239.105198,167,2914.101725
-192.309934,118,2914.200515
-173.337642,146,2914.41319
-166.415856,120,2914.513784
-227.59654,122,2914.615723
-212.269586,135,2914.728287
-245.334853,143,2914.944119
-702.623343,244,2915.141343
-226.62693,119,2915.239421
-206.80423,120,2915.433799
-188.140253,110,2915.523489
-236.002442,105,2915.611485
-206.324207,109,2915.703639
-163.963277,111,2915.795457
-215.22378,92,2915.96805
-216.027567,117,2916.06459
-235.374561,109,2916.156197
-152.758271,106,2916.244266
-178.676548,117,2916.438657
-195.138489,112,2916.532389
-165.900549,118,2916.629927
-201.022921,124,2916.733156
-172.393962,119,2916.830472
-173.653983,111,2917.098436
-241.371699,102,2917.183959
-175.581288,124,2917.285265
-215.37403,110,2917.376883
-188.785575,107,2917.559305
-163.79069,137,2917.672774
-199.490545,136,2917.786528
-184.160036,126,2917.891985
-191.557926,133,2918.095343
-173.156048,120,2918.193751
-205.681882,131,2918.299467
-213.807089,109,2918.390347
-216.113102,137,2918.601946
-147.148309,122,2918.703494
-171.245641,106,2918.791703
-181.262595,125,2918.896578
-203.363712,143,2919.105442
-174.055276,118,2919.202316
-154.628265,110,2919.294055
-227.838931,214,2919.469969
-200.701192,122,2919.664875
-315.178262,178,2919.812264
-141.430477,128,2919.91736
-659.441428,196,2920.168097
-159.395813,112,2920.262995
-675.612173,214,2920.437649
-231.546096,161,2920.662656
-210.893245,132,2920.772056
-176.312304,130,2920.880929
-242.57179,145,2920.999497
-180.857631,114,2921.188934
-244.8256,146,2921.310398
-180.535802,128,2921.41554
-156.747287,127,2921.52112
-184.509026,126,2921.719886
-198.992811,136,2921.832382
-176.871489,113,2921.927318
-231.730286,144,2922.044385
-210.057089,132,2922.246551
-216.992282,126,2922.352181
-178.742427,131,2922.460939
-556.504916,253,2922.761262
-140.52054,119,2922.8594
-203.212571,131,2922.968481
-216.219378,136,2923.081847
-183.226734,117,2923.273243
-557.257977,198,2923.43394
-320.796371,287,2923.765188
-179.100119,138,2923.879712
-147.693964,126,2923.98476
-160.588344,128,2924.08982
-200.967022,110,2924.275493
-664.345573,263,2924.486821
-279.632383,163,2924.622268
-239.476265,165,2924.866901
-186.432549,112,2924.960366
-130.904454,111,2925.053108
-194.527895,113,2925.147509
-123.038351,112,2925.334473
-181.795594,115,2925.430389
-192.925139,114,2925.52839
-118.817719,115,2925.623824
-144.771946,113,2925.718494
-174.262958,119,2925.911373
-152.741984,175,2926.055996
-142.338078,122,2926.155755
-137.29963,121,2926.354111
-147.927534,121,2926.45567
-570.945866,192,2926.610636
-153.675387,116,2926.707298
-648.993615,184,2926.949703
-134.257994,117,2927.045976
-162.951337,116,2927.140636
-175.841381,137,2927.252027
-147.04127,105,2927.433648
-148.763554,185,2927.584013
-629.873988,205,2927.750464
-158.781468,124,2927.949931
-173.266201,136,2928.060973
-196.616498,141,2928.177553
-171.788246,131,2928.284986
-576.931671,183,2928.526924
-159.651125,100,2928.61094
-109.482495,108,2928.700186
-116.193922,175,2928.937675
-132.209468,104,2929.024362
-138.697456,108,2929.113245
-138.153636,108,2929.202129
-138.496539,136,2929.313834
-158.063948,129,2929.513289
-190.387762,138,2929.626364
-168.224646,121,2929.725712
-149.055847,99,2929.807029
-171.724563,117,2929.996041
-124.875052,106,2930.082987
-169.68208,134,2930.193933
-607.566096,270,2930.508612
-136.159497,115,2930.603835
-328.024521,150,2930.728192
-136.657499,129,2930.835832
-182.438364,101,2931.132951
-656.886391,224,2931.313822
-217.618711,203,2931.481576
-135.481074,117,2931.804657
-142.895291,104,2931.891322
-153.07399,115,2931.987287
-170.524294,104,2932.074317
-204.108597,147,2932.288282
-195.344444,161,2932.420719
-160.5549,103,2932.505961
-189.260726,207,2932.675169
-167.069296,133,2932.880435
-171.717535,122,2932.981944
-162.934165,127,2933.085827
-191.690538,98,2933.167944
-147.577742,106,2933.349382
-141.050451,112,2933.443326
-132.463849,111,2933.535394
-158.020274,161,2933.666511
-186.84714,168,2933.897262
-155.993725,127,2934.00112
-168.671044,131,2934.108957
-147.210348,199,2934.364788
-184.391334,105,2934.452658
-133.825268,107,2934.540389
-126.484427,108,2934.630558
-150.129236,108,2934.720053
-147.31096,104,2934.902805
-141.093814,105,2934.990714
-216.679927,143,2935.107862
-144.560513,115,2935.204585
-189.272004,137,2935.410574
-128.825636,116,2935.506995
-157.811168,100,2935.590271
-184.625649,108,2935.680826
-171.431569,105,2935.768787
-632.199864,258,2936.072183
-139.048771,109,2936.163059
-221.053595,148,2936.284845
-221.164073,231,2936.568653
-124.858738,109,2936.659844
-401.837023,161,2936.793763
-159.555268,106,2936.979548
-124.62672,116,2937.07625
-144.546769,121,2937.179561
-130.079067,113,2937.274201
-233.935233,147,2937.502506
-146.667198,117,2937.601751
-262.319034,235,2937.80793
-152.030012,118,2937.99943
-171.156775,129,2938.105751
-139.219146,104,2938.203928
-546.453288,176,2938.345719
-162.153046,103,2938.641745
-163.078608,116,2938.737753
-648.126205,189,2938.891606
-165.526069,126,2938.995274
-147.134779,121,2939.190428
-262.764374,141,2939.307373
-140.130687,101,2939.390787
-145.749829,107,2939.4803
-133.625587,105,2939.567633
-166.438995,109,2939.753858
-153.680634,99,2939.835851
-182.886764,117,2939.934225
-220.726527,144,2940.053431
-146.536158,116,2940.243891
-133.212902,110,2940.338117
-141.285896,109,2940.429152
-151.116386,109,2940.518232
-180.399185,116,2940.613653
-167.599861,102,2940.867716
-235.79756,161,2941.00158
-194.085963,93,2941.079016
-202.315042,123,2941.181375
-133.694722,109,2941.48756
-145.45794,106,2941.576672
-669.865253,189,2941.731203
-197.207347,130,2941.837667
-200.766075,163,2942.172299
-169.956062,109,2942.263951
-162.272181,125,2942.367577
-182.009212,121,2942.468076
-180.536644,110,2942.654694
-251.256182,151,2942.780354
-201.673878,126,2942.885101
-159.863501,107,2942.974522
-157.553996,101,2943.152502
-137.443722,114,2943.247498
-257.224951,146,2943.365901
-199.059971,128,2943.471445
-159.75689,109,2943.655193
-139.359288,113,2943.749549
-150.814904,110,2943.841251
-682.217758,199,2944.001883
-178.57897,109,2944.184912
-220.557038,124,2944.288391
-196.749589,109,2944.3794
-194.329748,101,2944.464086
-160.60977,99,2944.547275
-157.249558,114,2944.732657
-151.76251,102,2944.817466
-153.117569,103,2944.903197
-196.421119,102,2944.988737
-255.651195,154,2945.208542
-176.019756,123,2945.312465
-142.486572,107,2945.400887
-155.965704,107,2945.489522
-194.221864,128,2945.687886
-158.687482,102,2945.771984
-158.749285,102,2945.8555
-146.738133,109,2945.946885
-141.685248,111,2946.043197
-142.658669,105,2946.223776
-173.357817,118,2946.323014
-158.617981,104,2946.409495
-177.957307,103,2946.494857
-174.132883,129,2946.599949
-688.50263,154,2946.820025
-188.223966,116,2946.917345
-149.613316,97,2946.99738
-173.059704,98,2947.077968
-172.40288,106,2947.259166
-156.89124,101,2947.343946
-167.737376,100,2947.428237
-150.72268,113,2947.521142
-171.361988,114,2947.616206
-177.355108,105,2947.796353
-160.502066,114,2947.890975
-192.352227,133,2948.002002
-205.508123,131,2948.110341
-179.832889,121,2948.309288
-137.921442,113,2948.402777
-172.58631,104,2948.490107
-189.682856,98,2948.572251
-148.267979,120,2948.671364
-163.84589,122,2948.864889
-158.478475,115,2948.960708
-206.958509,122,2949.06214
-179.451282,114,2949.157457
-201.286221,105,2949.340241
-201.939216,127,2949.445032
-152.294287,103,2949.530515
-181.715669,104,2949.616857
-228.177857,127,2949.721143
-192.60948,114,2949.913917
-179.32846,122,2950.016359
-191.56351,106,2950.104946
-151.561237,118,2950.201792
-201.902253,116,2950.395712
-144.673673,107,2950.484508
-151.974088,116,2950.580235
-153.385445,113,2950.674288
-173.579731,103,2950.760816
-155.911139,98,2950.937143
-188.212906,118,2951.035857
-150.469784,108,2951.125525
-166.443882,103,2951.209854
-170.144008,129,2951.409769
-163.110661,116,2951.506859
-235.198548,138,2951.621425
-150.811621,103,2951.707117
-181.286712,97,2951.788251
-166.599348,99,2951.964926
-174.189182,99,2952.047554
-151.854495,112,2952.139806
-135.382365,111,2952.231721
-188.718433,127,2952.337466
-152.999261,117,2952.52546
-217.731772,126,2952.630405
-184.229163,104,2952.716304
-199.752382,147,2952.836937
-185.452969,125,2953.03309
-190.426539,102,2953.118784
-193.002659,129,2953.224984
-169.832631,105,2953.312452
-177.000204,105,2953.491948
-178.23521,143,2953.610531
-162.255609,125,2953.714848
-168.997978,122,2953.815545
-183.659062,149,2954.031291
-160.183341,134,2954.141635
-230.326215,155,2954.268971
-173.648201,124,2954.372313
-147.50118,106,2954.552777
-171.338839,123,2954.654335
-193.891336,140,2954.771164
-158.409485,123,2954.874289
-743.517751,272,2955.191504
-207.205052,128,2955.297558
-161.026409,123,2955.398043
-160.022096,126,2955.594451
-246.505823,149,2955.715817
-168.637444,118,2955.813972
-163.708498,122,2955.915501
-201.180116,127,2956.113835
-176.139815,128,2956.220475
-183.651486,133,2956.331545
-233.92774,141,2956.449925
-194.371566,133,2956.654022
-141.184048,108,2956.744323
-172.982353,135,2956.855849
-205.776423,127,2956.966287
-183.140624,119,2957.1667
-256.704475,158,2957.298387
-198.189968,119,2957.39826
-576.20052,535,2958.402236
-192.823993,115,2958.501244
-610.012899,193,2958.752657
-174.530137,124,2958.856584
-167.551501,127,2958.962594
-198.348735,131,2959.165573
-139.422667,118,2959.262397
-744.2208,209,2959.433699
-183.605065,103,2959.519319
-187.794207,142,2959.729638
-121.363578,114,2959.822956
-165.181682,138,2959.937739
-691.407846,205,2960.199038
-138.05398,115,2960.296125
-143.081738,105,2960.383381
-186.268285,147,2960.50338
-158.306494,117,2960.692959
-146.224984,112,2960.785791
-191.427871,145,2960.905233
-165.840799,106,2960.995185
-149.757285,116,2961.091839
-266.385976,231,2961.37706
-126.275166,116,2961.47345
-152.409527,108,2961.563009
-147.824485,119,2961.753436
-168.61123,116,2961.850905
-203.36623,149,2961.973301
-176.87771,111,2962.066238
-164.540527,126,2962.263949
-183.222913,106,2962.351521
-193.574534,131,2962.461198
-196.909073,130,2962.569621
-165.559159,114,2962.758304
-168.53992,122,2962.862283
-210.618925,122,2962.964035
-803.091675,404,2963.387704
-184.245964,140,2963.504378
-189.465902,117,2963.601481
-199.279199,243,2963.893034
-180.240235,118,2963.993403
-207.079216,150,2964.117573
-183.81498,122,2964.312079
-191.438191,141,2964.429373
-177.477786,116,2964.526112
-210.166811,132,2964.636033
-169.07251,114,2964.820806
-260.517935,202,2964.990479
-183.900617,133,2965.100022
-164.923745,138,2965.213907
-195.720344,120,2965.405583
-181.270919,139,2965.521611
-177.62416,129,2965.626741
-261.172852,145,2965.745145
-251.680317,146,2965.957368
-188.839718,114,2966.052113
-201.856136,150,2966.175913
-166.715249,127,2966.373585
-212.090729,130,2966.482456
-180.091117,130,2966.590428
-186.854347,125,2966.694866
-257.198635,172,2966.9269
-178.54132,132,2967.036132
-225.23277,146,2967.155355
-170.588048,128,2967.259746
-156.779838,122,2967.454454
-151.285633,121,2967.555273
-312.598442,153,2967.679788
-211.258991,148,2967.79928
-218.649138,134,2968.005137
-173.166547,133,2968.117686
-172.908701,122,2968.219029
-741.203764,271,2968.533057
-175.276989,120,2968.633386
-219.583555,142,2968.749703
-208.918372,140,2968.957521
-169.034793,130,2969.06611
-186.752913,106,2969.154022
-230.90304,139,2969.269173
-185.422712,134,2969.473921
-178.953547,127,2969.579686
-188.404401,126,2969.685874
-166.785607,119,2969.785219
-172.279905,154,2970.002868
-236.600428,143,2970.120642
-810.944419,221,2970.302859
-236.249174,146,2970.51717
-177.740818,128,2970.6252
-818.55969,292,2970.864178
-691.28104,224,2971.140172
-132.316139,113,2971.233249
-203.347891,186,2971.383408
-187.092901,135,2971.586779
-184.821861,122,2971.689397
-189.145371,130,2971.797614
-142.319328,151,2971.921719
-181.227001,133,2972.124127
-158.681455,133,2972.234145
-180.277,125,2972.338334
-219.559415,136,2972.451141
-193.429401,133,2972.65454
-160.592133,123,2972.755806
-220.832224,129,2972.863437
-204.839594,147,2973.078556
-153.977838,114,2973.175708
-210.642473,140,2973.292462
-329.296212,233,2973.482305
-237.421156,147,2973.819564
-206.70098,140,2973.934227
-246.406531,162,2974.068156
-265.779509,212,2974.46971
-184.639626,145,2974.587776
-203.659109,142,2974.704309
-198.845693,160,2975.062816
-203.569453,190,2975.215873
-167.65587,130,2975.325029
-163.320722,133,2975.527802
-168.490942,135,2975.640273
-183.305755,151,2975.762166
-192.049839,151,2975.88661
-166.337117,140,2976.094462
-630.892098,187,2976.245895
-191.41911,146,2976.365362
-179.376373,123,2976.559914
-181.363084,135,2976.669163
-176.107055,164,2976.805387
-140.785175,115,2976.900882
-171.438161,134,2977.105032
-170.810831,148,2977.225396
-163.098982,138,2977.33916
-235.37912,191,2977.585905
-168.780628,126,2977.690373
-148.710501,142,2977.806101
-160.218824,122,2977.906846
-157.105292,126,2978.105516
-181.540126,129,2978.213304
-177.232,121,2978.314534
-181.727732,110,2978.405876
-155.286502,108,2978.497531
-169.94482,129,2978.697073
-169.91373,126,2978.802551
-670.610391,168,2978.93935
-125.310582,118,2979.129891
-151.875057,122,2979.232343
-160.280818,133,2979.342032
-139.205465,138,2979.456396
-147.27606,193,2979.706868
-173.136342,139,2979.822501
-173.501471,225,2980.00782
-195.46095,144,2980.218865
-158.07561,124,2980.323724
-168.032038,130,2980.432171
-622.433782,187,2980.678315
-165.093107,111,2980.770899
-179.178198,145,2980.891389
-128.234334,145,2981.013793
-172.959819,146,2981.227264
-158.349277,175,2981.371353
-171.050476,146,2981.49144
-650.108877,201,2981.748506
-144.401086,145,2981.867044
-145.675037,193,2982.025994
-608.883207,167,2982.256509
-281.126644,339,2982.533534
-166.822815,140,2982.742662
-138.135184,142,2982.860479
-124.558445,165,2982.995359
-613.951398,174,2983.139881
-709.699218,148,2983.353024
-233.057261,148,2983.476398
-620.786487,201,2983.638547
-220.843456,155,2983.860065
-604.739144,160,2983.988851
-173.927605,111,2984.0812
-589.425271,163,2984.309671
-133.841029,157,2984.438039
-162.154563,151,2984.564723
-612.40408,160,2984.692343
-167.622171,144,2984.905092
-560.044968,166,2985.039285
-701.371061,238,2985.325817
-195.313236,157,2985.456193
-582.284186,162,2985.586855
-217.794715,152,2985.710793
-545.237729,159,2985.932636
-168.916262,136,2986.045409
-634.584128,241,2986.332999
-636.356689,171,2986.471217
-665.318042,199,2986.634086
-178.344529,144,2986.844218
-624.719011,148,2986.963408
-274.000861,154,2987.091143
-136.082915,142,2987.208587
-196.099138,221,2987.477541
-193.728853,151,2987.602477
-164.536755,144,2987.721924
-638.658819,246,2988.017527
-171.008704,162,2988.15039
-558.244952,172,2988.381969
-249.528105,185,2988.536181
-691.626398,203,2988.700897
-257.557888,226,2988.979155
-170.070206,155,2989.106575
-167.609437,132,2989.21647
-149.445693,140,2989.424987
-615.744612,151,2989.546116
-174.816398,142,2989.664895
-211.572698,170,2989.802771
-631.580878,167,2990.031334
-556.956278,165,2990.164622
-583.117226,160,2990.29373
-168.388351,212,2990.562754
-649.465049,156,2990.690489
-148.647659,147,2990.812819
-591.120095,135,2991.015689
-216.539973,227,2991.201426
-162.628564,146,2991.321665
-576.314687,164,2991.546194
-169.598073,146,2991.667253
-649.156757,153,2991.79082
-594.991743,182,2992.029525
-654.105448,156,2992.155757
-605.350392,182,2992.303936
-542.91095,120,2992.493005
-605.536353,179,2992.638871
-201.301167,142,2992.755897
-673.122918,176,2992.992663
-586.189388,173,2993.132764
-159.20312,146,2993.255127
-631.994381,143,2993.369427
-610.696839,195,2993.622592
-607.203467,179,2993.766317
-206.817066,159,2993.989043
-158.486323,129,2994.097777
-187.342288,131,2994.204922
-596.137717,183,2994.352946
-667.771631,134,2994.554059
-194.146864,143,2994.67326
-542.943213,160,2994.802929
-624.715452,180,2995.042745
-628.822913,123,2995.140825
-152.531439,135,2995.252722
-507.742111,161,2995.384827
-658.16035,196,2995.637925
-670.156925,209,2995.808
-179.512423,171,2996.040721
-626.376091,191,2996.196121
-672.680408,204,2996.361361
-193.369356,140,2996.582725
-722.05386,237,2996.777049
-572.899105,178,2996.924368
-698.552729,149,2997.138749
-182.818405,162,2997.272476
-548.97962,186,2997.421853
-599.26695,190,2997.673692
-199.96818,144,2997.791815
-137.886762,160,2997.923638
-584.825029,178,2998.16063
-682.217375,160,2998.290289
-576.95599,175,2998.432081
-194.509996,164,2998.662422
-654.630253,197,2998.819141
-619.943226,193,2998.97562
-603.740832,131,2999.17563
-172.754158,133,2999.28672
-640.270667,160,2999.414948
-610.019454,156,2999.634919
-181.954815,146,2999.754144
-174.149384,129,2999.860855
-624.828419,146,2999.977529
-680.04988,202,3000.234749
-148.800732,194,3000.396127
-669.726564,207,3000.769581
-584.413003,151,3000.890601
-219.133362,137,3001.004504
-231.055845,207,3001.17445
-181.513426,124,3001.370904
-637.184796,194,3001.528288
-595.438592,239,3001.81586
-594.602704,159,3001.94594
-414.862416,149,3002.065655
-580.982276,166,3002.293858
-164.325727,144,3002.41215
-230.146761,178,3002.557311
-514.056541,141,3002.670706
-515.902785,153,3002.888499
-178.542001,142,3003.005916
-585.36027,193,3003.160237
-167.654117,132,3003.365766
-609.270424,160,3003.493899
-222.497775,209,3003.664263
-625.501313,187,3003.91138
-716.814404,216,3004.086066
-236.41156,159,3004.216745
-678.118403,201,3004.474094
-600.370773,171,3004.612712
-346.989417,233,3005.001116
-579.236448,201,3005.164049
-567.709007,191,3005.320212
-179.524864,207,3005.695626
-558.907714,169,3005.832355
-185.983906,164,3005.965458
-723.703396,216,3006.232299
-622.433522,200,3006.395264
-665.188818,204,3006.655674
-151.363486,110,3006.746597
-189.466093,145,3006.867074
-583.399937,194,3007.117286
-706.028325,232,3007.30486
-187.146892,144,3007.42293
-187.289517,138,3007.629794
-699.273981,206,3007.797163
-650.396925,162,3007.928035
-206.644708,129,3008.126692
-779.619976,290,3008.364101
-580.071578,182,3008.513427
-191.516076,134,3008.719076
-720.90653,223,3009.58951
-613.227377,135,3009.700672
-171.54787,181,3009.943329
-555.193481,174,3010.083197
-617.68125,169,3010.221237
-612.664753,187,3010.467804
-661.662488,188,3010.619324
-203.331531,144,3010.738152
-500.629294,175,3010.975747
-648.817517,159,3011.103427
-657.430644,152,3011.227335
-653.12788,139,3011.433511
-647.404378,205,3011.603086
-648.61978,182,3011.751609
-546.088706,182,3011.991567
-794.621393,291,3012.228834
-635.831829,144,3012.439369
-736.552455,235,3012.631226
-198.690652,186,3012.781232
-751.528676,270,3013.091705
-575.1556,173,3013.231048
-585.435369,174,3013.467563
-569.425223,185,3013.618392
-595.434626,177,3013.762793
-673.311374,195,3014.013867
-723.049599,208,3014.184546
-754.582102,269,3014.500074
-605.039909,161,3014.634106
-257.505031,218,3014.812425
-550.454416,172,3015.046545
-620.935761,167,3015.182766
-672.603344,140,3015.29657
-125.499688,153,3015.516249
-620.717278,177,3015.660835
-779.247174,272,3015.972588
-634.320411,180,3016.118891
-617.080864,158,3016.245749
-683.717583,199,3016.504461
-610.251352,164,3016.638359
-605.754475,166,3016.773067
-171.735813,165,3017.005657
-665.70158,196,3017.165533
-683.678863,164,3017.298153
-696.125892,276,3017.726096
-253.706883,151,3017.850768
-700.511859,206,3018.021419
-124.147883,170,3018.255902
-648.242386,162,3018.388088
-151.422072,197,3018.548931
-178.224484,241,3018.840189
-681.380948,217,3019.016844
-110.032908,204,3019.279122
-162.801352,140,3019.394834
-668.566685,247,3019.687742
-484.784242,159,3019.816856
-227.593637,204,3019.984026
-690.305588,206,3020.245124
-644.95159,162,3020.379022
-658.595403,211,3020.550807
-667.210369,199,3020.808131
-195.18349,139,3020.921646
-243.615129,156,3021.050719
-672.501606,244,3021.344168
-731.53584,199,3021.507013
-181.066551,159,3021.73001
-644.723697,194,3021.887694
-678.050678,221,3022.069801
-571.662508,163,3022.294386
-717.586757,214,3022.468927
-668.371243,232,3022.749544
-714.735269,216,3022.922707
-223.067068,239,3023.118932
-172.111259,156,3023.341669
-714.983031,228,3023.526128
-593.687126,187,3023.771805
-243.929362,142,3023.888505
-164.509484,148,3024.009427
-662.010086,162,3024.140238
-637.112277,139,3024.346661
-673.61527,249,3024.548636
-305.354937,223,3024.825581
-666.311425,171,3024.964408
-201.75423,145,3025.08291
-183.854562,145,3025.296906
-658.917073,235,3025.488059
-573.323452,171,3025.626907
-205.811944,236,3025.916847
-684.791875,147,3026.035763
-694.575938,205,3026.200517
-698.86315,156,3026.423073
-220.541469,215,3026.598966
-617.698111,178,3026.839109
-667.209705,215,3027.014119
-201.236836,149,3027.137022
-659.860807,201,3027.396159
-635.207481,171,3027.53516
-587.347866,158,3027.661267
-616.210806,188,3027.9091
-203.634278,165,3028.045952
-135.612858,183,3028.196878
-266.604251,146,3028.409547
-613.187922,191,3028.567309
-173.278067,203,3028.73256
-630.383292,197,3028.985673
-623.016419,212,3029.15798
-190.173329,134,3029.269534
-612.103586,217,3029.539719
-209.700735,149,3029.661966
-687.621034,209,3029.922799
-681.209695,222,3030.103364
-634.233003,183,3030.252127
-131.498611,187,3030.49903
-183.462977,118,3030.595684
-216.854653,135,3030.706033
-247.793543,244,3031.000415
-641.604812,163,3031.130629
-159.913403,121,3031.231909
-581.868072,180,3031.473081
-197.292288,145,3031.593489
-194.58697,159,3031.724286
-164.664454,160,3031.854238
-213.07661,142,3032.065353
-412.367666,440,3032.517374
-182.373595,120,3032.616926
-224.182821,184,3032.765282
-187.577182,173,3033.001175
-230.368941,142,3033.116763
-231.535798,149,3033.240184
-150.317817,121,3033.340456
-918.115193,388,3033.751805
-696.689113,200,3034.006869
-183.824057,191,3034.161839
-201.82332,141,3034.278537
-576.189675,186,3034.522443
-178.081773,116,3034.618584
-187.656416,142,3034.736655
-217.598648,157,3034.864579
-188.731735,135,3035.157792
-162.423399,119,3035.257374
-202.114567,128,3035.363448
-178.426788,106,3035.451834
-202.253539,133,3035.731976
-259.873042,146,3035.854223
-727.175141,264,3036.069362
-164.628516,117,3036.342925
-175.123254,107,3036.432235
-184.799189,123,3036.534217
-163.302373,112,3036.626487
-160.496953,124,3036.729288
-196.85464,148,3037.024388
-166.898313,127,3037.13026
-203.013351,137,3037.242699
-200.007174,151,3037.461503
-160.521029,120,3037.559193
-215.675887,207,3037.725888
-177.547998,116,3037.828482
-158.897148,124,3038.029366
-176.969015,167,3038.16624
-563.324956,181,3038.312678
-737.459534,215,3038.580349
-224.602354,146,3038.699987
-195.551645,119,3038.798286
-182.224004,130,3039.000507
-182.972672,142,3039.11769
-209.926589,150,3039.240862
-578.436999,175,3039.380885
-177.273391,141,3039.591287
-572.266264,191,3039.744296
-203.260052,138,3039.855846
-175.610905,140,3040.062702
-193.478702,113,3040.157321
-261.971021,162,3040.288681
-215.896883,132,3040.3978
-183.365066,155,3040.620321
-234.160167,141,3040.735684
-231.724946,132,3040.845146
-155.480627,115,3041.034889
-288.120987,151,3041.160998
-208.54533,133,3041.272986
-183.721864,130,3041.381643
-200.963297,117,3041.571057
-207.037761,122,3041.673062
-188.523575,112,3041.766977
-199.11927,112,3041.860279
-169.106856,113,3041.955095
-184.010515,115,3042.141823
-188.959459,104,3042.228531
-212.505614,130,3042.337618
-239.543634,138,3042.450287
-214.500639,125,3042.645728
-219.393567,104,3042.732403
-196.244143,127,3042.838964
-196.793122,120,3042.938655
-211.216907,115,3043.125685
-179.080234,112,3043.217254
-194.863222,136,3043.332105
-174.65768,115,3043.42741
-190.259346,111,3043.519027
-159.359217,118,3043.707336
-175.410865,116,3043.801224
-188.458887,142,3043.919532
-245.800647,139,3044.034693
-230.414085,116,3044.244427
-197.603811,143,3044.362043
-221.384757,127,3044.466183
-177.991369,173,3044.701005
-236.713701,142,3044.816266
-206.687845,132,3044.925459
-204.831391,137,3045.039617
-184.476486,118,3045.231038
-194.702424,120,3045.333655
-160.345554,171,3045.472057
-200.807473,139,3045.586043
-178.229842,134,3045.789662
-211.586667,150,3045.911307
-169.967219,122,3046.011431
-179.965231,121,3046.112042
-192.642992,124,3046.309965
-175.217752,111,3046.408117
-205.170806,125,3046.510561
-237.095884,146,3046.630329
-216.323626,143,3046.842946
-200.933438,111,3046.934736
-187.938633,139,3047.050742
-182.326803,115,3047.145326
-733.775858,197,3047.399364
-215.571122,141,3047.514672
-298.498508,151,3047.63693
-207.092642,128,3047.838278
-207.293027,125,3047.941473
-183.238778,124,3048.04368
-184.42322,122,3048.145185
-202.584555,134,3048.351264
-192.152704,120,3048.450587
-161.041535,123,3048.550501
-209.055014,139,3048.665297
-202.329184,125,3048.861523
-207.633703,137,3048.976779
-201.142318,136,3049.088467
-227.743896,138,3049.201742
-204.366565,144,3049.416491
-204.073741,121,3049.516943
-216.371683,135,3049.625502
-199.766601,156,3049.847114
-188.309518,133,3049.95803
-203.582866,136,3050.070868
-205.440874,124,3050.17416
-227.422388,149,3050.389684
-220.532478,126,3050.494474
-230.488041,168,3050.633922
-232.539456,139,3050.747601
-212.099188,164,3050.97728
-220.804441,129,3051.083235
-207.847079,133,3051.193304
-211.701764,108,3051.282167
-210.844708,144,3051.510403
-183.32434,142,3051.627774
-218.481573,145,3051.747789
-681.526956,219,3052.020038
-228.391082,120,3052.118226
-212.68808,137,3052.231683
-208.665273,133,3052.436653
-209.957034,130,3052.54589
-230.284484,132,3052.653102
-225.719315,177,3052.796051
-222.641167,139,3053.00782
-212.964877,164,3053.143884
-203.509162,128,3053.250432
-241.716008,210,3053.515882
-190.672568,133,3053.627377
-217.049268,138,3053.743045
-181.150476,133,3053.853309
-215.634739,139,3054.061873
-211.088968,127,3054.168082
-219.651952,141,3054.28567
-238.079929,150,3054.505064
-222.632846,137,3054.620153
-194.001833,135,3054.73226
-214.231874,120,3054.831344
-221.879475,145,3055.054143
-226.799002,142,3055.17401
-182.382645,128,3055.280974
-228.355596,124,3055.385751
-239.585967,142,3055.597395
-211.141801,132,3055.707865
-223.711557,143,3055.823819
-203.256608,133,3055.933778
-210.563949,113,3056.123017
-202.081517,138,3056.239618
-178.171342,125,3056.344867
-216.731361,130,3056.454512
-195.941942,156,3056.682057
-212.77604,127,3056.787089
-219.673223,131,3056.896265
-220.842955,138,3057.011997
-195.908858,133,3057.216577
-245.465729,142,3057.335035
-252.752059,141,3057.45232
-226.960944,135,3057.658082
-198.102171,117,3057.755246
-220.536384,123,3057.857154
-289.237433,165,3058.000257
-193.843183,152,3058.222183
-200.801376,131,3058.332196
-201.456097,129,3058.438084
-183.348857,128,3058.543644
-226.041799,148,3058.759813
-246.108012,145,3058.881154
-228.38894,139,3058.998271
-219.342616,137,3059.113364
-216.948327,135,3059.319853
-206.047341,124,3059.423805
-195.323799,147,3059.548299
-221.837346,136,3059.753442
-303.079244,152,3059.878978
-191.215125,126,3059.983591
-232.702292,160,3060.116749
-214.478698,132,3060.320432
-276.092036,153,3060.984811
-263.886553,145,3061.10523
-288.877114,205,3061.373511
-202.605787,138,3061.489835
-182.545517,133,3061.603032
-211.762391,136,3061.716452
-192.003216,130,3061.918382
-265.536208,145,3062.039108
-189.169675,127,3062.145234
-226.837663,147,3062.358247
-278.505127,155,3062.486687
-233.810379,145,3062.607329
-295.304176,155,3062.735892
-220.764096,140,3062.946526
-196.474561,135,3063.059628
-206.217946,139,3063.175304
-239.656898,152,3063.394291
-181.218242,113,3063.489698
-236.909944,142,3063.608201
-168.575082,166,3063.74415
-231.141495,142,3063.967282
-229.983076,155,3064.094562
-247.434124,136,3064.205914
-210.373689,133,3064.315797
-207.865985,143,3064.526755
-204.220662,136,3064.639925
-183.501606,118,3064.737674
-211.704893,133,3064.847834
-175.476812,133,3065.053681
-198.257858,130,3065.162496
-192.144336,145,3065.282833
-274.921418,153,3065.504944
-202.608518,137,3065.619251
-195.814572,127,3065.725979
-187.003372,133,3065.837354
-218.009946,140,3066.049038
-246.361815,154,3066.176525
-198.582155,160,3066.310523
-184.782449,136,3066.422976
-691.388702,194,3066.676996
-242.387163,151,3066.803105
-258.61814,165,3066.940471
-234.460531,144,3067.153722
-220.359402,178,3067.300844
-208.200845,146,3067.422912
-228.443312,147,3067.63967
-238.355452,139,3067.755598
-186.634841,135,3067.867605
-177.484328,128,3067.973023
-249.581856,160,3068.202708
-198.614588,145,3068.322707
-262.065885,150,3068.448624
-277.03761,151,3068.668193
-260.2912,136,3068.77984
-218.823136,135,3068.892915
-200.990477,143,3069.013566
-192.232557,127,3069.213747
-251.124798,138,3069.32815
-725.422532,250,3069.533457
-311.261177,158,3069.757506
-206.064806,140,3069.873877
-206.561672,133,3069.984454
-163.374367,113,3070.175927
-184.30769,132,3070.289788
-211.318441,135,3070.404216
-214.279535,139,3070.521276
-252.055483,144,3070.735733
-258.161903,145,3070.855989
-201.749149,122,3070.960408
-268.846274,175,3071.105966
-244.734475,141,3071.316192
-210.317414,138,3071.431132
-228.942363,142,3071.548545
-206.735471,129,3071.749225
-197.559726,132,3071.860378
-199.893636,135,3071.973801
-280.378125,155,3072.103281
-198.022133,131,3072.308979
-229.851678,150,3072.434451
-215.300919,143,3072.553108
-204.0811,128,3072.660433
-225.847928,148,3072.874395
-250.777838,155,3073.00415
-238.831189,139,3073.120055
-241.199315,143,3073.330907
-240.394705,163,3073.466544
-162.974526,127,3073.572773
-187.264079,134,3073.685707
-211.066201,203,3073.944995
-187.169189,137,3074.060457
-217.795429,145,3074.182692
-219.54662,141,3074.393915
-344.884601,168,3074.53382
-243.160435,139,3074.64942
-214.137953,146,3074.863738
-212.885448,158,3074.996975
-164.385692,132,3075.107555
-243.105148,153,3075.235076
-226.894572,143,3075.448057
-200.488949,133,3075.559711
-298.109533,154,3075.68835
-214.392122,131,3075.79713
-201.434378,134,3076.000041
-239.211818,143,3076.118867
-211.783949,144,3076.239305
-198.098639,127,3076.437631
-252.519806,198,3076.599704
-218.832088,170,3076.740034
-178.925164,134,3076.950076
-254.814132,141,3077.0686
-264.180695,150,3077.196738
-223.86146,130,3077.305321
-242.015461,145,3077.51854
-197.574058,128,3077.625765
-232.590926,160,3077.757745
-210.300697,143,3077.878262
-642.176139,196,3078.133855
-230.831439,137,3078.246578
-217.810799,139,3078.362611
-206.930943,136,3078.571103
-230.838671,176,3078.718116
-185.779642,119,3078.817878
-217.244774,135,3079.023957
-201.7923,144,3079.148277
-215.069876,149,3079.280756
-206.70533,131,3079.392045
-206.51914,131,3079.596768
-174.28962,136,3079.711703
-210.070012,144,3079.832991
-217.832305,141,3079.951986
-223.719356,143,3080.165631
-244.696127,144,3080.284472
-184.609103,131,3080.394418
-240.926384,136,3080.599085
-198.889739,136,3080.713307
-635.658482,173,3080.854436
-201.952825,139,3080.971334
-229.968804,149,3081.192251
-145.159856,180,3081.346832
-234.055145,165,3081.486161
-204.915458,144,3081.699209
-210.96082,140,3081.814913
-240.875914,135,3081.927686
-171.400363,128,3082.035407
-193.483189,135,3082.240709
-156.590453,165,3082.378882
-210.899421,159,3082.513025
-217.737852,141,3082.724962
-168.12936,132,3082.83663
-206.839342,142,3082.955621
-237.162507,149,3083.08253
-240.57557,149,3083.303037
-755.243226,281,3083.532241
-199.632769,140,3083.746036
-211.249145,142,3083.865387
-187.084283,129,3083.973701
-205.80017,135,3084.086248
-228.731443,146,3084.302541
-202.994961,146,3084.425252
-170.237408,164,3084.561507
-285.776324,157,3084.786335
-207.285158,141,3084.905131
-234.78315,145,3085.027214
-250.528252,160,3085.162924
-194.00963,136,3085.371533
-210.256544,141,3085.488932
-195.154045,174,3085.632205
-204.44254,140,3085.842058
-264.462451,158,3085.972949
-716.020608,203,3086.14189
-240.671687,148,3086.362422
-320.06738,163,3086.497988
-230.572037,152,3086.625253
-203.044954,146,3086.748287
-192.750836,151,3086.967326
-299.218818,163,3087.102933
-188.808508,158,3087.234835
-205.956184,149,3087.45191
-277.550208,155,3087.580387
-267.937938,150,3087.704825
-235.069762,149,3087.92432
-208.181868,133,3088.03754
-219.258825,141,3088.155228
-210.379665,137,3088.268471
-242.114202,152,3088.598539
-157.200625,167,3088.73931
-175.18766,175,3088.885173
-144.590671,178,3089.12779
-178.282534,148,3089.252328
-204.792738,194,3089.410745
-202.860337,151,3089.628722
-174.235421,199,3089.795024
-128.757308,192,3089.955013
-141.34511,166,3090.185088
-111.777461,188,3090.34357
-253.478131,167,3090.48209
-147.388603,172,3090.717877
-193.136761,148,3090.841681
-114.034156,177,3090.988529
-231.39062,217,3091.261694
-135.307163,162,3091.397937
-186.956523,164,3091.532286
-194.608158,142,3091.74351
-767.911618,272,3091.965065
-146.33546,179,3092.210403
-174.147562,149,3092.335205
-166.079155,176,3092.483233
-194.36587,168,3092.716145
-195.964616,160,3092.849326
-268.205537,143,3092.971752
-212.359241,159,3093.103878
-191.137939,153,3093.324894
-127.741869,163,3093.460501
-105.320646,188,3093.616312
-603.926385,196,3093.868212
-209.794286,140,3093.984018
-236.122795,152,3094.110673
-209.596786,155,3094.332077
-176.092539,178,3094.479187
-151.066584,158,3094.611228
-229.919902,147,3094.825637
-155.447197,174,3094.970669
-162.643471,176,3095.118806
-195.760976,133,3095.323346
-204.124289,168,3095.46233
-207.884493,152,3095.58912
-212.448418,143,3095.708431
-174.157062,174,3095.950327
-166.407151,152,3096.076093
-204.430571,143,3096.194735
-264.67301,153,3096.414541
-175.859348,169,3096.553451
-191.156658,164,3096.689381
-164.927501,168,3096.923051
-178.977816,164,3097.056504
-183.25572,171,3097.199093
-113.097629,180,3097.442743
-234.591623,184,3097.600586
-202.767566,214,3097.779789
-135.33703,187,3098.030608
-205.683791,207,3098.203814
-127.890868,183,3098.450231
-183.438026,147,3098.572403
-117.780575,194,3098.734985
-161.167338,163,3098.964298
-202.894339,138,3099.080393
-105.863522,190,3099.239717
-132.862784,219,3099.515776
-175.861114,153,3099.643682
-814.005402,332,3100.008444
-184.492224,218,3100.190131
-138.710128,180,3100.341714
-170.884912,162,3100.56975
-187.671877,160,3100.702728
-208.709841,152,3100.829067
-238.14835,144,3101.042558
-227.383679,150,3101.168586
-141.665159,201,3101.337783
-715.427444,228,3101.617485
-208.557301,176,3101.764421
-170.767083,182,3101.916721
-719.784256,260,3102.228378
-270.864423,221,3102.413244
-170.479179,167,3102.645495
-217.535448,226,3102.838002
-133.027213,176,3102.984789
-222.282642,148,3103.30773
-134.065097,181,3103.456886
-201.796086,146,3103.578852
-237.223499,249,3103.879193
-179.286641,164,3104.016038
-235.270012,170,3104.252009
-166.970166,203,3104.42284
-155.127367,183,3104.576261
-223.7669,176,3104.813141
-174.835465,179,3104.962432
-152.228223,161,3105.097382
-175.945771,170,3105.332614
-181.589577,172,3105.47559
-112.43859,175,3105.620893
-149.475538,167,3105.959904
-159.935226,165,3106.096865
-221.153643,217,3106.277315
-210.791373,239,3106.681557
-214.709135,205,3106.851762
-209.486953,161,3107.214458
-164.184525,161,3107.351975
-220.083486,141,3107.469308
-215.757956,237,3107.890657
-196.257038,144,3108.012133
-163.925244,148,3108.136304
-129.4321,172,3108.501364
-185.898138,168,3108.647698
-107.329033,180,3108.796307
-199.316418,209,3109.201608
-177.111553,189,3109.359824
-250.797726,285,3109.821454
-158.809678,181,3109.975154
-198.146562,164,3110.112882
-172.289554,208,3110.499871
-145.809847,168,3110.639981
-215.146752,156,3110.77038
-213.976244,155,3111.130267
-228.748805,146,3111.253816
-233.399756,242,3111.460948
-166.645487,174,3111.834279
-115.511669,185,3111.988813
-150.864405,176,3112.135433
-172.568908,167,3112.501885
-236.567884,152,3112.629558
-200.295754,133,3112.741229
-223.543198,311,3113.226668
-267.311175,149,3113.35169
-231.650267,160,3113.482801
-214.230289,140,3114.707924
-202.050325,202,3114.876893
-174.417397,214,3115.281434
-170.407236,169,3115.430804
-174.949459,213,3115.608045
-217.201506,146,3115.955676
-201.524189,176,3116.102655
-203.28928,140,3116.221167
-221.136487,155,3116.351534
-174.895523,209,3116.750875
-171.567154,173,3116.895027
-187.557816,216,3117.311508
-199.081637,201,3117.47966
-208.153539,145,3117.599204
-247.672537,146,3117.947692
-244.821763,279,3118.178947
-192.498118,169,3118.320611
-187.049392,143,3118.533389
-170.306691,217,3118.714314
-226.96154,174,3118.951828
-255.018893,140,3119.069845
-288.566618,154,3119.19805
-210.156059,149,3119.322058
-247.444131,137,3119.528101
-203.127389,181,3119.677428
-219.919332,135,3119.790245
-169.24556,186,3120.038701
-237.397306,135,3120.150929
-226.030468,156,3120.279767
-222.638915,169,3120.515437
-135.764301,183,3120.668706
-234.143955,161,3120.801719
-178.015192,167,3121.034604
-249.060295,146,3121.158041
-821.216955,245,3121.359767
-194.753663,172,3121.596488
-232.85705,160,3121.729819
-174.376489,179,3121.87957
-262.201035,163,3122.109348
-205.999559,146,3122.231282
-226.31451,139,3122.347685
-211.283649,174,3122.495083
-227.054659,137,3122.701498
-196.057343,189,3122.860088
-149.047499,181,3123.010759
-295.298314,138,3123.220623
-235.145697,160,3123.358641
-288.640701,157,3123.489841
-216.818429,146,3123.812924
-237.551211,146,3123.936608
-194.078615,146,3124.059451
-219.418782,139,3124.399706
-226.44561,146,3124.526467
-219.129915,161,3124.658164
-178.378754,174,3124.80364
-259.659213,155,3125.025154
-262.268931,217,3125.206142
-219.119515,162,3125.341356
-285.561687,151,3125.559953
-242.252676,154,3125.688451
-274.140421,152,3125.81586
-178.333269,205,3126.186413
-282.490812,144,3126.30649
-232.66946,203,3126.475858
-231.559031,204,3126.846147
-164.273866,166,3126.986042
-198.998925,162,3127.120973
-243.660115,142,3127.333318
-201.158192,198,3127.499623
-240.904917,149,3127.62305
-188.824165,174,3127.861064
-302.085824,221,3128.045714
-161.372945,173,3128.283437
-154.959065,171,3128.426075
-256.299383,220,3128.608855
-318.100823,219,3128.882019
-430.562936,304,3129.130895
-258.536093,153,3129.463089
-205.580087,140,3129.580182
-172.833158,171,3129.722838
-207.201878,159,3130.089667
-266.947355,149,3130.214542
-256.76812,155,3130.342972
-228.965723,205,3130.74747
-213.525196,164,3130.883858
-229.184919,160,3131.017167
-179.656646,194,3131.42155
-237.558809,148,3131.544999
-195.073229,158,3131.678238
-248.581048,170,3131.820293
-172.550621,184,3132.194182
-324.328433,217,3132.373689
-224.577221,132,3132.693156
-251.704237,122,3132.795234
-263.815815,156,3132.924626
-233.393444,150,3133.04898
-236.959741,128,3133.361583
-248.809403,152,3133.487966
-286.769721,156,3133.616958
-280.508951,164,3133.924133
-272.743777,137,3134.038958
-262.512315,136,3134.151856
-152.892105,173,3134.295902
-392.572849,221,3134.716151
-332.219436,203,3134.885014
-230.177461,120,3134.98564
-256.122332,156,3135.352823
-279.863515,157,3135.484138
-256.094975,144,3135.603708
-193.645958,190,3135.997803
-277.800037,155,3136.127365
-189.003683,171,3136.268997
-251.358311,134,3136.562854
-221.119541,175,3136.710076
-236.661848,158,3136.841345
-225.141121,176,3137.191893
-207.272429,169,3137.331555
-254.046904,157,3137.460304
-179.741277,193,3137.821021
-347.368724,231,3138.013103
-215.756692,131,3138.122341
-184.218719,178,3138.508464
-165.957668,179,3138.656603
-185.537208,185,3138.811311
-292.762527,205,3139.183079
-240.038259,162,3139.317897
-230.07648,170,3139.458379
-174.490753,173,3139.824575
-267.322195,248,3140.031611
-183.910293,156,3140.390249
-238.264807,147,3140.514747
-160.788349,183,3140.667337
-209.169333,182,3140.912634
-247.56757,211,3141.089792
-215.165255,152,3141.216698
-243.39626,217,3141.495439
-243.05567,122,3141.597281
-224.168106,116,3141.69538
-227.880119,122,3141.796769
-247.3955,142,3142.011725
-258.109838,146,3142.13425
-240.125207,154,3142.261749
-265.0049,144,3142.473124
-261.093996,125,3142.578272
-245.318358,133,3142.689344
-257.080516,152,3142.815842
-254.693398,148,3143.031887
-243.962415,126,3143.136717
-257.44077,112,3143.230721
-228.068946,125,3143.334811
-270.417755,127,3143.532563
-245.375882,118,3143.632092
-272.411474,149,3143.756421
-232.632662,127,3143.861851
-257.775837,149,3144.077998
-221.093351,165,3144.217299
-243.10303,143,3144.338551
-234.872418,140,3144.546381
-239.034616,160,3144.680107
-218.50515,144,3144.801151
-249.366302,152,3144.927034
-180.859879,193,3145.181774
-226.838382,134,3145.293421
-225.824116,164,3145.432384
-224.298354,174,3145.669779
-182.935917,183,3145.822162
-281.176152,218,3146.096309
-336.788764,214,3146.276138
-178.329678,170,3146.420368
-130.739181,185,3146.669392
-225.775023,156,3146.800985
-237.631408,158,3146.932696
-196.861592,168,3147.165884
-158.647705,197,3147.331028
-234.717156,163,3147.467697
-178.030078,205,3147.731168
-139.416299,185,3147.886699
-221.37334,142,3148.006594
-145.076145,182,3148.249942
-285.888109,251,3148.460606
-242.429572,162,3148.596857
-164.053785,178,3148.837962
-232.741424,212,3149.017166
-215.130755,167,3149.251943
-170.874248,174,3149.398796
-269.230009,204,3149.569366
-181.097903,171,3149.805231
-222.08119,185,3149.959507
-294.511865,204,3150.129831
-188.002964,182,3150.375299
-229.844252,176,3150.521034
-248.844382,220,3150.798431
-224.578762,147,3150.921093
-256.862771,156,3151.051293
-261.836588,185,3151.206145
-269.285503,174,3151.444211
-222.313202,191,3151.604287
-202.17009,182,3151.849643
-970.854684,391,3152.169026
-260.208436,161,3152.396973
-234.155309,158,3152.530094
-223.814763,148,3152.654414
-245.169325,163,3152.882648
-216.424636,182,3153.034438
-200.592118,195,3153.197923
-217.202134,153,3153.416981
-138.166476,191,3153.577156
-267.172505,188,3153.73416
-180.182064,185,3153.980757
-233.721833,163,3154.118598
-275.446747,147,3154.241313
-202.115358,176,3154.481696
-189.895243,172,3154.625479
-198.038863,171,3154.768695
-225.572187,132,3154.9713
-248.396584,158,3155.102627
-161.252359,180,3155.257796
-211.180508,163,3155.622254
-116.632584,189,3155.781732
-229.934826,156,3155.912521
-222.560255,197,3156.276446
-275.689631,168,3156.418741
-178.286568,181,3156.571247
-174.844993,173,3156.925093
-194.764099,157,3157.056762
-227.542966,136,3157.170745
-218.026789,169,3157.538813
-187.676878,155,3157.670791
-215.622392,158,3157.803895
-149.969229,195,3158.160785
-216.559019,157,3158.294868
-179.614771,175,3158.441134
-227.15997,153,3158.569887
-250.540313,205,3158.97436
-192.102293,186,3159.129492
-220.232789,174,3159.504725
-223.399366,151,3159.631943
-220.33906,183,3159.786011
-250.399764,159,3160.120807
-214.497983,142,3160.24175
-173.678621,174,3160.387395
-204.08553,166,3160.52604
-214.997941,209,3160.901574
-199.106562,175,3161.04895
-230.683018,140,3161.165602
-236.114038,157,3161.497263
-222.902641,148,3161.620481
-217.200914,169,3161.761836
-247.87162,144,3162.110745
-238.822008,166,3162.247792
-234.626104,178,3162.394853
-257.752579,134,3162.736021
-246.773363,193,3162.897357
-229.753523,115,3162.993609
-286.069236,149,3163.328484
-268.581484,124,3163.433563
-254.9699,133,3163.543889
-289.409027,141,3163.661189
-255.841234,160,3164.021774
-241.865728,110,3164.113583
-264.179642,162,3164.248116
-310.953497,157,3164.379173
-244.819948,133,3164.693742
-231.696353,105,3164.781165
-225.787896,146,3164.903536
-225.038568,135,3165.015514
-268.680016,145,3165.365663
-229.980439,141,3165.483473
-191.454945,205,3165.655273
-222.845697,141,3166.001985
-243.602039,129,3166.110023
-230.893336,166,3166.248631
-249.605913,138,3166.564352
-266.320111,159,3166.697098
-282.434343,136,3166.809237
-230.740691,147,3166.933211
-211.603804,163,3167.284921
-234.831956,138,3167.399957
-232.364808,148,3167.524684
-214.658403,148,3167.849476
-181.533085,175,3167.996596
-199.379991,141,3168.113792
-226.963424,155,3168.243277
-229.741157,141,3168.58971
-241.303604,150,3168.716137
-226.56139,141,3168.834164
-196.187944,139,3169.176085
-204.63284,115,3169.272893
-242.963436,158,3169.404774
-203.336376,136,3169.51791
-232.077845,139,3169.831562
-222.065634,135,3169.944511
-204.798199,145,3170.066711
-214.602907,174,3170.447712
-213.311936,150,3170.577739
-203.876439,130,3170.68527
-225.243016,156,3170.814495
-222.202161,133,3171.159569
-210.7629,140,3171.277105
-242.204797,142,3171.396694
-218.69496,148,3171.750054
-259.597442,167,3171.895977
-242.378061,150,3172.617311
-249.85589,154,3172.746056
-249.099477,137,3173.097753
-181.172428,174,3173.24351
-257.170142,137,3173.357194
-224.497918,147,3173.71659
-229.292718,141,3173.835385
-231.846275,145,3173.956745
-217.718061,144,3174.07755
-242.121848,150,3174.440411
-228.244522,141,3174.556162
-249.20505,146,3174.678348
-211.236774,143,3175.039466
-234.06361,148,3175.163329
-191.510308,175,3175.309585
-273.201483,143,3175.429033
-254.247116,136,3175.780905
-232.759661,111,3175.874158
-176.036701,188,3176.031245
-191.297374,173,3176.402927
-208.528121,174,3176.546227
-220.187312,155,3176.675554
-217.79596,155,3177.020345
-229.513455,152,3177.14741
-248.899821,146,3177.269522
-251.059574,164,3177.606014
-204.24447,164,3177.747294
-188.617824,180,3177.894731
-239.300697,142,3178.014375
-127.776582,183,3178.399618
-237.449994,151,3178.526994
-203.95851,162,3178.661789
-188.755858,145,3179.016498
-248.217305,161,3179.152287
-231.933958,140,3179.268314
-244.732002,149,3179.613641
-228.801405,146,3179.733649
-252.100174,151,3179.859459
-242.915517,150,3179.983131
-217.825593,155,3180.350007
-184.651146,190,3180.509053
-183.251648,131,3180.618702
-217.612167,159,3180.967026
-201.101747,156,3181.098981
-232.523886,156,3181.229571
-224.726915,143,3181.55155
-214.184947,159,3181.683648
-227.577897,150,3181.809117
-203.919539,144,3181.930355
-194.506763,169,3182.27363
-234.561162,153,3182.400358
-242.040392,148,3182.523234
-208.261947,145,3182.87131
-228.487437,172,3183.014656
-194.07025,133,3183.12581
-240.523195,146,3183.481599
-232.305385,157,3183.616011
-212.855337,162,3183.750656
-242.062178,161,3183.975279
-188.307608,198,3184.141998
-304.712971,235,3184.338215
-252.227699,142,3184.551558
-236.377759,162,3184.686161
-182.192926,167,3184.825993
-239.152275,147,3185.043132
-190.012669,179,3185.193565
-245.22907,152,3185.321961
-233.187327,163,3185.552785
-270.585391,223,3185.737581
-268.525644,153,3185.865423
-229.03208,155,3186.088835
-234.69696,162,3186.223251
-232.110271,230,3186.414748
-249.983819,142,3186.626185
-142.394677,169,3186.766716
-194.436134,170,3186.90834
-216.854145,150,3187.126196
-230.242508,156,3187.256319
-172.389964,187,3187.412006
-227.461876,157,3187.636901
-217.907048,164,3187.774289
-191.067043,134,3187.883543
-130.617636,183,3188.03556
-246.879625,146,3188.25263
-257.459779,149,3188.375415
-248.556477,145,3188.495734
-825.321782,289,3188.825129
-214.318219,133,3188.939213
-206.32192,158,3189.070992
-209.229156,172,3189.310157
-191.468793,141,3189.428287
-183.88995,173,3189.571878
-287.168021,140,3189.781957
-176.945037,161,3189.914059
-257.882002,143,3190.03302
-241.469651,158,3190.256967
-235.3614,143,3190.377036
-236.836841,144,3190.496629
-237.108451,150,3190.622521
-259.344565,127,3190.821858
-210.728265,163,3190.958102
-178.988765,168,3191.097882
-240.140801,148,3191.313358
-122.575942,182,3191.464451
-242.284761,161,3191.595079
-264.553951,147,3191.812383
-218.996721,140,3191.929671
-202.011315,179,3192.077229
-182.985763,171,3192.310842
-182.458553,174,3192.454335
-234.684757,154,3192.580392
-147.887115,185,3192.827754
-229.570019,148,3192.951467
-258.359701,160,3193.083639
-212.95932,145,3193.203905
-202.790856,160,3193.430684
-223.656043,150,3193.555883
-248.793995,139,3193.671299
-237.765872,140,3193.878985
-217.163886,138,3193.994647
-228.239813,158,3194.125993
-199.181496,133,3194.237895
-213.55211,147,3194.454545
-236.244572,141,3194.571031
-215.977074,133,3194.68027
-231.562894,143,3194.892237
-248.067109,134,3195.002836
-232.717599,132,3195.111685
-271.312268,148,3195.234537
-258.49544,146,3195.449411
-213.093276,129,3195.55616
-221.340877,142,3195.674501
-213.830382,120,3195.773267
-206.893768,164,3195.99992
-218.810712,114,3196.094124
-244.164157,147,3196.218105
-249.740913,122,3196.319769
-236.189475,140,3196.529991
-209.635466,108,3196.61999
-250.995039,140,3196.735556
-259.481151,161,3196.961837
-273.797493,146,3197.082364
-237.522015,139,3197.200994
-265.20235,143,3197.319989
-251.124594,143,3197.662272
-221.989583,123,3197.764905
-241.932038,153,3197.893827
-258.818442,170,3198.133604
-249.784384,152,3198.262164
-197.277728,117,3198.361458
-261.343673,132,3198.471788
-255.776725,139,3198.679981
-220.653542,114,3198.775446
-226.110007,185,3198.92887
-257.810918,149,3199.052743
-271.159732,140,3199.264697
-250.414067,145,3199.386444
-164.886989,170,3199.527648
-222.552131,126,3199.726533
-265.171886,145,3199.847211
-267.239826,134,3199.957834
-221.672771,138,3200.071992
-188.732356,182,3200.320315
-241.366646,143,3200.438989
-130.164848,191,3200.598798
-251.203265,133,3200.805211
-250.727202,139,3200.921514
-243.822091,151,3201.047143
-331.323035,150,3201.2647
-232.742525,152,3201.394041
-257.489295,148,3201.516923
-174.722047,195,3201.679344
-258.272175,151,3201.898813
-219.213469,149,3202.023407
-234.486815,160,3202.156307
-304.039091,224,3202.433784
-260.636157,136,3202.546639
-231.213706,148,3202.669218
-242.582032,132,3202.872896
-285.395521,145,3202.993135
-260.884788,150,3203.11942
-230.497537,140,3203.236474
-239.542007,148,3203.455698
-241.481065,161,3203.58758
-182.622452,167,3203.726364
-244.419115,197,3203.988122
-210.323821,156,3204.116048
-223.273918,147,3204.238281
-165.292332,181,3204.48488
-237.11736,201,3204.654756
-221.181159,193,3204.909627
-233.926658,174,3205.055052
-235.881619,255,3205.267596
-246.054142,154,3205.48976
-171.567689,192,3205.650225
-254.851005,228,3205.839275
-220.065616,161,3206.070027
-200.497209,192,3206.230002
-148.309123,192,3206.483751
-197.765217,177,3206.629157
-225.676096,156,3206.759694
-183.799212,186,3207.008448
-280.566296,145,3207.131469
-270.636906,134,3207.243269
-260.118154,151,3207.369789
-239.468802,175,3207.607158
-171.363311,173,3207.750943
-196.938204,179,3207.899343
-270.414894,136,3208.107484
-166.273163,182,3208.259521
-254.127921,151,3208.385896
-127.398469,184,3208.63281
-212.707574,211,3208.809732
-235.68368,158,3208.941705
-159.923724,181,3209.187157
-146.16655,177,3209.33963
-263.463741,155,3209.467725
-165.421768,173,3209.707445
-226.059505,163,3209.84305
-180.740164,184,3209.996834
-181.673101,187,3210.24577
-277.486714,154,3210.375534
-250.432629,215,3210.647009
-224.533412,221,3210.830899
-132.380026,176,3210.977108
-178.988817,178,3211.218329
-225.6983,205,3211.390047
-222.508843,157,3211.520458
-173.524398,210,3211.790212
-120.4996,191,3211.948205
-204.63703,187,3212.104496
-135.901062,190,3212.358014
-193.343902,177,3212.504338
-238.271075,206,3212.772369
-205.884712,161,3212.906479
-230.934277,157,3213.037745
-297.489422,221,3213.315535
-292.630081,222,3213.499758
-170.128817,177,3213.646167
-234.099386,147,3213.865509
-169.157781,179,3214.015308
-302.919165,148,3214.137697
-213.412582,172,3214.38433
-173.854861,187,3214.539879
-251.706466,159,3214.671304
-192.750991,202,3214.933189
-252.489707,244,3215.135238
-129.297332,187,3215.386533
-196.786517,215,3215.565615
-207.333881,182,3215.712874
-752.281131,202,3215.973814
-186.189727,170,3216.114692
-264.65507,226,3216.397287
-271.363356,217,3216.575526
-241.479476,150,3216.699966
-212.825576,151,3216.921185
-253.836173,145,3217.041707
-211.017177,203,3217.210159
-182.65895,170,3217.444156
-188.028848,170,3217.586029
-215.785948,151,3217.7115
-186.566727,177,3217.955877
-184.718169,196,3218.121006
-219.651833,155,3218.25127
-198.362778,208,3218.518315
-858.883056,227,3218.70457
-250.497205,153,3218.833478
-208.939598,159,3219.060428
-162.33032,180,3219.208719
-185.773304,177,3219.356631
-180.601966,186,3219.604642
-185.20241,176,3219.751614
-231.859868,155,3219.881473
-145.897592,187,3220.131773
-226.865414,154,3220.260465
-177.07916,204,3220.43281
-238.871708,151,3220.651569
-210.521212,163,3220.787409
-217.872137,173,3220.931587
-220.03911,160,3221.157573
-310.927098,232,3221.354104
-251.034001,148,3221.47655
-236.531153,160,3221.703307
-267.617957,236,3221.898511
-136.217761,189,3222.151867
-179.169306,168,3222.292919
-286.148405,137,3222.406212
-199.666723,225,3222.687134
-127.955162,189,3222.844426
-138.485266,198,3223.009508
-172.550886,174,3223.248296
-279.527869,146,3223.369916
-206.037312,187,3223.52584
-264.007235,152,3223.746235
-262.851469,208,3223.919023
-220.880482,203,3224.088113
-224.996503,192,3224.341052
-249.393124,159,3224.474219
-199.22052,180,3224.717928
-169.96205,199,3224.885444
-356.088324,230,3225.078279
-198.442122,180,3225.42593
-248.693918,148,3225.548494
-142.370453,179,3225.695588
-238.633711,168,3225.928471
-276.303259,148,3226.653145
-170.281673,179,3226.800715
-243.048448,149,3227.094439
-141.424087,178,3227.243126
-238.314211,151,3227.369514
-207.416435,158,3227.592985
-235.124776,152,3227.71872
-239.215014,208,3227.891027
-169.617432,182,3228.133973
-123.804908,182,3228.285358
-232.544148,238,3228.482427
-183.370838,178,3228.84198
-191.379552,201,3229.01016
-233.035069,168,3229.241366
-212.450176,199,3229.408988
-174.334393,191,3229.568215
-229.882178,163,3229.797282
-199.052046,185,3229.951593
-196.466282,167,3230.090128
-188.079925,160,3230.320037
-198.622231,215,3230.500418
-201.426997,180,3230.655646
-170.482946,186,3230.905329
-235.831732,156,3231.035442
-154.466715,191,3231.19286
-238.567355,157,3231.417441
-286.97414,151,3231.543452
-239.504292,149,3231.667097
-266.095391,211,3231.935717
-213.848821,243,3232.139029
-263.461725,203,3232.402236
-245.254655,168,3232.541597
-296.397051,223,3232.726206
-280.386491,202,3232.998302
-288.335096,171,3233.139282
-232.287294,165,3233.279384
-216.333003,173,3233.518216
-253.948254,255,3233.728655
-245.656227,149,3233.946706
-284.236224,154,3234.073271
-244.104587,208,3234.246898
-305.163629,143,3234.46045
-198.86698,183,3234.614061
-297.068963,261,3234.829893
-219.37534,178,3235.071568
-241.766419,255,3235.284599
-262.893743,148,3235.50388
-356.260078,229,3235.694814
-163.466215,189,3235.852467
-256.289544,155,3236.076614
-227.38414,176,3236.224132
-273.065122,206,3236.398558
-180.343419,184,3236.724605
-236.198211,187,3236.879693
-261.087456,236,3237.16825
-267.630432,150,3237.292709
-341.90225,222,3237.476443
-164.344488,174,3237.714061
-260.044815,150,3237.839113
-222.233984,217,3238.020052
-238.512923,199,3238.280506
-230.335786,139,3238.396464
-240.371406,140,3238.513762
-301.371089,161,3238.73994
-271.719293,139,3238.854776
-262.652036,215,3239.034295
-299.695602,210,3239.410034
-150.413536,181,3239.558424
-185.458894,190,3239.716679
-282.588533,149,3239.937291
-351.29649,327,3240.207047
-236.517342,152,3240.425935
-269.70528,161,3240.559359
-204.078528,205,3240.730037
-253.044204,161,3240.956428
-333.524266,244,3241.159003
-247.644868,133,3241.268653
-235.621812,207,3241.534281
-801.791902,172,3241.675287
-183.242604,184,3241.922215
-241.408006,195,3242.085078
-225.392251,172,3242.227846
-211.529437,164,3242.456379
-118.537234,184,3242.608896
-205.558053,178,3242.756387
-203.509265,191,3243.008704
-182.426392,184,3243.160481
-147.337865,190,3243.317211
-204.820879,192,3243.571279
-127.655688,183,3243.724186
-381.494505,293,3244.060857
-293.43124,157,3244.189703
-307.143995,222,3244.373844
-226.299283,204,3244.636047
-255.668308,153,3244.763058
-187.623356,178,3244.910561
-351.19694,281,3245.236177
-171.523336,187,3245.392049
-227.312546,218,3245.668763
-222.86036,265,3245.889627
-217.93537,196,3246.147756
-386.11369,279,3246.37866
-253.50746,162,3246.606302
-146.345301,181,3246.75641
-206.784942,187,3246.910543
-300.060827,149,3247.129975
-272.879825,273,3247.359136
-270.845773,189,3247.515652
-326.343253,270,3247.83331
-369.919614,233,3248.027889
-287.319752,164,3248.258914
-252.847552,143,3248.376006
-328.833773,334,3248.743875
-247.469049,212,3248.919383
-216.770766,205,3249.18557
-212.376843,204,3249.355993
-272.773481,178,3249.503803
-162.664889,186,3249.752989
-222.02154,201,3249.919954
-206.919726,195,3250.081336
-370.862715,243,3250.377195
-752.815495,209,3250.548567
-168.418864,193,3250.801483
-295.218424,224,3250.986486
-793.27991,259,3251.292611
-227.931152,265,3251.513582
-227.831011,209,3251.782556
-305.045037,150,3251.907645
-238.170766,179,3252.058891
-261.341526,215,3252.338063
-244.140581,157,3252.46796
-255.380208,155,3252.596728
-240.991057,263,3252.906483
-169.159179,179,3253.055478
-226.859581,195,3253.216738
-354.513784,288,3253.547981
-280.362543,213,3253.723311
-281.631115,213,3253.994969
-273.741941,138,3254.110348
-243.173837,202,3254.372022
-185.295817,178,3254.521705
-312.779018,235,3254.71398
-200.769271,173,3254.951276
-144.098697,178,3255.099524
-232.206503,142,3255.217945
-253.651329,143,3255.430092
-193.714132,202,3255.597291
-241.956576,208,3255.770243
-198.226744,161,3255.99631
-262.384573,157,3256.126844
-253.798903,217,3256.306479
-271.449501,236,3256.595481
-798.683831,262,3256.810587
-214.909724,176,3257.051731
-221.34559,164,3257.187435
-128.828067,186,3257.341907
-188.148551,178,3257.583452
-228.695296,170,3257.72508
-279.764457,145,3257.845428
-421.292263,297,3258.261516
-194.108986,204,3258.431242
-307.894873,235,3258.718441
-211.190738,165,3258.855103
-133.516123,183,3259.007743
-217.014303,192,3259.260535
-356.197815,228,3259.447657
-214.399488,205,3259.709133
-190.505853,165,3259.845138
-100.955973,184,3259.998349
-323.327656,223,3260.278871
-213.501891,164,3260.416669
-278.432409,286,3260.87375
-274.053647,201,3261.042314
-278.853382,213,3261.42841
-206.145033,195,3261.593796
-303.658851,146,3261.71505
-170.128471,183,3261.961329
-228.515919,198,3262.124809
-217.456993,193,3262.283074
-162.423275,188,3262.531738
-303.655161,204,3262.701121
-280.568552,142,3262.817
-170.648683,198,3263.077146
-317.046516,230,3263.265912
-226.884374,164,3263.401747
-283.902841,218,3263.676337
-284.101327,149,3263.800177
-305.94595,151,3264.021106
-252.602465,198,3264.18703
-234.837401,179,3264.334887
-220.227752,162,3264.562926
-301.619622,214,3264.741007
-268.595412,152,3264.865879
-274.844205,204,3265.130739
-220.156705,200,3265.295861
-174.989693,189,3265.454487
-126.101857,190,3265.708142
-247.511566,272,3265.938318
-133.595405,265,3266.252854
-188.031932,192,3266.412992
-211.931123,170,3266.648787
-166.281803,256,3266.859135
-303.694944,279,3267.183295
-287.453626,277,3267.411549
-359.27625,287,3267.742629
-223.265704,167,3267.879962
-208.810968,171,3268.021717
-356.583174,206,3268.286214
-186.276579,181,3268.434972
-180.465031,183,3268.586042
-271.217215,258,3268.893289
-230.611486,270,3269.211532
-182.801281,174,3269.359403
-208.692976,192,3269.517035
-250.809199,159,3269.747952
-177.672506,172,3269.891215
-222.433632,218,3270.071312
-190.153059,180,3270.315539
-217.019697,155,3270.445539
-217.711058,153,3270.572169
-236.48052,152,3270.792836
-179.976497,187,3270.949501
-185.532269,171,3271.091876
-248.499164,237,3271.381971
-130.093466,190,3271.538659
-170.398874,160,3271.671718
-171.375935,190,3271.92464
-246.502589,162,3272.059109
-301.179539,256,3272.364731
-219.655132,136,3272.478271
-139.04903,184,3272.630767
-223.310818,165,3272.861775
-210.276623,161,3272.996371
-205.030314,216,3273.174535
-166.600296,205,3273.438987
-254.125826,159,3273.571248
-146.369334,195,3273.732718
-170.890641,274,3274.053621
-188.741648,152,3274.178385
-224.694027,150,3274.30362
-171.016457,176,3274.542134
-257.309607,207,3274.712926
-199.969079,165,3274.944458
-222.683817,209,3275.115621
-199.92412,164,3275.25087
-161.503539,208,3275.633788
-240.526744,210,3275.807834
-160.513768,172,3275.95081
-190.801208,208,3276.216679
-185.51168,172,3276.359469
-164.709592,177,3276.600041
-161.590527,205,3276.772948
-110.338651,193,3276.935185
-173.835371,181,3277.315643
-206.140278,161,3277.449373
-189.888663,159,3277.581066
-195.829347,211,3277.849924
-178.192246,170,3277.991519
-142.789625,179,3278.139791
-138.655378,176,3279.196561
-146.987733,195,3279.357793
-199.205179,195,3279.519338
-191.069038,158,3279.743665
-232.633254,176,3279.889702
-248.307506,219,3280.166255
-133.032079,173,3280.309409
-196.71386,245,3280.509929
-249.125598,258,3280.81686
-111.584271,182,3280.971456
-134.95024,188,3281.220478
-81.58224,186,3281.374764
-132.805727,175,3281.521432
-198.669178,167,3281.872741
-321.474478,228,3282.062845
-252.245022,226,3282.34364
-174.042838,201,3282.509559
-256.060583,164,3282.645812
-232.295814,143,3282.857005
-169.757859,171,3282.998116
-255.921149,152,3283.124831
-688.255638,264,3283.43445
-159.322851,202,3283.601996
-140.745637,195,3283.76318
-203.436285,171,3283.999338
-118.4423,209,3284.173603
-191.684182,237,3284.463707
-149.703293,160,3284.597387
-284.828579,256,3284.808157
-211.169513,173,3285.075142
-134.768049,181,3285.244276
-123.242262,184,3285.441603
-791.076714,267,3285.758909
-172.742981,173,3285.900677
-265.082738,234,3286.190433
-102.547546,179,3286.34017
-169.706412,192,3286.593933
-154.102785,279,3286.824046
-92.797782,189,3286.981534
-235.367463,149,3287.19828
-214.527153,169,3287.338781
-208.261558,172,3287.482648
-146.857522,185,3287.731395
-281.772762,369,3288.0375
-119.65079,180,3288.281369
-203.562016,231,3288.47244
-166.700475,177,3288.713174
-98.74815,185,3288.866374
-113.494887,190,3289.0234
-871.43492,614,3289.723755
-183.827831,150,3289.847916
-128.981795,194,3290.007705
-165.035486,161,3290.237003
-165.637155,156,3290.369155
-215.688969,164,3290.505529
-133.273172,187,3290.755769
-157.41897,179,3290.90415
-135.883735,180,3291.053729
-221.625829,151,3291.274607
-179.989621,209,3291.449439
-154.72075,198,3291.612979
-843.839446,281,3291.937762
-177.168651,157,3292.066919
-114.473258,161,3292.295471
-150.262638,177,3292.44357
-114.770739,189,3292.600464
-126.486937,245,3292.897646
-183.814529,188,3293.051578
-158.378715,181,3293.20206
-226.711572,155,3293.424909
-160.605571,170,3293.571054
-232.526074,154,3293.698736
-563.518142,254,3294.003403
-175.354681,160,3294.143802
-731.40316,272,3294.576911
-160.310438,259,3294.790705
-144.037134,265,3295.103814
-176.613702,157,3295.233605
-237.317991,351,3295.725396
-195.274641,196,3295.885334
-190.170613,166,3296.022525
-189.208314,170,3296.255861
-161.69004,157,3296.396852
-145.338084,173,3296.540911
-147.581256,177,3296.911598
-192.028479,203,3297.080489
-123.831419,185,3297.234734
-228.104844,221,3297.616549
-135.872659,218,3297.79768
-203.299443,195,3298.165008
-201.706585,206,3298.335913
-153.079453,213,3298.721213
-154.218242,160,3298.855668
-198.461622,184,3299.009663
-150.668739,164,3299.37938
-134.571927,204,3299.55238
-170.384299,171,3299.694839
-169.914237,212,3300.108433
-165.816229,146,3300.229903
-184.174394,154,3300.358324
-85.383498,175,3300.707402
-102.699619,192,3300.868639
-189.864658,161,3301.003928
-210.969755,139,3301.326471
-191.550581,224,3301.514639
-163.549327,179,3301.661968
-192.964376,161,3302.018167
-155.907208,196,3302.180762
-83.350496,186,3302.334351
-109.189133,174,3302.682539
-149.654954,213,3302.860142
-84.254423,183,3303.247188
-264.343103,145,3303.371503
-104.235213,187,3303.528276
-184.429078,204,3303.935367
-240.931051,311,3304.19416
-206.775783,156,3304.519386
-181.346612,147,3304.650245
-148.117879,159,3304.783862
-213.530603,146,3304.906607
-174.089335,251,3305.346164
-176.489929,211,3305.522463
-199.654335,206,3305.930339
-228.088907,144,3306.049947
-188.2667,153,3306.177156
-209.115653,163,3306.524579
-199.187689,153,3306.652564
-202.767416,148,3306.775273
-160.126124,165,3306.912373
-170.58708,164,3307.281417
-139.80465,186,3307.437913
-166.819966,172,3307.675007
-128.294072,188,3307.831366
-228.988615,148,3307.955035
-241.351027,225,3308.235158
-74.2923,180,3308.385296
-208.130364,159,3308.517681
-462.087701,304,3308.864197
-191.389142,193,3309.029659
-166.747875,172,3309.267688
-146.000155,168,3309.40737
-185.698937,159,3309.540497
-94.002171,194,3309.796357
-179.963672,250,3310.003104
-175.672028,165,3310.140873
-134.444043,214,3310.413049
-207.290024,167,3310.550767
-85.705194,188,3310.918143
-197.153842,151,3311.045537
-102.37871,192,3311.204972
-105.629538,187,3311.565216
-200.575263,162,3311.700676
-192.200221,164,3311.836891
-202.412406,156,3311.966241
-86.421166,199,3312.225643
-186.392574,162,3312.360652
-154.287015,175,3312.600261
-177.218272,164,3312.737705
-193.457229,169,3312.879502
-179.228403,218,3313.155506
-210.226559,251,3313.364949
-218.129651,141,3313.48246
-169.079353,156,3313.705515
-201.727462,161,3313.839982
-705.526985,325,3314.203312
-208.594499,180,3314.354548
-272.939461,290,3314.689838
-216.306964,206,3314.861665
-153.142663,196,3315.024916
-191.583805,183,3315.273839
-147.955621,195,3315.440259
-106.030186,189,3315.598374
-122.907009,201,3315.858788
-246.21163,149,3315.983774
-206.72685,161,3316.118305
-283.611186,136,3316.325948
-218.235415,147,3316.448652
-169.042445,220,3316.632124
-188.593496,151,3316.85119
-108.862668,181,3317.004979
-230.672263,214,3317.186024
-153.779866,178,3317.429816
-169.632884,200,3317.598922
-140.108718,164,3317.82811
-224.351715,218,3318.009321
-118.099095,183,3318.161775
-238.380198,269,3318.48027
-166.773267,164,3318.615319
-146.137136,179,3318.858465
-141.712166,163,3318.991625
-159.575964,168,3319.131269
-136.793435,186,3319.379956
-187.220905,157,3319.50984
-201.236053,191,3319.668235
-245.450824,157,3319.892146
-114.074675,178,3320.040714
-121.844994,196,3320.205384
-106.599278,206,3320.562591
-152.006575,197,3320.726835
-210.395424,163,3320.86331
-132.453695,197,3321.250298
-169.411454,221,3321.437906
-126.401648,171,3321.673522
-203.061767,256,3321.886707
-209.459972,156,3322.017606
-375.207986,298,3322.466093
-162.290397,168,3322.606868
-162.73316,171,3322.843588
-217.350794,157,3322.976915
-179.540343,170,3323.119745
-167.725968,163,3323.349207
-193.544552,159,3323.482067
-137.714478,199,3323.647666
-121.112032,183,3323.892818
-177.715809,177,3324.038875
-333.890369,301,3324.381909
-164.6843,196,3324.546168
-181.240698,206,3324.717752
-139.517573,179,3324.960518
-179.339354,162,3325.094889
-197.642699,141,3325.213585
-248.540052,222,3325.495598
-278.922083,262,3325.713837
-167.918003,266,3326.026932
-92.575225,190,3326.186736
-171.300175,258,3326.499459
-113.748845,189,3326.658214
-213.147055,185,3326.812417
-193.140478,164,3327.18551
-248.670682,224,3327.372655
-272.662931,288,3327.709467
-139.947965,214,3327.886007
-140.120558,190,3328.050994
-409.607176,302,3328.531828
-127.872932,203,3328.702461
-201.589019,263,3329.149667
-217.752391,180,3329.300611
-109.830053,196,3329.672938
-221.269107,162,3329.807895
-144.827988,250,3330.015008
-194.091586,198,3330.410166
-172.760848,158,3330.541014
-217.265582,254,3330.844703
-156.589093,206,3331.018054
-209.071941,160,3331.151005
-283.850078,226,3331.434826
-213.863865,161,3331.569298
-60.984688,184,3331.723375
-158.652205,219,3332.00163
-239.34191,277,3332.23145
-160.650221,162,3332.461439
-172.463294,175,3332.607309
-277.56158,236,3332.898275
-142.992,184,3333.05146
-420.4968,409,3333.485148
-216.337928,206,3334.509767
-228.397977,156,3334.639594
-268.602769,222,3335.03617
-235.23319,231,3335.228554
-259.468723,216,3335.615144
-211.945028,244,3335.824213
-270.955233,294,3336.300161
-200.628223,275,3336.530498
-232.074468,239,3336.959766
-230.343408,228,3337.150843
-240.294621,150,3337.475826
-123.129409,186,3337.630463
-260.075118,296,3337.878988
-99.681536,189,3338.130226
-208.525003,152,3338.256083
-195.737732,167,3338.39643
-212.271778,187,3338.646971
-217.204684,156,3338.774473
-178.820734,219,3339.048733
-345.649863,296,3339.296719
-266.399094,215,3339.570647
-274.535646,264,3339.789616
-366.47024,411,3340.226202
-157.811431,174,3340.372925
-274.141325,227,3340.759568
-488.181374,442,3341.220248
-273.718023,286,3341.463269
-210.241473,175,3341.610191
-231.983009,234,3341.898254
-175.929006,164,3342.035258
-453.870332,387,3342.455248
-169.240843,170,3342.597659
-377.964667,310,3343.001228
-291.212232,236,3343.198481
-230.265084,262,3343.512137
-307.632712,239,3343.710852
-223.325858,253,3344.01751
-154.131332,200,3344.184824
-198.539203,147,3344.402691
-147.265871,178,3344.551345
-292.602828,306,3344.805164
-341.498207,325,3345.170352
-202.451086,224,3345.454339
-312.227595,241,3345.655707
-247.78926,225,3345.843964
-135.843147,170,3346.078895
-237.974443,229,3346.271012
-795.826085,192,3346.523775
-175.497668,160,3346.657119
-322.945825,292,3346.902358
-258.158016,162,3347.242252
-186.357465,200,3347.409619
-247.853178,239,3347.704228
-757.636234,274,3347.929854
-227.35144,227,3348.232483
-151.861166,162,3348.368766
-254.590287,229,3348.559547
-298.320538,354,3348.949044
-159.665707,254,3349.256451
-199.246415,158,3349.389279
-278.121199,223,3349.576478
-167.19368,151,3349.79643
-172.196488,234,3349.996895
-158.390475,198,3350.162789
-175.506466,202,3350.429777
-301.557662,276,3350.66617
-377.972717,369,3351.08156
-244.75331,231,3351.36998
-276.0301,238,3351.567282
-248.84003,255,3351.874442
-184.344405,199,3352.042253
-186.012957,160,3352.176839
-303.140751,315,3352.534943
-202.362742,206,3352.708603
-200.824048,203,3352.971157
-127.394051,169,3353.112682
-163.238992,205,3353.285044
-255.721455,207,3353.553782
-188.22822,178,3353.703685
-248.309842,198,3353.963014
-380.972267,322,3354.234872
-297.976396,269,3354.553589
-174.041201,192,3354.714229
-249.458747,229,3354.904503
-176.623883,264,3355.218779
-312.033124,320,3355.586444
-310.126433,312,3355.8478
-179.831861,186,3356.096876
-229.493375,239,3356.296432
-196.979231,160,3356.431698
-249.401701,285,3356.76649
-348.332698,420,3357.214493
-197.599391,194,3357.376467
-117.131756,185,3357.531623
-304.408643,226,3357.815604
-331.287524,437,3358.277334
-252.931183,247,3358.484036
-93.654459,188,3358.740198
-319.799802,244,3358.94554
-257.328844,217,3359.221149
-161.241027,202,3359.392491
-257.828386,226,3359.580627
-136.885567,184,3359.829128
-145.474106,171,3359.97309
-223.250068,286,3360.305642
-231.910808,138,3360.422563
-382.50685,232,3360.616688
-79.401063,187,3360.865669
-145.368292,177,3361.014213
-148.854506,192,3361.174452
-224.276614,242,3361.473005
-146.282558,194,3361.63283
-307.506992,277,3361.958897
-138.110552,197,3362.123573
-124.637443,181,3362.369649
-235.360452,221,3362.555525
-258.0497,272,3362.8805
-268.244605,300,3363.131618
-788.349089,272,3363.451164
-223.503945,206,3363.623957
-210.923273,153,3363.752281
-202.52768,228,3364.035196
-160.636908,208,3364.208808
-201.135106,223,3364.489762
-218.701279,174,3364.636124
-190.526988,171,3364.775898
-202.571072,221,3365.056451
-167.131363,215,3365.236595
-190.250002,224,3365.522641
-255.095363,290,3365.766457
-144.444575,183,3366.013475
-159.920775,212,3366.191739
-393.598395,461,3366.674083
-172.232693,204,3366.845847
-231.745006,150,3367.065058
-243.983443,157,3367.196057
-182.692448,161,3367.330374
-155.429036,208,3367.599439
-230.696487,218,3367.781707
-265.289989,229,3367.974465
-100.346167,187,3368.222632
-263.936883,244,3368.432471
-202.556438,311,3368.785588
-162.375733,176,3368.932995
-243.93048,218,3369.21509
-162.610726,249,3369.424912
-217.0863,156,3369.555875
-262.979479,227,3369.838203
-216.471578,153,3369.966393
-264.733279,286,3370.298999
-219.335216,281,3370.538541
-140.999697,171,3370.776986
-171.026654,165,3370.916691
-294.005228,331,3371.289708
-195.126778,202,3371.460609
-234.600768,141,3371.577918
-212.169407,275,3371.903298
-172.223614,173,3372.047907
-159.536537,205,3372.314021
-182.980997,152,3372.440933
-114.58891,194,3372.602907
-243.361216,361,3373.002334
-153.012998,261,3373.22136
-194.781585,157,3373.447741
-161.561636,171,3373.591162
-171.043612,146,3373.713463
-185.147125,233,3374.000427
-136.429833,175,3374.147197
-189.558196,239,3374.44233
-209.214533,212,3374.619352
-195.26751,209,3374.793797
-170.660447,180,3375.040826
-306.649864,299,3375.292094
-191.419589,141,3375.505796
-136.17559,179,3375.66016
-187.802164,157,3375.792744
-183.058795,171,3376.161574
-176.956839,168,3376.301704
-175.749364,215,3376.483176
-240.439258,242,3376.91681
-144.323177,184,3377.078668
-104.002214,206,3377.359556
-124.492427,181,3377.510868
-229.391688,283,3377.845151
-145.855092,181,3377.99718
-135.182279,177,3378.146351
-196.457494,156,3378.377327
-235.76493,156,3378.508434
-170.074047,166,3378.647866
-186.410345,158,3378.784107
-180.819125,166,3379.018079
-207.78591,351,3379.316456
-111.979718,182,3379.565308
-190.556783,227,3379.758139
-130.672686,208,3380.02966
-78.124288,194,3380.192913
-135.314474,216,3380.376194
-151.786633,164,3380.608308
-140.173513,172,3380.751968
-97.050886,187,3381.00234
-203.831817,158,3381.136024
-250.090904,300,3381.406187
-162.505323,170,3381.659358
-195.252565,161,3381.794273
-118.707597,198,3381.960462
-162.348823,221,3382.240438
-244.096525,228,3382.432752
-192.755678,270,3382.755807
-139.586356,218,3382.939387
-217.836426,206,3383.207979
-121.835596,258,3383.425783
-115.275125,181,3383.777297
-278.247679,284,3384.016881
-184.32665,157,3384.147417
-201.159035,221,3384.562911
-202.593043,138,3384.67805
-178.879324,233,3385.073686
-125.267449,179,3385.223215
-147.887882,170,3385.367239
-150.331892,181,3385.746264
-165.435273,236,3385.94757
-194.78863,168,3386.088277
-165.084565,221,3386.369309
-165.665688,171,3386.516224
-164.587394,204,3386.891403
-144.479644,175,3387.036334
-132.55932,192,3387.197813
-106.820563,195,3387.574654
-130.520551,207,3388.366417
-183.245394,209,3388.539382
-222.910611,151,3388.76134
-108.428909,209,3388.93797
-121.471641,205,3389.203128
-154.604504,238,3389.406706
-853.009744,207,3389.579834
-181.976101,225,3389.863945
-250.900012,228,3390.058898
-223.418494,249,3390.364827
-170.435189,268,3390.590555
-127.794191,183,3390.838212
-114.465361,181,3390.988544
-181.495219,206,3391.160432
-172.30992,231,3391.448328
-243.529519,285,3391.687246
-221.39318,244,3391.985374
-166.403126,201,3392.153632
-132.533722,349,3392.538822
-714.628024,190,3392.697715
-164.556972,243,3392.993473
-737.385594,158,3393.124519
-271.524873,314,3393.480943
-216.449055,151,3393.605568
-211.705149,231,3393.799457
-162.4865,171,3394.03541
-770.262035,259,3394.250431
-161.733453,155,3394.473698
-280.605317,300,3394.724355
-202.544928,226,3395.00744
-200.520367,249,3395.215786
-735.915032,257,3395.526476
-177.603959,236,3395.723506
-102.3171,281,3396.051847
-709.36456,188,3396.207567
-221.152648,240,3396.50062
-43.726159,190,3396.660247
-219.948795,160,3396.79318
-114.959599,205,3397.059466
-846.189777,245,3397.262998
-124.9583,227,3397.651738
-190.620594,221,3397.83936
-146.019809,224,3398.028135
-147.795765,175,3398.369632
-82.694594,191,3398.527103
-167.022247,150,3398.652279
-673.315612,172,3398.888224
-138.969533,197,3399.05271
-174.752061,257,3399.361455
-230.078434,227,3399.551693
-225.192495,148,3399.675244
-782.632853,381,3400.083841
-862.482598,328,3400.451009
-902.611387,297,3400.698556
-780.858056,158,3400.923525
-559.178794,609,3401.526572
-206.319941,227,3401.716401
-251.505886,233,3402.005564
-780.372666,193,3402.166146
-234.128705,223,3402.460179
-118.806815,185,3402.613294
-195.49706,362,3403.011704
-121.976123,331,3403.289418
-219.112941,257,3403.599147
-960.767516,336,3403.878174
-143.756633,210,3404.146147
-123.422075,163,3404.282756
-161.670386,275,3404.605776
-784.708658,148,3404.729723
-102.35081,183,3404.882891
-673.975395,260,3405.192187
-241.938989,325,3405.465146
-802.40607,263,3405.774871
-159.929692,185,3405.929606
-115.41154,188,3406.180046
-143.315228,161,3406.314882
-729.808662,193,3406.476518
-329.905722,311,3406.83286
-153.077451,253,3407.045509
-826.439527,147,3407.260185
-622.707011,185,3407.413958
-171.981621,231,3407.703175
-267.631573,285,3407.944192
-224.782373,421,3408.389539
-183.822893,223,3408.575325
-733.272652,150,3408.792241
-223.510327,226,3408.98261
-194.94074,283,3409.313136
-139.948387,216,3409.495646
-122.945922,263,3409.806339
-258.438022,226,3409.995479
-230.638401,257,3410.303672
-765.007684,184,3410.458042
-158.726296,242,3410.661281
-184.975422,236,3410.951946
-716.677724,170,3411.092735
-905.264414,219,3411.371124
-800.976593,156,3411.50199
-233.80829,294,3411.74669
-147.686659,259,3412.058253
-375.309097,396,3412.484221
-758.746683,242,3412.685117
-382.205265,305,3413.038813
-699.416778,158,3413.170377
-145.560753,191,3413.423129
-716.792574,164,3413.557985
-295.20409,308,3413.811191
-175.731273,228,3414.097442
-228.690985,225,3414.28581
-197.316656,244,3414.583997
-940.834378,220,3414.766891
-794.64974,210,3415.034791
-113.463855,208,3415.20951
-733.539656,187,3415.368767
-239.069139,311,3415.724136
-289.911124,265,3416.171235
-719.62546,181,3416.324908
-706.123218,276,3416.554614
-164.621156,265,3417.004627
-194.805191,219,3417.186504
-814.81645,221,3417.587496
-155.786854,217,3417.768054
-411.46215,446,3418.369194
-794.276423,262,3418.816484
-258.91512,294,3419.061192
-739.417888,197,3419.425075
-303.01314,216,3419.605177
-167.89979,208,3419.777285
-361.895489,434,3420.343145
-193.30272,203,3420.740515
-377.985092,369,3421.0496
-150.814349,187,3421.429317
-200.29459,251,3421.63912
-218.655673,145,3421.978546
-870.32281,555,3422.644385
-136.351604,179,3422.795553
-175.629955,183,3422.950651
-240.881426,242,3423.384321
-174.422229,175,3423.531081
-281.389778,324,3423.99987
-173.589516,170,3424.14208
-234.307454,277,3424.602953
-124.285393,199,3424.770042
-180.371375,149,3424.894821
-242.286333,243,3425.330854
-164.201181,178,3425.481359
-771.12954,196,3425.64551
-114.234672,178,3426.015588
-834.546265,243,3426.219258
-222.958012,215,3426.599905
-263.663242,258,3426.815594
-177.067051,268,3427.196514
-187.914652,162,3427.33201
-301.901883,361,3427.86872
-190.334399,223,3428.055611
-183.300061,183,3428.444425
-212.306268,268,3428.67204
-730.652329,182,3428.823327
-897.278864,317,3429.247799
-295.318117,235,3429.644199
-1027.327856,364,3429.949579
-256.385057,216,3430.357087
-815.779708,199,3430.522483
-150.239245,264,3430.945686
-855.086616,350,3431.237334
-312.722659,319,3431.71519
-217.785145,234,3431.910898
-176.42366,199,3432.280975
-142.022937,173,3432.425593
-714.338441,182,3432.578707
-218.310088,198,3432.982129
-240.347513,267,3433.206987
-180.693534,222,3433.624757
-173.972751,192,3433.786222
-243.405546,272,3434.249822
-204.705915,166,3434.389493
-795.749371,147,3434.512191
-227.317012,168,3434.889704
-243.878211,201,3435.059079
-254.052333,214,3435.238785
-267.83946,218,3435.571233
-197.454644,145,3435.693583
-800.596624,263,3436.139166
-274.124304,309,3436.395288
-208.358194,240,3436.821121
-833.749098,299,3437.070459
-265.191631,229,3437.496854
-343.962561,296,3437.745279
-343.677435,332,3438.112716
-201.597963,172,3438.2566
-260.719859,359,3438.64875
-125.116302,186,3438.803368
-161.171269,259,3439.112412
-207.570247,210,3439.28756
-196.366995,232,3439.572395
-725.848152,186,3439.727464
-194.296255,200,3439.894189
-283.429335,358,3440.28893
-443.418916,344,3440.674704
-138.056965,258,3440.891507
-366.533554,417,3441.336977
-160.39585,192,3441.589967
-297.974412,251,3441.798528
-205.107305,269,3442.12293
-210.849359,226,3442.314569
-825.843627,225,3442.502292
-210.942674,235,3442.793288
-205.794294,249,3443.001328
-160.494378,190,3443.253849
-222.526001,232,3443.447891
-200.262665,273,3445.135609
-323.112933,234,3445.331777
-195.280154,244,3445.6317
-654.283328,176,3445.777879
-249.517069,204,3445.948653
-687.084417,176,3446.291829
-198.636009,228,3446.484154
-890.684707,224,3446.869839
-876.554852,216,3447.050531
-732.920696,267,3447.502199
-402.643141,360,3447.804303
-627.268376,200,3448.170171
-675.164556,178,3448.317524
-684.223505,245,3448.720875
-477.343303,395,3449.054365
-710.913907,177,3449.43028
-725.574453,190,3449.589334
-776.767011,197,3449.751612
-323.211511,375,3450.27223
-267.154513,243,3450.704877
-225.56586,229,3450.896798
-265.45499,333,3451.401618
-238.5793,208,3451.57333
-343.692826,369,3452.084668
-871.780658,225,3452.272076
-210.768546,151,3452.601094
-220.943432,282,3452.838277
-182.252728,266,3453.302505
-412.928484,320,3453.571028
-633.12804,164,3453.932925
-704.520813,132,3454.04168
-152.341106,197,3454.20665
-195.703083,183,3454.561193
-804.508457,223,3454.746189
-756.11249,203,3454.914595
-399.34893,314,3455.402927
-186.201584,211,3455.578859
-231.1756,276,3456.049104
-276.791404,280,3456.377371
-320.587842,334,3456.661826
-244.371034,160,3456.79652
-879.853936,206,3457.060883
-744.254555,132,3457.171464
-311.867043,220,3457.44876
-347.111113,298,3457.697711
-802.2203,203,3457.959546
-814.700461,201,3458.126788
-253.324003,200,3458.293734
-200.319883,166,3458.524616
-274.168024,249,3458.73299
-342.766436,223,3459.01811
-172.657835,185,3459.173676
-261.115466,171,3459.317146
-357.428863,280,3459.646858
-361.01305,305,3459.90339
-378.907247,370,3460.307435
-851.798356,199,3460.566529
-375.134244,316,3460.829452
-287.562975,272,3461.151785
-792.230212,248,3461.360374
-861.30923,211,3461.632269
-851.163485,287,3461.870923
-297.568869,239,3462.16757
-864.688479,270,3462.393222
-265.343769,252,3462.698892
-183.993097,215,3462.878268
-927.237472,224,3463.064097
-750.225055,187,3463.311934
-1004.822451,419,3463.75471
-908.081101,227,3463.945257
-822.022134,241,3464.267493
-255.602855,218,3464.453509
-831.5252,206,3464.623849
-261.712438,360,3465.023713
-475.294821,466,3465.504376
-385.14239,402,3465.93402
-667.669564,178,3466.081829
-747.090766,145,3466.203886
-158.511818,226,3466.487593
-309.508655,305,3466.74432
-770.454232,338,3467.122388
-774.255323,153,3467.25036
-924.096711,221,3467.528875
-130.245516,178,3467.677425
-823.565793,399,3468.194838
-742.58147,166,3468.332083
-1234.045575,592,3469.046926
-801.799485,206,3469.423617
-88.33645,184,3469.577761
-1000.504221,490,3470.181423
-337.832225,360,3470.710423
-1054.104355,363,3471.211305
-515.31321,531,3471.879862
-813.754882,202,3472.048316
-254.085356,248,3472.481136
-203.613507,244,3472.690532
-691.104132,176,3472.838681
-851.395192,215,3473.258269
-730.481748,164,3473.396182
-777.807856,204,3473.565259
-736.325557,252,3474.011143
-679.3019,193,3474.170054
-335.316163,433,3474.772976
-759.761542,177,3475.131392
-820.815998,279,3475.365712
-716.58342,179,3475.513775
-726.753591,180,3475.88902
-677.569556,185,3476.043733
-697.523818,262,3476.462935
-254.584413,254,3476.674857
-871.406039,505,3477.326007
-697.946648,245,3477.733868
-185.769489,159,3477.867755
-806.027211,241,3478.071009
-367.60772,402,3478.637051
-724.988929,194,3479.026536
-439.005745,480,3479.652196
-816.279513,211,3479.844471
-156.704791,172,3479.990702
-938.696256,282,3480.461351
-932.832012,427,3481.055282
-937.954137,363,3481.358829
-755.528055,262,3481.81394
-443.129909,413,3482.386313
-822.406348,243,3482.590138
-711.913706,159,3482.722665
-297.707729,338,3483.247792
-926.690387,275,3483.680873
-809.86827,202,3483.84922
-761.251425,170,3483.991236
-742.354133,146,3484.34856
-791.248901,176,3484.495124
-783.679831,183,3484.649088
-1214.030356,594,3485.608201
-248.67721,201,3485.777592
-727.662683,170,3485.918781
-830.459088,225,3486.311534
-793.54445,175,3486.45715
-927.644282,332,3486.947327
-899.650489,254,3487.159504
-702.02755,162,3487.294572
-1064.948872,298,3487.781045
-448.932426,462,3488.39817
-1152.628816,471,3489.02426
-226.02575,234,3489.222234
-880.198002,268,3489.645639
-878.126552,202,3489.815427
-878.740073,290,3490.282027
-497.309505,396,3490.854574
-789.11235,195,3491.016189
-905.419251,210,3491.191018
-356.007918,361,3491.731572
-277.70388,216,3492.114599
-308.83364,365,3492.418209
-307.737362,232,3492.812833
-818.011194,237,3493.011898
-853.071027,200,3493.411513
-249.128971,221,3493.599344
-249.639707,228,3493.791647
-1415.596962,679,3494.809126
-935.058141,299,3495.059637
-811.017442,262,3495.374089
-843.230424,252,3495.585643
-866.217116,263,3495.898661
-298.43536,275,3496.130241
-985.803093,397,3496.556607
-340.409375,196,3496.814359
-705.846064,176,3496.962675
-788.333847,195,3497.127194
-625.102651,738,3497.937931
-1148.732558,725,3498.645043
-1036.368008,400,3499.073971
-1051.809381,389,3499.491318
-434.341938,448,3499.959585
-784.108266,159,3500.091407
-474.793601,494,3500.601788
-771.116614,195,3500.764882
-710.276983,168,3501.0002
-947.983424,341,3501.287294
-804.812914,189,3501.536598
-653.186634,659,3502.187542
-836.351523,196,3502.353497
-1546.9292,864,3503.275005
-773.814074,193,3504.173971
-323.471217,295,3504.620972
-1383.211737,620,3505.23269
-521.497944,487,3505.735167
-225.02942,296,3506.077271
-520.512805,620,3506.694321
-777.782394,577,3507.407787
-725.612403,467,3507.893698
-847.091688,250,3508.103084
-1322.408161,630,3508.815861
-881.875033,213,3508.99696
-861.10349,252,3509.207658
-374.999586,351,3509.596653
-538.430398,544,3510.148818
-887.262926,244,3510.445236
-279.894332,296,3510.692938
-764.256859,165,3510.923711
-670.059308,525,3511.461931
-259.506121,281,3511.697678
-882.077757,402,3512.127601
-635.314331,610,3512.732663
-501.963192,483,3513.233383
-449.840958,567,3513.802535
-1085.132279,442,3514.268903
-574.472117,517,3514.795699
-212.002537,319,3515.15787
-365.341865,409,3515.597536
-539.742053,449,3515.97506
-484.863331,429,3516.431292
-346.094587,303,3516.780722
-467.588905,469,3517.34661
-349.192047,364,3517.651443
-339.071539,319,3518.012309
-449.650079,568,3518.58279
-282.042866,309,3518.93806
-1138.231352,856,3519.87058
-938.579926,667,3520.620293
-932.170678,749,3521.343721
-395.827822,322,3521.706445
-447.339585,464,3522.188199
-468.476082,462,3522.67033
-562.145865,477,3523.168079
-476.511238,355,3523.464645
-828.586549,166,3523.697309
-449.865746,412,3524.041099
-525.802576,393,3524.464306
-298.049648,320,3524.828599
-496.342387,400,3525.263157
-747.536839,174,3525.408992
-830.488102,160,3525.541514
-348.655077,286,3525.872163
-604.407019,193,3526.031294
-863.944214,153,3526.158955
-260.854818,221,3526.438044
-903.039357,210,3526.612062
-981.083509,225,3526.890668
-1168.757931,380,3527.209187
-426.508129,305,3527.572682
-539.848744,420,3528.020357
-937.797033,278,3528.252886
-586.017721,414,3528.693786
-290.252336,256,3529.004819
-310.470531,262,3529.224423
-582.40917,436,3529.682216
-271.418828,249,3529.985261
-548.261041,393,3530.315632
-960.534948,253,3530.740545
-326.301186,332,3531.115538
-308.078171,299,3531.36672
-632.251523,397,3531.79404
-202.894089,166,3531.932808
-536.085044,394,3532.35722
-769.145171,544,3532.908054
-243.754507,197,3533.073369
-703.611842,486,3533.57327
-182.447786,181,3533.818478
-778.074896,158,3533.949157
-345.212725,234,3534.145251
-401.841345,317,3534.504533
-272.98934,309,3534.85737
-270.537502,243,3535.061109
-217.865182,205,3535.326285
-283.565814,294,3535.572899
-296.045825,236,3535.866618
-233.767582,168,3536.00533
-261.079658,173,3536.150575
-273.397783,259,3536.461744
-305.192859,218,3536.644081
-276.730302,238,3536.946034
-217.238377,164,3537.086636
-323.219735,251,3537.309944
-334.08528,229,3537.612862
-193.111646,200,3537.78887
-263.53534,208,3538.057399
-743.052453,174,3538.208216
-413.066992,327,3538.576168
-311.307323,320,3538.84517
-924.121808,208,3539.221347
-368.625419,282,3539.456528
-229.908878,201,3539.719029
-218.942628,190,3539.878416
-668.118061,462,3540.36058
-652.674418,534,3540.904639
-378.414809,305,3541.253252
-302.016091,322,3541.525647
-342.642175,288,3541.863292
-418.090743,368,3542.274224
-238.058598,245,3542.481757
-624.991734,453,3542.957117
-203.458599,255,3543.171651
-376.647554,238,3543.465029
-808.347968,201,3543.632634
-297.449333,271,3543.952967
-288.736336,267,3544.177703
-407.676779,244,3544.473399
-261.661124,207,3544.646615
-296.387147,279,3544.972236
-273.69042,208,3545.147512
-255.531718,256,3545.458994
-212.990975,196,3545.620552
-355.248488,255,3545.835759
-772.997152,169,3546.136344
-253.424557,177,3546.284496
-254.152799,230,3546.573832
-281.667378,267,3546.797292
-447.034884,265,3547.113203
-233.362787,229,3547.304702
-247.788671,190,3547.463407
-226.968975,231,3547.751544
-427.425932,304,3548.102937
-211.135527,229,3548.294449
-259.956128,236,3548.492417
-143.165143,176,3548.731497
-226.157833,204,3548.903993
-313.541502,271,3549.226318
-309.482304,208,3549.40058
-282.465364,226,3549.682868
-309.662439,219,3549.867148
-243.644255,197,3550.032182
-855.735725,222,3550.31108
-233.714377,226,3550.501842
-370.128483,214,3550.774618
-260.711278,220,3550.962218
-229.345289,225,3551.244842
-223.874718,228,3551.435925
-268.613361,235,3551.633172
-250.77388,215,3551.907889
-270.547284,148,3552.032434
-326.780804,243,3552.329156
-194.017324,209,3552.510428
-260.104218,215,3552.690738
-211.100496,182,3552.940614
-196.190232,172,3553.084945
-277.973185,173,3553.229864
-219.6922,204,3553.495061
-185.050704,259,3553.711636
-223.207522,227,3554.097035
-225.579595,225,3554.286436
-170.437372,214,3554.560611
-278.405297,314,3554.824409
-248.145484,276,3555.151415
-218.248906,293,3555.398665
-265.826584,211,3555.671082
-245.35194,208,3555.84505
-192.352918,216,3556.119928
-247.730222,174,3556.943777
-249.0666,252,3557.157392
-274.812462,143,3557.370422
-211.12471,245,3557.57783
-337.285552,266,3557.895009
-178.536611,233,3558.09067
-199.877043,192,3558.347193
-186.802152,169,3558.48971
-218.90037,203,3558.659645
-199.089768,211,3558.943545
-243.07859,179,3559.093648
-235.366275,170,3559.238379
-175.463213,176,3559.483106
-162.109672,183,3559.636563
-188.657981,198,3559.802537
-800.912413,208,3560.071067
-197.475423,166,3560.21059
-222.576467,229,3560.496985
-200.360525,176,3560.645335
-161.389497,199,3560.811326
-176.153095,175,3561.057296
-200.608693,164,3561.194916
-238.926513,153,3561.324052
-180.796904,158,3561.551725
-235.392461,168,3561.692881
-218.656162,177,3561.841498
-223.008708,216,3562.117536
-221.393299,168,3562.256632
-251.051557,170,3562.398992
-214.051788,157,3562.625749
-280.082444,182,3562.778558
-196.834519,202,3562.94911
-210.465307,170,3563.187186
-187.569537,201,3563.35653
-159.487919,185,3563.607902
-184.425186,158,3563.740485
-133.055377,177,3563.888937
-236.002722,201,3564.151753
-268.13559,152,3564.279545
-241.652018,134,3564.39221
-247.946909,178,3564.630855
-250.897279,223,3564.819559
-189.393506,172,3564.964818
-250.146782,172,3565.203902
-248.145815,207,3565.37974
-234.370072,202,3565.549457
-127.249183,183,3565.797696
-170.973584,194,3565.96101
-274.739526,217,3566.237114
-217.967253,192,3566.400167
-261.219075,219,3566.584886
-308.233243,229,3566.868039
-165.681179,194,3567.031797
-250.13337,170,3567.267388
-283.576161,220,3567.452734
-128.89409,269,3567.770577
-161.782554,185,3567.926979
-117.697816,188,3568.084819
-251.769882,265,3568.401922
-224.604626,204,3568.573135
-192.45031,190,3568.824534
-163.442693,197,3568.991221
-210.273914,178,3569.140878
-197.444581,232,3569.428836
-253.33502,244,3569.635334
-216.285578,166,3569.86727
-149.948194,178,3570.018037
-140.66532,175,3570.16264
-175.252137,191,3570.416858
-197.676504,168,3570.557446
-180.607822,172,3570.702049
-231.882219,154,3570.923308
-177.84829,170,3571.066707
-209.193473,167,3571.207028
-133.805546,181,3571.569159
-233.138075,152,3571.69746
-249.324963,160,3571.831503
-241.482518,225,3572.22218
-198.04643,165,3572.362144
-192.249261,164,3572.499679
-198.515438,158,3572.726444
-208.025246,168,3572.867615
-180.965097,166,3573.007726
-198.471428,211,3573.27902
-177.913837,172,3573.426269
-231.808137,145,3573.548701
-162.565318,184,3573.796656
-162.29604,182,3573.949524
-203.327504,167,3574.088941
-237.266748,167,3574.321641
-199.840395,170,3574.464649
-136.792628,178,3574.61451
-189.76181,162,3574.848228
-178.839495,162,3574.98559
-298.47905,235,3575.180521
-126.589196,184,3575.429964
-204.997165,174,3575.576341
-222.173511,155,3575.706788
-144.254403,179,3576.057207
-222.185966,161,3576.192144
-158.918234,194,3576.356031
-301.380095,209,3576.634451
-171.397819,169,3576.776713
-196.604001,175,3576.924629
-199.145086,172,3577.166708
-215.668328,248,3577.376443
-182.199172,205,3577.75202
-212.913375,221,3577.942489
-201.865236,171,3578.087217
-189.142685,202,3578.441402
-181.248542,173,3578.590664
-227.777387,158,3578.81803
-181.237721,179,3578.968852
-211.083395,173,3579.114614
-237.20459,222,3579.501314
-188.242385,219,3579.685091
-882.341005,215,3579.863711
-185.11735,184,3580.115968
-181.278196,158,3580.249435
-220.577925,195,3580.510392
-227.166274,162,3580.646369
-217.648408,242,3580.850319
-192.117826,236,3581.141948
-207.996038,203,3581.313
-157.391633,182,3581.561678
-193.113323,173,3581.709192
-218.485386,226,3581.898759
-258.903537,149,3582.117467
-226.131216,142,3582.236019
-213.692569,195,3582.399772
-155.786089,173,3582.643366
-162.440136,184,3582.798011
-185.316191,164,3582.935706
-231.534904,183,3583.182496
-219.59876,195,3583.346778
-216.317851,159,3583.484009
-249.553588,195,3583.742061
-169.603198,191,3583.903586
-145.307796,175,3584.051018
-215.895174,152,3584.271714
-131.587211,181,3584.423861
-167.193332,186,3584.580726
-141.805936,176,3584.823313
-204.603917,157,3584.956408
-111.907318,179,3585.106113
-206.627574,155,3585.331573
-151.305551,198,3585.498982
-203.033682,162,3585.635465
-119.430799,186,3585.886857
-201.318833,149,3586.01213
-174.188677,219,3586.290891
-175.724096,177,3586.440329
-224.433261,151,3586.566673
-215.486033,208,3586.83548
-158.609448,231,3587.031484
-277.779861,212,3587.206874
-169.328972,213,3587.588689
-173.996725,208,3587.765579
-182.637723,217,3588.168077
-167.77533,226,3588.359511
-193.226862,167,3588.500348
-208.370394,164,3588.869566
-167.742399,166,3589.009501
-180.31454,168,3589.151579
-154.083243,184,3589.401116
-208.313971,219,3589.586285
-205.601074,212,3589.858539
-166.079377,154,3589.988616
-144.581071,179,3590.13962
-191.715361,163,3590.371903
-143.395781,187,3590.529054
-204.590423,153,3590.659347
-158.580269,192,3590.915159
-192.231618,189,3591.074155
-225.949907,165,3591.214021
-173.754714,170,3591.451271
-151.781668,179,3591.608068
-193.660774,162,3591.74606
-178.126509,209,3592.016237
-189.738488,217,3592.198817
-181.089417,225,3592.482612
-163.915327,230,3592.67592
-190.665689,194,3592.8404
-196.650148,161,3593.069845
-226.408301,251,3593.282615
-207.685071,168,3593.517815
-213.171287,155,3593.648423
-197.142286,208,3593.823944
-155.936435,168,3594.059722
-257.132446,214,3594.240427
-226.888875,149,3594.365211
-183.427229,217,3594.643212
-180.313915,223,3594.830193
-226.505154,224,3595.11217
-179.577699,154,3595.242784
-184.921628,158,3595.379145
-132.990171,176,3595.637341
-377.592398,351,3595.933117
-203.322497,226,3596.21569
-152.480729,204,3596.388723
-197.661688,187,3596.546211
-148.225254,173,3596.78724
-164.681986,159,3596.921209
-183.080688,174,3597.067635
-156.837293,170,3597.308127
-212.071608,189,3597.468108
-131.243807,203,3597.73334
-133.371488,175,3597.881285
-221.366559,168,3598.023011
-290.421722,277,3598.349971
-254.446201,247,3598.55871
-208.624423,228,3598.845696
-210.088406,207,3599.020533
-243.958235,163,3599.157469
-261.335777,153,3599.378851
-222.812261,243,3599.584414
-179.117707,183,3599.834967
-279.792031,256,3600.051532
-156.422166,236,3600.250696
-181.554631,208,3600.519166
-172.139423,149,3600.642859
-196.748231,189,3600.894883
-141.576328,223,3601.08934
-197.341594,237,3601.286558
-153.691282,180,3601.52899
-200.310442,232,3601.724414
-234.997824,251,3602.034371
-119.461852,187,3602.190612
-247.422332,230,3602.477254
-283.534775,273,3602.70873
-142.770946,192,3602.870018
-119.126965,181,3603.223146
-179.725975,222,3603.411144
-168.970942,241,3603.707111
-216.473934,150,3603.833795
-186.395954,167,3603.973382
-179.598736,240,3604.374998
-116.947929,184,3604.530908
-166.459336,241,3604.968105
-319.640326,310,3605.230426
-337.828235,305,3605.584596
-225.690236,218,3605.768537
-258.540111,243,3606.066533
-153.339218,222,3606.253653
-282.703686,328,3606.623974
-291.440295,317,3606.891525
-228.883626,260,3607.204899
-371.971336,313,3607.562771
-180.720158,221,3607.749866
-243.838651,229,3607.942921
-865.812197,223,3608.222873
-178.811275,207,3608.396654
-252.506511,250,3608.702577
-235.700598,242,3608.904858
-199.412485,160,3609.209385
-135.36893,256,3609.425004
-371.27322,407,3610.980872
-211.553876,236,3611.179285
-126.798742,191,3611.434699
-382.696453,405,3611.775963
-191.471807,246,3612.17987
-181.635304,228,3612.372468
-163.572616,251,3612.786942
-224.731612,343,3613.17042
-145.849096,276,3613.401638
-150.955632,173,3613.546452
-215.815903,325,3613.914005
-320.002744,316,3614.279113
-211.710301,265,3614.503044
-339.416041,379,3614.918196
-270.571969,305,3615.269784
-245.709706,250,3615.483422
-225.16792,168,3615.62375
-165.782262,248,3615.926773
-720.920681,195,3616.089176
-336.978283,375,3616.49923
-274.716213,283,3616.931133
-172.475203,225,3617.123688
-370.271149,376,3617.6674
-320.533131,383,3617.991314
-290.212001,310,3618.355885
-217.331703,164,3618.493509
-162.230913,168,3618.727686
-360.259778,369,3619.040721
-215.408003,186,3619.290644
-195.538004,212,3619.471487
-186.720931,249,3619.773483
-144.028624,179,3619.923005
-113.58342,272,3620.244389
-287.664153,281,3620.484019
-866.642117,234,3620.772384
-286.343324,317,3621.039973
-370.922124,399,3621.473735
-129.903261,318,3621.833695
-305.753357,314,3622.098991
-236.730226,306,3622.554068
-141.044233,241,3622.757661
-467.807073,445,3623.331184
-152.004152,240,3623.763117
-201.837954,167,3623.90491
-279.156765,310,3624.260805
-849.099535,260,3624.478937
-152.585036,225,3624.670462
-147.201494,206,3624.93852
-180.652923,239,3625.140141
-184.612206,217,3625.42032
-223.847268,241,3625.62272
-898.862021,217,3625.895759
-225.418487,240,3626.097717
-196.396736,234,3626.38744
-128.411428,196,3626.554468
-179.085521,264,3626.780362
-211.248424,218,3627.056635
-165.042807,228,3627.248398
-252.510067,321,3627.612958
-836.478303,216,3627.790401
-235.494889,266,3628.107921
-254.382328,286,3628.34768
-145.877571,202,3628.611772
-189.723364,183,3628.765272
-338.069508,315,3629.124784
-882.962575,228,3629.31391
-104.680417,190,3629.566465
-160.704791,331,3629.845417
-182.99993,224,3630.129661
-193.503603,236,3630.330467
-191.619708,237,3630.626451
-130.066112,244,3630.831359
-125.731207,181,3631.076941
-150.966046,197,3631.243422
-153.081421,197,3631.410745
-780.313732,166,3631.643196
-240.842193,232,3631.837884
-142.157276,229,3632.029649
-212.838349,219,3632.307571
-239.932629,256,3632.522835
-236.984109,278,3632.850554
-209.202777,241,3633.050602
-233.454781,315,3633.41024
-170.573588,190,3633.567469
-201.740199,227,3633.851639
-254.374148,399,3634.285081
-128.467051,174,3634.431916
-192.203163,267,3634.749211
-186.560134,240,3634.952435
-238.673297,240,3635.153654
-123.463323,254,3635.463497
-142.743325,201,3635.636025
-837.304558,201,3635.925009
-153.071685,180,3636.077166
-177.345464,160,3636.21149
-264.978592,204,3636.565247
-122.282497,183,3636.719749
-155.843721,208,3637.10483
-426.713148,360,3637.406055
-137.89756,220,3637.792533
-98.59929,191,3637.953112
-254.149303,297,3638.406682
-259.260022,248,3638.615499
-273.262979,237,3639.047872
-856.507076,261,3639.273772
-719.136427,176,3639.420515
-135.121141,234,3639.845077
-308.399232,306,3640.127625
-312.695202,260,3640.582608
-185.017761,238,3640.798327
-212.947017,263,3641.246924
-135.024044,180,3641.39848
-260.397723,291,3641.740381
-114.245354,224,3641.929752
-763.346064,167,3642.167047
-311.937181,306,3642.423972
-930.50586,220,3642.706734
-159.303943,232,3642.902143
-253.870843,285,3643.238182
-153.555545,171,3643.38141
-170.699164,266,3643.699693
-162.489586,263,3643.921122
-158.984509,229,3644.317236
-151.770442,236,3644.516878
-176.86889,168,3644.658635
-253.437459,233,3644.948969
-174.775101,271,3645.176918
-237.691588,203,3645.446068
-767.635504,258,3645.661947
-229.685278,238,3645.957305
-772.164906,226,3646.145208
-143.943149,284,3646.583485
-710.943962,134,3646.69611
-157.989561,193,3646.858775
-129.980408,189,3647.118981
-162.348644,247,3647.326339
-209.344826,192,3647.580206
-161.464112,172,3647.729353
-283.612085,242,3647.932648
-110.152618,185,3648.285496
-193.172695,225,3648.474507
-175.752532,221,3648.754793
-149.825655,233,3648.952398
-149.005206,203,3649.122382
-218.747971,247,3649.424234
-234.367778,227,3649.613648
-223.295079,201,3649.87664
-157.53028,190,3650.037207
-174.889872,174,3650.183311
-167.531022,238,3650.483623
-163.053112,252,3650.69783
-181.036794,276,3651.025907
-167.611899,178,3651.177789
-202.301622,212,3651.448934
-191.711175,235,3651.645598
-287.965454,371,3652.055483
-161.228902,261,3652.275667
-99.869229,265,3652.59392
-191.359707,226,3652.782937
-179.597475,211,3653.054112
-264.315351,269,3653.279547
-207.021648,332,3653.654371
-105.646554,215,3653.835756
-712.707544,133,3654.042925
-202.092543,275,3654.271904
-221.780627,179,3654.422184
-189.009804,203,3654.687615
-179.959564,226,3654.877854
-716.28284,183,3655.126003
-691.345484,204,3655.29603
-705.9522,133,3655.410115
-134.864495,199,3655.672143
-174.005756,302,3655.927023
-116.819731,255,3656.234877
-115.800071,187,3656.392163
-149.98871,236,3656.690152
-133.686388,170,3656.833455
-643.691061,184,3656.987879
-226.986658,286,3657.322728
-207.017636,230,3657.514973
-805.569834,211,3657.799311
-251.757318,355,3658.09726
-199.367558,250,3658.400642
-137.780797,224,3658.587848
-834.690386,237,3659.00061
-109.841931,217,3659.184281
-779.526154,215,3659.593504
-172.946004,227,3659.785175
-788.552456,207,3660.157506
-199.184175,220,3660.343745
-202.976405,234,3660.540961
-192.067796,305,3660.998566
-196.107004,244,3661.204464
-204.266576,362,3661.739087
-766.494473,186,3662.121987
-345.605469,395,3662.453762
-745.633483,332,3662.936497
-801.146718,158,3663.070213
-832.535993,257,3663.516804
-249.5463,325,3663.790401
-751.982431,210,3664.173763
-319.355144,374,3664.688492
-754.846008,163,3664.823823
-169.626045,290,3665.068556
-279.070345,365,3666.009312
-685.636915,192,3666.374124
-265.644844,437,3666.749101
-717.0044,200,3667.143446
-784.520539,278,3667.376124
-329.006954,402,3667.939119
-203.268175,273,3668.401635
-824.079323,222,3668.589128
-176.786968,286,3669.036973
-691.613431,170,3669.178863
-226.462723,269,3669.623652
-316.917684,351,3669.928306
-259.621241,247,3670.371157
-193.630175,286,3670.616662
-288.644696,372,3671.126513
-819.59697,154,3671.253063
-292.672552,441,3671.721116
-843.316505,316,3672.079478
-712.210936,159,3672.210708
-1089.217884,591,3672.803577
-536.257933,654,3673.446625
-297.571197,448,3673.917635
-823.87667,168,3674.151041
-437.482602,1000,3675.174348
-790.285393,447,3675.642264
-217.32244,331,3675.919125
-808.711633,198,3676.178755
-836.993564,241,3676.380997
-335.209144,389,3676.800885
-823.583729,404,3677.239753
-292.427999,323,3677.510956
-831.75099,408,3677.948544
-1019.196544,626,3678.566768
-661.248939,1000,3679.603062
-316.917234,313,3679.959511
-324.370922,449,3680.429513
-167.618757,252,3680.640514
-391.62942,583,3681.230633
-125.127674,246,3681.531925
-319.386703,382,3681.945526
-168.137053,214,3682.12414
-137.63518,232,3682.31875
-145.199887,274,3682.639641
-132.755737,217,3682.819756
-145.573502,196,3683.078233
-190.289896,244,3683.282947
-196.287623,195,3683.543878
-272.937805,322,3683.815173
-196.879108,241,3684.111983
-222.949681,249,3684.323836
-673.414463,178,3684.564824
-259.610979,282,3684.803002
-215.124199,266,3685.121038
-147.725592,183,3685.275188
-207.206873,241,3685.478914
-844.701411,297,3685.821337
-375.422113,308,3686.168834
-934.294001,400,3686.504524
-222.277907,265,3686.821686
-861.917854,332,3687.199049
-239.541779,246,3687.401311
-247.760703,260,3687.708091
-297.938939,322,3687.980472
-181.728721,245,3688.375133
-233.067675,237,3688.573049
-215.935636,155,3688.702281
-250.92613,221,3689.11355
-204.000762,159,3689.246545
-187.342608,173,3689.39143
-274.079708,235,3689.814526
-169.036805,252,3690.027211
-414.700715,401,3690.571203
-166.337256,217,3690.966083
-343.753797,325,3691.239408
-390.840935,373,3691.751163
-175.828632,172,3691.895508
-471.934781,458,3692.372156
-200.545762,223,3692.651757
-802.998726,276,3692.881688
-277.983963,343,3693.262073
-299.706046,228,3693.452459
-488.829847,455,3694.047349
-228.732561,265,3694.468162
-279.251735,413,3694.907486
-325.967683,425,3695.265008
-328.123804,251,3695.569799
-410.007886,381,3695.986181
-444.78046,427,3696.345867
-190.584372,209,3696.617165
-242.528968,330,3696.893291
-228.928861,241,3697.191085
-260.580917,336,3697.697341
-961.03305,396,3698.029753
-250.513503,275,3698.491103
-592.192868,577,3699.201318
-256.261154,336,3699.710183
-382.309954,397,3700.045209
-307.667515,307,3700.503075
-308.753437,337,3700.996213
-280.061188,267,3701.220613
-180.545502,284,3701.554287
-254.443784,296,3701.803872
-308.880453,372,3702.210947
-308.709582,387,3702.628973
-550.819569,551,3703.184003
-405.708262,411,3703.620929
-393.905038,484,3704.120852
-182.007917,172,3704.264054
-188.545094,170,3704.409511
-281.224707,233,3704.699399
-899.819647,266,3704.919927
-212.896457,210,3705.192721
-807.714669,241,3705.395546
-194.033645,164,3705.64431
-289.175401,264,3705.866456
-498.836928,432,3706.457494
-474.576645,404,3706.893352
-517.630032,420,3707.347023
-285.349921,240,3707.550076
-408.611379,399,3707.982246
-958.603413,311,3708.241753
-524.24838,429,3708.695917
-220.94984,153,3708.918624
-299.418575,316,3709.184713
-243.76657,179,3709.334042
-320.713958,262,3709.646577
-228.094085,239,3709.847961
-260.003509,235,3710.139435
-363.695137,335,3710.527185
-278.732324,223,3710.71504
-368.9971,347,3711.104859
-321.814522,344,3711.405483
-254.698502,202,3711.669809
-223.195871,205,3711.842448
-241.269891,287,3712.181156
-199.211183,178,3712.33002
-178.58554,263,3712.641871
-295.514563,247,3712.850113
-301.077339,269,3713.171604
-198.270006,169,3713.313298
-227.14703,191,3713.472472
-166.149473,208,3713.741992
-404.474771,313,3714.005187
-275.736956,348,3714.39157
-289.429776,238,3714.591555
-376.402655,369,3714.99654
-367.691467,346,3715.382068
-796.329996,245,3715.584859
-206.635156,179,3715.831609
-152.726666,206,3716.000865
-278.770216,310,3716.354152
-169.786361,211,3716.530985
-131.466403,202,3716.701332
-277.816719,340,3717.082504
-129.618604,190,3717.333915
-351.722264,321,3717.604816
-304.590441,369,3718.007741
-263.158812,269,3718.239267
-307.584835,317,3718.598281
-220.412277,232,3718.792645
-316.474831,336,3719.168936
-838.243259,276,3719.494948
-160.957831,209,3719.670738
-188.615062,196,3719.836195
-196.044414,278,3720.861622
-196.63148,238,3721.06191
-144.154233,262,3721.374021
-485.694132,484,3721.873225
-201.626479,230,3722.067921
-305.463398,374,3722.474325
-202.575889,197,3722.638833
-105.423084,225,3722.921729
-277.407466,318,3723.281217
-295.249837,373,3723.593345
-163.798116,252,3723.901137
-176.525341,222,3724.087083
-170.767592,214,3724.360488
-328.34825,471,3724.847975
-301.396277,233,3725.043482
-813.039041,323,3725.406435
-135.89293,175,3725.553572
-344.761494,281,3725.884659
-581.139785,742,3726.603043
-235.661352,329,3726.97424
-190.853439,181,3727.126846
-913.769589,301,3727.472123
-392.668463,376,3727.786377
-217.117557,168,3728.021187
-143.161188,183,3728.173748
-243.762854,241,3728.375839
-237.07183,277,3728.701302
-281.59279,266,3728.925137
-229.825884,260,3729.244962
-242.655545,264,3729.559016
-489.400064,397,3729.898222
-232.932647,197,3730.155789
-308.97699,232,3730.352227
-224.199745,154,3730.482172
-180.208981,188,3730.733639
-213.422215,177,3730.882909
-229.192542,280,3731.206021
-358.348746,410,3731.554376
-221.800967,157,3731.781552
-569.859885,469,3732.270825
-247.774351,262,3732.493406
-318.521009,256,3732.807378
-168.870062,232,3733.00217
-204.670339,156,3733.132925
-245.369102,273,3733.455179
-193.919934,156,3733.586428
-264.49473,195,3733.843276
-405.489721,547,3734.395221
-259.091279,178,3734.544271
-190.409047,233,3734.834477
-244.354773,154,3734.961971
-436.927435,273,3735.191097
-223.554118,230,3735.473094
-225.447019,177,3735.622274
-171.99048,184,3735.869192
-251.703228,229,3736.061938
-211.704922,169,3736.203788
-222.838396,235,3736.496359
-327.638746,309,3736.75518
-323.173835,234,3737.047796
-285.548849,259,3737.264882
-183.52155,157,3737.490038
-270.923436,255,3737.702098
-246.457086,191,3737.9592
-303.076074,218,3738.142465
-397.446653,376,3738.550453
-251.74403,196,3738.714184
-247.978597,195,3738.87609
-198.957292,158,3739.100145
-276.982275,259,3739.316828
-352.608922,354,3739.721056
-211.409187,190,3739.880599
-236.409765,231,3740.169012
-277.74096,314,3740.433534
-345.290923,330,3740.804765
-219.15242,179,3740.954642
-403.409996,373,3741.360328
-340.877492,261,3741.677953
-190.26241,161,3741.813136
-389.214289,368,3742.21789
-366.79461,264,3742.439979
-226.047915,174,3742.679996
-245.455228,256,3742.89612
-361.763074,329,3743.283233
-270.285781,169,3743.425031
-234.274614,193,3743.58589
-163.141086,191,3743.84194
-398.020673,337,3744.128851
-229.414637,237,3744.422837
-295.68296,300,3744.673763
-412.10488,458,3745.15209
-219.484603,176,3745.395704
-440.981675,405,3745.734824
-274.256966,176,3745.980311
-361.636999,376,3746.467726
-178.417718,222,3746.654823
-289.689253,263,3746.968398
-258.509955,306,3747.226161
-298.910252,231,3747.515918
-303.53911,267,3747.739649
-248.463235,173,3747.883883
-227.655258,242,3748.180213
-255.95808,266,3748.397704
-203.499135,180,3748.753144
-204.921852,194,3748.916613
-210.858135,167,3749.057068
-209.636428,212,3749.330194
-217.879863,247,3749.537236
-234.334949,245,3749.837703
-215.005875,155,3749.968764
-581.679921,614,3750.57705
-250.816887,211,3750.846428
-207.933358,166,3750.986442
-314.495388,283,3751.314281
-777.668999,253,3751.524482
-390.591401,404,3751.957083
-329.713979,282,3752.194064
-205.436669,176,3752.435215
-262.89973,264,3752.655921
-314.525908,316,3753.011349
-216.863987,188,3753.168615
-217.43052,233,3753.590444
-234.201292,272,3753.817599
-182.817581,198,3754.16969
-233.142441,264,3754.389334
-321.684411,241,3754.68377
-209.591616,219,3754.867483
-198.982048,167,3755.006691
-208.385706,232,3755.305262
-197.379923,157,3755.440629
-196.820898,250,3755.869113
-212.946472,174,3756.013682
-186.246309,194,3756.176646
-235.113115,254,3756.586598
-155.482452,190,3756.747033
-303.084508,254,3757.053844
-326.344939,277,3757.28397
-217.92369,160,3757.511139
-294.984804,325,3757.785214
-227.601776,332,3758.284543
-318.466156,232,3758.478676
-194.977648,173,3758.71882
-197.279508,181,3758.869732
-173.048084,178,3759.018308
-210.557602,206,3759.282961
-806.348348,214,3759.461851
-175.948723,195,3759.717373
-198.567139,160,3759.850995
-245.042821,256,3760.065625
-194.863731,167,3760.298312
-734.17846,189,3760.456782
-280.928217,283,3760.789118
-213.269693,155,3760.922091
-668.054623,272,3761.149447
-276.823163,220,3761.558831
-184.982761,152,3761.687115
-178.701877,163,3762.022705
-203.089261,279,3762.256662
-212.259567,245,3762.555305
-746.695942,191,3762.713727
-230.872486,207,3762.889731
-198.127495,218,3763.165793
-243.365583,177,3763.313837
-235.254045,164,3763.451087
-333.74678,284,3763.780706
-261.918457,173,3763.925489
-150.691565,203,3764.186755
-224.476727,232,3764.3813
-793.305266,210,3764.754517
-221.61494,214,3764.93442
-200.436753,176,3765.081511
-201.513943,198,3765.342646
-259.441966,242,3765.544697
-199.847621,169,3765.784194
-701.222425,193,3765.946005
-271.905265,199,3766.114091
-214.645171,153,3766.436149
-212.380205,179,3766.585952
-762.179492,201,3766.75333
-209.310897,146,3767.075363
-731.281037,161,3767.210568
-203.774029,207,3767.384008
-213.677188,146,3767.600593
-328.641845,280,3767.836077
-298.963409,222,3768.117212
-679.397053,185,3768.272372
-224.394172,162,3768.406936
-417.017457,372,3768.813698
-190.258315,165,3768.952134
-236.780966,245,3769.252063
-217.814838,216,3769.432922
-222.409539,237,3769.725693
-177.995863,178,3769.874119
-878.077519,218,3770.057688
-216.081059,173,3770.295662
-350.001436,369,3770.801149
-193.739356,183,3770.955167
-751.831213,198,3771.119611
-191.319585,178,3771.367183
-368.016486,474,3771.859226
-222.278162,222,3772.044736
-877.166496,284,3772.375401
-748.105143,180,3772.524851
-157.934246,209,3772.697938
-827.196456,226,3772.981129
-252.274032,237,3773.181062
-739.312278,175,3774.393229
-216.96698,183,3774.545714
-281.927057,324,3774.909332
-331.559994,375,3775.223656
-729.00603,199,3775.483857
-216.884338,242,3775.68583
-304.55776,225,3776.093101
-221.987021,213,3776.27245
-327.691451,360,3776.796019
-783.830718,207,3776.966783
-754.054726,139,3777.081636
-657.642473,187,3777.330946
-215.172882,209,3777.506582
-244.288496,354,3778.000618
-249.492793,244,3778.205148
-720.714302,149,3778.423317
-164.710986,228,3778.611838
-170.010103,283,3778.942803
-833.788272,251,3779.151477
-316.531021,247,3779.449654
-348.736662,469,3779.84191
-923.083701,344,3780.221689
-740.01747,191,3780.476376
-909.736634,232,3780.676377
-787.821769,186,3780.831822
-206.738922,213,3781.103652
-746.823675,214,3781.279343
-247.074228,250,3781.682287
-332.700668,334,3781.964304
-350.12269,356,3782.467399
-730.311772,188,3782.625173
-322.3837,246,3783.033263
-321.564193,265,3783.256851
-223.275769,223,3783.671889
-756.613464,192,3783.832397
-895.660556,219,3784.223064
-802.48063,275,3784.454241
-800.038646,189,3784.807926
-319.678531,323,3785.082855
-725.878034,181,3785.233438
-822.753905,212,3785.611058
-296.944238,295,3785.857652
-865.1565,286,3786.297679
-170.529395,188,3786.456293
-299.56487,155,3786.813281
-248.727277,263,3787.035564
-269.509775,246,3787.469889
-398.358128,370,3787.780293
-229.285441,205,3788.176863
-232.977306,199,3788.346125
-158.250234,189,3788.703726
-736.443396,203,3788.876663
-843.594054,206,3789.048337
-258.679174,209,3789.448802
-199.389641,192,3789.610124
-855.275614,225,3789.997145
-252.097366,336,3790.277314
-438.843859,410,3790.824852
-337.931682,243,3791.254983
-228.421205,228,3791.448503
-168.599452,267,3791.865925
-266.062682,231,3792.065602
-314.195956,293,3792.543398
-266.195618,274,3792.775923
-314.50868,239,3793.208842
-378.022964,312,3793.473112
-264.251773,211,3793.883541
-245.566432,221,3794.072351
-217.751495,248,3794.280613
-972.106163,349,3794.77961
-834.050775,254,3795.227546
-753.902636,168,3795.368582
-882.950661,252,3795.579017
-216.640146,164,3795.922237
-248.53326,280,3796.155237
-349.099414,248,3796.45814
-198.353544,223,3796.645312
-892.786932,232,3796.94013
-244.449483,178,3797.090475
-276.682366,295,3797.431232
-212.167473,179,3797.581421
-253.246553,286,3797.9151
-207.35531,217,3798.095975
-308.93434,292,3798.431785
-480.70962,345,3798.721578
-234.885176,287,3799.055199
-855.542619,216,3799.236085
-781.96676,167,3799.467269
-275.971959,226,3799.657135
-215.030404,215,3799.83747
-190.318085,182,3800.085013
-245.827354,300,3800.33865
-261.118944,273,3800.660321
-506.232017,462,3801.141611
-758.268563,174,3801.286778
-176.255279,148,3801.410468
-369.19785,313,3801.777273
-350.866873,243,3801.979805
-289.257617,277,3802.304322
-242.532434,320,3802.665028
-364.382769,401,3802.998119
-321.157178,284,3803.32841
-278.415161,227,3803.517304
-202.627297,168,3803.830832
-239.502755,200,3803.999438
-262.189208,184,3804.15304
-742.517901,206,3804.548389
-780.001483,203,3804.717492
-819.059291,283,3805.163747
-349.363758,338,3805.669145
-718.766749,186,3805.835134
-261.97966,203,3806.004913
-454.727928,389,3806.424332
-335.179476,250,3806.728904
-243.023921,236,3806.928675
-376.83833,411,3807.367104
-251.951207,162,3807.501165
-197.638112,221,3807.778621
-283.725294,162,3807.914653
-189.551596,174,3808.0608
-321.501946,328,3808.533701
-285.048838,194,3808.695824
-299.766179,284,3809.171198
-248.491642,268,3809.396346
-231.501899,186,3809.644095
-307.395607,199,3809.811335
-176.745586,210,3809.985775
-261.689037,338,3810.36341
-198.867413,176,3810.510244
-364.786984,282,3810.841397
-287.002004,256,3811.056951
-263.496878,249,3811.358999
-254.685709,165,3811.496524
-280.366779,224,3811.777287
-452.443375,381,3812.094768
-174.332451,180,3812.337775
-210.058618,171,3812.480178
-259.617638,228,3812.763993
-213.776529,236,3812.959364
-257.632501,254,3813.26454
-303.106624,215,3813.444456
-236.745203,154,3813.571418
-250.44656,205,3813.840034
-246.331769,232,3814.033375
-296.918956,198,3814.291778
-264.617434,140,3814.409051
-316.038487,221,3814.593871
-219.021353,199,3814.854023
-207.176347,212,3815.032115
-196.956484,175,3815.177446
-319.883781,253,3815.485551
-241.057189,231,3815.678101
-230.124139,198,3815.938664
-270.561024,215,3816.118458
-225.885377,198,3816.378078
-192.800766,172,3816.522018
-208.144515,189,3816.679552
-366.580582,263,3816.992206
-345.072159,306,3817.248385
-150.677404,181,3817.492602
-234.440676,161,3817.627685
-223.43419,166,3817.765822
-244.890566,196,3818.023106
-216.481109,210,3818.199291
-186.6725,182,3818.351663
-268.4286,189,3818.737893
-237.739305,254,3818.951103
-207.991556,201,3819.356995
-198.871417,176,3819.504221
-180.027779,197,3819.66905
-260.146127,251,3819.973246
-265.037095,211,3820.148606
-207.441186,193,3820.405304
-244.809714,141,3820.522988
-201.720005,173,3820.667607
-241.166348,159,3820.894548
-261.564524,243,3821.098957
-293.512705,152,3821.225818
-239.715626,166,3821.463129
-261.856397,176,3821.611154
-240.458406,238,3821.90454
-287.189448,135,3822.016991
-240.067665,241,3822.219509
-309.479502,242,3822.51409
-290.865936,129,3822.621424
-215.29096,177,3822.769057
-191.374763,175,3823.010579
-260.417805,165,3823.148141
-253.189324,163,3823.284823
-270.221584,159,3823.511797
-241.776493,184,3823.665549
-279.797509,240,3823.8604
-311.475637,206,3824.126096
-264.717857,206,3824.298459
-264.643067,194,3824.554373
-209.926797,172,3824.697815
-208.920839,163,3824.83488
-210.171959,156,3825.060246
-260.606281,189,3825.217891
-335.015502,210,3825.394543
-215.945373,119,3825.588715
-338.298885,312,3825.850082
-294.570082,262,3826.161847
-203.373259,168,3826.302081
-201.874154,194,3826.463834
-273.665622,166,3826.696092
-297.615229,258,3826.911226
-240.178412,163,3827.140981
-266.721976,247,3827.349166
-216.792758,179,3827.49861
-268.435413,236,3827.788386
-264.570521,166,3827.927088
-241.417282,168,3828.160689
-235.665872,153,3828.285561
-312.366359,294,3828.530465
-219.144862,170,3828.768927
-222.462933,157,3828.899797
-255.469555,153,3829.027159
-395.239482,338,3829.897552
-232.167932,182,3830.047658
-210.172103,182,3830.372632
-268.029955,123,3830.47328
-277.340363,241,3830.675041
-304.257028,130,3831.01523
-287.636228,123,3831.118215
-242.409018,178,3831.267782
-237.217595,146,3831.596457
-311.749176,241,3831.798452
-435.361346,434,3832.391621
-220.881801,164,3832.529101
-241.881564,208,3832.935951
-219.263303,243,3833.139574
-288.55616,212,3833.518711
-376.527781,375,3833.834051
-305.812184,194,3834.090448
-134.199714,188,3834.248675
-298.969514,190,3834.407743
-241.120386,174,3834.646243
-226.21366,184,3834.79921
-297.895076,213,3834.977338
-205.737936,212,3835.249357
-257.910202,235,3835.447425
-234.888009,210,3835.717343
-358.481052,253,3835.92931
-447.974598,408,3836.364009
-339.460975,304,3836.712595
-972.021334,976,3837.722224
-231.771271,172,3837.866389
-358.602711,269,3838.096343
-389.33761,321,3838.458928
-439.57204,486,3838.958878
-285.309519,266,3839.273717
-305.520747,264,3839.495517
-209.062638,211,3839.672678
-424.221714,360,3840.070658
-382.57786,329,3840.445416
-255.888546,160,3840.578826
-567.07554,521,3841.109908
-283.956563,198,3841.37757
-298.462042,195,3841.541197
-436.553394,341,3841.918697
-320.680226,270,3842.147422
-366.716705,293,3842.57648
-249.734893,245,3842.781121
-325.318015,254,3843.167158
-313.8005,327,3843.441
-475.513605,466,3844.039757
-316.803914,146,3844.161203
-331.215637,254,3844.606077
-232.311513,196,3844.769726
-342.808767,343,3845.256474
-249.245025,313,3845.720943
-569.43582,456,3846.202829
-746.816814,730,3846.909349
-365.719464,303,3847.254404
-302.884307,240,3847.454697
-333.39198,126,3847.558957
-211.931345,179,3847.800729
-275.527861,150,3847.926371
-338.060034,217,3848.107054
-540.186071,484,3848.604033
-345.993409,250,3848.908226
-237.143832,159,3849.041205
-433.834892,350,3849.427016
-314.591097,119,3849.525205
-271.361064,174,3849.6697
-200.129098,186,3849.919003
-301.773273,138,3850.033788
-367.42355,195,3850.196371
-582.629718,491,3850.80427
-303.713828,177,3851.18659
-1081.713686,972,3852.439353
-232.221797,174,3852.588697
-241.901562,240,3852.790545
-311.6426,156,3853.102749
-217.545805,191,3853.262452
-307.003657,301,3853.606524
-404.551937,234,3853.802288
-315.136848,162,3853.937294
-347.858359,143,3854.150192
-712.07425,658,3854.796275
-344.732247,292,3855.135997
-235.559523,202,3855.306384
-381.594742,152,3855.435281
-303.578182,205,3855.702457
-298.602115,124,3855.805513
-337.752974,139,3855.921378
-300.509842,133,3856.032048
-341.504746,218,3856.307909
-283.463825,171,3856.451103
-211.84813,215,3856.724175
-302.707079,348,3857.017137
-187.082312,189,3857.269163
-271.756855,245,3857.475046
-320.03715,278,3857.801418
-302.770237,260,3858.019631
-323.41938,141,3858.137224
-299.03077,126,3858.335763
-886.28451,323,3858.605382
-300.739535,230,3858.894396
-960.048323,298,3859.14378
-255.302101,208,3859.411402
-871.856103,277,3859.642877
-266.086426,331,3860.012994
-216.800276,182,3860.165747
-536.650381,1000,3861.19698
-251.362164,360,3861.596762
-216.787285,203,3861.767464
-417.47046,539,3862.311106
-431.869629,337,3862.687086
-307.745209,199,3862.854139
-263.946961,118,3863.045846
-170.313794,183,3863.199685
-264.168453,137,3863.314569
-272.937308,140,3863.523687
-184.22087,192,3863.683357
-209.335897,194,3863.845963
-179.338381,242,3864.1414
-214.431373,179,3864.291129
-219.472402,195,3864.550378
-307.443826,234,3864.746527
-652.116461,688,3865.419341
-173.632224,259,3865.729784
-261.28305,248,3865.937973
-202.380472,158,3866.166
-315.755315,158,3866.297248
-270.067996,199,3866.464104
-267.144931,239,3866.757982
-296.924592,272,3866.985278
-256.515918,146,3867.200948
-203.782681,170,3867.343711
-227.939915,164,3867.481667
-260.647973,155,3867.706718
-201.422119,162,3867.843183
-237.127519,173,3867.988578
-473.954563,437,3868.446089
-270.379346,127,3868.551902
-251.894886,166,3868.890825
-222.197716,173,3869.0362
-226.549318,183,3869.187461
-247.925302,116,3869.483742
-213.708289,214,3869.663076
-211.900269,178,3869.813313
-285.243054,215,3870.205009
-249.097046,140,3870.322915
-247.020141,234,3870.521333
-245.832361,184,3870.912503
-203.550545,171,3871.055489
-250.598721,182,3871.437954
-241.896002,168,3871.583496
-205.822561,181,3871.73508
-275.428639,136,3871.847893
-218.594597,211,3872.263262
-261.329026,162,3872.39967
-195.866274,176,3872.783808
-240.934007,111,3872.879124
-304.581849,289,3873.121276
-205.218772,177,3873.480368
-268.051304,163,3873.618569
-249.824867,171,3873.762902
-211.696342,178,3874.116621
-195.267515,179,3874.266142
-279.935941,117,3874.364149
-216.909068,150,3874.721382
-267.208076,171,3874.869673
-282.974932,152,3874.997689
-225.986503,127,3875.102558
-248.395454,146,3875.457053
-249.422439,179,3875.607797
-202.556793,167,3875.747475
-208.283043,167,3876.094025
-202.263579,189,3876.252427
-213.236354,143,3876.373386
-236.620174,162,3876.716007
-186.437438,164,3876.852383
-148.859092,199,3877.017728
-193.717318,165,3877.394042
-406.143291,296,3877.641392
-165.741268,164,3877.984796
-187.932145,164,3878.121862
-260.990852,146,3878.242721
-288.106134,223,3878.631416
-203.741718,183,3878.784633
-270.319449,248,3878.990391
-198.653015,189,3879.356732
-182.25392,222,3879.544737
-226.327009,217,3879.963358
-198.981544,210,3880.140439
-205.657031,170,3880.283292
-199.245406,168,3880.660681
-165.686362,212,3880.838931
-267.298221,244,3881.244786
-231.985032,171,3881.388924
-398.354689,445,3881.994496
-316.297379,349,3882.382703
-233.706129,229,3882.574173
-167.598042,165,3882.711583
-236.028409,244,3883.008793
-237.18157,166,3883.147591
-176.619724,165,3883.286134
-605.139452,634,3884.01085
-248.689214,187,3884.166605
-202.467252,154,3884.296134
-163.729105,175,3884.537656
-343.289013,218,3884.719264
-149.631051,194,3884.889431
-320.410968,401,3885.361086
-217.221239,116,3885.458214
-322.591451,279,3888.207112
-221.863117,159,3888.341444
-230.620429,237,3888.632711
-213.817431,162,3888.768125
-212.394627,176,3888.915307
-580.487553,823,3889.798699
-218.502513,136,3889.910842
-546.623704,485,3890.415803
-246.277729,215,3890.691244
-193.096613,236,3890.8923
-217.207735,173,3891.128755
-246.890099,189,3891.28668
-204.138066,180,3891.437349
-195.268194,193,3891.691451
-200.542451,164,3891.829193
-197.76485,171,3891.970275
-218.309406,174,3892.209581
-220.910988,165,3892.346254
-189.216299,170,3892.487701
-206.501713,158,3892.713432
-231.345114,170,3892.854101
-384.119346,560,3893.428471
-301.557224,263,3893.744401
-161.090654,179,3893.894855
-240.697258,300,3894.145967
-534.912373,724,3894.942188
-350.546411,217,3895.123673
-291.225982,263,3895.438951
-446.022903,540,3895.976343
-246.519022,200,3896.14338
-236.212499,189,3896.394891
-213.077578,182,3896.546925
-259.051412,168,3896.686896
-261.209064,197,3896.948461
-397.482027,256,3897.163805
-207.436457,169,3897.397377
-179.933545,196,3897.560675
-216.026679,208,3897.73199
-283.168224,222,3898.012141
-143.804299,217,3898.192773
-204.915566,183,3898.438183
-371.819756,249,3898.64609
-222.208904,212,3898.82232
-266.013468,134,3899.031645
-649.50016,634,3899.655286
-234.690871,267,3899.87781
-266.610783,150,3900.095307
-226.209793,271,3900.320641
-217.676065,192,3900.580243
-335.410015,416,3900.92352
-238.726634,134,3901.129768
-290.651741,106,3901.217847
-182.642694,202,3901.384973
-221.516876,257,3901.694015
-303.388592,244,3901.898522
-165.947961,184,3902.307689
-252.292026,223,3902.493775
-378.337221,410,3902.92914
-243.98805,205,3903.10035
-265.547707,227,3903.378794
-314.124592,145,3903.499854
-250.076144,158,3903.631776
-219.872984,177,3903.87148
-318.527135,454,3904.339657
-214.97392,167,3904.478092
-282.213045,229,3904.668747
-283.479174,117,3904.858845
-293.404188,194,3905.021837
-297.476799,173,3905.167428
-238.882603,159,3905.395282
-206.770391,167,3905.535826
-263.326206,146,3905.658929
-178.830838,179,3905.903184
-216.284702,223,3906.088637
-209.901855,178,3906.233606
-251.005866,167,3906.571783
-378.17678,289,3906.811425
-208.427096,206,3907.077526
-323.417987,408,3907.417021
-284.886905,257,3907.724137
-273.073179,178,3907.871347
-299.180003,178,3908.110316
-226.478356,209,3908.28274
-171.763038,263,3908.594054
-218.487064,194,3908.754099
-257.953961,216,3908.929049
-427.284026,357,3909.32232
-201.973235,186,3909.476499
-723.230034,501,3909.985735
-212.332837,187,3910.233365
-238.741989,260,3910.450456
-269.310247,150,3910.671392
-550.822339,551,3911.347998
-294.189565,225,3911.536294
-208.328578,185,3911.69064
-341.120734,251,3911.994084
-294.814208,158,3912.125369
-261.108424,183,3912.503716
-547.341443,390,3912.830108
-252.403185,226,3913.244971
-210.175984,210,3913.419743
-194.97262,235,3913.816689
-287.284811,231,3914.009416
-226.834979,173,3914.153789
-275.749444,298,3914.492849
-162.384576,178,3914.640938
-289.124821,159,3914.921753
-272.582454,130,3915.030308
-224.659239,191,3915.189342
-256.083394,163,3915.525465
-274.400381,153,3915.653494
-444.143982,372,3916.056449
-177.865495,197,3916.222572
-252.133489,227,3916.412859
-241.480207,151,3916.630823
-247.636525,195,3916.793169
-217.360593,175,3916.940826
-305.885755,165,3917.178559
-277.272693,207,3917.351402
-255.219409,107,3917.440218
-272.424038,157,3917.666695
-261.276645,179,3917.815493
-265.548386,164,3917.949024
-306.637103,157,3918.172365
-270.620457,164,3918.308301
-251.921712,151,3918.434045
-329.318763,165,3918.665557
-281.488419,199,3918.830834
-271.149975,155,3918.961039
-289.168096,172,3919.198173
-312.293843,102,3919.28256
-260.277705,136,3919.394884
-256.183729,184,3919.546445
-315.569496,174,3919.786932
-232.315442,167,3919.926409
-349.527002,220,3920.201166
-222.266555,145,3920.321295
-207.230062,173,3920.470723
-290.930904,130,3920.57849
-289.809233,150,3920.797836
-240.111359,144,3920.918335
-232.772183,161,3921.052513
-261.179894,156,3921.272296
-266.916525,158,3921.404966
-305.466211,115,3921.497967
-323.904363,251,3921.7997
-233.069632,143,3921.917627
-270.43644,217,3922.09749
-268.975917,197,3922.355235
-247.54841,153,3922.482595
-291.235587,146,3922.601113
-270.763666,175,3922.868239
-341.884995,110,3922.958132
-340.209254,216,3923.132906
-307.608057,142,3923.416934
-262.175919,152,3923.540399
-284.479823,186,3923.694414
-272.366487,136,3924.009183
-279.738424,170,3924.150545
-390.110442,250,3924.359398
-416.256387,235,3924.647278
-284.812557,140,3924.762755
-299.020141,165,3924.899987
-255.100048,172,3925.25103
-302.154796,162,3925.388394
-289.596254,136,3925.503108
-261.313696,190,3925.880749
-335.7719,120,3925.979106
-276.608752,161,3926.111807
-271.482177,142,3926.323073
-223.437622,177,3926.470647
-260.464859,176,3926.61685
-188.932985,188,3926.867675
-274.95321,139,3926.983539
-228.469963,173,3927.126422
-380.978786,306,3927.470851
-310.989342,151,3927.594507
-399.794538,113,3927.685711
-288.241989,150,3927.907163
-263.054077,170,3928.049727
-309.175272,162,3928.184949
-306.172122,154,3928.519214
-327.369863,148,3928.642921
-307.519286,178,3928.790351
-302.835341,164,3929.021755
-237.521484,192,3929.179763
-261.352087,181,3929.329572
-260.336775,153,3929.558353
-412.417399,235,3929.748395
-315.025948,116,3929.843942
-284.074238,185,3930.089174
-296.654576,165,3930.225886
-366.45223,157,3930.353783
-292.528164,175,3930.597239
-256.854947,146,3930.719076
-301.313084,152,3930.845407
-327.074691,254,3931.147281
-298.505052,127,3931.249918
-237.186076,184,3931.403388
-298.358565,118,3931.50146
-325.626506,168,3931.855333
-303.471285,148,3931.980932
-262.043576,159,3932.111803
-287.524828,184,3932.492208
-261.725823,180,3932.639122
-268.806685,128,3932.745348
-223.473571,172,3933.124084
-265.410002,140,3933.241313
-287.242854,144,3933.358737
-319.538067,133,3933.694747
-284.28632,168,3933.84464
-329.442539,188,3934.000962
-332.06086,106,3934.088841
-276.960711,124,3934.413668
-344.908905,257,3934.621008
-308.621356,137,3934.734926
-268.10808,211,3935.114263
-323.227939,107,3935.202617
-470.372876,273,3935.655882
-210.734076,209,3935.832354
-283.267234,167,3935.972583
-285.099219,197,3936.342266
-294.188736,127,3936.448328
-353.024793,118,3936.545841
-318.156479,185,3936.926936
-208.976271,205,3937.096145
-313.805422,107,3937.183196
-260.275828,123,3937.282916
-253.024736,167,3937.658495
-340.282125,118,3937.753771
-294.443073,153,3937.881066
-342.746562,131,3937.990243
-198.476276,184,3938.377451
-284.898919,158,3938.5079
-288.74409,160,3938.638184
-251.334077,133,3938.953013
-305.465967,170,3939.094361
-339.230459,217,3939.273718
-255.406981,125,3939.613403
-248.920707,186,3939.767449
-288.256667,147,3939.887727
-279.709525,193,3940.252778
-286.019696,183,3940.40547
-312.271163,286,3940.880629
-512.763691,480,3941.51724
-367.979266,273,3941.73867
-341.792058,245,3942.146811
-340.534449,266,3942.361711
-328.847576,198,3943.370044
-255.439745,183,3943.521984
-287.610329,165,3943.656109
-271.29028,264,3944.094396
-404.812323,273,3944.32029
-298.53822,203,3944.727142
-419.283008,270,3944.948002
-340.084858,208,3945.324881
-298.580133,147,3945.448724
-297.448573,231,3945.639304
-291.824092,211,3945.905115
-276.593114,130,3946.012372
-321.306143,166,3946.148551
-341.680653,176,3946.389339
-286.320192,178,3946.533481
-338.277119,157,3946.662514
-409.77728,252,3946.963163
-326.578734,281,3947.197592
-415.700039,185,3947.445511
-350.708428,166,3947.579876
-1108.750113,410,3948.0139
-250.818167,163,3948.149494
-291.193611,223,3948.433865
-251.701477,168,3948.573659
-218.564511,277,3948.801474
-332.271905,171,3949.049031
-438.63691,329,3949.316096
-180.110466,176,3949.554812
-217.317784,149,3949.678725
-268.740901,202,3949.842608
-343.464069,329,3950.199692
-407.050774,278,3950.523671
-1014.48375,306,3950.768841
-333.769527,160,3950.993951
-211.394506,177,3951.137469
-278.097371,178,3951.285129
-275.426855,177,3951.522329
-349.835262,98,3951.602942
-228.94122,270,3951.82399
-282.166459,225,3952.105948
-319.211743,208,3952.274987
-247.473419,178,3952.518051
-236.670905,264,3952.735861
-335.443136,243,3953.030921
-317.232362,229,3953.221446
-293.468679,150,3953.342573
-175.463555,185,3953.589251
-665.333718,205,3953.753492
-884.181715,260,3954.061934
-333.603063,194,3954.221224
-294.168142,180,3954.366144
-163.326167,194,3954.624343
-838.551348,215,3954.797574
-323.05786,155,3954.9236
-277.974895,167,3955.153625
-381.846593,299,3955.403833
-312.64589,156,3955.623876
-738.317762,272,3955.844856
-387.926308,305,3956.192808
-264.208687,198,3956.352231
-721.779356,216,3956.61845
-726.492747,190,3956.775504
-292.75979,158,3956.908497
-253.215086,156,3957.037778
-390.280417,247,3957.346225
-283.491437,180,3957.493587
-268.49352,176,3957.735931
-988.658144,286,3957.969838
-239.81049,168,3958.203123
-286.885415,164,3958.338706
-270.818767,107,3958.426857
-886.13954,257,3958.728468
-375.143748,258,3958.941252
-227.633447,182,3959.091392
-773.441531,327,3959.450115
-721.805263,181,3959.595309
-228.80173,178,3959.833955
-249.079975,171,3959.973368
-304.325068,164,3960.105835
-896.597703,277,3960.427173
-220.538451,173,3960.567617
-306.512559,236,3960.860957
-250.229883,181,3961.010977
-758.96321,179,3961.155148
-273.220736,132,3961.355099
-318.467088,202,3961.522635
-288.879492,141,3961.639517
-288.598502,161,3961.866894
-752.724625,143,3961.982121
-282.399912,225,3962.167799
-252.018835,180,3962.410374
-344.082877,225,3962.595531
-710.265776,149,3962.809822
-703.244477,156,3962.939121
-982.062622,317,3963.197088
-377.128637,229,3963.475486
-264.460697,204,3963.644544
-318.685807,233,3963.931963
-315.820963,247,3964.135849
-738.190796,136,3964.245793
-339.41297,227,3964.626585
-252.612225,161,3964.758109
-274.03926,235,3965.174935
-170.276973,182,3965.324977
-349.868205,181,3965.477247
-857.629584,258,3965.914091
-838.582502,394,3966.460336
-351.203644,300,3966.703662
-325.248347,216,3967.10819
-258.591693,215,3967.282508
-298.691862,147,3967.39996
-283.287684,173,3967.738089
-341.109661,149,3967.860786
-233.435144,174,3968.005135
-705.44317,173,3968.357324
-281.038033,190,3968.512649
-798.752618,399,3969.0528
-243.788607,187,3969.203697
-218.410611,193,3969.562449
-258.853592,237,3969.75827
-734.885577,155,3969.886344
-311.414933,203,3970.270391
-263.951048,158,3970.40039
-244.247104,167,3970.540934
-191.804243,174,3970.910386
-917.060673,234,3971.10118
-328.162358,167,3971.459292
-838.236674,209,3971.627054
-252.003412,218,3971.809257
-266.517399,191,3972.170833
-260.374604,178,3972.316891
-218.881657,220,3972.72149
-234.016337,245,3972.925453
-323.670121,238,3973.120926
-246.964839,178,3973.474313
-831.867535,239,3973.66674
-730.262421,175,3974.033243
-365.009556,331,3974.304492
-619.600104,252,3974.738963
-239.227686,173,3974.880896
-444.075141,292,3975.347121
-783.112381,168,3975.482027
-220.540177,182,3975.63208
-297.476845,181,3975.892558
-260.296669,171,3976.034003
-312.545691,289,3976.363001
-352.062626,328,3976.633271
-814.390213,181,3976.984289
-202.109465,235,3977.174216
-388.193524,303,3977.517517
-255.298418,241,3977.715813
-912.971195,326,3978.080914
-804.478132,259,3978.290727
-293.352435,190,3978.540423
-258.550408,176,3978.683709
-268.48292,266,3978.901487
-897.941006,348,3979.284273
-353.873946,254,3979.58601
-301.428155,201,3979.753179
-226.374961,202,3979.915869
-289.283236,266,3980.225159
-201.029346,176,3980.371384
-694.253676,166,3980.602321
-271.584094,162,3980.736739
-363.183231,309,3981.085872
-785.286995,167,3981.226015
-730.294764,189,3981.38262
-214.873688,178,3981.630934
-190.343597,285,3981.866798
-326.365747,165,3982.00356
-288.114909,175,3982.246108
-259.792458,294,3982.489172
-294.811248,189,3982.735489
-737.029951,197,3982.895851
-382.93311,213,3983.160983
-303.113401,222,3983.341738
-243.099014,165,3983.477556
-288.46079,380,3983.896019
-493.252424,375,3984.294126
-914.023727,331,3984.562526
-252.366962,155,3984.784922
-193.09256,179,3984.932002
-250.009922,166,3985.068761
-276.066001,142,3985.277774
-291.583335,241,3985.47718
-270.8179,187,3985.73544
-259.047153,174,3985.879383
-382.843905,261,3986.096811
-202.167106,255,3986.400424
-185.855852,238,3986.594074
-284.154896,174,3986.829281
-273.562805,227,3987.014553
-317.330031,184,3987.167005
-284.996134,157,3987.395391
-183.650099,194,3987.552544
-259.258312,246,3987.849421
-356.936769,250,3988.054349
-322.482081,188,3988.301486
-521.413359,371,3988.607187
-261.032035,195,3988.863982
-213.351279,219,3989.043846
-319.566914,226,3989.229652
-822.955019,245,3989.528376
-236.167587,193,3989.685265
-791.976308,143,3989.893977
-436.289203,344,3990.173319
-767.634461,209,3990.441729
-296.07809,285,3990.67188
-694.924212,137,3990.903572
-797.442621,155,3991.027974
-790.064052,199,3991.188574
-287.469689,181,3991.430183
-709.333445,189,3991.58266
-936.185845,462,3992.053152
-863.567327,257,3992.263707
-729.451663,129,3992.460956
-371.876355,274,3992.681434
-742.494012,154,3992.808627
-938.714489,377,3993.211697
-256.37516,201,3993.471249
-267.050612,183,3993.620615
-326.670156,285,3993.850915
-706.165054,138,3994.056298
-349.05823,307,3994.309724
-709.711182,181,3994.668685
-253.9512,270,3994.887492
-821.780869,147,3995.100852
-706.4625,159,3995.231824
-750.53788,141,3995.344458
-481.051333,426,3995.789326
-312.713449,291,3996.03365
-681.868563,126,3996.228945
-845.437432,336,3997.15462
-794.383485,206,3997.417197
-293.365322,248,3997.617899
-271.16959,316,3997.973795
-388.864441,250,3998.17604
-890.33733,291,3998.510865
-434.686074,593,3999.087267
-243.291626,178,3999.234509
-823.315219,267,3999.54777
-434.057049,308,3999.894338
-449.951428,389,4000.210469
-841.451466,207,4000.473828
-251.670106,159,4000.602625
-344.462553,265,4000.910271
-307.362376,236,4001.102897
-254.333846,224,4001.288614
-302.12982,149,4001.502721
-458.699466,359,4001.794869
-713.26403,619,4002.483242
-858.308384,197,4002.642207
-736.252094,222,4002.91468
-865.045893,221,4003.09686
-298.976741,242,4003.298033
-333.125978,170,4003.532307
-320.011669,230,4003.719307
-1055.004868,540,4004.251595
-402.302822,247,4004.546131
-898.101599,297,4004.78679
-220.898129,185,4005.031415
-363.246526,289,4005.26402
-961.326683,341,4005.633489
-722.177616,199,4005.796714
-439.604128,471,4006.272514
-930.739343,230,4006.557322
-609.175648,413,4006.894164
-762.247471,192,4007.149617
-314.878146,195,4007.310447
-771.666772,191,4007.557893
-278.586843,226,4007.741403
-383.296571,328,4008.131259
-557.426291,410,4008.46761
-870.048395,203,4008.726722
-266.561525,155,4008.855013
-898.133453,248,4009.157878
-259.917487,106,4009.243541
-305.510955,276,4009.465365
-236.793101,145,4009.676722
-291.215639,260,4009.887868
-864.864779,267,4010.197496
-259.020995,230,4010.384729
-255.487684,214,4010.655092
-331.931495,212,4010.826817
-764.780134,203,4010.991191
-650.666532,138,4011.195236
-868.230175,231,4011.388242
-440.052307,235,4011.775986
-277.265379,252,4011.98368
-772.928749,257,4012.287403
-341.692082,245,4012.491419
-278.015479,150,4012.613479
-682.178823,201,4012.869376
-225.856579,281,4013.09656
-747.742125,144,4013.304784
-797.456706,208,4013.472112
-277.526058,221,4013.652355
-253.348696,169,4013.886126
-225.33622,150,4014.007186
-612.311873,181,4014.152531
-333.030456,240,4014.446448
-256.777345,156,4014.5755
-240.842072,143,4014.693488
-317.544141,246,4014.992218
-665.078129,167,4015.1287
-301.277936,173,4015.365374
-797.444772,236,4015.555326
-695.345616,200,4015.718381
-258.376823,168,4015.950798
-954.16773,422,4016.391922
-232.305642,208,4016.565623
-357.291042,166,4016.702605
-281.86767,136,4016.910496
-242.725397,145,4017.029847
-231.0155,210,4017.200631
-358.056822,214,4017.473116
-230.900482,158,4017.60395
-315.170706,168,4017.744932
-399.390972,363,4018.137645
-766.239491,207,4018.312151
-289.879076,203,4018.571556
-721.004188,309,4018.824483
-226.80965,319,4019.179081
-732.492705,223,4019.363103
-766.834935,205,4019.622614
-177.026433,160,4019.754337
-665.559026,179,4019.993609
-164.173408,244,4020.195276
-297.984603,263,4020.626652
-689.252766,191,4020.782562
-250.130253,153,4020.909049
-273.520385,252,4021.211498
-702.136375,198,4021.373078
-271.112074,210,4021.635706
-638.145514,282,4021.867671
-332.045232,226,4022.051197
-823.095195,220,4022.321075
-331.72019,161,4022.45492
-730.596216,240,4022.741321
-798.222897,218,4022.918879
-738.587261,139,4023.031612
-352.002589,262,4023.341419
-741.606644,150,4023.464688
-123.331905,167,4023.805425
-358.467045,232,4023.998901
-385.526838,151,4024.125002
-209.188239,165,4024.356368
-257.919122,224,4024.541919
-228.968118,168,4024.680991
-219.39436,134,4024.884206
-201.140941,138,4024.999892
-256.880872,261,4025.215976
-269.74915,169,4025.45038
-269.13544,163,4025.586476
-216.97488,141,4025.703194
-229.553614,148,4025.927666
-511.250699,236,4026.123302
-227.45876,107,4026.212255
-298.625696,230,4026.498885
-241.689708,156,4026.627649
-256.164318,211,4026.797681
-759.062311,233,4027.080385
-321.763522,172,4027.220058
-259.325515,161,4027.451246
-212.855827,160,4027.581179
-291.578497,130,4027.687228
-725.667621,192,4027.936561
-231.044722,146,4028.0553
-208.724835,160,4028.188908
-205.873117,148,4028.30895
-278.659747,137,4028.514825
-759.792428,269,4028.732359
-214.483275,139,4028.845795
-267.637323,167,4029.076254
-270.111285,143,4029.194732
-257.646985,113,4029.285844
-236.100964,145,4029.497142
-806.455767,232,4029.686481
-234.793057,152,4029.811977
-248.112271,151,4030.032237
-797.272588,228,4030.215477
-625.133009,174,4030.356051
-635.234775,163,4030.580913
-779.642281,210,4030.749738
-778.255189,202,4031.008636
-214.075812,178,4031.156621
-725.637882,262,4031.366036
-652.562809,268,4031.680843
-250.563094,147,4031.802862
-683.980569,196,4032.05968
-201.627194,173,4032.203104
-202.404366,198,4032.365096
-705.675822,200,4032.621241
-557.222275,170,4032.759268
-233.499478,141,4032.873131
-241.401223,162,4033.097748
-667.010445,187,4033.248683
-569.346623,161,4033.379411
-303.156663,243,4033.668021
-265.647289,134,4033.778788
-734.364866,243,4034.06693
-844.95997,215,4034.242085
-311.739487,224,4034.423275
-659.424276,154,4034.654369
-713.230009,262,4034.866347
-726.68752,195,4035.119962
-619.29525,162,4035.254153
-618.329151,143,4035.371914
-676.953116,157,4035.500851
-569.119886,131,4035.703726
-822.366698,289,4035.940038
-617.522464,193,4036.191061
-218.939028,187,4036.342055
-226.911954,187,4036.495344
-255.170141,169,4036.735189
-638.230617,163,4036.868574
-262.701561,135,4036.981046
-783.981214,266,4037.29518
-246.764869,227,4037.480959
-205.197183,282,4037.800608
-736.401932,198,4037.96576
-841.623791,204,4038.228665
-271.518119,180,4038.375393
-251.63729,209,4038.544008
-868.454088,232,4038.829058
-758.761434,155,4038.956778
-222.923514,165,4039.090215
-341.053869,290,4039.417992
-665.055919,174,4039.559456
-642.219084,550,4040.094638
-283.013556,98,4040.268701
-926.424659,299,4040.509392
-235.36949,172,4040.742729
-255.865809,121,4040.842321
-273.550844,139,4040.958701
-729.031397,266,4041.268827
-260.999906,219,4041.446547
-763.833545,236,4041.636291
-630.440019,187,4041.885562
-634.506453,211,4042.055664
-702.011226,151,4042.271109
-667.236033,243,4042.468764
-730.492485,147,4042.589792
-694.866996,153,4042.812182
-665.489203,221,4042.992163
-681.086676,147,4043.112221
-590.703371,163,4043.339193
-719.120063,149,4043.458706
-643.506077,247,4043.658973
-823.082407,228,4043.941945
-589.255174,162,4044.074462
-286.877541,117,4044.170456
-632.590029,164,4044.397263
-296.079492,145,4044.515996
-235.719928,232,4044.705674
-835.866807,230,4044.987903
-724.996017,211,4045.160081
-285.476491,186,4045.405022
-718.603004,148,4045.52711
-235.944263,138,4045.639471
-246.584612,196,4045.89556
-224.428379,199,4046.063153
-238.153044,175,4046.20768
-232.80176,141,4046.419793
-231.482666,159,4046.551377
-648.896978,174,4046.691628
-633.656964,181,4046.93127
-697.825194,208,4047.105437
-745.73196,288,4047.432504
-737.32665,282,4048.432181
-283.334534,228,4048.708232
-726.366814,124,4048.808801
-227.691689,158,4048.939947
-337.040001,372,4049.356763
-664.797012,166,4049.49178
-584.632309,252,4049.789564
-733.263952,141,4049.905348
-306.189119,217,4050.082933
-583.016902,161,4050.30647
-216.098304,149,4050.43255
-686.402966,181,4050.581307
-393.354067,234,4050.974123
-696.772879,191,4051.129169
-256.364065,301,4051.47104
-670.62456,158,4051.601406
-801.401226,300,4051.940435
-626.469999,155,4052.066896
-211.515532,155,4052.192998
-197.447383,170,4052.427183
-159.861255,206,4052.595138
-805.642728,288,4052.927864
-853.089746,294,4053.169288
-640.700322,165,4053.304864
-603.606856,202,4053.561233
-698.175702,148,4053.684316
-597.378489,235,4053.969832
-629.62003,149,4054.090691
-514.460786,167,4054.228664
-199.284146,154,4054.354226
-852.144149,310,4054.70188
-832.170082,211,4054.967932
-710.133354,263,4055.183853
-614.669044,161,4055.315666
-202.554594,174,4055.560416
-742.084937,278,4055.787073
-253.698003,166,4056.017538
-230.417835,246,4056.221657
-771.037792,270,4056.536803
-420.853318,270,4056.762784
-382.157419,160,4056.894545
-673.009594,328,4057.255097
-644.153768,158,4057.38547
-304.737856,208,4057.652582
-632.924462,151,4057.774898
-706.272206,247,4058.069257
-626.121037,171,4058.209405
-621.829178,451,4058.670029
-716.746975,314,4058.925735
-278.923748,159,4059.1533
-295.436846,298,4059.395168
-235.686878,235,4059.68463
-533.26729,159,4059.815734
-262.128753,225,4059.999872
-749.707736,251,4060.299794
-223.38573,214,4060.48198
-275.57007,209,4060.748302
-799.756771,361,4061.046374
-710.652013,128,4061.247481
-719.296072,202,4061.410916
-796.181017,231,4061.690693
-600.850242,130,4061.796853
-562.838995,389,4062.212351
-636.589837,214,4062.385833
-256.823682,232,4062.578236
-288.726598,235,4062.866254
-667.520924,146,4062.982858
-659.037384,147,4063.101754
-261.084204,256,4063.413162
-635.632884,186,4063.562238
-518.220633,173,4063.794705
-296.628531,273,4064.019205
-389.275598,244,4064.312107
-359.403336,341,4064.590067
-583.458254,201,4064.955701
-696.369965,184,4065.106548
-234.054373,201,4065.365881
-199.892744,173,4065.509871
-337.599455,405,4065.934877
-235.566908,112,4066.030538
-243.395788,327,4066.392588
-758.140275,141,4066.508023
-778.85216,313,4066.762193
-654.405303,120,4066.955034
-261.037035,203,4067.121344
-130.438748,253,4067.418151
-668.588468,139,4067.531791
-633.12302,201,4067.696278
-839.988027,151,4067.820194
-663.297586,188,4068.070208
-608.592433,157,4068.196259
-623.821992,193,4068.44671
-658.419078,159,4068.575806
-210.755041,194,4068.736267
-768.925933,205,4068.997
-552.573804,143,4069.113172
-604.225056,251,4069.316253
-600.405131,156,4069.537599
-634.254624,160,4069.668538
-566.003234,173,4069.808863
-508.799494,164,4070.034612
-260.309373,313,4070.289019
-631.665178,131,4070.489209
-631.122286,153,4070.614619
-188.019578,301,4070.859845
-640.98658,174,4071.094928
-600.776149,202,4071.261124
-685.929235,147,4071.38185
-590.726712,174,4071.619497
-405.749893,235,4071.813244
-157.871698,184,4072.057861
-597.302054,178,4072.201096
-689.000299,199,4072.364965
-642.165509,151,4072.581599
-599.505674,163,4072.714031
-655.848521,152,4072.837966
-678.462682,137,4073.048067
-693.932469,127,4073.151864
-685.095123,137,4073.263706
-560.414447,153,4073.388507
-621.3827,131,4073.587757
-569.601846,119,4073.684639
-695.728843,133,4073.79257
-613.557464,134,4073.90028
-569.390906,110,4074.084259
-592.009249,123,4074.183464
-586.828339,136,4074.293425
-658.635701,140,4074.405944
-688.834244,150,4074.62246
-611.735424,114,4074.71585
-683.556367,132,4074.823498
-569.729499,120,4074.921115
-611.217368,99,4075.099392
-659.409821,127,4075.203665
-656.639212,115,4075.297704
-637.030072,108,4075.386541
-611.215062,130,4075.492918
-575.965525,120,4075.683621
-634.829492,171,4075.821881
-431.640113,111,4075.912352
-662.675482,123,4076.013159
-661.586584,127,4076.211463
-573.804072,144,4076.33027
-599.265262,132,4076.440003
-748.699671,201,4076.696351
-289.135195,128,4076.800402
-629.373447,127,4076.902792
-554.10287,123,4077.00447
-706.692052,132,4077.205832
-623.414608,116,4077.302124
-534.883368,112,4077.394739
-679.279306,124,4077.494933
-658.151839,123,4077.689855
-700.844902,138,4077.803566
-576.101552,139,4077.91689
-595.194482,142,4078.032685
-657.941617,129,4078.233425
-472.123647,134,4078.342903
-608.69165,116,4078.436407
-632.505534,121,4078.534421
-264.558502,233,4078.823599
-418.45895,112,4078.91531
-591.999411,127,4079.020059
-598.585016,133,4079.225085
-687.708819,138,4079.338814
-586.493325,108,4079.427427
-546.476788,118,4079.523979
-368.622619,124,4079.720692
-499.527645,126,4079.823695
-569.373204,100,4079.905087
-687.684351,121,4080.004413
-653.554935,119,4080.106879
-624.240523,114,4080.294255
-566.815293,114,4080.388212
-648.394097,124,4080.489499
-627.074499,155,4080.616814
-561.273515,133,4080.819355
-665.402215,130,4080.926034
-698.882977,143,4081.043465
-702.638678,136,4081.153981
-511.220238,133,4081.357244
-583.339497,112,4081.448829
-636.467051,182,4081.59665
-654.016972,122,4081.790112
-694.92255,178,4081.935696
-712.418815,145,4082.050865
-534.926589,118,4082.149034
-488.898349,118,4082.338943
-533.658678,117,4082.434265
-659.596498,129,4082.539051
-611.86079,128,4082.645096
-514.308758,120,4082.836946
-603.629794,105,4082.922645
-649.075121,134,4083.031971
-577.589899,109,4083.120502
-695.674634,138,4083.329516
-565.917203,194,4083.489337
-700.222783,133,4083.600616
-635.873651,151,4083.725084
-692.673769,141,4083.932933
-672.240912,127,4084.037641
-631.406016,119,4084.134974
-646.001621,142,4084.345268
-753.959432,274,4084.569986
-577.149901,122,4084.668505
-494.61932,107,4084.848209
-709.595965,151,4084.97414
-652.72185,153,4085.100184
-648.379828,125,4085.202229
-714.274035,148,4085.501841
-528.218722,145,4085.619647
-693.265946,129,4085.723822
-672.305793,120,4085.822379
-427.920864,114,4086.010246
-695.196532,119,4086.106707
-708.491393,131,4086.214521
-596.04828,130,4086.3215
-692.634749,171,4086.557398
-430.995593,121,4086.656302
-617.108803,128,4086.762006
-671.926068,154,4086.888383
-606.046696,224,4087.164918
-685.185724,142,4087.280672
-645.616791,124,4087.381172
-525.999853,130,4087.583898
-464.793137,124,4087.686759
-652.423875,129,4087.792562
-576.011854,131,4087.899827
-597.664684,143,4088.114058
-684.599267,141,4088.229257
-282.333531,212,4088.40258
-516.035681,150,4088.619967
-655.432261,196,4088.779505
-607.343955,139,4088.894396
-693.809624,147,4089.122312
-654.726483,178,4089.268141
-681.883561,161,4089.397512
-539.27115,160,4089.625978
-341.264568,271,4089.848675
-684.165703,181,4090.09206
-570.780131,138,4090.205696
-606.500794,160,4090.337405
-658.19379,155,4090.467383
-663.702583,149,4090.683722
-798.646866,351,4090.973719
-429.604829,128,4091.172679
-239.455351,191,4091.328194
-255.820426,198,4091.493251
-589.759149,147,4091.70611
-243.470486,243,4091.90322
-572.300307,132,4092.010463
-259.565788,111,4092.196799
-603.889047,149,4092.319674
-764.573908,329,4092.681969
-673.141651,184,4092.831596
-708.088122,162,4092.965433
-637.698069,154,4093.184212
-600.077252,219,4093.369294
-593.457968,132,4093.478218
-617.711193,132,4093.58837
-242.578482,243,4093.879046
-148.548973,229,4094.066392
-640.339395,149,4094.282358
-575.356803,124,4094.385135
-820.924842,206,4094.554336
-591.3542,123,4094.749757
-638.978497,132,4094.859213
-807.069456,151,4094.981359
-718.053807,118,4095.078206
-615.383713,136,4095.282933
-682.792514,149,4095.40653
-694.021321,145,4095.526658
-684.012696,167,4095.758947
-576.002418,160,4095.889446
-575.531151,159,4096.025605
-727.643998,148,4096.145767
-698.919709,148,4096.361965
-561.487747,117,4096.460061
-743.756758,125,4096.563154
-804.660468,131,4096.670836
-753.273205,176,4096.912067
-572.943891,118,4097.010927
-653.760655,150,4097.137418
-564.566717,130,4097.339028
-665.154647,151,4097.464667
-670.008757,126,4097.569282
-658.986768,138,4097.683363
-710.798201,156,4097.910231
-659.955363,158,4098.04129
-615.539479,166,4098.176476
-684.772231,140,4098.387619
-612.946077,139,4098.501195
-658.18142,129,4098.607581
-567.766903,139,4099.497247
-720.324365,217,4099.771949
-620.521815,163,4099.906708
-707.911186,150,4100.029652
-643.206764,151,4100.247032
-698.648605,152,4100.373335
-633.44833,192,4100.532339
-764.386724,153,4100.756199
-422.286585,196,4100.92058
-553.698761,162,4101.054855
-344.957867,194,4101.310395
-694.603278,144,4101.43064
-502.774458,143,4101.54938
-267.362221,379,4102.066803
-111.379536,324,4102.436793
-529.005548,125,4102.540257
-605.662611,186,4102.694747
-539.888524,118,4102.885472
-654.442214,148,4103.007713
-659.809992,144,4103.126581
-346.963405,182,4103.276137
-564.043671,141,4103.58869
-589.292493,135,4103.699439
-675.9047,149,4103.822261
-597.410839,182,4104.067533
-680.438997,180,4104.215968
-716.818539,178,4104.359202
-635.64107,139,4104.566862
-638.472202,181,4104.713757
-523.178871,140,4104.829366
-470.003583,139,4105.140593
-657.615252,141,4105.256361
-690.541297,175,4105.40215
-669.742884,256,4105.707067
-595.939932,164,4105.84132
-573.064836,165,4105.975821
-555.563879,156,4106.198959
-636.735329,155,4106.326133
-638.110873,131,4106.442806
-543.850879,123,4106.546287
-694.044201,157,4106.771866
-502.212388,126,4106.880248
-659.493944,182,4107.032014
-388.201029,114,4107.350492
-573.394643,156,4107.479335
-681.978363,126,4107.582708
-713.012452,207,4107.754148
-479.60252,114,4107.943503
-658.33885,139,4108.059352
-437.873059,228,4108.247409
-638.128518,193,4108.500958
-700.119453,152,4108.624997
-579.136407,128,4108.731209
-599.579974,123,4108.928025
-500.074997,130,4109.034804
-667.196581,146,4109.157783
-498.095964,116,4109.255188
-628.432887,126,4109.566201
-574.540509,156,4109.695989
-611.563058,134,4109.805984
-516.929399,120,4109.905124
-640.620154,152,4110.13514
-636.299955,180,4110.282636
-661.547005,141,4110.400245
-640.02918,190,4110.651762
-165.539487,171,4110.797972
-627.567707,161,4110.931487
-122.313924,199,4111.187754
-696.513668,209,4111.355682
-233.558538,170,4111.495198
-656.440787,181,4111.742671
-332.461736,172,4111.884176
-257.546749,263,4112.29873
-764.919051,232,4112.490526
-271.016719,229,4112.774518
-247.320165,277,4113.004809
-271.309728,191,4113.164522
-680.671439,151,4113.487211
-139.271217,277,4113.714228
-224.218862,179,4114.063563
-268.548977,177,4114.209673
-480.192831,125,4114.314112
-254.582757,168,4114.680122
-582.597811,186,4114.83412
-710.87142,317,4115.294637
-581.431575,193,4115.456143
-373.363155,246,4115.657278
-758.542311,311,4116.007318
-706.930791,246,4116.30041
-528.058402,384,4116.616486
-201.122996,210,4116.880993
-159.034212,209,4117.053969
-321.664296,150,4117.178334
-245.779699,173,4117.413859
-566.794605,173,4117.557683
-713.380727,147,4117.678935
-388.227083,325,4118.159267
-269.286373,390,4118.68402
-604.548899,241,4118.882827
-620.950769,154,4119.009311
-724.27195,216,4119.422549
-263.399962,174,4119.567543
-698.307098,175,4119.930139
-676.454882,237,4120.126005
-245.609144,210,4120.298959
-323.522362,225,4120.696838
-602.772499,183,4120.848062
-160.894661,270,4121.310928
-180.135571,268,4121.533861
-333.09334,258,4121.981866
-649.354897,185,4122.135179
-685.264481,215,4122.516021
-657.162372,179,4122.661756
-593.029753,178,4122.810403
-218.946497,160,4123.160644
-715.36827,144,4123.284079
-556.553937,138,4123.400486
-619.302789,145,4123.52087
-583.905319,157,4123.882968
-516.460237,174,4124.027683
-607.714944,140,4124.144631
-328.799049,226,4124.567787
-660.133302,157,4124.69776
-640.014939,130,4124.806383
-605.947743,140,4125.016861
-672.569743,210,4125.190099
-386.637417,129,4125.297298
-713.283339,152,4125.519532
-693.634229,146,4125.640476
-634.234318,140,4125.757616
-591.479313,143,4125.875969
-553.57199,146,4126.176095
-579.465212,177,4126.320922
-631.945423,141,4126.439138
-591.013852,132,4126.758093
-690.775797,156,4126.887632
-698.192111,154,4127.015697
-627.890673,169,4127.390322
-721.868397,158,4127.526065
-568.125455,150,4127.648318
-602.806922,153,4127.776412
-740.457813,213,4128.187852
-752.642386,200,4128.35261
-570.170193,190,4128.713749
-737.869688,212,4128.890416
-688.91005,145,4129.010592
-591.896146,235,4129.441619
-557.530233,173,4129.582055
-281.643001,223,4129.999506
-800.033011,204,4130.172334
-650.083373,177,4130.318512
-283.9873,189,4130.682897
-756.628539,225,4130.869111
-698.68809,179,4131.014682
-290.065597,176,4131.391522
-233.583086,227,4131.575398
-708.457622,199,4131.945542
-238.339111,202,4132.112809
-774.830935,161,4132.246701
-384.755977,444,4132.831428
-394.834025,266,4133.282734
-867.167199,222,4133.461522
-258.71126,165,4133.595512
-312.706368,232,4134.024074
-298.877094,224,4134.208977
-605.791939,167,4134.551471
-564.227671,239,4134.746575
-316.832821,301,4135.206048
-283.519694,167,4135.344233
-775.274563,213,4135.52096
-276.615052,176,4135.906634
-342.443884,220,4136.093264
-258.971984,163,4136.318197
-801.375029,236,4136.511266
-252.528859,214,4136.69003
-328.965783,190,4136.947442
-732.113409,463,4137.43647
-581.276011,177,4137.615718
-295.327593,275,4137.949688
-310.575284,220,4138.131746
-318.481367,232,4138.418097
-719.787048,179,4138.567144
-299.883021,212,4138.742596
-281.807032,216,4139.012065
-894.70633,307,4139.267598
-430.88761,323,4139.629773
-336.186534,192,4139.788384
-334.29728,237,4140.079713
-344.787409,221,4140.260191
-893.178534,308,4140.610995
-618.303608,332,4140.886445
-682.416893,169,4141.118671
-715.307873,167,4141.256121
-733.536972,236,4141.544619
-276.933559,196,4141.703638
-380.508289,320,4142.060874
-711.862082,185,4142.215376
-781.223041,210,4142.386723
-818.020005,255,4142.796506
-808.500754,162,4142.92839
-883.770889,307,4143.270431
-720.899945,216,4143.448699
-696.430838,147,4143.569546
-707.917591,195,4143.822043
-825.385408,288,4144.055502
-636.059051,167,4144.28537
-359.483642,179,4144.433189
-813.328908,235,4144.717659
-953.631944,449,4145.084193
-319.152349,273,4145.398779
-321.148925,236,4145.595094
-778.228547,208,4145.861188
-850.98111,218,4146.039201
-247.846516,228,4146.321494
-952.849923,380,4146.629334
-251.420081,175,4146.870614
-298.727877,190,4147.028115
-354.456607,226,4147.307716
-783.101731,223,4147.488394
-324.378117,235,4147.682619
-360.781615,243,4147.975964
-701.26536,154,4148.101704
-282.142366,223,4148.379755
-315.981018,229,4148.569567
-393.478932,229,4148.854306
-761.782235,172,4148.996378
-361.439765,147,4149.115414
-324.231259,197,4149.370722
-929.239374,278,4149.595367
-309.90954,173,4149.735773
-915.649818,297,4150.068118
-864.112425,316,4150.526242
-278.68425,222,4150.707794
-320.116337,184,4150.85952
-873.896759,257,4151.271207
-338.192748,157,4151.401986
-312.212924,143,4151.611352
-708.60771,162,4151.744199
-290.947435,221,4151.92562
-479.166857,225,4152.208357
-298.902706,157,4152.338874
-345.373447,322,4152.694924
-697.595501,133,4152.808695
-712.585081,189,4152.968436
-922.284166,285,4153.300834
-513.310608,304,4153.554681
-337.05318,163,4153.778623
-360.663375,202,4153.946684
-282.997071,229,4154.227822
-689.771513,172,4154.367931
-926.063993,292,4154.698813
-786.284062,151,4154.821546
-364.96382,255,4155.718402
-912.838062,215,4155.984565
-723.614394,168,4156.120569
-909.343211,361,4156.505158
-722.174946,142,4156.622847
-894.489451,396,4157.042361
-292.769132,156,4157.17231
-888.168083,150,4157.299536
-322.208468,220,4157.572585
-809.475639,165,4157.706574
-850.458479,154,4157.834914
-748.127244,184,4158.083188
-930.422816,309,4158.332259
-795.790288,145,4158.54302
-713.304667,250,4158.745606
-769.466141,135,4158.856066
-754.416013,141,4159.064773
-643.928305,141,4159.181439
-732.967459,129,4159.288232
-967.920589,300,4159.629781
-849.567482,159,4159.762239
-718.109001,189,4160.011626
-686.067982,151,4160.136912
-689.442796,327,4160.406842
-816.260405,209,4160.672091
-913.812467,220,4160.85512
-758.725235,191,4161.107841
-232.853685,218,4161.287544
-697.177654,154,4161.413233
-696.588382,161,4161.642217
-715.509048,152,4161.767845
-868.026702,149,4161.890726
-311.467472,215,4162.161977
-808.668462,144,4162.280339
-663.536964,154,4162.405372
-676.029916,167,4162.767038
-719.389973,134,4162.877962
-745.405387,144,4162.995159
-736.35594,157,4163.122347
-722.823393,142,4163.440778
-811.561535,154,4163.567867
-810.803816,279,4163.964082
-771.100197,154,4164.090357
-785.782705,135,4164.201156
-643.059942,178,4164.57101
-212.450094,189,4164.726952
-673.925178,169,4164.862677
-663.174918,121,4164.962792
-721.40054,149,4165.313872
-381.947798,241,4165.512292
-657.537905,170,4165.861056
-898.886672,295,4166.106462
-895.798771,228,4166.52217
-617.005157,174,4166.665555
-633.714433,210,4166.83801
-891.970217,315,4167.297406
-438.339716,419,4167.870965
-378.04147,178,4168.019454
-443.386443,238,4168.421082
-280.423677,311,4168.675196
-1037.460656,397,4169.089365
-252.668699,187,4169.241947
-1020.770961,404,4169.666239
-393.983746,218,4169.935738
-445.037327,232,4170.125193
-328.635333,348,4170.508039
-332.426009,110,4170.597697
-418.581869,235,4170.790535
-648.839366,379,4171.19278
-321.719174,164,4171.326469
-323.27293,159,4171.547395
-671.583683,156,4171.674039
-704.082347,341,4172.046019
-710.188066,144,4172.161911
-452.358409,372,4172.56245
-293.483883,208,4172.73575
-256.693581,161,4172.870221
-748.756147,232,4173.154868
-369.063904,245,4173.359076
-596.857146,256,4173.663055
-506.089386,188,4173.817852
-604.898435,164,4174.046359
-569.042313,154,4174.173929
-524.863602,166,4174.311751
-744.235987,171,4174.453415
-693.660538,154,4174.672674
-601.810346,163,4174.80636
-542.247833,139,4174.922843
-640.750646,150,4175.13964
-635.455998,152,4175.264655
-481.915018,139,4175.380402
-582.572967,172,4175.615496
-585.348835,137,4175.729107
-423.772369,245,4175.931957
-615.425617,133,4176.134637
-607.099383,176,4176.278707
-693.349426,220,4176.461096
-637.159834,162,4176.686844
-566.049799,159,4176.817687
-655.572854,142,4176.933746
-600.735122,191,4177.184654
-607.970742,146,4177.304856
-667.23898,174,4177.44822
-562.336999,190,4177.805314
-571.757513,187,4177.959987
-628.382558,156,4178.088749
-687.652102,310,4178.514419
-587.161823,141,4178.63081
-723.050101,203,4178.995829
-479.369837,146,4179.119943
-415.145008,157,4179.24874
-602.418638,157,4179.37692
-770.414131,207,4179.785195
-597.790282,174,4179.928972
-699.728826,233,4180.32643
-700.693942,186,4180.480339
-644.726883,155,4180.608982
-763.778671,211,4181.009788
-795.870417,152,4181.13566
-703.471403,217,4181.315202
-272.482515,150,4181.532914
-640.048567,323,4181.799351
-152.713933,173,4182.032049
-695.450595,203,4182.200089
-678.299725,157,4182.32986
-466.85704,167,4182.559242
-673.594283,169,4182.698438
-581.188237,156,4182.82791
-573.148132,174,4183.06186
-598.660619,172,4183.205225
-706.654169,184,4183.356333
-265.963652,201,4183.707199
-561.038201,167,4183.845908
-796.040184,236,4184.134525
-644.240407,202,4184.303578
-188.781218,149,4184.427924
-310.355247,248,4184.728651
-162.057123,174,4184.873306
-762.725537,214,4185.146981
-500.995404,306,4185.40373
-235.76039,115,4185.500052
-216.421748,137,4185.705073
-825.5216,211,4185.880689
-607.959882,186,4186.033925
-613.771341,232,4186.32558
-821.740792,299,4186.576528
-292.28362,280,4186.905706
-350.131841,238,4187.106562
-230.223548,201,4187.366573
-342.300597,243,4187.566311
-258.896753,179,4187.809219
-201.638118,203,4187.976686
-202.706797,203,4188.144353
-709.459352,326,4188.509305
-872.312743,287,4188.839465
-288.775645,244,4189.041646
-289.509634,260,4189.35048
-346.494362,171,4189.488576
-741.642194,226,4189.675195
-576.543129,231,4189.955607
-274.087994,162,4190.08965
-353.635727,173,4190.325268
-204.637453,234,4190.520653
-290.516685,115,4190.615807
-670.147949,215,4190.884909
-221.860532,130,4190.993041
-254.30199,156,4191.123603
-291.972762,164,4191.351223
-243.90167,186,4191.506637
-194.307384,151,4191.631228
-281.023109,146,4191.752856
-242.101586,135,4191.955255
-767.767432,303,4192.205498
-964.375179,317,4192.558034
-894.689775,312,4192.909589
-257.805136,138,4193.024179
-277.22796,107,4193.112397
-409.112608,173,4193.254431
-328.157373,163,4193.482424
-430.697672,228,4193.667857
-201.399626,179,4193.815874
-247.336993,155,4194.036223
-347.852705,117,4194.131778
-305.352695,101,4194.213964
-308.450745,218,4194.487357
-281.163465,180,4194.635125
-441.816161,236,4194.831833
-100.352842,191,4195.213342
-305.729504,154,4195.339747
-770.190911,231,4195.73044
-671.711898,175,4195.876591
-378.593493,168,4196.015608
-167.869491,178,4196.35364
-651.704243,188,4196.509584
-313.310095,229,4196.695592
-264.048403,215,4197.113938
-705.654813,192,4197.272703
-329.953157,169,4197.636754
-385.128111,155,4197.765976
-244.033598,206,4197.934037
-774.152243,220,4198.341197
-316.439876,190,4198.496757
-776.859928,320,4198.990692
-345.223566,235,4199.183333
-772.323561,274,4199.633777
-324.900951,210,4199.804153
-761.878691,250,4200.233501
-638.19807,157,4200.36431
-275.334067,200,4200.530851
-227.892197,204,4200.789929
-656.614606,195,4200.9529
-273.055371,138,4201.067383
-237.734166,180,4201.310406
-711.204249,278,4201.538051
-255.950555,143,4201.654742
-162.91544,210,4201.922966
-206.693819,178,4202.068789
-361.326634,114,4202.162322
-339.296084,311,4202.514638
-190.380896,152,4202.638473
-723.601969,333,4203.000082
-309.483005,211,4203.174058
-211.11758,276,4203.491021
-278.920901,156,4203.620521
-669.289637,159,4203.848567
-679.874334,167,4203.986215
-244.48607,236,4204.181524
-225.8605,185,4204.425657
-143.129555,189,4204.583331
-249.591747,201,4204.748166
-298.140378,239,4205.036452
-248.09405,211,4205.211262
-213.583479,222,4205.483074
-310.479396,160,4205.615839
-300.704267,156,4205.744854
-885.472842,277,4206.069532
-595.375962,171,4206.212105
-679.865066,253,4206.513744
-668.108751,175,4206.659686
-713.593594,158,4206.788638
-688.10186,203,4207.052204
-666.566318,151,4207.175574
-639.858894,178,4207.323823
-664.463226,194,4207.576787
-299.954493,226,4207.76403
-718.626188,227,4208.049235
-574.654126,204,4208.219789
-588.588176,173,4208.360113
-284.722191,255,4208.661467
-303.53115,225,4208.844352
-851.767878,293,4210.290768
-800.00707,304,4210.635056
-271.266325,181,4210.785278
-770.237011,222,4210.968683
-681.526733,174,4211.203925
-270.549184,191,4211.360638
-734.871268,180,4211.506768
-789.261362,220,4211.776303
-794.617253,218,4211.956627
-159.894451,197,4212.211342
-319.858046,180,4212.358805
-712.036702,240,4212.553
-303.2082,189,4212.799374
-224.553591,258,4213.00997
-790.562536,231,4213.294526
-279.857851,147,4213.417862
-836.591407,224,4213.691591
-626.700176,187,4213.845742
-217.841366,193,4214.005651
-323.146829,204,4214.26562
-266.16567,181,4214.415283
-388.083835,274,4214.73114
-281.874624,176,4214.877119
-723.741999,382,4215.290717
-277.277916,143,4215.411419
-300.526131,164,4215.547928
-837.412303,218,4215.818663
-286.258538,230,4216.010908
-256.045009,147,4216.132978
-265.337717,175,4216.370525
-266.310826,117,4216.467244
-298.481962,195,4216.629441
-268.469784,161,4216.856192
-252.123441,165,4216.996122
-163.116178,169,4217.137179
-251.541335,195,4217.434824
-295.481623,134,4217.546168
-295.662331,153,4217.673167
-365.678751,227,4218.090014
-390.668106,201,4218.258518
-156.68351,195,4218.422742
-262.448552,181,4218.80401
-235.733602,185,4218.957448
-177.809704,213,4219.332114
-299.220494,123,4219.433438
-736.17158,427,4220.0055
-231.869419,172,4220.146823
-292.282783,159,4220.280227
-861.23073,303,4220.756969
-302.042265,160,4220.888035
-790.350083,254,4221.323258
-143.488421,195,4221.481661
-269.187969,198,4221.641094
-352.65456,164,4222.00161
-225.319778,173,4222.14632
-270.594466,167,4222.285549
-398.214818,359,4222.815619
-248.108131,147,4222.935603
-216.364139,216,4223.317377
-285.391526,159,4223.450702
-215.560616,164,4223.8153
-205.476979,180,4223.973356
-298.460161,220,4224.154992
-260.448124,165,4224.384713
-298.104425,152,4224.50872
-207.652209,173,4224.652855
-227.872893,145,4224.866994
-243.106194,118,4224.965842
-199.914316,201,4225.131854
-306.70259,144,4225.249926
-333.112262,164,4225.480157
-109.3012,180,4225.627556
-229.227126,167,4225.765693
-259.037166,174,4226.002465
-303.835566,156,4226.132404
-251.108881,172,4226.274967
-341.307519,214,4226.543998
-777.01093,291,4226.785501
-248.21817,130,4226.987557
-432.184877,243,4227.189674
-459.611857,241,4227.478265
-196.033273,186,4227.632771
-133.776536,203,4227.799665
-829.968451,291,4228.233296
-284.994506,153,4228.357415
-572.271814,175,4228.712913
-665.512218,237,4228.908171
-263.361817,166,4229.043383
-294.400988,161,4229.37847
-197.151499,260,4229.596552
-268.555124,194,4229.984696
-235.676816,268,4230.208052
-273.641895,176,4230.351318
-276.494572,146,4230.694328
-289.508503,132,4230.803692
-261.721039,124,4230.906353
-263.647034,184,4231.150524
-676.088129,270,4231.374532
-348.726429,110,4231.465799
-790.596891,300,4231.810882
-277.304142,222,4231.995413
-292.14917,166,4232.225891
-253.713152,133,4232.335545
-281.491847,115,4232.431217
-293.282573,158,4232.561302
-318.71633,198,4232.816448
-281.114584,107,4232.904927
-269.272816,213,4233.079206
-320.209414,106,4233.384841
-349.759494,230,4233.573416
-233.029967,139,4233.688444
-919.920307,310,4234.039276
-214.70082,137,4234.152945
-269.452261,152,4234.369324
-320.728761,118,4234.467668
-290.471142,132,4234.577449
-278.776712,116,4234.674485
-287.491986,157,4234.897036
-284.635578,225,4235.08081
-271.872581,178,4235.228873
-401.392215,246,4235.629041
-407.055033,235,4235.82167
-257.094259,123,4236.017848
-332.533141,220,4236.200728
-314.69668,166,4236.335536
-272.961152,251,4236.635782
-301.950817,188,4236.789448
-241.887573,189,4237.144723
-238.050921,161,4237.278437
-331.526067,178,4237.426018
-304.554918,219,4237.699327
-671.842902,160,4237.830746
-319.724412,186,4237.984458
-676.446367,255,4238.283516
-832.924981,196,4238.440656
-317.392362,169,4238.670959
-325.58875,228,4238.85931
-139.545422,220,4239.037502
-348.667452,298,4239.373996
-724.381895,198,4239.533757
-350.05794,169,4239.768519
-222.497895,177,4239.915402
-324.395488,164,4240.049083
-306.806742,227,4240.323514
-926.179922,330,4240.592171
-206.338852,206,4240.854566
-246.310363,156,4240.98949
-397.377668,229,4241.269868
-211.366599,189,4241.426314
-271.738586,220,4241.608413
-308.935984,223,4241.991511
-306.213893,176,4242.139761
-258.516023,204,4242.532277
-266.025935,232,4242.725986
-249.939143,167,4242.864461
-650.167995,175,4243.104084
-234.138532,181,4243.251684
-299.590369,225,4243.439774
-336.429928,251,4243.737666
-654.36958,206,4243.908496
-270.804041,154,4244.127746
-601.305759,163,4244.259025
-60.17968,184,4244.41161
-351.780946,199,4244.66943
-309.994115,196,4244.830483
-287.927767,177,4244.97828
-421.153882,317,4245.348266
-333.220969,315,4245.837307
-270.286772,151,4245.96082
-357.553603,219,4246.145741
-296.471603,203,4246.519359
-323.491662,202,4246.687951
-292.930722,170,4247.055798
-726.082464,199,4247.223243
-335.119123,298,4247.682809
-248.031272,152,4247.812607
-217.512552,187,4247.969889
-234.673371,155,4248.09991
-291.972457,232,4248.490876
-342.462826,254,4248.703648
-270.759372,282,4249.165498
-385.464687,318,4249.65452
-278.988361,210,4249.831024
-592.264874,187,4249.983633
-227.363038,232,4250.267195
-258.696789,172,4250.409194
-301.294518,315,4250.764457
-311.063195,226,4250.949805
-288.973528,227,4251.241794
-607.771544,449,4251.707603
-520.259782,228,4251.8956
-259.863299,262,4252.210496
-193.752204,272,4252.435625
-547.697395,170,4252.575262
-282.226375,285,4252.909123
-236.666417,250,4253.117932
-768.934583,452,4253.583918
-781.720082,315,4253.93284
-411.96924,314,4254.282195
-295.547798,219,4254.464202
-582.023847,270,4254.68679
-639.942988,154,4254.907252
-304.826493,356,4255.204834
-725.242652,255,4255.50794
-330.231372,231,4255.697724
-481.28947,420,4256.141241
-622.4346,186,4256.387122
-886.548235,335,4256.663733
-793.140477,219,4256.933393
-794.147771,206,4257.0997
-627.322851,200,4257.266991
-574.483325,208,4257.532459
-311.892484,198,4257.6979
-735.820624,249,4258.000309
-803.786379,380,4258.40234
-578.287146,149,4258.527006
-595.619249,195,4258.686385
-789.49393,655,4259.317111
-346.052415,234,4259.60217
-703.942533,234,4259.79374
-619.632353,212,4260.057655
-635.30625,191,4260.21228
-341.053812,223,4260.575117
-283.206545,225,4260.758658
-355.257413,371,4261.16385
-667.949292,231,4261.355247
-600.792016,239,4261.647202
-734.927522,244,4261.850274
-451.900759,495,4262.355629
-580.07388,223,4262.629094
-695.004719,191,4262.783758
-743.157084,220,4262.96224
-731.607227,210,4263.228629
-703.520857,200,4263.392913
-784.593188,223,4263.668837
-650.706333,165,4263.805022
-564.018184,193,4264.648412
-655.596335,243,4264.941306
-589.690581,269,4265.165856
-863.077735,241,4265.461077
-610.26224,158,4265.591294
-646.980011,234,4265.872695
-692.258117,171,4266.012888
-658.05519,200,4266.175857
-815.967823,222,4266.452416
-639.804622,154,4266.579029
-621.717129,227,4266.767659
-604.402628,149,4266.9829
-376.717432,246,4267.186737
-658.462531,161,4267.411818
-617.215134,163,4267.547775
-537.83408,200,4267.713162
-683.182654,173,4267.949031
-376.481926,314,4268.211357
-789.78192,233,4268.60337
-635.416332,197,4268.766695
-619.284523,207,4268.939352
-604.596085,194,4269.196283
-416.940538,385,4269.608909
-661.236444,193,4269.767518
-565.183575,276,4269.995452
-698.392466,227,4270.275189
-586.73548,271,4270.497682
-559.661248,255,4270.800553
-543.596768,166,4270.93862
-783.292099,244,4271.238142
-174.340673,262,4271.461654
-568.017233,247,4271.757277
-549.355494,180,4271.903814
-590.916506,201,4272.068644
-201.050558,196,4272.326758
-661.041824,186,4272.478085
-817.197006,222,4272.753829
-674.831396,202,4272.921781
-443.958696,407,4273.354868
-427.85843,309,4273.613941
-386.994045,240,4273.905497
-263.951224,205,4274.072973
-342.302672,241,4274.368453
-529.85815,422,4274.812126
-348.56533,347,4275.097321
-397.55011,304,4275.44148
-133.536281,266,4275.661335
-613.011485,255,4275.966478
-825.220876,217,4276.145648
-453.925322,235,4276.435238
-697.966533,282,4276.66802
-275.555331,229,4276.949011
-608.783278,285,4277.184945
-308.960542,219,4277.578661
-263.822734,275,4277.809419
-301.370747,223,4278.194479
-632.102028,197,4278.355904
-676.625567,269,4278.6705
-116.118505,180,4278.817746
-291.824751,227,4279.008017
-206.463177,209,4279.27955
-288.728655,215,4279.456436
-263.256381,192,4279.707523
-219.749022,221,4279.890488
-326.618523,185,4280.042401
-317.488923,255,4280.345824
-356.113917,216,4280.528385
-262.013646,218,4280.800357
-264.764067,209,4280.974196
-332.99629,238,4281.276012
-209.682428,199,4281.444162
-364.114258,231,4281.726588
-253.582893,217,4281.907456
-630.323948,570,4282.474584
-818.094824,219,4282.652148
-404.267112,225,4282.929943
-166.870813,186,4283.085568
-256.455528,200,4283.345369
-383.359382,239,4283.545479
-716.554523,278,4283.865875
-287.788112,289,4284.102775
-245.68267,202,4284.36355
-683.142184,248,4284.563656
-376.824289,281,4284.887465
-346.61638,233,4285.082969
-222.1505,215,4285.350897
-244.731204,197,4285.517389
-241.93417,285,4285.752719
-287.907115,244,4286.047338
-809.420761,244,4286.248935
-313.273825,215,4286.62487
-192.481928,210,4286.7997
-235.203599,196,4287.190499
-271.220545,250,4287.397628
-261.392837,258,4287.814023
-304.804709,245,4288.019712
-377.664435,221,4288.43022
-369.745458,332,4288.705277
-255.951918,161,4289.041964
-394.090217,281,4289.27055
-347.171669,300,4289.744689
-804.884355,342,4290.021555
-620.391557,192,4290.392502
-388.835714,223,4290.572385
-708.377567,209,4290.939187
-258.580881,242,4291.139003
-298.30326,211,4291.310466
-263.657468,231,4291.730197
-546.126208,549,4292.276225
-257.299736,246,4292.478914
-290.630071,226,4292.757118
-227.839415,168,4292.895641
-271.914198,150,4293.016667
-285.189971,186,4293.267033
-283.384733,186,4293.419136
-533.056241,280,4293.740478
-172.232722,171,4293.879398
-572.428195,337,4294.361958
-466.256865,357,4294.651767
-589.755063,305,4294.994493
-406.900297,215,4295.173204
-308.61489,330,4295.538528
-333.177605,176,4295.681697
-315.189186,220,4295.956677
-287.825022,165,4296.091916
-415.655736,234,4296.380795
-347.343279,168,4296.521395
-239.561195,150,4296.644631
-286.608235,161,4296.87151
-271.600573,156,4296.999002
-299.538652,182,4297.148787
-219.205246,206,4297.408338
-425.767677,215,4297.586241
-356.044016,167,4297.726712
-172.52205,186,4297.975606
-511.647372,351,4298.270118
-706.664602,212,4298.659558
-377.073173,243,4298.861191
-175.870692,184,4299.234928
-251.987078,139,4299.350031
-305.016025,178,4299.497772
-420.262514,244,4299.942888
-272.747928,231,4300.132337
-392.798515,270,4300.545101
-166.552169,265,4300.75874
-414.67881,292,4301.200711
-493.373571,288,4301.437577
-696.392667,203,4301.826972
-366.351513,237,4302.021974
-389.610979,225,4302.446865
-667.235792,306,4302.696233
-665.682287,338,4303.211465
-308.388272,202,4303.376907
-273.521011,162,4303.714064
-360.636421,225,4303.90243
-275.691453,212,4304.309784
-253.549141,273,4304.541266
-219.102773,165,4304.674572
-251.212249,221,4305.079492
-348.463666,247,4305.285435
-266.43538,196,4305.652659
-738.984072,230,4305.84168
-449.571795,520,4306.47532
-747.234963,222,4306.899004
-361.105104,160,4307.03074
-371.342262,231,4307.221745
-732.642628,224,4307.623295
-731.58852,251,4307.829908
-357.162141,188,4308.165386
-275.800528,152,4308.292678
-784.697854,298,4308.766212
-398.148001,251,4308.978801
-171.802974,179,4309.12561
-311.415308,209,4309.503894
-240.299472,154,4309.633083
-235.338908,181,4309.782189
-350.76671,236,4310.198378
-775.06895,232,4310.390981
-653.12269,247,4310.836082
-344.88779,221,4311.01954
-219.184091,180,4311.399962
-354.219147,210,4311.57276
-349.915457,222,4311.75786
-703.049901,243,4312.164472
-265.097741,198,4312.326387
-57.24716,190,4312.682585
-330.714703,502,4313.32425
-739.426078,234,4313.516906
-339.867831,367,4314.051445
-341.697427,252,4314.257813
-330.953279,209,4314.659908
-419.646981,221,4314.839999
-361.326089,207,4315.238556
-741.075173,620,4315.978025
-781.320725,231,4316.166277
-270.205126,195,4316.52617
-353.065563,182,4316.676862
-344.449381,201,4316.842822
-724.331767,273,4317.284266
-184.968586,245,4317.486554
-401.247546,331,4317.852275
-345.619577,248,4318.14599
-374.255437,219,4318.327472
-249.756465,217,4318.506927
-352.66302,138,4318.713052
-730.407848,246,4318.910712
-891.758425,230,4319.189279
-841.257149,456,4319.565884
-282.719156,166,4319.798076
-347.53234,146,4319.920627
-177.627174,184,4320.071194
-566.594379,166,4320.433653
-655.026741,193,4321.449373
