#{"t_start": 1783359682.6155455, "env_id": "Atom-v1"}
r,l,t
-123.565979,127,3.184485
-105.355051,117,3.292325
-82.257521,87,3.371722
-118.505159,97,3.474559
-71.822431,129,3.981324
-92.990127,114,4.091488
-51.655167,125,4.226744
-87.918277,101,4.335005
-100.93653,116,4.457933
-68.533415,118,4.798717
-78.878246,74,4.866411
-88.161545,159,5.00756
-76.119493,71,5.0705
-94.82786,137,5.379523
-77.526661,81,5.450432
-74.660064,66,5.511655
-111.765735,100,5.603539
-46.646288,229,5.839571
-97.827348,104,6.206637
-29.649279,134,6.324604
-70.708713,105,6.43422
-92.108476,72,6.508717
-66.088299,179,6.862409
-130.817649,141,6.992931
-82.149708,90,7.075905
42.83479,145,7.219231
-103.421751,88,7.582943
-58.813581,110,7.685385
-81.717272,69,7.749942
-117.57376,162,7.927125
-103.212462,91,8.0689
-99.117856,103,8.363762
-99.286787,105,8.46311
-80.571038,126,8.581018
-77.627167,76,8.651503
-86.735141,150,8.954534
-46.738667,78,9.027087
-80.525757,119,9.134824
-74.645639,120,9.243806
-78.095719,82,9.317925
-80.047493,188,9.683377
-100.017436,89,9.760822
-50.734827,94,9.845689
-60.267843,83,9.919111
-36.794438,160,10.072144
-64.991834,98,10.321438
-74.114702,73,10.386866
-66.997057,71,10.451522
-85.479437,97,10.53714
-86.762025,70,10.600998
-96.145003,78,10.677423
-11.985761,98,10.985473
-55.08213,149,11.117245
-104.921516,87,11.195196
-21.36036,106,11.294923
-64.224066,141,11.639627
-94.587266,102,11.732194
-73.291091,65,11.790123
-94.217442,120,11.898954
-119.487469,98,11.993809
-89.506919,70,12.064923
-105.44491,87,12.479617
-95.600942,92,12.562439
-104.180322,129,12.684011
-112.452002,124,12.802548
-127.532173,126,13.104536
-98.78216,84,13.180051
-89.503223,90,13.259906
-85.050972,114,13.360199
-73.066501,110,13.461493
-105.871936,186,13.799434
-93.679062,104,13.891118
-87.447332,107,13.986676
-107.205389,116,14.093246
-85.072649,117,14.405841
-64.798004,169,14.555854
-36.604052,70,14.618161
-100.110186,130,14.735593
-94.927766,95,14.827939
-53.257266,97,15.077667
-84.997112,76,15.145477
-90.287632,84,15.220638
-54.394345,102,15.310629
5.622152,109,15.431494
-76.677213,67,15.706133
-85.361072,128,15.820115
-84.37544,124,15.928669
-91.905705,94,16.013184
-128.765851,152,16.157603
-92.254464,82,16.375384
-102.348122,85,16.452836
-76.721696,70,16.515592
-79.02718,108,20.320647
-103.539743,93,20.411767
-116.690209,102,20.636131
-59.782815,114,20.736882
-103.658816,142,20.864954
-125.814517,95,20.949425
-89.831762,63,21.006385
-82.068441,65,21.071833
-94.258787,84,21.290466
-78.009689,60,21.344959
-99.032798,92,21.428658
-86.016162,109,21.526342
-85.720048,113,21.627586
-110.472522,78,21.843044
-78.265608,110,21.941008
-44.813499,88,22.019648
-71.692063,137,22.141733
-66.783229,96,22.227407
-91.190652,87,22.453168
-102.083526,103,22.543198
-96.727412,88,22.622043
-62.915142,89,22.700122
-77.886373,79,22.771146
-81.691771,86,22.850808
-48.432648,135,23.113207
-86.629853,106,23.206769
-107.68154,89,23.285919
-115.475109,134,23.405348
-105.368595,81,23.483628
-79.96504,80,23.693397
-80.682774,89,23.772088
-52.89029,121,23.879518
-102.744895,84,23.954079
-92.547832,88,24.03444
-79.863977,121,24.284323
-71.369734,82,24.357743
-63.221504,73,24.422899
-69.060068,67,24.482039
-104.252886,88,24.559612
-95.744009,77,24.627155
0.938478,97,24.856035
-105.97289,86,24.931837
-89.908485,71,24.995473
-64.009977,80,25.066865
31.067397,155,25.207076
-92.204264,87,25.290578
-58.083778,106,25.525956
-69.553242,176,25.681603
-82.913094,104,25.773804
-76.352731,100,25.86814
-85.238714,150,26.143604
-98.674234,77,26.214667
-108.221971,113,26.318317
111.082733,170,26.478058
-96.303893,93,26.703292
-79.78493,173,26.858095
-71.581538,74,26.923226
-84.089646,132,27.039257
-79.52223,102,27.275834
84.461288,118,27.381272
-84.151919,140,27.505524
-97.270715,208,27.700107
-111.675988,94,27.92501
-123.994073,128,28.039149
-93.661277,86,28.115095
-91.18662,87,28.192698
-64.269321,117,28.300225
-52.131566,100,28.52614
-101.880307,97,28.612766
-112.652014,137,28.73446
-92.616306,112,28.834727
-85.339728,76,28.909466
-63.506258,114,29.150843
-106.651247,89,29.230501
-118.334444,117,29.334815
-89.56058,70,29.396174
-82.103961,204,29.721521
-98.267141,102,29.812507
-81.049889,70,29.874333
-99.680832,136,29.993681
-84.462359,88,30.075454
-98.890757,125,30.33285
-90.070286,72,30.397005
-103.33146,83,30.471471
-106.126764,83,30.54565
-86.488866,81,30.618163
-86.032354,105,30.718889
-111.17312,101,30.945603
-54.470439,74,31.011606
-96.975019,91,31.092621
-109.264291,104,31.185224
27.731173,123,31.311385
-23.087162,108,31.606728
-66.792779,82,31.679622
-78.835822,91,31.760871
-88.257452,96,31.853034
-88.276662,87,31.937557
-82.314575,72,32.010589
-105.394318,145,36.018632
-96.535684,91,36.102676
-95.194707,145,36.239068
-90.537885,97,36.32892
-83.447366,159,36.625039
-107.89461,100,36.71252
-70.124137,143,36.838625
-61.539048,96,36.930733
-108.271828,120,37.206991
-92.396548,85,37.28416
-86.223968,281,37.543341
-59.129003,68,37.611284
-96.54016,82,37.841717
-101.392479,108,37.9393
-89.035225,118,38.044919
-82.333516,70,38.108887
-76.405207,93,38.198547
-111.253043,88,38.420553
-66.672031,98,38.506521
-52.981921,176,38.665482
-84.783458,129,38.780132
-94.872323,181,39.093168
-99.543988,102,39.184172
-102.018798,110,39.28376
-110.33371,84,39.359803
-88.428456,74,39.431786
-57.637763,72,39.637115
-128.091465,119,39.742854
-83.556063,168,39.893166
60.598511,99,39.982937
-49.845611,90,40.20797
-96.919889,213,40.397851
-75.890107,117,40.50243
-103.544149,96,40.587596
-86.189499,64,40.650959
-82.048961,101,40.896377
-73.291122,95,40.981738
-106.741293,100,41.069987
-86.159893,85,41.144086
-76.764761,102,41.239263
-113.882453,101,41.478415
-93.092442,83,41.555935
-86.192371,124,41.666808
-78.903654,71,41.729427
-18.907357,93,41.811185
-75.257182,68,41.878675
-91.094591,129,42.135599
-92.779066,83,42.209788
-116.084688,148,42.341416
-65.759035,151,42.483763
-84.761646,74,42.690897
-128.429448,104,42.784297
-92.464578,129,42.899414
-93.319812,97,42.985914
-67.844362,185,43.296791
-46.563129,94,43.380862
-39.062167,91,43.462067
-78.615357,87,43.539666
-77.226854,147,43.675869
-123.98229,139,43.945739
-73.051758,107,44.04219
-93.03469,106,44.138045
-82.551613,77,44.206651
-93.280657,88,44.289986
-89.456933,120,44.543296
-85.298261,86,44.619462
-14.522274,111,44.717966
-50.942595,188,44.891832
-89.869339,108,45.236726
-50.591615,102,45.327948
-86.245632,107,45.423368
-86.347649,142,45.560316
-80.525999,75,45.635273
-98.283318,108,45.905351
-40.583527,142,46.031643
-86.395787,62,46.087124
-44.400448,56,46.137167
-87.075782,121,46.255917
-78.856035,95,46.520156
-89.132321,83,46.593273
-71.113226,132,46.709121
-69.652644,71,46.772627
-108.088683,87,46.853172
-104.101763,157,47.15433
-69.789779,98,47.24127
-87.697205,85,47.316803
-49.899053,235,47.531353
-91.535039,90,47.755599
-25.112352,137,47.87864
-51.140495,130,51.663961
-128.137781,130,51.791041
-47.220647,83,52.150825
-71.894435,82,52.224686
18.013462,171,52.382184
-86.444858,113,52.493381
-88.13039,96,52.590545
-111.440874,110,52.847983
-63.429788,97,52.934491
-109.094061,106,53.028704
-80.523196,83,53.103155
-115.52059,83,53.181866
-70.908123,115,53.443486
-82.794806,100,53.533155
-67.311141,225,53.735228
-8.82107,160,54.043214
-95.357683,86,54.119653
-11.671989,125,54.233205
-111.667756,105,54.327516
-75.169506,78,54.401725
-82.759755,94,54.647864
-106.319185,86,54.724968
-29.269887,217,54.917799
-126.684144,116,55.023245
35.409184,217,55.36391
-36.853711,191,55.532566
-66.028661,119,55.639331
-87.00428,86,55.861253
-122.497651,116,55.96838
109.034011,218,56.168223
-102.671382,84,56.243315
-99.986239,109,56.486069
-25.646524,125,56.597468
-33.998227,127,56.710377
-57.19818,99,56.79845
-57.754893,146,57.081306
-83.504465,87,57.16037
-94.924244,81,57.234019
-108.250852,76,57.301867
-86.179197,70,57.365058
-47.687707,244,57.729494
-64.787582,94,57.81395
-88.562725,87,57.891356
-72.338655,80,57.962929
-97.874141,81,58.035225
-91.023381,92,58.124782
-91.06876,119,58.370085
-118.65926,104,58.462266
-87.439464,91,58.542727
-125.269911,138,58.665917
-105.757633,164,58.955913
-120.733917,90,59.03559
19.84121,112,59.136575
-94.490663,123,59.246114
-68.801917,109,59.491868
-70.204718,204,59.674556
-68.208887,105,59.767701
-80.433195,92,59.849731
-82.372944,115,60.101258
-95.636932,129,60.216588
-111.707259,155,60.355573
-80.765391,98,60.441513
-109.440537,90,60.528111
-100.236859,101,60.757908
-71.401854,110,60.855122
-53.399572,180,61.018528
-134.382863,220,61.367331
-98.368138,83,61.444378
-106.2646,116,61.551818
1.494027,178,61.719984
-50.683957,237,62.080728
-81.023032,157,62.220592
-94.052906,125,62.33486
-76.616685,87,62.555086
-70.338716,133,62.672021
-83.491291,99,62.761634
-41.292737,124,62.873038
-86.848466,72,62.942179
-106.644357,149,63.218162
-72.48601,110,63.31551
-85.926471,77,63.382603
-84.133401,152,63.521793
-57.031314,133,67.477556
-102.654598,149,67.626568
-115.799966,91,67.707183
-51.892742,90,67.788621
-73.370229,121,68.035912
-113.817532,91,68.118397
-64.263062,125,68.229445
-85.81313,131,68.347086
-96.013729,107,68.446141
-103.009708,68,68.64833
64.650486,78,68.718473
-130.131815,152,68.853904
-16.18858,141,68.980419
-73.608938,128,69.254665
-93.391751,99,69.342729
-117.192937,132,69.458589
-96.143826,114,69.56128
-107.444182,101,69.654405
-103.478862,106,69.890349
-101.765708,84,69.964687
-107.208579,113,70.065718
-80.360923,165,70.211349
-80.85183,109,70.449283
-48.275439,101,70.538764
-97.209522,92,70.621774
-98.934817,126,70.735944
-76.020195,68,70.796988
-81.234147,162,71.084844
-124.112794,142,71.212537
-125.805347,114,71.314168
-70.909022,117,71.4164
-72.975755,116,71.662076
-106.122719,140,71.786397
-75.073794,165,71.931616
-74.63784,168,72.083296
-68.153174,102,72.327076
-56.248905,218,72.52947
-13.083952,73,72.596523
-91.342171,136,72.731838
-98.894221,187,73.041721
-116.517883,146,73.175463
-81.956752,103,73.270063
5.800298,129,73.529396
-92.131069,61,73.583524
-103.253541,117,73.688637
-67.992742,108,73.784355
98.86786,163,73.935081
-84.468915,154,74.21083
-81.859508,105,74.303303
-99.081472,138,74.426634
-115.522371,92,74.510942
-89.969032,82,74.72562
-72.575444,67,74.784395
63.328325,204,74.967921
-87.774203,137,75.09309
-72.957359,124,75.351272
8.628141,175,75.507906
-69.542697,83,75.582492
-36.618897,145,75.715303
140.481025,240,76.079858
-100.636704,118,76.185722
-92.983509,137,76.312521
-109.663138,105,76.556406
-57.901911,185,76.721169
-91.077674,95,76.805659
-87.468378,101,76.89675
-70.041863,123,77.168454
-87.135966,70,77.231908
-53.057243,180,77.394852
-152.641986,126,77.507583
110.359366,141,77.781736
-31.361488,123,77.889879
-22.460537,248,78.110364
-50.477251,125,78.37052
-80.445605,130,78.487365
-89.590772,236,78.698163
72.034702,169,78.998092
-58.699828,105,79.093756
77.743086,97,79.181212
-57.72132,259,83.126672
-123.819422,118,83.373567
-95.446599,168,83.522432
-43.641749,97,83.607531
-86.943377,151,83.8936
-60.527858,119,83.999736
-88.554623,150,84.132973
-99.985299,138,84.256924
-69.624838,93,84.485821
-60.534713,86,84.56242
-41.944562,91,84.644125
-59.218477,110,84.741822
-117.341569,106,84.838061
-110.375678,109,84.943814
-54.5527,79,85.153024
-93.066421,72,85.217071
-75.572431,125,85.33018
3.817808,321,85.764252
-63.872384,99,85.85216
-88.193381,157,85.992703
-56.20258,113,86.0964
100.856584,110,86.344069
-74.500935,208,86.530181
-94.670301,110,86.628562
-71.298284,94,86.716588
-103.039255,119,86.969491
-69.472058,118,87.074998
-121.340045,131,87.19537
-39.171977,110,87.295887
45.127273,100,87.532293
-90.521518,80,87.603476
-66.94522,115,87.706617
126.070391,159,87.850359
103.837686,207,88.182159
-59.941668,86,88.258136
-76.866133,141,88.383391
-80.40453,138,88.507429
-87.2494,128,88.765202
-119.414902,127,88.879184
-68.990769,74,88.946316
-101.03159,126,89.058746
-88.254279,114,89.166647
73.895983,135,89.428411
-61.49946,101,89.518091
41.63844,199,89.695889
-41.674876,228,90.052395
-58.073886,161,90.195521
66.332599,207,90.387056
-83.814961,74,90.591535
4.981788,206,90.777503
-17.520054,90,90.858214
-132.860875,138,90.988819
-29.792374,161,91.275956
-108.406396,152,91.413403
-44.172854,118,91.5194
-100.677646,150,91.80657
-73.244367,130,91.92144
76.172457,120,92.030008
-26.376224,154,92.170804
-51.878477,140,92.465404
-57.132992,118,92.570166
-73.185587,240,92.786685
-84.558874,100,93.050207
-61.899186,103,93.140301
22.374149,278,93.408998
-19.843452,183,93.777802
-5.22587,123,93.887695
-68.488957,197,94.065676
-27.867137,202,94.400654
123.896096,149,94.535031
-60.500671,160,94.680506
-100.946535,336,95.567107
-74.001358,133,95.686158
78.22099,113,95.787054
-77.533988,192,96.09589
-22.70343,113,96.198177
71.081056,176,96.357375
-105.483124,99,96.588879
-53.285026,106,96.686287
-30.990566,160,96.828752
108.217092,174,96.987563
-102.98095,136,97.254979
-106.702917,176,97.41059
-100.767532,130,97.526748
-87.824708,131,97.793953
-32.692149,151,97.92823
-98.320746,118,98.035123
76.458926,176,98.195915
77.800594,98,98.428105
55.402166,153,98.56555
-89.194016,79,98.636115
5.160531,264,99.020884
134.70929,387,99.367629
55.344386,77,99.440993
-94.07693,81,99.652422
-115.06822,155,99.791474
-75.557178,74,99.85785
-89.184005,220,100.059903
-92.012256,102,100.290792
-49.706998,108,100.387968
48.164141,199,100.566045
-74.27513,149,100.844112
-99.521628,142,100.972466
-127.925617,275,101.220413
75.780286,99,101.452978
-82.145729,284,101.7119
66.825988,114,101.815792
-73.695957,131,102.083772
-100.789445,101,102.173985
-77.154019,94,102.259021
104.41587,346,102.712616
-88.695456,197,102.888698
-58.262956,110,102.987596
-104.814595,169,103.29674
-41.236937,246,103.514289
-65.61482,90,103.592508
-64.910451,134,103.862027
-60.799272,157,104.003167
-45.535656,158,104.144882
-88.0456,76,104.212552
167.73289,344,104.676239
72.56824,99,104.766026
-84.031453,83,104.840581
56.23624,341,105.313974
-68.196134,145,105.446837
37.259303,272,105.885113
75.045377,144,106.014271
-152.98089,161,106.16558
28.203479,181,106.519884
-96.819181,121,106.631716
-68.671345,114,106.734237
67.104949,88,106.821424
38.409943,77,107.041847
-90.30556,113,107.142947
-32.769116,212,107.331608
64.211937,79,107.770149
-34.739518,160,108.050302
112.845499,170,108.203273
-36.978802,190,108.377487
62.817243,91,108.605098
139.887332,166,108.752712
-93.020352,142,108.878937
124.968485,195,109.061917
103.385904,139,109.325294
120.358999,176,109.481538
-7.151727,132,109.598738
-89.294693,85,109.816644
112.692283,162,109.958953
51.438751,170,110.108673
189.430614,277,110.500241
-78.578589,110,110.597559
31.386794,359,111.067295
-87.18784,112,111.168667
81.139995,210,111.359599
1.138607,358,111.824207
-78.313234,152,111.963392
49.662788,232,112.319208
-60.956911,179,112.481508
106.089726,159,112.625847
-105.181767,99,112.858779
12.066654,93,112.94202
-22.677813,189,113.108819
-51.979217,189,113.283878
136.921989,164,113.565474
97.134871,105,113.659102
106.747331,239,113.878977
23.821372,156,114.153602
132.993903,180,114.313108
188.2991,243,114.678197
113.663408,143,114.806253
-37.615131,125,114.919102
68.286949,102,115.009469
107.82265,136,115.282187
-39.49805,216,115.475444
-99.590134,244,115.704742
108.22553,146,115.979118
55.013994,208,116.167996
155.102919,257,116.548379
98.209294,246,116.766824
79.038639,161,116.942593
-79.948795,76,117.154275
-89.537155,133,117.275703
-81.543173,100,117.366663
18.484924,336,117.8175
140.562418,253,118.042606
247.938741,431,118.574143
-116.69095,118,118.679528
91.587767,101,118.918519
-49.530886,130,119.034506
-72.764374,155,119.173082
-16.654672,225,119.519384
92.619703,169,119.978272
61.13065,78,120.04944
62.791411,141,120.178167
89.525306,139,120.437239
-81.996035,223,120.637739
54.112767,104,120.731814
76.332573,92,120.8154
87.291399,104,121.051861
80.817788,144,121.181778
-64.625288,158,121.324571
77.820513,131,121.44861
100.841435,184,121.759214
95.856959,116,121.86493
-27.684901,242,122.088529
97.166151,241,122.447132
-10.503394,148,122.580342
142.350145,162,122.872545
-100.381853,121,122.98006
63.374117,87,123.05881
40.438485,148,123.191096
107.383841,127,123.310004
88.552463,118,123.555414
139.395678,171,123.709272
113.904636,131,123.826211
67.926261,106,124.073513
52.479889,73,124.139617
-70.848128,166,124.289635
-74.394379,98,124.378623
124.071189,127,124.499325
93.909982,111,124.745632
99.202468,127,124.874448
-24.857588,86,124.952399
65.719794,117,125.056635
-83.11839,138,125.346743
46.152031,109,125.444784
72.649657,86,125.522118
163.316028,235,125.733495
79.956691,88,125.956214
106.480992,112,126.057225
89.530368,101,126.148269
68.397793,81,126.221008
74.277928,105,126.3153
-83.977663,93,126.544286
48.322198,105,126.640064
83.096563,98,126.728981
92.959755,132,126.847952
143.781699,283,127.245693
-78.534173,147,127.379553
82.62801,178,127.538879
131.986423,287,127.969379
64.722127,219,128.16721
97.649329,187,128.551919
141.016217,190,128.721655
102.850345,306,129.276736
106.666333,174,129.431104
45.177231,86,129.514662
115.096086,170,129.848849
96.679076,130,129.963276
49.346399,155,130.100323
103.55338,136,130.223099
92.585345,176,130.553306
-71.090229,104,130.644164
98.318019,114,130.745277
75.521812,142,130.875324
70.724942,139,131.200252
102.680572,112,131.301425
69.166193,88,131.380001
84.85689,92,131.46318
71.570937,80,131.541971
119.419085,129,131.811546
92.829581,106,131.907056
80.107875,86,131.985157
-109.166106,317,132.680103
86.627049,94,132.764221
77.468655,86,132.842504
97.531091,118,132.949214
85.641016,112,133.056853
63.355719,83,133.272661
77.915408,102,133.363343
65.004422,77,133.433686
80.923599,93,133.51563
74.564941,102,133.606922
70.153027,109,133.848494
78.238797,86,133.924925
84.541202,102,134.01634
75.145652,87,134.094254
182.114874,295,134.498762
95.701771,136,134.620793
92.012762,111,134.720099
80.020849,133,134.839672
108.601854,126,135.094766
102.818695,141,135.220526
73.296017,93,135.303656
74.880493,80,135.374967
98.80304,117,135.48784
84.70601,110,135.724923
92.355065,94,135.810206
132.000194,202,135.989303
53.003086,67,136.052842
115.659562,139,136.321779
83.40886,103,136.413507
88.543337,91,136.496062
100.081135,140,136.622904
68.121411,116,136.87904
101.477253,124,136.992895
80.513567,126,137.10747
70.264152,83,137.181203
100.869135,158,137.474426
-3.721113,117,137.578996
77.888221,103,137.673121
-82.339805,143,137.800252
29.900383,107,137.902135
87.464333,114,138.194789
61.475556,71,138.258187
70.919801,87,138.335591
87.031202,121,138.441615
7.034802,120,138.560942
77.176215,117,138.825514
-78.448589,111,138.923987
110.58108,126,139.040893
91.78731,100,139.134895
85.940294,106,139.412148
85.516087,89,139.490347
92.415862,106,139.583293
86.988107,151,139.718444
106.215926,127,139.841811
77.816254,86,140.145437
112.342443,124,140.256212
104.112984,119,140.363187
70.560152,98,140.456665
53.983821,85,140.540083
132.238823,211,140.897545
90.937435,136,141.029258
126.372105,142,141.164452
81.902731,126,141.444481
69.414242,76,141.511665
-65.67114,175,141.667092
88.175269,141,141.801384
65.404223,78,142.040993
70.356126,90,142.122313
117.894362,160,142.266601
78.525333,103,142.360633
68.956539,77,142.437762
95.388375,107,142.731097
79.872455,85,142.806663
117.515823,167,142.955818
85.010913,119,143.068656
49.862147,61,143.129252
72.412935,89,143.378368
-77.743207,123,143.489136
83.052029,114,143.589853
79.876074,86,143.667505
96.656387,97,143.762034
88.498414,100,144.037204
87.677786,101,144.128679
97.648577,156,144.26569
104.293252,186,144.693197
37.467691,54,144.74012
70.189481,90,144.820498
78.534618,97,145.155754
74.001248,158,145.295968
108.45169,124,145.568181
99.184078,106,145.662267
15.621114,104,145.754143
71.949267,80,145.826392
79.364066,91,145.907628
102.657557,118,146.202734
64.264963,74,146.270082
88.558373,98,146.358144
-39.103181,302,146.639033
97.870988,98,146.94353
101.927511,142,147.075988
84.598967,95,147.162892
98.188946,134,147.293728
56.480155,96,147.583197
85.470899,105,147.677122
82.661646,96,147.762958
98.934209,137,147.885089
-62.980491,166,148.209256
119.39119,121,148.316391
63.531587,131,148.43621
102.262422,120,148.544138
88.107154,96,148.636962
111.100244,123,148.951982
79.64892,87,149.031492
94.662768,102,149.124017
101.706084,155,149.269689
77.64261,97,149.527205
91.887995,103,149.617316
101.118151,109,149.712992
96.646111,120,149.821046
73.96179,85,149.899697
100.481892,106,150.141045
55.478447,82,150.213196
96.45456,114,150.313835
93.236062,109,150.408844
85.999985,161,150.560634
150.092269,185,150.862706
105.343647,107,150.959158
73.491255,91,151.040563
103.370763,107,151.14276
103.897763,130,151.410188
97.777743,102,151.508153
88.223802,97,151.597981
74.890456,85,151.675882
91.721134,110,151.784002
81.968232,91,152.009905
94.911756,111,152.112098
67.402612,70,152.176682
79.6334,99,152.266838
70.052479,77,152.337972
92.035454,120,152.593037
83.888315,102,152.684555
57.382661,87,152.762264
73.72502,84,152.837085
61.10219,73,152.902492
78.059651,85,152.981381
66.049237,102,153.217375
138.624213,164,153.367774
55.150151,90,153.44961
84.368807,94,153.533309
79.97349,117,153.785564
82.250877,94,153.869316
91.771223,105,153.963787
80.194502,92,154.04568
84.430838,93,154.127373
96.906731,157,154.414032
94.511392,125,154.524852
96.216474,99,154.613533
123.458141,159,154.755192
116.621976,141,155.025745
100.156154,115,155.129078
70.041745,99,155.218604
79.713705,84,155.292833
58.226982,70,155.354962
95.36882,101,155.59983
67.685385,75,155.666531
95.816409,99,155.754057
109.425792,113,155.855387
82.743596,120,155.962277
108.943327,128,156.232672
54.690178,89,156.314293
68.454088,82,156.388788
107.670572,108,156.487589
74.112871,81,156.560849
-54.231731,77,156.636002
67.462506,78,156.847846
60.266104,69,156.909173
100.048915,130,157.025496
82.929049,100,157.11545
83.663394,98,157.202742
108.724487,134,157.711412
114.561395,116,157.8153
71.244526,80,157.885307
72.906296,77,157.95296
63.453321,70,158.015899
94.26094,124,158.275097
108.620451,118,158.38109
114.845652,148,158.512789
84.602347,95,158.599192
70.319657,174,158.913
68.360965,75,158.979565
99.164686,108,159.076741
101.824436,113,159.177228
105.337157,119,159.285924
80.64335,86,159.505084
89.026512,118,159.610727
70.602919,107,159.706605
116.465955,305,160.123601
42.289288,124,160.2354
106.403253,110,160.333122
64.189089,78,160.401649
78.734275,129,160.52126
99.760563,112,160.760513
66.503445,72,160.824676
106.527174,119,160.930745
85.838694,111,161.029845
74.692252,84,161.106853
90.481934,129,161.364626
69.274301,81,161.438523
89.25805,109,161.536654
56.602041,69,161.598065
106.455116,115,161.705838
81.532523,95,161.9681
76.138424,99,162.061929
66.562508,73,162.133907
129.020727,219,162.341829
54.520509,60,162.402244
46.872976,63,162.602089
79.333647,92,162.685571
70.268348,86,162.762592
81.371847,90,162.843128
61.980819,76,162.911733
95.898865,98,163.003245
103.008074,110,163.242647
60.094306,110,163.342789
66.249573,80,163.413668
72.916489,80,163.485531
58.855852,66,163.544131
83.240704,89,163.630342
79.47019,88,163.846781
16.544449,86,163.923759
74.230106,98,164.011565
100.14404,107,164.108176
164.546844,233,164.494629
117.446067,150,164.627386
93.733191,95,164.712783
97.606262,119,164.825085
108.368535,139,165.095356
75.397691,83,165.169133
71.386979,83,165.244583
102.852347,110,165.344376
80.753418,92,165.430321
99.943313,112,165.673674
63.961762,150,165.808077
87.163267,111,165.909143
89.080393,114,166.012529
66.390916,97,166.248936
75.099924,93,166.331898
72.099971,93,166.417284
56.978604,91,166.499061
55.929528,85,166.575618
82.384943,119,166.689305
129.34288,182,166.996256
66.585572,78,167.069344
73.540812,81,167.143462
73.592581,79,167.2137
82.62243,88,167.300311
91.070018,104,167.53468
58.06101,67,167.594106
72.966216,90,167.675125
103.701713,113,167.77598
73.317842,78,167.847079
88.40954,104,168.086744
73.069264,77,168.155194
125.716196,125,168.266511
104.652422,115,168.369714
89.964736,102,168.46069
54.667767,67,168.526329
71.897764,88,168.74555
76.764267,157,168.886288
38.560076,70,168.949331
65.917556,82,169.022393
64.098416,72,169.098432
69.757631,77,169.31148
67.46272,83,169.385282
58.193431,63,169.443176
42.481124,51,169.706459
62.076987,76,169.773923
66.493971,69,169.834853
61.966114,73,169.899946
121.459092,149,170.165438
67.471456,78,170.235188
66.791316,78,170.304358
83.852388,92,170.386677
64.963723,72,170.449878
-2.632713,155,170.745332
67.368366,106,170.840305
60.645481,74,170.907
77.272469,91,170.98822
88.664199,102,171.080985
47.77663,83,171.162218
103.172674,110,171.403007
104.332174,132,171.523016
57.918871,83,171.598894
81.89423,87,171.677499
79.342126,82,171.757081
68.421894,77,171.971758
76.191644,92,172.064502
67.691537,73,172.130607
114.780154,139,172.253007
89.858306,102,172.352679
114.565031,113,172.597922
72.192338,79,172.668055
69.577865,81,172.740063
73.064045,96,172.825886
86.29377,97,172.912688
70.099801,74,172.983782
72.324619,80,173.202563
84.094769,96,173.288589
67.33659,87,173.367601
105.978623,115,173.469532
74.76225,81,173.541343
76.408191,94,173.78518
70.076301,78,173.855858
43.542501,69,173.918935
97.935981,161,174.064259
77.850134,87,174.141182
68.029545,84,174.221661
109.684083,114,174.47895
95.970227,103,174.570183
90.860669,95,174.65396
97.279767,109,174.750829
82.946632,107,174.85593
97.366111,101,175.094144
82.473828,106,175.18913
72.288456,80,175.260363
79.75706,83,175.334693
61.18534,75,175.40361
51.372249,104,175.640819
86.829785,97,175.727407
83.656991,96,175.811333
90.404728,100,175.899772
59.71344,73,175.964666
3.658567,96,176.05654
89.342276,107,176.291781
75.445287,87,176.369183
87.350965,95,176.455031
87.098877,101,176.544441
78.075472,85,176.622386
65.361612,77,176.836528
63.557312,70,176.90124
82.109193,130,177.022066
43.660216,105,177.119821
88.697857,97,177.212362
71.241051,100,177.451016
67.139156,95,177.536925
84.25692,98,177.625012
80.619415,90,177.705513
85.117242,123,177.816031
83.146614,87,177.901482
56.555877,66,178.099897
66.944516,82,178.173304
53.316233,67,178.232625
68.709477,78,178.302185
67.176941,76,178.36968
101.467655,111,178.472583
109.700064,129,178.731174
73.437266,93,178.814791
81.120511,95,178.899292
88.649173,101,178.989651
64.352442,75,179.060588
51.374699,63,179.259282
85.912184,97,179.34527
103.068955,110,179.442988
69.724934,77,179.511478
71.084186,85,179.586793
79.973228,84,179.662827
85.145631,97,179.89365
79.482335,83,179.967679
78.721133,83,180.042177
47.388813,57,180.09394
74.523788,81,180.167305
75.311803,91,180.249555
60.650843,120,180.501446
59.917393,68,180.563489
58.167941,114,180.666345
71.406238,85,180.74228
85.879171,94,180.825559
50.303235,82,180.904245
-40.944096,135,181.165096
76.557215,85,181.240931
66.45259,75,181.309476
92.464091,103,181.40352
65.594697,72,181.471328
86.541174,88,181.920252
87.154905,93,182.00357
83.523156,89,182.083972
66.362285,72,182.147798
58.548039,82,182.222498
67.337327,77,182.294102
59.480109,78,182.371482
78.779152,89,182.589185
80.185734,98,182.676903
90.338424,90,182.757014
80.499171,93,182.840341
105.615447,111,182.944649
80.012152,101,183.176865
92.703046,93,183.25981
96.982671,102,183.35169
96.205652,109,183.448791
95.34251,101,183.54315
99.108767,124,183.795781
84.189503,86,183.872368
52.42579,73,183.939085
80.314722,96,184.026118
83.676492,83,184.101185
70.602209,82,184.181915
71.401296,80,184.391597
78.167374,149,184.524284
75.63948,84,184.59848
69.637472,78,184.668269
69.327879,80,184.743839
72.131106,78,184.952503
76.859288,85,185.028933
67.892984,77,185.097557
99.708597,98,185.184658
64.562709,78,185.253755
108.680602,112,185.35866
73.766896,79,185.57206
69.994724,86,185.649371
65.984329,85,185.725212
91.694903,105,185.818167
68.609388,77,185.886706
59.444168,73,185.954601
74.421691,92,186.188074
107.596227,112,186.288173
92.005108,128,186.403175
80.865249,112,186.504656
69.382424,75,186.578225
78.202449,92,186.809384
88.520539,91,186.890683
73.792408,98,186.98003
74.749982,82,187.053901
94.546098,101,187.149962
62.060491,69,187.219031
76.368437,83,187.501637
74.635607,79,187.572333
61.730695,88,187.65145
57.920824,67,187.711104
75.302967,94,187.801832
68.970143,84,187.883522
71.240859,76,188.124453
69.678665,75,188.192662
61.979179,82,188.265945
94.824436,103,188.357072
120.656449,132,188.479505
59.926833,73,188.72188
53.295907,117,188.82739
105.26174,116,188.932234
68.109033,77,189.002732
98.576322,114,189.111112
87.245357,99,189.386381
92.591513,123,189.495803
68.604426,77,189.563758
71.704668,84,189.638058
90.451126,108,189.734573
90.914119,109,190.023411
54.0054,60,190.077543
62.79274,73,190.142513
94.261725,99,190.231064
75.047107,84,190.30458
65.140846,73,190.371001
87.826795,96,190.465419
99.886762,99,190.695131
105.275188,111,190.806557
62.060064,72,190.871971
57.04496,67,190.932361
80.857595,90,191.015844
97.967682,110,191.267283
86.134808,95,191.351437
106.481607,112,191.451377
107.666139,133,191.570014
87.614483,99,191.659761
81.829227,86,191.882195
69.740187,74,191.948527
63.094681,89,192.028705
69.084397,78,192.098629
76.425727,88,192.178
102.799133,120,192.292218
69.1784,76,192.506782
49.135155,62,192.564575
91.552093,103,192.659176
83.031104,92,192.743685
71.655653,77,192.813868
88.595686,94,192.903205
91.753117,110,193.146368
84.906289,103,193.238896
58.696,71,193.302535
90.735027,100,193.392459
63.452452,80,193.465193
97.966968,119,193.721009
42.507106,78,193.791187
61.133527,66,193.850434
75.891652,80,194.143927
62.464482,121,194.254444
57.155929,66,194.312394
86.731627,106,194.559976
81.667826,87,194.637379
98.639937,132,194.756756
67.132674,79,194.82724
78.267769,84,194.903001
95.251015,97,194.997107
62.849622,67,195.209491
89.192898,97,195.296587
97.83523,95,195.380108
57.732081,74,195.446637
76.34253,80,195.517612
60.021208,77,195.593458
56.464338,62,195.796201
65.063823,74,195.861375
57.741695,64,195.916973
69.859926,76,195.984081
70.508105,77,196.052858
67.946943,76,196.119689
73.183881,76,196.19294
65.670831,72,196.41973
54.059071,73,196.485437
79.187551,92,196.56854
97.930529,128,196.685244
64.683845,84,196.763887
51.798411,68,196.833518
89.285143,104,197.131349
76.338398,85,197.208072
103.725087,101,197.298659
98.988467,97,197.385804
93.493141,95,197.479346
79.1555,100,197.74593
84.617575,86,197.822927
60.997796,122,197.931155
86.328105,117,198.036304
49.365935,75,198.107106
72.140134,77,198.381025
64.591684,70,198.444361
51.612691,59,198.496219
67.149722,78,198.566804
72.700603,82,198.640112
102.047384,116,198.748718
66.848659,91,198.838688
106.514274,130,199.200795
41.997773,54,199.248918
87.038529,97,199.334078
-57.728963,78,199.405337
66.50061,85,199.489731
62.810447,72,199.56178
77.607478,101,199.820997
62.38864,70,199.884687
70.989641,75,199.951034
44.108055,70,200.012583
75.955956,79,200.083806
49.918901,57,200.13943
68.24362,90,200.3783
76.41163,83,200.453785
74.624176,80,200.525363
84.59467,92,200.607251
48.091006,90,200.686502
70.186211,73,200.753236
78.77215,90,201.015143
63.563246,74,201.080362
70.524985,82,201.153235
55.410104,61,201.207304
61.381011,70,201.27073
66.581907,81,201.344398
76.711844,78,201.420183
86.099479,95,201.658046
68.474878,77,201.739129
70.397703,85,201.816456
66.54253,73,201.882565
114.614385,138,202.010779
95.24452,101,202.266341
58.312835,63,202.322655
66.905173,83,202.397373
74.539834,82,202.471411
71.691938,86,202.549372
67.343588,75,202.615487
65.088361,82,202.696332
58.212665,69,202.901675
77.737471,85,202.977599
93.948711,111,203.076184
82.421108,95,203.161957
55.981962,61,203.215657
65.704311,72,203.281008
72.863685,81,203.517972
62.590093,70,203.579801
81.41206,89,203.657709
68.336713,89,203.737267
78.958745,88,203.815346
72.318722,88,203.897001
64.941376,84,204.114086
62.055303,69,204.175226
76.38664,84,204.251628
68.728073,78,204.321225
72.542925,80,204.393643
81.27248,89,204.472323
75.463918,84,204.695994
98.018935,129,204.813183
77.911815,79,204.885088
76.663585,88,204.964785
36.547587,58,205.015959
69.097267,76,205.084979
82.816849,93,205.316118
57.715122,70,205.379177
108.865584,134,205.499761
104.057447,107,205.5972
51.922306,67,205.658202
49.673943,80,205.732821
76.325646,87,205.95377
85.108185,97,206.041161
16.168128,87,206.118631
69.869434,95,206.205011
71.439776,83,206.278052
83.374948,104,206.591545
43.21722,62,206.786159
104.126021,113,206.886656
84.875101,102,206.978418
58.617348,68,207.038562
64.342772,75,207.106419
70.594371,75,207.178111
89.063328,96,207.438273
71.450736,78,207.509442
81.772462,90,207.592466
98.283777,114,207.694211
66.070945,74,207.765587
77.958587,84,207.989532
74.619417,105,208.08475
70.239243,76,208.152549
55.015814,64,208.21034
98.841125,116,208.314625
95.627521,97,208.405004
103.216852,105,208.642225
61.594395,68,208.702842
73.933589,80,208.776869
58.918672,69,208.838438
53.774406,115,208.944738
78.778992,82,209.025262
76.127031,76,209.235084
75.022205,95,209.319323
59.263246,74,209.386064
66.627771,94,209.470946
61.61483,88,209.550207
62.061702,69,209.614279
71.030787,96,209.853882
69.318609,77,209.923035
77.453389,97,210.010908
80.513376,83,210.083591
81.91325,88,210.161636
66.672899,84,210.241685
96.745886,98,210.484015
62.203276,68,210.543947
78.62079,82,210.616399
52.273793,60,210.669867
99.012191,100,210.7596
56.877131,63,210.817061
56.039352,66,210.883406
55.618924,68,211.11194
71.163541,78,211.183417
71.178242,103,211.276263
87.283572,90,211.357277
88.252107,117,211.468354
87.572192,94,211.697492
84.329694,94,211.781959
103.758331,115,211.885138
62.846696,86,211.96346
71.182611,110,212.063761
89.68795,91,212.291937
74.330846,81,212.366062
65.591988,72,212.442626
86.050709,93,212.528965
116.730946,114,212.631948
63.374573,93,212.719772
58.987279,66,212.95682
72.843061,82,213.030552
89.28158,102,213.123445
73.487961,81,213.196155
41.834334,66,213.255086
108.749328,122,213.372158
44.414057,64,213.575522
64.565792,76,213.642999
82.776569,92,213.724983
72.168603,77,213.793735
85.51837,91,213.875344
63.322991,91,213.959283
73.422683,77,214.175557
72.235012,77,214.245824
61.996822,84,214.320917
10.902866,100,214.410591
81.453219,96,214.496312
75.174156,88,214.577341
58.20476,66,214.779633
73.599535,81,214.851572
73.327834,84,214.926
63.740319,74,214.992237
82.479875,102,215.082998
75.224845,82,215.155747
86.480783,124,215.413749
60.507679,77,215.482484
74.597043,95,215.567195
92.633771,99,215.653952
72.630296,92,215.736408
66.403156,78,215.813438
57.203381,70,216.019308
46.073221,58,216.072363
89.096899,105,216.165371
81.632529,100,216.253353
118.1814,164,216.403403
58.163818,73,216.620576
92.240196,100,216.709262
63.488757,70,216.771322
68.895403,80,216.843457
-55.310205,82,216.916786
95.145547,108,217.016769
65.961485,76,217.230403
71.681256,93,217.312808
68.283884,80,217.384633
62.928565,69,217.447199
79.804113,83,217.520406
45.25172,68,217.58098
90.842529,97,217.814277
66.461341,77,217.882126
63.460034,112,217.982377
83.111726,84,218.058757
79.568821,85,218.135515
71.34042,79,218.207913
92.889405,101,218.443999
93.102699,114,218.546753
77.27582,93,218.628989
68.337624,87,218.926735
66.340934,71,218.989903
84.108675,91,219.071018
102.156581,106,219.302599
73.473621,77,219.371825
76.767529,81,219.443983
55.828563,70,219.506074
74.042295,132,219.62543
72.855429,78,219.839072
69.939515,80,219.911065
62.173629,70,219.974016
77.182217,83,220.047428
64.400619,71,220.110716
88.179665,90,220.189533
68.695833,77,220.263266
73.347106,76,220.471758
90.974767,91,220.553054
49.692478,64,220.610084
125.934146,138,220.735647
82.273094,90,220.816314
81.227754,83,221.038355
64.44838,67,221.098483
72.646607,75,221.16577
80.758751,87,221.243514
68.084067,74,221.309621
96.313619,107,221.404056
65.339789,74,221.474904
76.430535,88,221.695031
47.229567,54,221.743737
82.531991,88,221.821861
55.642708,80,221.894201
110.962987,114,221.997171
58.852793,92,222.086682
69.828263,81,222.302384
50.553006,64,222.360032
49.919847,57,222.41111
73.640596,77,222.479625
78.987725,87,222.557189
64.236694,90,222.638139
101.584653,130,222.901255
80.175346,90,222.985146
72.466574,80,223.058431
-50.164524,101,223.161584
60.994173,69,223.22436
81.605255,90,223.312776
114.144824,121,223.564086
61.858347,69,223.627139
78.456892,87,223.705161
70.716477,75,223.771657
61.319975,69,223.834556
68.389328,84,223.91615
81.532003,89,224.139891
56.007888,69,224.202148
71.876223,80,224.274355
78.301839,89,224.354039
75.594633,80,224.425362
73.195578,80,224.498655
66.375677,71,224.706493
78.998955,86,224.782597
82.006781,86,224.859731
79.655005,89,224.938551
73.309018,95,225.023378
84.20509,88,225.105386
78.515549,84,225.324332
78.160398,91,225.406726
53.892911,71,225.470355
96.700292,110,225.568166
88.639177,93,225.651586
83.232257,102,225.747362
72.418893,115,225.989826
84.664568,90,226.069648
58.979942,76,226.13744
84.556649,92,226.219717
100.546189,101,226.312207
65.556549,72,226.521307
72.555992,95,226.607601
49.865339,62,226.663552
127.856048,123,226.773952
76.407073,88,226.853736
82.282362,101,226.952688
75.833496,93,227.18324
67.351794,73,227.249701
81.119713,89,227.33105
88.043473,104,227.424467
55.098658,61,227.478486
90.595304,93,227.567028
69.455628,74,227.771271
90.146337,107,227.866883
66.971562,79,227.937005
72.27638,81,228.009454
78.93147,86,228.085093
75.49734,81,228.161685
76.908057,82,228.37316
87.148722,95,228.457655
87.429548,92,228.539071
61.79487,72,228.604611
66.737318,76,228.672526
93.108332,103,228.770211
73.87449,82,228.984746
96.101187,117,229.096417
89.671729,90,229.179662
70.472544,74,229.246329
51.509806,58,229.298595
73.186778,78,229.375676
87.255785,91,229.602706
63.967708,80,229.675522
78.554146,80,229.747043
96.962076,121,229.856526
64.247081,72,229.920764
109.255547,111,230.166804
52.534546,64,230.225578
57.349609,63,230.282193
75.68485,82,230.357426
70.464977,80,230.429314
57.52136,71,230.493147
74.633419,81,230.567138
49.503848,66,230.632663
90.370538,124,231.083728
52.340093,62,231.14048
71.279694,79,231.211525
65.504557,97,231.300007
80.134549,91,231.382168
83.062957,85,231.594776
70.156087,82,231.668146
93.248736,101,231.760328
75.603629,85,231.838369
62.287344,73,231.90492
62.444028,69,231.968973
79.889047,88,232.194152
93.576947,115,232.296769
59.513003,71,232.359901
80.827725,85,232.435249
83.542454,86,232.512318
86.511389,91,232.597991
55.091538,63,232.800038
62.325157,74,232.868057
66.329482,73,232.93369
76.069798,102,233.027134
68.178157,78,233.098892
77.945863,103,233.193105
76.231545,81,233.411898
52.113819,65,233.470542
86.922339,89,233.54881
66.002585,74,233.61499
98.706772,107,233.711413
63.502523,70,233.774606
60.860298,75,233.848852
58.498772,70,234.052991
65.63485,75,234.119149
49.382322,100,234.207401
69.066485,84,234.282105
88.53119,96,234.368955
93.228068,95,234.461427
73.21874,79,234.668958
66.858087,72,234.732846
65.327208,70,234.79608
68.516503,73,234.861933
62.074455,69,234.924092
66.931632,72,234.987744
56.362598,62,235.046184
52.354086,70,235.249815
71.010623,81,235.323086
62.573555,74,235.389546
79.946706,100,235.477857
70.853012,74,235.542943
95.079492,103,235.638116
61.709674,66,235.837189
71.087326,76,235.905781
53.636731,63,235.962356
66.840186,73,236.029431
65.235627,70,236.091771
74.326737,78,236.160416
64.139493,72,236.225795
96.5243,117,236.474593
55.653464,66,236.533372
68.513455,78,236.603154
68.130653,86,236.682478
53.5447,63,236.738454
61.074961,67,236.799084
70.91301,76,236.892744
66.204727,75,237.100284
71.773449,91,237.182246
71.908098,76,237.251987
54.145639,163,237.399227
81.887607,89,237.484464
51.694627,59,237.677365
95.042078,121,237.785201
111.598659,115,237.890848
66.320178,78,237.960778
95.883626,99,238.050728
63.393097,72,238.256852
15.323786,110,238.354255
66.034757,70,238.418054
76.976283,80,238.489057
63.125349,88,238.566939
65.507762,68,238.628227
68.221432,77,238.703155
64.797704,74,238.907266
100.763752,107,239.002286
46.695327,62,239.05883
68.143732,73,239.124612
59.903347,135,239.24646
79.564619,82,239.468207
64.183893,72,239.532379
64.869116,72,239.596927
68.481255,88,239.676298
79.602498,83,239.750512
67.08171,74,239.816575
61.67466,68,239.879455
88.201726,96,240.108502
88.799793,99,240.197001
79.700003,87,240.274372
47.518739,56,240.324536
97.187168,110,240.42427
51.183127,63,240.482934
89.367927,96,240.710043
66.575202,75,240.77724
88.857353,94,240.862082
76.27917,87,240.939149
61.194155,66,240.998465
84.160767,87,241.078991
69.035788,80,241.292078
48.620245,59,241.344618
59.39355,72,241.408641
72.043806,77,241.476671
87.078338,98,241.563321
70.039274,76,241.631715
87.938125,93,241.719303
40.75468,54,241.905023
73.972608,81,241.977509
57.618396,69,242.04054
108.018615,107,242.136451
65.456925,80,242.209283
65.279,69,242.272718
57.189037,66,242.339086
73.850238,90,242.56158
74.299451,83,242.63494
56.87547,62,242.690481
67.185305,71,242.969731
65.758618,72,243.037898
59.267817,75,243.105787
64.626286,73,243.307612
79.138357,84,243.38213
55.024644,89,243.461699
65.316183,69,243.523588
59.007457,65,243.580847
65.805271,72,243.646016
48.605056,56,243.698829
55.309108,62,243.759517
80.222311,85,243.973749
122.695096,140,244.099855
81.044399,86,244.177034
84.791996,93,244.258589
88.595614,97,244.353022
74.527747,76,244.561545
61.750239,70,244.624276
54.469461,66,244.683613
66.56955,75,244.751218
83.436688,94,244.835411
67.265163,76,244.90445
64.563063,72,245.116921
48.509,61,245.171357
74.77818,90,245.252472
61.667006,77,245.321545
63.493679,86,245.400025
65.64609,71,245.462523
79.962374,86,245.542216
73.091915,85,245.758137
63.602818,81,245.830113
69.582008,130,245.946503
85.23994,89,246.026889
65.916925,75,246.093498
82.353124,93,246.323747
62.449229,72,246.388919
88.316307,99,246.478117
48.538529,61,246.53305
67.829821,77,246.60202
65.493448,74,246.667009
102.004251,111,246.774332
72.049534,81,246.989489
73.775932,84,247.065654
91.616439,111,247.167854
80.428997,98,247.258635
60.78718,67,247.320526
58.554535,82,247.40511
54.102045,61,247.602208
66.530162,77,247.671664
78.128212,82,247.746175
59.22247,65,247.80627
60.614474,80,247.885599
76.412352,84,247.977319
101.465641,116,248.228544
67.078443,77,248.29757
71.466401,81,248.369592
77.863111,84,248.444601
86.405468,88,248.524889
79.497774,85,248.606543
89.538836,90,248.827801
94.853309,107,248.922795
62.424494,73,248.989741
44.070941,60,249.043741
87.517035,101,249.133944
80.752819,92,249.219453
55.358771,65,249.423448
80.258406,89,249.50316
102.482086,134,249.625166
64.607528,76,249.692928
76.543343,94,249.77903
69.754939,76,249.854553
68.831365,74,250.061833
82.41118,88,250.140716
102.205655,103,250.233161
62.943614,69,250.293212
47.048618,60,250.347191
79.338039,89,250.431058
92.352478,104,250.667482
71.285299,78,250.736315
72.728197,78,250.806562
66.679412,73,250.872311
85.774442,91,250.953139
62.115628,77,251.022703
78.327665,82,251.241576
67.174272,86,251.319184
72.4573,80,251.392568
67.278803,82,251.466735
77.686907,82,251.540723
69.480177,79,251.61335
37.90886,110,251.856961
68.90774,90,251.937715
66.270413,75,252.005132
59.835248,64,252.063583
81.575748,88,252.14441
76.62001,80,252.217597
64.419491,73,252.290945
77.720173,89,252.553895
93.747428,117,252.657604
102.041582,102,252.746463
56.729328,74,252.810786
60.462664,68,252.874576
69.60619,74,253.166458
90.557695,100,253.253992
75.553388,89,253.333525
60.341204,75,253.400131
51.349478,63,253.455306
50.279022,69,253.520623
76.13072,78,253.597811
71.771391,76,253.864207
71.631286,78,253.934148
88.472747,106,254.027717
59.173382,72,254.091656
86.185899,105,254.187448
60.412512,66,254.254847
82.49224,89,254.518573
60.961712,70,254.580412
82.140963,93,254.662788
47.065911,60,254.715455
82.957302,98,254.800978
60.756515,67,254.865327
61.419365,71,254.934936
68.406235,77,255.413968
143.083702,161,255.559685
65.967984,76,255.627825
61.729438,89,255.707273
81.451126,85,255.782745
70.429492,74,256.01876
55.114449,67,256.078304
62.427432,66,256.136893
89.211731,90,256.215689
64.626263,73,256.28162
86.540892,92,256.366281
86.071717,93,256.612271
52.640447,60,256.6663
57.875711,64,256.722216
70.151956,78,256.791621
75.997087,83,256.866518
54.150782,62,256.922033
84.742449,95,257.011548
50.651194,83,257.281627
58.495202,65,257.339683
79.040998,99,257.429718
68.471809,83,257.506183
50.145145,79,257.579091
50.88307,63,257.641438
87.776369,92,257.735029
73.969946,80,257.984095
76.568516,85,258.063029
81.779506,92,258.14684
60.790911,68,258.208025
83.041959,104,258.307112
94.899797,115,258.562137
88.870624,95,258.646702
61.510112,93,258.730503
69.137292,74,258.796338
54.349777,59,258.848306
51.821353,69,258.909322
79.285402,93,258.999994
88.060226,102,259.233758
86.716144,95,259.319715
75.000271,80,259.393651
47.698549,68,259.455953
62.856192,120,259.566381
46.62855,53,259.754763
86.47685,86,259.831291
73.684013,78,259.900568
49.804456,57,259.950653
61.444013,68,260.011093
62.539769,73,260.077355
38.787213,47,260.11984
73.374164,79,260.198161
78.140027,96,260.424225
74.613644,81,260.497271
72.194903,80,260.569418
70.369223,80,260.642805
87.113494,100,260.733247
64.384884,74,260.806515
70.588321,74,261.017778
56.17567,62,261.073854
63.741876,67,261.13369
60.285511,66,261.192996
89.851794,94,261.276646
66.979102,75,261.343177
68.562954,79,261.419351
64.425953,71,261.625711
57.432538,66,261.686018
73.296771,99,261.777308
66.39386,74,261.843833
89.963448,92,261.926501
60.169945,69,261.99089
62.610582,68,262.197601
78.312399,86,262.275396
58.425426,81,262.349966
77.069648,92,262.431643
68.67644,77,262.500679
50.881096,98,262.58964
59.976238,69,262.822274
86.780195,93,262.904976
68.475845,73,262.970925
72.355893,83,263.045735
71.040228,91,263.127955
75.572443,80,263.20153
71.051312,76,263.276519
54.540302,71,263.491192
62.255035,67,263.550827
70.231756,74,263.615774
54.365258,62,263.6717
67.416879,95,263.754731
78.499373,87,263.833041
64.162552,77,264.104552
50.419927,60,264.158373
73.309882,81,264.229641
71.897148,78,264.299046
68.264743,79,264.368908
84.255601,90,264.452832
58.133232,65,264.519166
65.149544,70,264.774664
69.204463,71,264.837402
75.709818,78,264.906773
69.718989,74,264.972463
73.116391,78,265.042753
113.68262,128,265.16308
88.347018,92,265.437501
120.479856,144,265.567038
64.692348,84,265.642577
72.675579,78,265.71284
55.549364,62,265.770575
79.093827,84,265.853657
61.144498,70,266.060034
82.641927,103,266.152048
65.757339,72,266.215996
75.015264,80,266.287274
64.247128,72,266.351104
75.089641,86,266.43
88.319491,96,266.665232
72.87397,80,266.738946
61.691674,74,266.822724
53.236315,64,266.880282
55.752478,61,266.933659
75.502814,82,267.007406
55.290808,62,267.068338
50.484417,66,267.271998
74.154629,78,267.343126
84.822182,85,267.418422
86.272357,90,267.49918
75.817058,82,267.775897
110.088324,122,267.888365
79.156433,82,268.097464
83.767311,83,268.171768
66.680285,74,268.237736
69.793778,74,268.303535
53.926595,59,268.356095
50.08757,61,268.409977
47.008364,55,268.460492
54.688476,67,268.526933
85.603796,99,268.750835
94.055907,103,268.843146
72.409764,78,268.912528
80.096195,87,268.990149
53.458412,63,269.047212
55.772432,67,269.113835
65.646763,73,269.32042
66.357693,77,269.390606
83.500117,91,269.472795
93.367865,97,269.558698
102.021599,126,269.674001
64.729152,69,269.88292
61.490726,66,269.942187
76.078319,81,270.013991
75.51739,84,270.090083
82.498353,87,270.166879
76.510236,81,270.238547
77.233358,84,270.31768
66.91988,94,270.546236
61.066942,70,270.60808
64.459332,68,270.669176
53.009088,63,270.725786
57.138171,69,270.786996
59.366218,73,270.851422
53.055203,60,270.907887
90.052871,107,271.143869
56.882941,70,271.205688
71.299653,80,271.277834
72.299653,77,271.345684
74.043778,78,271.415393
52.384162,61,271.470228
86.894939,90,271.727946
60.544768,81,271.799005
67.214499,76,271.867013
57.354153,65,271.926215
70.115261,80,271.99931
59.818325,71,272.063076
65.098839,72,272.136857
77.220575,87,272.371778
70.789375,79,272.443579
57.173244,77,272.513441
79.163675,89,272.596054
69.865078,81,272.669122
64.973697,76,272.739591
70.895281,73,272.812466
64.4343,71,273.014279
89.947054,104,273.107702
69.22859,87,273.185009
64.260169,73,273.249091
82.660676,90,273.329612
78.796089,91,273.416605
69.153067,80,273.640281
81.539424,89,273.720815
65.846687,73,273.786321
77.509591,86,273.863084
74.08909,81,273.936793
82.533505,90,274.026482
61.972309,72,274.233136
55.47005,61,274.287067
63.534578,69,274.348203
56.084021,65,274.406319
69.108444,79,274.478781
59.696632,75,274.54696
63.176291,69,274.614599
71.618166,92,274.851685
76.703252,91,274.934621
66.459422,73,275.000461
75.922593,83,275.074745
84.073601,106,275.171015
68.601881,75,275.246869
78.211377,97,275.485588
93.485717,101,275.576016
87.414629,90,275.659314
49.209477,59,275.712661
51.11932,61,275.768877
103.786717,111,275.875566
57.991776,63,276.092621
104.284533,105,276.186338
57.324509,68,276.248739
72.431761,83,276.322473
61.563936,67,276.383345
24.890806,99,276.481481
60.270017,70,276.697917
69.574856,74,276.766007
75.839154,77,276.835368
65.297845,68,276.896529
56.952252,64,276.954787
61.437144,66,277.015551
43.764949,65,277.076665
76.583512,83,277.301778
58.388391,67,277.361928
79.712454,88,277.440912
71.441865,79,277.51142
43.216048,52,277.557405
111.978363,110,277.65547
79.242047,84,277.735365
53.499028,88,277.956719
58.847236,64,278.013493
63.765028,68,278.074612
75.952341,79,278.145353
54.581768,64,278.203006
83.593278,86,278.279917
65.040939,71,278.350646
73.764123,81,278.581513
77.829767,86,278.65752
69.805722,75,278.72368
81.209608,83,278.796913
63.423747,68,278.857627
62.128807,67,278.919268
66.229833,76,279.150361
55.447941,92,279.233589
74.965536,85,279.310149
81.87701,86,279.388724
56.01004,62,279.444524
60.051128,65,279.503372
75.076046,75,279.579836
90.510267,91,279.816887
98.586803,102,280.145153
60.30703,66,280.203864
50.666686,62,280.259274
70.928478,96,280.345328
50.571961,64,280.401487
68.440022,75,280.616706
58.851166,64,280.676692
78.775786,81,280.751548
74.436354,82,280.825929
72.99752,85,280.901973
69.359503,74,280.969812
66.152935,74,281.041226
80.177435,96,281.286964
92.061038,97,281.373236
62.717292,73,281.439069
58.129943,65,281.49829
97.139982,106,281.596722
60.078681,67,281.662115
60.85185,68,281.883524
77.619755,82,281.955932
61.844521,68,282.016941
52.025463,62,282.072412
83.888948,92,282.155092
82.295019,99,282.243237
56.367218,68,282.313515
86.572665,101,282.555054
54.059196,61,282.611133
86.25407,90,282.694833
54.723836,62,282.75057
58.651002,72,282.817378
68.673229,81,282.893542
58.58889,75,282.968644
81.111993,99,283.2154
93.908931,101,283.30722
54.672227,62,283.363253
49.526628,60,283.418612
74.969025,78,283.489342
67.589975,75,283.564159
33.780972,47,283.752313
69.01944,76,283.819535
63.73347,73,283.88485
74.377413,78,283.954859
75.772633,80,284.027295
86.945558,112,284.130338
59.350563,72,284.202399
47.923788,73,284.424316
67.581499,83,284.49895
52.655469,59,284.551853
62.811348,74,284.619035
66.678417,73,284.683928
58.98141,64,284.743259
76.833407,83,284.825505
60.724206,69,285.039456
66.549701,71,285.104034
60.134601,84,285.189718
69.000824,76,285.259274
84.754326,111,285.358426
81.187093,82,285.437869
66.27844,77,285.665073
47.270602,56,285.715631
51.560988,58,285.767281
59.101935,72,285.832116
56.581953,63,285.888586
56.937842,65,285.946658
67.181147,77,286.017648
92.006691,91,286.259991
76.871028,80,286.330772
97.963501,110,286.429708
57.238504,67,286.490272
72.743216,88,286.5689
80.426501,94,286.657161
60.658456,69,286.879651
51.91623,60,286.93354
63.868309,71,286.996645
63.251926,75,287.065917
49.699231,63,287.122503
97.208571,102,287.214836
85.102243,96,287.310602
74.221231,76,287.536701
79.20163,90,287.616528
51.669321,61,287.672147
87.872485,90,287.753466
59.330777,66,287.812087
54.745538,61,287.867173
65.22989,70,287.935795
78.256628,83,288.17086
53.211884,59,288.223453
82.283673,90,288.302262
76.555521,87,288.380035
87.882911,91,288.461621
80.497254,85,288.542376
88.52664,90,288.766664
60.003099,69,288.828513
70.275901,75,288.896469
74.111544,77,288.965337
54.847913,64,289.023611
60.162639,70,289.090878
82.192161,90,289.178113
85.270704,101,289.410266
54.776703,60,289.463133
107.036405,109,289.559947
97.792231,96,289.645652
76.109593,88,289.722621
80.553752,84,289.803696
62.989884,78,290.014682
68.165686,75,290.080793
68.898076,76,290.148239
68.984878,76,290.215401
59.462399,69,290.278392
58.482398,63,290.335628
58.003946,65,290.400171
62.784154,76,290.607749
66.634884,73,290.67365
65.631823,69,290.735038
75.599063,95,290.819437
63.229262,74,290.885563
68.745186,75,290.955619
54.187406,64,291.16021
62.057415,67,291.2223
67.365179,76,291.292192
81.273309,86,291.372743
80.490021,84,291.449747
86.06172,88,291.53137
67.389774,72,291.602447
88.033327,95,291.829829
68.34885,73,291.893737
66.24774,73,291.960252
61.803,70,292.022033
74.722648,80,292.31444
90.996602,94,292.401302
67.523455,79,292.605829
72.77049,84,292.682537
72.346866,95,292.766348
76.341397,83,292.840813
70.367127,75,292.907617
77.97844,80,292.980423
61.330509,67,293.047638
56.855645,63,293.242635
51.666308,57,293.294494
57.831753,66,293.354089
51.492575,56,293.405659
64.710136,76,293.473285
57.313427,62,293.528511
46.829808,54,293.57634
67.857965,73,293.646541
86.517315,88,293.865374
61.963175,67,293.924812
75.295686,90,294.005232
75.826168,91,294.086702
76.098998,97,294.174497
112.917144,110,294.414618
56.799573,65,294.471335
67.21995,74,294.537099
87.205429,90,294.616922
86.869083,87,294.694565
68.202941,81,294.765646
63.212078,71,294.832847
77.083612,83,295.046674
75.875353,87,295.124757
72.578551,91,295.205833
67.964861,72,295.271368
65.690701,75,295.339024
75.129576,84,295.417012
62.233867,84,295.636627
85.577313,93,295.720189
66.869355,79,295.791288
63.833322,79,295.862946
91.59459,95,295.949375
83.051599,93,296.039215
76.052321,91,296.277693
83.606159,94,296.379099
65.66409,78,296.449789
71.725844,78,296.52105
55.435489,63,296.578612
72.636543,74,296.64943
84.196385,98,296.887227
71.245147,81,296.959222
50.549152,59,297.012134
76.3972,82,297.0854
61.132923,66,297.144957
95.662446,111,297.244164
78.692337,87,297.3296
53.38614,69,297.528305
58.798794,67,297.588421
90.962822,96,297.67462
53.09844,60,297.729455
71.48536,85,297.805284
64.675636,82,297.880616
72.757468,75,298.086607
97.838026,106,298.184705
72.677726,73,298.250107
62.594069,75,298.315688
59.315863,67,298.376633
90.705543,95,298.463351
85.986507,93,298.697308
57.674339,67,298.756096
75.560396,79,298.824563
63.138807,68,298.88501
49.643164,58,298.936849
48.665653,59,298.990448
61.749883,75,299.058463
62.143408,67,299.123833
68.990547,97,299.357779
76.71516,81,299.430423
73.778641,80,299.501868
68.55176,74,299.567658
41.768106,51,299.612465
62.716892,70,299.675991
62.540577,95,299.923108
64.730484,79,299.993936
57.758393,64,300.051746
80.871476,86,300.130124
82.674223,97,300.216671
85.456797,95,300.303567
103.52675,106,300.559185
75.254649,79,300.628891
58.450225,68,300.690006
59.413272,68,300.751369
57.497873,67,300.811139
61.986757,70,300.874674
66.404942,72,300.94346
86.233504,91,301.174219
80.332242,86,301.25216
64.785631,70,301.318129
69.296911,75,301.387144
66.842327,71,301.452344
54.386743,64,301.510733
58.769786,69,301.57677
81.117472,84,301.809684
77.638961,84,301.885758
63.887931,74,301.951414
70.711952,85,302.027028
95.875428,94,302.110486
61.197452,71,302.176997
67.848878,75,302.397798
51.170114,66,302.45671
49.742443,58,302.509708
56.328319,62,302.565366
66.813036,73,302.631202
60.563417,68,302.694132
65.244952,80,302.767674
70.337073,77,302.843333
57.837623,63,303.046967
76.987913,86,303.123685
71.711149,77,303.192255
58.524922,64,303.249813
71.239943,80,303.321667
51.689138,59,303.375275
57.168795,67,303.442144
87.785072,86,303.6626
55.901994,61,303.71818
57.372132,68,303.779683
59.696855,67,303.840865
60.795785,66,303.900706
62.588764,69,303.962485
87.883425,91,304.048835
77.014835,80,304.262682
56.408788,70,304.560749
61.234329,86,304.638627
62.993535,68,304.699475
63.076648,69,304.761205
103.86587,123,304.870697
76.810071,79,305.076391
81.408006,83,305.150948
62.751807,81,305.223775
55.541169,71,305.286834
78.659528,93,305.368884
98.356652,105,305.464867
59.094941,68,305.670337
61.099536,71,305.73487
72.296227,76,305.804469
78.737709,100,305.894941
70.569666,78,305.965313
63.687684,68,306.026672
66.854837,79,306.104215
48.401254,55,306.298477
61.219399,66,306.359173
40.02359,50,306.409115
49.677247,58,306.469226
90.170836,96,306.55621
74.958092,89,306.635494
73.439675,80,306.713363
93.130975,96,306.943328
54.677737,64,307.000539
74.904346,100,307.089337
54.535706,63,307.147099
70.875661,73,307.213044
69.00839,74,307.278076
82.974217,90,307.50643
56.046879,97,307.59303
55.156215,64,307.650053
65.454663,86,307.727682
87.734385,91,307.80915
52.059829,60,307.863104
48.943099,57,307.916925
58.580945,69,308.12767
62.064612,71,308.191352
92.062332,93,308.27289
42.108614,52,308.319209
50.856583,59,308.371058
80.099504,105,308.465713
67.558967,81,308.546644
69.526787,73,308.758955
43.529468,52,308.8053
61.781573,75,308.872192
62.0818,67,308.932618
62.485402,69,308.994099
50.091481,56,309.044539
82.025764,100,309.139492
59.165685,67,309.342564
66.802798,74,309.408449
85.68416,94,309.492476
83.154975,89,309.570387
84.819803,87,309.648145
73.991258,75,309.714647
60.545845,69,309.78399
75.523778,75,309.992096
67.128846,73,310.057855
64.964201,80,310.12944
56.385523,62,310.185166
74.269749,93,310.268726
70.90462,74,310.335597
74.671588,79,310.549945
75.017067,81,310.620992
53.012969,60,310.676362
68.866696,80,310.747746
56.516832,61,310.802567
71.578572,79,310.875171
62.975826,68,310.937235
72.220053,75,311.150578
58.822809,63,311.207537
62.792031,71,311.272465
59.643137,68,311.334865
53.055884,64,311.394471
68.033541,73,311.461356
69.492792,83,311.537684
59.781727,64,311.600197
74.316394,88,311.818357
62.910514,73,311.883473
95.734143,103,311.975719
49.823821,58,312.02742
54.85999,65,312.085148
67.131955,71,312.150645
65.306691,71,312.220784
65.559685,71,312.420916
48.93691,58,312.473131
64.088936,74,312.539707
70.293336,74,312.605868
89.457081,93,312.68911
60.090069,69,312.752176
76.035944,83,312.968781
44.178415,50,313.01357
78.372333,87,313.092066
74.567206,82,313.16679
67.627766,78,313.236713
64.524462,68,313.298018
69.274082,73,313.365641
79.915823,87,313.588583
61.419816,64,313.645166
60.155022,69,313.706184
88.912942,88,313.784822
64.000641,68,313.84606
54.850521,60,313.899279
50.03196,62,313.954451
45.235079,59,314.012157
74.71957,94,314.233492
58.353385,69,314.294822
63.95183,69,314.356502
67.423785,75,314.423491
78.091186,95,314.50676
72.650499,94,314.593698
57.282108,67,314.794107
74.518473,84,314.868402
54.736745,62,314.925248
75.099622,76,314.993208
57.90131,68,315.053995
59.405897,65,315.111469
59.863367,76,315.181737
67.783457,71,315.385324
61.813412,66,315.445465
64.56057,69,315.508337
59.484749,63,315.5646
67.921633,78,315.634459
69.622817,77,315.704698
87.223227,88,315.785553
59.486086,69,315.993064
71.447318,82,316.067053
51.955065,59,316.12081
60.212169,68,316.182423
71.231092,75,316.250067
68.259524,78,316.319914
53.772051,74,316.693664
67.450032,122,316.946133
53.117706,64,317.004108
67.013301,77,317.072958
61.624763,68,317.133471
66.98499,72,317.198816
63.346134,70,317.262411
74.707494,84,317.344622
56.227825,63,317.5408
71.813,81,317.613165
61.644114,66,317.672396
69.434013,78,317.742403
79.760109,109,317.840212
69.727653,78,317.913313
71.215178,82,318.131534
60.568484,63,318.196054
77.924585,85,318.279753
87.444742,97,318.367892
66.421373,75,318.436183
88.46933,97,318.527936
50.451911,57,318.584197
67.232063,71,318.785923
68.352591,83,318.861369
58.399106,64,318.918911
51.320119,58,318.971416
59.803441,88,319.051225
48.510942,55,319.103265
50.767424,59,319.173539
65.582651,72,319.380395
86.974053,101,319.471572
88.009143,97,319.55873
62.771551,73,319.624139
-86.379102,85,319.699177
65.402597,73,319.768071
48.918342,62,319.988825
57.324488,61,320.043226
88.74345,92,320.125157
75.100771,91,320.205785
69.542445,76,320.273962
58.647404,64,320.330415
58.172729,63,320.391799
48.066885,56,320.446971
70.806388,79,320.718886
53.067859,58,320.770988
45.626471,54,320.820122
69.893879,78,320.891552
67.544116,72,320.956425
81.015183,96,321.053635
59.028513,64,321.118176
99.004716,102,321.382179
55.484843,66,321.442225
38.601543,49,321.486268
61.629329,70,321.548201
50.727035,58,321.600971
51.528612,63,321.658602
75.939185,87,321.743937
71.403597,84,321.965391
44.439565,53,322.013433
69.644807,79,322.085084
60.342844,73,322.150553
49.125614,60,322.204546
48.958503,56,322.255465
70.748971,82,322.334156
57.791354,64,322.535418
78.03842,87,322.615607
78.679913,81,322.689193
48.045784,55,322.739556
53.966752,60,322.793247
68.38324,80,322.865844
58.647493,67,322.927201
65.778792,71,322.997367
76.144791,89,323.219339
57.175042,64,323.2772
57.823912,68,323.338213
59.253617,68,323.39972
53.346151,59,323.452588
65.022681,71,323.515839
81.633918,91,323.605868
57.905321,65,323.802378
71.174486,75,323.868933
74.505125,78,323.937665
49.664678,58,323.989522
80.78344,84,324.065201
61.223893,76,324.132722
73.437578,85,324.353982
55.410495,63,324.41073
43.311488,52,324.457839
71.462378,78,324.526717
61.638592,67,324.585971
65.15147,72,324.650442
71.424184,85,324.72662
58.083695,65,324.79102
56.49508,68,324.991159
59.846957,68,325.05096
73.993345,80,325.123082
77.836645,79,325.192107
94.265696,97,325.277823
68.763511,72,325.341945
77.306335,83,325.559266
68.959508,77,325.628445
61.907926,70,325.690939
73.371162,80,325.763342
62.005552,69,325.825241
59.16055,65,325.884597
65.194957,75,325.95405
57.35842,66,326.156331
55.141875,62,326.211097
86.048866,89,326.289578
52.4092,59,326.343384
72.348192,75,326.410935
68.707612,75,326.478885
72.157315,77,326.549706
47.726322,53,326.601341
57.745339,62,326.797364
71.586883,82,326.871083
70.272533,74,326.937248
60.20476,69,326.999211
52.245963,61,327.053715
80.767814,92,327.135446
51.66525,60,327.193422
72.571422,75,327.400697
59.40883,67,327.461624
89.101236,88,327.54108
82.104461,95,327.625549
73.977504,82,327.699527
54.817072,62,327.756224
99.923239,106,327.997621
65.464925,73,328.063963
92.705157,107,328.160984
68.808017,85,328.237322
73.001088,76,328.304995
44.620404,54,328.35361
65.273536,69,328.423701
60.321482,77,328.63757
65.125286,72,328.701779
81.324508,84,329.071114
73.01197,82,329.146099
62.086491,73,329.213427
68.651374,76,329.282765
82.979813,94,329.504443
74.651797,78,329.574687
83.984726,108,329.671811
60.778127,69,329.73405
51.794811,60,329.787597
53.868936,61,329.842859
62.11017,68,329.908614
70.481441,78,330.118347
72.422003,77,330.187232
77.927155,80,330.257682
53.556964,60,330.310719
82.544289,85,330.386719
45.319436,52,330.433033
52.727845,63,330.490669
56.575619,62,330.696823
69.941276,73,330.762703
62.059777,72,330.826532
65.901123,72,330.893147
68.692424,79,330.963838
65.569945,75,331.031941
64.286582,68,331.094862
55.235082,75,331.329909
59.994101,68,331.393003
67.218408,72,331.458731
47.125576,55,331.509044
65.591184,73,331.57478
64.315834,72,331.639127
119.70876,141,331.777865
48.357081,58,332.020374
66.612052,73,332.0845
67.091667,73,332.149347
78.663996,88,332.228327
30.675206,85,332.303264
72.425896,74,332.37443
90.469857,92,332.681724
63.224763,78,332.749912
68.165844,73,332.813003
47.302263,53,332.859715
41.818259,73,332.924979
59.672128,73,332.99116
44.268709,71,333.061353
57.461727,65,333.125829
51.77656,58,333.409737
54.478777,59,333.461719
67.029744,73,333.527114
73.080359,77,333.595437
74.669758,78,333.665262
57.568781,68,333.731411
71.34464,79,333.813024
60.4783,66,334.032911
61.189845,70,334.096271
61.278936,69,334.159153
69.754826,79,334.229519
48.149501,56,334.2796
67.459801,76,334.347666
68.245968,76,334.422595
51.722803,57,334.478575
72.091211,77,334.735494
65.993985,74,334.801216
75.493226,80,334.871613
56.00419,61,334.926454
61.933921,65,334.99999
44.452616,52,335.058645
48.460694,64,335.123009
59.248758,70,335.430093
53.633405,66,335.489021
78.318915,80,335.56047
69.467296,83,335.633589
77.475228,81,335.70882
48.531949,60,335.77094
94.799752,105,335.880432
73.425974,86,336.151656
82.871728,90,336.233478
69.350044,83,336.310179
66.113717,72,336.375358
68.321245,73,336.447959
45.788566,59,336.508635
62.488083,74,336.754392
54.533835,60,336.807698
52.612949,60,336.861338
45.875013,57,336.913252
66.604393,73,336.979006
62.130774,68,337.039849
65.569028,73,337.107887
64.359882,70,337.178059
72.469803,84,337.430075
84.322924,86,337.507398
69.139605,75,337.573698
70.664906,74,337.640197
75.189877,77,337.708912
71.244053,73,337.77759
58.239051,73,337.849091
87.971268,104,338.095992
66.695051,72,338.158518
52.790004,58,338.210083
56.025529,63,338.26631
63.97617,70,338.32924
53.130042,66,338.389146
64.494894,67,338.455437
61.710436,70,338.703771
43.136232,52,338.749599
80.7236,93,338.831482
59.147609,71,338.894583
84.331909,93,338.976503
86.171677,93,339.064473
77.510418,83,339.313902
75.877534,90,339.394366
68.487041,84,339.469125
59.19311,68,339.527945
43.712949,57,339.578302
90.140453,94,339.664323
52.814727,63,339.726985
54.323913,62,339.9376
60.903303,66,339.995209
72.330277,82,340.068563
77.422966,83,340.142794
69.680083,73,340.206943
64.820137,71,340.270265
72.298535,77,340.34407
71.534835,80,340.579022
61.619377,109,340.676955
54.418015,62,340.732328
59.499007,64,340.789538
70.227843,78,340.860957
58.055173,65,340.921906
43.080008,56,340.976616
66.854048,81,341.213122
63.243562,79,341.283172
58.647557,65,341.342049
50.566779,61,341.397082
57.309888,65,341.455868
50.752005,70,341.518941
46.58128,58,341.883659
85.923258,94,342.163864
56.494099,61,342.220611
98.715427,120,342.327871
60.949674,75,342.394782
51.79531,58,342.446265
60.613778,69,342.514214
70.517501,82,342.596416
66.343552,71,342.81264
80.443913,86,342.890763
68.313483,87,342.968378
67.276307,81,343.041055
60.928664,69,343.103204
62.938709,71,343.172032
50.006998,55,343.225321
56.220165,60,343.417466
88.597937,94,343.50133
65.296656,70,343.563468
54.173053,82,343.636986
61.991946,70,343.699185
74.921857,89,343.781339
73.179454,83,343.995447
55.261828,60,344.049219
72.656174,77,344.117598
67.143969,72,344.182423
74.655679,82,344.255326
68.331394,74,344.320734
67.924747,72,344.388518
90.736247,92,344.611126
58.702071,66,344.669775
62.818385,70,344.731828
71.850048,88,344.810035
97.227585,105,344.904747
63.274989,69,344.967607
58.842202,61,345.027947
55.975958,64,345.225933
50.722299,59,345.279426
60.166371,74,345.345434
56.954372,63,345.400703
87.289537,85,345.477453
94.906056,96,345.56403
34.427807,46,345.608923
75.270855,82,345.826049
59.435376,66,345.884575
62.022233,68,345.944895
55.165047,67,346.006229
70.834753,81,346.07996
69.824069,78,346.151283
62.737183,71,346.223201
64.128175,70,346.427732
74.087887,84,346.503523
64.734582,70,346.565969
74.687289,80,346.637475
40.305171,93,346.720546
83.759536,101,346.814828
76.153687,82,347.042717
70.594047,83,347.117439
85.131281,90,347.197935
66.575892,72,347.262396
45.533019,53,347.309669
68.167833,91,347.391066
71.859994,76,347.467895
56.192988,60,347.66275
63.531306,72,347.728738
62.474247,79,347.79977
89.190145,90,347.881762
70.926779,82,347.955288
45.803899,53,348.00459
74.958526,81,348.085068
101.055949,121,348.331837
74.072509,83,348.407047
69.941178,74,348.474245
77.669512,81,348.54707
65.925892,67,348.608093
78.653717,88,348.830381
51.372578,62,348.885401
82.676909,87,348.963836
75.040783,79,349.034722
62.040707,67,349.099848
59.486748,65,349.159595
72.37849,78,349.233672
61.00188,70,349.30395
56.325147,61,349.495184
57.127203,64,349.552758
61.297046,65,349.611458
51.499353,61,349.665433
55.041416,65,349.722862
66.709365,72,349.787388
67.89182,74,349.857029
51.63478,59,350.050914
44.520966,53,350.097707
50.229909,60,350.150306
55.057397,63,350.207958
88.450795,90,350.287227
52.739255,61,350.341746
69.179466,78,350.410022
43.378434,51,350.45686
64.466421,72,350.662858
50.785063,57,350.714247
73.52916,75,350.781695
67.584648,76,350.850678
74.997468,84,350.926996
73.089484,77,350.994922
63.088807,66,351.05711
68.541647,73,351.270941
60.203714,66,351.330951
62.931914,68,351.393717
74.033712,80,351.46744
80.593206,85,351.543192
65.883799,71,351.607435
60.394561,67,351.669759
93.823396,97,351.900447
59.931078,67,351.960705
58.73011,90,352.039776
53.993715,62,352.095172
57.168074,62,352.149998
85.927185,91,352.231473
62.379999,69,352.29802
60.002872,66,352.498858
78.738199,83,352.572345
44.360075,58,352.623424
74.407514,82,352.697374
52.724057,57,352.748083
78.098543,90,352.827809
92.258764,95,352.920267
62.312427,64,353.114478
58.772486,68,353.174837
76.049685,84,353.249611
55.648904,64,353.305762
60.490476,66,353.364657
54.317932,63,353.421309
72.505264,79,353.494785
73.411467,81,353.708364
88.316468,98,353.795266
65.051411,71,354.146363
50.606028,60,354.201388
103.799766,117,354.305643
64.793943,68,354.365519
81.121113,90,354.579337
78.070679,82,354.652441
53.489076,62,354.707796
61.847527,71,354.771108
52.159512,59,354.822795
53.590504,65,354.880147
76.09606,79,354.95381
52.042701,61,355.15565
66.181329,72,355.220243
51.360727,58,355.272807
61.491054,66,355.331885
50.796495,57,355.382545
59.903779,70,355.445937
85.01168,96,355.532777
57.935526,63,355.595645
73.727896,83,355.810462
58.916587,66,355.869538
42.914088,54,355.916838
68.604113,73,355.982521
55.770072,64,356.039735
91.768509,94,356.123465
61.777095,69,356.188755
73.050246,78,356.401871
51.903772,60,356.456865
47.614022,53,356.505106
73.454294,81,356.579499
51.30423,64,356.637644
55.102101,61,356.692609
79.584106,89,356.774979
80.814613,82,356.994465
49.174607,59,357.048162
66.658479,73,357.113045
67.784028,77,357.182587
59.874443,67,357.243425
69.487888,75,357.310815
69.610426,74,357.380177
56.883153,61,357.440699
94.816203,95,357.670052
51.657221,62,357.724954
67.209296,73,357.790727
41.583923,51,357.836281
80.348805,81,357.909032
77.714866,78,357.979325
56.158235,63,358.043189
111.923822,113,358.284849
50.889889,57,358.337248
65.476021,71,358.400399
52.861939,59,358.452598
72.671819,76,358.520103
66.893032,80,358.592911
58.723649,65,358.658294
80.860713,89,358.876109
52.450344,59,358.928725
68.583162,75,358.99601
77.186345,81,359.069145
77.00194,86,359.145778
60.771924,74,359.21357
54.792025,61,359.40985
75.235654,81,359.480672
48.02123,61,359.535364
51.476327,70,359.598144
75.680304,85,359.674037
47.78495,57,359.724551
77.297727,78,359.794707
57.31471,64,359.858447
77.590923,81,360.068552
75.404189,83,360.144172
80.968429,86,360.219955
75.107581,79,360.289681
58.298052,70,360.35194
69.990338,91,360.438486
54.340916,62,360.633688
66.401678,75,360.699788
67.814831,71,360.763012
58.487117,71,360.826666
64.987678,69,360.887237
54.281666,62,360.942287
93.329111,93,361.02977
62.21593,74,361.234159
66.506346,69,361.295258
74.50277,82,361.367698
56.186558,61,361.421879
82.779241,89,361.500535
73.640731,77,361.568897
87.647965,102,361.810022
70.706979,72,361.876799
60.14382,66,361.937619
67.101773,84,362.015171
65.728007,69,362.076366
40.75555,48,362.118413
65.640072,80,362.190463
61.91814,71,362.263256
61.711307,66,362.461848
70.007997,77,362.530469
79.312797,94,362.615144
80.75815,84,362.690356
104.953208,125,362.801183
66.640725,78,362.879187
92.002995,97,363.106417
93.22325,93,363.189341
57.106439,67,363.248836
64.187693,71,363.313061
59.004611,64,363.369815
50.96663,63,363.428311
74.245784,79,363.642598
63.56059,68,363.704442
64.800981,75,363.771448
66.254339,69,363.833546
67.485015,70,363.896301
59.523934,69,363.956551
67.875193,77,364.026538
63.691624,75,364.238689
57.25731,64,364.294693
55.243704,64,364.352057
66.345467,73,364.416252
66.619224,74,364.483415
56.973839,68,364.54304
44.545401,53,364.590528
79.234613,90,364.688668
80.119835,82,364.904783
72.833377,78,364.975586
53.228275,62,365.031853
67.81621,99,365.120887
66.372403,79,365.192573
62.742061,70,365.258619
83.720469,88,365.48306
68.61861,75,365.550225
67.823685,76,365.618405
78.527786,85,365.694216
71.59073,81,365.766583
53.59919,60,365.820255
74.159007,82,366.209351
59.342012,68,366.407056
59.201475,65,366.464351
62.642295,76,366.532395
58.538829,64,366.589352
55.364108,61,366.643002
34.981664,64,366.699951
51.292522,58,366.750834
55.188204,66,366.8146
79.704731,84,367.048119
52.88465,60,367.104236
88.539618,90,367.183722
60.420699,67,367.243471
71.954996,80,367.314602
51.200693,70,367.379337
76.168016,88,367.606521
56.605071,62,367.662929
67.28937,75,367.730792
71.42736,73,367.797107
82.559855,97,367.883461
39.45246,50,367.928632
54.824979,61,367.982148
77.708799,80,368.06152
86.558139,88,368.277548
76.618354,83,368.352013
59.185717,65,368.410856
63.579025,68,368.471476
92.194496,96,368.556083
63.572448,66,368.615813
87.582644,94,368.840245
57.262667,62,368.895083
77.975604,88,368.973321
78.140048,81,369.04513
64.699899,69,369.107436
89.641572,100,369.199754
66.50505,71,369.408057
83.980381,92,369.48898
73.209401,80,369.560303
61.394749,68,369.6208
69.209725,81,369.693324
98.205429,104,369.787025
48.548939,91,370.012902
87.628361,94,370.096326
70.548266,76,370.162953
66.354835,73,370.227282
64.505871,78,370.295756
83.285259,91,370.377591
77.336438,80,370.454981
62.175257,74,370.659959
74.594932,86,370.735849
56.707251,65,370.792715
79.484327,87,370.870698
52.302295,61,370.92531
73.369082,76,370.992181
61.874665,76,371.202589
67.455812,78,371.273899
40.20034,50,371.319596
84.984758,91,371.403058
68.830529,77,371.471162
66.841503,77,371.538662
57.373107,64,371.596117
73.967515,83,371.813747
56.910791,67,371.87357
76.013319,79,371.943687
58.200267,95,372.028617
66.823667,74,372.094856
57.278653,61,372.149006
61.123073,70,372.212594
54.847248,58,372.40658
56.047635,62,372.461856
74.397673,79,372.532382
47.581866,57,372.582535
72.911028,81,372.655135
50.084073,60,372.708321
61.069037,73,372.773704
52.773895,58,372.828444
61.093273,78,373.100949
75.232363,87,373.179245
99.605272,122,373.287979
81.431498,91,373.36815
73.964551,85,373.449808
67.987734,73,373.522374
54.346788,60,373.732926
94.887349,97,373.817555
79.447415,81,373.888483
63.537127,69,373.9501
63.356928,84,374.025366
86.96883,90,374.110252
48.183152,58,374.325408
62.828972,71,374.388846
60.916957,68,374.448371
72.943745,98,374.535739
81.740152,86,374.611826
85.317327,95,374.695803
73.308526,78,374.773591
73.019452,77,375.101121
77.790693,85,375.176757
70.358856,76,375.243831
56.182607,61,375.297844
84.741674,95,375.390228
60.036924,80,375.469587
48.533398,56,375.716673
40.450904,53,375.76411
43.626718,50,375.808813
87.224141,91,375.889241
60.324086,64,375.94637
55.966874,62,376.001032
72.339793,77,376.073311
99.986837,104,376.361354
77.352818,83,376.445878
60.139792,71,376.510624
54.89569,62,376.565748
64.33632,70,376.627541
80.239512,108,376.727102
72.656063,77,376.803763
90.591463,100,377.079067
70.958836,88,377.15704
60.618317,67,377.21601
73.33323,92,377.297582
54.826205,63,377.352918
60.096162,65,377.413113
62.837675,68,377.479131
73.788854,75,377.717878
38.572184,48,377.762425
63.329461,71,377.82422
52.917524,57,377.874034
54.724251,61,377.926879
92.281385,105,378.018979
50.947489,57,378.073285
56.506102,65,378.33832
78.087091,80,378.408364
53.664884,84,378.482176
50.237138,68,378.732313
67.465328,79,378.802265
50.697408,82,378.875236
69.959182,80,378.945473
69.862936,82,379.191038
98.817148,102,379.280801
58.278829,70,379.342771
97.31471,112,379.445939
72.191903,108,379.557314
81.928705,94,379.783928
65.176809,70,379.847089
81.513776,85,379.922791
88.152369,89,380.003451
66.250575,90,380.083648
93.549423,101,380.177362
58.564074,64,380.374454
83.855983,90,380.454654
66.152569,79,380.523423
57.114639,68,380.582216
72.188234,78,380.650812
65.314895,75,380.718127
58.893317,62,380.775512
98.952516,111,381.01981
51.213233,71,381.083577
57.403682,61,381.139749
122.29355,138,381.268819
62.004374,69,381.33124
64.768892,72,381.402256
69.943993,76,381.626884
73.696536,79,381.696857
56.931675,64,381.754047
42.439375,58,381.806358
89.782143,101,381.896849
57.254969,65,381.954795
67.97525,76,382.028603
96.829203,99,382.258373
61.561789,69,382.3203
58.840921,66,382.379812
57.722492,66,382.438214
66.173867,94,382.523151
88.29966,95,382.612287
58.816195,67,382.814583
51.674852,59,382.866533
53.000086,63,382.923542
72.705723,74,382.989443
84.315952,92,383.070524
50.474107,58,383.121629
54.625532,63,383.178829
55.760447,67,383.244682
79.157416,92,383.46247
53.957275,61,383.516732
85.849324,123,383.627412
69.888441,108,383.723368
65.870346,77,383.793526
77.039944,79,384.006631
49.033616,57,384.056666
69.422333,75,384.123343
59.445189,75,384.189372
107.00731,114,384.290196
58.884149,67,384.349701
90.590728,110,384.593393
65.425327,76,384.660591
95.00228,104,384.753586
65.029889,67,384.813589
103.454049,116,384.916313
45.041631,59,384.96766
68.665322,75,385.039637
98.788814,149,385.310412
58.577608,63,385.366396
87.549563,88,385.445331
68.844045,73,385.510478
71.951256,76,385.579383
69.294504,75,385.654576
42.698867,67,385.850243
58.236333,72,385.915807
87.111882,94,385.999316
54.910155,66,386.058083
79.349031,85,386.133142
60.596472,69,386.195064
105.242724,122,386.447105
98.378014,103,386.537546
78.926618,100,386.626814
52.064851,58,386.679725
57.722093,65,386.738384
54.127159,64,386.7986
85.575663,117,387.053574
50.47125,62,387.109893
55.603093,68,387.170102
75.652732,86,387.246319
75.338547,86,387.323172
53.135451,59,387.376526
67.874925,72,387.446496
63.422444,72,387.65039
74.188479,81,387.722498
68.289624,77,387.790569
65.841419,76,387.858551
64.909746,80,387.929886
63.094649,72,387.994443
53.814247,59,388.052655
73.67427,79,388.263083
69.350364,75,388.329548
51.79452,57,388.380015
59.824673,63,388.435518
90.630627,99,388.52319
61.703107,77,388.591062
76.717957,82,388.809627
69.79262,76,388.877319
63.157254,75,388.943793
75.799876,78,389.013731
74.708588,86,389.091258
62.050378,79,389.162352
88.216321,94,389.252291
73.94739,94,389.474344
103.77292,122,389.583049
87.681313,96,389.669077
58.523189,69,389.729728
77.384629,84,389.805525
74.362625,80,390.019539
62.445316,82,390.091637
88.159202,91,390.172201
66.971908,73,390.237045
82.40599,84,390.311238
56.212184,67,390.369996
64.594927,70,390.434277
57.277503,77,390.859936
58.84471,75,390.927612
74.04095,86,391.005065
80.515855,91,391.087802
68.951771,73,391.153302
57.264379,64,391.2114
40.723607,57,391.267013
92.349124,100,391.523879
58.905378,69,391.586009
50.359865,59,391.638433
66.896237,70,391.702234
73.147311,81,391.774408
80.77254,85,391.852735
61.840103,68,391.919517
55.07028,73,392.146334
62.501557,71,392.20811
59.124187,69,392.267777
66.102347,74,392.340033
59.573611,70,392.418995
51.458756,64,392.480351
49.287564,59,392.540957
73.553361,79,392.775132
98.618466,102,392.867242
84.097561,85,392.944442
54.621114,69,393.005915
73.540933,80,393.077457
50.959725,71,393.145152
51.874385,65,393.385492
47.785031,59,393.439905
74.390252,82,393.513218
51.125511,60,393.56648
56.420756,64,393.6247
88.231952,92,393.704947
45.345351,55,393.756317
78.364594,84,393.840026
48.783574,55,394.137267
77.535179,82,394.208987
73.364657,82,394.280699
68.328936,75,394.346322
41.929701,51,394.392429
77.599102,88,394.478992
62.789306,81,394.558061
78.298338,85,394.910606
88.148138,92,394.990746
67.194034,78,395.058381
33.311246,124,395.179304
81.275876,85,395.264285
54.972865,70,395.489681
91.452157,101,395.580075
59.384931,65,395.641353
69.219211,74,395.707733
-41.978927,133,395.825312
65.889039,71,395.893728
85.686394,95,396.203496
76.106127,81,396.276149
94.573019,101,396.367319
74.356975,77,396.436049
73.080693,78,396.510302
77.913687,82,396.589665
56.465171,174,396.921005
56.649203,66,396.979487
90.900538,93,397.062493
62.984188,71,397.125564
80.833263,88,397.207624
68.357941,76,397.473693
72.405559,79,397.545881
73.961367,84,397.620691
85.294858,85,397.694724
75.318172,95,397.77837
69.75299,83,397.856802
77.428128,92,398.09277
56.309112,62,398.14694
59.384255,64,398.203859
86.555734,102,398.29419
51.432597,62,398.349738
60.682865,71,398.412817
61.658735,67,398.473809
75.392948,111,398.770538
73.958203,88,398.84872
72.502456,77,398.916521
79.992048,83,398.990715
92.48318,115,399.098426
66.722035,83,399.179506
86.80188,92,399.461599
87.759163,91,399.541145
63.705285,71,399.604917
80.062988,82,399.677572
60.306496,74,399.744843
90.397486,94,399.836867
78.625433,92,400.072661
64.000094,71,400.135383
67.06169,75,400.19981
58.833784,66,400.257118
73.658989,76,400.324543
74.17583,81,400.397232
57.488714,66,400.459851
64.377798,75,400.713616
61.508128,70,400.774391
73.041603,77,400.842491
50.077077,60,400.895662
54.197178,62,400.950493
59.669061,67,401.009928
68.309616,83,401.092199
80.695853,86,401.310288
49.72017,59,401.361089
85.28378,90,401.441288
103.971396,109,401.538708
91.159404,104,401.629501
77.832106,87,401.713548
72.354137,84,401.934523
59.584895,99,402.024952
58.053789,65,402.084567
76.014701,78,402.169129
40.371031,49,402.213395
70.249283,79,402.287378
71.342208,78,402.50443
67.937487,85,402.582049
55.223112,65,402.642577
55.76075,63,402.699842
64.025619,89,402.779779
69.135682,73,402.845837
81.604011,85,402.925467
60.842483,75,403.137595
61.72111,70,403.200441
65.435112,71,403.264494
66.359909,76,403.535858
42.180056,50,403.583182
66.884273,75,403.649549
81.073603,85,403.725325
98.420194,104,403.952959
62.793029,76,404.021595
70.731017,79,404.093734
93.637663,108,404.190223
82.461882,94,404.27476
64.615778,70,404.340351
43.191593,55,404.53075
63.294235,72,404.594121
79.920911,102,404.683614
90.813496,94,404.768834
62.587083,68,404.828492
65.312221,71,404.891805
99.688037,103,405.12705
74.040853,79,405.196547
83.490055,91,405.278223
75.066466,77,405.345859
73.403511,82,405.41816
98.28789,179,405.720859
109.647722,127,405.836407
83.067827,90,405.917765
62.764502,72,405.982095
98.626008,104,406.075713
51.341474,70,406.142344
89.493529,94,406.369188
55.994574,60,406.42347
94.042121,101,406.518004
92.578464,101,406.610357
69.295503,74,406.675747
58.13654,75,406.746979
55.916889,68,406.952998
73.928472,81,407.026548
72.340651,76,407.095421
54.897956,147,407.229246
90.045652,98,407.317767
59.051205,65,407.380824
94.79408,113,407.642339
63.63013,80,407.713146
76.349683,82,407.784381
100.56768,104,407.876638
92.027234,112,407.981793
56.41755,66,408.191886
63.295334,76,408.259043
64.0007,70,408.320814
49.805612,61,408.375101
85.314088,89,408.454168
64.79859,77,408.522188
71.646262,72,408.591142
63.381271,89,408.881702
88.019209,117,408.984582
63.814956,70,409.046665
100.473556,108,409.148354
57.28706,71,409.216517
76.198802,84,409.298609
65.893209,78,409.527332
75.121632,78,409.59627
60.824493,82,409.669135
79.245151,105,409.761207
69.444499,76,409.829367
42.443483,50,409.878615
85.520528,102,410.139406
46.554667,55,410.188879
58.046875,83,410.264092
85.234476,92,410.346137
77.066495,87,410.423527
69.882313,74,410.490325
80.753503,94,410.809094
70.676557,78,410.877
82.630695,85,410.95165
82.210376,85,411.027459
72.473325,123,411.142252
60.250739,68,411.210617
69.72898,99,411.453993
75.196407,82,411.532483
66.69169,77,411.603193
70.512423,81,411.677023
79.336156,96,411.765269
66.409791,73,411.837006
67.597819,74,412.050078
78.417194,86,412.126069
67.481505,80,412.196295
71.901876,83,412.270683
66.851547,73,412.335086
79.405438,92,412.416645
93.313052,96,412.64763
59.696617,67,412.707936
79.951305,86,412.784581
66.837515,78,412.853745
73.815814,81,412.926461
72.625635,80,412.997692
88.722776,93,413.086213
85.630193,90,413.305026
72.069287,106,413.399692
67.375235,76,413.467199
36.299533,53,413.514335
62.388974,72,413.57872
57.335337,68,413.640318
77.843198,83,413.861169
78.625949,81,413.932936
73.913214,86,414.009387
51.91442,62,414.066224
80.795269,103,414.157968
59.545189,66,414.217531
47.347334,57,414.271608
55.736365,63,414.467279
49.9012,60,414.52062
74.484259,81,414.591951
78.924566,82,414.665446
60.116749,66,414.724375
71.384974,77,414.794142
59.400675,74,414.864161
62.954199,82,415.078009
65.632145,70,415.140768
67.094626,80,415.21157
98.102042,104,415.303394
71.195609,75,415.369752
80.008563,107,415.468776
104.455717,106,415.918653
95.426976,120,416.02669
73.416771,98,416.114682
46.42295,55,416.163918
72.616153,79,416.233926
65.653211,74,416.305507
52.544341,69,416.589176
72.098743,81,416.661566
70.280183,77,416.731092
90.787549,95,416.816869
65.974841,72,416.884403
63.771368,70,416.952473
49.775531,58,417.009914
56.941506,65,417.273223
71.923006,79,417.341428
63.114742,68,417.40191
52.187032,63,417.457282
79.090869,90,417.535415
84.803848,98,417.628514
89.850746,97,417.861678
62.180227,67,417.921275
65.344128,71,417.984648
54.243496,67,418.044946
86.526868,93,418.128527
39.474835,50,418.17415
59.95939,66,418.235121
89.848055,133,418.49935
100.550651,111,418.59856
69.771209,73,418.66379
83.490978,87,418.741027
63.112739,70,418.804919
58.79658,65,418.866558
96.890333,98,419.097595
38.398356,52,419.144247
76.953734,94,419.227323
78.087097,79,419.296754
72.599478,77,419.364295
58.023825,65,419.42268
61.883071,70,419.489635
120.119339,122,419.736134
101.529124,119,419.841105
58.895637,67,419.899758
45.969422,70,419.961398
60.184494,68,420.022016
73.227268,76,420.096208
54.812367,66,420.294833
56.509312,62,420.349952
59.340369,70,420.41133
59.396663,66,420.469784
58.993595,65,420.526438
62.966046,72,420.590478
67.49232,73,420.659298
48.232628,55,420.848798
59.099016,63,420.905458
61.566556,68,420.968839
88.286752,97,421.055735
56.479235,66,421.114853
68.787511,110,421.213668
60.018014,89,421.299059
119.680077,127,421.555642
89.671709,97,421.644879
89.223592,106,421.741579
59.205748,68,421.802561
75.132918,84,421.883058
91.48996,93,422.108895
91.911878,94,422.193225
54.696996,61,422.248285
77.075699,81,422.321028
88.889291,89,422.400164
48.269007,55,422.450152
77.403416,81,422.666337
64.167788,85,422.741493
66.792686,71,422.804748
57.68504,90,422.884829
74.424279,83,422.958571
66.589361,72,423.022368
56.728519,65,423.083982
103.521721,105,423.318806
60.836134,68,423.380008
84.572553,89,423.460486
75.379814,83,423.534248
51.213508,59,423.586892
99.614549,113,423.691519
74.357745,75,423.902266
44.28713,58,423.953605
68.369262,72,424.017739
69.312744,79,424.089818
76.737957,81,424.161721
55.851168,74,424.227436
62.949692,67,424.292977
52.610504,65,424.49355
86.409756,93,424.575551
60.471664,67,424.634357
87.364618,95,424.719241
51.970941,94,424.802869
65.040104,71,424.865563
74.998628,85,425.085401
64.89183,69,425.146612
63.482443,68,425.208412
58.273549,63,425.264893
79.112653,88,425.342184
75.190642,76,425.409442
73.434032,77,425.481122
85.14007,88,425.702878
80.477561,83,425.776269
67.490607,76,425.843352
95.406486,94,425.926486
84.72805,91,426.008129
78.741362,84,426.085085
65.423131,78,426.294771
70.678266,78,426.362643
71.248759,87,426.439264
77.580325,82,426.512974
68.794663,74,426.578439
100.244292,107,426.676183
63.07647,67,426.887652
86.42971,91,426.971294
84.125359,120,427.080926
71.64998,77,427.162159
73.390999,80,427.241203
101.315325,99,427.340466
97.18729,101,427.629619
58.75528,62,427.684779
67.498051,74,427.749547
63.799829,71,428.025612
78.427528,91,428.112337
79.217554,91,428.193165
85.514984,100,428.487243
68.954065,74,428.552845
64.351901,69,428.614706
78.35934,94,428.698719
70.278024,77,428.7702
59.925203,63,428.83179
77.740625,85,428.916401
55.179888,62,429.150584
76.45399,82,429.223511
58.499271,68,429.283527
129.953175,133,429.40286
57.169569,65,429.462403
54.390508,63,429.52283
81.15937,85,429.831302
78.454398,90,429.911024
61.206369,65,429.967701
86.685587,95,430.052511
69.853202,73,430.123012
64.260074,69,430.190608
72.786894,77,430.267858
64.838204,69,430.488187
61.31597,69,430.549216
79.271892,94,430.632954
54.348881,62,430.687858
65.918509,73,430.752468
44.730688,54,430.800921
28.3721,122,431.09066
71.32722,76,431.158864
77.7846,88,431.237476
78.815501,88,431.315791
87.306955,98,431.404478
68.607964,77,431.479216
53.277132,59,431.724887
67.258362,71,431.789043
105.482761,115,431.890013
69.937294,76,431.957532
92.058898,101,432.045727
69.261353,73,432.115792
70.678772,86,432.371617
72.489972,82,432.445236
59.569954,66,432.503376
58.310385,66,432.56089
55.509266,63,432.616409
76.153341,85,432.691392
55.109504,64,432.750644
73.959194,77,432.983507
60.413351,65,433.041022
49.916346,59,433.09268
101.863799,108,433.18612
75.272607,93,433.267187
60.527604,67,433.324923
88.010784,92,433.411903
73.949531,82,433.691339
54.611839,61,433.745683
68.674302,72,433.810221
122.217348,130,433.92571
76.570761,79,434.000684
78.365523,93,434.093228
59.919365,65,434.309412
65.93923,70,434.371237
92.744913,92,434.453649
80.457679,92,434.53524
47.505661,81,434.606155
95.223407,96,434.698114
72.609659,79,434.988406
72.105233,81,435.060066
66.271046,74,435.125869
112.294044,155,435.261889
61.092947,75,435.334598
107.646844,114,435.640924
47.062272,57,435.691712
81.364095,87,435.768163
84.402099,90,435.847233
75.407831,82,435.919789
55.604048,65,435.980285
101.217971,104,436.314662
64.277375,70,436.375989
54.588259,61,436.429814
66.184098,71,436.493708
76.645197,79,436.564952
90.747626,95,436.652845
102.310001,105,436.759087
68.574659,87,436.988594
60.166437,65,437.045162
87.570326,100,437.133335
69.603193,86,437.209351
58.696331,64,437.265188
88.344583,92,437.351154
57.867303,66,437.568479
66.251012,75,437.635271
63.011441,68,437.695371
64.132332,68,437.754802
81.520454,91,437.835629
70.609221,88,437.914035
62.063316,72,437.987509
92.162427,94,438.230205
77.280688,83,438.302625
68.07956,87,438.379519
65.79024,72,438.442937
61.500105,69,438.504075
84.69564,94,438.593795
56.708711,67,438.809676
51.134552,68,438.870111
98.577141,112,438.969923
56.356583,108,439.067675
68.933201,77,439.13822
98.496606,98,439.234637
98.643674,104,439.47563
59.29678,91,439.556909
74.32211,80,439.629239
91.550456,97,439.716066
61.129592,69,439.778956
90.224427,95,439.873652
80.873412,83,440.083834
79.514436,90,440.162689
91.109729,92,440.243968
50.20405,61,440.297749
98.543145,102,440.387564
52.222789,60,440.444492
111.482103,136,440.968904
52.365708,60,441.023174
94.359937,98,441.112702
72.338219,76,441.181612
82.63123,89,441.261303
87.584606,102,441.48822
63.701285,72,441.552099
60.119463,66,441.612269
96.362159,100,441.702292
81.110125,86,441.7794
85.012721,102,441.874597
67.34961,73,442.082604
94.311636,110,442.180298
76.252846,78,442.250168
90.342571,94,442.33646
77.339538,80,442.407531
86.457536,110,442.510328
46.788876,93,442.732276
74.354799,75,442.799699
67.355637,76,442.86674
69.119069,76,442.9344
55.946341,66,442.993378
81.731712,92,443.076148
80.774422,83,443.292503
83.636592,91,443.372827
77.340598,94,443.45708
67.236545,87,443.534975
73.776882,79,443.605836
61.077698,70,443.669972
70.417551,82,443.887169
51.138453,57,443.937241
66.411391,75,444.003945
59.732781,76,444.071152
72.038755,78,444.140634
73.937067,78,444.209903
67.343014,72,444.275291
63.468351,70,444.479086
74.693834,93,444.560747
62.441325,69,444.622313
85.553624,95,444.707138
82.476805,87,444.785903
58.025381,64,444.842142
58.221276,72,444.911828
96.746367,100,445.147927
67.9948,79,445.218115
48.740134,59,445.270452
85.48446,98,445.357013
58.028256,65,445.413621
132.382539,168,445.730497
54.32782,59,445.781715
67.030926,73,445.845483
68.739177,74,445.911234
55.578693,64,445.968785
61.302353,70,446.030451
98.769849,105,446.128175
50.800791,58,446.387422
136.698857,193,446.57955
62.541065,71,446.644822
66.273978,85,446.728889
90.513446,104,446.832168
83.591189,90,447.080076
51.348516,58,447.131908
79.443562,92,447.213001
80.049434,85,447.287367
60.141417,67,447.346324
76.202795,84,447.421222
92.709348,91,447.652209
60.780704,69,447.713313
86.173095,134,447.831021
68.305641,78,447.899081
63.968967,77,447.966672
68.811931,78,448.038373
94.465413,99,448.26794
69.484236,97,448.352804
96.255485,103,448.443643
89.612463,93,448.526387
64.603077,75,448.593294
80.787937,88,448.679396
73.983224,85,448.936188
79.631197,82,449.010848
74.178636,77,449.080301
63.346841,69,449.141058
82.582148,96,449.229
78.439164,90,449.318114
64.33755,83,449.533871
74.744896,76,449.601695
85.396378,88,449.680238
77.870456,84,449.754818
78.65461,84,449.828957
87.861656,116,449.939423
77.054373,148,450.217303
63.516612,72,450.279948
57.177599,64,450.335883
63.616038,75,450.402442
77.805353,87,450.480249
66.458435,71,450.550596
61.717785,68,450.748031
61.713809,67,450.807435
102.78969,150,450.94056
59.750362,67,451.000464
75.545843,84,451.072895
56.127661,64,451.13438
49.710698,61,451.357708
75.160316,86,451.435982
52.478943,60,451.491904
65.092128,69,451.557019
62.119516,67,451.618979
73.358478,77,451.689995
69.290759,78,451.767658
77.013515,84,452.001253
88.507038,97,452.088922
118.77818,119,452.193903
59.674407,73,452.258964
112.762242,131,452.381775
62.617743,66,452.599941
55.703808,64,452.655452
73.48301,89,452.736069
87.44765,88,452.814791
74.454495,79,453.144442
111.425023,114,453.247956
40.20003,50,453.293519
101.893334,130,453.557096
93.387332,102,453.645395
51.85603,60,453.698174
54.484173,66,453.757258
111.866867,117,453.864658
71.890869,89,454.101684
59.547403,68,454.16131
78.200352,90,454.241136
78.731171,97,454.326895
93.132485,96,454.410821
80.671505,85,454.491393
65.20363,73,454.711802
83.6228,89,454.791156
96.615118,97,454.876822
109.858575,106,454.970763
57.764924,65,455.029098
94.720977,117,455.286628
79.466716,99,455.37595
100.455497,108,455.473494
45.435083,57,455.523927
49.25957,60,455.577402
87.026217,93,455.661966
65.329703,75,455.737136
91.324207,120,455.999293
62.349705,75,456.068122
104.105337,105,456.170417
77.725869,79,456.24373
96.633421,102,456.342492
114.137367,113,456.596831
128.123858,141,456.723271
81.082938,91,456.804751
80.365984,87,456.882361
83.837693,93,456.971628
68.456351,74,457.188815
71.077436,81,457.263157
50.78366,59,457.315543
121.170695,145,457.444801
47.879701,57,457.49535
54.515461,60,457.551629
59.288017,70,457.76173
66.967246,75,457.827769
69.399153,78,457.898168
66.174151,72,457.962444
74.088033,84,458.039335
53.925101,59,458.092887
73.049302,107,458.195165
96.087952,101,458.439292
74.576203,84,458.513406
71.595535,85,458.590559
74.381658,77,458.659823
54.325535,66,458.718222
101.199095,100,458.813719
103.3175,114,459.077483
77.052144,81,459.151389
45.779923,59,459.20525
61.038067,81,459.279352
74.56055,78,459.350373
55.712388,72,459.422044
46.717056,56,459.477879
94.162268,95,459.717746
122.177343,123,459.826334
84.896188,130,459.942014
65.364112,74,460.008337
87.46163,93,460.25814
76.855771,83,460.331218
101.292785,107,460.429106
77.372693,82,460.501469
118.256276,119,460.606847
75.773718,84,460.685597
91.968729,91,460.913686
69.424878,77,460.982923
86.133934,90,461.065701
99.623841,105,461.158222
108.484129,114,461.262966
129.378549,141,461.544369
102.710631,106,461.638808
20.631713,103,461.745541
66.425092,78,461.815143
59.04944,66,461.875937
113.037486,143,462.176458
76.194412,88,462.25375
64.98023,70,462.315454
63.07026,73,462.380669
79.62502,90,462.460624
67.634215,72,462.527351
89.275551,105,462.782528
117.583287,127,462.897678
95.620011,97,462.985922
92.252456,96,463.072239
69.534034,99,463.166758
62.462925,77,463.381518
5.173682,98,463.468492
49.819253,59,463.520081
69.217405,75,463.586416
87.034812,90,463.664777
112.128586,128,463.779656
68.076318,78,463.986679
67.511696,82,464.060766
85.754281,97,464.146596
93.907081,97,464.232248
98.412717,103,464.32287
82.773856,84,464.401426
54.00528,62,464.597025
91.19441,98,464.684344
79.947693,92,464.766915
81.601527,95,464.85139
42.955446,55,464.902952
81.846352,86,464.985322
58.136056,67,465.188211
104.821358,134,465.526764
78.797526,92,465.607326
82.223771,89,465.686298
53.41878,85,465.761138
68.183318,108,465.991887
62.491392,79,466.061459
85.406255,116,466.166262
64.735891,78,466.235481
67.921757,75,466.304052
124.496186,140,466.576174
34.608899,118,466.681684
88.45529,90,466.760601
73.533125,107,466.856482
65.098884,72,466.919355
55.024948,67,466.982041
78.517242,100,467.215164
114.516458,117,467.3191
134.236518,140,467.442756
2.83369,140,467.569057
60.226027,66,467.632715
76.898712,91,467.851499
106.03853,105,467.944183
63.379781,68,468.004535
91.847104,96,468.088961
93.096409,116,468.192627
64.802002,71,468.396634
74.84404,88,468.475144
101.356508,102,468.565204
74.565682,80,468.636144
83.027546,90,468.716585
87.205472,100,468.812381
81.81736,88,469.036055
65.071825,71,469.105655
58.322082,72,469.169668
88.392833,95,469.254836
73.090341,98,469.341964
50.579499,62,469.403419
79.185407,82,469.703522
98.669554,105,469.796622
86.199061,97,469.882952
78.278555,88,469.962636
84.255072,127,470.089472
63.393152,70,470.451422
63.980733,67,470.510116
102.608855,106,470.60416
71.175038,82,470.678212
86.592062,101,470.777511
76.486842,83,470.861168
94.48679,92,471.16262
107.098953,109,471.260359
85.472802,87,471.338482
69.441043,89,471.419659
98.805905,100,471.516351
51.065184,62,471.57609
75.77389,81,471.794261
68.680966,76,471.861981
93.510188,98,471.949514
79.077689,83,472.023369
79.789651,105,472.117036
81.094117,83,472.195756
84.408574,95,472.420625
98.85202,108,472.516941
94.829813,100,472.606066
79.232632,83,472.679917
80.567496,82,472.753944
75.399098,83,473.087456
72.885081,77,473.155857
87.342702,93,473.237926
86.437338,103,473.329498
85.382746,90,473.414279
79.707131,86,473.499134
85.791923,90,473.80816
85.383748,94,473.891109
67.790621,91,473.972934
93.731682,123,474.084492
50.213672,69,474.151754
72.520136,77,474.226937
75.369309,118,474.51767
63.721213,70,474.58003
80.108568,93,474.662291
59.491,66,474.72028
73.097863,78,474.794367
69.070764,72,474.864947
57.153105,64,475.113788
112.16739,109,475.210135
65.409233,68,475.271436
77.772998,85,475.346205
98.452322,98,475.436868
76.221115,91,475.526996
61.696568,70,475.731042
81.245427,89,475.811623
75.06363,84,475.885776
75.472071,82,475.957561
78.753249,82,476.031798
69.345721,76,476.103462
72.415255,81,476.316193
74.227222,80,476.388168
93.54855,97,476.474672
72.073869,82,476.548081
72.594997,76,476.615676
67.675523,74,476.682796
69.461103,83,476.899929
62.638564,81,476.971692
64.121977,73,477.035628
74.749574,82,477.108016
95.989431,99,477.196778
60.940511,66,477.256004
52.943905,65,477.317631
73.935641,78,477.527036
85.017088,104,477.61971
74.708981,94,477.702869
86.446033,90,477.782239
79.081612,81,478.176381
95.218475,100,478.264724
82.606934,98,478.48579
78.115436,82,478.557803
98.411651,114,478.658055
170.028794,172,478.812862
60.844936,69,479.015249
75.102279,82,479.088906
66.838786,69,479.150355
56.538445,65,479.207584
87.272736,114,479.309979
64.552912,68,479.371361
85.440763,98,479.652313
61.446669,71,479.717446
60.528165,69,479.782083
56.847636,65,479.838638
86.303929,88,479.915579
74.063147,81,479.987772
68.41531,80,480.069313
55.684298,65,480.275314
51.907555,78,480.345273
110.541334,144,480.475123
76.489962,90,480.554917
69.627361,80,480.626545
74.405159,79,480.703279
55.801795,65,480.902395
69.57927,74,480.969538
71.227779,85,481.044697
80.242473,89,481.124933
62.02954,71,481.189624
79.458389,82,481.264633
71.558669,78,481.477809
1.796889,107,481.573446
75.082246,82,481.646167
61.705754,73,481.710754
105.124027,109,481.807755
94.737368,112,481.911356
61.119258,74,482.141936
79.678813,94,482.22575
60.212453,71,482.289342
75.63652,84,482.365491
81.416683,95,482.449692
69.572639,77,482.52518
84.401974,94,482.753241
94.198926,96,482.838297
89.250131,94,482.921871
68.029355,75,482.98812
61.327549,69,483.04939
60.319476,66,483.10899
50.743918,59,483.166531
66.834637,69,483.364841
112.181883,136,483.486146
92.998032,105,483.578941
74.35604,80,483.6493
55.383865,64,483.708406
64.682323,78,483.91779
72.752875,84,483.991524
98.049448,103,484.08253
101.814137,101,484.172378
91.423146,100,484.261661
75.623852,82,484.338783
58.035375,75,484.561224
70.925432,77,484.629348
81.30095,90,484.709698
63.043904,73,484.776235
68.5895,98,484.86393
59.865011,65,484.927294
78.658184,86,485.165677
64.071742,68,485.226807
73.333883,82,485.300257
72.662126,79,485.370532
99.301507,100,485.460829
72.269731,77,485.534646
81.036434,116,485.800249
83.096445,89,485.879174
58.683223,65,485.936608
81.619144,92,486.019996
103.891004,106,486.114469
35.076452,50,486.163223
104.163123,114,486.419478
75.948274,81,486.49135
114.744211,114,486.594955
91.516674,109,486.694931
78.323642,82,486.773101
87.118433,93,487.007578
108.732609,116,487.113213
95.306848,97,487.199587
109.318868,112,487.298069
123.11394,145,487.431191
53.794616,76,487.640671
70.210685,75,487.707239
95.335917,100,487.7967
80.528492,92,487.878257
84.662079,90,487.957903
53.565293,69,488.020581
93.819582,95,488.245427
65.179302,73,488.311478
68.151281,96,488.397785
58.779656,69,488.45905
73.729708,84,488.53383
58.893704,66,488.593078
71.219154,77,488.80581
107.886823,105,488.899434
69.583398,76,488.966249
68.228091,74,489.031544
98.417485,106,489.126856
57.806411,66,489.185522
100.744528,101,489.430214
92.50126,97,489.517199
82.371778,83,489.590291
64.791229,75,489.656386
97.25831,101,489.747641
71.597496,85,489.82789
97.187684,120,490.078576
60.131182,66,490.455615
73.230864,83,490.529493
95.328692,123,490.637115
96.486079,102,490.726755
78.258088,105,490.955982
110.233866,116,491.059228
93.13635,106,491.153401
69.642287,80,491.225221
82.048514,87,491.303653
77.802117,83,491.385719
132.602628,151,491.659906
84.440967,88,491.739847
70.378219,78,491.809421
66.404798,70,491.87245
100.262143,98,491.963458
-41.560296,172,492.258527
80.878766,86,492.33332
71.676407,83,492.407488
139.368598,150,492.542774
83.364494,106,492.779405
57.41088,76,492.84777
55.546553,76,492.915776
64.068077,78,492.985443
161.101099,158,493.127583
110.330046,110,493.369406
94.315246,138,493.491858
108.639404,110,493.589517
65.058092,74,493.654813
70.373337,76,493.722544
63.854501,73,493.792818
66.318408,74,493.995581
81.683655,82,494.069668
123.537029,120,494.176404
120.270179,123,494.283286
73.233923,81,494.358924
-98.861118,167,494.652912
85.358595,90,494.731838
93.440611,101,494.819943
122.999656,144,494.949626
124.17655,135,495.214851
62.642101,68,495.275299
90.976647,99,495.363413
93.40961,96,495.448336
77.075695,82,495.520668
78.285565,83,495.741467
85.918904,97,495.828017
60.143766,64,495.884924
81.039964,85,495.961498
77.088401,83,496.036434
93.417535,100,496.125705
72.404962,78,496.344098
89.796172,103,496.4368
85.593819,90,496.517951
76.623222,89,496.598721
2.29938,126,496.713001
57.396338,67,496.777319
91.420022,96,497.009009
79.141403,87,497.087474
65.320467,68,497.148991
80.256672,85,497.224475
50.24088,62,497.280643
122.111913,143,497.414064
98.128499,100,497.675586
75.434005,83,497.751244
65.513985,79,497.822429
123.396754,128,497.936565
87.271119,113,498.044951
89.564447,91,498.273067
97.709875,111,498.369965
76.545957,122,498.476817
73.866367,82,498.549107
78.323631,88,498.632473
51.123667,110,498.877445
107.006663,110,498.975476
84.581344,86,499.05082
118.892398,119,499.158194
73.437994,85,499.238483
60.027983,74,499.455622
106.58536,120,499.56056
61.440355,73,499.624039
136.816458,138,499.743559
74.668149,111,499.845206
75.503227,89,500.064348
123.142645,125,500.177231
180.5563,171,500.332789
72.814096,81,500.405535
80.634521,89,500.629312
82.915268,106,500.723029
70.859491,75,500.790209
52.560938,62,500.845371
111.351169,133,500.969403
67.320438,73,501.038694
76.2177,82,501.257783
63.483318,69,501.318963
98.471625,109,501.416837
64.366746,76,501.486455
86.390022,89,501.566663
66.9519,77,501.63734
107.689678,114,501.883083
61.716655,72,501.946335
95.558661,105,502.038893
61.028488,71,502.101943
82.636257,84,502.475828
82.290451,87,502.555733
107.311507,118,502.794193
112.222829,109,502.890355
60.111948,86,502.966028
43.334889,63,503.020422
70.7244,80,503.091587
94.724381,105,503.330545
81.193816,93,503.414739
63.496094,72,503.47894
71.797401,85,503.554267
26.481666,102,503.644913
97.093942,99,503.734183
68.75025,79,503.947241
62.88168,106,504.041294
55.397709,64,504.09908
88.444445,98,504.186502
92.536281,103,504.278506
69.275211,73,504.346128
85.760394,101,504.578244
80.647073,87,504.65585
107.644243,118,504.761705
95.660825,119,504.867247
70.622347,84,504.944398
120.968152,130,505.204575
81.103394,93,505.287693
81.410167,108,505.382232
63.029944,73,505.445744
78.878078,87,505.521708
90.795937,91,505.745641
72.41674,79,505.815346
127.843886,149,505.946767
-57.321006,176,506.103841
113.264473,123,506.359854
69.682175,80,506.430702
106.515753,116,506.534537
66.025329,71,506.597824
95.184707,182,506.766656
74.232777,83,507.0138
77.727907,107,507.109182
59.423607,77,507.178189
81.205802,163,507.325927
66.727464,76,507.400339
60.647142,74,507.660514
65.944899,72,507.723567
96.067843,100,507.812748
98.276143,102,507.90231
68.780387,131,508.026894
80.546074,83,508.373078
102.670637,137,508.493774
109.011245,120,508.600284
94.457083,95,508.692811
58.519912,70,508.761708
82.338012,88,509.012844
74.395953,97,509.098919
78.834776,87,509.176294
65.962027,83,509.248842
99.363186,100,509.33763
124.011825,126,509.629232
91.891218,98,509.717335
98.478747,137,509.840623
96.541448,100,509.93045
125.445335,128,510.050756
51.382037,65,510.256188
160.628116,278,510.505088
77.497685,86,510.581215
79.895795,83,510.660114
67.215729,89,510.88455
88.936111,99,510.971979
68.261821,73,511.037209
67.804662,124,511.148926
63.533737,72,511.212512
71.621453,81,511.291079
80.854403,97,511.519696
66.372425,85,511.596716
89.031576,101,511.689333
89.349298,94,511.773947
90.472363,98,511.865552
98.456553,109,512.106637
61.299734,72,512.170323
82.236303,93,512.253396
81.351256,84,512.326555
121.717108,117,512.430031
52.268922,105,512.668054
82.040611,95,512.751618
71.693203,84,512.826092
70.065401,77,512.894356
84.241872,94,512.977962
98.182941,100,513.068242
113.155093,159,513.352123
114.016347,117,513.455572
146.038117,153,513.591397
75.902918,90,513.674961
77.378309,98,513.911213
88.349485,89,513.988976
128.522978,124,514.101462
114.765409,125,514.211391
99.390811,115,514.320238
97.882514,112,514.559172
110.113755,109,514.985188
64.12065,77,515.053755
78.281416,83,515.127527
59.234703,80,515.19732
65.680817,73,515.398526
60.292174,103,515.492301
87.184589,91,515.572945
98.86811,111,515.671865
93.926364,97,515.758106
126.035171,124,516.018181
76.809248,80,516.089901
111.555547,118,516.21106
88.66936,96,516.2973
101.193698,102,516.392767
74.711318,81,516.473458
74.789163,86,516.692214
82.946014,86,516.768437
107.170021,108,516.863958
85.220555,85,516.939384
71.721573,75,517.006945
68.673783,79,517.223027
96.163003,104,517.315623
80.979118,87,517.391747
94.530563,103,517.482952
80.46579,83,517.555495
101.434596,109,517.654779
111.867071,135,517.914492
61.216677,71,517.979067
90.491527,99,518.066877
76.590004,83,518.140926
63.910652,92,518.226198
61.234806,69,518.42816
90.825192,92,518.509618
102.969158,119,518.613414
101.57349,113,518.71506
76.205443,82,518.788211
105.842189,108,519.033493
83.275997,88,519.112416
101.157022,107,519.209232
123.231808,122,519.317307
107.136103,126,519.435399
116.610593,121,519.687551
70.917252,80,519.759017
82.933992,94,519.842093
84.790711,89,519.920566
132.156832,141,520.049579
111.317805,121,520.297747
57.858383,70,520.358833
94.845398,97,520.44425
67.898998,83,520.517351
82.358092,91,520.596937
73.83817,83,520.67788
100.350626,111,520.916833
21.935101,142,521.042768
63.323768,68,521.103104
88.268144,97,521.191346
62.576756,70,521.258858
108.843249,126,521.521348
53.984998,60,521.575169
82.937246,92,521.657421
75.112513,77,521.726469
120.824385,122,521.839438
70.274436,89,522.064952
116.945463,141,522.189633
120.448505,119,522.294913
84.096208,100,522.383683
94.13058,100,522.476287
94.94302,120,522.723176
118.259447,119,522.827983
70.905714,77,522.895661
103.943328,106,522.989307
125.820141,132,523.250371
90.915538,91,523.33095
57.594138,64,523.388426
93.536966,95,523.473029
98.65228,123,523.582265
104.089109,104,523.679577
66.339091,77,523.890621
-48.213115,95,523.974803
70.491581,76,524.041938
65.668993,71,524.104579
58.147173,80,524.175348
78.322351,105,524.276374
59.583148,65,524.509967
61.929661,90,524.589845
76.348851,80,524.659923
56.532187,66,524.718816
62.260197,67,524.778061
79.03453,87,524.858887
58.064919,68,524.926692
74.985289,79,525.203646
74.535671,77,525.271465
78.607274,86,525.34723
86.359324,102,525.436402
85.873627,100,525.530609
67.283311,77,525.606584
100.539047,115,525.959518
102.386464,105,526.053581
52.538352,104,526.146832
95.343958,101,526.245898
39.047712,73,526.318024
73.678187,81,526.564349
66.182285,72,526.628374
81.584178,86,526.703902
99.5805,108,526.800426
99.8559,109,527.175285
79.420853,86,527.43507
120.143022,122,527.543212
60.009095,69,527.604451
97.343116,136,527.72571
98.979735,138,527.857594
95.071066,98,528.090978
64.397326,74,528.157088
96.392151,102,528.248537
66.923964,80,528.319803
79.590295,84,528.393572
47.196853,90,528.481493
83.665857,94,528.705399
77.443754,89,528.784115
95.73082,105,528.876552
92.10607,96,528.960602
89.339223,99,529.052577
82.518071,111,529.319432
84.882993,117,529.42394
104.279417,109,529.522756
129.326159,143,529.651556
68.360927,92,529.93477
72.318592,76,530.002841
77.885676,85,530.077763
79.407321,83,530.152439
51.951585,123,530.26169
100.724068,114,530.374101
62.58871,81,530.621402
113.479912,109,530.718029
124.584831,123,530.8283
57.580964,80,530.899997
71.43679,77,530.972473
74.770516,88,531.228038
59.339569,71,531.291713
71.790617,80,531.363537
66.970456,72,531.44011
73.274221,80,531.522094
145.67407,169,531.686939
114.322182,113,531.978829
63.430082,74,532.043787
70.528418,78,532.113161
59.873064,67,532.172577
73.873446,81,532.245086
112.986631,137,532.556414
82.595631,90,532.63604
70.820367,92,532.716546
72.577935,81,532.789215
103.193155,113,532.890543
64.573151,75,532.964449
96.285272,100,533.254643
70.494931,79,533.324137
68.430186,78,533.393143
78.723407,80,533.465106
82.215318,97,533.552177
71.515695,76,533.625116
115.507184,129,533.896602
88.579266,97,533.984026
67.569225,84,534.059363
99.605912,104,534.152397
98.06896,108,534.255135
71.158601,78,534.475548
83.082184,94,534.558353
68.404597,86,534.63442
76.233267,81,534.706273
105.56857,109,534.801895
74.75408,81,534.879384
63.320483,71,535.089978
130.608356,136,535.211677
73.546453,82,535.285168
74.17272,85,535.360203
62.466434,67,535.420514
92.39057,100,535.660789
114.323564,125,535.773988
59.932661,73,535.839867
143.166894,135,535.960503
81.12408,88,536.04081
120.551329,141,536.318896
100.298765,112,536.421507
84.964329,92,536.512667
73.468668,79,536.584452
67.775101,84,536.660868
62.665182,70,536.729822
61.581919,75,536.962021
88.335386,89,537.038989
109.388023,125,537.149074
85.821666,86,537.224913
78.762129,87,537.307599
85.26882,93,537.564194
-51.154955,139,537.688704
64.933531,71,537.752156
115.374035,122,537.857553
88.014098,94,537.946583
63.127598,71,538.230179
171.219593,178,538.387335
80.953881,93,538.468733
114.449665,115,538.573069
90.87703,105,538.678204
62.145537,73,538.941883
122.357426,122,539.050018
69.296589,72,539.113575
90.554091,92,539.195027
64.864262,73,539.265414
74.448571,81,539.34301
61.671849,103,539.608162
57.849695,66,539.985475
53.350463,73,540.051042
64.071609,69,540.111645
71.535238,94,540.194687
64.72161,76,540.260803
103.569886,129,540.541868
119.809319,117,540.644995
100.270591,103,540.736315
94.966255,112,540.836967
102.902472,128,541.129178
66.586074,79,541.200984
119.696601,129,541.317557
80.069628,84,541.39204
82.266441,125,541.510761
79.644866,88,541.818336
71.402053,81,541.891825
81.300357,94,541.976186
106.722841,109,542.073562
82.501147,88,542.159989
71.502392,75,542.234584
133.868967,130,542.497489
95.273032,107,542.592638
112.56197,115,542.693954
76.757784,81,542.76549
66.146242,74,542.834362
86.458456,92,543.067611
127.68811,138,543.189512
120.465072,144,543.314939
75.436178,84,543.389175
55.42015,63,543.448717
95.341203,98,543.675739
112.671572,114,543.777143
86.028229,92,543.858706
92.631184,95,543.942866
95.035783,96,544.031535
71.224147,79,544.241863
109.64837,113,544.342637
127.305053,148,544.474548
55.22492,65,544.532811
95.788513,122,544.645063
83.813529,91,544.865898
62.017505,80,544.937188
83.338666,97,545.023813
77.572862,80,545.096563
70.104935,82,545.170051
62.998752,82,545.246713
79.679043,88,545.461993
80.746092,91,545.54348
112.948657,116,545.647087
63.454594,74,545.712793
64.745783,74,545.779132
60.982205,70,545.845602
79.81213,93,546.069847
99.024635,123,546.179756
79.493984,91,546.261182
58.014901,63,546.317916
112.241901,117,546.426437
90.617103,123,546.722983
72.268377,74,546.789115
68.018748,75,546.855798
77.816762,83,546.928062
85.60784,91,547.010304
63.649559,72,547.081373
91.336403,105,547.326721
69.518742,73,547.391784
84.271338,95,547.476737
117.31969,143,547.603296
108.482188,115,547.711488
77.37611,81,547.92254
79.990214,89,548.001723
55.877208,65,548.057763
77.590332,92,548.138644
81.841708,90,548.218566
71.217427,108,548.320348
131.090644,132,548.577146
73.701843,78,548.646995
89.550256,104,548.739658
69.39392,74,548.804604
75.617927,82,548.878076
57.258915,65,549.079845
90.317637,94,549.163309
46.783761,57,549.213745
105.987339,113,549.314526
109.617971,110,549.41229
59.789943,64,549.471225
115.954415,120,549.723202
86.719171,89,549.801002
103.841491,105,549.892989
80.172368,85,549.968618
114.283462,131,550.088899
82.895769,84,550.304405
69.709767,81,550.374806
91.968486,114,550.475381
66.284223,76,550.542226
89.885245,106,550.635154
68.994266,75,550.705486
96.994073,97,550.933396
82.649604,91,551.014518
107.741253,111,551.114576
62.203807,89,551.194502
111.41244,134,551.322041
101.708006,103,551.56706
73.489225,85,551.641537
69.801557,80,551.711836
97.30516,95,551.794583
-42.822501,184,552.434776
79.639049,85,552.509666
96.491414,105,552.60292
96.458733,101,552.691085
117.912656,130,552.806357
98.595851,104,553.041321
111.434865,129,553.156565
97.535197,109,553.254896
113.652451,126,553.3675
74.874643,77,553.439007
56.164285,64,553.636086
110.723809,112,553.735326
97.439519,99,553.821917
57.74553,78,553.891618
56.286623,85,553.967244
-6.636375,131,554.226247
107.433754,118,554.329551
110.475432,114,554.431042
109.577565,116,554.53385
81.69649,94,554.618575
99.217734,101,554.84934
86.904052,97,554.933808
119.440566,124,555.043585
91.726053,99,555.131423
66.965581,74,555.197751
75.64302,82,555.41312
29.882599,114,555.514651
181.882242,162,555.656028
80.714112,86,555.731934
154.361788,160,556.045913
83.856808,92,556.127065
79.255273,80,556.197135
93.097602,107,556.291676
67.33093,80,556.362422
63.957646,74,556.434098
-75.554375,251,556.80627
88.333094,92,556.889328
79.084888,88,556.968825
101.77479,110,557.073215
87.894225,96,557.300174
155.640214,161,557.441843
66.500631,72,557.505496
113.035993,112,557.603953
79.386408,113,557.85207
86.506283,96,557.939228
70.651149,78,558.008636
71.317917,79,558.079187
88.580549,90,558.158915
52.377856,61,558.21279
93.714515,104,558.451383
96.43132,106,558.545176
75.059036,86,558.620525
123.701434,119,558.725536
86.393672,106,558.821302
160.544716,194,559.139953
74.498912,84,559.212856
104.594171,104,559.304903
75.681346,80,559.375252
72.76443,90,559.457882
82.175399,94,559.694993
71.071872,75,559.760342
137.837634,201,559.938809
96.241479,115,560.04283
118.246306,116,560.299371
67.43875,133,560.417925
80.355248,92,560.499702
78.940341,88,560.577626
86.072971,97,560.667043
97.001966,109,560.916261
68.300419,74,560.982629
78.35419,88,561.061841
54.017028,61,561.115388
180.524061,190,561.290302
82.676109,88,561.527692
77.063694,89,561.608877
93.247798,106,561.707
78.226208,87,561.787475
85.514765,100,561.878946
70.657475,78,561.955493
103.318915,104,562.201252
68.818597,72,562.265037
74.671122,84,562.339267
72.365278,76,562.405913
83.50762,88,562.483519
76.498257,84,562.564954
103.211682,190,562.877427
60.284297,70,562.938832
119.091175,181,563.099926
71.031699,74,563.172231
69.309096,75,563.381038
76.053139,79,563.450861
106.893033,108,563.545927
88.354966,91,563.627223
96.100702,108,563.728102
67.321631,75,563.941295
32.780683,168,564.089707
73.615257,83,564.595263
91.45795,106,564.688887
152.431921,143,564.951388
96.121978,107,565.045082
70.02085,76,565.113163
141.865068,179,565.271239
21.79742,234,565.624404
68.489512,77,565.693348
73.244206,75,565.76147
-13.684882,129,565.876149
109.052941,114,565.982399
93.440234,96,566.213576
96.66719,97,566.301033
20.512786,135,566.422542
64.22424,72,566.486722
81.075601,87,566.567049
92.257682,94,566.796819
79.238085,98,566.883559
88.07897,90,566.963338
84.33979,88,567.041934
66.40927,120,567.166138
70.918171,79,567.381565
222.707866,216,567.573232
109.486173,120,567.68107
68.232136,76,567.74795
34.362564,196,568.070304
93.8152,118,568.174077
77.927026,83,568.246001
94.168758,94,568.328977
96.522975,107,568.429781
129.909677,130,568.683835
90.260572,94,568.766845
119.664656,150,568.899694
119.797745,124,569.01504
81.213409,100,569.245077
122.944728,135,569.365782
73.552611,82,569.438356
93.938277,98,569.525571
82.73678,96,569.617324
69.060102,76,569.829166
102.637473,106,569.922841
84.145299,91,570.004186
98.078509,98,570.091467
77.103928,88,570.168496
97.698038,107,570.410112
79.933362,89,570.488793
111.152036,119,570.593083
133.860165,142,570.72058
85.15206,95,570.808219
96.107512,96,571.034163
54.326159,94,571.119267
86.52388,92,571.200297
102.011924,109,571.29847
73.713051,91,571.383174
95.517177,108,571.638035
64.072925,163,571.784856
147.824108,142,571.911797
82.422094,101,572.004176
115.344093,134,572.268693
105.956996,105,572.360995
82.595722,93,572.444419
57.821683,72,572.509261
70.27615,83,572.582782
96.97043,103,572.817202
106.02683,111,572.916736
86.300738,125,573.027729
95.618903,95,573.113172
70.807695,79,573.182669
107.151416,107,573.42403
98.855348,133,573.544227
73.535424,78,573.614075
134.441889,152,573.750906
92.001762,103,573.847378
125.524962,132,574.109913
93.11253,95,574.194474
34.698567,109,574.293363
80.390722,174,574.452917
82.418478,95,574.680213
93.933153,98,574.766866
151.10801,167,574.914479
83.341865,97,575.000245
133.274122,139,575.272663
94.295158,96,575.358374
71.408302,77,575.427397
123.636093,134,575.546694
47.260983,107,575.643941
82.430966,90,575.866773
-53.053073,191,576.03726
124.937789,121,576.144195
68.24257,78,576.212767
65.214826,75,576.700116
75.007643,80,576.911515
225.162591,288,577.172277
75.401171,115,577.282731
69.771365,76,577.495823
80.594681,83,577.570221
114.944653,137,577.69575
95.037722,98,577.784792
56.090716,113,577.890525
43.073775,202,578.212446
118.783142,141,578.33946
94.645388,100,578.432262
-64.61164,169,578.733057
65.243042,74,578.798173
130.38779,156,578.936803
92.438215,98,579.023191
73.7541,141,579.291533
74.289338,83,579.365767
95.739032,102,579.455951
70.623587,76,579.522307
61.506577,71,579.584678
200.631512,194,579.954815
117.958461,143,580.082551
90.767626,93,580.166049
95.70253,97,580.250493
68.216545,72,580.322543
74.818377,89,580.567564
57.643446,75,580.633569
53.294985,62,580.689277
100.059152,106,580.783102
98.585082,110,580.882369
92.055863,99,580.975851
66.769746,74,581.21587
82.031883,85,581.290608
89.4472,91,581.37032
82.143691,89,581.448766
88.97645,93,581.530945
85.753168,98,581.625368
137.367991,178,581.957426
98.24509,103,582.049099
105.424499,112,582.148402
99.802272,102,582.249193
91.659295,95,582.583662
122.455722,127,582.698821
80.640516,84,582.774959
120.56231,125,582.91074
78.98451,85,583.00621
84.934597,89,583.307871
84.234676,100,583.397265
91.185013,99,583.485214
52.643281,62,583.540561
79.552464,85,583.62184
122.787239,121,583.896508
59.658027,79,583.96619
130.495813,136,584.087226
105.3506,112,584.186803
119.364456,126,584.304722
-86.992708,262,584.697777
92.15468,94,584.781808
62.024338,70,584.843422
90.095481,95,584.932163
74.727682,83,585.153124
79.926148,87,585.230867
96.415095,103,585.322667
116.003341,119,585.428957
119.895887,128,585.546633
98.08169,100,585.776311
88.76715,94,585.860411
56.595926,66,585.919415
82.741591,90,586.001601
59.685818,67,586.061861
54.630475,64,586.122112
126.358014,126,586.383285
137.983448,148,586.51841
69.962532,139,586.64213
65.118027,132,586.764805
104.18836,104,587.001471
71.06967,74,587.06709
72.92201,78,587.137196
84.961977,90,587.217549
88.804571,94,587.301109
86.608442,128,587.565182
73.291254,81,587.636552
98.865085,110,587.733564
71.859273,80,587.80584
86.665731,100,587.895061
163.729542,174,588.197671
77.281952,87,588.276735
98.36737,104,588.371027
91.480832,92,588.45244
83.19382,103,588.545525
77.726991,89,588.767719
84.468247,96,588.852201
156.173309,184,589.56414
105.124157,123,589.675032
117.469903,124,589.917821
74.321064,83,589.990287
75.815719,88,590.06765
128.532165,134,590.18818
77.455949,83,590.262173
120.149664,133,590.525975
82.585702,88,590.602909
-34.980455,93,590.685579
108.714744,106,590.781409
71.030805,79,590.851492
80.25945,81,590.926426
103.337028,104,591.160248
164.036546,215,591.356228
41.345631,52,591.404911
89.867076,94,591.490942
82.483326,100,591.724065
65.579991,73,591.789845
87.733567,98,591.876778
109.405114,127,591.989382
76.195419,121,592.098304
107.563585,117,592.347302
73.860124,77,592.416249
97.159393,103,592.507427
85.326576,87,592.584164
67.002113,71,592.6476
128.644352,133,592.91064
51.924673,70,592.973143
81.514211,87,593.050038
110.997736,130,593.167008
50.506665,59,593.220547
62.321721,70,593.282436
131.435893,153,593.562343
108.323519,121,593.670753
84.43068,87,593.749368
101.312416,113,593.850766
133.016816,136,594.117089
109.189869,114,594.217684
138.391952,142,594.342433
113.654831,122,594.450501
77.51122,82,594.525894
88.77514,106,594.758854
97.24892,103,594.850071
65.095766,72,594.91359
141.492236,171,595.064733
59.468983,67,595.128366
65.033627,79,595.339312
80.396292,93,595.420848
73.660877,95,595.506183
113.860489,171,595.656712
103.441929,108,595.895799
83.706204,89,595.975653
122.792191,220,596.169067
57.135688,64,596.225209
149.460074,162,596.515689
79.264414,81,596.589741
103.924848,105,596.684747
86.828106,90,596.765583
59.427888,122,596.872797
116.683459,116,597.119189
88.579055,95,597.204109
104.519981,131,597.31959
177.718586,183,597.481055
131.549346,135,597.745815
85.005565,86,597.821765
130.087703,133,597.938801
129.254333,135,598.056538
123.541802,125,598.311834
88.379175,91,598.393415
79.762439,83,598.467463
79.83281,81,598.538277
146.280512,141,598.663025
74.90363,81,598.74274
56.578623,64,598.935864
98.404097,100,599.025079
123.523929,145,599.155902
112.96317,150,599.291097
79.677096,85,599.511295
64.291299,72,599.575048
97.563884,97,599.661089
55.430772,70,599.722132
111.884023,113,599.822931
142.360616,146,600.096818
104.682646,119,600.201554
75.590871,93,600.284165
78.759066,85,600.360244
142.784412,135,600.480422
72.416312,83,600.700847
146.73666,148,600.832173
90.373898,98,600.918659
90.801735,93,601.001273
99.149987,127,601.117585
132.590249,146,601.804063
75.107131,86,601.893169
95.080329,94,601.97666
74.311575,81,602.048568
87.89989,119,602.162764
91.482709,92,602.384213
75.895374,85,602.459966
82.081212,87,602.537611
80.123728,92,602.61931
91.843441,102,602.711079
86.422302,92,602.937796
96.495532,111,603.038504
76.57682,81,603.112497
84.454207,97,603.199979
93.909711,105,603.293018
134.672967,141,603.578932
120.477264,121,603.686676
96.448223,102,603.777796
135.499149,146,603.90827
80.03271,85,603.990096
100.000356,105,604.222236
68.559488,78,604.291684
62.629057,73,604.356634
66.544631,85,604.430457
70.102431,73,604.49535
85.119215,87,604.576522
78.40768,83,604.790096
84.499028,95,604.875906
87.617189,89,604.957072
80.141335,91,605.038453
69.799455,75,605.105037
71.563609,78,605.17834
80.870174,81,605.399542
101.948862,114,605.502137
67.59545,72,605.565833
88.348963,95,605.650686
53.984577,63,605.705428
78.576927,83,605.783715
154.577319,149,606.062249
102.779988,105,606.15613
71.860622,75,606.224059
75.061373,78,606.292283
94.68635,101,606.387107
107.371507,113,606.643334
116.906984,113,606.746549
106.515609,109,606.842975
197.760368,184,607.015061
125.74669,159,607.295663
102.34295,117,607.398666
150.71246,173,607.553198
76.744557,93,607.640566
82.783861,86,607.852424
64.663413,79,607.922561
88.806128,95,608.006157
115.562166,126,608.117877
80.717671,89,608.20076
91.759417,94,608.424381
61.99135,78,608.493126
100.002326,135,608.614602
83.734551,91,608.69544
73.429446,77,608.765005
74.993876,80,608.979643
82.415811,96,609.06667
80.156579,88,609.14616
-17.98182,107,609.242131
81.874726,93,609.324993
98.417031,107,609.425141
76.746015,87,609.642068
114.488939,121,609.750731
159.5913,167,609.898036
116.022792,117,610.005624
76.841486,83,610.220285
103.986924,105,610.312965
119.163271,282,610.561033
198.433949,197,610.882375
83.252859,85,610.957882
101.555327,113,611.058222
47.542409,57,611.109578
160.875163,167,611.405212
89.51345,96,611.493543
94.809079,104,611.586542
87.100463,93,611.668707
106.276735,104,611.760489
76.280355,81,611.839963
90.990476,91,612.060312
92.484233,97,612.147405
82.430278,87,612.22461
105.68086,113,612.32464
120.333911,119,612.436233
106.14192,112,612.67263
94.249755,108,612.770617
95.433202,94,612.8531
98.092605,105,612.946694
181.04648,206,613.283321
80.930543,92,613.364626
145.21374,161,614.047854
70.446784,79,614.118619
108.927359,155,614.407648
156.529609,157,614.546349
73.353814,88,614.623114
130.936702,214,614.96453
81.530555,84,615.040767
90.122789,93,615.12504
78.342435,84,615.200153
127.183275,132,615.317994
154.57188,157,615.615345
76.480099,86,615.691655
66.657437,72,615.755006
101.862383,103,615.846445
103.147321,107,615.94602
56.692722,64,616.009793
101.451263,133,616.28571
60.287848,65,616.345577
71.777866,84,616.433128
120.911358,121,616.542926
80.807373,84,616.625629
83.47938,89,616.853693
94.054914,122,616.964998
71.970936,78,617.033318
24.288294,366,617.523076
72.417988,86,617.600243
102.843295,130,617.716159
81.309291,97,617.802791
-24.791527,180,618.194764
64.907861,69,618.255561
87.932857,97,618.341167
104.056653,131,618.463143
113.695426,114,618.572085
92.156476,99,618.859122
86.454012,89,618.937514
76.865127,83,619.010545
120.106672,126,619.124989
140.466297,134,619.259403
74.726768,82,619.53026
99.382712,101,619.61845
102.486826,120,619.723184
95.118044,99,619.81661
81.116377,104,619.91848
121.076719,119,620.173739
68.809347,76,620.241521
81.693269,97,620.327409
77.351849,81,620.397517
89.074822,98,620.488903
72.966236,76,620.700148
103.316378,114,620.801286
138.394351,129,620.914809
92.73916,111,621.015261
120.144729,118,621.127595
110.530305,256,621.501138
101.547389,124,621.612126
78.862036,84,621.690587
133.113875,135,621.95657
114.997695,147,622.087991
130.088132,132,622.205686
119.547838,128,622.330961
86.451573,90,622.551842
144.089708,143,622.678782
157.505504,186,622.841662
92.67097,118,622.954557
100.920682,116,623.234408
74.131939,83,623.307503
190.734424,178,623.465249
71.552791,79,623.541602
98.99708,102,623.811008
88.388977,100,623.899122
107.134847,106,623.993115
168.320431,217,624.19138
91.148841,94,624.442383
104.618757,120,624.546754
73.606902,92,624.627103
93.211992,95,624.70942
97.603743,101,624.804033
152.747871,164,625.113438
87.847013,89,625.192142
139.056098,143,625.319196
122.782716,131,625.443767
75.33312,82,625.693831
89.218553,99,625.781412
76.640943,91,625.864044
128.393283,130,625.981144
95.758348,115,626.090335
96.670757,100,626.782702
83.844973,88,626.863292
143.821297,138,626.98783
85.173397,96,627.074141
157.521206,154,627.348855
123.387341,147,627.478431
175.387073,172,627.631714
153.721118,146,627.766675
70.531667,76,627.972421
65.579661,79,628.042119
128.248675,149,628.173591
126.174477,127,628.285854
96.807981,112,628.529377
70.052511,84,628.60486
135.995971,147,628.735956
135.813622,129,628.850878
71.915037,84,628.928835
102.203187,109,629.171141
45.271375,54,629.219975
89.299409,96,629.304404
57.048306,74,629.369141
108.958268,119,629.474237
84.985875,88,629.556315
80.383896,82,629.770842
72.574299,76,629.838142
81.651697,93,629.919917
78.147556,107,630.014511
128.529676,134,630.137049
79.307606,86,630.358398
89.328217,96,630.443674
101.978538,121,630.554012
77.348807,84,630.633177
149.154883,137,630.758312
125.809157,136,631.051443
146.331471,153,631.190379
69.761499,78,631.262656
107.941692,115,631.374646
109.273562,117,631.659044
119.798176,150,631.803972
101.873854,98,631.889775
102.586824,108,631.985906
75.846723,96,632.081353
102.63091,131,632.468044
181.19802,221,632.670697
141.149589,152,632.822369
76.767414,81,633.10004
72.716941,83,633.173897
121.187779,123,633.283946
96.174673,100,633.374235
56.532849,66,633.43789
67.564467,75,633.511908
104.245628,162,633.828605
66.831427,74,633.893127
109.642088,108,633.986925
69.247242,78,634.057509
65.835574,88,634.1426
95.771066,95,634.425967
61.041634,79,634.496681
80.370363,100,634.585146
58.700216,65,634.642309
78.899472,81,634.716373
70.08742,75,634.788891
93.92461,108,635.069106
74.662749,78,635.136467
60.965067,69,635.196247
83.354905,107,635.289751
117.347051,126,635.408016
81.817534,100,635.662045
70.807324,85,635.737821
98.940467,102,635.82792
92.912253,93,635.911198
75.103793,83,635.986426
91.11526,95,636.288064
70.945079,75,636.35535
204.009521,206,636.541658
81.567942,93,636.625962
74.806552,81,636.706022
105.496044,115,637.006818
109.332001,106,637.099724
89.896083,109,637.194045
103.661327,154,637.333395
76.269696,83,637.414426
69.765697,74,637.647173
188.43378,191,637.815714
73.039614,100,637.905669
88.341124,87,637.987121
69.264292,115,638.277754
91.677738,106,638.371097
110.134807,112,638.468895
95.297073,101,638.55789
95.205101,103,638.659416
83.915746,86,638.932473
70.103473,79,639.00168
97.933986,104,639.09318
107.473404,107,639.55542
103.882983,110,639.653271
82.973121,86,639.882987
54.871502,65,639.940691
68.948615,73,640.00544
92.018575,105,640.098065
73.226156,78,640.167233
118.130722,155,640.310088
89.923721,90,640.547715
61.969054,70,640.608082
70.645931,81,640.677903
73.282496,80,640.748163
85.29583,87,640.824225
60.622545,68,640.887461
73.605376,76,641.136905
77.337555,87,641.21589
99.466581,153,641.357643
141.144386,144,641.49232
120.732999,137,641.823579
68.689769,73,641.887574
87.723784,89,641.966714
83.376861,99,642.054087
91.332875,117,642.162955
124.017967,126,642.437253
110.198822,133,642.55594
126.653337,127,642.669069
81.633038,90,642.748851
67.375629,86,642.831538
92.146054,113,643.075904
94.757738,102,643.16538
124.395528,127,643.277259
149.097596,145,643.406165
89.769518,94,643.634834
144.408587,140,643.759551
82.414947,97,643.845686
77.843304,92,643.927866
127.432176,141,644.064603
97.37641,101,644.295648
95.749781,97,644.381627
70.145409,77,644.450059
150.506645,146,644.579134
121.78557,118,644.828937
93.824484,94,644.912155
138.399495,145,645.040311
154.803289,163,645.184383
67.275459,75,645.255096
64.148723,74,645.469215
99.633518,102,645.559705
76.150657,80,645.631033
45.106622,305,646.05442
243.712749,242,646.269793
71.930408,77,646.339213
131.86679,130,646.464234
95.170402,96,646.70022
91.496259,98,646.795416
69.964157,79,646.865218
109.274404,110,646.963971
102.679093,108,647.06294
92.479185,94,647.288226
67.679249,80,647.359655
115.628523,135,647.480371
62.733936,76,647.548358
99.130154,108,647.645947
168.561449,165,647.934245
109.165734,119,648.039768
128.911385,161,648.181619
79.572216,95,648.267461
66.371958,71,648.472268
97.908572,101,648.560537
110.532321,108,648.654881
156.049176,140,648.7788
57.418902,138,648.907496
80.534826,89,649.13354
116.421067,120,649.241524
134.811339,132,649.35841
115.078835,120,649.46813
85.724275,92,649.693889
74.449096,79,649.763828
88.055043,102,649.853673
102.420082,160,649.997372
-37.927452,163,650.300794
92.90448,91,650.380922
88.460868,97,650.467563
184.296376,323,650.908777
176.371563,198,651.084917
148.876613,184,651.251543
122.70714,119,651.509586
186.10807,176,652.023865
123.382265,130,652.139934
103.722288,102,652.230855
61.114547,73,652.296606
90.614986,91,652.51121
101.342548,112,652.611096
113.368321,112,652.711023
107.174061,110,652.809538
69.781763,80,652.884373
113.501803,113,653.127061
63.602868,72,653.191063
123.406414,149,653.321144
62.066571,70,653.382904
96.45319,96,653.472105
86.106068,92,653.698406
81.273603,166,653.848831
172.62774,161,653.992093
62.336671,69,654.056039
86.364222,187,654.367788
104.283608,123,654.475997
158.903329,172,654.628712
-25.027978,157,654.911183
79.176165,90,654.991233
74.840303,93,655.07437
135.2766,144,655.203833
73.698253,82,655.283289
135.828769,148,655.555382
144.901322,183,655.717594
100.962159,103,655.808413
89.438305,98,655.900194
95.101296,96,656.124813
89.915312,113,656.225263
78.609537,86,656.301456
123.407454,135,656.421586
101.450883,105,656.66576
67.781067,75,656.734733
92.800966,97,656.822753
104.048815,121,656.932865
105.525703,103,657.024773
85.141829,94,657.115227
184.392789,183,657.417253
86.830205,93,657.500315
168.147245,156,657.640545
106.323537,104,657.876843
104.584008,108,657.972323
102.015992,105,658.065756
108.573007,107,658.161617
172.96828,182,658.331974
111.083349,120,658.576591
109.380519,114,658.67793
98.552123,106,658.771476
123.071539,128,658.889761
125.411993,150,659.166636
95.574221,96,659.252309
51.829854,59,659.30414
188.890751,197,659.481832
104.658707,104,659.718686
140.671711,133,659.836315
95.498286,104,659.928055
112.005049,122,660.040321
86.760706,91,660.131492
83.963801,94,660.356015
100.563706,101,660.445425
114.281537,125,660.555884
80.134139,88,660.634036
64.839409,73,660.70112
76.584883,82,660.917683
94.838897,97,661.003329
114.087142,110,661.100748
77.849775,84,661.178127
101.26872,109,661.277639
92.105843,95,661.51314
112.009582,118,661.619241
80.957358,84,661.694691
73.848,86,661.77322
103.889831,108,661.869518
137.380791,135,662.153323
77.807522,84,662.228204
110.898251,120,662.334435
82.783327,90,662.4141
84.74482,87,662.490829
145.321395,158,662.776311
56.495196,115,662.879584
126.640159,126,662.991951
86.982029,88,663.071296
99.69075,104,663.171104
-24.574673,177,663.566046
129.483621,135,663.684374
130.559679,136,664.161939
166.490843,164,664.457835
104.001812,126,664.568767
92.288646,96,664.65257
91.696639,103,664.742255
-15.142707,156,665.088155
132.916301,154,665.223284
72.03894,78,665.292444
75.350246,83,665.36635
74.260918,87,665.450935
138.1392,137,665.754665
104.123459,111,665.853185
93.367476,106,665.948623
99.296913,102,666.04103
150.167872,161,666.350425
89.787499,92,666.431101
62.701936,70,666.493287
91.312712,101,666.583551
103.881489,134,666.706582
88.648208,90,666.988843
111.275855,124,667.10149
151.890608,171,667.255461
122.79385,128,667.376248
155.711323,161,667.708735
102.827491,103,667.801259
91.497615,94,667.884292
84.514172,94,667.970806
60.512214,69,668.04215
128.489111,124,668.335645
140.341866,148,668.467044
91.907602,97,668.552933
20.221482,134,668.678324
91.22041,102,668.95301
91.788573,95,669.036969
107.834074,107,669.131215
76.221859,89,669.20912
125.789927,119,669.320537
62.827855,68,669.544026
108.812522,108,669.639706
68.566445,80,669.710886
134.760222,145,669.840024
68.613466,73,669.904229
-99.328538,308,670.362753
128.218479,135,670.484813
73.356235,81,670.558929
117.044161,125,670.858609
77.371094,80,670.930151
90.98802,107,671.025276
-42.175064,129,671.140726
101.189518,101,671.236739
60.162776,67,671.466887
125.643544,122,671.575285
123.699057,140,671.698255
72.394436,79,671.769276
89.878982,99,671.858784
82.088173,94,672.171247
75.274544,83,672.244965
94.182138,100,672.333526
115.9021,127,672.446594
103.743938,109,672.554796
70.683193,81,672.818143
101.337475,101,672.907682
196.930075,195,673.082233
75.286492,81,673.156103
52.407021,60,673.216169
120.137369,116,673.47374
81.394077,88,673.551982
122.411457,143,673.678764
92.749112,97,673.764363
85.026872,89,673.847225
98.143653,114,674.090424
72.762113,81,674.161819
102.37535,131,674.278245
91.563797,106,674.372672
132.024608,149,674.650208
193.477562,202,674.828305
62.419332,67,674.887882
73.803883,82,674.960718
113.724099,126,675.079138
114.717165,115,675.317523
68.555042,89,675.396713
120.015467,134,675.516036
65.214379,74,675.582356
60.36336,72,675.649637
134.493134,124,675.897914
101.689327,107,675.992693
109.581205,106,676.08758
67.334491,73,676.15206
110.079226,117,676.260524
101.642302,102,676.808995
55.898047,95,676.896889
134.569313,146,677.031496
-7.726293,207,677.368728
97.142264,108,677.46689
97.945465,98,677.553915
55.871086,65,677.611717
71.510352,80,677.683879
106.796339,111,677.788915
134.54181,141,678.057808
116.804432,120,678.162822
64.652867,77,678.231293
102.212103,167,678.383979
77.28705,91,678.607384
106.213562,121,678.715966
135.144221,137,678.839082
112.322818,112,678.938798
163.125536,158,679.229034
74.456041,82,679.301548
89.961191,98,679.388669
15.397227,159,679.531181
66.756682,116,679.779339
121.873383,133,679.898146
136.587323,141,680.023986
85.116051,90,680.103817
123.003579,120,680.216591
116.468843,134,680.477544
47.587986,209,680.662511
122.017317,123,680.774154
129.446349,119,681.021921
70.33386,74,681.087647
128.074753,139,681.210085
142.602917,143,681.337915
112.727371,109,681.580242
115.259758,123,681.689519
79.306899,84,681.764636
85.901804,89,681.844106
-26.505154,229,682.199139
73.10964,76,682.268209
116.872123,131,682.387133
106.07081,110,682.484124
116.299471,129,682.603744
210.71902,196,682.923322
120.189497,127,683.040085
93.79488,147,683.198354
91.832012,124,683.497553
102.773014,105,683.596664
107.247177,110,683.702258
130.486632,172,683.870516
63.427977,71,683.946213
115.268523,151,684.242921
121.746943,121,684.351905
105.848241,106,684.447967
52.163889,61,684.505598
67.082744,78,684.582779
73.909566,87,684.821279
135.274121,139,684.943979
114.952141,115,685.04626
85.459788,94,685.133541
94.234691,97,685.512733
103.748862,117,685.619601
61.826914,76,685.687998
74.408541,91,685.773345
96.026308,101,685.874204
106.272841,109,685.986074
89.990345,105,686.228855
83.079774,103,686.32063
114.969932,118,686.426197
130.8617,158,686.57726
118.97135,134,686.861892
70.645262,119,686.969616
104.916098,104,687.064072
126.35558,127,687.182372
73.821653,79,687.401763
136.694407,141,687.525552
204.427002,207,687.71292
75.020999,89,687.797881
88.225804,125,688.06369
70.275601,76,688.132472
113.492302,114,688.234802
155.966663,160,688.378448
86.513368,91,688.470268
151.250514,141,688.761111
18.708203,198,688.939382
116.223008,113,689.430656
69.459595,82,689.646761
122.763528,120,689.754112
112.582187,111,689.853505
95.025728,109,689.952994
99.00907,101,690.049004
90.392508,95,690.289003
103.736148,112,690.389428
88.984413,144,690.519333
101.700163,103,690.611416
-47.326784,110,690.890533
125.338176,123,691.012148
108.786404,105,691.111639
123.589361,130,691.228858
127.027913,124,691.346183
126.428116,139,691.611169
88.148909,89,691.691729
132.163256,142,691.83446
111.233354,113,691.957312
84.483701,91,692.208355
93.887941,103,692.303675
122.30064,126,692.420603
125.561201,156,692.567473
85.012783,88,692.655442
67.788374,75,692.862096
84.153126,92,692.945768
68.020984,81,693.01968
147.360326,170,693.171799
78.999004,87,693.255485
80.005254,86,693.476075
78.628818,84,693.551207
-36.406859,179,693.712809
111.267142,109,693.822314
168.062722,177,694.147734
121.682067,130,694.267062
74.78751,80,694.33895
80.025777,89,694.422001
105.6286,114,694.702669
119.1611,130,694.821425
111.920261,131,694.941423
110.796639,112,695.05697
93.958195,96,695.155388
110.981768,118,695.459886
90.118775,96,695.547851
138.876269,146,695.682654
87.699306,102,695.791233
143.194759,141,696.090964
145.200079,140,696.223109
132.859629,129,696.344134
76.301658,87,696.426881
145.546114,136,696.742733
82.598144,90,696.825068
98.699707,105,696.919124
87.001062,95,697.007591
86.24182,96,697.099402
144.326596,170,697.439263
82.476056,87,697.521337
-10.102072,209,697.715536
83.158619,90,697.805427
112.206182,119,698.14642
93.270322,102,698.238037
97.579946,100,698.327124
246.452971,246,698.758667
96.096125,99,698.847136
114.033083,126,698.959088
94.632614,112,699.061765
82.798493,86,699.149452
91.436444,96,699.445859
77.868863,82,699.520966
169.341049,159,699.666324
68.998809,71,699.729176
94.686893,96,699.823847
76.494325,89,700.131689
79.413821,82,700.206857
57.022665,67,700.26705
161.273934,146,700.397806
82.527625,89,700.485119
96.928674,104,700.589863
95.027158,95,700.840264
80.030046,93,700.924157
111.33913,113,701.025359
85.63932,95,701.111933
127.948633,121,701.229122
111.798886,112,701.491084
59.874218,71,701.554895
80.891832,88,701.632846
-48.768623,133,701.749661
113.029492,124,702.098046
106.863813,105,702.196395
110.867469,109,702.828089
-61.848434,132,702.948901
76.847019,86,703.026008
115.585109,132,703.329714
72.951163,80,703.400389
147.869187,141,703.52807
121.636718,117,703.63722
88.46168,111,703.750219
68.128457,75,703.990345
116.761227,115,704.094717
98.802229,102,704.185856
120.454322,120,704.295963
107.037503,106,704.401667
133.884324,138,704.722103
152.197467,162,704.865857
91.782787,102,704.960913
82.452293,85,705.044511
88.555377,88,705.290757
111.158138,113,705.390482
124.44645,122,705.499432
75.756798,83,705.57279
49.88042,62,705.631297
87.577485,95,705.875563
183.793892,187,706.043103
84.992089,88,706.12047
64.402235,69,706.182601
128.515839,136,706.312578
59.518588,68,706.526558
116.999564,113,706.626096
65.678814,75,706.693611
88.881749,125,706.80808
77.166304,81,706.888144
122.615555,156,707.190346
116.153818,124,707.302855
68.176725,106,707.399505
127.943351,120,707.511421
81.175265,95,707.790157
72.274027,87,707.868015
90.576627,112,707.968979
65.649121,75,708.036683
84.225126,87,708.115618
92.40442,97,708.21282
83.637992,91,708.487408
148.771113,156,708.639555
69.167601,78,708.710418
87.336376,94,708.798614
89.920051,102,708.900976
84.624285,104,709.195685
126.765513,126,709.307902
103.678528,106,709.402962
120.20045,123,709.520124
127.310603,132,709.832099
68.259728,75,709.898362
112.256735,115,710.000906
112.226108,114,710.102554
90.344461,94,710.194508
98.239011,101,710.470929
164.277869,219,710.666177
96.001553,101,710.755942
82.729122,88,710.844126
255.954585,248,711.246563
110.715164,114,711.347304
117.062696,115,711.452147
91.639742,98,711.740729
92.475244,98,711.82811
84.20086,88,711.907137
115.393455,118,712.01229
94.370906,105,712.112226
111.904711,114,712.420497
83.286712,92,712.503665
97.401194,106,712.598775
70.966637,79,712.668673
97.796499,110,712.77325
93.31724,95,712.867997
92.665746,109,713.133266
119.216288,120,713.241575
191.653161,196,713.419805
91.085561,101,713.696026
90.873354,94,713.779157
93.086537,95,713.863362
96.460585,97,713.949313
141.159636,133,714.070948
77.722794,115,714.369409
204.525993,183,714.531846
111.83542,123,714.641081
107.159646,106,714.74007
91.413547,109,715.033916
77.183767,87,715.113586
83.122691,90,715.195383
75.85876,82,715.269452
55.891819,64,715.327724
158.54413,151,715.923587
53.564177,62,716.128695
156.346708,162,716.27301
119.344979,117,716.376915
113.881053,112,716.480978
91.041133,93,716.761354
107.515504,117,716.864162
65.140752,72,716.92825
88.873273,92,717.011223
113.31278,121,717.125969
122.890835,123,717.409749
96.446556,100,717.498854
84.83681,87,717.576142
138.837561,176,717.734238
88.629395,95,717.828071
110.637225,112,718.090419
114.267174,119,718.194822
174.990284,183,718.355959
119.151967,154,718.705034
65.750069,81,718.776054
119.77801,124,718.885886
103.948355,119,718.99189
174.153943,182,719.33604
89.397639,97,719.422951
183.14884,165,719.568764
68.937315,83,719.642608
69.330593,75,719.71492
108.545647,130,719.980633
107.02133,111,720.079258
137.287698,138,720.202976
129.475871,128,720.318252
78.615935,85,720.540661
88.439249,91,720.621188
72.16902,84,720.696251
88.500773,89,720.776786
114.120487,110,720.874134
119.014103,128,721.258279
155.244285,146,721.389748
87.676514,96,721.47518
124.998499,127,721.596102
125.787914,149,721.939747
18.910144,127,722.054298
98.991293,105,722.150512
151.213959,143,722.282364
189.585101,213,722.647944
112.372935,121,722.755469
43.246276,179,722.928507
126.379186,230,723.314393
108.701396,108,723.409508
91.864323,107,723.504047
96.309834,104,723.599727
64.882349,89,723.916015
97.059741,100,724.00301
94.518425,103,724.095094
116.321108,115,724.199398
106.925201,120,724.31735
112.633845,113,724.608326
74.1046,77,724.676348
-160.814744,324,724.972314
78.142847,84,725.249993
141.045296,153,725.386296
127.135679,124,725.495258
84.456954,87,725.575948
74.926197,84,725.659954
222.396252,288,726.08962
70.48207,78,726.159986
102.743782,107,726.260457
164.54115,165,726.590646
111.396127,110,726.690068
118.939996,120,726.798749
81.062074,91,726.883856
98.029864,99,726.982508
89.368954,91,727.213625
82.222074,88,727.293925
81.767818,87,727.370354
156.554688,158,727.51337
236.524196,231,727.865275
142.061128,136,727.98514
70.938804,80,728.057016
108.560485,120,728.168808
97.936804,143,728.441431
88.435134,92,728.93821
94.744499,98,729.024509
114.200221,114,729.128218
107.706981,109,729.360395
61.082174,74,729.426152
119.32216,141,729.553339
141.657439,174,729.708352
123.251838,132,729.974847
81.721312,93,730.059016
111.924394,109,730.158799
127.141299,144,730.29084
80.497828,83,730.368906
139.920162,144,730.642354
138.657253,134,730.761271
65.053051,85,730.837854
73.040816,84,730.913211
65.280186,72,730.981785
83.192298,86,731.208015
78.639848,85,731.28676
162.982884,170,731.440282
202.757726,256,731.888932
155.817068,150,732.022412
192.280897,180,732.18354
102.121716,118,732.298861
68.59096,75,732.618321
123.790662,122,732.726056
133.459749,142,732.851134
91.219549,103,732.953802
188.888161,185,733.327168
111.709099,118,733.433057
126.506673,126,733.546785
114.457503,123,733.66402
172.261905,215,734.039763
105.99007,136,734.16325
71.691077,75,734.230622
89.548985,100,734.32755
74.990024,84,734.631752
119.022621,114,734.731516
92.537142,94,734.814314
62.332514,69,734.874959
81.987014,85,734.955854
81.352725,83,735.038357
134.350683,158,735.373539
76.121439,83,735.446855
86.763603,90,735.527052
145.863836,175,735.693825
119.430989,119,735.964179
91.264672,96,736.0496
84.538372,93,736.133569
67.847137,79,736.205287
-70.288738,163,736.362809
101.632418,107,736.624064
79.719415,85,736.701767
109.155055,111,736.802523
91.684683,120,736.912829
95.224709,98,737.185293
100.815852,101,737.276096
97.369167,118,737.38355
110.444929,114,737.487362
125.529925,120,737.60078
131.411605,140,737.958255
96.478216,100,738.047742
100.63421,104,738.140414
121.090857,116,738.261732
150.591194,154,738.602668
108.649658,117,738.706462
157.276983,157,738.844121
80.803684,83,738.919812
110.650472,110,739.182482
69.285618,74,739.248663
115.542915,120,739.355117
93.608232,96,739.440325
85.729273,92,739.523209
141.587027,231,739.978234
94.093576,114,740.079391
111.453185,118,740.184511
37.968179,206,740.592147
96.513896,100,740.680959
85.561724,91,740.762914
130.976003,137,740.888947
112.062569,111,741.002181
80.90378,86,741.275611
157.481586,157,741.417498
90.156362,93,741.502594
63.49329,71,741.569598
96.930592,103,742.034909
233.375023,211,742.380845
113.488407,114,742.481913
107.691759,108,742.577317
85.79239,87,742.66632
121.07045,124,742.93454
119.105867,140,743.058746
123.518176,119,743.165259
134.516717,133,743.28726
138.802148,133,743.575464
110.956254,114,743.677108
68.09614,93,743.760281
107.412325,177,743.925356
144.054286,143,744.248967
108.290841,127,744.361134
67.740999,76,744.428115
74.965339,78,744.501508
67.883219,73,744.572196
171.571204,174,744.908078
85.682626,87,744.98571
155.647522,148,745.118113
160.238842,171,745.422018
51.207179,62,745.477955
82.567967,85,745.555163
132.684112,128,745.668826
131.061616,130,745.786227
119.170691,113,746.034125
129.320852,139,746.157596
115.598061,125,746.270031
105.001817,105,746.364133
129.449315,130,746.642261
145.583064,134,746.763314
99.604074,103,746.85858
85.721271,92,746.942275
80.702619,86,747.021594
92.652821,101,747.263546
114.901901,126,747.379918
104.819575,111,747.479594
170.656293,181,747.642508
130.540617,128,747.901686
81.774778,86,747.978884
101.807147,121,748.088226
167.837007,158,748.229963
99.678484,103,748.465732
112.485943,114,748.568065
65.440333,73,748.633561
125.459494,124,748.744827
99.374511,109,748.842263
70.502924,102,749.082024
101.707718,101,749.172893
121.308016,130,749.290413
106.9286,103,749.383692
141.096342,140,749.51901
166.747493,161,749.818146
89.500904,97,749.904948
78.706588,82,749.978761
108.182921,112,750.078981
125.781075,125,750.341071
78.555758,79,750.41213
129.456699,138,750.534066
91.651958,89,750.612498
118.215047,115,750.720187
79.298296,91,750.952803
94.80854,99,751.040119
159.150385,151,751.177009
133.85014,127,751.292545
99.521655,97,751.551845
210.14039,190,751.724932
110.904641,109,751.821904
134.084913,142,751.956468
87.117019,121,752.212231
86.995083,94,752.298374
109.747763,109,752.396978
99.728045,107,752.492316
140.545022,132,752.61851
116.771768,109,752.858299
104.834725,102,752.950213
193.381018,178,753.111788
96.49419,117,753.224458
101.531851,103,753.457975
109.304106,110,753.555524
62.131681,69,753.616946
77.877726,83,753.68996
156.872676,174,753.992661
133.158723,131,754.112355
158.774684,144,754.515377
112.265716,125,754.626458
89.309866,90,754.705723
138.223216,152,754.977341
96.753218,103,755.069241
86.483311,94,755.154382
56.920525,88,755.233698
101.378447,101,755.481255
110.140589,123,755.593643
102.179311,102,755.685585
145.889414,134,755.806314
104.129266,98,755.899526
162.308248,158,756.182898
41.664287,110,756.280829
141.271936,154,756.41856
82.091402,85,756.498167
102.269066,104,756.758542
151.155837,147,756.893253
54.996112,71,756.958862
63.930114,74,757.027105
96.079615,106,757.131318
126.22467,127,757.395196
87.762089,95,757.482059
64.224763,74,757.550337
109.090455,127,757.665638
81.223595,91,757.751569
137.70773,138,758.017732
228.361214,207,758.20236
86.71301,91,758.283699
91.073672,93,758.371961
76.107778,89,758.59456
66.053246,77,758.664818
77.968136,83,758.739054
210.569679,211,758.926592
99.657771,98,759.161228
88.607071,90,759.242921
106.597315,105,759.336133
66.903559,72,759.399125
114.225634,110,759.498173
93.475586,110,759.604102
122.654468,132,759.86565
162.250126,171,760.023062
219.47829,203,760.218163
79.067204,85,760.454528
121.078904,127,760.566817
92.037958,100,760.656262
101.51506,105,760.74966
108.489968,106,760.855581
146.953241,137,761.136121
133.396346,129,761.251299
135.176746,130,761.368284
167.439073,168,761.68347
167.848827,177,761.842981
151.700352,166,761.995167
67.537802,77,762.071236
177.307135,175,762.388231
106.470045,109,762.487587
108.283107,110,762.587378
88.724274,92,762.67253
90.35974,94,762.92013
133.060354,126,763.031205
122.155456,126,763.14344
92.050278,93,763.224786
153.789225,144,763.359743
92.113806,93,763.596425
111.743056,118,763.700784
104.815026,111,763.799103
88.308213,91,763.879254
74.580288,81,763.95648
165.463403,153,764.251183
177.378367,176,764.408841
118.413611,113,764.510109
162.328427,152,764.797958
105.807613,109,764.896572
184.170937,172,765.050173
100.093753,117,765.158076
59.670618,69,765.36306
117.595142,113,765.465772
106.39849,105,765.56116
104.323066,114,765.664006
62.730757,74,765.728914
95.185879,116,765.997204
198.727415,182,766.162469
85.193008,93,766.247827
106.953808,110,766.350003
223.404947,228,767.200577
129.045489,127,767.314519
83.16733,88,767.393162
119.781824,122,767.50703
99.955684,100,767.739406
150.808174,144,767.867607
84.63134,92,767.947879
106.611186,104,768.039452
71.979953,82,768.114677
147.020366,141,768.381786
116.072752,122,768.491269
75.907854,80,768.562505
106.573203,112,768.663672
150.154986,138,768.934412
125.77031,123,769.045127
96.588478,97,769.140802
189.125542,244,769.365732
84.184385,92,769.58792
106.410964,107,769.684129
84.37203,86,769.760348
70.82399,80,769.831819
104.836224,105,769.930234
102.010423,109,770.176237
71.844263,84,770.251084
119.221439,117,770.353372
92.618063,90,770.434283
114.276661,117,770.544016
72.210974,77,770.757003
102.574382,112,770.856514
119.381545,147,770.989372
87.867414,97,771.076743
57.665368,69,771.144021
74.17901,77,771.370848
68.282546,82,771.443867
228.220303,238,771.65805
228.744608,210,772.014412
176.786619,178,772.173776
166.653728,157,772.31467
79.315109,83,772.394463
81.619335,88,772.637299
102.006335,113,772.737879
154.879145,247,772.960987
117.845375,115,773.073551
148.188865,142,773.364739
94.600637,98,773.451547
-21.828428,176,773.608249
127.880564,131,773.877254
116.368286,128,773.991181
143.355332,141,774.120213
112.638781,121,774.228777
115.202277,117,774.508216
61.782097,69,774.56865
139.730402,136,774.689883
93.29959,99,774.77793
143.392777,149,774.920864
134.647309,135,775.252965
93.325014,97,775.340935
68.182497,76,775.409266
116.157505,114,775.517792
99.414062,101,775.619332
140.090137,146,775.894537
160.582619,166,776.042906
111.948712,121,776.151222
169.13556,177,776.459365
116.452098,113,776.562803
81.179016,90,776.645137
207.90339,224,776.855417
84.211922,94,777.08082
114.326323,121,777.1927
107.931065,119,777.300238
130.353777,125,777.412735
144.421323,142,777.685069
150.004685,160,777.828255
129.3299,135,777.948523
81.702525,84,778.026751
135.976701,130,778.285244
101.316344,103,778.377243
153.465353,164,778.52271
130.680822,140,778.651898
95.302343,146,778.919339
128.209988,126,779.601141
176.297991,167,779.753546
102.477593,118,779.994712
96.113931,101,780.085886
188.931998,182,780.248969
133.000612,134,780.369825
122.316333,137,780.636733
121.593831,130,780.752407
207.409595,204,780.935201
124.306925,123,781.190247
111.757223,112,781.293663
66.372364,70,781.367488
81.440414,91,781.450307
129.073478,127,781.56555
115.073128,109,781.808252
69.320862,74,781.875193
175.995124,166,782.023421
94.781569,112,782.124844
78.668167,82,782.199747
179.550706,192,782.518159
98.494345,106,782.613978
158.123539,154,782.751881
116.09227,119,782.863034
52.891467,61,783.062047
106.634236,106,783.157185
111.735282,114,783.259728
150.184828,147,783.391967
113.132277,108,783.635922
130.217223,134,783.757369
88.956498,144,783.8875
113.314403,115,783.989827
110.280964,104,784.092083
80.201957,89,784.310747
143.48281,144,784.437513
59.610233,66,784.496482
142.551247,151,784.633787
131.59529,133,784.895819
118.596152,188,785.064253
92.203016,93,785.148541
86.220543,90,785.229915
95.499267,94,785.460926
149.554839,172,785.614959
155.852182,159,785.75722
143.546935,137,785.884534
142.532827,157,786.166457
289.801574,286,786.428101
106.944016,105,786.672688
112.322043,109,786.771696
97.102155,102,786.865289
173.495678,164,787.013505
117.4798,124,787.134793
65.657415,71,787.338968
97.450022,105,787.435667
71.575155,77,787.506689
128.096066,124,787.619932
101.119456,101,787.716423
131.855018,150,787.99349
73.112479,76,788.063544
134.53078,135,788.187639
77.156706,81,788.261255
121.271893,136,788.529201
100.275508,105,788.623361
83.949655,90,788.703333
114.207271,114,788.804017
67.342509,82,788.876275
125.218382,123,789.134536
83.503218,88,789.213983
114.592485,114,789.317821
70.727667,78,789.387852
122.513687,115,789.492463
90.930331,92,789.720188
107.66226,106,789.81504
131.956798,128,789.929854
142.494599,137,790.051178
93.792966,96,790.141567
103.274908,112,790.385951
190.967701,179,790.547143
99.718195,105,790.642056
77.253762,85,790.719493
237.030498,227,791.096406
142.123093,176,791.260265
85.72368,97,791.351702
177.812166,177,792.281336
72.849563,88,792.360699
139.581544,135,792.481063
72.740224,79,792.550364
-29.872639,188,792.869702
115.33799,113,792.973468
74.929351,79,793.045909
102.175944,103,793.137343
111.567348,113,793.244887
172.561075,157,793.531695
143.35641,143,793.659789
144.833377,141,793.785289
73.98832,81,793.865283
189.911766,200,794.186838
176.300757,166,794.335943
229.077651,243,794.701718
61.400809,67,794.761869
174.066739,165,794.908424
114.744874,115,795.010449
73.33125,80,795.087826
103.23405,106,795.326122
187.874967,180,795.492124
180.905474,176,795.654972
96.143352,103,795.892213
130.10545,132,796.012078
106.781782,114,796.116054
98.028679,99,796.205595
158.660737,164,796.497096
107.567255,103,796.588459
156.432091,146,796.719384
101.480614,105,796.814826
133.35265,138,797.091402
74.663169,79,797.165485
72.359336,77,797.238244
92.912118,95,797.326608
113.2528,122,797.439044
116.652727,120,797.561514
125.196777,137,797.828192
167.371095,155,797.970102
162.349675,184,798.142652
109.898016,111,798.38595
109.830665,111,798.486785
77.791943,125,798.598071
86.624836,90,798.679226
118.714148,121,798.935254
153.271311,148,799.069448
94.385738,102,799.161793
163.834552,172,799.317687
94.439389,99,799.54974
75.105217,80,799.621766
94.677561,102,799.713236
81.32093,91,799.794353
98.12119,103,799.886621
88.713251,93,799.976108
113.65741,112,800.218939
117.609244,126,800.331486
103.95034,105,800.428528
48.844142,58,800.480739
169.168819,159,800.771307
85.832162,106,800.868165
126.485006,132,800.98672
186.98429,171,801.13953
156.321225,146,801.415316
84.973156,88,801.494858
96.67402,103,801.587768
86.108081,86,801.663921
162.217939,165,801.819786
156.050081,154,802.104987
82.286097,82,802.18267
112.546519,109,802.286281
234.615855,217,802.637773
134.39376,148,802.78023
122.751854,145,802.923993
164.086318,178,803.266035
168.417571,170,803.421094
121.352246,116,803.525212
207.22739,191,803.704194
83.287771,88,803.954034
81.800397,102,804.0444
90.238939,100,804.683002
157.547438,160,804.832389
115.633221,120,805.095742
101.576687,102,805.18823
154.640828,159,805.330589
113.723854,114,805.435235
160.334414,163,805.74768
130.219439,130,805.862906
177.551881,169,806.016384
159.260949,171,806.435451
111.049494,110,806.538996
128.613667,133,806.661117
181.783995,184,806.848022
174.044045,166,807.208008
193.647047,204,807.38956
89.062883,109,807.4918
95.038113,129,807.798619
96.325374,120,807.905376
199.878365,201,808.084362
169.570939,163,808.24284
76.430719,93,808.500284
189.501522,184,808.663587
103.721001,102,808.753556
97.739861,99,808.847426
39.109532,211,809.208196
195.379628,186,809.372085
159.723458,152,809.519821
147.491389,143,809.797486
111.501504,106,809.892227
89.415052,92,809.974442
113.496475,109,810.074571
220.782745,200,810.400084
171.944825,176,810.558093
72.118996,80,810.629239
102.888867,109,810.734237
127.645902,182,811.033483
140.961353,156,811.171777
123.541313,142,811.304558
124.241164,122,811.559528
90.958482,93,811.643121
187.689398,197,811.819695
97.399883,98,811.912825
81.840356,87,812.139323
197.54041,212,812.333655
74.794234,80,812.406243
88.530717,93,812.494523
127.998156,138,812.772089
122.994402,138,812.897102
108.7938,121,813.006728
114.440863,123,813.118431
72.744159,79,813.334155
183.005433,204,813.516619
155.481631,146,813.648845
108.642517,109,813.75074
160.082275,156,814.034385
92.693612,90,814.116551
51.267446,63,814.173591
77.163559,80,814.244713
169.277684,165,814.400316
117.190136,128,814.653606
118.50101,119,814.761473
142.648856,139,814.886133
176.286479,163,815.180812
155.190483,164,815.327102
59.091452,63,815.383616
109.452857,110,815.484063
167.556936,169,815.784349
93.853444,94,815.868983
120.121814,149,816.003631
154.572684,146,816.135605
96.051213,107,816.381952
143.312772,133,816.503061
136.302977,142,816.631745
153.986789,154,816.774187
138.253466,128,817.623784
103.781706,106,817.717981
69.972732,76,817.785714
195.910571,209,817.976894
71.494176,74,818.188661
145.899314,140,818.313942
70.378588,75,818.381319
124.022955,127,818.494835
76.666068,82,818.569705
73.098108,84,818.920239
133.798402,140,819.043687
72.35185,77,819.112894
93.501178,105,819.210216
100.175116,104,819.313019
159.191827,162,819.6078
-97.217733,163,819.752821
141.974625,137,819.87415
67.566691,74,819.940432
65.847523,72,820.150564
92.281209,120,820.257854
88.4904,90,820.338834
109.206228,110,820.436612
83.028313,88,820.513835
103.03367,120,820.76501
63.244826,71,820.829317
86.578503,92,820.912052
59.051298,65,820.97009
146.513705,146,821.103637
140.360818,131,821.373766
131.189905,134,821.498693
89.928705,96,821.588385
104.233782,105,821.685402
84.431272,88,821.768525
99.969839,105,822.033072
71.562908,75,822.100012
133.20593,136,822.222399
154.724194,156,822.361907
161.118475,154,822.647989
116.539016,114,822.751175
65.011481,78,822.820732
100.911141,100,822.909353
78.034637,81,822.982287
45.362341,56,823.035958
133.002133,135,823.29622
128.155668,127,823.409174
85.251268,86,823.48597
98.057446,96,823.571714
107.449287,133,823.837568
233.826058,211,824.025273
176.614437,162,824.17302
109.258393,118,824.43908
139.55407,148,824.572833
142.799528,154,824.709785
112.408293,117,824.815758
151.945646,139,825.08646
87.511161,89,825.166996
114.809074,109,825.264556
136.390283,143,825.394508
82.653257,85,825.476933
120.387112,119,825.726341
86.657275,96,825.81258
168.931651,155,825.950264
137.882987,142,826.084314
166.027136,171,826.384236
103.838841,101,826.47729
151.931653,146,826.608006
108.247144,108,826.708491
63.743037,73,826.915148
184.50509,172,827.074592
82.812548,102,827.169142
69.036769,79,827.240818
169.631964,158,827.529739
170.730861,162,827.675151
138.666231,131,827.793566
130.162953,128,827.911953
172.837818,168,828.204662
98.804808,103,828.297813
153.217606,162,828.444334
168.348422,170,828.748914
178.382813,165,828.897719
191.821277,188,829.07345
121.397579,120,829.332155
59.862678,67,829.391489
92.348413,100,829.48205
178.447072,169,829.988382
92.858735,95,830.073368
85.765517,147,830.358615
111.402093,117,830.463849
225.270339,200,830.641363
135.789948,131,830.917654
123.362966,122,831.02728
154.781071,160,831.168984
121.988862,113,831.268858
95.518692,98,831.36464
60.927126,70,831.573402
121.253932,122,831.685411
273.011596,273,831.936273
122.218035,116,832.187193
122.848776,117,832.292742
101.634575,108,832.400093
128.956107,120,832.51008
159.047662,154,832.806278
69.906499,78,832.876133
122.665697,124,832.986915
152.742502,144,833.118021
87.319499,94,833.211005
219.287755,221,833.559914
116.110815,118,833.665869
128.143988,139,833.794924
111.664472,125,834.063283
97.360492,105,834.15887
64.281647,71,834.222943
112.375216,119,834.329824
258.730972,231,834.689865
118.51812,119,834.796772
211.27512,230,835.001451
97.503848,103,835.248923
106.075694,109,835.348801
122.88149,132,835.468196
164.868363,161,835.614325
116.567257,119,835.86897
75.937231,82,835.943182
68.963613,73,836.010787
151.968857,170,836.165893
109.02029,108,836.26751
116.505187,145,836.541361
71.718369,102,836.633656
181.952199,167,836.786376
110.150428,119,836.900645
164.744117,156,837.185388
158.078856,153,837.323432
61.397814,74,837.390178
95.537007,96,837.478743
76.517593,81,837.69798
124.21151,123,837.810493
133.001995,130,837.930811
110.75915,147,838.065164
86.782158,94,838.295197
105.11517,112,838.39455
208.205597,194,838.570122
107.390265,103,838.663207
62.132155,69,838.731531
134.514328,129,838.994932
106.94049,111,839.095813
144.347454,158,839.238895
198.694455,182,839.582108
129.96132,122,839.689909
66.945365,70,839.752073
136.622876,133,839.870603
176.398917,171,840.218572
136.993674,133,840.337783
116.138226,114,840.439465
111.539882,116,840.545006
1.619343,179,840.916901
124.389893,119,841.022966
231.273641,253,841.261194
53.284808,60,841.323317
81.13067,87,841.600769
125.6222,132,841.721275
96.41979,97,841.808264
142.226837,134,841.937021
84.964129,92,842.188449
114.106482,119,842.627138
81.346755,90,842.708665
120.596783,133,842.828336
72.887975,81,842.901704
118.569282,117,843.204088
175.773917,169,843.356568
90.438588,96,843.44314
188.519012,195,843.630332
101.683907,133,843.955935
148.396876,146,844.0874
173.832245,165,844.242102
193.73329,188,844.593743
85.764069,92,844.677357
98.48086,103,844.771001
126.164759,123,844.886715
244.346809,224,845.24695
119.765915,116,845.349539
98.004877,108,845.446802
90.645304,96,845.535092
181.47137,169,845.873075
141.363572,134,845.993581
149.638639,143,846.122084
138.078447,153,846.471656
63.700932,69,846.534996
182.237093,170,846.691566
164.953226,197,846.880783
88.673315,89,847.161605
87.220035,97,847.249407
129.440471,125,847.361737
127.005381,123,847.473094
157.979152,148,847.795744
148.298022,149,847.931393
96.75307,162,848.077334
159.36763,199,848.446766
287.74978,289,848.704957
287.548147,277,849.125801
217.066477,212,849.320216
151.329687,171,849.483017
101.007322,103,849.738181
120.671428,118,849.844915
159.517801,153,849.981809
103.147478,118,850.093706
171.770085,162,850.39723
85.828851,153,850.535463
95.845993,94,850.619255
166.076309,155,850.763592
73.53362,78,850.97427
160.219092,144,851.104279
115.890358,115,851.20796
78.590603,88,851.28726
146.117986,141,851.564119
162.14114,150,851.697886
94.908089,95,851.782544
108.479328,108,851.883009
105.977948,104,851.982414
168.511731,187,852.295545
120.845727,115,852.400576
141.358277,146,852.532224
100.531514,108,852.776109
182.892252,177,852.946797
-13.818333,95,853.032927
99.052809,105,853.129437
118.927475,114,853.242974
87.479738,87,853.506766
68.551697,74,853.573248
92.344344,102,853.664777
108.466866,105,853.758111
136.612657,132,853.885319
-41.689579,189,854.260054
128.793712,125,854.373409
120.827719,116,854.482413
75.479002,83,854.566902
96.995016,123,854.858799
85.942315,92,854.940678
105.29819,109,855.466533
98.03175,98,855.561502
76.769577,95,855.6479
88.726446,100,855.934099
108.883743,110,856.031362
116.003907,116,856.133589
80.723495,84,856.214214
155.531627,148,856.584138
134.193781,131,856.701666
132.68997,126,856.815061
72.28715,77,856.887512
103.834581,112,857.000334
104.825555,103,857.261337
91.017366,95,857.34959
175.438879,169,857.511072
45.954361,166,857.695271
121.585624,129,858.03641
114.047672,112,858.139364
87.290825,98,858.229573
123.815672,125,858.355457
172.887467,163,858.700083
149.798998,136,858.823287
127.928677,130,858.940868
139.150572,157,859.240596
131.906428,129,859.357362
141.846638,136,859.479853
79.012877,86,859.558091
120.06406,122,859.674543
105.13888,109,859.914511
45.353824,54,859.964032
88.317105,95,860.050047
117.685483,121,860.160022
68.228785,75,860.22806
197.639912,186,860.542824
93.12366,103,860.63654
113.829808,114,860.741719
129.659408,125,860.856727
231.726691,224,861.20736
112.0054,108,861.307682
160.265385,152,861.446561
145.03978,142,861.725249
138.123932,174,861.886228
65.990198,81,861.961567
160.359879,157,862.106591
121.66182,115,862.352823
86.557631,91,862.434679
155.186876,149,862.569257
100.05148,100,862.659814
143.084123,138,862.93118
107.019755,104,863.026206
133.071586,134,863.145823
75.463148,81,863.218617
93.319431,99,863.307711
146.768888,136,863.575682
96.132964,93,863.660252
128.965061,132,863.778956
144.793115,175,863.943557
181.195053,169,864.240332
132.499208,123,864.350818
62.083075,71,864.415056
139.512384,131,864.536176
190.365644,222,864.88984
136.166706,135,865.014211
145.064064,167,865.175258
105.712814,105,865.43073
152.382152,143,865.560973
97.696059,102,865.653365
90.382766,91,865.735349
145.057292,143,866.045392
241.32616,228,866.252854
131.213311,137,866.37585
135.780923,136,866.659457
195.158996,216,866.856116
116.049707,121,866.96723
166.876756,156,867.119208
85.90388,89,867.41854
111.043445,107,867.515962
72.667401,79,867.586813
136.734433,129,867.712484
184.739606,199,868.501897
113.003953,111,868.605991
30.235147,129,868.725005
46.465032,56,868.77606
109.380815,109,868.873698
61.38207,72,869.104126
117.245111,118,869.212647
128.597221,124,869.323939
92.863132,116,869.429138
188.804023,181,869.771533
170.031244,175,869.92802
83.137227,230,870.143163
171.926209,164,870.442283
138.831517,137,870.564817
192.116255,171,870.723775
127.523529,123,871.028788
36.675545,211,871.222369
127.024385,124,871.337086
90.640842,95,871.434126
86.059577,89,871.670845
150.078347,165,871.820369
96.949206,101,871.911253
103.17716,105,872.009124
138.441852,136,872.291935
134.779672,148,872.424406
184.94058,166,872.572285
103.017687,115,872.681923
146.24705,177,872.999579
101.156093,102,873.091533
145.18628,135,873.213507
111.641724,107,873.388739
16.722918,80,873.6186
94.504863,96,873.707117
164.730924,154,873.84839
123.091828,116,873.956098
135.561402,132,874.233985
157.050294,150,874.369012
161.221353,147,874.500973
124.849133,122,874.615238
155.907296,155,874.913407
153.18807,150,875.047921
176.587343,170,875.201682
112.383623,113,875.452137
111.770064,112,875.551504
127.640257,119,875.657461
145.388756,205,875.844279
142.994998,135,876.109117
78.60969,85,876.184484
142.076299,132,876.302164
85.294354,98,876.390807
124.329983,128,876.65568
76.924701,81,876.728305
116.136201,125,876.84146
142.976285,136,876.963942
132.481627,123,877.082158
188.990686,186,877.405492
156.889696,162,877.550563
111.013577,123,877.665242
98.28355,95,877.902198
87.780978,88,877.981996
145.140157,143,878.112139
91.614337,93,878.195662
129.348938,126,878.315987
127.418183,122,878.572266
148.546377,145,878.707222
129.156208,137,878.831829
156.546586,159,879.123538
108.409384,112,879.223924
128.747256,122,879.333309
141.194216,131,879.452302
106.19428,104,879.555418
96.324247,99,879.789293
142.357236,139,879.916366
59.962933,66,879.976247
123.88086,187,880.153181
77.660079,95,880.380262
154.318561,153,880.517887
121.076769,130,880.634904
125.930699,131,881.064315
97.910226,109,881.298867
97.797666,97,881.387388
94.88341,96,881.475338
127.858487,124,881.589295
99.798108,101,881.688365
132.919976,131,881.947231
106.197912,112,882.050508
108.040351,115,882.154067
102.170543,104,882.250835
80.6723,88,882.482371
138.633629,135,882.605258
156.619963,146,882.737999
147.020797,145,882.868377
97.53858,96,883.10487
58.527915,67,883.165856
231.971876,220,883.366582
221.273234,269,883.758755
114.278291,118,883.866812
86.591,120,883.975778
83.795462,90,884.057534
68.094004,75,884.130328
70.084138,74,884.344307
113.074999,110,884.44292
178.440022,159,884.585472
87.287243,93,884.669789
137.833584,134,884.945134
145.83765,136,885.070052
119.763992,125,885.183262
108.648265,108,885.281213
206.751176,186,885.600845
73.355142,78,885.67297
81.442561,85,885.749537
56.446028,63,885.805824
67.509898,73,885.872316
71.645091,82,885.946891
114.608494,110,886.193193
116.390257,130,886.311149
69.623189,77,886.380161
104.1767,108,886.476819
84.546438,87,886.556434
108.359167,106,886.799481
141.286955,131,886.917218
150.455779,145,887.053061
60.752424,69,887.116355
236.990431,224,887.465765
98.335454,101,887.554185
92.070705,96,887.642303
127.851914,123,887.751193
104.310724,105,887.85252
127.426319,133,888.112368
102.02788,103,888.204918
126.109059,121,888.314214
164.551166,150,888.455712
135.913611,129,888.710823
153.82335,142,888.836128
170.430416,212,889.029905
123.224769,124,889.306005
157.013836,193,889.476717
128.581167,118,889.583747
208.862041,198,889.953322
68.92401,76,890.021096
84.836965,90,890.102391
80.043161,85,890.178166
118.202002,139,890.310172
105.802588,113,890.63796
109.132107,120,890.742395
199.737327,192,890.917187
91.171528,93,891.012307
123.407797,119,891.284958
168.443656,166,891.436016
198.470729,184,891.606249
82.218981,88,891.85413
141.793723,147,891.985585
224.209915,211,892.187456
101.895574,108,892.295379
126.619327,134,892.569816
151.673886,171,892.725144
242.813563,232,892.942132
93.011707,97,893.245236
196.254819,184,893.679837
155.051089,151,893.813277
143.613071,171,894.135433
75.685549,78,894.204425
149.769896,166,894.351214
134.137491,152,894.493327
102.354763,112,894.781827
211.401463,205,894.965482
145.032107,134,895.090753
98.446223,105,895.403907
131.137067,130,895.518121
105.350446,104,895.61066
87.018943,91,895.691279
128.492197,127,895.824138
77.991161,83,896.079468
165.561153,167,896.230176
156.980064,149,896.36674
131.272228,127,896.49068
141.041851,135,896.824756
152.068016,140,896.951203
124.957512,121,897.063025
187.901091,181,897.403166
82.370674,87,897.481191
110.947203,110,897.580276
106.807605,111,897.678974
100.192857,100,897.771902
110.840029,113,898.045503
93.612148,95,898.12993
124.555696,127,898.242192
150.795134,145,898.371155
138.89477,137,898.755366
61.637189,72,898.81885
109.314743,112,898.91765
100.762478,108,899.015055
132.626537,132,899.147132
148.169597,144,899.497216
119.298792,122,899.607103
80.448306,79,899.67837
63.053471,72,899.745126
93.913697,98,899.841388
117.663462,114,900.10502
136.517,129,900.218056
57.784509,67,900.277296
143.864465,165,900.426676
122.75814,118,900.694923
199.294627,195,900.871708
131.684948,133,900.994111
112.854003,114,901.106568
100.56867,99,901.342009
117.670247,120,901.451676
120.731719,114,901.554656
196.288817,187,901.727841
102.202637,101,901.962232
108.242995,101,902.055524
92.72013,95,902.144253
135.752001,128,902.259175
145.87484,144,902.534396
87.932424,99,902.624837
191.346285,174,902.779012
230.298185,213,902.978244
77.655652,85,903.194128
112.206732,115,903.298662
113.897998,158,903.438524
182.143708,168,903.74086
80.829556,87,903.819197
-7.708653,164,903.969728
156.725954,174,904.131203
153.835731,152,904.416457
103.450305,106,904.512923
73.590031,80,904.586175
121.324565,129,904.701658
120.501903,116,904.816241
159.073978,171,905.113747
88.211286,94,905.198575
98.871203,99,905.291255
136.845116,130,905.416289
99.758798,98,905.644
126.305544,128,905.758047
86.70857,86,905.835213
101.315924,102,906.405521
121.929102,123,906.52387
68.073386,69,906.7395
188.825844,189,906.916211
99.049866,101,907.011599
199.566655,193,907.337635
112.476518,108,907.432424
221.817432,301,907.705375
150.832513,145,907.982641
159.463627,151,908.119509
103.77048,105,908.215355
172.177029,163,908.370755
-28.790443,159,908.657907
158.161913,154,908.798223
193.149666,186,908.971797
169.627513,159,909.256311
75.247312,78,909.326903
98.576163,98,909.415337
160.164627,155,909.560928
95.871273,94,909.790975
208.13157,199,909.975002
132.828561,126,910.09778
76.201943,78,910.170023
143.453647,156,910.474857
115.810423,113,910.575447
119.674607,114,910.676455
156.768283,141,910.807415
122.00454,122,911.073477
96.403523,96,911.161222
166.587031,151,911.298346
148.643716,137,911.427066
115.914194,124,911.715762
79.734218,88,911.795379
92.127101,96,911.882202
136.347319,144,912.015939
73.533193,78,912.095765
214.486327,226,912.536128
196.613049,188,912.713942
132.041347,136,913.120113
80.042712,94,913.204968
193.833684,193,913.377548
103.698074,103,913.47975
59.254226,169,913.787567
88.324129,97,913.877189
168.480449,183,914.044417
52.695444,67,914.105309
83.751148,91,914.193147
212.697805,196,914.512987
86.941754,90,914.594301
91.491964,97,914.683355
99.203066,104,914.778842
88.27307,94,915.008531
64.083283,74,915.075512
130.053363,135,915.198531
187.299483,176,915.358602
108.731367,116,915.615443
97.724284,110,915.717085
212.270414,187,915.885891
162.528735,167,916.04333
88.791231,91,916.268842
73.480705,80,916.343167
250.744303,244,916.568087
170.166341,179,916.879601
247.272557,233,917.092198
71.323242,78,917.162313
276.391202,246,917.529882
121.177471,122,917.641164
171.152484,173,917.796164
142.833585,145,918.093655
134.386802,137,918.215762
162.848003,161,918.359484
110.534047,111,918.463751
228.496971,261,919.333384
192.869911,182,919.495695
173.04156,164,919.776589
61.134319,67,919.836448
263.372343,283,920.09418
105.166757,107,920.196537
120.923938,119,920.446172
103.711791,104,920.540998
148.774419,135,920.662099
48.7817,57,920.712948
113.429662,114,920.822314
129.570404,131,921.08263
76.728574,80,921.155712
67.391155,72,921.221037
70.090176,71,921.285918
137.889097,137,921.414505
137.520894,128,921.669474
67.391393,74,921.735898
195.25152,187,921.903109
-50.319564,282,922.309556
125.828781,118,922.417802
170.277383,157,922.563151
115.97078,109,922.808749
79.573841,84,922.887315
92.163764,94,922.973966
121.210981,120,923.082708
174.342727,175,923.245561
105.884472,108,923.484498
67.78137,74,923.550773
196.190599,199,923.729811
212.61558,209,924.064632
260.693957,229,924.2717
93.62746,95,924.358122
99.411118,100,924.450582
62.048001,70,924.657897
108.146669,105,924.753138
199.681075,187,924.922734
192.108991,191,925.102939
200.616873,183,925.408096
95.780923,100,925.497612
168.396926,160,925.641263
117.985127,121,925.895003
109.041683,107,925.993035
129.63141,124,926.107466
89.898188,94,926.194943
125.328403,120,926.310306
159.548555,145,926.588183
170.879006,161,926.73422
20.264153,156,926.88344
127.040495,132,927.151592
117.486765,116,927.257
60.530923,71,927.322743
95.834786,99,927.412856
121.057947,116,927.5218
96.685148,102,927.755155
155.094984,147,927.886282
81.42357,87,927.965335
162.858461,155,928.105654
163.049505,160,928.391816
63.085907,72,928.456496
76.688592,77,928.526452
205.912709,257,928.764472
129.933691,124,929.0215
180.997602,163,929.173192
191.16468,182,929.3409
191.758944,174,929.641552
63.304504,72,929.706006
116.687058,110,929.805105
138.9572,134,929.927336
105.74604,109,930.171985
114.84909,111,930.273946
162.553016,156,930.411852
78.249563,81,930.486058
134.805291,129,930.609256
71.911373,75,930.814049
94.955586,94,930.899101
92.589288,94,930.984164
157.153028,149,931.54646
146.728961,145,931.821204
118.913036,116,931.927315
83.893307,83,932.00432
85.471191,85,932.083654
124.730406,128,932.205101
91.831576,94,932.434433
227.542797,218,932.632265
149.203707,509,933.251559
88.356699,87,933.331699
156.19494,153,933.479654
181.940756,182,933.784556
167.801705,157,933.928065
126.574051,143,934.061381
133.51669,133,934.32547
131.225264,252,934.550047
79.800768,82,934.625382
89.110442,94,934.716183
121.365095,125,934.967789
80.637974,86,935.044665
173.018375,160,935.18726
88.109709,90,935.270381
100.937726,103,935.504736
156.899382,148,935.638437
116.32379,116,935.744218
212.880272,206,936.074147
174.423759,159,936.218967
169.253336,163,936.367251
177.880031,159,936.515809
98.851115,97,936.832555
-32.371109,108,936.929723
75.723567,114,937.03073
135.88184,132,937.161091
93.522846,98,937.441352
57.419899,67,937.502019
202.849252,192,937.675934
138.155942,144,937.808376
93.828223,100,938.158433
202.609073,187,938.325807
263.418136,243,938.559655
185.200998,168,938.888278
125.583384,127,939.004855
77.333706,80,939.07727
161.919052,191,939.263585
76.788871,81,939.50755
98.753435,102,939.59922
57.5432,65,939.656983
93.736735,98,939.744971
138.250319,136,939.873559
127.920261,129,940.183578
138.276939,134,940.30187
100.903512,96,940.386777
126.177476,126,940.504839
177.852673,164,940.799638
94.982883,96,940.885519
108.615873,126,940.998313
229.121981,202,941.184529
109.614445,116,941.428499
115.651038,141,941.557203
100.291004,100,941.648447
152.189471,141,941.78337
176.481382,181,942.091267
59.484258,65,942.150599
163.82776,163,942.29593
172.175824,164,942.589199
119.053926,130,942.705124
89.391058,87,942.783671
124.875449,123,942.893475
95.274602,98,942.986417
133.027205,141,943.253732
75.963997,78,943.32335
83.363827,86,943.399983
164.640443,169,943.553304
64.074208,74,943.762576
122.453777,120,943.869243
66.832462,73,944.37193
111.117769,107,944.468638
142.165714,140,944.594172
214.531938,199,944.90825
109.642792,104,945.001588
212.894966,199,945.18335
137.644863,134,945.451237
57.284077,66,945.51193
117.000368,119,945.6204
100.057702,102,945.711209
104.31161,102,945.803789
134.004002,134,946.069378
228.767879,222,946.273014
80.596373,82,946.347509
71.223635,146,946.628284
104.2266,107,946.726364
104.708413,101,946.81721
236.258107,237,947.037755
68.408104,79,947.254279
100.643552,97,947.341733
104.606531,110,947.440588
112.838873,119,947.548512
227.08072,204,947.874845
92.574309,103,947.966621
57.711835,210,948.156493
129.883845,128,948.277388
141.63279,145,948.549408
98.468633,109,948.647069
82.893393,83,948.719798
90.524745,92,948.803717
56.15232,63,948.862461
142.855235,153,949.173382
143.671552,166,949.323781
161.624196,152,949.461409
167.041259,177,949.786304
406.11762,367,950.120978
75.041818,77,950.364159
195.360982,189,950.537177
104.249992,103,950.633063
153.246383,154,950.783005
135.986494,126,951.046812
68.266967,72,951.111526
125.623681,120,951.218458
159.681583,151,951.352671
105.557721,105,951.59276
159.558147,151,951.727938
247.889153,231,951.939143
123.703137,124,952.061221
133.690817,130,952.320529
88.866975,88,952.400204
155.857929,175,952.559392
139.992513,136,952.837479
162.474876,151,952.972228
110.641287,109,953.070219
120.760291,120,953.177716
90.800171,92,953.266723
68.832757,73,953.472858
67.108136,70,953.535289
61.19467,66,953.594147
87.227472,91,953.674853
75.800624,86,953.7502
272.510374,237,954.106643
107.930799,118,954.212666
94.15898,101,954.303667
84.260126,87,954.379778
63.431373,69,954.444187
-55.620672,176,954.745849
181.5841,163,954.89065
162.914029,151,955.027122
-103.44937,175,955.330201
134.377499,129,955.447706
110.706623,115,955.550856
124.185227,132,955.676005
11.2132,89,955.896883
66.622393,72,955.96269
324.036167,283,956.221048
100.734278,111,956.938722
90.648384,91,957.020296
93.842053,99,957.11212
76.400067,76,957.182334
120.817945,116,957.287623
183.784545,186,957.607363
223.208996,201,957.791288
139.148802,145,957.923496
201.770815,178,958.229532
193.647818,180,958.392071
69.143786,189,958.56187
99.086062,96,958.790646
63.441379,70,958.853275
110.428819,106,958.94915
109.703024,114,959.050587
172.536372,163,959.202581
112.724999,127,959.461719
96.848489,109,959.561508
123.38934,117,959.66715
213.95746,194,959.990094
89.505207,91,960.071689
139.858123,263,960.309909
63.334286,70,960.373276
189.707909,171,960.675214
185.105108,167,960.825942
191.177339,199,961.004613
88.220324,96,961.232573
107.309124,106,961.328485
126.73833,125,961.44209
143.371245,149,961.577335
154.254095,190,961.898471
98.240697,98,961.987998
170.805731,240,962.228565
152.137642,155,962.518161
176.838083,169,962.66996
79.658212,86,962.747679
148.762056,136,962.874084
-182.783683,259,963.250549
243.23723,216,963.445817
68.784145,72,963.516931
136.151205,125,963.769615
113.296639,111,963.869774
95.432777,99,963.958622
139.687635,134,964.082154
151.624741,164,964.373707
107.401586,107,964.471553
173.662815,170,964.625723
202.191029,196,965.099629
84.250813,96,965.185378
110.538607,108,965.284618
143.769964,133,965.423536
57.592474,71,965.49368
233.653464,231,965.962196
75.717797,85,966.040232
82.131355,83,966.121478
274.900277,255,966.567855
160.448918,147,966.698116
95.230786,95,966.784255
83.268848,85,966.870493
105.218947,101,967.216498
126.136721,127,967.33391
81.537154,85,967.410732
105.788861,107,967.513052
96.760535,94,967.608289
100.723535,102,967.900789
131.157738,298,968.172508
108.025881,107,968.27771
91.113824,91,968.598335
237.200441,212,968.787055
73.340521,79,968.858023
130.289558,126,968.982146
88.550797,91,969.226754
104.96133,109,969.322965
96.730648,98,970.04697
127.978213,122,970.163027
144.68039,138,970.285889
112.144873,114,970.581418
131.779487,133,970.699115
84.962621,86,970.775127
84.064951,85,970.853976
120.221891,115,970.967866
76.686736,83,971.235366
129.149125,122,971.343765
129.207821,125,971.456441
148.860493,283,971.863923
229.574496,232,972.073845
86.83337,89,972.154142
171.452149,190,972.474452
192.539119,178,972.636807
135.799365,144,972.764854
217.718481,192,973.08282
126.023729,122,973.193835
177.051861,171,973.349057
319.215732,286,973.754352
103.589682,106,973.850797
162.066224,171,974.004456
90.861833,222,974.355129
142.826433,141,974.481604
137.97711,133,974.601613
105.176319,101,974.837649
191.652507,175,974.994364
63.812511,229,975.20325
46.628694,258,975.588748
76.91667,81,975.661381
119.243727,113,975.76261
82.060527,82,975.840299
110.10427,108,976.089943
121.890577,116,976.194342
138.693313,133,976.313534
131.23149,127,976.428451
94.882373,94,976.521625
96.779717,99,976.751527
66.564301,72,976.817744
172.331346,167,976.970868
227.06391,215,977.315208
109.435077,113,977.418121
102.211863,111,977.518828
79.559139,88,977.600802
129.328617,122,977.715882
88.259942,92,977.94019
86.169036,87,978.019554
252.133741,228,978.227793
34.941441,207,978.569903
86.159441,89,978.651456
168.229843,156,978.792015
154.054805,147,978.930167
70.829973,77,979.151682
91.034352,93,979.237394
159.096832,153,979.372329
111.144482,112,979.473491
153.278492,147,979.758569
81.581719,82,979.83617
160.606969,146,979.974236
151.789799,139,980.103094
86.538537,88,980.191939
203.536428,330,980.638094
158.760957,172,980.79971
69.864531,75,981.011432
132.053756,146,981.143124
76.61269,80,981.214724
94.989835,102,981.306437
69.784564,78,981.377673
138.007806,126,981.638321
136.752946,140,981.763928
71.874827,89,981.843868
165.694662,153,981.979404
68.616963,77,982.4871
148.426823,150,982.760088
167.055447,162,982.907366
61.769673,66,982.966841
79.011655,86,983.04779
152.263096,150,983.328166
172.172828,155,983.470659
83.458755,83,983.548023
124.175799,125,983.665159
208.698778,200,983.992666
140.056537,133,984.111267
202.141048,186,984.278893
164.710312,191,984.594762
31.385289,143,984.722477
166.000306,166,984.873666
136.598211,131,985.141216
163.616034,161,985.287455
145.837351,137,985.410719
150.966134,139,985.546547
165.044079,153,985.82707
32.616255,112,985.928607
123.839529,119,986.037835
189.249324,174,986.347201
86.708603,89,986.427236
161.692172,159,986.573014
123.899947,128,986.689305
156.738507,158,986.977092
287.825294,257,987.209848
136.902686,146,987.345249
254.738467,223,987.712373
149.756486,146,987.848395
145.273862,137,987.97701
164.718426,150,988.254971
202.936264,181,988.418257
85.466841,87,988.496753
186.260511,169,988.792718
97.112746,104,988.888054
116.098545,120,988.997237
94.603875,94,989.083057
89.183339,97,989.171644
129.819496,128,989.438116
124.947656,142,989.56632
-36.664703,207,989.754285
55.356001,62,989.813223
140.224519,134,990.082265
252.259868,290,990.342008
115.321173,124,990.460984
229.764013,214,990.796791
85.566317,88,990.876921
187.624776,263,991.262438
247.9142,241,991.482122
155.500781,148,991.61862
92.036863,98,991.859375
122.908775,126,991.978034
102.350127,272,992.229655
91.039953,87,992.319257
191.388397,179,992.626402
166.600522,199,992.809388
136.07269,137,992.939379
100.033192,101,993.170831
140.415261,134,993.292658
61.798171,71,993.358915
174.664734,185,993.532023
258.060062,240,993.89523
116.710995,116,993.99955
-6.81657,232,994.355255
49.305829,56,994.406228
107.950029,131,994.525831
112.20332,111,994.917353
90.245111,94,995.004587
161.515893,152,995.284726
158.822181,162,995.432136
109.059402,115,995.537046
184.612487,228,995.926398
161.545707,149,996.059162
152.471475,162,996.205002
64.273073,72,996.274143
113.595818,113,996.554454
183.909299,167,996.703475
161.352841,157,996.846245
56.728864,276,997.263752
110.372861,113,997.365194
102.353662,109,997.463272
88.019744,85,997.542694
122.140715,119,997.841674
160.362255,151,997.978905
110.483469,108,998.078047
188.805993,178,998.250144
101.588768,102,998.519772
225.806318,205,998.706542
111.050182,116,998.811917
118.384775,118,998.931541
96.963492,111,999.192618
168.1994,155,999.332203
-82.705883,135,999.455065
59.717561,71,999.528573
211.958039,190,999.879254
88.856306,92,999.962669
181.207722,166,1000.137941
69.385398,72,1000.211894
104.23804,104,1000.474957
127.778658,121,1000.582771
5.709986,121,1000.692903
152.889397,147,1000.832416
175.493668,166,1001.225851
110.803683,112,1001.325824
126.278719,125,1001.452258
158.804432,151,1001.601433
70.447156,74,1001.840616
110.480757,112,1001.94121
76.334394,83,1002.018028
136.575462,128,1002.135118
112.471598,117,1002.26445
135.900075,131,1002.551831
156.507394,156,1002.692825
129.816695,123,1002.803298
114.643151,116,1003.075893
154.614606,152,1003.214146
115.772704,111,1003.313041
221.974927,201,1003.503918
58.55331,67,1003.736275
156.003503,150,1003.87007
52.435296,61,1003.924901
213.033272,213,1004.121958
179.092367,192,1004.452268
163.905745,150,1004.584964
64.808442,72,1004.648776
73.167797,79,1004.719636
80.636321,85,1004.985635
231.173658,216,1005.181097
102.305627,100,1005.270489
89.198253,93,1005.357423
91.164593,96,1005.454259
126.243396,123,1005.736899
72.941418,80,1005.808452
135.341899,125,1005.920733
153.651794,155,1006.06748
167.587664,161,1006.39226
12.671748,268,1006.633483
158.880458,160,1006.980742
271.649284,348,1007.303802
121.245341,120,1007.922554
80.468406,81,1008.000244
174.065754,174,1008.157054
212.535457,205,1008.362781
74.677098,77,1008.631786
160.172547,149,1008.76749
141.16078,145,1008.896917
83.760688,86,1008.976774
84.61938,88,1009.069405
141.185309,135,1009.351108
186.358081,168,1009.520933
119.814759,113,1009.625499
99.622193,97,1009.731583
85.83595,89,1010.038104
75.481804,83,1010.116228
274.260813,241,1010.345479
102.582929,99,1010.446719
198.581241,186,1010.874631
104.61943,108,1010.970999
107.869356,107,1011.078945
182.27106,174,1011.399084
141.672566,132,1011.519183
103.29919,102,1011.612951
104.396175,103,1011.706834
83.093426,86,1011.791059
122.538937,128,1012.061979
149.839408,146,1012.195203
123.772706,122,1012.306354
134.57116,125,1012.423974
185.835508,197,1012.754098
245.671235,225,1012.95727
252.428024,227,1013.326448
169.742563,185,1013.492594
62.429837,74,1013.559229
72.273915,79,1013.631464
142.665884,136,1013.907522
251.694166,239,1014.128091
124.434596,126,1014.246285
213.809386,197,1014.573517
147.939418,138,1014.702322
126.201423,128,1014.819837
166.966269,168,1015.118297
110.494318,114,1015.221688
156.839138,143,1015.349471
124.454112,128,1015.46563
107.533689,113,1015.714119
72.596213,80,1015.78713
131.129306,140,1015.91423
94.29134,100,1016.005742
74.30235,79,1016.076833
115.940702,116,1016.327256
118.569702,117,1016.432362
113.917031,119,1016.541619
136.767668,140,1016.672178
57.807167,153,1016.968225
74.014401,85,1017.04718
136.987328,134,1017.170299
168.365234,163,1017.320695
163.017979,160,1017.612644
135.047133,129,1017.730918
79.041634,86,1017.808565
91.971838,90,1017.889655
134.406786,134,1018.02029
114.024109,109,1018.25592
82.598492,85,1018.331528
144.306967,137,1018.457704
295.016036,259,1018.841127
95.920996,100,1018.930881
264.922791,233,1019.149927
64.506525,70,1019.219897
170.118206,313,1019.642546
64.613878,71,1019.706185
60.691874,67,1019.766237
68.816451,75,1019.84012
151.460499,147,1020.114521
66.633737,69,1020.176984
160.037047,166,1020.758009
158.745557,193,1021.068434
57.764431,64,1021.128302
50.740514,56,1021.17852
82.585778,87,1021.258679
126.126493,128,1021.373724
105.388095,103,1021.473744
162.503257,146,1021.745433
88.279648,85,1021.821255
80.686984,81,1021.89272
111.159762,109,1021.990847
95.017921,97,1022.083067
84.632661,85,1022.29861
77.753162,79,1022.369689
192.753168,182,1022.532989
153.536307,154,1022.677819
129.465404,127,1022.935758
159.206852,160,1023.081677
36.135102,57,1023.1327
54.533773,60,1023.187225
86.872078,87,1023.270169
-86.727419,152,1023.551643
116.780651,115,1023.65431
177.108158,159,1023.798414
155.657016,150,1024.077372
235.028137,248,1024.303411
139.340877,138,1024.427372
126.913975,123,1024.684263
153.075798,145,1024.815167
215.576155,202,1024.996299
138.277018,129,1025.118823
126.817215,120,1025.367717
110.114901,106,1025.463258
111.19172,108,1025.559339
156.711889,153,1025.701715
150.121108,142,1025.972546
129.337432,121,1026.082523
97.426758,96,1026.168582
97.739468,114,1026.272582
134.243909,128,1026.538941
97.244113,102,1026.635421
108.159321,111,1026.738
42.332127,56,1026.78931
102.255813,113,1026.892959
167.093624,154,1027.175265
106.358128,108,1027.272854
142.763021,140,1027.399749
145.466288,140,1027.529959
141.671122,141,1027.801725
202.536952,203,1027.985552
183.905796,171,1028.146097
68.879943,75,1028.357318
210.590237,190,1028.529286
347.919101,331,1028.973608
84.144921,83,1029.049763
177.771466,245,1029.273173
147.184306,137,1029.402355
73.478074,125,1029.711563
116.909437,114,1029.814429
215.979791,199,1029.997161
99.045724,97,1030.094676
94.268373,101,1030.349633
193.581483,179,1030.511244
150.869475,149,1030.650376
128.277317,122,1030.92847
54.821729,127,1031.044485
121.893274,119,1031.1506
210.976497,189,1031.328383
204.450031,194,1031.668896
50.468558,60,1031.722368
116.31513,114,1031.82425
62.711041,67,1031.886631
151.038361,144,1032.236581
176.983845,185,1032.407217
152.276359,151,1032.54402
97.193743,95,1032.641529
72.824881,76,1033.311547
185.676761,288,1033.575085
241.034132,214,1033.949203
144.512431,139,1034.074579
127.479492,120,1034.184357
154.186539,163,1034.3377
158.468352,148,1034.659439
183.964892,176,1034.817158
167.448865,165,1034.969558
147.026698,143,1035.405443
107.855185,108,1035.504151
58.474454,63,1035.561787
186.483594,241,1035.8022
88.866859,89,1036.058141
106.839242,105,1036.15234
181.094563,179,1036.317583
142.186979,138,1036.452289
138.752085,140,1036.7508
94.865686,98,1036.842306
122.011203,126,1036.959355
156.89243,146,1037.097083
111.526593,116,1037.400406
100.531903,102,1037.491839
126.44739,124,1037.629468
214.840806,265,1038.043231
162.880833,156,1038.183943
174.468303,283,1038.448867
137.445814,137,1038.739093
91.593945,98,1038.828676
288.218158,269,1039.082576
91.999175,95,1039.359381
166.87759,154,1039.496755
133.573189,131,1039.614953
139.042028,150,1039.769913
286.068417,272,1040.228012
67.984125,75,1040.297077
100.602996,102,1040.396902
224.778931,248,1040.808865
100.341406,102,1040.902226
130.939873,130,1041.022773
161.243395,155,1041.370486
195.812272,186,1041.538532
93.900029,97,1041.625928
146.027982,139,1041.760881
94.638199,100,1042.038581
95.382824,99,1042.12829
165.870689,163,1042.274848
168.383404,164,1042.430546
92.758683,90,1042.691238
-6.570475,393,1043.058276
225.19032,255,1043.451842
179.800248,166,1043.603891
122.459395,121,1043.720513
159.956467,150,1044.001123
74.551901,82,1044.076092
122.770539,138,1044.201531
101.167174,99,1044.289335
146.505781,162,1044.583485
169.530783,158,1044.72771
144.860654,151,1044.864624
272.515361,278,1045.265003
116.818503,120,1045.373105
192.145401,189,1045.547284
182.05154,169,1045.844461
123.269826,116,1045.949548
64.389716,73,1046.325178
95.102245,102,1046.419551
113.420552,111,1046.661169
105.232653,102,1046.755512
67.607224,74,1046.826039
146.379904,136,1046.949753
118.603211,116,1047.058171
251.162083,240,1047.422979
108.009538,121,1047.536028
64.147243,82,1047.609526
276.853613,250,1047.98569
240.182792,217,1048.183488
97.859958,102,1048.281702
79.210632,81,1048.369336
0.443365,104,1048.602866
-3.568629,79,1048.673911
64.711404,72,1048.739393
80.998102,84,1048.816515
100.632374,97,1048.904546
86.17539,94,1049.139506
161.2251,150,1049.277305
186.859394,169,1049.431451
107.57191,104,1049.527076
108.365354,103,1049.767238
185.286311,170,1049.922148
133.809871,126,1050.036096
84.627857,88,1050.116899
84.653932,88,1050.20326
83.961623,87,1050.420424
185.372113,172,1050.577607
81.25107,85,1050.654119
304.053875,297,1051.07046
149.246857,140,1051.200791
80.706116,82,1051.275544
161.5336,149,1051.419542
93.798566,92,1051.645283
177.558537,181,1051.810488
204.263785,189,1051.982836
109.727071,124,1052.242259
79.590456,84,1052.318452
141.257014,140,1052.445023
208.337437,206,1052.638229
88.164299,91,1052.863806
94.12197,97,1052.950853
94.032617,96,1053.039807
253.218641,265,1053.287853
124.288389,127,1053.541965
69.567196,75,1053.611423
176.005721,163,1053.760893
93.561582,100,1053.858465
141.24435,140,1054.133016
110.378463,111,1054.23389
73.81542,80,1054.306102
154.497347,149,1054.44344
54.291942,81,1054.670522
89.198176,92,1054.754746
105.214971,111,1054.856225
93.336361,97,1054.94306
82.114243,83,1055.018004
-84.818838,176,1055.327336
103.676107,104,1055.421691
124.550249,125,1055.537342
92.990149,98,1055.628761
136.035592,132,1055.761886
100.205852,102,1056.002174
104.068348,109,1056.104733
109.241096,109,1056.203811
139.033714,142,1056.341185
226.380469,204,1056.669078
111.244105,108,1056.768101
70.719203,75,1056.837556
145.778025,137,1056.966065
75.300005,77,1057.175997
68.064319,85,1057.253793
157.550549,145,1057.386923
234.445749,205,1057.577432
184.372564,179,1057.883337
194.582376,199,1058.065473
129.812103,121,1058.176475
84.111262,86,1058.397305
216.042602,207,1058.9964
229.119461,220,1059.200285
193.040994,203,1059.521003
106.971868,104,1059.617232
46.606338,56,1059.668664
72.844907,252,1060.050223
65.445804,81,1060.124613
123.898502,138,1060.250199
-17.052945,103,1060.344535
99.983859,100,1060.441498
76.624407,94,1060.670828
106.500266,125,1060.787642
137.474787,129,1060.907253
95.556818,97,1060.996434
128.84077,120,1061.252247
95.855063,102,1061.34405
139.864434,142,1061.47229
197.122477,195,1061.654362
280.959723,282,1062.059311
1.415275,112,1062.159649
169.730736,153,1062.304958
154.717547,144,1062.578578
71.023488,89,1062.659619
90.281687,93,1062.745075
216.954097,199,1062.934269
69.475586,77,1063.14444
199.073629,179,1063.307726
70.612332,74,1063.374944
80.038888,81,1063.449343
14.234014,195,1063.775427
122.001478,120,1063.885658
114.332877,116,1063.991686
113.100929,121,1064.104208
106.634451,127,1064.365017
61.077334,261,1064.602206
218.665662,193,1064.786641
170.594084,154,1065.067447
135.886657,128,1065.186649
70.895565,75,1065.256678
177.498043,169,1065.56064
121.70873,143,1065.693758
79.523171,84,1065.770288
122.164962,119,1065.879846
246.053966,359,1066.36272
206.212556,189,1066.53727
169.14692,160,1066.858647
142.585789,142,1066.987824
137.8802,145,1067.120522
99.266049,134,1067.247262
148.617081,137,1067.5156
279.343266,252,1067.744995
138.982882,134,1067.872201
64.198953,70,1068.085185
188.002036,174,1068.241391
147.533551,167,1068.393752
108.121342,107,1068.496695
172.896502,166,1068.791115
170.816376,155,1068.930964
211.795895,197,1069.126061
146.09788,137,1069.395602
168.003633,169,1069.549471
158.437393,151,1069.689358
155.264691,169,1070.015645
320.066308,314,1070.321018
83.378394,88,1070.412072
70.127927,74,1070.626021
138.915768,145,1070.756079
142.880021,132,1071.352139
91.806614,94,1071.444495
62.147728,69,1071.509945
100.587772,101,1071.739537
157.314532,158,1071.886445
145.530821,148,1072.024895
108.408336,121,1072.147707
133.512776,156,1072.43275
130.300999,127,1072.546681
21.465367,123,1072.660907
142.078236,133,1072.930414
76.378358,82,1073.00483
81.028806,84,1073.083794
100.11781,99,1073.17529
112.03502,109,1073.275819
287.043336,277,1073.677541
121.651242,114,1073.780585
157.275929,146,1073.912602
100.514993,98,1074.20136
109.789885,112,1074.303048
113.428699,113,1074.404636
210.437066,226,1074.616446
110.353444,113,1074.881449
220.806171,199,1075.06255
115.376987,118,1075.16912
132.090348,130,1075.296216
138.284885,130,1075.55683
159.434517,152,1075.693049
173.816215,158,1075.841407
207.407593,204,1076.173139
125.26527,124,1076.285352
-9.534432,81,1076.360106
173.699026,163,1076.516117
122.806478,119,1076.764937
184.731331,180,1076.930027
109.674222,113,1077.033632
92.655497,93,1077.128322
109.442645,117,1077.384453
114.880302,119,1077.495072
47.396917,56,1077.545661
70.243483,78,1077.617905
139.350154,128,1077.738959
98.851971,114,1077.990285
129.569775,137,1078.114836
100.187362,97,1078.202045
196.453625,218,1078.558454
111.127227,107,1078.656571
30.131778,129,1078.77261
156.379774,146,1078.905532
194.080863,190,1079.232138
124.964038,119,1079.340541
88.724335,114,1079.445653
122.142046,121,1079.558942
126.088211,128,1079.82275
273.121508,239,1080.041038
135.444395,146,1080.173745
170.583331,157,1080.462197
131.765084,128,1080.581196
57.06885,215,1080.778175
85.393012,89,1080.870632
106.795434,105,1081.110646
174.578732,154,1081.253284
174.247588,159,1081.400025
105.133889,105,1081.648692
73.965779,81,1081.72246
87.154823,91,1081.80629
102.113744,104,1081.90326
80.306839,83,1081.980596
149.12618,138,1082.118981
199.997169,185,1082.428818
119.316873,113,1082.532121
104.095475,132,1082.652273
148.387699,140,1082.930857
135.966047,135,1083.055128
138.085738,136,1083.179295
83.626744,94,1083.264925
153.352563,142,1083.543864
108.335648,111,1083.972567
133.273647,132,1084.093595
117.328933,124,1084.207453
139.096293,130,1084.50442
81.250993,83,1084.579013
99.891473,104,1084.677243
142.145628,132,1084.795784
205.529295,190,1085.141955
152.342876,148,1085.276476
94.920939,94,1085.359715
122.333647,123,1085.471199
-57.906039,148,1085.771008
119.829257,115,1085.874731
129.975085,124,1085.98607
103.855943,105,1086.083532
209.293384,189,1086.423167
193.444188,187,1086.591947
79.321187,83,1086.666858
190.923053,173,1086.831887
99.6211,103,1087.09662
131.892464,129,1087.213715
98.541055,281,1087.483413
187.813516,175,1087.827725
106.448241,145,1087.960689
163.682982,169,1088.123781
113.023386,108,1088.423569
148.047726,141,1088.550569
126.783713,121,1088.660821
142.067629,144,1088.801503
137.852221,135,1089.102982
146.385591,142,1089.235188
156.442312,148,1089.369458
74.852873,85,1089.457207
134.791801,183,1089.847382
126.546615,118,1089.955678
126.081557,127,1090.075639
185.494069,171,1090.42061
101.479245,104,1090.514734
60.980193,68,1090.576628
231.132284,210,1090.77588
101.406196,98,1091.041775
128.778584,129,1091.158983
218.398167,197,1091.339447
55.023877,61,1091.394491
137.207658,133,1091.727726
151.320229,146,1091.859481
216.21577,198,1092.042483
140.405721,132,1092.191484
192.446926,174,1092.535404
80.984836,91,1092.619368
216.71805,216,1092.825252
100.664092,100,1093.080545
144.505303,145,1093.214132
125.763774,117,1093.323602
237.324262,214,1093.691205
104.336856,104,1093.786853
70.867349,79,1093.859637
62.651811,68,1093.921575
78.787882,80,1093.993995
71.674439,85,1094.07505
54.561146,62,1094.138224
145.954578,153,1094.488581
160.62641,146,1094.618926
144.711717,136,1094.75119
63.74773,71,1094.823689
203.109818,180,1095.203307
116.953114,114,1095.310426
68.382108,126,1095.457761
153.218311,143,1095.789192
130.823174,126,1095.901833
142.371818,138,1096.027022
161.914443,156,1096.17873
159.938622,156,1096.613611
75.085854,90,1096.697309
132.658343,147,1096.838666
18.56943,108,1097.255359
143.389859,135,1097.51674
-18.693623,104,1097.612684
122.121242,118,1097.720455
114.820593,134,1097.84139
209.548088,193,1098.183441
153.521504,149,1098.319165
148.222949,136,1098.442165
69.603373,73,1098.513313
74.623074,82,1098.730064
90.986755,105,1098.826286
71.463934,73,1098.891817
151.24004,185,1099.059568
170.020309,162,1099.358156
85.026812,92,1099.442135
102.032528,99,1099.532345
107.463685,109,1099.632747
196.073756,185,1099.988848
-2.740968,297,1100.274837
138.841023,139,1100.418002
124.666237,116,1100.711251
79.840394,85,1100.789455
89.170896,88,1100.870413
88.88657,92,1100.954741
70.277058,74,1101.023662
135.208203,138,1101.317788
80.981515,92,1101.40336
156.812232,153,1101.545108
67.190427,70,1101.609383
144.741423,142,1101.74479
132.779551,136,1102.060843
110.780526,138,1102.186481
196.912182,192,1102.367148
166.898712,150,1102.711499
127.874932,122,1102.821211
137.508945,134,1102.943135
53.957125,62,1103.001289
168.424965,160,1103.323346
64.868593,71,1103.387306
56.898798,63,1103.44503
287.461158,257,1103.682939
72.599869,79,1103.763157
103.912706,109,1104.030974
62.200278,68,1104.09402
73.386953,78,1104.165636
103.015492,109,1104.264207
54.818635,63,1104.322658
92.244275,101,1104.578909
106.397688,106,1104.675028
173.081096,158,1104.819633
149.867637,144,1104.949236
79.263376,80,1105.029295
98.370487,100,1105.278115
162.171472,148,1105.410472
90.972557,89,1105.490682
102.327242,100,1105.582696
185.503388,177,1105.906141
98.935321,100,1105.996753
123.377845,123,1106.110294
52.396887,93,1106.198029
251.776952,237,1106.585468
71.636217,78,1106.658196
34.096577,97,1106.746633
171.824895,159,1106.900004
183.596885,174,1107.20689
56.749671,62,1107.26371
93.378343,125,1107.378129
211.247402,198,1107.568027
202.333235,230,1107.92099
85.454268,84,1107.998842
408.134425,362,1108.473639
215.20176,191,1108.647845
74.255842,82,1108.72175
120.42706,122,1108.980262
192.67109,179,1109.143735
198.55728,368,1109.627947
203.956289,195,1110.102957
129.363924,129,1110.219621
148.573327,141,1110.485227
100.160834,104,1110.579051
139.927577,154,1110.720653
-37.844841,130,1110.838516
106.306212,107,1111.081338
0.403579,133,1111.204423
223.128437,202,1111.387811
95.901916,103,1111.483568
135.128809,125,1111.741043
143.029042,132,1111.863559
157.271545,154,1112.005193
103.39273,104,1112.102345
91.597556,99,1112.354388
187.367801,170,1112.50993
114.230283,122,1112.621708
101.527911,105,1112.718782
114.877872,123,1112.979438
119.10454,120,1113.089003
79.811636,80,1113.161947
93.358043,98,1113.251911
37.620434,227,1113.606497
109.94381,110,1113.706769
150.022999,154,1113.84641
82.561816,220,1114.199009
111.888575,118,1114.306472
119.713214,124,1114.41923
96.564345,99,1114.509984
207.037759,206,1114.842208
78.561143,223,1115.047378
-41.406636,155,1115.192319
114.930772,112,1115.436899
313.428136,293,1115.704762
48.518044,58,1115.758198
127.994458,125,1116.019398
10.074184,102,1116.110857
65.311658,71,1116.174406
58.732144,68,1116.236207
10.393505,113,1116.339241
-79.478309,378,1116.827626
97.422969,115,1116.932546
197.154542,182,1117.252081
88.025809,87,1117.334278
96.227639,96,1117.423907
169.488937,156,1117.565784
136.667697,127,1117.687442
126.446088,125,1117.945546
81.846811,90,1118.028613
235.452355,217,1118.228828
-30.533587,140,1118.517591
101.60707,115,1118.623929
241.854759,226,1118.831343
188.429609,177,1119.182569
20.71296,128,1119.301047
162.562917,312,1119.595781
135.051383,130,1119.880986
74.623818,121,1119.99024
86.500385,150,1120.127205
191.082697,183,1120.471052
86.988249,91,1120.553817
88.184452,89,1120.635109
8.77326,240,1120.858512
81.97761,85,1121.162884
142.913605,138,1121.288997
81.676404,101,1121.381358
93.012132,92,1121.469651
84.91017,87,1121.557853
103.734355,126,1121.896683
122.459419,119,1122.006276
75.38794,80,1122.080126
166.367807,166,1122.439594
234.49805,209,1122.808212
64.333787,68,1122.872546
113.607952,107,1122.971726
67.231229,72,1123.037612
66.205399,73,1123.111808
78.14379,82,1123.411532
85.271811,88,1123.492473
68.243152,77,1123.563487
94.571592,149,1123.697698
60.472052,70,1123.767923
449.257846,388,1124.275088
93.6538,102,1124.368008
-44.605703,116,1124.481562
-12.720061,157,1124.76748
110.194908,107,1124.863491
216.213928,190,1125.038308
151.824021,210,1125.378558
192.086316,179,1125.541497
196.367895,178,1125.709074
105.336457,104,1125.944728
54.53695,62,1126.001971
112.825267,115,1126.104485
55.667309,63,1126.161733
80.695558,89,1126.243022
93.051454,102,1126.342077
84.316852,88,1126.561891
246.799919,219,1126.767095
123.629466,122,1126.882366
-35.276647,95,1127.117625
133.318318,133,1127.238967
140.293161,325,1127.538083
81.893978,91,1127.762386
266.946411,241,1127.981083
130.096806,131,1128.098948
65.916425,72,1128.170796
128.960588,120,1128.420886
176.356056,176,1128.583256
133.641631,128,1128.698091
133.174784,135,1128.992549
66.439948,69,1129.060309
72.192473,74,1129.132846
134.573468,129,1129.252083
63.310456,67,1129.313357
120.844492,133,1129.448442
129.647201,132,1129.714469
79.230969,84,1129.791258
165.339087,154,1129.933024
89.391602,89,1130.017408
98.669165,97,1130.256524
87.208805,87,1130.337153
73.581702,80,1130.411388
97.167302,100,1130.503409
47.817709,57,1130.555745
44.94657,56,1130.60797
245.375306,337,1131.063409
201.923625,193,1131.240509
126.219277,120,1131.500854
213.004588,196,1131.679737
211.857616,195,1131.860887
70.348963,79,1131.941072
137.391549,140,1132.212861
202.546432,181,1132.37864
177.406146,167,1132.536098
254.94503,280,1132.934008
64.146703,72,1132.999388
124.112147,117,1133.109673
96.428528,98,1133.341564
91.53664,91,1133.422976
156.274234,191,1133.597799
123.416394,124,1133.713089
99.998176,104,1133.955067
127.995134,131,1134.074793
123.275216,120,1134.184386
52.436927,58,1134.237159
73.298289,77,1134.307127
83.604795,86,1134.391691
119.317136,116,1134.636685
159.940401,151,1135.004973
202.559439,199,1135.190054
119.136299,148,1135.460325
165.172004,148,1135.591128
140.817097,134,1135.71084
190.636553,174,1136.012228
177.918103,172,1136.171692
187.189902,183,1136.338655
124.662004,125,1136.459327
92.185685,95,1136.682803
122.457331,115,1136.786851
82.54827,90,1136.868137
77.385263,82,1136.942881
62.960532,71,1137.011076
84.345911,82,1137.231625
102.134444,118,1137.34014
51.088622,60,1137.393803
68.123113,73,1137.460037
110.593699,111,1137.56118
176.018482,170,1137.860062
93.025304,99,1137.95317
146.838589,148,1138.088436
155.328978,149,1138.225472
118.054216,113,1138.471112
81.342112,83,1138.546636
157.851535,144,1138.676925
70.025256,79,1138.747818
221.692028,195,1139.068281
211.548097,288,1139.333001
159.300497,145,1139.467774
52.855435,62,1139.666841
161.217812,148,1139.801553
72.351849,76,1139.870522
112.785821,120,1139.979799
133.166716,124,1140.098339
168.59999,169,1140.393129
154.215963,142,1140.520254
62.717633,226,1140.731211
262.402188,243,1141.090471
187.652653,169,1141.245119
75.355095,83,1141.326016
91.862362,94,1141.558105
96.43851,98,1141.649585
117.96529,116,1141.757243
242.237394,211,1141.958857
74.721151,163,1142.251437
78.58457,84,1142.330032
79.103165,82,1142.406114
135.260532,124,1142.521082
96.192399,105,1142.77387
111.330435,136,1142.89778
183.516001,170,1143.051244
117.708913,117,1143.161773
84.230396,93,1143.393596
201.832489,184,1143.564907
132.253577,241,1143.786015
77.425708,83,1144.006284
135.004353,132,1144.12627
-110.695851,249,1144.351826
62.344793,69,1144.418734
84.109566,91,1144.644562
138.57528,131,1144.765488
83.348609,91,1144.847682
197.624186,183,1145.018686
97.229259,102,1145.262821
167.746534,159,1145.410466
167.043464,150,1145.546093
71.394067,88,1145.629198
101.471612,98,1145.86466
106.442092,107,1145.964798
132.84379,131,1146.086249
145.912438,149,1146.222451
158.112298,144,1146.501387
-28.105489,191,1146.677719
234.200736,211,1147.1289
74.39986,84,1147.349389
78.075843,250,1147.580817
80.444746,95,1147.669511
119.695334,120,1147.786626
95.117665,102,1148.01703
198.22578,283,1148.275938
125.498321,152,1148.421016
86.822528,88,1148.640129
281.772052,296,1148.909922
137.884003,138,1149.18053
132.711682,136,1149.303701
216.332903,202,1149.498933
192.805696,181,1149.811566
156.927679,149,1149.946045
-40.939821,170,1150.099669
424.353558,540,1150.738516
90.396306,126,1150.857072
70.689856,72,1151.065169
156.169765,150,1151.203295
97.061872,102,1151.294672
137.2072,150,1151.434425
8.018884,238,1151.797623
189.805008,182,1151.966768
160.64662,150,1152.112965
314.740786,281,1152.505603
149.836235,232,1152.725567
67.346252,70,1152.927188
143.699283,132,1153.046317
70.647969,74,1153.114064
200.234005,196,1153.297947
-37.148735,233,1153.656261
181.924721,169,1153.81031
78.915747,82,1153.886535
125.454889,134,1154.150163
149.133871,202,1154.332645
58.796169,83,1154.407926
194.893506,180,1154.717918
208.314572,193,1154.894023
147.037712,138,1155.02194
182.52869,186,1155.335126
133.191691,139,1155.461668
117.78642,111,1155.561134
160.626256,153,1155.700518
185.598257,171,1156.00255
61.95243,64,1156.06035
286.980952,266,1156.303075
181.620637,164,1156.598834
200.635985,182,1156.763124
56.101691,64,1156.822509
68.180056,75,1156.892206
174.565036,158,1157.234829
88.749318,93,1157.319354
90.457814,93,1157.402552
188.419615,174,1157.565913
117.056772,111,1157.677522
60.16444,63,1158.005722
298.533469,282,1158.271635
104.534846,103,1158.37754
74.248422,77,1158.608524
74.170516,79,1158.680252
126.63208,126,1158.79761
204.528842,193,1158.9736
73.763209,76,1159.053629
120.049887,117,1159.315592
109.521865,111,1159.614714
90.736367,94,1159.701378
59.006458,65,1159.761247
112.403633,120,1159.872448
94.048417,95,1160.106377
120.37079,116,1160.212257
89.30504,93,1160.296789
64.298637,69,1160.360008
76.929127,80,1160.433327
98.821161,98,1160.670816
134.4655,133,1160.793024
56.677239,62,1160.849495
108.586137,105,1160.948485
66.554117,69,1161.012957
-16.728224,116,1161.127426
198.617093,200,1161.450265
219.435785,241,1161.671789
117.464595,126,1161.933477
25.944293,168,1162.088195
73.707467,78,1162.158564
90.465691,182,1162.326262
63.60797,67,1162.531301
161.280224,177,1162.694815
110.284089,110,1162.80214
101.323856,102,1162.906522
71.048954,74,1162.979929
50.781553,56,1163.170605
137.197136,132,1163.290228
90.729789,96,1163.376535
280.267762,250,1163.609586
166.074134,169,1163.904397
118.039901,116,1164.010904
48.252908,58,1164.06496
71.467255,74,1164.132155
145.882593,174,1164.438172
261.676857,262,1164.677717
106.176075,110,1164.783
105.386917,107,1165.055328
113.432262,109,1165.1526
210.821371,200,1165.335728
209.711338,236,1165.704148
80.448174,83,1165.778436
91.620131,92,1165.86384
240.91259,251,1166.098793
132.174035,261,1166.47975
138.757156,132,1166.598409
200.501909,214,1166.940532
94.652321,96,1167.028959
140.370646,132,1167.151989
70.595432,75,1167.221666
156.981213,146,1167.503082
160.265423,147,1167.638018
154.850616,171,1167.79397
235.361857,251,1168.17013
150.070769,138,1168.296989
118.261278,115,1168.40314
194.289877,184,1168.580616
222.061243,207,1168.908769
109.03296,117,1169.014796
158.678202,150,1169.15642
123.757603,121,1169.424556
142.866873,139,1169.548511
128.009504,206,1169.73748
76.270648,79,1169.818886
93.315019,102,1170.098554
95.707994,94,1170.183687
177.635853,171,1170.339262
79.810968,82,1170.422932
53.611207,62,1170.487069
130.610231,131,1170.787177
74.877512,82,1170.861241
96.591946,97,1170.949951
159.235008,152,1171.09539
110.01839,107,1171.387257
82.032971,81,1171.459733
95.000258,95,1171.54551
137.785952,252,1171.971104
174.840687,164,1172.267356
142.462433,130,1172.384442
206.372878,191,1172.561404
120.384974,117,1172.829304
94.484673,93,1172.914193
111.56101,109,1173.011015
170.43384,159,1173.154491
110.416053,152,1173.451453
134.577632,127,1173.568521
125.387044,118,1173.675088
-134.154533,248,1174.049329
119.475733,116,1174.155343
155.341204,142,1174.284218
85.113338,89,1174.367381
59.702067,259,1174.755467
152.732698,142,1174.886347
100.135981,97,1174.974659
26.457434,137,1175.111974
91.593973,90,1175.371147
141.723678,136,1175.494792
117.975037,113,1175.59706
90.387382,94,1175.685652
200.9456,184,1176.014474
57.077975,64,1176.073138
169.147131,160,1176.219465
111.361771,114,1176.326546
145.711893,138,1176.65798
54.32884,59,1176.712341
95.225212,97,1176.802691
329.956137,295,1177.097403
112.78084,110,1177.481451
46.610366,55,1177.532302
86.204635,276,1177.811283
95.738916,94,1178.06321
125.676769,118,1178.171464
329.52447,297,1178.452
80.651337,80,1178.699897
85.718424,85,1178.776429
176.013215,162,1178.922477
219.228859,199,1179.106799
166.692857,241,1179.489685
188.652912,177,1179.655257
125.576363,121,1179.774182
58.492429,69,1179.989715
117.156633,112,1180.091544
72.611671,76,1180.162734
130.636053,125,1180.275186
53.797338,60,1180.329463
481.047316,461,1180.895884
86.481304,88,1180.978839
279.083267,280,1181.381511
151.68894,141,1181.513412
-29.426768,135,1181.642751
159.127359,152,1181.92548
188.403826,183,1182.096235
86.079918,86,1182.17702
166.419125,168,1182.478191
116.011966,112,1182.579142
205.916325,192,1182.754335
387.277054,392,1183.261
135.60811,138,1183.387668
270.116357,248,1183.766119
109.477743,111,1183.86888
187.28695,175,1184.028782
62.717878,68,1184.09781
128.362006,123,1184.351568
108.421511,110,1184.452375
122.713074,118,1184.712135
106.736067,109,1184.811101
293.375347,268,1185.193196
59.752927,102,1185.286969
85.755087,201,1185.475008
113.80962,111,1185.716486
130.662215,123,1185.829722
255.699215,246,1186.059215
79.760039,86,1186.278496
47.979116,128,1186.394708
76.757201,122,1186.50589
176.825291,167,1186.659279
164.82076,156,1186.949827
96.05422,94,1187.035219
173.525708,158,1187.178801
89.204979,93,1187.26487
60.993412,70,1187.334692
160.479794,146,1187.61172
101.985546,102,1187.707049
66.182487,69,1187.768229
104.796483,101,1187.861658
131.756879,126,1188.126949
177.692564,187,1188.298506
154.691481,155,1188.439206
96.893911,94,1188.527895
158.45266,145,1188.804058
107.363217,104,1188.897329
103.019297,106,1188.993433
82.871235,89,1189.078668
82.799859,84,1189.160502
127.818625,120,1189.411408
215.915699,198,1189.589241
154.887705,146,1189.720179
92.368165,97,1189.817016
91.348998,89,1190.037388
82.237504,88,1190.118378
74.797121,79,1190.190933
94.088613,96,1190.279183
104.004653,107,1190.378847
179.277689,167,1190.675025
137.365436,129,1190.791938
92.942515,99,1190.880899
122.900017,119,1191.004019
112.197141,118,1191.261745
67.434597,73,1191.329501
94.435111,93,1191.415768
202.59836,220,1191.621297
163.504327,151,1191.920918
-98.28271,139,1192.051191
83.314106,88,1192.132821
-36.147874,136,1192.263326
126.141129,125,1192.52522
110.343488,111,1192.626222
321.046398,291,1192.895974
74.48711,83,1193.115113
148.195962,148,1193.249378
138.574294,128,1193.365084
167.347398,156,1193.510336
262.003876,242,1193.873079
43.936453,273,1194.124755
124.570002,125,1194.381187
131.184885,126,1194.493259
156.460882,153,1194.633557
55.846057,129,1194.758224
105.366462,101,1194.987322
99.700644,99,1195.077441
74.600369,78,1195.148702
133.909897,125,1195.261363
20.821081,154,1195.549746
333.403173,361,1195.875136
284.738935,281,1196.280644
278.326049,266,1196.521978
132.142407,135,1196.99105
73.915762,76,1197.061544
181.036155,166,1197.213746
136.723804,128,1197.331646
339.552126,453,1197.890063
170.098336,163,1198.185644
89.582529,91,1198.268497
86.596673,87,1198.348097
96.610126,95,1198.435462
116.686206,124,1198.550137
140.690481,139,1198.823516
209.552616,198,1199.005435
112.457587,109,1199.106251
113.231612,108,1199.208454
80.588512,82,1199.427306
239.81787,209,1199.617544
123.200532,125,1199.732585
186.407376,184,1200.045487
97.464592,214,1200.239833
-19.978778,111,1200.340811
-13.428379,149,1200.483293
49.635538,58,1200.676557
132.104571,125,1200.78984
58.669758,65,1200.849258
30.086693,43,1200.888755
235.596135,241,1201.254405
91.314507,89,1201.334438
178.325757,201,1201.515042
79.807087,87,1201.594226
183.059251,168,1201.895011
137.858507,135,1202.02029
114.048819,115,1202.125993
78.56745,83,1202.202531
73.783496,80,1202.279046
144.309264,134,1202.54597
66.519512,71,1202.610525
88.906914,91,1202.694562
93.690505,96,1202.781703
180.087793,198,1203.110418
222.46014,211,1203.304663
64.890021,72,1203.371099
70.382081,77,1203.440385
99.4551,97,1203.534918
75.262565,79,1203.752013
85.179266,92,1203.837182
98.103535,98,1203.924976
70.087057,77,1203.994955
114.806965,111,1204.097203
65.415327,69,1204.169379
150.729996,136,1204.435617
57.733147,62,1204.491972
179.205176,249,1204.720131
100.213138,111,1205.079793
-152.999982,177,1205.240078
178.338083,161,1205.392428
164.701204,176,1205.727527
57.161174,64,1205.786626
96.206981,96,1205.877267
265.833285,265,1206.127781
102.81026,101,1206.386396
183.20416,167,1206.539824
94.328811,99,1206.63054
75.866403,78,1206.701272
92.119812,106,1206.806886
135.626476,139,1207.085114
340.769061,339,1207.40611
74.762866,81,1207.670176
166.462561,166,1207.820948
119.940413,119,1207.929116
168.531324,157,1208.080338
215.696642,202,1208.426922
71.277946,76,1208.49653
179.227033,165,1208.648191
-7.955861,108,1208.755713
167.198574,176,1209.075422
131.40275,133,1209.336149
124.884569,130,1209.456501
79.290824,81,1209.672171
83.073429,92,1209.75507
3.069828,135,1209.880263
115.060012,122,1209.993711
89.268109,93,1210.082869
82.925392,85,1210.306222
152.159446,140,1210.43273
120.265818,119,1210.541466
311.128351,290,1210.94757
36.312683,47,1210.990783
170.219111,165,1211.14683
139.70921,132,1211.271557
108.210859,107,1211.382753
101.642807,103,1211.617297
130.744584,124,1211.732433
254.416787,221,1211.941156
124.62066,124,1212.200044
205.000905,180,1212.36733
325.884304,310,1212.795255
111.311283,111,1212.895687
61.351155,68,1212.9564
169.777023,157,1213.099245
148.040667,135,1213.228772
228.365052,214,1213.56211
60.842521,68,1213.624402
63.902371,69,1213.688573
105.073995,107,1213.788434
130.508976,123,1214.083697
121.86502,120,1214.192317
56.362753,65,1214.250375
113.3065,109,1214.348573
71.231725,76,1214.421066
158.611179,149,1214.748151
94.126115,95,1214.832281
119.901369,124,1214.944539
145.728095,137,1215.072377
101.051352,100,1215.337886
149.539799,141,1215.464589
119.962045,119,1215.572891
163.417313,155,1215.717304
149.920953,139,1216.060733
239.305323,216,1216.25897
186.245622,171,1216.42603
280.158239,242,1216.861653
181.820409,167,1217.032046
179.658582,165,1217.197413
166.253405,150,1217.48181
4.499913,97,1217.572851
70.342488,77,1217.643627
133.601403,126,1217.760531
72.466716,78,1217.981057
78.808943,106,1218.076869
-5.107154,86,1218.154025
108.664212,113,1218.25692
49.647786,58,1218.30999
228.631214,198,1218.639786
304.044377,301,1218.914315
108.876736,110,1219.018768
121.438345,119,1219.360106
283.326241,267,1219.610286
132.872392,128,1219.7393
165.313068,158,1220.030513
91.451817,94,1220.116207
217.334258,217,1220.319451
95.395281,93,1220.554429
99.632833,110,1220.653958
58.615167,66,1220.713372
61.557383,71,1220.778321
69.856616,75,1220.846768
172.806699,205,1221.180488
143.785357,133,1221.304599
215.937187,206,1221.49287
-37.652448,180,1222.025162
154.756317,159,1222.173714
183.734733,180,1222.337303
134.404088,210,1222.678025
161.544443,150,1222.813218
74.878307,78,1222.885157
231.492869,216,1223.090683
167.839606,160,1223.378488
171.869378,207,1223.567074
99.378697,97,1223.660102
138.4513,185,1223.970546
189.108464,176,1224.132575
70.603833,74,1224.201568
165.630456,162,1224.500007
191.440079,178,1224.662714
53.46879,62,1224.719082
142.949644,139,1224.852231
163.838282,149,1225.132963
118.346784,118,1225.242521
78.942911,85,1225.31914
86.60014,93,1225.401981
223.622531,474,1225.982763
159.876944,149,1226.124342
182.944545,166,1226.417717
98.95076,98,1226.508071
116.153681,120,1226.616001
146.584071,147,1226.75515
62.240333,69,1226.965221
169.107573,157,1227.113021
128.055418,128,1227.23263
113.490536,113,1227.337712
111.171592,108,1227.582711
70.106223,82,1227.657364
90.073064,93,1227.740616
141.33464,133,1227.861289
105.683137,102,1227.954943
141.181557,139,1228.232214
168.040423,161,1228.377383
176.855567,165,1228.526685
182.169975,187,1228.846605
118.630864,118,1228.953625
81.366966,85,1229.029515
170.870717,168,1229.184913
261.999183,239,1229.548504
159.647935,148,1229.682291
216.491269,201,1229.879467
79.840702,81,1230.161893
104.740108,103,1230.257275
122.988705,119,1230.365865
85.843512,89,1230.45186
131.293175,129,1230.736109
136.38428,128,1230.851156
197.199016,183,1231.017482
169.066522,160,1231.173455
233.68732,307,1231.619493
131.755492,128,1231.73983
256.78361,230,1232.105458
130.241644,125,1232.22131
97.314134,93,1232.307341
112.896073,108,1232.408292
63.307996,69,1232.621974
147.829978,137,1232.745425
113.237958,111,1232.84567
106.075497,102,1232.938655
192.262499,191,1233.27505
151.372445,139,1233.399834
194.228202,271,1233.649572
64.183236,71,1233.87906
240.871173,233,1234.089681
157.893417,142,1234.435367
113.013524,113,1234.53833
182.189301,179,1234.850349
-91.30615,154,1234.992531
179.561704,165,1235.151156
76.142369,85,1235.372845
-12.12431,115,1235.479919
222.520715,196,1235.654418
179.815953,166,1235.950105
72.52681,165,1236.101307
257.170258,234,1236.321243
100.491308,107,1236.569175
109.548577,116,1236.677237
151.639191,147,1236.81331
91.349187,93,1236.898559
-224.546447,496,1237.492534
83.613679,83,1237.5678
90.538956,93,1237.872214
93.543194,104,1237.965954
162.711575,191,1238.138772
270.34103,360,1238.635113
71.294757,75,1238.703452
118.951039,116,1238.806905
69.872696,100,1238.899862
183.627831,166,1239.196838
264.23271,257,1239.430719
211.769631,194,1239.751842
82.43174,86,1239.830694
69.913868,75,1239.897432
186.934779,169,1240.050177
94.793278,92,1240.136357
154.828877,144,1240.414136
84.607768,83,1240.48882
220.363714,191,1240.6632
111.798596,111,1240.770816
240.841731,243,1241.131636
68.422233,76,1241.202567
73.4904,78,1241.274159
104.469357,105,1241.376024
99.950807,100,1241.608879
168.112861,155,1241.752847
149.565428,143,1241.883633
77.158984,81,1241.9582
217.717528,209,1242.295677
191.073948,175,1242.454096
264.527178,259,1242.836433
177.985861,209,1243.027348
120.469904,119,1243.13718
178.473542,182,1243.449511
114.19053,121,1243.557373
185.199238,171,1243.711579
162.133527,188,1244.02815
157.317228,148,1244.164633
78.109127,88,1244.245694
148.287026,173,1244.404145
115.346409,220,1244.748985
121.629781,115,1244.852386
101.499638,112,1244.95471
185.000386,190,1245.280464
94.639539,96,1245.368311
81.087683,86,1245.447788
71.703172,78,1245.521003
269.938435,242,1245.891656
68.541887,74,1245.959606
85.289103,88,1246.039279
147.837628,160,1246.18577
131.661491,129,1246.311219
336.639459,318,1247.479646
110.292762,108,1247.578068
142.191468,153,1247.851946
71.759377,78,1247.92293
100.172383,104,1248.01686
195.434066,328,1248.46056
77.161477,80,1248.534079
59.448657,70,1248.59795
190.941069,173,1248.756393
192.091835,182,1249.076575
182.918466,165,1249.231254
169.030315,160,1249.377026
81.804334,83,1249.455222
21.446615,105,1249.696881
98.738743,104,1249.793124
251.444212,266,1250.040123
140.464774,137,1250.395431
129.271793,125,1250.507515
193.297009,171,1250.66112
203.174845,180,1250.840804
251.922024,230,1251.215331
72.61666,78,1251.287125
84.682447,91,1251.371892
86.839045,91,1251.463916
194.170676,206,1251.871735
177.943414,165,1252.024973
137.458567,135,1252.159833
98.85012,100,1252.445335
142.382393,135,1252.56794
134.716727,124,1252.680981
100.124787,102,1252.780532
120.188597,115,1253.087886
60.060228,65,1253.147573
65.661961,71,1253.214441
112.183133,111,1253.31487
303.377757,279,1253.76181
131.738709,120,1253.869545
40.424115,123,1253.980954
167.439933,153,1254.126937
214.580902,196,1254.512596
339.779342,416,1255.056623
67.186068,173,1255.21392
167.093896,167,1255.365119
177.64797,165,1255.696752
139.001086,340,1256.007207
108.792035,106,1256.10976
91.087202,93,1256.385979
81.150784,86,1256.465617
83.734276,86,1256.545827
168.051676,152,1256.686831
91.192135,93,1256.77901
273.511414,245,1257.178148
134.647387,132,1257.297329
302.263914,345,1257.794908
27.396746,220,1257.994109
257.859418,229,1258.424374
382.6768,378,1258.781538
41.447307,75,1259.049136
89.445242,96,1259.13817
78.824909,82,1259.214197
15.922042,116,1259.320117
100.404118,103,1259.420858
-65.573799,197,1259.765747
178.207079,165,1259.916306
151.005741,144,1261.196517
140.379919,134,1261.492379
135.260558,133,1261.613581
144.402916,170,1261.769819
247.827184,225,1262.191785
142.872187,144,1262.322984
220.852691,206,1262.515633
267.759623,234,1262.907626
149.945856,143,1263.036714
156.146287,154,1263.182262
90.456079,105,1263.43782
196.096733,187,1263.610068
104.172551,107,1263.709758
195.12451,174,1263.87748
220.0509,247,1264.254749
88.728556,90,1264.337677
163.052361,156,1264.488733
145.147308,136,1264.752599
87.924492,94,1264.838858
187.782723,178,1265.000395
105.479363,103,1265.100201
144.326616,140,1265.373001
302.440719,272,1265.624453
135.654103,135,1265.757156
278.95932,247,1266.123914
176.204994,169,1266.280883
198.972169,208,1266.617399
293.676754,353,1266.947606
222.906309,214,1267.285487
139.061075,128,1267.40275
135.810862,139,1267.533509
215.389094,197,1267.856483
158.196956,191,1268.030712
80.151003,84,1268.10659
189.753292,178,1268.417105
77.518358,93,1268.501707
80.00548,84,1268.579256
114.681301,119,1268.691236
65.693688,135,1268.823139
62.915499,71,1269.02932
143.798719,141,1269.160897
66.49942,73,1269.228493
212.488497,205,1269.42056
73.319209,79,1269.635844
169.972602,165,1269.78537
159.494943,143,1269.918184
55.543496,66,1269.979377
78.640231,84,1270.063648
173.846169,159,1270.349996
75.167665,84,1270.426636
342.177074,306,1270.857278
183.549254,176,1271.019635
158.561398,146,1271.157361
79.346241,83,1271.237764
176.110251,175,1271.548689
180.093415,164,1271.69744
82.818122,85,1271.775584
78.600169,84,1271.851443
198.053176,191,1272.172726
238.260882,217,1272.369998
66.589133,70,1272.434586
225.277969,207,1272.772458
203.085175,182,1272.93821
108.912754,104,1273.033002
210.702922,186,1273.349784
103.127016,102,1273.590126
79.166851,82,1273.664585
89.867158,92,1273.748189
61.310889,65,1273.807623
35.435501,122,1273.920689
106.17074,107,1274.168731
141.25827,163,1274.319224
194.684676,178,1274.483358
88.611677,92,1274.718024
330.462354,323,1275.015541
122.371258,116,1275.124237
164.493471,158,1275.415433
173.820153,158,1275.557469
177.447106,165,1275.709494
97.231093,256,1276.09396
88.952625,90,1276.17423
67.436622,72,1276.239868
73.824385,77,1276.310225
114.39545,109,1276.555062
55.122238,65,1276.616447
88.747174,93,1276.702835
68.921853,74,1276.770879
48.893598,60,1276.826839
197.304291,180,1276.999807
209.059658,199,1277.330164
134.347581,126,1277.44521
249.019646,219,1277.678223
178.274666,167,1277.973822
289.049545,249,1278.202851
56.774925,65,1278.268487
187.225384,177,1278.574156
190.354328,184,1278.742454
158.333326,185,1278.9245
207.804,267,1279.310714
73.355934,78,1279.381965
86.802008,94,1279.471178
84.918031,90,1279.702577
288.029698,255,1279.940323
241.185966,223,1280.154602
97.933444,99,1280.386337
50.417406,60,1280.44031
172.007515,228,1280.649866
80.622997,86,1280.731678
187.616591,173,1281.032237
157.712721,146,1281.166066
140.213936,139,1281.297004
60.844055,72,1281.367941
15.125782,98,1281.623517
78.648167,90,1281.706488
76.306974,79,1281.77942
106.859285,104,1281.874132
174.002294,159,1282.028817
43.797136,53,1282.343075
73.67355,79,1282.415974
111.302162,112,1282.516412
124.01373,115,1282.624299
88.857889,88,1282.713312
43.370081,124,1283.063907
123.668698,144,1283.197285
172.443973,172,1283.357091
90.088793,138,1283.495967
76.754746,79,1283.744112
151.933292,147,1283.877009
110.373085,119,1283.985334
60.539131,69,1284.049253
147.684197,140,1284.356314
91.707574,96,1284.444787
121.608503,116,1284.550569
115.867505,120,1284.659856
208.064986,193,1285.006546
160.54075,150,1285.14013
146.401247,137,1285.265086
376.338221,341,1285.738017
414.833019,398,1286.815987
170.145086,160,1286.95991
107.340311,105,1287.054625
189.012683,178,1287.225383
85.781572,89,1287.445786
72.605255,75,1287.515033
105.483062,103,1287.610229
166.294198,155,1287.754218
167.344854,149,1288.039088
138.038787,150,1288.179716
132.197371,158,1288.324961
59.574196,67,1288.387321
438.592613,474,1288.970281
168.735045,152,1289.257478
98.219197,109,1289.355514
57.082253,93,1289.439926
145.595869,136,1289.563321
141.880314,133,1289.689524
117.888455,111,1289.935744
144.76286,132,1290.057654
176.218116,162,1290.206165
77.483122,85,1290.28863
93.70371,96,1290.520224
61.358177,203,1290.704185
186.576365,169,1290.856429
151.687333,139,1291.131307
162.972025,152,1291.27193
89.855869,90,1291.355109
106.420193,109,1291.454677
95.479824,101,1291.553863
165.546358,155,1291.835942
122.243667,128,1291.954097
116.289043,111,1292.069021
112.408622,110,1292.178799
262.661947,233,1292.52955
-34.748943,211,1292.721453
254.221156,237,1293.085741
139.503162,137,1293.209666
148.660594,137,1293.336135
148.543661,135,1293.618505
160.44333,157,1293.762582
92.339412,91,1293.844621
174.318978,161,1293.993607
149.329148,134,1294.258413
3.412792,151,1294.396621
114.768827,112,1294.498224
241.414973,212,1294.837207
264.486884,246,1295.060943
165.504051,150,1295.200373
-85.536245,150,1295.491308
143.056506,131,1295.609587
111.124033,110,1295.710118
64.517115,69,1295.772075
77.962893,82,1295.852591
89.05393,91,1296.099198
81.646341,85,1296.177311
125.125972,124,1296.292812
172.871377,156,1296.437937
58.426119,69,1296.508453
122.61302,123,1296.859391
211.997013,199,1297.041512
153.263886,143,1297.182966
92.097021,91,1297.274687
67.174243,71,1297.590635
219.45057,198,1297.76949
317.269879,386,1298.358276
100.859038,100,1298.450275
84.513952,100,1298.541104
87.116714,92,1298.636158
121.995008,116,1298.978951
88.269904,89,1299.289309
129.371948,131,1299.410602
99.71145,100,1299.503135
160.673202,149,1299.640457
274.250421,250,1300.021093
90.217781,88,1300.102158
129.18228,122,1300.219429
69.297857,75,1300.488899
87.514254,91,1300.570977
131.26199,151,1300.708881
215.53349,196,1300.896963
74.307048,206,1301.23709
132.163281,126,1301.358085
76.688201,82,1301.435465
136.203797,130,1301.563922
233.646598,210,1301.891268
133.609244,130,1302.007829
200.752261,181,1302.176712
95.767899,95,1302.400581
104.519463,102,1302.49193
91.657101,122,1302.603259
182.730317,187,1302.77932
143.568573,142,1303.052019
88.152293,90,1303.13464
73.58117,82,1303.208652
-57.465922,174,1303.372966
192.335437,174,1303.680564
151.440611,141,1303.812219
92.681541,95,1303.898914
232.194415,228,1304.261808
77.265405,85,1304.340922
179.588769,165,1304.493224
156.509233,146,1304.634352
71.492412,83,1304.852261
208.591995,186,1305.023546
126.365957,121,1305.135245
108.882164,105,1305.235891
104.184256,105,1305.474383
63.602224,70,1305.538186
45.479932,55,1305.587235
75.873089,78,1305.659977
98.151342,104,1305.755912
157.024118,149,1305.900519
239.179698,214,1306.233398
104.266099,103,1306.327111
168.982251,159,1306.477855
180.358629,175,1306.783832
68.817495,76,1306.856485
83.905895,85,1306.935741
193.849884,181,1307.109761
83.257689,92,1307.334798
158.001473,145,1307.466559
134.133302,127,1307.583987
133.99203,131,1307.705936
119.766702,119,1307.959143
125.982903,124,1308.074958
99.65607,100,1308.169538
212.950375,195,1308.354427
396.445249,341,1308.80827
116.282512,117,1308.915858
115.298779,112,1309.170939
152.426716,165,1309.321522
67.933015,79,1309.394243
64.439514,70,1309.458944
245.501548,226,1309.850228
164.194702,146,1309.980432
150.623629,139,1310.109152
153.578109,158,1310.264591
94.903722,99,1310.505575
103.558725,114,1310.609118
137.035094,129,1310.725593
77.248333,82,1310.799378
162.674743,159,1311.113753
164.276498,151,1311.25517
87.717041,91,1311.340494
137.320865,129,1312.056352
256.93662,233,1312.440317
154.506295,154,1312.579532
120.837939,118,1312.690803
90.963376,108,1312.951948
209.708648,185,1313.122946
112.640989,111,1313.224239
60.066402,136,1313.353696
168.682629,156,1313.690076
160.310304,149,1313.828195
225.442458,206,1314.028665
183.692913,168,1314.35486
-0.358175,116,1314.462007
154.638052,143,1314.594146
125.446094,123,1314.718966
236.223518,210,1315.077913
-8.46784,135,1315.202161
63.493486,70,1315.266304
57.27166,64,1315.330344
145.848554,137,1315.635833
122.504687,119,1315.745657
184.712673,190,1315.921829
103.662545,104,1316.03069
105.661299,110,1316.294995
153.37048,143,1316.429998
44.582803,275,1316.92408
85.663524,90,1317.006965
112.473471,111,1317.107633
72.918403,78,1317.180223
144.767688,138,1317.31526
-5.921998,91,1317.405683
171.650794,164,1317.725474
51.179856,60,1317.782363
154.196259,144,1317.916977
206.403062,205,1318.292181
122.4682,120,1318.400717
118.898472,114,1318.505405
203.4132,213,1318.709696
30.679111,116,1318.979996
69.989966,75,1319.047567
94.881286,93,1319.132996
268.81065,264,1319.673905
80.640569,89,1319.754728
-63.840572,109,1319.853833
39.335007,113,1319.962989
230.435219,206,1320.320957
139.574768,135,1320.444152
141.514835,143,1320.574569
90.037927,97,1320.661373
51.679212,88,1320.750882
237.530794,251,1321.149498
93.276837,94,1321.235279
194.810203,224,1321.67434
290.143351,259,1321.913602
208.321714,222,1322.363489
78.461309,81,1322.434639
-29.635822,144,1322.564695
124.472103,130,1322.682792
161.132382,150,1323.0093
279.470197,259,1323.2459
186.785588,178,1323.415716
169.817763,160,1323.817679
111.675654,108,1323.915601
101.167128,101,1324.007213
111.918648,121,1324.128999
108.280542,254,1324.514276
153.374039,148,1324.652044
154.928595,170,1324.813443
205.340697,182,1325.591049
157.547746,150,1325.728918
169.091434,159,1325.874425
138.203373,139,1326.189174
183.01153,176,1326.349692
154.311076,147,1326.486901
110.281848,112,1326.813025
173.501321,168,1326.968446
90.290461,95,1327.057388
60.235601,64,1327.119023
164.559807,153,1327.274197
96.988725,103,1327.576576
138.901234,129,1327.69289
104.230393,104,1327.786972
92.097055,95,1327.879798
165.642757,151,1328.23623
173.191179,159,1328.38122
84.964717,88,1328.461473
112.817921,110,1328.568935
224.146793,308,1329.036266
93.010733,93,1329.120264
145.648871,141,1329.255659
132.588499,128,1329.626363
175.983211,172,1329.783441
85.613491,87,1329.866444
98.962948,105,1329.971159
113.577209,114,1330.259119
238.38592,212,1330.456097
68.935,75,1330.524411
126.046984,124,1330.640828
83.923493,89,1330.931826
143.829927,166,1331.08784
82.389836,90,1331.169866
-58.140556,119,1331.28038
199.540116,196,1331.637596
91.06444,98,1331.728766
102.656406,101,1331.821665
103.035156,100,1331.91319
141.136247,128,1332.040366
58.905708,67,1332.321605
8.673247,224,1332.523179
250.570557,230,1332.748129
167.727381,161,1333.050503
147.968977,138,1333.176453
88.262954,88,1333.256479
237.524173,209,1333.599719
134.109226,125,1333.710992
125.854522,125,1333.822782
89.413207,92,1333.90452
134.389023,127,1334.193163
69.472409,75,1334.261214
68.052263,72,1334.325967
78.008084,88,1334.407293
133.213107,129,1334.524045
82.360343,91,1334.616807
199.966257,183,1334.93888
134.462132,132,1335.058813
90.521103,100,1335.148341
149.784519,145,1335.426206
87.686888,89,1335.509048
81.116944,87,1335.586184
239.085263,220,1335.789413
163.912946,158,1336.080733
209.23601,196,1336.258481
82.492981,107,1336.357093
300.725037,272,1336.75587
171.652072,170,1336.914902
205.755539,197,1337.105549
147.095941,144,1337.38454
202.766069,189,1337.559533
61.478137,67,1337.620169
83.373272,87,1337.707997
75.378932,83,1337.926033
81.292665,84,1338.003005
199.487981,190,1338.17683
172.360706,170,1339.411739
180.753412,170,1339.70866
156.970818,143,1339.838297
153.569472,146,1339.969951
71.579828,79,1340.050254
147.007902,141,1340.319863
185.45539,171,1340.476621
132.31141,125,1340.592669
72.341336,76,1340.669007
243.721077,228,1341.019878
141.82482,133,1341.141912
72.590108,83,1341.220089
158.732915,160,1341.519939
130.980438,123,1341.635871
57.049309,64,1341.695973
-65.872539,100,1341.790581
469.54092,443,1342.345041
193.729231,177,1342.513889
71.314871,78,1342.725375
61.516974,69,1342.78826
264.222397,320,1343.11244
240.367737,227,1343.467582
69.677838,75,1343.53722
-18.997107,156,1343.681353
123.585387,118,1343.797253
51.341216,60,1343.995014
98.450669,102,1344.090361
180.595732,172,1344.247068
135.21301,127,1344.366747
214.686061,239,1344.73142
248.493137,274,1344.98572
154.801529,146,1345.26334
206.275503,181,1345.430145
297.755294,296,1345.849841
193.069341,191,1346.027504
144.707502,140,1346.155554
142.070507,171,1346.464013
-17.381182,183,1346.63447
52.879968,61,1346.691226
-57.667312,122,1346.808446
134.951182,130,1347.078627
127.450078,126,1347.195019
56.775957,65,1347.254372
132.780785,128,1347.372565
151.970087,148,1347.515822
140.527982,140,1347.785146
194.306308,171,1347.943742
37.041903,96,1348.031499
57.4628,64,1348.094797
148.317273,157,1348.387448
88.603403,93,1348.472823
195.576313,179,1348.635929
172.949436,166,1348.933654
51.226503,61,1348.988688
365.013058,362,1349.322762
83.774963,89,1349.549342
116.348164,112,1349.649528
249.157562,225,1349.854822
80.866353,81,1349.930459
108.255296,116,1350.1817
97.860196,101,1350.274976
73.394152,77,1350.34526
184.803199,177,1350.506686
173.729155,170,1350.814386
72.436364,78,1350.887603
-5.727945,108,1350.989412
123.981503,121,1351.100842
159.902486,152,1351.394257
57.203015,67,1351.455322
206.29031,230,1351.887089
70.738672,76,1351.957299
22.67844,175,1352.25552
170.337748,159,1352.398631
132.080044,135,1352.521052
132.563605,216,1352.867925
130.008915,132,1352.990091
151.811531,141,1353.11994
-68.913849,311,1353.549555
77.394388,94,1353.634255
71.013153,76,1353.703926
181.245439,169,1353.861342
155.321444,151,1354.144215
140.205492,138,1354.26988
238.057432,316,1354.700743
224.683792,205,1354.889261
173.423364,233,1355.105949
109.627166,114,1355.363846
297.534208,259,1355.60131
54.987876,66,1355.661989
68.962241,73,1355.735082
117.202285,115,1355.985336
127.517735,123,1356.097883
186.394925,173,1356.258698
219.449652,211,1356.59646
63.527398,83,1356.674198
152.883861,185,1356.843822
162.678035,149,1356.987785
112.144296,114,1357.25125
66.211009,72,1357.31645
116.149569,115,1357.421025
126.24929,135,1357.543986
93.029872,102,1357.645159
142.908943,138,1357.910994
140.828078,139,1358.040056
216.285437,196,1358.223321
171.1541,196,1358.543579
122.610437,157,1358.687327
38.68169,48,1358.730966
61.179096,68,1358.792842
91.007316,99,1359.032088
173.020715,160,1359.177802
-30.329952,185,1359.347619
113.317459,111,1359.453966
48.039698,73,1359.661363
101.930139,100,1359.752494
74.845812,75,1359.819495
147.679293,139,1359.948188
177.959027,163,1360.105798
157.564759,153,1360.382748
69.167832,75,1360.452601
155.482384,145,1360.582897
432.616481,399,1361.098563
130.31249,121,1361.208768
157.633302,148,1361.496808
103.98269,104,1361.592753
56.775607,77,1361.665743
93.851106,94,1361.754824
163.906098,233,1362.125283
81.066742,85,1362.201864
246.481058,230,1362.411214
241.45953,208,1362.749651
73.324673,83,1362.82566
137.697051,139,1362.9519
93.045378,91,1363.034016
145.287307,133,1363.157983
110.15278,112,1363.405495
128.578296,125,1363.519038
157.115164,145,1363.651567
95.830241,100,1364.19881
217.708597,200,1364.527347
104.43333,103,1364.621049
-4.835471,202,1364.80547
255.412783,235,1365.174119
112.737382,110,1365.274266
128.222228,127,1365.390156
60.376116,68,1365.456934
122.060358,155,1365.742365
131.429843,128,1365.860644
155.411391,145,1365.992356
62.528668,71,1366.059345
208.353022,206,1366.394454
231.844849,242,1366.617602
64.591151,72,1366.688245
60.163708,66,1366.896054
97.321061,98,1366.98677
138.030593,140,1367.114856
50.67961,63,1367.171994
156.683743,163,1367.325677
80.740908,86,1367.551127
99.345096,114,1367.656144
84.557291,85,1367.734699
138.504906,136,1367.860817
91.05813,91,1367.949677
5.282504,171,1368.249084
159.284651,148,1368.383281
-241.555895,384,1368.879737
139.916942,134,1369.001262
251.66953,224,1369.222172
251.854163,240,1369.590129
160.336763,151,1369.727112
74.826695,80,1369.804658
94.212088,105,1370.077383
246.209623,242,1370.295187
89.570545,94,1370.382195
148.10438,149,1370.708529
203.422582,186,1370.878109
213.567764,199,1371.06353
129.534763,130,1371.384628
135.682591,129,1371.499482
169.834447,164,1371.665462
159.812994,150,1371.815602
231.256081,211,1372.192889
117.580604,118,1372.298448
162.732626,162,1372.453352
376.714036,376,1372.975743
156.455538,149,1373.118974
73.418415,76,1373.350441
112.447089,110,1373.448803
106.981929,116,1373.555934
74.078894,81,1373.628783
63.444027,70,1373.692652
87.19831,90,1373.784228
148.092688,153,1374.065607
130.435245,129,1374.183866
65.53766,71,1374.249014
100.85946,100,1374.344311
42.773038,50,1374.394569
158.835105,218,1374.729805
227.400961,209,1374.919982
68.786359,72,1374.992939
136.496718,133,1375.25885
281.347057,254,1375.490505
156.773972,143,1375.628587
178.518797,181,1375.932771
109.257157,114,1376.037232
123.739088,124,1376.14961
90.088257,91,1376.238206
153.568431,142,1376.509224
122.393805,132,1377.133989
184.188526,175,1377.300057
87.3583,96,1377.52387
121.494225,116,1377.63179
103.136169,151,1377.771301
102.670677,104,1377.86552
103.083388,103,1377.965863
113.9816,111,1378.208983
48.57433,121,1378.318465
120.882262,120,1378.426062
80.282926,91,1378.507767
132.098371,145,1378.785831
91.239419,172,1378.939838
-34.47337,123,1379.052479
63.562297,69,1379.115212
77.420746,83,1379.196706
92.69644,93,1379.422952
92.788021,93,1379.508548
117.210036,115,1379.613346
134.413798,129,1379.732276
139.860253,147,1380.042393
87.923607,92,1380.125202
153.772023,141,1380.253453
113.019577,110,1380.353948
287.065962,259,1380.776684
12.651435,115,1380.881965
73.051111,78,1380.953412
67.159133,73,1381.024062
114.259887,113,1381.280879
118.298258,222,1381.482774
121.15594,117,1381.588467
106.435936,112,1381.694417
121.146829,495,1382.309933
54.838989,60,1382.37284
112.641984,115,1382.621336
68.717291,73,1382.689286
77.820794,78,1382.762245
136.84592,174,1382.921866
87.484671,102,1383.161121
103.431061,109,1383.25863
84.777158,91,1383.339958
118.147847,111,1383.440142
66.401611,72,1383.505488
139.46964,131,1383.802915
144.972507,137,1383.93033
95.20861,98,1384.020734
199.993743,183,1384.193109
94.016671,97,1384.454675
111.219096,110,1384.553136
154.520586,140,1384.677961
238.305986,420,1385.225623
187.469024,177,1385.38406
120.911586,120,1385.498141
-9.399416,112,1385.760013
159.678701,155,1385.900689
127.260963,123,1386.011162
59.385735,67,1386.07365
90.290311,94,1386.360676
-6.770959,115,1386.473378
66.400398,72,1386.540137
202.328663,183,1386.709435
321.173757,328,1387.174423
65.97691,167,1387.324737
223.204222,211,1387.667121
90.245451,91,1387.748965
169.47775,157,1387.890884
251.536226,291,1388.302818
202.695098,186,1388.470312
176.392339,174,1388.632522
152.469719,138,1388.898838
150.412593,149,1389.033827
196.257826,182,1389.200058
112.19762,111,1390.024966
120.073971,123,1390.13656
207.828181,183,1390.302298
120.116473,119,1390.411412
182.905427,182,1390.731497
183.547647,182,1390.895002
190.311514,182,1391.063629
200.093072,185,1391.37023
72.180869,78,1391.440957
183.395418,169,1391.597373
154.394698,145,1391.878824
139.191789,132,1391.99927
312.194203,314,1392.302234
229.375785,209,1392.64745
118.9098,117,1392.757358
130.849534,132,1392.880466
239.752883,220,1393.232202
154.243219,148,1393.368173
214.117555,216,1393.57166
267.88089,247,1393.941679
157.866096,167,1394.097372
120.005911,127,1394.223357
284.209978,257,1394.609917
172.580989,157,1394.75159
97.785535,99,1394.851347
70.839616,74,1395.060719
160.44562,152,1395.204111
165.472569,165,1395.355794
283.085366,286,1395.76649
139.99691,137,1395.891914
95.839549,98,1395.982099
54.181015,63,1396.04377
72.843138,78,1396.258689
99.976562,102,1396.352304
106.824085,102,1396.447621
159.429031,160,1396.595176
177.978534,169,1396.893797
103.538758,105,1396.993798
70.401602,79,1397.065182
179.87818,168,1397.22002
181.518084,199,1397.56886
103.543827,103,1397.661439
125.195804,124,1397.774275
114.603474,111,1397.878326
126.839207,123,1398.225946
141.277276,137,1398.351825
61.592427,67,1398.413925
198.60493,196,1398.606041
279.83161,249,1399.012455
167.361196,160,1399.159852
318.926078,303,1399.607322
71.388465,77,1399.676798
126.90281,137,1399.801707
83.901657,87,1399.885253
51.401374,59,1399.944235
85.551859,88,1400.178259
226.823351,219,1400.376149
173.675578,167,1400.53037
183.348705,174,1400.837722
27.452226,101,1400.928775
152.277021,144,1401.060293
112.359495,169,1401.365315
233.477715,216,1401.563583
160.099481,162,1401.710036
118.285136,118,1401.826143
142.475486,133,1402.09033
142.46443,153,1403.378285
63.18253,71,1403.450675
127.952667,127,1403.566657
93.265242,96,1403.789001
228.437794,209,1403.97939
104.411606,110,1404.079964
139.395265,139,1404.35546
225.172545,196,1404.532675
167.068854,154,1404.674332
104.217523,103,1404.772743
105.622295,110,1405.014506
76.345946,79,1405.086608
195.835235,172,1405.245419
163.947993,152,1405.388849
152.033437,146,1405.66346
76.622606,83,1405.739143
120.872452,124,1405.85294
126.010078,125,1405.967797
131.694878,140,1406.242058
158.322745,175,1406.402568
60.178304,65,1406.461871
129.120603,130,1406.58185
90.340711,91,1406.812745
129.410998,123,1406.929225
222.553685,201,1407.114419
108.053926,111,1407.219818
166.460911,159,1407.515994
15.510966,124,1407.630807
67.077052,73,1407.697014
165.57671,163,1407.846419
192.644584,188,1408.160868
154.005376,147,1408.295177
57.084159,63,1408.35237
89.242451,90,1408.434561
129.606009,178,1408.744468
96.365045,101,1408.83969
126.899197,124,1408.954175
71.952989,74,1409.022741
50.631083,58,1409.081269
114.290048,114,1409.33033
152.92905,169,1409.481885
166.393746,161,1409.628481
69.182067,83,1409.706592
68.258232,72,1409.917964
87.06235,89,1409.99851
137.269225,131,1410.117812
156.402979,148,1410.253486
298.007012,310,1410.68196
146.819924,148,1410.815506
137.863236,128,1410.935385
298.76999,276,1411.336061
64.952504,75,1411.403681
101.195254,102,1411.498242
142.994427,134,1411.769498
72.443303,74,1411.836828
84.233009,84,1411.925453
91.290318,93,1412.011962
130.425809,175,1412.179202
203.632855,185,1412.503346
146.486376,140,1412.633856
88.023614,88,1412.714533
125.452626,119,1412.833645
136.228616,138,1413.10459
154.893682,147,1413.239531
159.486566,156,1413.381983
163.727038,151,1413.666075
233.954102,213,1413.858381
175.462385,161,1414.004604
257.096893,240,1414.369903
-34.48245,118,1414.480245
276.692786,245,1414.715964
114.071328,115,1414.960679
229.665731,217,1415.159715
67.510833,71,1415.224511
68.311759,76,1415.298099
109.377637,111,1416.158217
77.061701,84,1416.236514
64.042115,72,1416.303094
-64.255109,188,1416.475527
160.306694,150,1416.761436
262.507785,276,1417.022046
223.54486,203,1417.357593
145.58343,140,1417.486301
47.261342,57,1417.538887
179.832084,170,1417.696501
92.806129,104,1417.801438
101.743946,99,1418.034857
79.435597,81,1418.108777
108.252057,117,1418.215813
60.974437,66,1418.27603
67.464402,70,1418.339141
98.08424,98,1418.437977
175.142559,173,1418.734604
99.110992,109,1418.837404
111.301588,118,1418.944754
80.993111,87,1419.030991
62.816849,70,1419.238832
155.905254,158,1419.385422
233.878733,221,1419.590807
79.686235,84,1419.674817
213.771196,218,1420.012026
166.750965,169,1420.166672
85.080695,87,1420.253103
135.673883,129,1420.520657
91.995163,91,1420.603088
86.235743,91,1420.685132
67.035081,75,1420.752404
138.367038,132,1420.879489
163.711036,151,1421.160722
96.459444,94,1421.247694
159.689014,156,1421.390392
-26.379863,122,1421.508923
208.090205,189,1421.822112
154.279177,145,1421.956523
110.845579,110,1422.05867
153.914144,148,1422.34041
-23.140939,95,1422.428487
55.608982,76,1422.498003
116.446319,113,1422.599498
133.605875,306,1423.024419
129.50183,123,1423.137647
118.006754,119,1423.246181
130.44704,124,1423.383616
90.297069,93,1423.607831
210.890386,183,1423.774216
186.581866,175,1423.937896
96.73548,171,1424.239994
91.589856,94,1424.326657
126.211866,120,1424.437662
112.684823,108,1424.536217
95.366433,115,1424.788733
172.480999,161,1424.935655
120.653098,122,1425.047685
238.202729,230,1425.408339
140.001083,145,1425.538723
99.160596,100,1425.630253
147.550746,139,1425.756398
134.996115,138,1426.029043
310.449819,289,1426.292174
134.6299,130,1426.415893
114.892023,117,1426.668613
167.604847,158,1426.815359
250.826291,248,1427.049484
183.142625,170,1427.351537
112.047915,107,1427.452829
22.488626,98,1427.543556
103.411536,100,1427.637328
199.13335,231,1428.002369
222.120322,197,1428.413833
97.61976,152,1428.552505
90.812105,97,1428.781682
113.213611,114,1428.884145
191.064448,222,1429.09177
172.744692,168,1429.394743
220.284304,197,1429.573311
159.350632,160,1429.719553
69.084322,73,1429.793626
340.461967,299,1430.20653
69.234005,73,1430.274377
164.651986,158,1430.568968
89.984368,94,1430.656022
146.87358,144,1430.787893
107.084402,103,1430.882367
133.469984,262,1431.270645
70.581758,251,1431.500053
104.24134,106,1431.601787
143.029898,134,1431.872919
323.950647,284,1432.133068
212.357631,207,1432.474961
161.986493,155,1432.616078
135.661088,131,1432.739491
202.725657,181,1433.053828
126.253918,177,1433.215459
137.289721,135,1433.338438
154.114353,143,1433.47265
140.802619,131,1433.73705
152.611084,153,1433.8754
117.410991,121,1433.985724
142.067899,150,1434.129999
60.449129,211,1434.465532
146.563007,145,1434.599204
-21.998293,118,1434.717835
74.06823,78,1434.938048
288.681879,262,1435.177663
228.037272,207,1435.375657
100.523456,106,1435.609823
230.962709,259,1435.847913
114.540597,126,1435.969264
103.157894,109,1436.210038
144.278523,144,1436.340445
194.26741,174,1436.500278
-113.540499,188,1436.820157
119.720486,127,1436.941501
100.448759,100,1437.036625
158.534029,157,1437.187247
195.639988,174,1437.490492
202.55182,186,1437.65695
190.611486,179,1437.827648
397.674243,436,1438.389549
163.272456,154,1438.687843
69.622061,74,1438.755687
242.162138,227,1438.961687
145.992301,143,1439.102272
168.388027,186,1439.410404
125.101203,133,1439.530746
351.946465,319,1439.966333
161.573485,195,1440.146478
-187.517732,267,1440.922275
180.314809,165,1441.073777
108.047499,109,1441.173409
175.7034,162,1441.322798
207.005092,200,1441.645156
131.71053,122,1441.756047
156.279182,171,1441.918747
-24.482643,122,1442.172387
114.898824,113,1442.273345
149.896821,143,1442.402999
144.0493,138,1442.532232
233.914703,216,1442.870756
90.318088,92,1442.952779
274.053378,239,1443.316192
97.452584,101,1443.408344
299.230112,258,1443.643254
129.767924,129,1443.76966
143.164565,148,1444.043638
145.740294,142,1444.172191
54.925755,62,1444.228204
135.834745,162,1444.383088
67.440914,72,1444.588363
109.123274,111,1444.690692
227.395077,216,1444.884553
245.026599,223,1445.238023
63.993877,72,1445.30411
129.178592,144,1445.435506
43.240262,103,1445.527884
171.559935,155,1445.81583
115.561916,129,1445.933852
234.707988,215,1446.129918
133.240239,127,1446.40228
137.397539,132,1446.522048
159.570324,157,1446.667031
81.025417,86,1446.74579
93.6236,97,1446.845017
162.19829,153,1447.128099
123.673357,117,1447.234798
148.896408,145,1447.367382
93.630918,98,1447.462219
108.159807,112,1447.706463
126.051379,122,1447.816705
22.376943,196,1447.993364
269.83725,262,1448.378935
161.846792,152,1448.519642
156.118198,176,1448.687755
63.997264,73,1448.897147
161.244871,155,1449.040246
96.175657,96,1449.129605
129.541195,136,1449.257026
117.422081,123,1449.517995
75.376489,79,1449.590633
-10.679801,89,1449.673792
177.254883,165,1449.825978
61.031122,69,1449.891525
190.249628,170,1450.192139
-17.990933,161,1450.358178
201.473374,179,1450.526463
-37.856148,117,1450.781681
163.81705,162,1450.931322
104.056036,103,1451.023846
256.583221,232,1451.382443
68.234849,74,1451.451175
119.570827,119,1451.560303
58.146604,65,1451.617884
164.384605,171,1451.773666
133.170158,171,1452.077398
155.557028,149,1452.214063
127.255667,137,1452.338797
106.229912,112,1452.588005
102.091785,102,1452.680088
149.16326,137,1452.80575
196.398097,182,1453.54414
21.531055,84,1453.622629
287.362398,253,1453.99498
122.394307,122,1454.107144
254.360767,297,1454.524439
130.955045,127,1454.643265
122.158289,123,1454.754726
111.474494,255,1455.134773
234.454973,218,1455.334631
244.628049,231,1455.690749
115.796358,115,1455.796007
86.24095,89,1455.877414
106.685898,107,1455.97489
61.159553,69,1456.042992
167.345247,153,1456.330089
207.816996,202,1456.520061
204.954329,201,1456.71698
122.246421,115,1456.963362
120.848299,136,1457.087167
145.666182,140,1457.216427
138.395435,370,1457.707559
101.639089,105,1457.804811
89.203839,95,1457.895228
82.931257,87,1458.12339
237.332697,223,1458.328239
100.592157,105,1458.424207
101.872659,107,1458.526301
70.897849,73,1458.7544
145.96726,137,1458.878625
184.434682,171,1459.032112
373.765829,342,1459.583361
78.081446,81,1459.655265
97.867345,99,1459.745313
84.864232,86,1459.831136
214.794614,197,1460.256334
121.549382,118,1460.361386
248.721699,221,1460.577708
109.014974,108,1460.854966
201.822378,180,1461.017575
112.488202,109,1461.117017
154.448634,145,1461.26121
298.474534,270,1461.684022
157.977067,150,1461.826037
200.723836,179,1462.22929
191.800351,173,1462.387689
173.118007,164,1462.544241
169.301912,158,1462.910922
36.062696,88,1462.991601
90.876155,99,1463.082746
117.995996,233,1463.30457
129.485521,127,1463.751112
117.850836,117,1463.856699
124.978235,120,1463.977143
77.650905,84,1464.065439
128.358647,132,1464.464037
152.362166,146,1464.597258
247.131111,219,1464.806403
136.142826,131,1464.942186
211.496229,216,1465.359155
96.484955,104,1465.452691
174.208852,183,1465.633744
297.069271,270,1466.065686
5.530675,153,1466.210011
329.103184,373,1467.186883
170.616035,196,1467.365117
81.747675,90,1467.59865
179.891291,164,1467.74917
215.75447,194,1467.928602
28.245723,108,1468.035344
214.89552,203,1468.375729
251.461742,229,1468.586577
154.252152,144,1468.871832
145.420565,163,1469.019394
158.317732,163,1469.16819
130.020479,131,1469.463115
88.274228,91,1469.544498
123.184905,120,1469.653256
196.880303,189,1469.823789
50.53233,59,1469.884586
107.099126,112,1470.226373
119.550425,218,1470.421726
35.24434,47,1470.466147
-18.089978,109,1470.577448
175.771559,160,1470.93221
67.274287,81,1471.006355
108.603098,173,1471.162831
218.042698,224,1471.589825
166.592343,155,1471.730071
209.323005,258,1471.980549
219.597544,212,1472.371264
62.736789,70,1472.435839
136.095189,152,1472.576693
192.233301,178,1472.917864
77.338238,86,1472.996928
110.160386,118,1473.106812
88.559035,89,1473.186985
107.28953,104,1473.291076
87.283303,94,1473.535977
212.01484,189,1473.705911
186.992864,258,1473.949591
101.31139,102,1474.19561
148.298054,149,1474.331468
163.431634,159,1474.476775
170.758645,157,1474.785407
128.796126,146,1474.919037
222.425859,199,1475.100504
89.693826,92,1475.190378
132.51684,136,1475.474014
116.860047,125,1475.58582
140.827736,135,1475.710042
117.232008,113,1475.819654
127.764204,128,1476.0877
133.321212,127,1476.205199
131.332647,131,1476.326147
202.546473,300,1476.758956
288.58573,264,1477.004314
212.507121,196,1477.338518
147.936237,156,1477.484992
-113.702237,279,1477.750913
128.287023,125,1478.006581
82.216144,89,1478.087539
98.507954,97,1478.177655
59.554633,73,1478.243991
185.925212,172,1478.55531
128.120312,128,1478.67435
344.353857,372,1479.171556
253.088322,238,1479.391332
174.453172,156,1480.135991
367.148811,336,1480.578912
123.344955,123,1480.691047
56.273783,63,1480.750344
117.125301,117,1481.00223
237.16814,230,1481.214717
168.542781,180,1481.381767
115.825479,118,1481.639406
146.051163,195,1481.816202
195.345319,180,1481.983079
98.99684,99,1482.222109
57.818037,65,1482.282219
161.967583,157,1482.426151
125.086104,131,1482.546975
217.851376,203,1482.882398
174.434997,163,1483.030001
247.356121,239,1483.253712
-2.62771,492,1483.842607
249.59788,229,1484.198927
244.406275,240,1484.419655
71.869523,75,1484.493435
135.467695,196,1484.817105
73.058047,81,1484.889777
119.326018,304,1485.312288
405.927459,511,1485.924855
224.980266,204,1486.114916
225.992114,227,1486.326086
109.65699,292,1486.756511
152.063913,153,1486.901174
155.688889,155,1487.200408
338.232042,303,1487.483024
-73.39565,337,1487.955836
76.298013,82,1488.030848
177.330211,169,1488.187341
244.549264,223,1488.541678
145.783672,138,1488.668389
260.309446,238,1488.893319
124.832535,122,1489.177633
164.955664,153,1489.316091
233.989776,231,1489.534335
266.241443,409,1490.06876
114.141302,129,1490.386966
196.116482,184,1490.554785
235.043318,216,1490.757493
98.133784,102,1490.863439
58.833859,66,1491.097327
88.154873,94,1491.183223
142.448546,143,1491.315911
142.22911,142,1491.455096
147.621421,262,1491.887047
137.556061,127,1492.004994
138.978289,133,1492.134197
72.708436,79,1492.390006
136.958464,135,1492.809527
105.361105,103,1492.903837
-123.274064,330,1493.364039
83.264269,85,1493.440911
63.229233,69,1493.506091
332.788051,310,1493.967449
70.3436,75,1494.033892
152.991173,148,1494.167227
180.774225,171,1494.326109
182.961233,172,1494.682808
188.215676,179,1494.848378
114.134842,118,1494.958107
132.440745,126,1495.090976
189.838832,174,1495.41708
-24.719415,99,1495.506883
108.626875,110,1495.607367
320.98792,302,1496.059398
295.083186,266,1496.306534
115.649926,127,1496.594146
127.780648,122,1496.70703
73.97931,78,1496.777397
142.519649,142,1496.91907
96.861493,99,1497.020048
137.729635,137,1497.325336
-59.212904,119,1497.433106
142.403958,133,1497.553542
186.409859,180,1497.878598
47.238091,56,1497.930076
121.726727,126,1498.047343
185.535961,179,1498.212966
202.203403,212,1498.556839
227.648851,204,1498.741861
197.254937,185,1498.918129
132.231754,122,1499.168684
268.489912,242,1499.388904
110.135534,111,1499.492365
87.41635,95,1499.722011
181.921656,187,1499.890406
160.628134,196,1500.067396
79.739929,84,1500.151719
105.622934,109,1500.389594
108.539918,112,1500.489973
128.000132,125,1500.602277
199.846164,197,1500.923194
218.663994,229,1501.130661
224.420584,208,1501.323817
97.368364,98,1501.571306
171.807768,187,1501.740598
187.35137,171,1501.89654
158.37785,146,1502.183579
213.077426,202,1502.368075
93.920055,97,1502.457448
88.865696,114,1502.565105
118.721294,113,1502.817769
221.764236,204,1503.002312
234.041361,229,1503.216757
124.009809,242,1503.609336
206.326178,209,1503.803456
80.084416,85,1503.889043
142.311045,137,1504.164323
251.901196,234,1504.381382
125.867395,121,1504.50089
199.528007,191,1504.874967
122.545445,120,1504.981735
246.3432,225,1505.391983
155.165682,148,1505.684411
125.706311,124,1505.797547
137.70645,134,1505.923115
75.27373,79,1506.000273
124.26876,125,1506.266244
261.728762,290,1506.531956
-50.092211,108,1506.639214
46.958965,100,1506.947567
110.940859,110,1507.051987
86.274938,90,1507.136849
138.859705,140,1507.275917
194.188477,182,1507.617684
101.88237,102,1507.71243
67.456809,73,1507.778303
154.180376,145,1507.912484
146.014705,182,1508.239418
173.887961,169,1508.393957
141.483434,136,1508.518789
313.308331,317,1508.981744
94.349455,178,1509.143221
6.479787,95,1509.233891
170.760032,162,1509.58911
201.313715,181,1509.757259
138.448215,136,1509.888565
177.509204,164,1510.213869
-14.287232,209,1510.404998
198.961775,181,1510.575715
255.34035,262,1511.018262
114.471441,116,1511.124537
154.723743,148,1511.273477
197.022446,200,1511.636388
168.592041,155,1511.783237
65.400762,71,1511.850352
69.137338,78,1511.942406
279.019616,251,1512.317941
99.740821,111,1512.421431
122.125078,123,1512.539416
61.017645,142,1512.812914
138.809129,129,1512.931393
288.237492,249,1513.161356
179.145957,263,1513.545047
174.683162,167,1513.696829
182.763843,179,1514.007793
120.011919,116,1514.112993
172.163337,171,1514.269448
351.097437,327,1514.716839
243.248618,226,1514.923037
200.944163,188,1515.241272
154.665779,362,1515.574115
21.81766,270,1515.969322
117.917574,121,1516.079567
157.421321,163,1516.230748
33.01849,114,1516.480996
179.064345,161,1516.628871
71.813289,78,1516.702018
24.89898,229,1517.059665
266.637497,277,1517.317707
138.739901,139,1517.46528
-27.147895,98,1517.702755
150.744821,302,1518.868075
139.114668,142,1518.996087
88.010814,89,1519.214695
131.940272,124,1519.327815
174.663612,165,1519.476978
175.963632,162,1519.631673
10.404768,116,1519.880008
168.12557,162,1520.027889
208.158953,197,1520.210549
135.521771,133,1520.479025
237.725275,253,1520.707963
89.708889,97,1520.797454
60.848792,101,1521.037381
132.406262,130,1521.153061
424.233652,408,1521.676699
1.464908,91,1521.760488
142.931642,136,1521.886682
292.063169,274,1522.284063
98.479345,105,1522.380777
169.912885,215,1522.576712
230.051935,206,1522.913119
200.870739,191,1523.085858
92.681228,100,1523.177405
129.080927,199,1523.509539
137.055129,135,1523.633712
126.50746,135,1523.758867
90.347766,95,1523.845893
155.332321,149,1524.129954
187.639513,211,1524.324735
96.169463,100,1524.4177
91.901527,97,1524.506458
113.102701,119,1524.76353
314.422864,314,1525.052158
112.890389,116,1525.162483
64.090977,69,1525.372231
187.402642,177,1525.534749
189.608726,175,1525.694092
17.53222,184,1526.006019
154.123722,144,1526.137807
216.980006,233,1526.353374
247.889576,249,1526.731505
-19.958531,166,1526.885125
-19.136142,99,1526.97821
156.285386,145,1527.256321
371.044348,416,1527.637731
128.519659,121,1527.89105
157.154112,147,1528.024906
77.769139,82,1528.100421
116.765172,118,1528.2084
77.447724,82,1528.290868
188.163979,182,1528.591892
77.835458,82,1528.668137
161.024003,147,1528.802794
127.649905,123,1529.065008
230.950762,239,1529.286443
-11.45898,128,1529.40157
220.30851,207,1529.734311
148.292932,163,1529.880383
69.023278,70,1529.944675
90.760387,94,1530.031098
195.110739,195,1530.357877
84.602338,89,1530.439734
211.284639,200,1530.619745
97.024978,98,1531.380097
182.143683,163,1531.66795
150.458321,141,1531.799868
68.814886,74,1531.86802
235.81328,220,1532.324367
236.405126,212,1532.515711
227.824878,201,1532.713325
127.385697,138,1533.010373
-17.67652,90,1533.090194
20.670234,77,1533.160033
207.00696,219,1533.367978
354.87593,497,1534.004383
159.257335,153,1534.330253
192.852296,423,1534.912337
213.46452,197,1535.091464
159.526804,149,1535.229398
174.885734,179,1535.570353
200.937707,184,1535.734379
100.330142,104,1535.827119
79.349954,81,1535.902355
171.148865,150,1536.215683
118.962883,145,1536.354496
70.714204,77,1536.425886
161.210928,149,1536.564364
104.485404,113,1536.681341
200.911559,193,1537.00488
151.554806,170,1537.160815
175.077981,196,1537.488633
77.547225,82,1537.562888
122.900366,115,1537.667693
164.172325,148,1537.805581
189.351215,177,1538.113854
268.158706,293,1538.381601
155.67539,150,1538.52577
402.082862,446,1539.073248
88.62825,95,1539.306795
161.207323,152,1539.44408
221.95513,223,1539.648169
202.45359,204,1539.982755
114.544171,116,1540.08846
187.624771,196,1540.26826
74.788936,82,1540.350129
121.045079,124,1540.606933
96.950062,97,1540.69658
186.799088,182,1540.863485
180.44877,162,1541.164858
122.410982,121,1541.272935
276.501641,256,1541.505503
241.450852,225,1541.865614
86.731769,94,1541.953382
184.722515,181,1542.131075
228.590034,206,1542.472581
62.28644,67,1542.533172
249.214179,228,1542.738304
194.017776,180,1543.051028
228.528789,220,1543.253245
85.238929,88,1543.333597
95.680898,99,1543.42831
234.324362,221,1544.267023
150.978085,221,1544.476968
168.543706,157,1544.759352
132.616818,131,1544.880315
349.960711,366,1545.360125
52.547055,100,1545.44945
248.588175,251,1545.675442
246.184805,219,1546.024068
119.576732,117,1546.129163
151.88226,140,1546.256086
138.33865,139,1546.391414
106.404814,107,1546.636508
-29.40964,111,1546.742391
127.362869,128,1546.861217
195.985673,180,1547.033885
191.695664,174,1547.333482
61.887806,72,1547.399988
0.560207,110,1547.502902
209.304375,192,1547.692376
112.572815,112,1547.93522
145.060329,170,1548.092523
130.171336,128,1548.208814
139.621556,138,1548.492864
218.396677,216,1548.6886
163.146855,153,1548.82881
66.352449,130,1549.104663
72.770517,78,1549.178335
170.696977,156,1549.322664
13.530391,124,1549.437213
72.051465,81,1549.518407
184.87276,189,1549.834601
158.056585,165,1549.985463
159.195576,149,1550.137634
130.952424,138,1550.407694
190.862322,187,1550.580392
152.823973,149,1550.717596
196.41668,179,1551.031425
97.309805,101,1551.124004
131.092244,129,1551.241414
103.927014,105,1551.339155
165.32616,168,1551.645057
-6.437075,116,1551.751637
201.514197,188,1551.925146
167.913928,157,1552.217517
121.188101,122,1552.331435
100.270025,106,1552.430323
163.472446,162,1552.578555
291.752068,276,1552.982803
269.816156,244,1553.207405
147.566615,153,1553.499683
160.700128,148,1553.63361
165.524902,182,1553.799806
234.164513,217,1554.147716
-2.184384,145,1554.278397
113.933656,114,1554.384116
254.808236,233,1554.746056
65.509886,70,1554.809572
259.50359,241,1555.028536
283.549382,265,1555.426008
85.165161,94,1555.512594
128.680048,124,1555.624446
97.215024,144,1555.762415
114.08851,113,1556.005702
127.671418,132,1556.124976
162.259239,152,1556.26418
75.790662,81,1556.816642
139.054944,142,1557.107116
266.403596,230,1557.321398
225.001218,203,1557.682936
95.049112,210,1557.874772
186.48641,179,1558.038656
108.858966,302,1558.477654
83.549512,87,1558.556941
86.064504,94,1558.642608
145.719673,138,1558.91561
206.283531,195,1559.095541
262.830745,261,1559.33911
182.263112,258,1559.714437
73.440881,81,1559.789665
106.640511,109,1559.888138
143.982396,141,1560.166363
207.993607,210,1560.358824
207.208075,184,1560.526327
148.172713,146,1560.81821
93.509154,98,1560.909208
198.326356,189,1561.084331
21.689251,167,1561.250152
161.199159,163,1561.554364
96.893922,99,1561.648029
116.713108,241,1561.884645
165.514759,157,1562.176301
145.855447,142,1562.3073
123.406751,120,1562.417004
226.362928,219,1562.768501
106.573112,110,1562.870918
119.260518,119,1562.981555
89.819647,95,1563.071172
100.726891,104,1563.312174
101.711438,99,1563.401751
132.033336,228,1563.61123
164.99108,152,1563.760083
74.649521,83,1563.972667
63.776178,70,1564.037005
45.183825,54,1564.084634
167.149316,154,1564.224712
104.754326,106,1564.324156
131.233877,155,1564.607067
301.441923,300,1564.876719
113.522549,124,1565.138418
83.138919,86,1565.216986
57.634265,139,1565.341233
112.884715,108,1565.440284
138.300517,135,1565.567636
124.994925,123,1565.818459
125.07045,121,1565.929849
173.353409,177,1566.095985
185.108979,176,1566.412776
70.822727,77,1566.483895
184.200927,173,1566.640779
-54.788751,174,1566.808619
72.953254,79,1567.028637
229.633314,213,1567.228886
39.057414,79,1567.302543
204.670897,224,1567.685145
70.568963,74,1567.752061
109.15389,110,1567.853858
113.136668,117,1567.960454
155.244915,142,1568.096518
71.116062,78,1568.307959
224.908709,203,1568.495042
167.01766,156,1568.640345
64.949478,78,1568.719804
182.262682,189,1569.498996
181.932715,172,1569.660397
-19.131668,113,1569.763879
130.799183,127,1570.016164
67.105309,72,1570.081165
99.918207,98,1570.170021
138.908488,146,1570.304481
206.173384,184,1570.618189
149.500533,145,1570.750307
266.908538,271,1571.007404
428.300728,438,1571.577593
78.309945,80,1571.658809
92.708591,91,1571.89781
86.902541,91,1571.982626
140.660627,151,1572.120026
104.810504,106,1572.217525
229.822918,217,1572.580115
179.163105,162,1572.726623
100.056305,103,1572.820133
192.245637,178,1573.150818
199.303015,184,1573.315639
66.066401,72,1573.380646
251.344415,228,1573.750745
160.813587,147,1573.882571
149.333337,146,1574.015959
221.303615,200,1574.363931
97.442493,121,1574.474059
87.887793,95,1574.558998
380.654034,347,1575.033106
133.279355,129,1575.152505
167.67022,162,1575.302147
81.066394,84,1575.382081
205.169838,189,1575.742511
170.982953,164,1575.893366
183.295039,168,1576.053026
214.988577,193,1576.400532
405.81739,358,1576.738774
143.488523,145,1577.030223
162.870075,154,1577.169793
258.724202,245,1577.40495
122.323785,119,1577.664265
-11.853167,98,1577.7534
159.168182,162,1577.900993
214.414678,191,1578.228179
134.341642,131,1578.34771
92.516073,93,1578.430672
72.527421,78,1578.501969
109.302018,120,1578.614777
186.505819,169,1578.911987
238.43596,219,1579.112758
185.142331,194,1579.443864
61.985475,97,1579.531685
226.026184,210,1579.720066
447.941111,418,1580.27665
78.718203,134,1580.397855
151.210849,145,1580.708536
81.503541,82,1580.781834
172.6695,161,1580.924684
64.252683,72,1580.989298
114.395451,115,1581.09848
79.673798,81,1581.3559
132.177832,128,1581.470383
276.215653,241,1581.689236
164.883331,155,1582.721803
171.728156,161,1582.870644
174.100331,174,1583.030403
66.773058,71,1583.100971
145.575538,137,1583.451619
305.533274,262,1583.690859
169.735248,159,1583.851886
106.034095,113,1584.145917
176.605451,164,1584.294291
130.261247,126,1584.407744
287.840305,262,1584.844238
118.949804,115,1584.947665
238.217838,222,1585.154576
66.966155,73,1585.369883
65.907155,76,1585.437425
244.281708,247,1585.658979
142.642111,140,1585.79023
-17.509794,222,1586.166862
131.411652,132,1586.286347
268.586497,271,1586.71732
220.449848,207,1586.906267
226.284682,199,1587.100052
376.401093,368,1587.62076
121.392897,129,1587.74709
140.888854,129,1588.051444
270.805476,257,1588.286319
57.281768,63,1588.346488
161.353947,151,1588.649318
143.791739,148,1588.784452
138.289128,154,1588.927199
144.46697,141,1589.066605
130.09272,196,1589.402472
397.78145,386,1589.918752
95.446251,97,1590.007955
152.43751,140,1590.138397
109.246059,137,1590.266
162.12446,149,1590.600127
106.884496,219,1590.797216
135.34302,146,1590.93431
315.947115,312,1591.428463
86.519576,95,1591.516869
139.261261,148,1591.663386
89.8098,97,1592.070505
175.674729,219,1592.276049
200.038748,181,1592.46028
180.274841,168,1592.777457
292.271968,259,1593.014121
200.096545,202,1593.346631
133.296138,128,1593.462247
251.754999,239,1593.680395
138.960056,136,1593.951748
180.353752,164,1594.102546
-40.424598,233,1594.322257
71.647012,77,1594.5364
203.270576,195,1594.712786
-148.788886,406,1595.231418
290.52194,269,1595.886004
241.447017,231,1596.23627
63.814803,69,1596.300148
24.095128,201,1596.486562
141.799682,158,1596.779355
64.292161,71,1596.842834
475.327367,449,1597.409505
71.646886,78,1597.48246
2.62863,143,1597.617072
135.186722,136,1597.74446
97.980767,206,1598.130552
39.766154,54,1598.179862
203.184071,189,1598.352357
251.85011,286,1598.79749
-15.982993,120,1598.908564
124.600919,124,1599.021889
124.410803,125,1599.147442
120.47136,126,1599.419902
-12.273502,97,1599.509403
131.556004,131,1599.629382
290.21688,285,1600.051301
258.030639,233,1600.267036
171.258684,180,1600.439626
207.697557,184,1600.758239
-26.206203,95,1600.844749
164.475542,154,1600.984276
150.245784,149,1601.302137
312.736618,303,1601.583727
-27.22766,339,1602.04592
358.577801,360,1602.530699
38.968169,185,1602.699661
269.090068,253,1602.936414
61.10604,159,1603.221081
331.148798,351,1603.540206
204.624727,187,1603.855015
241.949642,232,1604.066145
42.820917,51,1604.112828
162.425416,147,1604.403061
328.816417,301,1604.680473
228.570137,251,1605.075899
104.290224,327,1605.381958
73.622874,81,1605.463672
-10.538007,98,1605.71097
109.579525,107,1605.808374
111.736061,116,1605.914016
69.767401,101,1606.007345
129.977036,135,1606.279435
73.69339,81,1606.356396
131.238465,133,1606.481809
190.932287,171,1606.639472
71.799528,75,1606.712988
138.029427,134,1606.9802
127.962367,128,1607.100706
123.682886,123,1607.215761
202.816037,183,1607.535367
192.517663,177,1607.697494
165.404172,176,1607.857368
108.882016,106,1608.384063
115.594759,111,1608.628844
160.980608,150,1608.766206
275.716344,258,1609.011034
143.696562,136,1609.342806
175.550309,160,1609.488074
143.055354,169,1609.651731
79.913771,83,1609.902358
129.340722,132,1610.022191
77.194852,82,1610.097984
149.956571,146,1610.233202
160.555271,156,1610.548539
106.428431,104,1610.64348
154.212294,149,1610.778814
170.881138,170,1610.937824
91.004284,93,1611.209687
209.311547,192,1611.383834
15.570141,126,1611.499885
81.831548,88,1611.586181
133.876077,129,1611.898257
-23.636399,159,1612.04083
259.00919,230,1612.254668
130.390988,135,1612.544585
94.729295,95,1612.632064
244.013555,217,1612.834977
153.762168,145,1613.155189
274.785201,246,1613.381921
-43.885928,122,1613.497156
40.127572,151,1613.921493
205.420843,188,1614.098825
194.716774,173,1614.265649
265.560131,256,1614.668541
166.594862,166,1614.818033
154.482315,153,1614.960843
126.152387,121,1615.235512
180.700585,171,1615.391503
177.940831,173,1615.547348
135.76155,134,1615.85583
143.767778,138,1615.982084
143.898641,137,1616.108529
142.930063,172,1616.272319
150.422378,138,1616.548943
63.850535,71,1616.614347
184.595083,176,1616.776807
99.159327,98,1616.867959
-4.497752,77,1616.946624
85.28536,89,1617.169893
97.97859,95,1617.257777
170.422898,167,1617.411184
215.310756,206,1617.750483
-70.871244,234,1617.96558
207.217984,193,1618.145332
99.599494,106,1618.386501
93.422059,97,1618.475437
113.444233,117,1618.582276
208.245191,185,1618.753807
178.871305,172,1619.055218
562.867235,479,1619.642305
351.151673,309,1619.928326
197.282874,278,1620.339442
127.174132,124,1620.456978
225.393878,218,1620.669242
308.627807,288,1621.614906
124.047659,121,1621.730136
89.593329,93,1621.816987
159.941995,166,1622.114282
68.027204,74,1622.183044
112.521221,116,1622.292537
133.834338,130,1622.42174
110.44477,121,1622.680095
194.47993,179,1622.844869
228.757358,213,1623.048839
169.492641,161,1623.337191
113.286579,123,1623.45037
107.500498,109,1623.549544
80.015239,82,1623.626547
67.107928,72,1623.698958
147.704708,155,1623.975608
19.272955,390,1624.482347
186.453226,167,1624.635744
-14.375994,145,1624.769755
116.997152,116,1624.879226
170.456869,163,1625.169144
416.698845,371,1625.508072
185.236094,178,1625.812701
197.561727,186,1625.981631
152.043959,150,1626.123594
152.285052,160,1626.411724
-11.93295,114,1626.519753
215.255597,206,1626.731754
81.165857,85,1626.958787
165.45045,154,1627.102963
164.146368,159,1627.251987
120.125027,119,1627.36808
98.55176,108,1627.614081
247.927795,234,1627.828403
111.195532,112,1627.93151
51.558322,120,1628.048512
126.383253,160,1628.338403
212.586585,208,1628.52861
142.580626,137,1628.661208
-36.360146,105,1628.893494
-210.407357,204,1629.079938
210.582389,192,1629.260494
286.74887,284,1629.670066
187.532923,220,1629.879604
283.043164,253,1630.253444
98.599435,105,1630.352056
135.256642,129,1630.474854
94.495227,95,1630.706404
75.439567,111,1630.809196
70.275355,74,1630.877292
129.894475,134,1631.001621
126.924344,124,1631.125097
68.311922,77,1631.339822
145.47903,142,1631.471896
124.177187,121,1631.585021
101.091224,104,1631.681333
267.759158,242,1632.060897
129.767676,126,1632.17977
136.586405,132,1632.304503
208.657774,203,1632.642917
48.84631,56,1632.695525
116.430715,122,1632.806806
94.047534,94,1632.894768
123.162783,117,1633.010104
124.107564,229,1633.361851
104.667417,115,1633.467661
125.131962,127,1633.5859
84.522169,87,1634.38903
149.394341,141,1634.517582
144.780911,139,1634.646419
156.986912,145,1634.783787
107.963247,109,1635.03102
280.65129,251,1635.2654
17.648155,125,1635.381345
220.612195,204,1635.716349
122.333507,141,1635.84461
251.917386,231,1636.060515
212.819165,190,1636.379377
132.930513,129,1636.499375
219.088065,201,1636.694358
141.337957,138,1636.966664
188.287144,200,1637.148311
200.929065,194,1637.334815
82.144058,85,1637.552777
267.296135,246,1637.779682
238.733165,225,1638.131592
79.538897,85,1638.210149
236.517004,236,1638.428133
166.490215,154,1638.717376
78.709272,86,1638.794824
266.66489,240,1639.014469
61.96152,67,1639.076808
161.134392,150,1639.36332
207.135254,200,1639.546448
75.672843,79,1639.618675
88.031496,98,1639.707173
194.956355,188,1640.026797
159.105409,157,1640.171659
98.503471,100,1640.263279
233.039828,220,1640.615911
211.678669,187,1640.785107
88.685817,94,1640.871399
39.012147,116,1640.977979
91.027399,97,1641.213236
90.652307,93,1641.299752
154.828848,152,1641.439692
126.316169,126,1641.554859
263.429403,253,1641.944196
164.449596,162,1642.091109
213.945306,203,1642.425223
96.504803,99,1642.516059
106.663803,108,1642.615324
182.173507,173,1642.771281
129.207218,124,1642.89274
183.277511,173,1643.191252
260.173385,232,1643.401059
240.417231,250,1643.776122
-19.617189,112,1643.878764
138.0207,135,1644.001231
289.159756,256,1644.382543
413.625421,359,1644.71644
82.230337,85,1644.942731
213.37851,202,1645.132199
203.024792,215,1645.337755
415.980104,355,1645.820743
100.036361,103,1645.91552
185.892226,176,1646.226918
188.78277,182,1646.394321
250.521133,240,1647.076145
166.083818,152,1647.356428
166.655904,161,1647.505285
259.461475,264,1647.92271
222.332627,201,1648.106162
168.440167,230,1648.32895
173.171223,157,1648.693243
212.53191,194,1648.872138
101.688446,102,1648.974867
196.68963,178,1649.301862
73.298434,81,1649.376571
94.35879,96,1649.462949
220.066238,221,1649.67269
125.36261,122,1649.935855
132.602471,132,1650.056807
199.812441,185,1650.22663
202.908258,196,1650.566199
63.330215,73,1650.633544
190.937332,180,1650.796262
173.337751,162,1651.120109
160.265804,152,1651.260185
180.200715,172,1651.418719
166.611194,170,1651.587563
123.258182,118,1651.888832
136.295489,133,1652.013352
215.059109,240,1652.243955
46.738504,58,1652.455809
149.362213,141,1652.584651
100.750946,102,1652.676726
174.559205,157,1652.822376
28.363659,122,1653.099962
181.324255,168,1653.253083
104.395988,104,1653.34624
154.858691,140,1653.477669
68.801937,73,1653.68891
109.926998,111,1653.79065
250.201535,253,1654.023413
93.873277,98,1654.119088
153.999483,148,1654.407709
72.703599,81,1654.484367
180.775799,165,1654.635963
170.549097,163,1654.934647
198.696539,192,1655.110467
224.480149,219,1655.309703
159.559724,155,1655.598341
222.934356,226,1655.812749
59.084225,70,1655.879482
96.15726,100,1655.981397
154.650482,158,1656.275436
116.484965,118,1656.388452
139.69988,133,1656.518819
225.298361,244,1656.903249
133.519677,131,1657.025572
114.167114,113,1657.129743
330.419897,284,1657.539769
160.661439,180,1657.706417
128.6335,131,1657.828261
134.766034,132,1658.100417
97.77661,97,1658.189456
193.651647,191,1658.364326
140.893239,136,1658.492166
362.317735,461,1659.06048
125.109163,155,1659.910112
290.476545,270,1660.167025
128.294456,122,1660.278871
125.250437,121,1660.527196
114.864707,116,1660.634001
137.533036,131,1660.756236
139.956297,144,1660.89202
114.324052,147,1661.176407
259.687827,236,1661.4075
90.84088,92,1661.49669
142.149153,134,1661.786468
1.884467,135,1661.911457
154.331184,155,1662.053898
151.212525,144,1662.193094
127.969146,123,1662.45359
83.903255,209,1662.646264
122.257788,127,1662.762234
75.170217,79,1662.842615
80.750493,86,1663.065022
200.702675,215,1663.263407
109.436062,107,1663.36105
95.865677,99,1663.458394
156.016362,149,1663.737088
21.837287,111,1663.838219
116.956878,116,1663.944792
131.446161,139,1664.079162
121.654752,121,1664.332752
96.532178,100,1664.425166
177.028857,168,1664.579549
134.477769,139,1664.71435
77.578344,82,1664.929226
203.496066,182,1665.096398
203.475927,228,1665.314099
74.509266,86,1665.534514
76.817092,149,1665.671728
85.335654,87,1665.752027
128.369653,125,1665.868091
122.528493,133,1666.155892
160.532792,148,1666.294063
149.988877,147,1666.429276
228.979789,224,1666.822265
232.896133,224,1667.024399
157.250336,157,1667.171865
83.029688,86,1667.259232
108.397977,106,1667.57031
-42.803331,107,1667.669301
135.497993,131,1667.78932
70.019667,77,1667.867965
213.426206,206,1668.222009
200.754794,180,1668.387025
140.644673,143,1668.522763
75.859409,79,1668.814102
131.525545,135,1668.940331
134.114491,278,1669.212918
66.215597,78,1669.295897
127.568563,129,1669.57795
154.904947,147,1669.711517
406.6917,363,1670.194513
132.217212,161,1670.341968
174.159168,170,1670.50116
168.626552,156,1670.799135
5.541699,150,1670.939972
286.717705,252,1671.178945
53.328196,171,1671.487576
229.227803,214,1671.684793
83.405452,89,1671.773464
63.946825,128,1672.041679
136.145804,142,1672.174206
101.515584,178,1672.921383
193.996522,178,1673.221593
141.831361,139,1673.349483
166.353365,158,1673.492102
203.968144,194,1673.815703
-28.675886,124,1673.927265
102.057466,130,1674.046281
105.733665,115,1674.150764
188.389272,182,1674.462981
178.388651,167,1674.615904
75.135809,80,1674.688751
163.855224,148,1674.827679
69.145592,74,1675.03917
213.624743,202,1675.225048
108.592994,109,1675.327038
128.913027,126,1675.445895
48.868477,91,1675.670064
150.388117,144,1675.803458
9.869151,99,1675.894855
145.892593,138,1676.020231
164.629868,153,1676.310449
144.126425,133,1676.433788
137.463209,130,1676.55434
325.571544,285,1676.970111
218.463824,202,1677.153875
194.283052,181,1677.324989
109.479091,111,1677.582861
323.238903,287,1677.844016
183.393357,182,1678.161171
174.790572,164,1678.3104
198.077895,185,1678.47988
230.231409,207,1678.813039
121.318577,120,1678.923716
107.912572,114,1679.027921
229.745407,203,1679.367372
194.9092,173,1679.527383
153.226045,140,1679.656085
180.077094,164,1679.812303
184.730222,179,1680.122318
96.879533,102,1680.21696
353.772618,452,1680.780375
189.045678,179,1680.944286
114.15109,119,1681.063267
169.089611,163,1681.356801
273.587694,238,1681.579661
54.135613,82,1681.659878
246.92764,244,1682.029668
235.027865,239,1682.270822
257.105581,228,1682.639825
316.134009,281,1682.903971
166.662415,157,1683.197458
145.963544,160,1683.345477
155.236045,148,1683.481211
67.752204,73,1683.552491
154.568926,148,1683.835714
166.413123,153,1683.976511
55.887134,110,1684.078773
453.948769,434,1684.627472
-13.353497,84,1684.704486
179.562091,168,1685.007844
81.611249,96,1685.518019
201.072126,185,1685.687213
183.906426,187,1685.859754
93.121895,96,1686.08233
132.689867,134,1686.205032
124.547334,122,1686.319371
243.966145,228,1686.678802
83.218381,99,1686.770846
90.934372,92,1686.855301
115.793605,120,1686.966309
-7.321186,169,1687.284501
95.180937,101,1687.376152
174.129526,160,1687.522871
103.302018,110,1687.622804
197.8872,184,1687.952004
80.766832,81,1688.028425
168.835011,160,1688.178318
178.834006,168,1688.340226
58.987034,65,1688.544953
92.677704,94,1688.632719
124.573559,131,1688.752538
143.069496,137,1688.877484
160.526397,155,1689.18306
127.248002,123,1689.29551
85.826346,87,1689.37406
60.740422,65,1689.433503
149.157211,155,1689.578341
216.860923,234,1689.9352
135.680144,127,1690.051805
171.364727,160,1690.202845
196.043533,184,1690.522775
149.994242,142,1690.653051
129.845366,128,1690.783623
135.847823,137,1691.059009
367.538238,329,1691.366729
82.435701,89,1691.453321
96.242953,100,1691.690372
-36.792221,216,1691.889695
109.074904,111,1691.993937
155.252891,151,1692.141845
293.661264,271,1692.528153
215.759041,220,1692.738247
147.350819,138,1693.004792
72.577486,76,1693.074271
161.48553,160,1693.22105
-10.458713,224,1693.57217
123.881239,118,1693.681455
130.005295,129,1693.798774
169.011325,165,1693.960196
250.358091,247,1694.336369
149.590018,149,1694.476347
99.701396,212,1694.825099
180.506579,166,1694.977165
245.891341,224,1695.184498
223.264485,266,1695.570139
174.072795,163,1695.721106
154.487774,170,1696.023845
71.453501,79,1696.097955
80.977146,91,1696.182707
-3.954715,127,1696.299024
86.040584,90,1696.383372
414.255481,355,1696.860626
213.6097,200,1697.049824
96.197049,97,1697.284856
192.401634,180,1697.451189
132.958482,132,1698.043335
100.321198,100,1698.142486
318.061657,304,1698.559098
156.1555,155,1698.701736
148.700206,180,1699.017967
213.513029,565,1699.688561
125.559822,124,1699.80302
414.535777,367,1700.291211
94.627682,94,1700.376668
120.94289,124,1700.490668
242.104379,216,1700.833958
235.558883,223,1701.039076
201.123307,190,1701.216122
85.95766,92,1701.452286
184.750075,185,1701.623287
157.925781,154,1701.766433
69.357155,73,1701.83582
127.410069,126,1702.102744
176.294452,161,1702.250108
107.07177,134,1702.373697
111.493251,110,1702.480169
142.771146,143,1702.761325
114.40885,111,1702.863041
152.289071,238,1703.084185
156.95502,143,1703.360156
263.89443,269,1703.606848
91.517051,99,1703.699385
239.100466,251,1704.080915
20.248708,110,1704.182048
161.568582,151,1704.321906
179.343426,174,1704.641646
137.063202,141,1704.771708
99.673994,103,1704.865427
-20.105508,109,1704.971048
231.751814,227,1705.340992
129.835925,128,1705.459486
28.212257,107,1705.560291
118.234801,136,1705.83473
106.489346,105,1705.932469
142.376293,159,1706.081566
76.326239,83,1706.158454
6.185092,99,1706.256289
131.859553,135,1706.528237
39.539923,183,1706.696711
71.448587,89,1706.77893
127.05445,121,1706.895611
128.005231,140,1707.166407
176.243412,163,1707.31594
98.204503,97,1707.403833
58.139571,94,1707.495235
169.111755,162,1707.787479
192.893855,178,1707.947894
123.382282,121,1708.059106
84.401259,90,1708.149675
112.447686,109,1708.387436
113.189575,118,1708.494109
164.193622,156,1708.63786
91.299499,108,1708.741534
109.758278,112,1708.984748
88.945046,91,1709.06778
167.582454,157,1709.212967
125.742065,130,1709.332613
76.57184,83,1709.553573
156.457931,144,1709.682403
126.140284,127,1709.800486
62.429724,166,1709.957532
78.406913,80,1710.175078
131.187698,129,1711.903104
9.208814,83,1711.983857
126.792836,121,1712.097742
254.926955,229,1712.444711
358.560032,452,1713.005147
195.32417,325,1713.302093
138.892435,143,1713.43758
140.030352,138,1713.717012
97.399186,198,1713.899411
158.251526,147,1714.038383
191.741706,183,1714.352141
-9.53539,307,1714.632493
88.178338,90,1714.859548
97.669669,98,1714.950223
165.334972,156,1715.092498
64.343566,72,1715.158931
214.238481,202,1715.493863
161.223424,164,1715.64613
44.205544,54,1715.695949
46.100565,57,1715.757725
158.856158,167,1715.921372
73.42946,74,1716.130323
257.142588,226,1716.337867
85.159551,90,1716.418848
152.802599,167,1716.718669
122.766076,117,1716.825773
165.122243,153,1716.967302
326.364453,753,1717.965721
207.271203,195,1718.143133
241.033759,214,1718.343293
175.688908,166,1718.640503
242.463023,270,1718.887682
192.614088,178,1719.201921
430.592408,395,1719.570799
139.250587,135,1719.847483
95.114955,96,1719.936935
131.43071,141,1720.065503
308.113668,283,1720.47972
180.266205,184,1720.649932
114.684514,110,1720.75095
124.015296,138,1720.883979
45.58518,63,1721.085812
92.922598,111,1721.187848
130.458476,124,1721.302623
197.61882,186,1721.476321
209.263409,203,1721.813947
68.224681,75,1721.881968
69.256894,78,1721.95299
157.361527,157,1722.102484
304.519943,278,1722.514589
314.919926,292,1722.791135
69.796267,75,1723.000514
107.789879,114,1723.105762
136.978816,133,1723.230721
368.240203,320,1723.675805
281.807871,282,1726.200624
141.632709,139,1726.474116
238.68474,250,1726.7032
89.27659,89,1726.783694
113.437001,222,1727.186086
127.636231,121,1727.299452
93.633002,100,1727.394213
153.427819,142,1727.53309
189.873216,234,1727.909434
222.23025,225,1728.113739
154.579999,144,1728.415436
153.471014,150,1728.552995
77.57446,83,1728.629061
74.835689,95,1728.716308
187.450927,176,1729.141688
76.062038,109,1729.247087
64.630936,71,1729.311044
102.334805,104,1729.405909
112.033592,110,1729.518593
104.729026,109,1729.630749
212.035236,257,1730.096158
177.536217,221,1730.312389
278.983478,255,1730.75567
272.081743,304,1731.233211
118.763148,130,1731.351278
181.353095,229,1731.561143
216.753576,218,1731.941856
119.919083,116,1732.048434
179.15504,176,1732.208258
159.450414,151,1732.548248
163.924951,153,1732.690928
255.921679,258,1732.935518
99.156639,102,1733.284833
145.81406,136,1733.410062
234.774758,217,1733.611898
111.265619,108,1733.720774
96.443619,96,1733.97808
315.787101,273,1734.228347
83.052725,86,1734.306699
111.478538,112,1734.650416
298.766044,287,1734.912799
72.900278,76,1734.987093
105.994799,108,1735.098021
-5.905176,151,1735.423761
224.745678,227,1735.631494
69.354402,76,1735.705823
77.21586,78,1735.78627
228.352109,219,1736.193442
39.165134,95,1736.280423
75.640659,85,1736.360817
5.504103,90,1736.453653
173.589237,160,1736.767799
96.375099,102,1736.862924
-5.253496,165,1737.017977
80.110339,90,1737.105934
12.106325,105,1737.395678
166.721696,155,1737.538942
103.802047,105,1737.633733
294.141409,424,1738.208035
140.261459,135,1738.330261
75.162116,79,1738.409785
18.162766,158,1738.79519
66.961898,72,1738.859832
122.374656,122,1738.971956
161.842924,149,1739.120326
257.417404,267,1740.35415
203.736501,206,1740.547826
209.851708,196,1740.870364
88.862265,91,1740.955581
141.78995,135,1741.08283
104.917896,105,1741.18425
297.036631,278,1741.590079
79.327873,85,1741.684516
60.947186,66,1741.744711
73.182931,73,1741.813566
97.918125,105,1742.069254
217.82782,219,1742.273517
168.346563,160,1742.421419
105.089645,470,1743.009027
99.025202,106,1743.110708
61.780906,64,1743.31581
63.153513,68,1743.380119
57.416851,87,1743.460339
148.716495,142,1743.593528
129.191752,129,1743.714006
115.968844,113,1743.965756
224.500504,207,1744.1594
36.315411,166,1744.315324
158.184877,156,1744.611813
27.711794,113,1744.71776
275.698796,246,1744.946856
143.634646,149,1745.231833
87.115573,121,1745.342893
156.633697,160,1745.49239
194.431327,170,1745.659337
143.561538,139,1745.929635
122.622602,139,1746.058866
233.135003,209,1746.257037
-15.267641,103,1746.504111
286.148121,253,1746.743746
121.443556,121,1746.857527
288.035752,289,1747.277928
238.450953,236,1747.499546
60.333088,203,1747.836186
68.148473,80,1747.910505
168.849289,159,1748.055962
55.646236,104,1748.159945
233.425831,210,1748.493441
130.501376,128,1748.61126
118.429017,120,1748.720763
92.827021,95,1748.95552
90.278535,95,1749.042476
91.523416,97,1749.132808
146.203765,137,1749.257698
94.20481,99,1749.349399
187.500753,187,1749.664265
116.368862,119,1749.772004
39.555036,52,1749.819535
293.465936,270,1750.214089
207.155761,230,1750.423233
26.152465,77,1750.49283
232.27704,224,1750.84769
130.467001,125,1750.963567
138.961208,132,1751.08597
293.616847,290,1751.530444
173.549402,157,1751.674671
116.726924,118,1751.786119
135.943848,132,1751.924518
224.573357,196,1752.379414
119.27647,122,1752.496974
133.720123,124,1753.125474
76.41627,80,1753.206705
147.900194,142,1753.510456
162.728841,203,1753.695882
141.026749,132,1753.829486
146.448908,144,1754.13432
146.256941,133,1754.256768
92.918784,183,1754.434915
152.590074,139,1754.746149
40.49061,90,1754.832457
74.140305,81,1754.912269
122.663094,136,1755.041218
95.511581,96,1755.136712
79.642768,78,1755.356091
188.30562,171,1755.515952
328.59937,335,1755.985269
181.277377,184,1756.154279
182.050123,184,1756.331041
154.563662,142,1756.617591
129.650301,129,1756.737819
59.104927,67,1756.798608
36.512564,128,1756.917234
103.180414,100,1757.011164
186.234162,183,1757.326871
78.129265,91,1757.410953
73.339176,75,1757.479256
145.37601,135,1757.604049
148.382899,177,1757.916214
161.635456,153,1758.058324
102.058981,109,1758.160593
198.140114,189,1758.485752
107.566452,105,1758.581622
299.281945,292,1758.852021
76.075811,82,1758.933892
378.814128,421,1759.462148
264.468341,247,1759.835307
95.025401,96,1759.92139
175.329944,164,1760.069722
121.966531,123,1760.329296
243.341778,222,1760.535381
142.041253,137,1760.661037
195.840212,185,1760.977666
110.381324,114,1761.083045
78.345544,83,1761.158736
191.101732,179,1761.3271
97.872736,103,1761.569453
284.955824,256,1761.807938
132.860902,128,1761.924016
240.737408,215,1762.266289
74.064893,79,1762.336971
284.19839,285,1762.603185
381.011743,445,1763.152051
169.293653,159,1763.448066
-105.824963,209,1763.639996
246.887785,234,1763.862705
160.796984,149,1764.143761
388.987657,338,1764.45495
61.595822,65,1764.658235
121.056031,129,1764.777214
79.335277,102,1764.87028
82.470776,111,1764.972896
134.351557,135,1765.102318
64.801584,69,1765.309193
63.594156,70,1765.372503
116.680493,114,1766.168555
67.534442,69,1766.232315
100.840866,131,1766.352917
125.584332,129,1766.609027
396.720961,349,1766.933645
58.372618,68,1767.023511
91.217944,101,1767.263987
113.899412,114,1767.369992
232.799123,214,1767.567216
197.749586,177,1767.882731
102.73739,102,1767.976836
254.34044,240,1768.202095
130.655145,178,1768.517239
272.792236,259,1768.754577
192.366994,175,1768.920228
152.683896,148,1769.197847
142.985914,143,1769.328859
191.879976,179,1769.49745
-0.6036,120,1769.754465
77.918352,81,1769.829503
152.071063,142,1769.962027
117.728072,117,1770.070147
149.573062,140,1770.349189
58.337707,68,1770.409741
119.220146,115,1770.513992
208.937159,189,1770.684796
81.243979,80,1770.763597
211.874131,263,1771.155245
238.029461,223,1771.367083
131.310623,131,1771.635513
177.775673,167,1771.790795
273.169704,260,1772.041726
88.54063,124,1772.296473
147.598805,141,1772.425699
241.631835,218,1772.627753
123.780995,132,1772.891186
140.713357,136,1773.013372
130.664326,213,1773.211984
252.567218,226,1773.564477
198.157819,184,1773.732708
163.73483,183,1773.911839
73.728694,82,1774.129184
63.860405,69,1774.193066
72.711091,83,1774.268865
206.804904,187,1774.439806
29.584895,85,1774.528848
152.81431,143,1774.802107
34.891398,94,1774.889478
-44.79422,296,1775.314618
91.505769,93,1775.400753
156.884819,148,1775.537065
282.533797,273,1776.003779
73.914061,84,1776.080335
1.756825,98,1776.171547
145.435248,150,1776.310602
142.643071,141,1776.45765
166.807969,167,1776.768847
186.91737,177,1776.937012
137.53394,153,1777.089376
195.843673,189,1777.40519
273.508303,241,1777.625216
119.571866,119,1777.745403
128.924274,127,1778.007565
210.957683,209,1778.199179
139.147324,129,1778.807244
83.762831,84,1779.035773
126.38479,123,1779.147977
90.819948,93,1779.234182
205.434392,205,1779.432915
137.190543,131,1779.700566
159.234719,155,1779.844231
161.791991,161,1779.99025
229.15446,218,1780.337966
204.12627,201,1780.519638
146.498535,137,1780.645933
301.893354,273,1781.040631
148.1547,142,1781.171842
104.433352,107,1781.272667
134.678475,130,1781.557126
95.652405,186,1781.732962
119.115748,117,1781.842879
183.0181,168,1782.151234
135.355655,131,1782.2731
191.450229,178,1782.43955
198.19764,194,1782.767568
415.792236,406,1783.142935
288.423141,261,1783.535814
72.164693,77,1783.606508
275.825576,292,1784.022823
146.139838,144,1784.15697
151.51259,145,1784.288089
182.617783,189,1784.476198
223.210674,207,1784.822521
232.555706,211,1785.022775
-20.00983,127,1785.29114
3.624873,122,1785.406519
101.512962,136,1785.532583
299.366901,287,1785.954927
256.283349,236,1786.177458
245.200871,269,1786.640928
180.970296,176,1786.80256
122.048021,129,1786.923166
70.377231,74,1786.999228
176.257408,159,1787.30308
84.885615,90,1787.386395
49.821458,112,1787.489161
278.592945,255,1787.876674
254.783088,242,1788.100837
207.061088,195,1788.284805
-7.545728,141,1788.565692
266.166979,239,1788.788
154.073406,158,1788.940252
57.735148,66,1789.150446
239.603227,231,1789.36845
84.725498,86,1789.44787
161.330542,153,1789.602482
80.025136,132,1789.866724
225.829645,259,1790.10459
205.19205,213,1790.454595
75.889529,80,1790.527923
335.261457,418,1791.065943
60.285866,65,1791.124502
313.873418,290,1791.920132
201.396446,202,1792.269149
185.539672,172,1792.426106
204.304602,221,1792.637598
195.857005,184,1792.945887
188.619641,171,1793.106445
150.384743,162,1793.411416
68.472903,73,1793.479563
120.573536,118,1793.58872
165.317104,154,1793.730871
233.084252,241,1794.108324
311.734966,298,1794.381128
246.48645,252,1794.757044
115.764349,109,1794.858955
76.169113,192,1795.037846
187.574138,171,1795.338745
234.424658,276,1795.594019
183.992214,177,1795.904621
115.823392,110,1796.007817
151.992734,142,1796.138219
266.255465,338,1796.601069
-190.708466,390,1796.967175
83.990394,84,1797.186956
200.474363,179,1797.354697
136.226736,128,1797.470116
171.630167,162,1797.769967
17.223852,79,1797.842934
127.357632,153,1797.98255
181.734073,165,1798.133604
140.435904,134,1798.415861
90.249218,96,1798.503132
260.90816,241,1798.72335
102.244829,110,1798.829635
129.778224,133,1799.12417
152.283264,143,1799.255426
127.855787,125,1799.370246
86.619884,87,1799.456907
138.329758,142,1799.763009
175.101748,174,1799.923276
265.823699,276,1800.394066
88.752224,91,1800.476655
337.750286,307,1800.766856
31.374383,163,1801.172498
120.294854,118,1801.282251
129.857861,129,1801.404186
288.18689,267,1801.873562
31.825021,44,1801.913772
143.253256,136,1802.037103
336.858672,328,1802.524438
242.676536,275,1802.77528
127.973617,122,1802.89346
159.548195,156,1803.304293
126.423515,128,1803.423566
203.656397,183,1803.604619
48.083746,79,1803.687262
364.902168,352,1804.217292
218.40602,200,1805.051179
392.486989,415,1805.434283
140.145836,136,1805.714013
194.071292,184,1805.885163
482.153501,445,1806.470059
107.308814,115,1806.576954
126.808672,133,1806.705848
105.990528,105,1806.970339
129.479216,127,1807.091711
330.12716,326,1807.404554
154.131923,178,1807.724878
98.586328,104,1807.821803
201.962094,194,1808.009135
-19.651758,112,1808.298417
386.619794,367,1808.63937
154.874879,149,1808.960816
88.553448,94,1809.047339
94.326049,97,1809.136825
88.802364,91,1809.221712
160.908035,157,1809.378119
212.152532,197,1809.72215
102.876051,100,1809.812817
175.039989,177,1809.984546
59.135119,65,1810.206301
145.08198,133,1810.327219
151.665522,146,1810.46348
99.58382,100,1810.555195
121.739699,121,1810.674912
209.696168,194,1811.010836
135.858882,137,1811.138067
98.114428,130,1811.264042
79.340849,87,1811.504178
77.169944,88,1811.584918
375.080943,319,1811.885955
136.169593,143,1812.179855
90.446003,93,1812.267503
113.521986,120,1812.379456
101.0745,102,1812.47417
-10.623086,92,1812.569129
137.494721,132,1812.841008
217.57259,215,1813.042882
68.965968,74,1813.10999
192.69757,182,1813.448245
92.452214,93,1813.532249
34.010687,200,1813.714099
146.594054,134,1813.845732
103.251776,210,1814.180899
57.400147,202,1814.369043
354.694976,319,1814.822265
258.395344,303,1815.122236
-45.541735,174,1815.430088
297.145012,262,1815.672434
233.191951,206,1816.008852
173.894007,161,1816.156806
78.177876,81,1816.230829
73.044984,176,1816.542708
88.353613,95,1816.631835
55.26614,62,1816.690855
102.384259,182,1816.861757
159.090606,154,1817.013632
-19.42106,124,1817.319884
101.014375,124,1818.36604
-0.919684,94,1818.46269
26.455329,92,1818.549767
55.863867,155,1818.830146
222.739125,213,1819.025619
142.843337,141,1819.159482
243.912301,232,1819.521626
206.891857,194,1819.698032
291.224652,269,1820.096296
218.625849,299,1820.37049
-34.150695,195,1820.701426
155.197237,162,1820.853092
133.380081,124,1820.968003
192.480011,174,1821.279048
37.309925,165,1821.430474
86.523026,131,1821.550825
141.505296,160,1821.708218
154.394408,158,1821.996158
35.613578,149,1822.13502
92.553777,96,1822.223775
204.686199,191,1822.553962
124.489063,128,1822.67475
144.485091,141,1822.805576
143.208525,148,1822.948117
137.176374,134,1823.214101
136.365393,180,1823.381104
90.021939,91,1823.464347
111.609962,111,1823.57345
145.285026,148,1823.852555
188.065006,178,1824.013866
128.023416,121,1824.124178
119.39293,114,1824.375662
125.724726,124,1824.488371
161.362815,168,1824.643511
228.526171,257,1825.031752
186.098578,171,1825.1921
96.086722,98,1825.284473
-12.601496,113,1825.389675
106.272055,111,1825.64054
-14.885592,90,1825.726238
82.85192,110,1825.82857
149.320188,139,1825.955902
163.449236,155,1826.249688
192.944806,256,1826.488896
155.352434,147,1826.62404
91.049806,92,1826.715443
106.828435,107,1826.952225
62.220455,67,1827.013318
189.857423,174,1827.173353
125.470421,154,1827.319029
247.382609,223,1827.662812
288.381915,265,1827.910909
302.014606,271,1828.303184
134.374587,183,1828.474162
132.425524,134,1828.742905
127.687189,128,1828.860389
319.416157,293,1829.131732
154.39783,152,1829.420326
261.262816,247,1829.650042
253.44167,255,1830.04628
146.26753,138,1830.172922
236.209695,220,1830.377273
231.773807,205,1831.809157
158.607379,201,1831.9946
65.553046,74,1832.070082
137.126303,160,1832.400436
105.65149,112,1832.502258
183.163288,295,1832.786012
252.21531,249,1833.18647
145.750805,141,1833.31393
216.55526,279,1833.763764
71.456796,227,1833.975615
234.400774,221,1834.343629
-78.291593,131,1834.46529
236.316322,216,1834.662555
132.661732,138,1834.943203
102.677269,106,1835.043984
89.624902,337,1835.359522
38.173972,106,1835.603753
126.93618,124,1835.720727
124.434618,149,1835.858928
199.140323,182,1836.036617
151.113538,159,1836.335849
316.899192,299,1836.625526
147.669359,146,1836.912504
187.918417,179,1837.081195
277.930018,263,1837.4922
98.82663,97,1837.580759
155.329371,147,1837.717255
490.954253,505,1838.339525
185.830952,179,1838.507723
252.357718,227,1838.868164
-82.624693,117,1838.9775
147.345349,140,1839.103809
205.839696,184,1839.423525
238.795085,243,1839.646035
242.256998,218,1839.990089
228.9818,208,1840.181209
88.405489,136,1840.306914
-16.288917,107,1840.413575
145.803967,140,1840.679512
148.574922,153,1840.820021
174.902874,164,1840.971802
201.313946,191,1841.297588
90.197249,95,1841.387176
67.793336,70,1841.45116
290.705601,266,1841.851073
128.468276,126,1841.970719
137.908858,138,1842.101867
102.012159,104,1842.200783
159.69343,146,1842.489289
123.006621,148,1842.625496
-221.650548,365,1843.114602
154.889766,143,1843.248844
128.936622,123,1843.362424
324.103116,290,1843.777671
224.135134,207,1844.946311
81.809476,86,1845.041324
97.0649,98,1845.135464
132.766971,125,1845.391673
91.756655,94,1845.482848
152.813459,146,1845.619228
79.108851,84,1845.696377
137.501718,141,1845.97868
73.466885,77,1846.049699
266.348348,255,1846.290273
95.957559,98,1846.388389
84.076455,91,1846.642958
86.666542,89,1846.727794
121.9416,126,1846.847855
125.049331,116,1846.958001
73.183172,78,1847.034175
100.622097,105,1847.276541
136.331316,133,1847.399862
262.684434,272,1847.658203
122.720901,121,1847.915154
167.962183,159,1848.064664
191.861848,173,1848.226876
117.291023,119,1848.348486
261.952523,251,1848.724141
72.2335,79,1848.797177
66.979961,74,1848.864995
113.116376,111,1848.977357
155.977899,147,1849.262016
192.519081,205,1849.452994
86.040104,93,1849.545034
63.113319,72,1849.758291
106.010417,113,1849.862428
167.149137,155,1850.004475
131.727564,129,1850.124139
204.24217,212,1850.470021
73.981441,82,1850.548063
114.281806,115,1850.655573
118.619309,116,1850.761378
152.709715,157,1851.055866
119.067614,139,1851.185727
183.848053,173,1851.35206
115.391458,116,1851.468779
162.931859,158,1851.757967
125.860995,130,1851.880002
164.914676,154,1852.026936
410.391348,369,1852.51979
79.763324,83,1852.595464
18.847917,80,1852.671125
161.192758,155,1852.960225
154.910537,157,1853.104992
78.507668,234,1853.328885
193.057439,177,1853.638605
147.54249,152,1853.780458
136.791781,130,1853.901117
162.743433,158,1854.202818
90.073014,95,1854.292045
10.662582,145,1854.430682
156.574523,154,1854.579693
155.856839,150,1854.866687
178.138781,186,1855.040742
302.497674,311,1855.481638
207.847897,196,1855.662446
127.27568,131,1855.784532
308.106317,295,1856.208302
202.271169,188,1856.383156
91.799175,96,1856.478271
184.180213,176,1856.788615
217.757424,214,1856.988451
11.341585,102,1857.087231
199.703635,182,1859.021725
103.111797,104,1859.119412
61.965776,90,1859.203936
85.719084,88,1859.286519
127.324483,123,1859.538467
440.796584,424,1859.931925
193.099431,178,1860.244056
259.368122,249,1860.478679
70.562374,76,1860.551458
122.481782,118,1860.810198
143.627629,136,1860.935588
156.495566,205,1861.124449
100.394921,100,1861.223849
193.180231,181,1861.549627
236.313807,227,1861.760321
121.779663,121,1861.881485
213.183496,193,1862.210924
56.616639,65,1862.273552
299.365815,295,1862.706902
65.100945,70,1862.771852
32.973131,149,1862.908918
113.038097,109,1863.01026
224.823169,200,1863.34408
63.696592,67,1863.405021
103.065244,104,1863.50261
232.828611,208,1863.693281
87.121916,89,1863.78496
167.270656,161,1864.075833
-57.026561,107,1864.174469
102.683346,107,1864.274195
125.27282,125,1864.397466
215.613882,205,1864.74162
158.853415,152,1864.878425
81.268211,150,1865.023381
146.635059,146,1865.302881
187.048525,177,1865.464191
83.893772,90,1865.548162
137.0015,136,1865.832114
195.035893,193,1866.010207
70.930406,78,1866.083152
177.188356,187,1866.262887
96.510914,98,1866.499561
133.713701,133,1866.623617
93.70816,91,1866.707925
185.246736,167,1866.867213
111.430009,110,1867.141269
124.154883,130,1867.260482
369.753874,328,1867.578751
161.627866,149,1867.871925
145.871308,137,1867.99716
238.702624,220,1868.2093
131.776623,260,1868.638744
280.661438,282,1869.081758
78.002447,81,1869.158051
162.887193,152,1869.299462
144.930918,138,1869.427485
121.87125,123,1869.551466
162.009993,158,1869.840674
184.258211,170,1869.997467
471.135676,466,1870.585698
197.512231,180,1870.760568
88.79151,90,1871.003664
177.414202,165,1871.155742
59.996875,69,1871.220425
93.172384,102,1871.889999
262.948274,271,1872.300985
280.554723,277,1872.554388
228.085694,236,1872.933708
296.764126,285,1873.197653
122.674734,120,1873.50199
315.132223,296,1873.773172
80.766478,86,1873.856336
198.324354,178,1874.262497
125.525043,123,1874.377112
62.18233,290,1874.668776
135.552715,131,1875.038075
289.777835,254,1875.286197
79.504717,80,1875.367134
87.642681,91,1875.609585
207.723408,206,1875.797722
157.570884,148,1875.935114
100.668197,131,1876.068393
145.359128,145,1876.345044
270.606351,258,1876.583071
230.506126,234,1876.953247
154.312526,151,1877.092719
198.360609,228,1877.314513
79.944146,244,1877.681355
139.704257,275,1877.945133
42.042102,102,1878.177744
61.352562,94,1878.26566
181.589415,177,1878.428485
-121.122643,261,1878.818263
121.810013,135,1878.94429
65.818134,70,1879.009126
369.848093,340,1879.474987
143.768916,154,1879.619331
190.860524,182,1879.792466
249.585172,240,1880.156194
142.502112,197,1880.338357
329.78233,290,1880.753934
250.336646,222,1880.956978
108.265748,113,1881.20832
170.513231,160,1881.353571
233.103372,217,1881.551192
299.134368,268,1881.946016
100.629168,100,1882.04165
161.12267,151,1882.18305
80.718158,83,1882.268027
132.010586,127,1882.528841
154.99778,163,1882.678704
66.601297,71,1882.745432
333.115379,306,1883.181188
-8.697261,157,1883.329268
125.07753,119,1883.438675
79.17106,97,1883.53758
322.566183,332,1883.985815
100.324613,99,1884.075654
267.786254,238,1884.953044
165.169524,150,1885.090893
73.307897,110,1885.191552
106.46197,117,1885.435776
137.678642,132,1885.556219
83.41113,92,1885.640411
94.677876,95,1885.726022
120.833899,117,1885.836411
47.020137,136,1886.111865
109.257022,109,1886.212981
195.311615,177,1886.37614
288.544364,253,1886.774396
164.574801,153,1886.914925
235.806491,211,1887.113771
250.030925,238,1887.475267
370.12499,344,1887.985443
174.93077,185,1888.156492
173.253464,168,1888.311034
86.747256,90,1888.405437
267.848012,289,1888.865309
289.429014,268,1889.131308
124.213534,122,1889.431776
185.414959,167,1889.5868
423.88432,550,1890.290389
106.397315,116,1890.403476
102.610112,103,1890.665366
77.449505,88,1890.745664
79.61607,87,1890.825428
44.955807,100,1890.91617
161.539659,159,1891.069377
162.464299,165,1891.440512
92.054651,100,1891.53201
135.145456,125,1891.647802
25.140843,91,1891.739537
330.323733,302,1892.232652
102.167913,104,1892.326757
414.014114,380,1892.861472
114.606985,130,1892.979966
176.282241,167,1893.144717
100.518934,108,1893.404724
158.727859,152,1893.545194
200.683051,183,1893.715791
96.565334,103,1893.968475
78.041651,84,1894.04462
87.187257,90,1894.127387
401.937276,357,1894.617695
129.330686,124,1894.731288
-39.077512,102,1894.825986
48.231369,72,1894.893148
154.62986,145,1895.035628
203.070278,203,1895.372408
232.67742,212,1895.570024
124.135099,125,1895.696696
105.125942,104,1895.932198
108.5217,110,1896.035366
70.971629,78,1896.107064
161.907261,164,1896.258712
140.915882,140,1896.531218
182.589123,174,1896.694256
137.206506,134,1896.82011
173.995713,177,1897.134987
72.220667,78,1897.211477
78.492336,78,1897.281599
236.430281,217,1898.119802
206.813685,191,1898.451491
169.584148,169,1898.606416
108.398501,109,1898.706748
205.393606,191,1899.086375
51.905897,164,1899.239348
178.744016,184,1899.41632
74.389355,136,1899.742313
265.301955,272,1899.993759
306.980402,339,1900.490595
140.835466,165,1900.641656
212.61273,243,1901.040105
-54.191575,113,1901.145859
208.595947,193,1901.322294
125.187055,128,1901.447672
244.494687,221,1901.870305
172.312919,164,1902.023978
90.528844,93,1902.117371
139.23946,150,1902.470745
117.544149,119,1902.579766
392.265536,358,1903.12462
297.659335,277,1903.377249
159.527045,160,1903.537521
134.712344,166,1903.856573
136.759194,149,1903.992459
192.568141,172,1904.154856
109.219256,113,1904.4518
89.592519,120,1904.559942
147.736951,142,1904.691433
118.342127,121,1904.807354
93.750489,93,1904.903496
358.710482,334,1905.406607
173.679719,159,1905.565452
118.385002,116,1905.889108
140.172013,143,1906.019856
143.657425,135,1906.145503
130.652033,125,1906.273468
149.658256,150,1906.643381
390.693424,372,1907.011963
71.708247,78,1907.325425
227.106999,240,1907.548028
203.391983,184,1907.735339
168.668718,169,1908.035416
324.129635,321,1908.335635
96.168923,98,1908.566636
272.861335,242,1908.784291
110.441994,114,1908.888811
88.170606,119,1909.160719
233.986705,218,1909.359366
272.058999,243,1909.58998
91.338214,94,1909.817519
166.499742,304,1910.097358
150.483414,144,1910.381039
97.464666,112,1910.485605
155.151986,154,1910.628923
232.918585,226,1910.845695
108.670704,110,1911.566944
84.288078,85,1911.649655
75.668877,81,1911.723913
216.921698,195,1911.908362
177.785025,185,1912.236948
183.187638,172,1912.396183
283.395301,255,1912.790575
5.77595,74,1912.85871
109.103621,108,1912.95641
164.774392,157,1913.099732
83.04988,110,1913.207277
258.291538,255,1913.597277
58.505065,66,1913.65766
127.037864,123,1913.773795
37.936653,48,1913.822641
277.363916,264,1914.225269
92.859182,95,1914.314329
282.837276,254,1914.699734
52.557358,151,1914.838821
109.16049,111,1914.943361
140.194591,136,1915.074522
99.179854,105,1915.320978
160.444517,164,1915.470212
140.626927,169,1915.623028
135.664257,140,1915.910709
134.787965,135,1916.034238
283.84541,256,1916.269345
82.577581,176,1916.585536
151.528882,155,1916.730019
236.06148,288,1917.005625
4.756585,272,1917.394485
163.423764,275,1917.792527
152.185038,151,1917.933077
192.988134,193,1918.111217
102.958785,103,1918.211131
143.727993,140,1918.481654
91.885129,97,1918.5719
82.324618,85,1918.650901
136.246403,129,1918.769974
71.843089,75,1918.847732
185.668359,171,1919.147575
443.493127,548,1919.809787
79.268438,80,1919.883966
407.074154,364,1920.394309
76.035541,79,1920.466087
187.104356,177,1920.630969
163.848702,150,1920.918368
142.790518,140,1921.048564
123.301704,122,1921.162169
165.992113,173,1921.328834
197.789518,178,1921.638295
97.534192,98,1921.729311
170.049675,159,1921.872199
26.90338,141,1922.15367
129.973939,123,1922.267348
153.677779,147,1922.405207
194.745628,174,1922.567626
212.452695,197,1922.898028
283.078382,283,1923.158543
154.077873,143,1923.435528
135.696142,145,1923.566624
69.050062,77,1923.636097
339.966074,306,1925.049553
244.451871,213,1925.246549
0.332316,93,1925.332286
-69.910341,116,1925.448154
193.533274,187,1925.76141
13.552279,182,1925.930754
183.285757,248,1926.310805
183.075066,168,1926.468423
129.010233,138,1926.597433
267.837367,251,1926.976704
238.850259,265,1927.223064
224.71875,206,1927.570608
92.111602,95,1927.661031
66.511931,74,1927.73187
332.728477,300,1928.176227
149.574381,149,1928.314052
174.955931,169,1928.469648
65.486706,235,1928.841061
66.381698,69,1928.904513
87.918983,88,1928.984363
59.043355,63,1929.042758
233.686397,224,1929.400123
168.555594,171,1929.557095
146.288735,149,1929.696516
247.8213,228,1930.057805
269.022446,253,1930.293412
296.177014,261,1930.683323
152.329774,148,1930.820496
92.050388,91,1930.902839
159.902132,154,1931.049269
236.122615,252,1931.433557
5.637946,157,1931.579504
167.837476,155,1931.730196
250.134251,238,1932.098178
67.933603,77,1932.170827
13.605739,175,1932.344728
179.722709,164,1932.642916
300.96517,284,1932.905868
18.144073,100,1933.00578
95.355971,166,1933.297572
236.396768,254,1933.529818
100.126581,105,1933.772532
135.468351,128,1933.89047
156.939657,164,1934.040137
149.816321,145,1934.179225
96.848586,101,1934.419702
146.19824,207,1934.608402
220.79027,227,1934.82233
162.60705,159,1935.116719
113.613331,115,1935.224938
212.977372,198,1935.411105
252.687668,245,1935.783619
115.55139,109,1935.884005
131.119186,333,1936.337476
171.196193,169,1936.490712
111.119275,114,1936.59653
120.518337,122,1936.716358
112.444862,117,1936.968994
64.882418,79,1937.58024
143.596853,140,1937.708057
103.233258,100,1937.802598
357.285309,329,1938.24328
190.164442,177,1938.408137
193.897838,184,1938.72443
192.302389,176,1938.886099
271.506161,251,1939.267555
260.770901,233,1939.483172
14.979214,163,1939.631525
154.892518,159,1939.928287
267.45447,283,1940.191996
171.03548,157,1940.346252
151.570402,147,1940.623991
123.653443,147,1940.757434
224.591974,213,1940.960661
30.956653,105,1941.20422
258.016945,254,1941.440705
258.176933,236,1941.809761
104.918688,186,1941.980729
132.336217,128,1942.098762
253.697692,235,1942.46132
214.061361,195,1942.638625
419.294678,423,1943.175666
76.021609,81,1943.251832
127.842813,128,1943.369704
86.403477,131,1943.638064
100.06534,97,1943.727848
123.369966,118,1943.835798
-3.192532,100,1943.929432
115.672801,119,1944.046564
112.279386,112,1944.297626
145.694068,151,1944.435234
216.408713,205,1944.625379
97.537158,101,1944.865687
80.385522,87,1944.947604
4.297306,172,1945.108156
193.748984,178,1945.279115
-18.484238,89,1945.508582
304.824437,313,1945.79952
172.604745,164,1945.959619
120.163942,116,1946.224094
204.68086,192,1946.403005
147.299324,148,1946.544943
138.785137,134,1946.896097
193.953528,178,1947.064653
127.897152,128,1947.187761
188.39271,178,1947.594982
91.259143,93,1947.680731
279.561489,247,1947.915559
87.315541,91,1948.01055
162.394419,168,1948.318852
125.137105,127,1948.43814
120.068402,124,1948.553027
156.892454,160,1948.854755
91.084093,107,1948.955481
312.326798,269,1949.206969
-218.01505,313,1949.65201
29.298245,121,1949.765959
119.978278,133,1950.4499
144.28634,138,1950.719784
72.962669,74,1950.789397
124.217999,137,1950.92008
143.325819,144,1951.057094
89.647858,94,1951.297561
317.329993,327,1951.611981
209.548498,195,1951.947172
-10.464075,109,1952.050801
0.831102,139,1952.183983
187.749677,173,1952.350585
259.343518,237,1952.719664
87.967612,90,1952.802773
205.11276,198,1952.991951
160.285824,153,1953.280723
154.057795,159,1953.425769
290.381456,322,1953.874878
135.604754,129,1953.990554
199.606953,188,1954.16375
137.76905,130,1954.296411
124.36911,132,1954.558088
106.750683,107,1954.655482
18.234151,111,1954.759122
83.479332,93,1954.846934
114.709755,117,1955.097543
168.177798,159,1955.244704
119.841734,118,1955.353342
186.931635,186,1955.537059
79.666855,86,1955.757037
163.319619,152,1955.897788
144.656763,144,1956.032119
90.089425,92,1956.12104
210.954059,195,1956.448404
387.171068,487,1957.066162
251.913073,233,1957.286545
337.163731,311,1957.730838
116.597723,113,1957.835264
89.257134,89,1957.9181
69.880795,77,1957.991616
227.081353,236,1958.369898
109.781184,314,1958.66627
27.499726,93,1958.91088
255.528942,250,1959.149339
79.793527,85,1959.229053
-6.610303,112,1959.344578
70.670655,77,1959.605008
91.998358,95,1959.692709
251.547194,233,1959.912205
162.988229,160,1960.229835
55.995638,67,1960.292016
179.398521,169,1960.44654
213.451614,209,1960.650555
119.59973,120,1960.950275
188.938362,176,1961.111068
89.47643,92,1961.196859
181.270638,176,1961.521585
67.170996,74,1961.589751
257.751017,237,1961.811592
130.042059,125,1961.933321
258.170071,228,1962.285439
65.291089,306,1962.578104
185.038888,172,1963.453861
187.816788,188,1963.634702
54.704386,64,1963.693234
148.001537,145,1963.962534
96.650253,100,1964.05371
-8.304172,92,1964.13893
155.260208,150,1964.279231
317.112534,292,1964.690621
260.562034,253,1964.927717
154.71161,153,1965.21644
90.337457,97,1965.305912
87.959158,105,1965.405135
157.524967,159,1965.55371
126.814318,129,1965.827753
227.257801,201,1966.012144
160.4899,162,1966.160259
140.655809,136,1966.438165
307.362297,273,1966.695058
22.603937,94,1966.782433
172.648212,161,1967.081765
124.532051,123,1967.19759
108.835225,110,1967.300322
132.802991,125,1967.41943
176.229684,161,1967.717452
160.201799,160,1967.868193
173.785683,162,1968.019826
349.365292,372,1968.517647
155.035587,146,1968.653642
51.086046,59,1968.710824
127.122645,123,1968.971159
292.674685,267,1969.226922
35.482501,48,1969.271367
114.610132,123,1969.392609
345.116686,364,1969.87445
82.192009,86,1969.955039
96.512773,98,1970.057669
0.876041,152,1970.337585
143.959264,140,1970.466623
95.828978,103,1970.561751
29.566662,101,1970.665909
178.425006,176,1970.969529
106.855883,113,1971.074042
78.632816,87,1971.152061
243.301102,221,1971.521345
105.762497,105,1971.6188
155.550979,146,1971.754218
336.970529,336,1972.260547
160.640833,153,1972.401775
130.81032,124,1972.524052
51.71318,61,1972.585814
128.356824,206,1972.941472
115.421303,119,1973.05057
-33.057614,95,1973.138696
14.052105,144,1973.446459
81.129716,122,1973.558001
126.168482,131,1973.680899
-14.684255,97,1973.774434
153.243752,143,1974.102239
129.230356,158,1974.247768
85.636713,92,1974.33242
108.134018,106,1974.430365
142.616279,141,1974.575172
191.571925,186,1974.887003
-102.742806,461,1975.472529
123.942736,124,1975.588609
124.845184,124,1975.703912
202.314521,288,1976.696242
245.98095,227,1976.905932
178.00688,171,1977.277206
170.566944,161,1977.425623
196.761829,246,1977.662504
271.450429,241,1978.107618
163.618196,152,1978.248086
181.241025,357,1978.741738
137.567269,137,1978.867742
164.423254,159,1979.017342
283.95542,263,1979.406349
198.915207,232,1979.624476
143.693564,142,1979.902637
86.30696,88,1979.983921
233.923512,213,1980.179999
83.674595,87,1980.266505
391.412564,369,1980.754007
109.706082,121,1980.868409
191.073183,176,1981.183929
96.982498,105,1981.283079
361.732254,309,1981.736889
179.189035,170,1981.91001
339.741027,328,1982.232708
49.691964,56,1982.427474
142.860758,145,1982.560143
164.473985,154,1982.700885
36.932881,164,1982.863243
230.955177,230,1983.218998
180.964133,220,1983.425808
188.774595,176,1983.734891
211.809037,263,1983.980922
167.100873,291,1984.398332
153.349038,158,1984.54464
221.265157,222,1984.895952
21.723276,103,1984.991701
192.449779,207,1985.183573
307.738461,284,1985.599746
253.947291,228,1985.810939
-31.391111,100,1985.909312
151.598417,153,1986.202247
326.32052,291,1986.471381
41.390822,51,1986.517886
169.972129,162,1986.824332
50.50589,142,1986.959446
152.054528,144,1987.098515
-1.674709,117,1987.21496
145.256356,152,1987.504068
10.427293,121,1987.621593
66.310301,74,1987.69209
223.145448,257,1988.082939
268.657358,343,1988.399022
210.272385,203,1988.73487
168.813519,158,1989.464811
69.671358,73,1989.534361
199.792817,181,1989.70526
157.458435,144,1989.979419
125.242945,118,1990.091033
168.190452,156,1990.236349
222.928212,221,1990.590316
127.330569,184,1990.760928
86.518712,163,1990.916633
59.49723,127,1991.175992
123.061241,116,1991.284792
257.599877,349,1991.760818
137.709873,138,1991.891081
148.304491,139,1992.020922
167.637543,161,1992.177237
250.801173,274,1992.594147
110.436063,108,1992.693143
113.736795,137,1992.828381
199.61828,187,1993.14713
365.650739,346,1993.479565
329.865201,312,1993.909663
193.557752,177,1994.075668
20.309361,108,1994.318097
109.385362,110,1994.419819
247.036071,245,1994.64604
81.83678,84,1994.730959
64.0864,199,1995.055278
293.04087,255,1995.299749
44.450622,100,1995.537616
208.451232,200,1995.723106
145.608802,139,1995.851531
97.585898,100,1995.952554
-39.638774,98,1996.189204
295.754326,317,1996.485162
11.255431,139,1996.764706
142.672765,134,1996.889016
96.335474,97,1996.981424
174.089801,171,1997.139047
162.558924,158,1997.434113
488.842575,479,1998.035392
120.362733,132,1998.157152
198.664838,182,1998.324743
158.140145,160,1998.480393
194.380152,185,1998.80065
230.891026,220,1999.006037
-6.780683,83,1999.092465
190.416587,178,1999.407792
211.994505,216,1999.608731
174.227585,164,1999.909273
92.293439,103,2000.004817
137.158345,142,2000.135478
181.596767,181,2000.301549
450.386191,388,2000.824794
254.208167,392,2001.346781
84.067729,89,2001.430448
56.982459,64,2001.492446
109.073934,106,2001.594422
86.767859,91,2002.373831
137.630019,136,2002.50228
105.016708,108,2002.604568
254.175556,228,2002.824983
478.569084,419,2003.355426
144.283824,166,2003.659587
137.078898,132,2003.783525
97.79574,106,2003.881817
140.386902,134,2004.008278
201.011342,207,2004.352849
131.036297,125,2004.467469
193.234585,182,2004.635645
94.927088,97,2004.900978
103.056247,103,2004.99641
174.150228,167,2005.149098
160.793523,154,2005.296043
224.577276,209,2005.694175
113.19576,115,2005.80002
164.594365,155,2005.946602
270.935338,244,2006.355048
161.166196,154,2006.500003
196.155281,178,2006.676964
368.948092,352,2007.157781
-31.253963,135,2007.293313
-21.667623,153,2007.58797
314.765763,279,2007.857508
105.252453,105,2007.965297
63.327698,92,2008.1955
212.428591,212,2008.394713
85.586248,88,2008.475705
97.531488,99,2008.570681
186.431707,171,2008.875462
-14.155005,87,2008.957639
44.142083,56,2009.009008
201.389441,187,2009.184123
223.231829,208,2009.526854
169.71356,171,2009.682725
58.055177,65,2009.742597
-18.355492,79,2009.819712
156.33645,151,2010.108354
80.674353,85,2010.189197
227.124654,205,2010.382007
142.053735,139,2010.663404
94.049029,95,2010.751302
202.887581,208,2010.94356
162.258122,155,2011.096004
313.323106,275,2011.506096
46.020058,79,2011.582354
75.764695,83,2011.659473
113.641184,108,2011.770758
259.647236,250,2012.161489
207.867392,289,2012.596485
115.814182,115,2012.700145
113.361537,112,2012.801277
184.019495,179,2012.965044
278.8032,278,2013.39047
142.385684,137,2013.515635
153.437498,147,2013.656425
197.408389,185,2014.063092
161.918102,155,2014.205952
52.071066,61,2014.266711
82.596691,89,2014.356696
310.805916,296,2015.518586
162.390782,165,2015.678989
89.616854,92,2015.761924
129.365428,138,2016.076672
77.546185,264,2016.31858
126.861996,123,2016.444789
114.121395,112,2016.713401
147.862566,148,2016.853794
61.590827,68,2016.914425
60.607221,68,2016.976119
216.089866,201,2017.423685
184.624061,166,2017.575932
151.109556,147,2017.721283
227.924571,239,2018.165246
155.990912,150,2018.304636
64.323442,69,2018.369328
40.686173,160,2018.537243
317.828505,308,2018.975369
273.003914,253,2019.409636
98.778963,99,2019.500173
267.37604,245,2019.727511
100.795894,105,2019.833256
173.52899,158,2020.12294
379.581517,362,2020.466329
147.709834,141,2020.739526
173.839608,163,2020.891418
120.505898,138,2021.019084
156.997205,151,2021.308998
99.453728,101,2021.403031
183.500791,182,2021.575594
245.188344,252,2021.964129
91.677424,154,2022.106531
209.834366,192,2022.286956
99.780362,103,2022.530898
137.649915,131,2022.654006
201.790809,189,2022.830077
20.081139,119,2022.946445
21.465568,107,2023.21965
66.619832,113,2023.324419
243.385832,224,2023.532252
329.841624,309,2023.980311
64.64262,72,2024.047313
109.992306,105,2024.145967
134.771504,136,2024.284004
221.863091,204,2024.712747
64.727534,72,2024.780634
259.161939,235,2025.037822
81.920277,86,2025.272556
124.10024,126,2025.390928
156.864247,145,2025.524135
240.188858,238,2025.945147
170.794802,160,2026.092658
190.543954,188,2026.272562
171.539,172,2026.650399
195.356939,195,2026.831337
142.387384,143,2026.973843
325.517526,300,2027.444328
125.383197,120,2027.559679
368.056796,327,2028.032935
110.094766,230,2028.24552
121.19604,120,2029.431981
414.950273,394,2029.960119
87.911139,95,2030.054142
223.592056,231,2030.414153
146.235463,138,2030.540524
204.776029,191,2030.727507
71.609763,79,2030.940427
199.501886,186,2031.114886
66.079779,154,2031.258695
197.881913,181,2031.578613
207.8107,185,2031.751841
194.577187,188,2031.931524
149.796022,140,2032.20802
226.445774,214,2032.412687
267.507291,248,2032.790826
134.892222,132,2032.913383
347.926803,315,2033.211403
110.545498,119,2033.464536
66.50199,74,2033.532526
269.416026,241,2033.753656
85.835557,145,2034.033711
62.067409,69,2034.097899
177.220927,171,2034.255812
222.32407,216,2034.462927
196.537244,194,2034.788382
71.787495,79,2034.859112
176.230803,161,2035.006348
81.287433,88,2035.097759
155.506597,141,2035.368981
83.598565,146,2035.504758
139.820811,132,2035.626569
48.692781,91,2035.718098
204.164274,179,2036.022877
101.195798,131,2036.143258
333.973552,305,2036.580556
236.378484,213,2036.778139
199.339259,181,2036.956374
139.361875,144,2037.232617
178.327081,190,2037.405027
226.361486,202,2037.603697
124.29708,139,2037.901591
322.492314,293,2038.181261
142.535817,138,2038.457296
122.157799,121,2038.570155
158.500061,146,2038.705382
89.831467,91,2038.789685
189.16889,174,2039.108289
116.579238,118,2039.218021
92.77845,96,2039.305938
183.840916,172,2039.471713
83.880071,89,2039.697131
166.160005,162,2039.843331
235.595901,210,2040.035519
211.104681,344,2040.507887
122.42253,189,2040.686882
166.443844,148,2040.970194
276.389456,267,2041.219214
126.548794,122,2041.337718
296.12799,266,2041.734395
253.98532,251,2042.509109
48.734989,113,2042.748703
65.16523,77,2042.821776
385.387744,561,2043.490092
260.007725,231,2043.704293
47.562489,234,2044.068631
187.168933,183,2044.237613
61.081421,69,2044.299753
59.968487,68,2044.367291
48.144993,107,2044.610592
115.876059,110,2044.712571
117.277299,115,2044.8166
373.513434,323,2045.264203
176.936956,166,2045.416911
138.822874,151,2045.556678
190.589549,238,2045.931294
203.014403,185,2046.101504
124.961046,266,2046.49885
129.635274,136,2046.628075
342.528854,294,2046.915726
277.887525,274,2047.308287
233.53984,213,2047.511451
153.377579,165,2047.805484
196.400767,180,2047.972559
91.77049,96,2048.063108
-10.790528,129,2048.337641
132.131342,132,2048.459498
187.849641,180,2048.625096
94.213728,95,2048.714194
162.427197,162,2049.010527
-20.447391,140,2049.14353
50.366878,59,2049.198971
22.550898,104,2049.296471
249.397001,240,2049.666187
198.278989,233,2049.879885
39.417687,109,2049.984229
129.5599,147,2050.27227
38.211725,93,2050.35963
121.99243,117,2050.469957
202.430709,189,2050.654999
199.84171,192,2050.996273
95.182588,97,2051.087263
150.39435,144,2051.221417
133.380493,144,2051.624508
273.251597,248,2051.858522
276.69876,248,2052.2489
151.52073,143,2052.380839
179.801139,165,2052.551826
95.900231,97,2052.645217
95.324614,120,2052.905777
169.103117,159,2053.051663
-16.780702,155,2053.19618
146.640121,146,2053.340026
108.365517,111,2053.582042
320.788481,303,2053.862221
111.204013,107,2053.970202
187.351192,204,2054.295968
164.983479,159,2054.441329
94.760071,100,2054.536217
153.980247,147,2055.354661
116.710082,262,2055.599254
239.293556,216,2055.95447
173.483048,260,2056.19523
235.254842,209,2056.540202
191.933948,173,2056.702377
88.249281,111,2056.806349
104.914891,104,2056.901652
151.892952,152,2057.191987
185.66054,222,2057.397846
207.614257,199,2057.586023
103.550616,321,2058.0213
181.80337,173,2058.182905
135.460096,128,2058.442767
46.960249,56,2058.493504
242.897018,221,2058.696329
153.983255,140,2058.829808
292.135456,261,2059.213046
142.083291,137,2059.33871
116.160162,114,2059.4497
238.914115,233,2059.80509
141.09689,141,2059.937785
292.945197,259,2060.329551
70.497873,79,2060.403104
90.122791,172,2060.56394
-6.492618,148,2060.70904
146.798087,137,2060.97566
176.163603,190,2061.151453
119.279885,115,2061.258056
191.094796,185,2061.581
237.787036,210,2061.784843
91.188839,94,2061.873704
164.228929,153,2062.163252
172.740084,162,2062.310581
179.12376,168,2062.465811
276.18925,252,2062.848205
90.592976,101,2062.94097
184.18507,178,2063.106639
179.213724,163,2063.406526
420.82464,457,2063.831804
148.192096,139,2064.102812
216.525315,191,2064.282669
77.286922,89,2064.367001
153.20788,161,2064.663769
114.002624,118,2064.771652
80.932499,112,2064.873742
169.130893,156,2065.016634
66.982867,126,2065.278797
177.215349,179,2065.442191
71.344862,75,2065.511575
314.664496,344,2065.983594
311.750854,286,2066.250454
264.803139,465,2066.869404
108.761113,132,2067.00434
181.541706,165,2067.309753
173.251604,167,2069.269546
100.094167,101,2069.371444
164.961824,166,2069.668541
96.713011,163,2069.821219
205.486924,200,2070.013093
192.520999,182,2070.341156
134.993334,142,2070.470935
144.603872,137,2070.596568
244.038166,216,2070.947661
50.169929,61,2071.002928
172.602108,161,2071.154835
472.522901,513,2071.790403
-23.544055,158,2071.944187
93.972997,101,2072.180237
208.690525,199,2072.363525
117.056458,115,2072.471256
186.095372,170,2072.779723
34.028447,124,2072.893599
241.377725,272,2073.148129
213.427839,231,2073.507183
-36.511771,111,2073.613325
229.253048,360,2074.112091
176.886611,165,2074.264851
105.423177,115,2074.371445
49.099246,101,2074.476991
181.331828,161,2074.771786
316.944085,292,2075.05269
214.075112,211,2075.400732
0.972768,111,2075.503066
178.122112,177,2075.671164
125.31872,149,2075.982148
74.79239,76,2076.0534
28.448467,166,2076.212942
64.950749,72,2076.280471
75.689678,80,2076.362884
4.151595,111,2076.681707
3.620065,136,2076.811244
277.547698,248,2077.051765
123.826602,234,2077.435779
186.110002,172,2077.592515
129.129638,125,2077.717816
175.486098,164,2078.044335
154.429243,150,2078.182845
127.292255,137,2078.311369
478.976574,429,2078.899124
210.025841,190,2079.091673
221.656335,221,2079.480694
122.195506,121,2079.59396
113.291354,113,2079.709818
98.625118,98,2079.984344
86.816415,92,2080.068882
181.53496,163,2080.220719
425.394093,414,2080.813753
163.357598,158,2080.958955
100.870778,106,2081.066605
105.414863,104,2081.336371
68.838774,92,2081.420475
33.464161,88,2081.501107
98.87907,96,2081.588631
284.525926,285,2082.646316
70.895078,78,2082.71882
125.642235,125,2082.83599
298.500527,264,2083.275559
92.653393,295,2083.545022
96.329727,97,2083.641477
116.183273,111,2083.906039
214.007046,204,2084.093497
164.386558,170,2084.256148
132.134843,135,2084.527861
42.992481,52,2084.574495
69.811808,114,2084.681788
149.041069,157,2084.828297
406.174437,422,2085.373295
462.032177,493,2085.980789
128.928414,176,2086.146971
330.070861,331,2086.609882
193.767613,185,2086.78461
99.29023,101,2087.025352
82.269016,89,2087.108501
318.92448,280,2087.3684
133.894597,133,2087.642081
228.235158,209,2087.834518
287.704092,257,2088.075229
106.005258,143,2088.349531
102.655293,110,2088.451565
272.243152,240,2088.674954
222.685692,211,2089.014783
144.844923,139,2089.148515
157.798014,157,2089.29813
24.961136,108,2089.545643
140.100585,133,2089.668515
71.03811,75,2089.738399
85.468634,88,2089.819448
128.679455,130,2089.947447
132.462765,145,2090.240988
90.713113,93,2090.326102
75.489598,80,2090.398767
158.312246,146,2090.53701
89.754589,95,2090.772254
116.147795,114,2090.875632
154.006964,148,2091.012617
146.491573,147,2091.149483
236.79214,209,2091.494021
57.44628,63,2091.552829
235.962706,213,2091.748554
-32.375976,130,2092.02667
78.449757,81,2092.103557
251.540409,239,2092.326043
127.938533,141,2092.462635
98.547808,134,2092.794526
82.06463,252,2093.028179
157.890944,151,2093.18684
105.698856,106,2093.467904
57.239149,158,2093.613664
187.449284,171,2093.779837
185.238665,177,2094.173578
129.81326,327,2094.484298
149.140388,148,2094.797072
147.438635,148,2094.933001
106.144954,104,2095.02852
184.913695,173,2095.404468
0.020229,139,2095.680161
166.992168,179,2095.848703
119.759838,116,2095.958353
286.096005,303,2096.395455
218.058557,201,2096.581886
184.768408,173,2096.924498
101.775719,102,2097.017779
143.178798,144,2097.14923
141.923053,131,2097.274596
183.906203,175,2097.62661
140.065811,147,2097.761245
130.62865,127,2097.88005
120.013747,122,2098.000916
210.762561,213,2098.445307
195.82304,181,2098.614733
180.097074,165,2098.985315
129.366774,126,2099.102284
253.300513,335,2099.425894
120.701883,120,2099.695115
139.430306,142,2099.826225
289.651657,364,2100.332652
264.857658,232,2100.546924
71.045655,76,2100.617869
124.356921,119,2100.741187
240.307361,242,2101.144561
166.175638,154,2101.288515
219.224654,202,2101.64565
166.358499,191,2101.823215
154.055944,143,2101.95766
220.118052,203,2102.340257
207.132834,195,2102.530609
165.778786,215,2102.930352
145.904166,137,2103.05951
144.92355,144,2103.19438
155.693926,148,2103.340225
51.940462,110,2103.611073
131.806766,135,2103.737546
110.792401,115,2103.844231
170.538626,199,2104.035777
163.977709,151,2104.340908
87.469223,93,2104.428724
127.234207,132,2104.553448
154.580845,147,2104.700143
209.927741,214,2105.057254
160.853696,158,2105.204627
328.326966,377,2105.738819
70.829554,76,2105.810702
163.169424,163,2105.97152
103.985952,158,2106.264567
228.074569,202,2106.448304
127.060775,131,2106.572996
160.20714,164,2106.876331
197.228242,205,2107.069198
378.122668,393,2107.597912
277.03944,261,2107.84858
126.156024,119,2108.107903
199.090927,184,2108.782119
154.456395,145,2108.917992
170.522742,227,2109.268642
207.752447,332,2109.579976
159.788116,150,2109.869501
230.464639,215,2110.067077
108.805639,114,2110.174152
428.692315,587,2110.874934
368.487313,329,2111.333889
94.270308,100,2111.427278
-14.146157,86,2111.514932
149.301741,141,2111.787444
59.881291,67,2111.85034
127.063777,122,2111.966706
142.910514,135,2112.090735
77.940993,87,2112.181117
99.089232,102,2112.418409
150.256276,142,2112.551172
337.814487,309,2112.989945
168.704743,168,2113.147076
509.78213,670,2113.915927
433.742712,431,2114.462229
119.766682,121,2114.575159
266.110753,265,2114.967407
167.050078,169,2115.124377
123.523779,120,2115.238765
81.374073,86,2115.477778
562.923575,519,2116.11889
103.156138,102,2116.213583
61.392446,114,2116.322119
191.544206,196,2116.507431
126.015771,123,2116.777194
123.395101,121,2116.890083
202.522258,181,2117.059363
293.568282,491,2117.659563
90.733825,93,2117.744038
161.417447,153,2118.038917
228.605,216,2118.242321
295.150932,289,2118.704655
94.633832,98,2118.796519
171.563389,155,2118.942152
157.621749,148,2119.090895
66.329683,71,2119.307522
195.717927,195,2119.491098
141.511257,133,2119.615773
292.417503,276,2120.036895
168.422108,156,2120.184131
151.960871,141,2120.318349
-76.734702,287,2120.747059
468.653471,403,2121.939683
150.17773,145,2122.0732
390.424639,755,2122.943338
214.908285,201,2123.281168
90.813471,475,2123.864484
145.438371,144,2123.997375
281.672061,248,2124.230231
42.513486,121,2124.487222
186.731578,168,2124.641865
66.051442,74,2124.709982
124.753492,123,2124.829771
179.213463,170,2125.131692
205.656365,192,2125.308938
85.403219,89,2125.391457
139.206167,135,2125.659664
167.502432,160,2125.807326
215.665684,201,2125.992667
357.843269,316,2126.43662
214.782627,197,2126.6223
114.111165,113,2126.736906
367.092563,320,2127.171389
212.262015,234,2127.544932
121.997198,122,2127.658206
395.691929,482,2128.254535
119.949369,125,2128.36828
123.025021,124,2128.484622
167.983633,158,2128.778185
131.779916,126,2128.894307
130.554798,149,2129.031707
207.71132,203,2129.229862
216.9756,193,2129.548241
83.941365,88,2129.628297
141.166007,138,2129.754695
234.402261,241,2130.123524
236.134021,220,2130.326961
216.898517,207,2130.663172
141.756402,138,2130.788309
136.589751,130,2130.909881
151.640743,148,2131.053145
204.979548,190,2131.376195
190.600379,179,2131.54239
164.909638,172,2131.709201
141.270137,139,2131.979558
422.122671,400,2132.510745
164.803128,153,2132.657499
475.168846,421,2133.203968
108.761807,112,2133.307857
104.482275,105,2133.405117
87.964256,89,2133.48694
205.223201,227,2134.142139
163.169635,171,2134.30338
375.487613,349,2134.763453
95.443924,97,2134.851591
118.80797,116,2134.958713
32.477681,294,2135.396058
110.620804,179,2135.564135
250.302528,475,2136.188692
428.407298,383,2136.744145
222.629259,204,2136.940854
179.918828,163,2137.104338
226.322779,210,2137.503745
426.221873,370,2138.046996
8.13636,104,2138.14121
201.046586,197,2138.321419
194.926342,185,2138.672586
302.129469,292,2138.944094
167.419851,160,2139.100462
325.576675,336,2139.625414
97.84079,200,2139.824559
126.980346,136,2140.140062
80.498171,88,2140.220621
39.550136,120,2140.32957
85.161106,87,2140.413682
148.662405,141,2140.732296
177.259965,165,2140.882111
71.722339,79,2140.953672
245.645376,222,2141.171754
158.749864,148,2141.525962
147.429727,209,2141.720805
168.641394,159,2141.886363
30.264834,44,2142.123973
255.789792,230,2142.338
87.981696,91,2142.422042
140.896831,131,2142.55441
174.465447,162,2142.861093
133.586211,135,2142.984581
215.183071,192,2143.167271
255.164388,250,2143.567394
91.093425,96,2143.653414
56.702804,63,2143.710662
83.141804,83,2143.791297
86.420315,92,2144.02393
168.999381,155,2144.169987
107.053253,108,2144.270562
93.74695,95,2144.358093
64.515483,67,2144.423433
29.580429,117,2144.676598
111.311976,107,2144.774467
119.640274,118,2144.884692
379.859907,397,2145.404953
251.668622,239,2145.625555
130.297249,130,2145.893698
169.653367,173,2146.053119
60.208175,68,2146.114449
239.689651,213,2146.316353
73.331122,77,2146.525856
303.976159,301,2146.801693
234.171476,216,2147.86214
103.486132,107,2147.961769
84.682666,89,2148.044785
154.079962,264,2148.302383
215.280982,195,2148.621044
212.330469,188,2148.792681
144.172484,143,2149.073517
168.887436,156,2149.223469
157.644192,150,2149.36721
303.431266,310,2149.817461
315.103956,338,2150.136435
84.144028,86,2150.359714
112.799036,110,2150.46226
81.785716,93,2150.546774
59.440557,69,2150.61024
247.530379,238,2150.976629
72.393256,77,2151.048271
158.294162,150,2151.186344
77.213253,79,2151.260797
158.831654,158,2151.413208
172.024402,159,2151.707535
282.314449,342,2152.03387
356.886821,337,2152.489739
241.278277,222,2152.845247
285.57268,295,2153.120033
450.076888,391,2153.627398
46.872542,56,2153.67908
236.899794,231,2153.899656
6.776566,91,2154.127858
144.684733,155,2154.27084
120.676643,117,2154.378767
187.830337,174,2154.544885
178.214488,167,2154.839825
282.57106,289,2155.11067
213.977998,194,2155.435979
310.926921,355,2155.768687
119.363808,119,2156.022254
137.802373,130,2156.14382
172.280706,222,2156.356189
149.199427,142,2156.635182
256.434271,233,2156.856259
252.465385,232,2157.223157
229.29632,213,2157.425006
482.622776,454,2158.000232
91.498225,89,2158.082038
38.71403,153,2158.221498
137.901851,133,2158.493142
151.245418,155,2158.637865
208.599408,195,2158.818844
275.620605,247,2159.20059
156.265111,146,2159.336589
71.783573,74,2159.404469
72.502473,79,2159.479208
217.657324,201,2159.813531
87.760441,90,2160.459392
121.030157,121,2160.570798
93.753548,98,2160.662039
143.358702,136,2160.922885
49.090755,61,2160.979227
72.843336,106,2161.07767
157.438047,148,2161.218153
132.503049,130,2161.346622
146.471848,146,2161.63522
281.830696,282,2161.903854
107.330461,125,2162.208148
157.908788,160,2162.354384
92.555101,94,2162.441282
46.173791,56,2162.492749
119.836575,120,2162.609535
201.65669,195,2162.933332
169.146353,160,2163.079472
213.848312,213,2163.280904
138.43571,150,2163.561844
122.269758,119,2163.671585
353.892961,430,2164.216369
199.501943,182,2164.385775
139.367659,145,2164.527608
133.180721,141,2164.794513
124.691412,124,2164.908187
204.440467,185,2165.078277
152.073752,150,2165.359984
221.597204,220,2165.564611
172.070425,176,2165.735322
378.242288,443,2166.295484
91.167604,94,2166.391544
284.880823,348,2166.857522
100.811271,100,2166.953019
117.39479,148,2167.240334
150.032479,149,2167.379459
101.529524,169,2167.536772
74.937185,87,2167.624607
161.738557,153,2167.910229
129.835506,236,2168.132592
113.388336,118,2168.248449
326.344135,306,2168.673603
153.523418,144,2168.805516
108.060879,138,2169.078702
168.148416,160,2169.225594
211.039678,190,2169.39893
25.186611,212,2169.741532
143.329111,138,2169.868416
148.676527,141,2169.997007
253.764895,228,2170.37833
157.201268,145,2170.512713
118.474317,114,2170.618427
144.017236,138,2170.751885
51.270706,159,2171.058322
112.750314,123,2171.172453
193.527121,181,2171.342546
125.228646,132,2171.621081
240.345457,252,2171.854632
152.886762,146,2171.995544
160.100085,159,2172.331549
168.435024,153,2172.47069
121.335137,123,2172.584159
296.764195,298,2173.654975
118.823431,115,2173.758486
129.857598,139,2173.897238
286.975434,309,2174.367343
114.242766,125,2174.48177
71.21727,106,2174.587389
212.555908,199,2174.932333
87.428841,92,2175.016395
221.143451,203,2175.205223
204.231864,201,2175.629894
213.419829,214,2175.827867
184.900915,192,2176.189052
322.174867,346,2176.507646
218.442935,230,2176.916327
156.854843,151,2177.054912
156.167636,144,2177.189154
147.242522,153,2177.51713
114.560548,116,2177.624289
196.241422,182,2177.794087
227.188357,419,2178.404749
176.489374,162,2178.556266
200.541321,181,2178.916403
300.613766,265,2179.162703
338.350115,491,2179.809748
221.269249,200,2180.004391
77.597172,87,2180.269001
136.377424,240,2180.485847
137.987441,130,2180.613095
198.392852,180,2180.948716
399.419657,387,2181.314858
215.086947,200,2181.663681
109.237294,224,2181.877221
109.085289,117,2182.218884
48.136822,192,2182.399166
174.215765,165,2182.557935
131.096779,134,2182.700691
210.92479,199,2183.063499
424.268317,421,2183.607731
104.401927,109,2183.709974
164.174844,167,2183.863468
111.812541,114,2183.974828
267.742164,240,2184.341156
91.592312,100,2184.433184
112.884612,114,2184.538421
230.144924,221,2184.887199
305.23715,276,2185.141354
203.164454,191,2185.465106
350.209912,364,2185.803354
100.898357,97,2186.038154
107.204137,103,2186.134626
125.883295,120,2186.569059
197.817723,202,2186.761183
269.248527,277,2187.171071
45.90733,93,2187.259037
176.50511,175,2187.429951
37.136118,101,2187.671727
340.435745,314,2187.960247
162.132158,158,2188.255892
235.81207,219,2188.460858
188.307761,173,2188.623431
447.74157,568,2189.310714
181.435924,178,2189.614708
81.514521,90,2189.697367
162.958443,151,2189.836713
172.724893,167,2190.138325
237.266106,222,2190.345858
159.279905,158,2190.492528
201.5368,198,2190.817898
121.35246,119,2190.928655
-9.705374,103,2191.024578
218.301803,387,2191.565173
116.667968,115,2191.672567
320.982902,301,2192.14079
97.788311,99,2192.231593
277.994374,310,2192.674885
232.221117,211,2192.86606
239.506161,237,2193.0893
16.367001,105,2193.327824
117.588346,116,2193.433958
224.313927,208,2193.626746
445.160535,420,2194.164712
125.783409,125,2194.279626
162.787338,163,2194.578742
115.949322,113,2194.682346
272.772661,253,2194.915557
100.311305,99,2195.157164
69.888348,77,2195.227953
149.601001,137,2195.354087
112.516447,117,2195.461596
266.516341,345,2195.929697
161.914708,200,2196.114088
132.010526,130,2196.244102
85.495422,89,2196.467416
124.382254,120,2196.579856
289.455906,249,2196.815164
291.087441,278,2197.236051
180.634349,166,2197.390993
78.969881,84,2197.475734
238.130605,225,2197.844612
3.97536,88,2197.927534
321.01156,294,2198.350529
0.529371,81,2198.427527
39.998026,160,2198.575926
200.120512,206,2199.318332
79.700709,92,2199.54057
216.529236,196,2199.722205
178.50254,225,2199.935012
179.787681,336,2200.389642
55.332661,63,2200.446997
124.235758,116,2200.563428
89.901458,91,2200.785492
219.751467,208,2200.975301
83.240103,91,2201.059314
62.532992,71,2201.12743
-18.048398,116,2201.378861
244.123425,239,2201.60214
254.601913,243,2201.977815
261.08531,230,2202.190723
291.290021,263,2202.58684
79.087619,86,2202.667501
90.856332,93,2202.750906
159.297037,152,2202.891943
64.253471,73,2202.961409
151.177738,140,2203.236561
205.225145,187,2203.410425
177.325092,190,2203.586073
87.485112,90,2203.677347
78.627555,81,2203.89114
17.420151,87,2203.974
334.526787,287,2204.244232
190.872027,215,2204.592843
266.418848,249,2204.823574
171.712225,164,2205.126216
201.033213,185,2205.295922
297.707481,282,2205.708726
106.38775,161,2205.862212
96.303046,107,2205.960547
204.867242,186,2206.139009
119.026977,123,2206.394416
336.941133,320,2206.694186
273.93393,336,2207.158841
145.53573,184,2207.336214
27.583422,86,2207.425495
16.864086,103,2207.75423
73.142104,79,2207.827539
166.312109,169,2207.988233
221.870486,297,2208.458105
43.329435,126,2208.575189
298.062442,273,2209.034853
154.422572,235,2209.265934
104.946261,123,2209.383369
204.411814,194,2209.734216
189.395322,203,2209.922639
204.772877,195,2210.106117
142.138121,138,2210.403861
121.379941,123,2210.515191
188.411562,167,2210.668799
64.635819,71,2210.739802
121.046117,124,2211.019885
96.472722,99,2211.111449
398.696539,401,2211.648778
209.745638,189,2212.014053
167.595647,161,2212.166202
154.729438,152,2212.464654
308.374297,320,2212.76137
98.003426,102,2212.85964
188.861059,184,2213.254383
280.950534,309,2213.552031
113.832438,120,2213.829726
188.005605,175,2213.990365
1.083947,143,2214.123266
27.02379,137,2214.261024
7.436576,135,2214.583799
251.071326,237,2214.803937
90.739322,217,2215.217914
245.127177,243,2215.438654
85.837651,90,2215.522743
384.337133,381,2216.049931
107.926105,113,2216.155452
155.403339,160,2216.476709
262.815208,287,2216.74069
259.28171,239,2217.14019
150.037354,139,2217.266762
190.103607,183,2217.433649
261.824256,258,2217.83812
125.401301,124,2217.950514
10.491639,137,2218.076325
462.186982,537,2218.739892
212.994517,209,2219.144649
141.036226,132,2219.266645
71.612193,284,2219.549714
153.872545,145,2219.847721
215.369601,201,2220.031207
191.850971,177,2220.21357
230.241359,214,2220.601261
145.185545,141,2220.731626
301.641349,427,2221.305765
181.284125,180,2221.481146
132.638054,130,2221.753889
239.129766,213,2221.956325
131.872011,124,2222.075089
121.448441,126,2222.357579
92.552003,94,2222.445188
131.293162,129,2222.56697
239.763239,218,2222.777455
103.287783,106,2223.108735
529.389933,500,2223.777364
181.168462,174,2223.938208
321.818242,308,2224.484516
215.016871,198,2224.663582
238.366894,243,2224.896609
133.183727,146,2225.818406
127.425304,126,2225.934689
135.050551,136,2226.059151
346.268622,320,2226.528107
291.309478,361,2226.87681
281.68355,253,2227.32602
84.281654,87,2227.406549
387.950128,374,2227.979364
144.312136,138,2228.10856
209.96848,210,2228.480817
411.96895,448,2228.906623
112.064188,129,2229.177084
90.091615,91,2229.259585
455.038603,413,2229.820777
167.668391,160,2229.967943
246.22425,246,2230.20747
123.371104,125,2230.471705
54.362463,141,2230.604608
477.700036,411,2231.243902
-62.281847,101,2231.336482
172.344818,187,2231.52441
140.782017,138,2231.857556
113.519313,111,2231.959975
150.489301,149,2232.098316
164.647902,159,2232.258687
110.574433,110,2232.53929
68.837927,196,2232.740804
231.509502,232,2232.97388
198.112055,178,2233.279497
170.008913,159,2233.427295
134.094045,125,2233.548789
356.020063,333,2234.001487
101.360639,380,2234.498726
406.102187,361,2234.839987
118.181166,116,2235.087412
188.031731,494,2235.694634
131.44641,127,2235.814166
219.032771,201,2236.00647
6.657578,123,2236.267275
133.018054,139,2236.394654
139.043158,138,2236.521711
317.238649,307,2236.952146
329.600131,341,2237.270722
35.130367,120,2237.531283
148.204882,139,2237.662789
235.353344,247,2237.898026
160.331603,155,2238.193692
179.227479,160,2238.950797
226.160616,215,2239.158335
132.384099,127,2239.414022
103.178858,105,2239.512435
185.992238,185,2239.68473
226.319393,205,2240.029135
161.397042,157,2240.176986
229.896507,199,2240.364293
104.568997,109,2240.611447
154.157728,141,2240.743093
211.965227,187,2240.914537
276.004306,241,2241.294307
158.423127,149,2241.434932
158.234622,177,2241.601032
158.782985,153,2241.896052
285.628361,284,2242.160494
99.090099,98,2242.252504
136.521194,135,2242.557794
167.199903,154,2242.703131
150.521936,138,2242.831375
215.653071,212,2243.182652
204.677707,191,2243.360081
128.666192,136,2243.485749
159.281113,271,2243.886292
153.322626,145,2244.018615
237.095182,217,2244.223784
174.633163,167,2244.521226
109.705826,107,2244.61888
75.605333,89,2244.700341
77.862056,115,2244.80888
95.221922,98,2245.046257
133.300291,128,2245.163858
346.473602,315,2245.461724
167.725807,155,2245.741502
88.552027,88,2245.822183
146.321085,142,2245.95438
104.634956,124,2246.073822
143.567729,140,2246.343502
153.058965,335,2246.654792
219.020487,200,2246.982618
473.742225,508,2247.611396
130.811241,216,2247.813572
152.876754,143,2247.952618
141.977709,135,2248.219259
92.937706,98,2248.31197
248.780415,242,2248.541014
120.992478,119,2248.795133
-9.160859,90,2248.87999
551.244462,500,2249.489807
149.368363,146,2249.625056
176.48647,179,2249.79722
91.558244,96,2250.046084
504.124425,428,2250.469636
129.324773,130,2250.740743
168.252261,161,2250.892855
379.120799,348,2252.105546
112.434739,146,2252.245848
146.844412,156,2252.394534
161.81564,156,2252.69627
129.526411,135,2252.822996
124.575198,129,2252.9439
79.257087,87,2253.025233
145.889975,142,2253.307196
121.596659,121,2253.418091
74.561814,87,2253.497714
152.074487,142,2253.62869
414.967715,386,2254.138176
339.483568,350,2254.605055
124.094322,125,2254.719317
221.850332,202,2254.905546
245.601656,252,2255.286604
211.479354,197,2255.469219
160.026558,171,2255.639646
280.927262,287,2256.06907
304.569009,282,2256.504567
309.123353,291,2256.798918
181.815519,181,2257.134479
138.414955,137,2257.265532
405.906826,367,2257.625147
229.277831,289,2258.044361
92.542288,90,2258.129097
128.211802,127,2258.260761
209.106945,212,2258.605187
156.033051,146,2258.742479
121.823856,117,2258.860581
266.669899,319,2259.317759
186.388048,176,2259.491807
59.259936,65,2259.704686
64.627879,135,2259.83354
150.164672,168,2259.99481
179.719898,178,2260.175248
101.86026,107,2260.426773
80.824432,84,2260.506834
221.755075,207,2260.701409
135.603629,128,2260.830204
179.631702,162,2261.127349
218.018851,210,2261.326301
215.186838,212,2261.676816
219.000008,205,2261.875473
279.592096,259,2262.273176
117.225586,112,2262.377482
93.655679,94,2262.466408
237.292464,228,2262.683312
173.693472,175,2262.996054
100.83409,102,2263.089844
302.153229,278,2263.355088
171.598956,157,2263.641178
423.43501,420,2264.176519
236.576145,206,2264.363753
174.904425,160,2265.015938
184.512665,165,2265.303201
149.603727,143,2265.436795
115.451157,114,2265.544062
89.721355,94,2265.633457
278.552563,282,2266.043651
242.321806,239,2266.272218
126.486121,129,2266.554356
246.102035,235,2266.777315
182.226596,173,2266.947891
84.208904,86,2267.31172
-52.500354,103,2267.407264
245.730928,246,2267.650415
148.4384,146,2268.014559
-13.580702,106,2268.117667
187.392359,169,2268.278495
111.495967,108,2268.385368
89.027676,91,2268.481519
194.369968,181,2268.867845
80.162296,89,2268.948509
190.74162,172,2269.123051
223.735496,201,2269.502821
413.948443,369,2269.846443
112.649052,113,2270.136272
182.443403,176,2270.29809
37.011331,48,2270.341558
218.963024,200,2270.537684
74.874463,84,2270.855978
96.393553,99,2270.946495
190.528589,179,2271.132638
138.894864,199,2271.533302
351.340628,329,2271.848044
-25.27459,104,2271.957252
-28.543737,109,2272.239688
201.123772,191,2272.416194
524.30154,506,2273.091986
128.166239,129,2273.209786
79.407446,80,2273.290478
210.509603,193,2273.645981
187.221912,173,2273.809041
306.102968,267,2274.241894
123.647533,126,2274.359566
137.044585,131,2274.480234
215.750577,205,2274.894079
114.393477,114,2274.998146
308.201763,276,2275.258064
178.260125,166,2275.618859
191.771997,181,2275.782674
215.764883,201,2275.973161
-80.211947,573,2276.722712
335.294856,296,2277.15858
92.54569,113,2277.268721
108.179178,107,2277.379383
280.866179,247,2277.750573
187.82814,178,2277.921432
138.813094,146,2278.639717
189.242245,177,2278.806831
125.522717,128,2278.922849
100.180018,99,2279.014639
160.924819,149,2279.288699
96.754711,96,2279.375123
152.563863,144,2279.505542
265.714132,313,2279.945947
104.230859,111,2280.048817
142.228049,132,2280.169477
-16.019772,88,2280.256356
21.324871,110,2280.501429
275.258325,249,2280.734791
158.513918,162,2280.894026
183.466647,177,2281.199936
216.258338,209,2281.393811
258.239665,239,2281.760478
193.514214,176,2281.924062
219.222989,250,2282.166165
165.114542,154,2282.450269
327.627508,294,2282.724304
265.439602,244,2283.098811
196.805575,189,2283.275632
141.181452,134,2283.408422
302.098189,362,2283.899771
279.828997,529,2284.542185
110.886578,108,2284.644992
139.232883,145,2284.918361
87.361797,90,2285.00086
93.807882,99,2285.091037
143.463019,149,2285.227918
229.147907,213,2285.573148
252.28597,240,2285.793709
247.727722,220,2286.144291
157.596067,146,2286.278559
187.496171,177,2286.441341
454.070866,428,2286.993925
140.824693,130,2287.117447
178.70976,166,2287.421322
232.644396,212,2287.620951
159.484208,147,2287.764643
111.644695,113,2288.01382
198.626132,182,2288.181806
145.558555,140,2288.311282
221.934799,210,2288.653986
386.152002,341,2288.966913
479.242523,424,2289.506282
208.063758,191,2289.845025
374.918946,320,2290.137091
127.250886,131,2290.262744
334.855139,298,2290.726393
67.617372,122,2291.280607
149.504945,149,2291.611627
80.90438,85,2291.688959
180.311894,197,2291.871151
103.805682,102,2291.969162
179.469735,167,2292.305717
148.544693,158,2292.456654
234.476141,222,2292.669308
269.704101,258,2293.110229
150.612363,138,2293.238275
198.519759,196,2293.439435
551.063903,517,2294.325783
154.315621,151,2294.463158
250.43787,241,2294.68544
111.651049,112,2294.801351
212.558116,196,2295.230719
175.301677,176,2295.398472
238.904911,226,2295.801275
164.525604,146,2295.933918
90.088905,90,2296.016332
115.849536,113,2296.124625
210.177903,204,2296.506602
193.331319,179,2296.672305
149.973812,159,2296.825781
419.306012,429,2297.396017
166.469033,154,2297.804854
103.601702,112,2297.90632
195.287176,175,2298.066605
103.411413,106,2298.172726
83.768808,89,2298.263706
-3.804252,93,2298.50739
98.991887,102,2298.601501
209.476104,187,2298.773606
118.700511,123,2298.898011
94.702887,102,2299.148427
405.340963,349,2299.476828
285.913427,254,2299.864382
199.495293,188,2300.038113
265.866421,253,2300.423503
116.823903,120,2300.535479
173.043309,179,2300.702003
259.154285,252,2301.086782
274.367516,240,2301.310245
161.085766,152,2301.599498
162.925288,147,2301.736114
234.749077,213,2301.936177
105.400591,107,2302.045668
118.778364,121,2302.30176
468.882002,482,2302.903401
100.226977,109,2303.006738
131.601661,133,2303.132502
300.476682,276,2303.544969
271.688824,515,2304.726995
195.614536,183,2304.899881
130.691384,127,2305.019454
188.57629,172,2305.319025
113.325501,118,2305.426084
-60.177211,144,2305.560036
91.429397,102,2305.654483
254.968611,231,2306.012119
131.555648,200,2306.197144
364.919105,333,2306.65644
138.128887,134,2306.782789
154.869085,150,2306.926226
255.912683,242,2307.299046
81.633455,86,2307.379753
261.744049,286,2307.798578
278.6548,250,2308.03612
461.359284,407,2308.562437
208.553848,193,2308.739311
156.405507,160,2309.033014
160.815248,153,2309.173834
107.638271,109,2309.275761
154.888238,146,2309.410843
296.510006,268,2309.804202
143.548036,142,2309.936185
152.537191,156,2310.081808
243.795057,248,2310.455061
151.07992,140,2310.583145
150.951581,143,2310.72367
152.729795,148,2311.001683
66.273453,97,2311.091205
151.549054,140,2311.22253
195.688896,180,2311.53845
267.160854,264,2311.786298
309.183076,280,2312.231666
198.429514,182,2312.402956
152.29863,148,2312.543793
98.052513,98,2312.647085
421.453998,419,2313.187608
51.002367,180,2313.505449
99.482582,113,2313.611434
173.699264,168,2313.76528
96.444331,102,2313.862676
162.9879,167,2314.160344
118.073746,126,2314.276467
134.684578,126,2314.390464
129.670305,123,2314.510201
136.399717,169,2314.809004
145.456662,143,2314.946288
187.376499,171,2315.105305
23.653851,127,2315.368912
152.772965,141,2315.499321
172.061414,170,2315.654877
77.895201,82,2315.734868
193.959354,181,2316.043592
270.968585,239,2316.268829
109.496517,112,2316.377751
156.561707,146,2316.658034
197.706917,182,2316.826395
172.184285,161,2317.457832
166.049378,154,2317.736957
65.755582,94,2317.823443
453.943574,440,2318.371882
212.960753,188,2318.545308
29.782135,103,2318.641478
184.009523,174,2318.945507
88.131465,98,2319.036886
120.03125,119,2319.149218
29.084765,131,2319.273747
245.242597,247,2319.652803
207.880753,199,2319.838731
94.474931,97,2319.933128
105.80944,112,2320.179654
373.187865,387,2320.54199
237.230047,214,2320.879565
114.837736,120,2320.990456
106.794173,110,2321.091113
143.476023,137,2321.228982
157.063607,157,2321.51552
234.101385,230,2321.730297
198.537727,188,2322.053468
98.298332,104,2322.148723
124.320496,119,2322.268698
262.115735,253,2322.669304
144.205965,175,2322.829577
280.771578,255,2323.06741
157.938631,179,2323.37363
167.715301,155,2323.513579
167.772658,160,2323.661055
191.51083,504,2324.275624
139.421816,134,2324.547254
221.030478,207,2324.738653
99.747312,104,2324.83419
70.551313,75,2324.904714
101.800917,107,2325.150752
584.031206,494,2325.750017
121.887673,119,2325.861426
129.31162,126,2325.97768
356.993008,315,2326.411663
197.910207,188,2326.58579
112.977173,111,2326.688384
154.850777,140,2326.82322
73.268619,82,2327.039433
111.30597,112,2327.143727
114.445336,113,2327.250039
-20.594608,95,2327.340621
163.224605,153,2327.63328
278.306555,280,2327.896118
97.599398,99,2327.989018
202.495935,190,2328.311479
325.730771,285,2328.573462
161.742253,150,2328.859148
277.885527,279,2329.126804
163.588676,158,2329.280323
188.305122,174,2330.183319
111.381687,113,2330.289115
242.799085,226,2330.497767
120.568983,115,2330.738317
154.198232,144,2330.869546
301.299707,270,2331.127829
63.60326,77,2331.340974
174.166924,171,2331.496242
168.906976,179,2331.659492
199.932966,193,2331.98392
140.591602,145,2332.115853
148.191277,138,2332.246413
45.934765,103,2332.346098
114.991184,115,2332.598411
199.355934,178,2332.762305
215.779062,223,2332.97267
134.425527,126,2333.239407
123.89289,127,2333.358193
108.012516,161,2333.504811
189.46062,170,2333.80969
127.766004,126,2333.926193
478.451182,589,2334.623733
162.577885,156,2334.766315
202.872554,186,2335.083308
26.107329,135,2335.207969
166.905409,168,2335.362522
146.554133,139,2335.495541
187.207898,173,2335.795247
126.491014,134,2335.922444
109.172556,109,2336.022088
222.44391,210,2336.365978
73.173448,79,2336.450494
423.079102,418,2336.997604
173.104064,223,2337.20835
45.595685,92,2337.296764
243.615076,247,2337.674639
426.481718,407,2338.193611
247.451023,245,2338.418173
171.00338,214,2338.620037
130.78715,133,2338.883254
341.65949,395,2339.258416
191.452291,177,2339.566042
76.96467,83,2339.64313
210.262667,194,2339.822743
307.593083,277,2340.225551
284.668298,251,2340.459832
128.138464,130,2340.72563
87.380948,91,2340.809561
102.771632,102,2340.904819
226.761023,239,2341.132727
124.075632,138,2341.401465
334.714661,306,2341.6978
304.993381,265,2342.091735
99.760688,96,2342.180393
185.355863,177,2343.009089
213.938073,201,2343.329037
119.81722,120,2343.43805
157.998217,168,2343.594225
244.266202,229,2343.946434
272.222571,263,2344.190588
170.421069,164,2344.486879
29.677773,105,2344.586038
464.230941,425,2345.130352
147.096051,145,2345.266255
312.183944,285,2345.677868
257.861165,266,2345.927154
182.245018,165,2346.08205
98.277037,101,2346.321504
120.655668,129,2346.443896
294.290741,277,2346.700475
108.276312,114,2346.955367
130.643479,126,2347.074208
59.301279,67,2347.13678
69.161932,143,2347.272159
204.154533,194,2347.624074
106.117505,106,2347.722955
146.384271,137,2347.848799
391.831491,664,2348.648423
136.996509,132,2348.929221
137.258647,133,2349.0524
371.322937,337,2349.607674
145.330962,140,2349.735676
222.055075,210,2349.932281
97.649414,102,2350.034267
152.434067,166,2350.378081
167.994893,196,2350.558188
193.94688,178,2350.735595
93.090124,90,2350.96014
153.685766,146,2351.095381
52.339641,337,2351.554452
372.807248,331,2351.867879
395.612932,374,2352.372651
160.826547,151,2352.516257
82.616647,90,2352.610521
128.491696,152,2352.894859
171.079555,160,2353.040799
210.378692,203,2353.239126
293.285058,307,2353.670231
23.713662,90,2353.752951
204.248952,197,2354.087017
171.402706,157,2354.234963
162.205072,153,2354.375228
252.983378,223,2354.730325
104.642128,103,2354.825916
252.822059,229,2355.034759
269.412553,239,2355.899883
100.601878,109,2356.004485
186.539012,176,2356.167007
127.866049,134,2356.43025
-13.180394,382,2356.788293
190.074541,175,2357.098779
128.683147,124,2357.217139
184.651381,172,2357.377153
249.217494,248,2357.767557
341.973717,297,2358.049186
189.435823,186,2358.380914
132.141773,134,2358.505262
328.462755,298,2358.964286
94.715649,101,2359.057866
210.886243,194,2359.240497
175.622559,164,2359.403589
394.74503,412,2360.048191
167.373747,168,2360.399655
144.71709,135,2360.52336
54.308152,62,2360.580181
154.841761,147,2360.716645
140.701434,135,2360.855579
140.181909,142,2361.144993
273.177073,236,2361.365893
155.447958,151,2361.76027
134.648363,125,2361.87725
87.294584,116,2361.986278
153.473614,145,2362.135079
115.76124,120,2362.467765
172.003392,156,2362.613063
115.750469,117,2362.723335
350.503644,311,2363.195375
0.76419,155,2363.340155
138.92961,142,2363.470829
116.533799,117,2363.587792
105.776981,108,2363.856213
149.456165,151,2363.997236
151.267979,159,2364.148798
157.87159,143,2364.46781
207.499794,225,2364.67475
221.568219,207,2364.873661
127.564048,126,2365.164661
55.150554,65,2365.224279
217.806969,211,2365.416292
285.807439,260,2365.89546
274.37164,266,2366.14686
402.928619,430,2366.732838
357.213746,354,2367.256301
257.712034,256,2367.496871
134.793543,130,2367.88759
148.853586,149,2368.024653
188.177944,176,2368.18961
124.042297,125,2368.316823
38.123312,119,2368.600157
128.299594,122,2368.711203
160.91903,158,2368.855591
109.690511,135,2369.585574
250.536859,285,2370.020512
210.418352,193,2370.202074
495.599619,451,2370.778981
172.798487,168,2371.142302
139.035139,139,2371.269721
183.539151,165,2371.422663
106.655088,107,2371.542832
57.812431,65,2371.852722
82.330533,87,2371.935503
73.736207,76,2372.006964
430.434637,381,2372.543795
231.469073,228,2372.751053
145.948937,137,2372.878747
132.124314,131,2373.180474
93.756482,96,2373.272708
108.902586,108,2373.371315
146.629125,138,2373.499172
182.532814,169,2373.867429
247.395813,260,2374.104851
192.486368,188,2374.290076
225.971523,219,2374.652406
213.829575,200,2374.835421
189.31101,178,2375.151531
139.831905,140,2375.280011
160.26543,152,2375.418962
74.657567,101,2375.51402
136.006735,157,2375.807565
130.557174,135,2375.932411
207.415845,192,2376.108632
26.765446,95,2376.205744
172.4167,161,2376.501379
137.55683,130,2376.619902
350.219122,308,2377.090914
365.425587,397,2377.473519
216.636989,203,2377.818865
163.603824,152,2377.963825
153.582732,158,2378.117583
158.166125,156,2378.425029
271.093668,257,2378.668863
73.361951,79,2378.7459
187.265616,224,2379.121126
118.75083,115,2379.228486
162.734847,157,2379.385664
141.787569,184,2379.706801
355.975559,342,2380.0246
250.259667,265,2380.418057
-31.213629,115,2380.527036
201.279567,185,2380.707922
159.23343,155,2380.993423
164.851692,160,2381.146715
253.908705,239,2381.532626
120.830555,121,2381.648508
117.425848,123,2381.760579
230.701696,239,2382.133369
167.681512,163,2384.580434
111.638206,115,2384.693289
133.05194,125,2384.810636
140.980629,136,2385.088501
120.989662,124,2385.20412
12.351993,96,2385.293506
366.461789,436,2385.847498
131.769068,136,2385.975159
133.358383,126,2386.094245
130.84664,157,2386.387084
324.404713,318,2386.681046
274.626545,297,2387.105756
321.746448,284,2387.380466
117.06723,121,2387.636786
151.712251,145,2387.770438
209.624626,215,2387.971611
412.781429,379,2388.468763
116.013733,114,2388.574057
296.042346,263,2388.972866
175.576128,173,2389.14353
172.894115,176,2389.466883
111.546536,118,2389.577048
164.545551,158,2389.720665
148.435618,148,2389.860225
95.186705,94,2390.096234
219.714757,209,2390.291
267.629414,310,2390.722138
90.69514,94,2390.80916
124.262352,119,2390.919134
37.336955,138,2391.062169
193.016195,177,2391.400946
289.980743,259,2391.64116
95.428046,100,2391.734995
129.842512,125,2392.061687
172.758852,159,2392.210534
228.981157,239,2392.441016
407.870337,362,2392.935407
132.833362,161,2393.083565
286.427034,299,2393.507758
171.159176,155,2393.650203
157.676447,150,2393.795805
533.810214,554,2394.656399
136.350518,131,2394.776972
140.949495,134,2394.901484
127.285016,117,2395.01604
404.08162,349,2395.498555
237.992007,208,2395.699075
103.682685,103,2395.96076
118.551728,128,2396.078637
51.044564,106,2396.177626
207.128958,198,2396.370026
175.947887,159,2396.69494
226.548596,214,2396.891335
311.288121,273,2397.90438
201.885024,197,2398.08237
247.274011,246,2398.499698
471.347804,432,2398.902457
148.800705,303,2399.378614
385.927596,372,2399.914104
365.513171,382,2400.279104
325.510249,284,2400.733576
184.550562,169,2400.900908
140.005112,136,2401.182248
582.581038,803,2402.220842
315.138732,283,2402.72462
631.650414,571,2403.425706
74.555808,86,2403.50488
245.184843,215,2403.709293
65.406932,131,2403.98256
81.000896,84,2404.05955
184.981639,171,2404.217689
190.512536,187,2404.54563
122.156155,124,2404.661266
292.270751,308,2404.950181
311.322374,265,2405.341077
210.268758,264,2405.595946
135.199772,132,2405.858424
92.358099,94,2405.943944
200.648384,183,2406.112109
360.354488,352,2406.598171
124.54771,126,2406.719308
558.729317,498,2407.329076
557.111431,505,2407.946043
150.090735,155,2408.099531
194.947037,195,2408.421163
96.206924,202,2408.612439
197.374583,186,2408.933236
180.652583,183,2409.102702
365.765275,404,2409.628485
141.612792,139,2409.753139
166.723583,166,2409.908991
253.765069,243,2410.276574
132.374188,135,2411.536947
295.500752,294,2411.950361
286.3374,262,2412.193123
93.223165,101,2412.290297
125.55042,128,2412.56911
203.392957,183,2412.748672
500.040043,523,2413.391489
273.012147,267,2413.790183
340.606982,312,2414.076464
331.425047,388,2414.581048
120.057365,120,2414.690288
180.06563,165,2414.843716
129.389724,125,2415.100898
284.741585,294,2415.37088
164.8008,159,2415.661099
74.617936,80,2415.732548
188.84237,215,2415.929765
151.942535,141,2416.059841
103.721875,109,2416.304187
139.432691,140,2416.434975
298.047595,280,2416.700655
163.536438,198,2417.027156
124.939676,120,2417.140841
174.292695,161,2417.29542
275.166017,259,2417.689051
513.665292,477,2418.293022
111.265288,114,2418.398401
146.953173,136,2418.524044
137.114073,138,2418.799666
252.734063,234,2419.013539
79.652985,87,2419.094961
123.125745,126,2419.218901
420.858929,465,2419.794394
28.892141,125,2420.054891
37.102552,148,2420.191513
258.375238,252,2420.428144
494.8071,477,2421.018033
189.682452,181,2421.334374
206.185567,185,2421.507794
83.336788,87,2421.587515
422.382154,392,2422.107558
228.518897,211,2422.305758
125.483841,116,2422.557482
-62.795402,79,2422.632119
277.810177,281,2422.890926
229.874779,205,2423.227155
211.833536,192,2423.404701
123.666425,124,2423.518013
382.153368,375,2424.683595
105.8156,107,2424.781923
172.626576,172,2425.096482
276.745253,275,2425.355294
64.832346,72,2425.422463
186.811624,374,2425.917429
144.822993,240,2426.148784
201.28997,328,2426.594045
249.234959,267,2426.985989
263.391314,416,2427.384489
48.054013,129,2427.671582
206.151049,203,2427.858488
268.33319,248,2428.252666
152.784123,149,2428.389232
77.073631,94,2428.475051
161.418401,151,2428.61699
55.127761,65,2428.683733
177.920453,159,2428.974417
155.415758,152,2429.117121
101.351308,100,2429.209451
189.086022,184,2429.528209
100.012061,109,2429.629127
118.262278,122,2429.743454
230.477101,215,2430.101112
140.571517,143,2430.233223
193.708399,189,2430.408384
181.933309,183,2430.729328
114.400787,213,2430.926336
145.479206,142,2431.056301
92.598107,96,2431.150294
516.167719,580,2431.99867
232.834462,265,2432.246582
72.785899,76,2432.316223
214.589577,221,2432.689799
183.705621,174,2432.856162
95.274728,123,2432.972651
122.864118,129,2433.102774
94.610314,98,2433.344535
32.910433,138,2433.47342
230.960025,213,2433.68858
568.637313,728,2434.671422
236.836441,212,2434.864717
125.769467,120,2434.980365
173.918149,161,2435.269258
271.777987,242,2435.492356
180.284899,164,2435.792563
140.965234,136,2435.920693
141.377506,134,2436.046622
115.858949,116,2436.156785
184.425267,176,2436.477765
286.17746,256,2437.272617
364.437176,422,2437.795766
118.709073,115,2437.904537
150.377866,137,2438.036887
139.037062,131,2438.302613
136.377688,136,2438.430503
260.190027,235,2438.658324
102.008269,104,2438.897655
205.134416,289,2439.170804
171.3797,212,2439.522808
215.391549,205,2439.715786
160.394652,159,2439.869391
167.405371,169,2440.172652
232.162426,223,2440.379488
-2.97526,104,2440.475464
139.360754,153,2440.765508
501.537469,437,2441.178239
294.547874,259,2441.567638
221.630257,200,2441.757398
126.360407,129,2442.024717
105.549631,115,2442.146167
132.924398,131,2442.270418
290.314104,274,2442.681691
175.367381,162,2442.83284
114.404319,116,2442.940856
251.498622,243,2443.313059
145.270531,142,2443.44515
370.98633,553,2444.1076
62.260246,67,2444.169775
253.012932,230,2444.531008
79.730455,86,2444.610897
173.551389,161,2444.761266
121.059743,117,2444.868548
159.19834,202,2445.20135
133.263062,155,2445.344898
223.395525,211,2445.542227
89.428871,92,2445.770961
215.651634,267,2446.020823
266.604922,244,2446.402233
49.042333,87,2446.484936
146.52675,141,2446.619956
193.087017,185,2446.794741
234.068818,222,2447.150617
251.581567,225,2447.356053
133.217421,134,2447.487652
119.365237,120,2447.740006
257.175145,229,2447.95255
199.93639,194,2448.282855
148.50595,138,2448.411609
585.911898,493,2449.016353
72.723837,78,2449.095294
121.40343,116,2449.206868
154.481724,140,2449.346304
119.106639,117,2450.542108
228.516025,203,2450.732305
111.752746,196,2450.920273
193.491982,197,2451.255647
120.224396,115,2451.364131
292.755448,255,2451.756218
282.291393,250,2451.989187
174.342723,161,2452.144281
197.408618,187,2452.467849
165.817074,186,2452.638755
61.844806,70,2452.703274
214.311361,200,2453.035349
243.868636,222,2453.240581
148.381794,137,2453.367529
226.801445,212,2453.707317
105.823706,116,2453.813389
181.53724,227,2454.027629
76.455303,86,2454.251231
101.22272,296,2454.526137
167.450815,172,2454.694253
86.060264,111,2454.942014
226.528523,230,2455.15626
349.913265,310,2455.596382
232.543284,370,2455.95116
263.129421,627,2456.817141
197.801808,271,2457.071943
170.882003,161,2457.392026
201.468087,185,2457.565745
188.003954,185,2457.740519
131.234931,139,2458.01929
57.953506,64,2458.078023
175.982011,165,2458.230908
657.146045,668,2459.003779
92.776659,135,2459.285486
142.141451,140,2459.416433
94.041439,100,2459.507759
82.216629,92,2459.593003
137.940516,145,2459.737501
127.401769,135,2460.003715
227.688894,234,2460.220727
198.247217,215,2460.628426
121.932637,117,2460.735897
102.873681,116,2460.842685
288.054018,273,2461.276208
367.201147,315,2461.567814
490.753206,535,2462.222807
291.263818,255,2462.611295
200.975526,203,2463.323591
143.237313,135,2463.450259
283.324221,387,2463.94671
256.437648,292,2464.366521
79.461342,90,2464.450915
217.562077,212,2464.648954
-8.308262,90,2464.875705
97.005297,107,2464.975785
95.36788,96,2465.066588
362.874851,446,2465.634936
103.901204,108,2465.734784
-1.232871,96,2465.824213
156.180073,146,2465.969855
145.186789,138,2466.242063
226.199675,223,2466.4551
253.492565,222,2466.888063
164.547221,169,2467.063396
207.776024,198,2467.255525
117.392508,242,2467.639626
279.422448,255,2467.873532
144.662965,135,2468.160757
296.59091,285,2468.423096
120.58323,120,2468.536267
33.549037,45,2468.581938
86.545513,94,2468.815424
589.247042,593,2469.558125
117.209011,116,2469.66456
193.94442,180,2469.833978
135.377465,139,2470.142722
161.598572,146,2470.27723
40.62612,58,2470.329992
124.24856,124,2470.442405
147.13375,137,2470.792858
107.746711,110,2470.899784
164.366183,162,2471.053617
276.100152,249,2471.622355
212.270241,189,2471.794034
189.782693,180,2471.980071
228.909174,215,2472.341277
187.618807,175,2472.50548
166.940602,158,2472.657044
238.517016,212,2473.000582
155.487656,151,2473.139629
138.029665,132,2473.263139
140.90714,130,2473.52608
138.568286,133,2473.648253
246.04857,225,2473.858396
135.523179,129,2474.125936
120.071924,128,2474.244643
9.851882,110,2474.347797
185.074048,189,2474.52394
205.70518,190,2474.851495
103.935694,116,2474.963773
148.981936,149,2475.101863
197.305691,183,2475.423602
466.676535,422,2475.822848
231.435919,217,2476.690241
182.280239,166,2476.844656
186.950133,194,2477.196081
126.511596,121,2477.31219
273.131881,260,2477.553406
117.924902,114,2477.856849
149.399842,142,2477.986971
371.275874,323,2478.293736
125.971735,128,2478.638662
145.419283,134,2478.759783
176.530836,183,2478.935868
137.093237,126,2479.328121
261.155062,236,2479.542605
35.148064,46,2479.587249
188.609828,181,2479.781843
253.307212,258,2480.250579
133.06574,141,2480.385114
212.829604,190,2480.763989
272.489785,246,2480.988835
208.122946,189,2481.178528
288.355785,277,2481.58388
54.999712,63,2481.644507
49.582295,57,2481.697695
330.177949,294,2482.117762
318.771571,617,2482.846616
149.067633,151,2482.989682
436.973871,397,2483.510862
177.950104,181,2483.68218
94.037076,99,2483.916034
243.529071,223,2484.123014
97.018586,186,2484.301457
260.145436,251,2484.678044
184.435805,175,2484.839845
220.99901,221,2485.194386
192.760476,184,2485.36217
163.47626,157,2485.509275
120.761336,122,2485.766295
199.619447,195,2485.94905
355.361396,319,2486.393572
123.183287,121,2486.507555
68.01206,125,2486.626469
33.459162,91,2486.712377
193.281988,171,2487.023944
145.066277,134,2487.152059
82.207522,83,2487.230656
126.784988,125,2487.351637
250.120992,228,2487.714263
272.18486,247,2487.941964
75.796317,78,2488.014176
133.294824,134,2488.286612
113.974193,111,2488.389642
277.405039,257,2488.628839
209.679557,198,2488.95539
187.851575,175,2489.116721
128.521825,125,2489.897613
278.713011,262,2490.276913
186.900581,186,2490.452246
156.904418,156,2490.603479
89.53378,92,2490.829243
114.202764,114,2490.93426
171.873365,155,2491.077794
130.153801,147,2491.220311
161.41881,152,2491.506298
112.494087,116,2491.616281
528.786594,546,2492.292033
205.827435,194,2492.480686
207.826888,195,2492.815644
134.946997,128,2492.936159
253.683534,239,2493.313992
105.792102,104,2493.410449
257.516606,232,2493.623512
117.579205,116,2493.733572
465.540195,458,2494.309158
62.771946,65,2494.376863
73.38409,79,2494.595349
94.806473,96,2494.683455
83.890573,85,2494.761841
163.629734,155,2494.904354
215.689341,197,2495.235798
261.49707,284,2495.499717
154.077751,156,2495.652261
196.791765,180,2495.958149
180.79604,168,2496.112885
335.154039,300,2496.537133
23.88771,104,2496.635283
127.709178,125,2496.752775
333.693101,347,2497.22703
254.538673,334,2497.69594
78.785573,83,2497.773331
188.768038,177,2497.938464
136.932199,137,2498.065425
87.391737,120,2498.326949
95.060077,97,2498.416082
118.761121,113,2498.52295
91.236909,98,2498.614588
54.5466,63,2498.67249
196.548607,186,2498.99625
223.298537,236,2499.218867
138.696814,133,2499.344083
143.772391,136,2499.616944
254.978841,233,2499.83568
507.323972,453,2500.408852
220.59531,196,2500.588553
183.668903,180,2500.901858
126.820691,123,2501.021445
246.444209,232,2501.237628
39.054628,50,2501.286819
188.292744,175,2501.6175
270.285839,248,2501.84833
153.37971,144,2502.713856
153.854424,144,2502.857555
147.813724,153,2503.005175
146.936916,147,2503.140986
157.32068,158,2503.452158
216.061722,200,2503.63853
109.327104,132,2503.768554
229.891711,207,2504.109969
-288.794263,263,2504.354502
185.608797,216,2504.703492
450.919686,434,2505.26607
53.535493,106,2505.365463
54.612192,64,2505.425539
458.486677,400,2505.95177
134.44528,131,2506.073662
160.938008,147,2506.211869
239.543484,239,2506.589575
234.880376,315,2506.891332
2.524941,127,2507.167683
216.817964,191,2507.348932
234.549494,396,2507.866878
262.210802,245,2508.091917
325.172523,278,2508.495023
105.423616,103,2508.591022
222.786754,205,2508.784056
70.312234,77,2508.862601
363.108138,354,2509.346221
291.358898,256,2509.736008
188.66892,189,2509.914163
149.343721,138,2510.042429
197.746649,196,2510.3738
77.378111,80,2510.449286
338.783388,417,2510.986497
130.967494,134,2511.111508
147.403063,145,2511.246619
57.472978,64,2511.309766
263.549762,238,2511.681695
57.728017,262,2511.924998
108.781046,105,2512.172028
142.192674,136,2512.300079
468.256975,413,2512.834179
200.675801,195,2513.012286
213.442222,199,2513.198738
135.008376,127,2513.461462
39.755718,51,2513.508351
216.578706,205,2513.697481
241.473214,229,2514.056614
137.78158,249,2514.289409
112.623643,111,2514.390145
133.695015,127,2514.657717
120.920941,117,2514.764299
100.712705,156,2514.909084
35.302734,129,2516.547364
104.48855,172,2516.844464
238.900648,237,2517.064662
126.634354,239,2517.444203
160.487366,148,2517.58376
193.774234,176,2517.749257
18.809104,94,2517.844378
278.858423,240,2518.242854
160.701522,162,2518.393132
139.92577,136,2518.523229
-0.127082,123,2518.791007
233.086748,479,2519.402966
138.246412,133,2519.524249
249.92916,219,2519.724828
483.504242,537,2520.384683
484.390351,624,2521.297056
113.925449,111,2521.401861
132.514972,156,2521.54801
426.18442,419,2522.099393
314.618424,300,2522.388266
240.201472,221,2522.738319
298.540354,284,2523.00719
171.381742,161,2523.31185
251.599048,239,2523.529851
212.323425,189,2523.856348
126.096709,132,2523.977677
149.319432,137,2524.102396
173.837638,158,2524.255752
254.00974,231,2524.624781
2.734186,122,2524.736413
296.696899,294,2525.171438
173.743893,160,2525.319391
87.320427,93,2525.404899
136.483441,138,2525.544206
183.377913,166,2525.85146
198.372984,192,2526.030705
106.47763,103,2526.131911
107.437792,109,2526.387243
133.297122,128,2526.504538
-64.25694,232,2526.719747
176.566285,173,2527.03368
213.161799,192,2527.215106
63.044832,70,2527.280209
-11.790531,122,2527.400205
239.493829,227,2527.758568
145.862006,135,2527.883263
149.954144,146,2528.022033
152.476898,152,2528.305556
196.197168,182,2528.47364
214.16878,189,2528.657075
261.565558,275,2530.420842
215.053565,244,2530.646854
245.761176,355,2531.13565
164.204952,158,2531.290565
251.919014,228,2531.649573
97.647216,100,2531.742922
127.558423,125,2531.860264
55.824435,92,2531.955962
196.587097,182,2532.265552
50.268645,60,2532.322846
150.910938,205,2532.51934
102.509261,104,2532.781585
599.693277,686,2533.568084
144.153226,142,2533.698667
228.29145,218,2534.049279
135.98454,128,2534.166618
152.239577,161,2534.318785
168.959506,161,2534.478403
193.771273,206,2534.81225
227.867738,208,2535.002473
117.663456,115,2535.258082
169.833311,166,2535.411301
112.829187,113,2535.515187
213.010644,244,2535.898959
192.075592,184,2536.072681
92.289989,97,2536.162146
126.628418,122,2536.278692
185.196749,183,2536.597356
284.460943,303,2536.883758
139.164339,320,2537.333495
135.725889,202,2537.520397
175.016967,164,2537.822329
74.970571,81,2537.897852
95.21352,96,2537.986936
97.948235,100,2538.078388
244.895165,235,2538.445781
99.921788,100,2538.537016
430.531196,404,2539.060844
190.062812,174,2539.221838
313.364209,286,2539.494649
206.652337,186,2539.805011
149.50762,252,2540.036638
449.195607,480,2540.628198
197.939764,189,2540.959537
114.210461,113,2541.066292
54.793726,159,2541.218978
332.965001,305,2541.66036
324.999328,320,2541.965222
108.189608,105,2542.214901
350.249443,304,2542.889835
207.99144,215,2543.227261
291.535317,297,2543.498101
99.819368,105,2543.598839
173.157713,156,2543.884997
104.908483,109,2543.987016
149.73865,139,2544.116285
77.109395,82,2544.195388
170.667043,178,2544.526405
170.77469,167,2544.685551
234.250032,224,2544.90282
64.056256,106,2545.147142
132.742094,135,2545.272119
36.107853,81,2545.348421
89.815944,92,2545.434304
190.662608,185,2545.767734
747.632457,643,2546.518788
207.33344,188,2546.694576
14.852417,123,2546.977103
306.900111,267,2547.237293
115.298493,123,2547.35432
57.433298,65,2547.42162
331.566474,407,2547.986067
324.151681,335,2548.461373
70.872345,80,2548.535253
103.0535,100,2548.627855
353.464822,363,2549.127904
222.087146,198,2549.312893
115.27281,114,2549.583208
195.924118,178,2549.749658
119.192352,176,2549.911862
80.036712,84,2549.993422
142.087268,151,2550.295913
267.985928,247,2550.524563
143.557996,137,2550.656544
169.776014,157,2550.947745
219.800388,222,2551.162984
200.799463,183,2551.495571
248.950368,229,2551.711044
224.388511,343,2552.196798
-11.216628,128,2552.314844
168.607913,159,2552.46233
58.225947,63,2552.521315
180.681278,174,2552.828953
112.836449,117,2552.935127
122.216901,125,2553.051976
60.811415,66,2553.114816
180.401294,168,2553.417509
194.347675,189,2553.590806
152.836702,216,2553.790426
457.535479,528,2554.426596
167.778335,160,2554.718554
356.842904,311,2555.011168
185.532303,172,2555.318094
272.466404,261,2556.778855
174.100265,167,2556.933296
296.846405,310,2557.359071
137.803984,130,2557.480269
156.682101,148,2557.765301
211.518185,191,2557.945574
215.66731,206,2558.145055
218.698724,198,2558.472498
169.483964,160,2558.621168
33.671184,97,2558.709983
108.73155,107,2558.957459
42.858595,215,2559.155661
127.147595,119,2559.265294
276.590989,252,2559.651408
213.117131,221,2559.854651
150.875646,162,2560.010518
117.173094,121,2560.264825
90.227758,92,2560.348552
124.743016,121,2560.459045
172.493547,155,2560.603272
126.399437,125,2560.863494
262.571806,254,2561.103112
124.892861,117,2561.214128
-23.319848,113,2561.466074
147.901149,136,2561.591535
177.177092,159,2561.737341
88.423057,94,2561.82526
141.533793,134,2562.096248
345.583732,307,2562.382856
137.17837,134,2562.520775
211.976051,190,2562.844949
173.054162,171,2563.008105
183.456089,170,2563.178524
258.772282,229,2563.538739
281.197156,264,2563.790104
182.694349,168,2564.084283
136.250087,128,2564.202325
154.554012,159,2564.349166
465.917738,430,2564.894217
487.237645,434,2565.447455
116.3065,117,2565.555476
203.867803,190,2565.973858
150.569545,145,2566.106871
64.400172,121,2566.220887
68.70627,133,2566.353331
261.133988,323,2566.874568
288.101987,252,2567.301824
104.768608,106,2567.400631
203.515163,188,2567.58247
342.632666,318,2568.045117
143.938022,135,2568.173168
298.293122,373,2568.664326
167.012342,151,2568.804539
153.198805,165,2569.50497
113.324993,120,2569.842613
95.59147,102,2569.933903
146.902512,140,2570.062945
269.135335,251,2570.513292
302.010755,283,2570.779842
238.580965,266,2571.191929
252.280048,298,2571.471664
136.631768,132,2571.604163
-50.756069,218,2571.977892
195.832591,258,2572.23937
100.563497,107,2572.495627
211.967124,191,2572.667967
134.359269,130,2572.787341
197.474653,179,2573.131624
118.556477,123,2573.244538
79.03738,85,2573.321006
234.25264,220,2573.52878
123.49064,127,2573.872061
-5.81127,337,2574.184838
144.447742,141,2574.557914
80.794991,85,2574.635454
65.677597,72,2574.700856
117.110137,114,2574.804708
140.787227,130,2574.934242
145.131387,138,2575.212862
320.026766,366,2575.545931
152.189625,147,2575.896448
192.980695,192,2576.075479
404.760502,467,2576.67784
85.421707,94,2576.765751
427.868269,485,2577.391174
166.68805,170,2577.554125
330.494366,298,2577.977942
115.737898,111,2578.079751
63.196536,128,2578.21492
263.948613,334,2578.670666
184.028897,184,2578.84258
216.596547,209,2579.184135
389.379713,335,2579.50474
227.250111,229,2579.858021
215.082744,234,2580.074102
179.067639,163,2580.366561
161.893667,164,2580.518745
153.749805,148,2580.659587
99.135789,109,2580.906308
251.420055,230,2581.120674
164.146034,152,2581.264316
421.275062,398,2581.789356
193.295579,203,2581.985295
256.761221,237,2582.805313
169.709474,176,2582.969543
134.138475,141,2583.236361
167.288139,157,2583.381087
193.396219,180,2583.547718
179.105743,163,2583.847871
85.555807,93,2583.933734
227.275084,265,2584.177645
326.146386,354,2584.650263
-20.116635,122,2584.763928
179.952414,161,2584.919854
286.409239,262,2585.304442
153.470733,151,2585.446683
275.803472,253,2585.833739
489.082237,421,2586.376546
132.4096,132,2586.496477
486.717203,490,2587.100698
279.613544,259,2587.344764
160.946763,155,2587.644339
60.352496,149,2587.795626
149.004354,166,2587.9554
155.774436,146,2588.242663
224.297348,205,2588.434861
135.561941,150,2588.573673
114.132018,121,2588.691851
145.182849,142,2588.967049
255.803615,236,2589.187862
324.169631,296,2589.614412
128.250824,125,2589.72902
189.324007,181,2589.898427
97.01605,95,2590.135838
321.689545,327,2590.444998
103.926004,106,2590.547921
152.751749,154,2590.836507
99.438199,212,2591.034689
78.587762,84,2591.112473
51.63211,62,2591.172431
147.426224,135,2591.444745
-2.221568,136,2591.572187
249.042896,223,2591.783622
95.776635,95,2592.017304
165.414704,159,2592.167156
107.205441,127,2592.286827
149.547246,139,2592.420169
297.894219,277,2592.825224
97.476444,105,2592.920617
178.293438,161,2593.072415
111.544469,107,2593.313909
126.055801,123,2593.427881
186.691506,180,2593.590846
198.101168,184,2593.910814
202.458597,212,2594.108799
242.793294,229,2594.332683
171.644423,161,2594.709807
172.841174,199,2594.894912
100.411917,105,2595.923461
193.620808,182,2596.267929
583.064048,587,2596.990807
260.815059,237,2597.211802
168.029027,151,2597.501428
92.703841,131,2597.624379
205.165142,203,2597.809488
55.390821,66,2597.872522
196.913054,191,2598.194357
162.065517,166,2598.347706
239.005175,218,2598.699703
177.030866,161,2598.847912
325.590015,296,2599.122879
108.11655,107,2599.368296
171.118304,168,2599.525485
306.441515,307,2599.962513
107.161575,103,2600.058533
75.138469,85,2600.137135
148.385006,136,2600.263684
198.326168,178,2600.57856
89.325329,116,2600.686995
186.604221,166,2600.841744
128.849096,121,2600.952885
130.075705,123,2601.21525
203.774811,187,2601.390225
189.67812,174,2601.554982
132.917324,138,2601.837315
46.565913,99,2601.932338
150.690814,145,2602.066509
207.780461,189,2602.247341
415.92141,456,2602.825611
264.172387,246,2603.204044
257.635104,299,2603.482376
321.616256,286,2603.894651
102.200145,107,2603.991757
228.181846,204,2604.190178
73.424856,89,2604.411254
245.524802,231,2604.62362
138.171702,144,2604.75954
129.195632,121,2605.013235
133.254568,132,2605.133583
108.62965,105,2605.231151
308.469156,302,2605.65748
142.170906,149,2605.796462
14.342102,91,2605.881529
170.115312,156,2606.034551
186.970421,205,2606.363714
161.2018,157,2606.511671
151.054104,142,2606.65309
183.908694,181,2606.973851
59.628257,69,2607.039485
180.374561,164,2607.193748
241.305247,217,2607.544147
115.184574,123,2607.658178
338.967447,322,2608.103542
127.275215,131,2608.225764
238.891915,241,2609.006629
259.212328,238,2609.363009
-16.489419,109,2609.462916
104.815537,105,2609.55747
298.293074,303,2609.982046
353.02284,306,2610.265501
284.718027,287,2610.679024
291.830572,314,2611.115127
184.693301,170,2611.277192
154.929704,158,2611.424014
206.157613,186,2611.754994
249.277937,232,2611.97453
117.53504,113,2612.081405
157.334842,149,2612.227536
231.813779,246,2612.603132
7.446124,92,2612.689233
265.654213,245,2613.060638
223.198989,207,2613.250921
30.447213,109,2613.351168
150.708411,161,2613.64797
150.655788,157,2613.791945
145.172502,136,2613.916913
169.677846,168,2614.078584
181.07321,185,2614.386455
112.98938,109,2614.485851
222.267731,198,2614.671613
55.577362,150,2614.953068
488.438689,437,2615.499484
146.690318,139,2615.624715
165.991272,159,2615.771068
337.350023,297,2616.192476
272.646883,296,2616.468216
202.626936,183,2616.783184
49.352892,116,2616.891391
254.879576,227,2617.102163
498.55149,436,2617.650796
187.869232,169,2617.954078
288.732333,263,2618.198393
96.580288,99,2618.289943
122.986124,125,2618.412381
186.543783,170,2618.711869
438.016691,446,2619.278727
150.605247,165,2619.43056
87.612313,94,2619.516984
268.824913,269,2619.913899
283.20984,276,2620.170548
553.687761,537,2620.815512
115.768966,118,2621.865131
240.280279,233,2622.08168
160.541167,156,2622.22896
225.23377,236,2622.595122
170.409532,155,2622.741413
76.710602,85,2622.818378
127.385826,131,2622.948713
166.020196,152,2623.2264
312.584958,341,2623.542793
212.479312,207,2623.875443
11.207825,94,2623.963097
108.364466,110,2624.065313
109.284148,109,2624.171366
136.056517,146,2624.45108
160.100615,250,2624.684464
152.889474,411,2625.22179
157.686002,141,2625.353948
8.235494,138,2625.631192
122.070842,125,2625.747779
123.589569,120,2625.858087
270.450826,241,2626.238757
138.110056,134,2626.364301
119.359131,116,2626.471137
259.916455,291,2626.888566
187.608084,187,2627.061351
95.054783,167,2627.216178
254.938251,242,2627.590089
281.576833,254,2627.82901
286.600199,253,2628.287578
111.89936,112,2628.390811
180.468397,166,2628.551236
120.101642,121,2628.948411
413.496161,386,2629.327965
193.016658,185,2629.715634
43.09691,139,2629.845714
101.372893,101,2629.938461
84.520033,250,2630.45289
63.901391,186,2630.624212
259.316042,292,2631.06184
93.233205,125,2631.178117
84.221333,85,2631.25805
207.571925,194,2631.438287
124.484751,127,2631.712348
444.823294,472,2632.161006
122.868379,124,2632.413476
82.870354,86,2632.492669
229.913122,361,2632.970834
147.717141,148,2633.11078
245.709633,255,2633.352787
281.204997,252,2633.736066
25.488869,39,2633.771645
415.156887,447,2634.336642
285.775262,331,2635.156824
159.528687,147,2635.432963
94.47157,99,2635.526738
162.141187,155,2635.670179
206.397886,211,2636.013279
233.246996,227,2636.229191
266.845192,260,2636.622585
182.611618,167,2636.776243
318.848826,314,2637.218781
-0.137957,122,2637.332959
207.045484,189,2637.509153
142.007205,139,2637.644857
104.366288,108,2637.888992
394.272643,341,2638.206955
445.953896,381,2638.715206
318.796866,344,2639.1867
118.020155,118,2639.298
197.145689,255,2639.542488
4.067187,142,2639.816094
123.201823,124,2639.932182
67.568749,75,2640.002057
98.402444,101,2640.095787
205.731408,195,2640.426477
96.645521,96,2640.517828
163.808056,157,2640.66285
153.312263,144,2640.807614
127.798877,137,2641.08076
136.707171,388,2641.456576
104.667963,102,2641.692054
171.736154,161,2641.843603
194.356271,175,2642.006521
140.757749,132,2642.275878
247.162269,219,2642.478216
127.020074,123,2642.590986
182.583177,165,2642.896098
182.759426,174,2643.055317
396.801203,417,2643.591238
17.750471,115,2643.697284
256.493973,251,2643.938115
236.745259,233,2644.294752
204.344929,189,2644.470703
204.001268,190,2644.812005
235.657937,974,2646.079099
141.339804,132,2646.203545
232.760416,218,2646.404546
325.921055,379,2646.912195
167.367807,156,2647.059398
197.572864,183,2648.062713
213.528378,283,2648.322687
154.82623,156,2648.629766
156.280074,250,2648.862534
145.380758,250,2649.106913
223.110596,218,2649.452731
71.919067,169,2649.611231
169.440217,157,2649.921784
130.035785,130,2650.041318
400.113854,353,2650.377065
252.061009,260,2650.765053
89.955067,92,2650.849211
176.889023,159,2651.008023
271.030699,246,2651.377634
97.413271,226,2651.595823
152.659385,139,2651.867225
76.63814,84,2651.944954
432.133961,406,2652.47153
188.791305,178,2652.635806
416.948686,430,2653.183339
107.113418,110,2653.286008
123.591784,117,2653.393556
251.284356,228,2653.751734
233.213667,216,2653.951819
278.357759,257,2654.340371
327.513462,293,2654.610664
89.08554,93,2654.701457
271.213373,241,2655.068973
127.092791,138,2655.199505
120.254178,118,2655.311867
158.99507,156,2655.60273
122.712548,121,2655.713742
190.774789,196,2655.895086
228.667583,216,2656.285084
157.246731,152,2656.426537
133.066134,140,2656.562383
-7.127454,120,2656.835963
200.104086,192,2657.016648
133.607616,127,2657.131237
245.327396,216,2657.494777
108.228133,107,2657.590753
246.329169,241,2657.810902
208.259858,246,2658.220182
190.793832,180,2658.385936
224.644087,236,2658.801363
150.908518,153,2658.942044
161.051622,155,2659.086537
266.771278,277,2659.529621
164.351391,147,2659.66524
194.515262,175,2659.82831
114.232097,138,2660.128624
229.775849,210,2660.844332
29.84573,95,2660.93777
160.094011,160,2661.089286
255.229976,249,2661.486687
213.643728,204,2661.688072
36.590606,111,2661.998663
90.437375,112,2662.105408
238.723939,217,2662.311146
136.931799,128,2662.44671
255.612039,235,2662.873839
314.673207,290,2663.164756
114.896888,130,2663.437265
267.999423,248,2663.669889
231.907453,228,2664.054238
184.926853,173,2664.216597
133.502806,124,2664.330384
234.965352,264,2664.762355
99.890764,196,2664.946154
146.693106,162,2665.10606
65.023309,73,2665.327041
161.374854,150,2665.466772
108.024869,106,2665.56546
156.501401,151,2665.715654
299.217741,271,2666.218008
133.516651,128,2666.344638
234.495342,211,2666.73979
169.388939,321,2667.040109
214.772099,195,2667.462171
56.037916,67,2667.524233
68.790342,76,2667.595318
142.448242,231,2667.819275
332.942966,339,2668.290532
301.067655,287,2668.722485
432.045302,418,2669.111955
83.239382,224,2669.476382
256.338554,228,2669.688694
86.692522,188,2670.079519
129.35149,129,2670.199426
203.406272,190,2670.378307
154.867295,143,2670.706422
237.68784,223,2670.913013
59.325885,66,2670.975146
134.704188,144,2671.119931
342.661794,316,2671.568686
58.823405,67,2671.631751
133.412948,128,2671.753077
277.819889,272,2672.153514
221.185672,210,2672.347374
257.975753,238,2672.721395
279.072173,247,2672.955663
235.905926,216,2673.306145
334.217708,288,2673.57367
296.245936,273,2674.646937
324.953981,307,2674.949821
158.045094,153,2675.240715
163.035076,153,2675.382691
228.542272,201,2675.57298
91.856106,174,2675.880607
155.082356,165,2676.031415
329.443228,390,2676.547823
226.690172,201,2676.737088
204.40417,206,2677.074527
189.596828,197,2677.259342
110.928584,112,2677.363076
305.841313,268,2677.754483
252.441944,226,2677.966028
160.683786,148,2678.109438
412.772762,360,2678.590289
179.654401,287,2679.012413
48.9284,99,2679.104749
175.685628,165,2679.259532
154.249605,145,2679.545018
105.262413,104,2679.639525
195.548093,191,2679.817607
119.717324,123,2679.930849
226.30303,198,2680.260526
85.28651,90,2680.345163
284.712897,251,2680.585652
102.549579,105,2680.829901
378.906845,410,2681.214935
123.558327,121,2681.472226
159.170763,165,2681.628035
114.314708,114,2681.735473
99.036167,102,2681.831968
179.078958,181,2682.149219
221.80766,407,2682.687754
171.592262,169,2682.857619
393.135565,358,2683.362355
203.533488,230,2683.578002
22.892163,143,2683.714956
194.754723,188,2684.044793
108.810712,107,2684.143317
225.094221,213,2684.342627
148.645658,139,2684.626221
606.676075,513,2685.266232
160.866309,165,2685.41815
264.314813,242,2685.649024
464.470125,403,2686.233638
133.027408,127,2686.360569
0.494868,90,2686.607266
174.93949,162,2686.760061
280.973663,246,2687.470791
112.647051,120,2687.724746
110.748586,114,2687.830138
242.640522,245,2688.05859
149.069779,157,2688.349296
149.027199,145,2688.485251
20.105714,96,2688.57477
303.490477,285,2688.989936
155.373798,155,2689.141253
80.231534,174,2689.304973
305.396426,318,2689.755062
503.257443,449,2690.344143
28.649588,124,2690.459187
206.560437,186,2690.637384
37.633985,140,2690.93838
176.66545,161,2691.087503
272.116734,257,2691.336102
218.019576,197,2691.676763
307.402034,413,2692.316153
47.786669,138,2692.443909
155.139406,152,2692.607416
191.85237,223,2693.001963
159.330405,145,2693.133832
224.641139,206,2693.325069
125.246088,127,2693.669365
115.473888,125,2693.78314
117.306173,210,2693.980131
186.001884,190,2694.319723
152.065091,147,2694.454613
163.018656,156,2694.598172
225.127923,199,2694.942365
156.116953,149,2695.080483
189.044123,187,2695.253441
194.659538,179,2695.584373
172.632181,165,2695.734166
110.811026,117,2695.845104
182.406464,179,2696.024864
160.405718,152,2696.326067
85.522164,87,2696.406754
144.129655,143,2696.540389
-5.288784,104,2696.646462
149.394072,151,2696.949056
156.707414,150,2697.09204
165.451545,165,2697.254905
165.253717,152,2697.703754
145.799007,143,2697.835323
107.090945,107,2697.943371
95.196277,107,2698.051687
60.820613,68,2698.120704
273.667936,245,2698.563155
144.98976,148,2698.706192
189.582682,168,2699.061397
150.474242,140,2699.191975
247.670988,234,2699.414809
460.577158,436,2700.041845
148.419847,141,2700.185917
355.143973,350,2701.231002
120.663288,142,2701.362575
119.458578,117,2701.628355
87.790342,142,2701.7632
330.224105,335,2702.331808
187.658556,174,2702.493542
247.257097,329,2702.978474
-0.045163,136,2703.103781
84.355036,87,2703.18294
144.366133,142,2703.311988
232.198914,248,2703.715169
61.553614,68,2703.77892
97.393734,97,2703.866363
321.664646,347,2704.424936
126.860998,128,2704.542185
178.022362,169,2704.703496
-236.227084,380,2705.258823
164.748137,158,2705.411608
217.995856,204,2705.771867
247.34619,217,2705.972054
227.162797,210,2706.346004
299.568032,302,2706.632728
39.303202,134,2706.773722
197.926648,197,2707.102924
137.379898,135,2707.230997
267.883435,244,2707.614721
204.204282,201,2707.804035
159.345635,151,2707.945598
351.227243,328,2708.445452
202.718425,180,2708.617403
262.501414,281,2709.039796
164.609208,164,2709.193649
130.4618,125,2709.312003
298.588386,260,2709.699687
100.479045,171,2709.860121
356.479874,323,2710.309487
261.8004,370,2710.801438
157.811518,153,2710.944145
196.501766,183,2711.116859
129.781636,129,2711.249091
157.764783,154,2711.536775
115.361863,117,2711.644624
135.30913,128,2711.768304
121.338385,125,2711.896904
292.11577,292,2712.326657
350.911264,362,2712.819871
302.70782,272,2713.072351
209.089688,192,2713.404246
290.058986,250,2715.102039
164.056127,156,2715.253198
185.236123,180,2715.556946
211.97031,193,2715.734897
138.116386,136,2715.871379
176.966153,163,2716.166382
163.155197,153,2716.3108
191.822439,180,2716.483762
-27.409613,146,2716.764552
185.603335,168,2716.920389
116.576324,128,2717.043877
79.57863,85,2717.131058
329.242087,291,2717.542553
247.661222,401,2718.068444
341.131215,302,2718.351946
132.105536,129,2718.611749
176.741326,169,2718.771
207.434605,184,2718.944156
253.94222,229,2719.308977
196.394439,181,2719.478292
133.600025,132,2719.60534
144.408363,143,2719.88553
108.184977,111,2719.98866
-14.73821,88,2720.070938
182.547333,214,2720.279839
269.807554,253,2720.655769
432.833512,389,2721.165257
123.461282,117,2721.273616
149.477114,148,2721.415572
232.228584,292,2721.842532
60.350353,67,2721.903784
108.27429,109,2722.005609
84.02703,83,2722.084964
319.802966,308,2722.516256
217.176109,255,2722.761606
118.4269,120,2723.017067
281.853896,282,2723.279085
65.670059,156,2723.573714
66.510398,72,2723.640957
206.563512,183,2723.810001
188.941163,196,2723.996735
138.478359,133,2724.277997
143.873273,139,2724.409592
244.517299,289,2724.697185
163.999697,159,2725.003685
92.007419,95,2725.091977
93.805785,97,2725.183738
58.24808,96,2725.278642
204.53677,191,2725.614209
164.084122,169,2725.772164
173.640365,423,2726.334529
183.261232,173,2726.49501
330.883346,292,2726.938543
173.910004,156,2727.086156
171.837988,158,2727.244194
361.554258,338,2728.29284
242.550126,221,2728.652728
164.887895,168,2728.809942
83.070967,87,2728.889186
406.575331,389,2729.421269
124.54765,119,2729.533465
157.050367,159,2729.683486
141.672015,145,2729.972386
106.583891,107,2730.071493
91.274769,92,2730.154319
126.075578,124,2730.26752
208.080479,196,2730.612283
155.595483,142,2730.744145
106.870776,206,2730.93272
313.985277,288,2731.367482
187.227981,174,2731.527594
109.01488,112,2731.639249
258.308538,240,2732.027431
301.570898,266,2732.285418
123.231194,121,2732.638684
254.026611,234,2732.855664
217.993408,200,2733.057428
195.37673,180,2733.404597
159.375996,153,2733.544253
153.673746,144,2733.685469
140.062971,139,2733.971854
207.222177,194,2734.152686
335.607355,405,2734.699278
194.534414,186,2734.870225
238.416853,250,2735.264925
165.175913,156,2735.408262
145.135818,138,2735.536547
224.335212,195,2735.867367
140.149045,152,2736.005757
114.210746,116,2736.113093
321.60634,279,2736.534068
135.022927,136,2736.658728
180.300215,171,2736.822361
158.174762,144,2737.106139
290.045192,296,2737.379514
8.854317,184,2737.700489
140.798537,143,2737.832
226.930068,214,2738.031648
170.750057,162,2738.331548
286.881775,354,2738.65554
68.4505,145,2738.942399
114.680249,122,2739.057225
166.421182,179,2739.225046
211.952073,207,2739.565719
285.151003,246,2739.794578
131.794195,129,2739.912844
215.200954,215,2740.26225
276.424639,248,2742.32176
408.111907,472,2742.913221
190.076552,186,2743.093707
58.136766,64,2743.293568
98.247807,99,2743.384261
234.775572,212,2743.579372
136.127306,135,2743.712347
382.250727,352,2744.183299
296.006868,254,2744.612524
277.950637,256,2744.847193
207.474908,193,2745.198908
202.174579,192,2745.376827
354.385971,308,2745.673439
165.368065,152,2746.054402
220.968171,222,2746.266691
112.301479,112,2746.381861
155.462729,145,2746.677095
154.882483,149,2746.81416
268.240084,237,2747.045698
128.355054,242,2747.422102
386.807912,379,2748.016071
256.971266,220,2748.222832
235.556709,213,2748.612368
292.709093,295,2748.88395
56.990863,75,2748.953614
280.142518,273,2749.40224
661.830345,669,2750.220968
129.672016,123,2750.345412
246.985406,221,2750.794253
37.836463,147,2750.930887
149.242158,138,2751.072038
111.633033,116,2751.482856
309.640019,296,2751.772032
139.727794,134,2751.911525
113.074313,115,2752.23702
140.168516,171,2752.405623
49.426999,109,2752.513083
165.280924,173,2752.699037
218.299162,223,2753.094349
363.165325,332,2753.648914
221.964744,213,2753.84378
343.323856,317,2754.329616
496.132155,685,2755.187555
286.859983,282,2755.653168
307.151922,277,2756.546546
352.494899,322,2756.987116
230.416755,215,2757.190146
450.999376,758,2758.216948
331.100524,301,2758.494534
263.180592,243,2758.869333
610.537152,565,2759.544309
153.795252,155,2759.6912
438.929907,374,2760.189565
165.748645,157,2760.340604
219.566983,200,2760.536558
67.829172,73,2760.741387
208.552192,265,2760.985551
144.570446,135,2761.116869
173.249053,180,2761.43758
264.47833,274,2761.698635
336.330469,338,2762.17844
133.25816,124,2762.296777
-1.787593,106,2762.405213
190.96865,224,2762.763842
-14.935771,95,2762.852853
573.47378,498,2763.459891
170.442819,157,2763.606097
253.960601,219,2763.956278
84.593092,96,2764.046124
341.271001,294,2764.332469
124.568626,138,2764.60816
206.378101,186,2764.781734
234.968409,234,2765.156725
105.550996,105,2765.256755
215.058436,200,2765.443818
342.065684,299,2765.872745
18.805526,129,2765.994392
179.561172,164,2766.150608
177.905406,160,2766.449191
93.266048,96,2766.540004
156.144709,146,2766.676843
137.68904,129,2766.802259
194.494493,179,2767.122701
102.551235,123,2767.238228
268.586151,381,2767.752743
297.663396,273,2768.002594
246.000468,218,2768.363011
-19.996259,102,2768.457175
161.785046,151,2768.596483
171.575603,238,2769.67327
228.800334,208,2769.866544
269.288365,257,2770.257189
169.096335,154,2770.397565
187.963749,173,2770.555506
111.218553,113,2770.663129
290.761748,375,2771.168276
223.517455,198,2771.366932
60.184755,193,2771.694119
149.122813,141,2771.830081
196.235234,177,2772.004332
115.280771,124,2772.255774
220.250839,244,2772.480514
116.689159,117,2772.59664
157.053878,174,2772.926825
112.814191,113,2773.028941
379.083386,334,2773.501924
258.310691,230,2773.720341
261.568435,235,2774.090941
167.727006,152,2774.234
160.877902,159,2774.380547
272.049623,283,2774.802733
267.293953,241,2775.027795
149.602198,147,2775.176855
507.974893,456,2775.738956
44.631272,107,2775.984712
288.696668,248,2776.21753
118.941252,121,2776.332359
213.853719,203,2776.675066
160.744633,153,2776.821438
217.508914,199,2777.01658
161.910066,178,2777.329553
54.18178,119,2777.441129
104.659485,102,2777.535167
131.635436,126,2777.654716
132.119037,133,2777.917282
170.318741,153,2778.062092
280.454441,267,2778.316485
151.406089,138,2778.584693
130.31401,126,2778.701793
181.146643,191,2778.883587
130.023707,121,2779.143135
160.780729,170,2779.299895
178.679704,172,2779.457534
120.745,118,2779.716571
229.990761,231,2779.928576
-0.750415,122,2780.043492
158.501558,157,2780.340002
145.176908,145,2780.47493
145.775729,150,2780.613502
172.193184,156,2780.763119
120.649963,118,2781.017401
447.192579,454,2781.597631
480.359406,428,2783.328389
117.338241,122,2783.578033
142.966663,137,2783.704808
194.986203,193,2783.886098
347.492969,353,2784.363221
262.801042,237,2784.585673
205.025407,193,2784.907318
607.915699,537,2785.560586
-64.718776,279,2785.826947
76.27128,85,2786.051471
229.42046,229,2786.264345
31.993088,127,2786.385041
124.584217,121,2786.506841
169.085242,156,2786.802118
125.828762,118,2786.915639
212.090937,680,2787.705364
136.269103,136,2787.978549
249.860462,224,2788.184655
104.125532,107,2788.282694
98.671356,101,2788.380081
199.770019,182,2788.694924
208.104547,183,2788.866488
360.75341,335,2789.326418
270.092846,268,2789.57275
42.821119,282,2789.987175
372.316683,345,2790.456187
104.443374,102,2790.552325
316.451942,289,2790.82497
10.55302,415,2791.35436
104.154355,106,2791.454948
209.52454,186,2791.776295
189.864102,188,2791.955692
358.050215,354,2792.485413
240.399155,250,2792.718748
324.407217,286,2793.172007
193.553452,196,2793.352791
142.40258,134,2793.48561
269.919368,247,2793.932811
301.720568,285,2794.215112
252.28628,232,2794.590836
285.132898,271,2794.84838
203.24132,183,2795.183718
264.791204,241,2796.221642
198.512617,182,2796.567668
364.377263,323,2796.879264
269.802863,248,2797.267658
271.076845,246,2797.496266
283.105729,258,2797.885853
186.166229,174,2798.044852
149.412974,140,2798.179878
320.145216,292,2798.604197
193.709551,179,2798.770724
187.12055,183,2799.095036
249.429733,292,2799.366767
59.226795,173,2799.67429
241.928905,245,2799.904132
201.62024,183,2800.083313
609.203914,509,2800.707385
145.707454,141,2800.986113
272.325863,238,2801.206597
199.661063,177,2801.384151
395.076674,358,2801.941159
168.157397,256,2802.385035
427.529093,448,2803.024516
121.914409,113,2803.129462
312.118765,283,2803.406288
356.655791,315,2803.880791
18.220209,144,2804.014212
169.24863,163,2804.343054
275.689383,261,2804.581628
8.429658,90,2804.663687
185.895737,170,2805.012051
68.768006,76,2805.081503
205.61402,182,2805.248541
359.492686,361,2805.816033
287.521086,274,2806.074617
291.507541,268,2806.546063
273.819037,242,2806.776208
446.935327,513,2807.479284
169.072673,162,2807.843759
135.021059,145,2807.977191
382.852373,373,2808.566952
466.643319,519,2809.334827
174.576693,158,2810.204973
402.551174,367,2810.683488
148.811987,142,2810.814366
146.707601,135,2810.940181
222.16094,198,2811.272908
154.033319,140,2811.405701
243.920612,233,2811.627278
162.283632,181,2811.97478
437.108084,427,2812.38049
264.680248,242,2812.762813
158.673943,149,2812.897687
87.604319,120,2813.017518
201.269571,198,2813.439085
200.280727,183,2813.615885
218.638814,420,2814.180107
145.558871,147,2814.323069
145.931752,137,2814.61584
129.759199,125,2814.727422
108.334411,226,2814.936429
441.425761,489,2815.549505
14.030766,159,2815.879124
256.648325,253,2816.110603
221.426881,208,2816.3174
462.36537,438,2816.888932
319.667207,284,2817.349066
419.313351,359,2817.862496
120.808999,141,2817.990059
501.911579,634,2818.819956
134.273982,131,2818.955111
173.070703,164,2819.286278
197.818265,203,2819.473243
146.022982,142,2819.611972
97.619808,232,2820.019727
34.985305,110,2820.120971
155.810174,157,2820.270445
274.549839,241,2820.666927
82.583219,94,2820.752746
266.917154,273,2821.015933
85.52751,90,2821.277119
129.358696,135,2821.405912
238.691419,215,2821.613962
208.517698,208,2821.983187
250.229276,238,2822.202691
264.566922,267,2822.622678
273.211281,242,2822.846782
290.655663,251,2824.496434
164.933816,156,2824.644592
267.090039,244,2824.885554
246.026832,234,2825.245677
215.027114,193,2825.426308
174.51393,179,2825.741216
295.491052,254,2825.976003
126.579732,128,2826.101356
231.350278,208,2826.443082
243.93875,221,2826.650962
172.057369,168,2826.961908
294.673225,259,2827.202581
351.234051,297,2827.628937
161.176926,282,2827.896204
113.509302,111,2828.006443
173.763849,183,2828.315441
328.350558,408,2828.842192
233.434911,215,2829.041785
136.470163,129,2829.163165
372.456198,328,2829.672951
151.987989,148,2829.811756
133.060825,125,2829.939246
230.423041,213,2830.291988
76.514025,137,2830.416265
103.939704,106,2830.515718
104.977881,100,2830.788131
200.469706,195,2830.97107
188.998021,178,2831.139316
291.49838,287,2831.667624
409.422007,350,2832.055991
16.445126,98,2832.422086
176.751163,242,2832.655168
182.493982,191,2833.025339
397.355217,380,2833.381694
340.567516,328,2833.903833
157.32389,148,2834.043759
81.96703,92,2834.139547
163.771621,159,2834.450011
276.374627,262,2834.691668
530.490034,535,2835.333552
81.644768,226,2835.690573
675.762774,598,2836.403634
433.290921,426,2836.962631
160.842889,156,2837.880667
185.678616,230,2838.096495
207.851699,231,2838.46906
197.405143,204,2838.66072
281.076133,262,2839.072669
524.715881,500,2839.711593
357.745983,314,2840.005989
242.23201,223,2840.376559
287.229075,305,2840.66915
226.216763,214,2841.019286
136.38392,128,2841.140438
339.00261,460,2841.735454
141.060327,260,2842.130648
108.577837,136,2842.257816
122.962041,118,2842.367475
359.838348,308,2842.799995
-31.47717,125,2842.918285
128.487486,130,2843.0392
269.11177,313,2843.477693
-52.468175,93,2843.565519
205.206598,187,2843.737779
131.385209,147,2844.025792
101.266488,97,2844.115647
198.705265,188,2844.289665
318.906557,301,2844.720096
122.932293,119,2844.831482
-52.918468,125,2844.949645
279.319113,268,2845.351096
60.109821,149,2845.490642
143.970987,129,2845.612253
224.036061,208,2845.953101
306.140729,281,2846.211883
199.874517,190,2846.540843
258.58156,237,2846.764523
123.201624,123,2846.88059
266.165745,253,2847.271744
167.198032,179,2847.446945
124.215527,123,2847.565821
167.463029,160,2847.865083
108.858134,135,2847.992154
221.140787,315,2848.435432
36.730759,93,2848.520661
125.102592,124,2848.63629
341.07726,544,2849.292726
235.321239,214,2849.49983
345.780873,305,2849.930678
312.918454,270,2852.14429
196.462026,208,2852.341954
243.242814,215,2852.563061
344.107055,326,2853.030478
105.097071,109,2853.132663
118.874569,130,2853.266249
163.838152,157,2853.5532
115.579821,111,2853.655365
342.943215,341,2854.126045
237.169074,244,2854.356882
214.465072,192,2854.728785
167.264871,169,2854.88741
193.717518,189,2855.063307
227.454755,264,2855.484641
162.105129,178,2855.653515
68.835691,75,2855.731383
168.79469,155,2856.072885
153.432011,270,2856.339342
179.946757,179,2856.522009
170.034002,176,2856.880821
117.782532,117,2856.988142
241.600233,246,2857.231703
168.125673,158,2857.57192
152.29032,159,2857.716352
89.962747,89,2857.800424
186.718343,180,2858.138718
115.403373,108,2858.238785
376.562947,447,2858.846139
84.547187,92,2858.932357
169.537771,160,2859.084199
335.849391,352,2859.619569
121.130342,137,2859.744502
193.744155,202,2860.115082
247.712535,213,2860.313012
222.024548,291,2860.768458
130.783796,290,2861.040246
241.207743,237,2861.417043
81.371025,90,2861.500923
134.275163,127,2861.620676
248.125118,221,2861.838342
497.202399,528,2862.484952
240.36984,218,2862.828196
135.239882,134,2862.950804
8.059699,99,2863.045951
201.820854,194,2863.37374
253.681779,370,2863.723621
274.64899,242,2864.102576
139.757449,134,2864.226954
238.877956,230,2864.5913
54.074838,189,2866.451753
338.144003,342,2866.931673
166.615078,151,2867.073343
206.413528,188,2867.251752
187.07821,183,2867.610085
186.230305,174,2867.773923
395.682523,420,2868.476355
551.816333,514,2869.153678
196.77061,183,2869.327867
431.970051,370,2869.869868
124.180274,123,2869.985095
168.504447,180,2870.331786
138.859093,136,2870.456141
214.91949,194,2870.639406
160.914473,157,2870.797058
433.934255,411,2871.365832
228.283849,242,2871.766392
317.555461,313,2872.066505
272.25714,253,2872.502913
-65.439974,259,2872.755475
158.61553,149,2873.077096
141.359388,135,2873.202924
402.405549,378,2873.73224
262.470098,283,2873.996823
137.882507,130,2874.138501
63.802574,70,2874.414391
-27.647723,116,2874.524262
142.86678,142,2874.655785
170.035625,155,2874.81517
190.06997,282,2875.22489
306.239546,283,2875.49784
448.076313,478,2876.175076
238.992995,239,2876.63001
301.440416,301,2876.929154
238.979463,215,2877.352458
588.980899,835,2878.562905
135.229849,215,2878.763401
98.263366,101,2878.857316
125.839384,121,2878.983097
189.431984,181,2879.353412
172.07863,155,2879.499002
160.666039,153,2879.64854
124.43176,121,2882.323708
492.762258,432,2882.746655
346.169099,390,2883.27908
101.29602,105,2883.384564
569.489283,539,2884.062641
294.68446,276,2884.547229
356.942174,352,2885.066392
514.558801,685,2885.869319
505.900825,449,2886.469953
269.280561,269,2886.734647
284.49424,421,2887.327749
142.450217,140,2887.471993
71.664243,182,2887.786424
194.290898,206,2887.979264
294.85578,400,2888.506279
176.461497,158,2888.656327
130.931225,227,2889.01885
282.915806,252,2889.259141
151.993741,154,2889.554385
184.427626,179,2889.719539
173.826475,178,2889.884466
-20.001422,106,2889.994008
253.477974,249,2890.364663
50.797716,133,2890.490698
207.817923,204,2890.826164
298.194357,270,2891.079764
247.870254,265,2891.479662
259.261304,264,2891.727728
213.87812,211,2892.078352
311.8936,309,2892.37129
38.4798,80,2892.45181
115.802928,113,2892.703151
203.068953,202,2892.891482
229.759493,205,2893.086555
30.700018,91,2893.315106
317.343904,422,2893.712967
113.684935,112,2893.96215
212.81028,204,2894.154886
231.41353,211,2894.36246
131.743117,242,2894.738141
323.168672,289,2896.324176
321.853941,285,2896.738483
169.6177,156,2896.890762
148.925057,147,2897.181365
163.476179,164,2897.336608
150.814073,153,2897.47996
114.249037,117,2897.61266
367.136425,323,2898.064952
132.598162,130,2898.18785
142.505742,134,2898.463277
313.381215,271,2898.71836
129.99499,148,2898.86394
297.382977,260,2899.254678
166.46188,163,2899.406791
21.593879,94,2899.501469
425.725644,461,2900.075311
249.427796,268,2900.473198
149.614679,139,2900.602239
103.479132,101,2900.694885
163.766151,153,2900.982435
324.588802,328,2901.294495
177.862065,294,2901.724124
345.032613,500,2902.352946
293.153033,260,2902.597714
401.260611,443,2903.158715
243.769015,219,2903.524743
164.554131,161,2903.674298
187.782177,167,2903.829466
163.422602,161,2904.131676
98.088634,98,2904.226653
213.459599,197,2904.413408
157.231408,148,2904.55826
189.2544,165,2904.850554
301.67486,276,2905.106912
-57.123259,178,2905.422739
209.103903,341,2905.740005
329.687752,293,2906.16743
201.064254,273,2906.438249
-26.20264,136,2906.71542
207.175903,304,2907.002071
19.027449,219,2907.360255
145.864691,144,2907.492492
138.781119,136,2907.620841
156.52588,147,2907.931432
175.105807,170,2908.088347
296.926818,275,2908.347937
104.635364,105,2909.353747
61.472671,69,2909.417851
471.313979,428,2910.008522
351.673466,330,2910.312078
239.855058,210,2910.680184
127.913428,124,2910.796551
242.772994,223,2911.007707
210.251758,275,2911.438486
423.783614,440,2912.037984
127.79867,177,2912.204747
234.784211,225,2912.431839
95.876139,98,2912.684237
55.984535,64,2912.743715
179.155171,174,2912.905237
154.107692,145,2913.052727
61.731793,104,2913.340186
274.980257,413,2913.737074
87.056463,92,2914.005385
348.724391,366,2914.352957
38.512846,228,2914.749868
167.398156,154,2914.892943
115.196734,112,2915.002516
252.852785,246,2915.415908
221.915311,199,2915.602299
166.245139,164,2915.770518
226.805953,324,2916.227306
263.118571,262,2916.676163
235.682828,207,2916.872599
118.486843,252,2917.27018
386.620944,639,2918.041448
285.949523,457,2918.625745
342.645402,302,2918.910056
70.432819,87,2919.012787
313.876196,285,2919.425305
224.158968,224,2919.641386
111.298043,112,2919.89205
146.827795,151,2920.032976
3.247653,110,2920.139007
156.862229,150,2920.290987
245.902104,278,2920.691102
247.721313,234,2920.917126
402.740372,360,2921.406922
175.391046,158,2921.565463
392.152807,389,2922.955164
316.21377,281,2923.35406
351.246379,323,2923.660049
185.315582,181,2923.973083
323.114761,517,2924.611031
318.689888,277,2924.86646
438.254223,382,2925.380689
286.035728,269,2925.785332
187.529073,228,2926.001215
136.792517,134,2926.127507
287.053162,307,2926.566624
188.39159,173,2926.730743
167.542165,164,2927.062922
129.19505,133,2927.184163
249.969514,222,2927.39184
150.644995,142,2927.695913
398.539163,421,2928.086812
199.06332,190,2928.417464
150.870243,144,2928.551791
223.766109,230,2928.774906
268.303427,256,2929.163613
292.352904,325,2929.623236
415.23427,366,2929.966121
227.914428,322,2930.42162
170.594681,166,2930.577032
373.948864,363,2931.069293
178.534162,200,2931.257342
363.601213,349,2931.745971
322.099118,312,2932.192847
170.229754,153,2932.338164
258.990834,240,2932.567109
125.729105,161,2932.86101
319.964033,456,2933.49085
254.275556,260,2933.731092
96.524836,472,2934.376758
206.569208,189,2934.563468
228.621106,237,2935.000905
249.512276,353,2935.524686
187.700259,205,2936.272003
157.167674,213,2936.473994
301.208428,303,2936.919861
289.681476,275,2937.191782
367.242133,375,2937.728593
2.762524,129,2937.867272
192.766888,177,2938.179033
115.069211,111,2938.281759
161.207178,159,2938.431159
221.288395,263,2938.865571
251.521887,227,2939.080944
253.724955,300,2939.52997
216.641376,196,2939.714216
308.695737,405,2940.245335
205.433531,182,2940.421652
394.829949,356,2940.893207
237.530157,223,2941.256229
205.552489,181,2941.425342
282.709846,368,2941.942418
307.728267,278,2942.202546
158.46968,252,2942.612342
156.269639,157,2942.760688
103.532213,107,2942.86008
185.516833,197,2943.201843
80.110901,113,2943.307618
81.446845,84,2943.385744
168.60934,159,2943.533207
176.451964,207,2943.879629
96.20432,99,2943.971627
87.517609,178,2944.139819
324.078821,295,2944.56741
209.94025,192,2944.746662
150.744186,143,2944.885406
218.499705,198,2945.213022
486.701525,538,2945.862922
164.950778,148,2945.997572
429.644291,488,2946.60177
106.512368,108,2946.70524
297.466752,297,2947.132617
157.396538,157,2947.295117
310.9553,276,2947.702209
524.578424,617,2948.438051
-88.740209,193,2949.105306
180.955801,289,2949.520527
253.252586,416,2950.061283
243.097868,244,2950.290862
337.79472,312,2950.735042
139.998911,287,2951.012528
328.157361,287,2951.449928
502.228903,455,2952.02536
237.110733,222,2952.23531
95.108497,99,2952.337412
451.587484,429,2952.887939
155.382424,158,2953.193258
226.0116,200,2953.388232
328.35824,308,2953.840976
223.412422,213,2954.039372
130.447192,129,2954.159116
106.383844,107,2954.265203
196.8752,191,2954.585464
490.805282,483,2955.221694
311.840954,285,2955.493917
333.629637,321,2955.949641
224.049787,222,2956.161716
310.253685,268,2956.557713
248.326121,220,2956.765894
117.933203,242,2957.141774
76.629926,80,2957.217175
69.957081,146,2957.357184
163.797958,156,2957.661775
19.786171,123,2957.777145
96.091221,97,2957.867541
328.158708,296,2958.3018
307.672581,287,2958.568413
260.608855,237,2958.944562
113.796805,114,2959.051581
53.535716,149,2959.193788
204.956693,188,2959.376338
200.987987,202,2959.706868
316.408491,317,2960.011647
69.194754,73,2960.221133
305.842338,410,2960.614621
260.336109,239,2960.983568
149.708011,144,2961.117573
86.563392,86,2961.201243
144.320846,143,2961.482739
323.528196,327,2963.178538
568.403223,497,2963.779833
330.669967,320,2964.227431
130.14344,126,2964.345101
349.946569,309,2964.784955
189.96697,188,2964.961583
310.976612,267,2965.363245
96.938745,103,2965.460468
612.543155,553,2966.140313
128.078552,127,2966.262839
169.528548,203,2966.609048
262.136703,239,2966.833791
118.109705,118,2966.947556
174.015912,159,2967.245637
-55.592772,76,2967.317802
235.525984,209,2967.516285
238.048594,216,2967.730618
407.978632,365,2968.213111
373.940047,439,2968.791937
287.930372,282,2969.202935
408.862758,422,2969.606463
376.512927,339,2970.065101
55.71668,146,2970.20788
132.212826,136,2970.47971
186.976833,173,2970.64014
454.029047,399,2971.164434
298.398523,293,2971.436646
168.133689,168,2971.746167
33.293946,135,2971.877146
231.329847,209,2972.077414
200.259178,319,2972.527363
228.86892,215,2972.735497
175.311688,175,2973.045446
43.413685,110,2973.15073
188.483888,234,2973.381011
-10.275879,141,2973.655943
138.747391,137,2973.7824
354.239417,397,2974.302965
199.532436,180,2974.473011
301.025275,526,2975.112411
68.485487,72,2975.981576
159.835418,169,2976.291128
52.361271,233,2976.518325
218.279245,198,2976.714485
158.13491,156,2977.005987
112.604023,119,2977.121198
378.067303,324,2977.62291
180.165285,270,2977.872295
154.598801,151,2978.021876
234.43836,215,2978.383225
327.250234,292,2978.670887
237.670294,226,2979.045888
360.258638,455,2979.635625
163.19993,154,2979.780198
134.177382,127,2979.898536
379.144642,360,2980.389972
343.08446,365,2980.883286
105.40804,102,2980.978986
243.696324,235,2981.195976
77.273264,82,2981.424502
256.695963,240,2981.652612
395.491993,423,2982.205017
186.366059,198,2982.389652
382.958977,363,2982.875497
136.334455,136,2983.0014
370.806432,330,2983.459645
442.457001,528,2984.109617
576.739974,550,2984.779757
297.686693,294,2985.067302
281.476007,291,2985.478253
224.272102,229,2985.840781
165.743119,182,2986.009879
256.242396,227,2986.219037
249.218343,238,2986.590117
136.507346,132,2986.713533
243.129105,357,2987.204335
93.070444,92,2987.290311
377.040413,455,2987.892595
300.913503,310,2988.213093
142.396757,136,2988.485725
202.6087,184,2989.42908
636.7559,839,2990.525005
172.228177,162,2990.676736
465.965314,658,2991.463181
244.905409,285,2991.899362
313.161099,344,2992.241883
142.672514,135,2992.516641
180.180401,168,2992.675533
100.606276,101,2992.770314
123.248076,119,2993.03827
125.686662,146,2993.178015
292.625219,291,2993.446201
288.722458,280,2993.897374
108.572697,107,2993.995291
380.181183,499,2994.796793
231.61112,234,2995.263088
99.719915,99,2995.355294
330.748113,308,2995.658125
62.866507,67,2995.728965
183.791291,170,2996.101722
236.377016,221,2996.316205
184.05977,179,2996.686842
406.794684,372,2997.046122
244.571075,222,2997.475935
340.267494,308,2997.798365
147.591829,138,2998.121424
384.153995,327,2998.427977
399.229986,500,2999.084855
413.567224,397,2999.668568
233.344553,242,2999.911515
317.735243,351,3000.454501
163.700704,152,3000.618072
289.55868,260,3001.041596
213.560545,210,3001.247948
83.073415,90,3001.481972
257.336235,316,3001.785815
127.298222,148,3001.934396
272.964373,235,3002.309956
258.410088,243,3003.575777
139.323428,137,3003.841927
471.290649,484,3004.447915
261.316046,444,3004.878272
79.685614,87,3005.10083
211.324657,207,3005.29817
209.505286,205,3005.498655
142.869081,145,3005.785208
147.544806,139,3005.919202
218.836561,198,3006.112057
403.700924,409,3006.648707
-23.340514,86,3006.734869
168.736537,181,3007.055591
86.339026,87,3007.136749
171.149499,158,3007.281022
87.422362,91,3007.369755
318.49286,282,3007.779569
571.560467,546,3008.446603
178.141579,236,3008.682389
249.074933,234,3009.052193
173.892266,172,3009.217831
155.248162,144,3009.510527
25.484989,98,3009.603587
233.010732,208,3009.799108
160.846046,146,3009.942089
115.35338,121,3010.202462
264.055321,246,3010.43452
347.480757,553,3011.106154
177.351877,177,3011.425452
174.952861,163,3011.581291
276.297086,256,3011.832561
110.654448,109,3012.087307
42.454428,108,3012.190005
124.176803,120,3012.303892
16.918852,129,3012.425582
215.569649,205,3012.775917
457.884832,435,3013.33506
66.812801,74,3013.403355
332.282379,298,3013.684613
219.030778,202,3014.022911
510.203081,628,3014.761584
119.046914,131,3014.88328
91.411888,101,3014.979687
424.958876,514,3015.648399
56.793913,137,3015.928989
292.343717,283,3017.033848
302.740827,271,3017.425979
94.380111,94,3017.514795
400.150297,357,3018.005816
173.847127,198,3018.192548
191.134346,209,3018.394789
268.827963,236,3018.760152
121.080748,120,3018.873008
360.284927,741,3019.876219
232.559411,213,3020.076021
256.928588,235,3020.298281
158.715709,154,3020.607791
163.212062,164,3020.760334
95.187306,150,3020.898619
105.581069,105,3021.008028
126.483282,126,3021.292965
406.448897,431,3021.867653
126.331898,122,3021.982718
180.882134,197,3022.168537
274.680951,282,3022.580524
118.91929,121,3022.694982
238.755703,228,3022.917982
338.862321,532,3023.569422
128.099828,125,3023.826779
187.148397,195,3024.013145
788.85096,704,3024.840885
115.884881,115,3025.094281
119.250028,114,3025.205739
354.675281,319,3025.669294
79.683863,84,3025.74795
130.479221,124,3025.866027
161.293807,160,3026.015756
292.718345,279,3026.435953
442.972147,522,3027.093838
149.144705,170,3027.258666
253.610193,228,3027.627091
187.080535,178,3027.795856
169.124981,169,3027.95356
128.071118,133,3028.231526
152.501686,141,3028.364633
-13.930622,117,3028.477012
80.190468,85,3028.558344
147.349311,147,3028.846531
289.351169,259,3029.088161
90.32429,89,3029.170973
137.987739,133,3030.617728
34.747175,138,3030.889257
169.154053,164,3031.041454
410.533484,444,3031.613535
269.060728,250,3031.869746
301.423961,295,3032.294822
262.365259,247,3032.533669
238.479993,276,3032.936785
213.703517,195,3033.12838
134.056593,123,3033.389628
161.517068,167,3033.54549
89.750027,96,3033.636514
277.043862,247,3034.022051
161.228393,176,3034.186399
112.154369,120,3034.300693
69.921288,160,3034.464732
334.099415,323,3034.910764
111.666127,115,3035.023137
218.451091,213,3035.367426
186.70191,175,3035.531236
370.967878,399,3036.059331
335.992248,426,3036.6218
132.715984,123,3036.738187
319.365296,278,3037.153828
97.946279,102,3037.249447
168.261687,161,3037.399128
119.460768,127,3037.51625
288.00617,299,3037.948274
143.552553,152,3038.089664
72.680216,79,3038.165948
199.846324,177,3038.490151
213.043971,196,3038.674736
102.960502,111,3038.779449
95.7893,100,3038.880577
193.395533,194,3039.261656
250.650893,237,3039.490381
176.896957,158,3039.814469
223.698089,207,3040.009514
288.482619,285,3040.468268
167.358236,165,3040.620644
226.624651,207,3040.814485
181.435773,261,3041.268355
168.453752,154,3041.415245
501.039671,448,3042.03072
212.051707,188,3042.212483
238.537349,213,3042.590453
334.949941,326,3042.899386
153.581562,142,3043.179604
226.335693,208,3045.226063
540.025578,594,3045.915806
652.509513,597,3046.644397
135.49369,129,3046.923022
122.654558,119,3047.035939
281.137481,253,3047.284438
271.789557,302,3047.73763
75.471142,80,3047.810451
140.433716,139,3047.947853
132.267117,127,3048.217977
220.882326,200,3048.405567
139.028051,143,3048.54354
270.05201,394,3049.061375
108.725586,109,3049.165715
207.953249,195,3049.501256
447.249322,400,3049.885072
171.556548,176,3050.18814
344.749291,304,3050.476346
186.942665,268,3050.87307
230.755645,205,3051.06196
429.575743,395,3051.58671
179.32546,177,3051.760509
586.267763,650,3052.673392
182.946485,174,3052.835126
150.63508,147,3052.973506
297.023861,317,3053.424567
87.679277,92,3053.512513
83.310208,86,3053.593807
578.069249,553,3054.266288
144.94789,136,3054.582813
381.538378,403,3054.976259
-39.667285,124,3055.278332
391.214244,398,3055.670421
462.016724,805,3056.940608
614.126718,512,3057.592958
210.016918,187,3058.161805
228.921273,217,3058.505902
116.369352,113,3058.614324
253.732915,268,3059.01719
198.601554,180,3059.189376
240.273861,242,3059.418252
199.738568,200,3059.757741
368.996533,330,3060.077526
73.907044,80,3060.300609
217.527226,195,3060.484769
85.056785,88,3060.567165
82.456647,94,3060.656504
256.962636,241,3061.03034
216.001956,228,3061.245689
183.729366,177,3061.564752
159.823313,152,3061.713857
206.291411,187,3061.894539
400.064093,354,3062.377708
196.778179,177,3062.543596
154.846336,147,3062.847831
364.936276,315,3063.141971
172.477125,166,3063.311523
455.425575,433,3063.870107
47.387481,59,3063.933811
247.105965,218,3064.283647
202.835595,187,3064.458337
249.329269,243,3064.837244
321.990102,301,3065.121943
163.232895,151,3065.413612
306.630452,278,3065.671977
624.671386,548,3066.350226
172.750003,157,3066.656267
117.968112,124,3066.770589
208.140932,211,3066.973495
539.655677,534,3067.626725
110.129084,121,3067.746126
308.732608,495,3068.352899
104.210446,107,3068.595654
195.954247,199,3068.780906
87.223049,548,3069.445284
121.427418,135,3069.574717
330.551415,318,3070.026369
521.834041,596,3071.104674
590.833799,634,3071.839323
2.348931,153,3072.134822
193.444252,189,3072.317178
138.581867,164,3072.479429
100.920902,128,3072.752645
689.672148,650,3073.520279
159.575369,149,3073.661851
268.192421,290,3074.099006
66.278031,74,3074.16973
335.148514,312,3074.469249
251.361918,269,3074.858065
43.704782,53,3074.907531
52.960714,61,3074.965013
237.878304,227,3075.326809
302.732172,305,3075.608174
293.969599,338,3076.071511
99.519326,102,3076.168769
118.526185,125,3076.293204
324.755864,279,3076.701047
-0.93277,90,3076.786111
60.444148,69,3076.850346
109.8979,108,3076.960433
180.809033,168,3077.284493
398.34719,411,3077.833088
101.552169,106,3077.936805
26.80987,126,3078.058915
304.619077,326,3078.597949
164.375335,165,3078.754018
81.13962,86,3078.838129
256.880497,256,3079.332054
257.839475,262,3079.584904
250.998893,246,3079.994447
127.006911,125,3080.114025
435.173286,380,3080.731407
661.735286,579,3081.511561
215.486571,203,3081.703426
133.266765,128,3081.837197
64.485431,138,3082.127783
146.782537,139,3082.257742
191.768029,189,3082.441261
141.315879,211,3082.822266
339.359384,291,3083.099688
141.439035,133,3083.422254
200.753045,185,3083.59741
301.401334,401,3085.042206
164.939676,151,3085.181397
242.148613,219,3085.402053
238.499371,210,3085.801912
136.78324,135,3085.928413
457.304449,400,3086.499678
171.779538,159,3086.648168
206.405716,180,3087.017341
112.988034,190,3087.196923
124.451711,128,3087.318154
243.900842,210,3087.703222
183.02227,171,3087.861142
242.586324,250,3088.102519
296.887416,300,3088.596718
270.376859,291,3089.032992
319.391601,307,3089.32425
243.278075,233,3089.690678
356.997324,302,3089.974468
256.504678,271,3090.37547
163.465314,155,3090.520613
73.794382,79,3090.595303
140.055691,134,3090.730181
286.279136,277,3091.131002
341.886012,300,3091.569482
194.063844,181,3091.744391
333.566746,450,3092.317422
175.412751,161,3092.46774
383.685881,358,3092.955496
56.10894,64,3093.016128
170.377041,154,3093.160055
203.556546,233,3093.530247
107.695131,132,3093.654949
411.112047,575,3094.34803
174.852869,176,3094.518359
353.527356,365,3095.01075
186.734953,199,3095.352022
435.497836,373,3095.701574
250.288873,366,3096.196901
455.130081,522,3096.850255
210.916873,211,3097.049249
143.036099,131,3097.313679
107.878151,114,3097.422168
148.991371,145,3098.419021
162.904389,161,3098.570818
319.83216,344,3099.032447
138.751754,137,3099.167429
-20.69134,111,3099.420821
100.42098,103,3099.516575
180.423325,174,3099.680821
69.40979,77,3099.75523
153.493389,172,3100.071033
142.628595,141,3100.204685
555.684078,626,3100.943857
225.494665,240,3101.331286
483.021317,540,3102.012436
76.208464,78,3102.086709
290.440567,343,3102.564146
135.343146,130,3102.685961
248.420162,232,3102.902336
188.637995,192,3103.23175
291.724151,259,3103.475166
174.359864,164,3103.634038
513.154622,447,3104.201822
193.864056,173,3104.511711
435.056143,396,3104.88315
186.810996,182,3105.199006
129.334857,133,3105.322937
257.937295,241,3105.560592
256.102454,233,3105.919995
147.853887,143,3106.057292
70.193574,75,3106.132329
268.960634,261,3106.528348
272.578237,243,3106.761884
92.769733,95,3106.99562
213.775279,204,3107.183454
76.734822,81,3107.260017
73.106838,132,3107.38758
323.83205,282,3107.798453
155.959188,143,3107.933273
133.207532,133,3108.062761
127.270706,120,3108.316897
291.092397,265,3108.565749
235.412785,229,3108.928585
91.382616,94,3109.01456
326.004855,291,3109.301271
233.061353,204,3109.633243
52.843721,124,3109.752561
228.233076,209,3109.956217
196.151965,184,3110.272254
299.079282,274,3110.533113
107.657842,110,3111.360556
215.801689,193,3111.542373
216.103074,209,3111.741717
151.968639,141,3112.023053
131.301787,129,3112.148097
569.989438,583,3112.84573
660.035003,780,3113.882425
150.226576,145,3114.018137
151.694131,135,3114.144703
339.701174,299,3114.574675
358.458613,344,3114.895711
107.597566,111,3115.147604
322.370234,295,3115.422345
98.074895,98,3115.515156
118.627839,117,3115.77385
192.034701,190,3115.954264
493.319831,587,3116.66271
117.972475,124,3116.779709
155.723073,154,3117.072614
88.853294,93,3117.161455
125.294815,134,3117.285138
219.01475,190,3117.482115
188.890015,168,3117.778095
277.380919,250,3118.01414
235.743448,202,3118.35008
160.704964,162,3118.5021
129.791645,129,3118.620226
111.056024,106,3118.722186
494.42077,504,3119.339405
136.465839,140,3119.632785
191.69866,174,3119.794361
312.916284,271,3120.200224
173.205163,159,3120.347137
456.13962,434,3120.899263
562.842165,546,3121.5753
551.234517,505,3122.206564
554.868377,518,3122.840898
146.624164,257,3123.085349
177.407284,162,3123.384942
119.045661,120,3123.495958
329.017507,296,3124.190896
127.209128,131,3124.453716
46.477084,155,3124.600793
251.550409,221,3124.810902
196.650294,192,3125.139249
113.296747,125,3125.256457
293.382323,260,3125.648861
289.774076,304,3125.932251
265.881294,233,3126.298937
280.464998,286,3126.570301
405.355168,375,3127.073946
342.463568,478,3127.671257
120.063069,116,3127.776171
184.586714,175,3127.938476
127.2993,137,3128.212085
582.924005,535,3128.864969
364.015214,374,3129.228839
187.552038,174,3129.543034
138.868891,126,3129.66233
288.632735,261,3129.91967
138.416152,144,3130.199504
202.335514,180,3130.366822
143.536787,133,3130.497452
139.153376,129,3130.766435
115.603264,111,3130.870955
576.688191,501,3131.496962
188.945418,181,3131.671087
280.974186,350,3132.155101
292.854122,424,3132.702706
-11.578756,196,3132.886413
163.849182,155,3133.035246
238.700556,294,3133.457222
181.78617,340,3133.930485
153.251904,147,3134.067175
214.939939,196,3134.248965
174.647491,167,3134.565376
116.498209,146,3134.703479
138.151539,134,3134.827997
249.54854,275,3135.23622
245.774682,237,3135.455726
400.101939,365,3135.945625
237.997091,246,3136.180822
315.72681,284,3137.288226
195.334087,177,3137.454297
165.495253,167,3137.772451
263.076939,288,3138.046899
210.248749,198,3138.443151
271.847278,257,3138.680851
52.669016,59,3138.735883
112.789335,131,3138.870706
142.593195,137,3139.176975
115.511404,112,3139.282151
157.583164,148,3139.423422
564.277977,514,3140.180714
196.683528,265,3140.663776
198.365213,189,3140.839758
170.276731,168,3141.008292
149.408877,144,3141.386708
100.297488,100,3141.481464
291.087421,295,3141.775615
368.542556,323,3142.234948
76.826082,81,3142.309277
196.921766,214,3142.660428
-119.260049,309,3142.95189
450.657424,571,3143.640747
166.580061,160,3143.935545
278.338604,329,3144.240691
226.019926,224,3144.597367
131.119493,131,3144.720294
163.689407,291,3145.155205
135.72075,128,3145.274016
213.213384,192,3145.455267
177.638035,163,3145.770003
517.72224,547,3146.440322
360.198156,467,3147.057995
689.34004,754,3147.937323
294.250839,365,3148.43674
132.686793,131,3148.558967
207.732464,185,3148.735289
443.191977,406,3149.285309
277.482666,249,3149.684976
107.52797,105,3149.784165
305.136192,299,3150.810704
126.416468,135,3151.090384
142.588943,151,3151.23344
244.913638,243,3151.477825
326.233761,295,3151.900547
54.643072,62,3151.959921
213.496236,202,3152.300186
386.420656,365,3152.663847
135.972477,139,3152.812762
117.918888,113,3153.060269
162.496607,155,3153.205494
247.583581,228,3153.430324
356.684077,326,3153.877578
347.456114,312,3154.315131
506.894513,632,3155.050908
228.681414,205,3155.244698
400.682235,372,3155.741127
12.509534,147,3155.880898
175.473662,182,3156.193663
106.259973,105,3156.291782
185.193451,215,3156.496111
169.374083,166,3156.802358
321.823481,274,3157.061191
140.376335,136,3157.198152
153.215774,166,3157.498208
139.151986,134,3157.622477
257.517516,547,3158.291941
470.521129,427,3158.838948
136.745473,150,3158.977952
113.707942,114,3159.096264
129.736177,125,3159.35392
110.78359,114,3159.460552
410.451836,445,3160.026375
80.335769,84,3160.103105
397.283555,529,3160.74783
481.977525,471,3161.345698
375.666583,423,3161.897935
101.456654,104,3161.995821
341.186291,352,3162.47754
106.02363,149,3162.618266
67.970823,77,3162.689401
256.593764,234,3163.057269
128.27448,129,3163.469934
228.411092,220,3163.67435
337.164084,293,3164.083626
205.660916,189,3164.258238
127.052761,123,3164.37576
180.837892,200,3164.707227
208.73788,233,3164.928716
365.292167,412,3165.472053
84.12742,84,3165.549823
265.943657,247,3165.947185
111.608416,109,3166.046226
273.147991,287,3166.323534
321.017922,324,3166.792371
140.110426,138,3166.931105
216.973746,302,3167.364125
199.720205,184,3167.536007
101.180564,101,3167.778096
236.709136,205,3167.985523
86.704691,196,3168.176095
498.406478,459,3168.754547
138.34611,144,3168.898429
199.799737,190,3169.223852
268.156569,322,3169.531197
130.240134,125,3169.786292
178.574799,255,3170.02396
156.007914,147,3170.313164
498.138841,441,3170.731588
205.868254,214,3171.088192
123.061987,117,3171.197878
382.649129,390,3171.719927
216.551209,220,3171.92563
54.381792,61,3171.984848
284.390872,276,3172.395331
193.552305,175,3172.556841
201.11118,405,3173.085495
281.139881,258,3173.335941
234.978123,329,3173.789283
146.681232,134,3173.922081
221.359662,201,3174.249112
184.15706,164,3174.401997
248.545192,250,3174.78539
168.719758,167,3174.943877
208.3101,207,3175.142883
281.675418,262,3175.536154
70.371767,172,3176.413813
113.489484,119,3176.53346
236.125155,239,3176.896476
156.397834,153,3177.041404
280.36799,256,3177.438617
173.612261,173,3177.60151
469.656498,468,3178.189402
181.498173,200,3178.379178
341.954664,492,3178.990481
-17.7343,132,3179.267581
269.925071,242,3179.491026
210.690682,215,3179.698281
347.768474,321,3180.172453
166.387294,169,3180.337019
208.350002,189,3180.692568
124.056755,129,3180.813825
419.904484,387,3181.346871
178.243663,159,3181.494289
112.910654,114,3181.604924
124.870278,123,3181.874304
121.076428,205,3182.069161
61.078886,86,3182.152273
124.274482,127,3182.277547
219.886119,212,3182.623777
411.442622,486,3183.256931
-10.061854,88,3183.339609
300.778041,257,3183.581998
710.349296,898,3184.719121
170.463399,263,3185.131279
272.575601,266,3185.378924
36.558998,351,3185.885733
159.1355,145,3186.02458
295.20748,261,3186.43582
175.116139,161,3186.589854
136.159869,272,3187.004525
301.306148,584,3187.707913
273.733115,314,3188.002922
342.647016,294,3188.429286
125.932295,138,3188.558076
-6.23944,119,3188.67186
299.139369,270,3189.822575
171.413849,182,3189.991692
137.540008,134,3190.118586
184.367412,166,3190.418245
165.627965,169,3190.576126
163.576148,148,3190.723362
129.159659,127,3190.989385
-38.318328,120,3191.103534
240.888927,219,3191.313815
32.761618,92,3191.561529
385.487873,474,3192.018786
95.397921,98,3192.256371
155.832015,160,3192.405571
250.614919,323,3192.857536
222.320062,200,3193.045078
82.20697,121,3193.162215
159.262518,159,3193.464265
71.911211,79,3193.537039
345.719633,324,3193.839659
427.677861,576,3194.535509
250.124897,231,3194.894944
238.930677,246,3195.12981
155.08787,216,3195.479891
240.88703,229,3195.693884
85.13977,89,3195.781252
353.93362,325,3196.226164
286.544341,277,3196.638104
541.43549,931,3197.67989
469.456483,398,3198.198699
127.230732,128,3198.325659
93.927466,93,3198.561068
213.043062,203,3198.757795
422.286679,359,3199.246467
114.774824,115,3199.352529
153.568993,141,3199.483005
213.77247,197,3199.811261
232.945346,230,3200.027948
191.280262,236,3200.259535
127.95904,124,3200.514934
333.39024,291,3200.789167
116.616602,114,3201.047005
408.144523,449,3201.47624
169.66066,151,3201.765668
194.317445,204,3201.96213
513.141913,562,3203.557907
170.617947,170,3203.864267
67.328896,75,3203.934287
164.121021,168,3204.091816
222.417651,210,3204.296668
171.72703,157,3204.587037
122.110049,119,3204.697694
145.64481,140,3204.82968
75.432159,77,3204.903358
422.42327,405,3205.430154
319.59941,338,3205.894387
75.916383,82,3205.972743
106.696793,109,3206.073474
125.990513,226,3206.43634
127.536967,124,3206.552951
172.253662,158,3206.700473
254.255798,236,3207.070778
378.293127,369,3207.41856
467.949891,569,3208.119505
256.012346,240,3208.487268
77.329942,115,3208.597222
171.768269,155,3208.747688
130.123102,131,3209.007411
281.016845,271,3209.26198
361.744478,430,3209.813318
163.533939,152,3209.973284
184.151963,182,3210.323556
202.928354,193,3210.502232
324.190829,289,3210.978981
218.859179,232,3211.195913
45.050611,199,3211.624409
288.34838,259,3211.872085
139.456015,146,3212.018911
340.979803,294,3212.456817
216.97837,205,3212.648586
211.450777,219,3213.033555
164.443492,173,3213.193411
331.968651,294,3213.665539
270.308834,244,3213.892262
140.087136,154,3214.046031
246.242407,223,3214.453735
-238.985218,414,3215.019686
117.726312,120,3215.13036
159.342642,331,3215.613678
124.077057,121,3216.130694
121.940177,115,3216.238962
156.765889,148,3216.382046
158.764325,153,3216.677568
410.825278,713,3217.500979
57.8306,66,3217.561447
162.93763,176,3217.736561
126.34384,135,3218.000787
279.520958,258,3218.243627
250.600553,228,3218.617098
289.695857,290,3218.891137
210.279698,231,3219.255842
130.137465,128,3219.374239
325.351665,409,3219.905473
154.7612,155,3220.049368
187.657201,170,3220.212034
448.687726,387,3220.721623
263.665492,560,3221.413833
220.072487,233,3221.78653
156.277163,157,3221.934598
408.450319,414,3222.481167
498.872423,432,3223.035153
225.634644,206,3223.226816
111.728818,108,3223.329836
216.152974,188,3223.652973
216.791447,194,3223.832836
272.315725,263,3224.245258
180.323341,161,3224.39485
525.058354,451,3224.98655
355.606886,316,3225.283988
142.228679,131,3225.568884
283.882726,288,3225.837311
105.350491,105,3225.939156
129.446233,129,3226.245817
228.778587,220,3226.453237
186.712187,168,3226.620599
93.899558,96,3226.900049
261.278309,257,3227.140018
169.94836,166,3227.300456
185.292464,186,3227.647382
120.418017,115,3227.753325
214.898255,227,3227.9704
385.416095,381,3228.521337
261.252821,227,3229.501897
192.25865,170,3229.658338
249.651634,232,3229.879456
264.651998,459,3230.487178
145.235227,141,3230.799522
107.297422,184,3230.968736
141.64621,145,3231.1052
64.123033,150,3231.263389
382.977521,390,3231.79348
202.089008,207,3232.19168
216.441644,204,3232.382624
57.182815,126,3232.505986
148.215588,147,3232.833958
114.518865,116,3232.943974
124.559759,126,3233.061475
118.160907,118,3233.175355
119.306787,127,3233.459794
76.359345,83,3233.53519
295.558164,275,3233.791382
190.040541,171,3234.103357
209.173508,195,3234.282964
264.752497,253,3234.529661
138.385537,151,3234.809747
173.119424,163,3234.960231
467.48519,409,3235.49105
188.863315,173,3235.652119
136.121312,135,3235.78315
182.332107,184,3236.095501
215.332941,217,3236.30027
438.798468,444,3236.87469
199.334197,198,3237.079146
166.526849,156,3237.370686
517.888522,610,3238.102701
279.246864,316,3238.550473
229.942061,209,3238.745731
190.399145,184,3238.9216
330.949982,351,3239.39861
155.166995,166,3239.559387
159.188423,148,3239.840483
336.647126,404,3240.234189
171.136479,166,3240.530664
198.148521,184,3240.702867
506.290779,602,3241.422279
312.239226,287,3242.55307
175.510733,173,3242.72034
151.95851,150,3242.996497
238.273,231,3243.211404
139.786633,141,3243.343007
88.703799,142,3243.629519
-148.354436,552,3244.298237
305.898306,353,3244.626296
351.553779,317,3245.070497
508.069238,485,3245.684285
169.995155,159,3245.835509
375.776483,486,3246.456423
318.192344,292,3246.88554
247.3833,220,3247.093798
331.246907,602,3247.837897
320.795109,276,3248.244625
284.26855,249,3248.477817
349.836995,331,3248.966889
642.604276,639,3249.730503
160.35211,155,3250.057263
153.561743,143,3250.188134
209.559711,195,3250.369194
135.960206,657,3251.171004
180.873649,162,3251.483935
269.781458,240,3251.708093
151.704962,146,3252.008807
125.021751,122,3252.122754
150.700574,145,3252.259065
609.343413,606,3252.988553
77.383961,81,3253.068999
420.326282,355,3253.546428
119.181539,114,3253.65247
265.451868,269,3254.047983
97.769303,101,3254.144031
245.405674,217,3254.360316
310.366352,276,3254.756738
146.47229,148,3254.89489
