#{"t_start": 1789416124.2612371, "env_id": "Atom-v1"}
r,l,t
-162.493369,516,3.337202
1106.653219,1000,4.356409
644.540544,765,5.400942
560.63485,531,6.028986
1321.021881,1000,7.02485
38.82372,331,7.383893
1713.846487,1000,8.38327
1290.682473,1000,9.285879
620.620107,1000,10.277131
1653.668563,1000,11.280342
1542.193963,1000,12.279367
1684.306578,1000,13.277957
-104.086746,166,13.512281
30.436992,256,13.720111
1574.9058,1000,14.722767
56.078727,245,15.011899
67.128741,229,15.196266
259.802461,325,15.55212
77.404845,220,15.732
144.03351,247,16.022921
-29.101506,181,16.169176
-24.565126,196,16.327137
-10.923848,227,16.603189
56.009032,233,16.790975
370.561132,897,17.71014
665.985195,736,18.514843
1012.374043,1000,19.697641
-63.655771,209,20.093498
24.480973,241,20.289952
1546.229203,1000,21.563676
-14.399289,214,21.925789
212.908264,308,22.175842
39.558386,216,22.575451
72.571357,222,22.756473
-70.017897,184,22.906758
54.795534,220,23.182271
131.90991,299,23.422825
-30.85741,181,23.766426
1816.165707,1000,24.963869
20.656797,217,25.140726
497.742229,712,26.136115
-56.622348,176,26.280057
-66.633818,167,26.41517
52.161987,239,26.704294
-46.066405,213,26.876709
592.222753,554,27.425179
-63.63711,203,27.68297
-24.753071,204,27.848589
146.133013,343,28.220451
76.791303,235,28.413784
-5.50172,224,28.689075
408.93454,809,29.551535
183.284398,364,30.07406
-106.466041,176,30.217165
-39.087486,199,30.57604
-96.453244,151,30.698934
610.637538,830,31.472517
127.295563,423,32.015396
-52.360093,157,32.367986
-48.872174,192,32.526196
1550.334956,1000,33.670304
514.686343,802,34.645109
-272.534753,302,34.891162
-53.057924,190,35.045339
-101.828057,160,35.269141
-22.561982,225,35.453143
345.105699,395,35.872858
196.768139,280,36.189703
1105.773364,1000,37.101104
-99.83477,175,37.350667
-304.86085,265,37.566223
86.699575,504,38.07485
-197.578821,136,38.277824
21.171709,390,38.597425
463.195515,963,39.570364
877.310409,970,40.566071
438.614171,458,41.034438
-162.785301,414,41.598663
-110.350401,149,41.717088
-203.765427,139,41.829
-383.673821,256,42.261245
-61.258292,383,42.665657
-141.865095,170,42.804157
-317.646041,251,43.00859
60.048353,434,43.454608
-356.836769,244,43.85012
-200.972431,318,44.107097
392.817378,556,44.655855
485.80752,428,45.099949
-27.510462,497,45.599802
-174.569619,137,45.897578
-160.55987,141,46.012541
239.017081,373,46.543342
-112.118653,135,46.651491
-164.242678,138,46.76295
-217.301102,129,46.866908
34.998942,361,47.378226
-1.855845,383,47.922353
51.848618,240,48.11739
-172.696913,137,48.431157
757.755154,662,49.20048
740.603239,908,50.389288
-244.621971,267,50.604164
-345.45996,268,51.043024
52.987048,584,51.719131
-81.554117,163,51.84964
109.326182,531,52.4841
31.967329,187,52.836635
-164.508702,385,53.15206
-244.898135,279,53.600155
-63.459726,378,54.002055
280.096934,370,54.301633
-167.963106,219,54.56895
-190.167884,394,54.887908
-127.543184,239,55.172245
-40.199345,171,55.310698
844.623937,740,56.093277
33.14077,472,56.567895
-128.601207,227,56.74978
323.98402,477,57.232283
-265.678373,257,58.424358
345.557831,835,59.183549
271.997167,385,59.585053
256.919739,570,60.135082
-249.969497,235,60.325271
-41.294795,469,60.79346
-323.09226,281,61.109433
-207.213692,316,61.453538
-164.162227,236,61.641019
-370.604984,277,61.953984
11.58848,303,62.19594
-258.150898,230,62.474824
-95.359236,340,62.748666
583.663017,637,63.446735
-407.475768,273,63.664488
437.54958,609,64.244543
-403.620966,203,64.499788
12.863421,467,64.970632
-273.611484,236,65.165736
-364.190424,300,65.498216
-340.343146,255,65.702133
34.797367,352,66.076963
484.383128,408,66.496648
323.705085,590,67.06194
86.356858,465,67.525693
-297.871103,263,67.737119
405.982632,517,68.251236
533.512543,376,68.65
-231.45374,334,69.117413
-39.301255,169,69.254061
336.221291,719,70.060586
645.764889,727,71.095493
151.461025,406,71.424424
-115.738808,153,71.772269
17.931171,199,71.932593
48.46761,339,72.40148
417.657801,574,73.067796
207.317757,412,73.616274
85.71801,293,73.850403
516.131137,566,74.514528
140.001636,214,74.888811
52.143329,291,75.120607
72.242005,228,75.506793
617.934418,597,76.189578
55.259864,487,76.802748
259.602051,365,77.318235
37.647618,546,77.980669
-106.451146,338,78.252081
63.720715,323,78.734855
56.043718,323,79.220213
-33.307536,316,79.470213
239.184471,529,80.116466
-110.188392,320,80.601515
-172.862116,226,80.782697
-116.261574,186,81.161414
27.682753,234,81.34898
129.464492,428,81.905697
-231.118272,335,82.40029
81.12757,205,82.56356
8.249504,306,83.034677
-271.237672,271,83.254269
264.321525,325,83.74934
-11.625592,192,83.899666
138.8764,325,84.3766
-114.145955,297,84.612756
164.454282,526,85.474861
240.60927,286,85.707551
70.762679,635,86.415799
55.06061,489,87.021053
-217.357538,252,87.418174
527.118367,636,88.017966
268.050692,368,88.404091
179.944691,505,88.898386
57.655657,247,89.094828
493.609466,545,89.624333
218.189451,315,89.969348
76.874359,207,90.13606
-45.701612,172,90.365757
109.706195,252,90.568655
48.108508,237,90.849424
-28.02517,176,90.991902
-64.686048,169,91.130496
223.61487,321,91.555723
-109.258505,145,91.672
233.308758,278,92.116158
-347.799861,475,92.594624
315.807652,299,92.843502
85.739674,264,93.255574
-175.080178,132,93.368527
300.875732,318,93.714923
319.227815,300,93.955648
-79.295866,172,94.18662
6.324438,181,94.33251
308.229512,377,94.72723
1.180285,239,94.918141
5.311448,216,95.089912
-97.223803,176,95.431072
-427.202421,839,96.330528
-183.513909,112,96.627888
84.500297,253,96.829859
-73.238436,204,97.21782
-141.107144,169,97.356765
-116.4985,155,97.482688
-118.132024,157,97.825961
-39.991532,199,97.992712
-94.564177,174,98.132618
78.335829,282,98.566495
-159.328853,248,98.76621
-141.82149,140,99.103363
216.168714,384,99.411285
-123.305516,160,99.747666
-143.958312,160,99.876929
-115.207685,158,100.003441
57.654385,243,100.39478
-100.969301,167,100.528102
159.440544,284,100.848646
-70.797473,195,101.007404
37.161481,232,101.195059
-281.709147,561,101.832907
1486.056138,1000,102.725679
134.872332,287,103.045346
347.794941,413,103.466433
65.207992,212,103.634715
-7.876379,204,103.888665
51.164042,212,104.058434
617.304914,623,104.650312
41.357691,234,104.929824
1228.376224,1000,106.155818
411.440048,395,106.472996
663.444347,965,107.563747
-118.237051,188,107.809473
68.979048,238,108.002191
-42.909816,264,108.30976
-142.717765,230,108.492293
108.626383,327,108.845527
-79.146877,183,108.992145
-139.724653,150,109.112211
113.609051,256,109.410855
17.276288,253,109.614537
-3.76642,555,110.336982
302.176914,383,110.646497
105.942304,234,110.927441
172.138593,329,111.191398
761.112488,764,112.101007
-18.38483,250,112.300758
103.119774,290,112.730889
-9.141454,250,112.930028
48.62835,290,114.284194
-24.420166,197,114.442205
42.018095,246,114.861782
64.736571,361,115.362416
-12.67834,220,115.538817
-108.272481,200,115.698683
14.135072,231,116.106236
188.414903,376,116.502543
-68.75115,188,116.652874
-73.712689,201,116.813858
34.584623,218,117.084677
56.231149,222,117.262369
93.060904,273,117.571628
54.630441,216,117.743181
43.743178,222,118.013351
-98.699406,168,118.146663
26.419047,237,118.338144
-31.459457,231,118.616884
-103.886592,818,119.359402
216.609745,640,120.05842
-10.587847,274,120.277215
-17.541716,204,120.637719
41.534514,212,120.807565
374.860927,464,121.272457
363.912922,375,121.665753
-474.626741,794,122.399258
61.508138,268,122.705872
-127.575686,288,122.939378
-326.511173,469,123.412525
-50.454542,196,123.666872
-71.99604,166,123.800761
18.212415,236,123.99234
-109.523839,169,124.21996
-119.988883,630,124.827262
-30.565909,252,125.031129
-44.247412,226,125.304323
-8.875834,213,125.474321
98.332386,473,125.947688
108.156746,250,126.241303
-22.860414,193,126.394279
-48.213461,212,126.566277
-24.547596,192,126.813236
62.254552,265,127.029646
-68.957693,172,127.260244
52.758782,242,127.459434
-61.469639,168,127.594925
-61.31713,178,127.831027
45.130741,232,128.021065
11.317898,315,128.372326
-6.220471,240,128.569643
64.55089,276,128.887297
-77.11531,166,129.019493
-50.727534,174,129.255145
341.77516,348,129.538266
109.759406,264,129.842358
14.027424,223,130.021743
-57.68603,167,130.248278
-74.513413,156,130.376063
245.803426,291,130.613926
-30.156515,172,130.846128
-111.281874,179,130.992574
-10.764879,256,131.294538
-1.297397,298,131.541133
80.719806,251,131.837618
-124.725814,194,131.992599
108.31131,224,132.177531
23.457592,209,132.435079
-24.170069,224,132.618806
88.757083,241,132.908282
139.156978,308,133.156937
108.743133,276,133.475265
68.925253,310,133.819104
99.247478,313,134.074234
-26.571403,346,134.450764
92.599348,320,134.714995
181.811709,288,135.042767
-1.337972,197,135.202521
-19.846107,236,135.488762
10.483845,204,135.654579
-65.937821,148,135.869916
-96.248053,148,135.990123
-51.909506,158,136.117268
170.416523,557,136.670927
88.187197,223,136.946568
-101.700031,150,137.068587
62.259119,228,137.253517
-66.848102,187,137.498202
80.340092,233,137.686635
81.630632,269,137.99911
50.203194,222,138.182856
40.362316,243,138.482952
77.218243,224,138.668366
188.898856,293,138.997642
85.884832,295,139.239241
-89.655065,147,139.451504
-32.085802,215,139.625638
-95.080571,192,139.780873
-76.093154,159,140.008109
99.803181,223,140.189245
9.227855,217,140.463542
-109.767526,159,140.594807
-61.015453,198,140.754229
122.244792,246,141.047433
176.477106,255,141.252729
47.747065,215,141.520138
-11.241399,209,141.687867
-52.838403,212,141.85697
91.4002,237,142.143689
-66.612686,159,142.273528
-51.851113,194,142.523299
-61.837016,157,142.649164
-83.583276,189,142.79932
-67.85026,160,143.019265
-14.097263,210,143.189026
97.691974,225,143.370185
-13.741873,217,143.638111
33.332996,213,143.811045
122.816088,267,144.117146
-67.812541,202,144.27861
-5.01642,205,144.534405
-77.9982,158,144.660602
76.62466,269,144.876983
14.753107,203,145.129862
74.77206,214,145.301122
52.748459,266,145.603667
46.29044,213,145.772566
30.072488,229,146.046512
76.001249,242,146.237457
104.25578,231,146.512693
13.113273,226,146.69306
-70.097551,201,146.853154
222.541983,378,147.24527
561.586959,465,147.708179
-56.115809,161,147.837324
6.642531,207,148.093911
-94.111277,199,148.25426
225.804887,304,148.588288
84.944895,224,148.76637
114.050758,231,149.040727
-63.138334,199,149.198423
-57.562673,183,149.343098
-12.774536,205,149.597597
-92.540516,188,149.748476
-33.696215,161,149.877666
-22.654296,199,150.129393
-55.751803,195,150.284201
-81.23085,156,150.408315
93.483533,242,150.693791
55.12862,223,150.87107
65.547847,225,151.143878
68.112896,239,151.354291
-31.052744,176,151.58425
8.68969,204,151.744018
26.572066,211,151.910259
132.979806,236,152.189033
359.589615,354,152.568241
331.63716,381,152.869272
74.818955,230,153.144537
-75.135444,191,153.297765
207.109134,295,153.626471
-38.592275,160,153.753002
462.081414,419,154.172974
128.81794,264,154.382226
12.38147,272,154.689015
27.453366,214,154.857958
173.483857,288,155.1768
202.993138,301,155.512357
43.078207,197,155.6681
421.868338,786,156.389904
72.886456,226,156.668352
75.774142,266,156.880639
-53.608806,202,157.239377
218.184173,295,157.477723
-72.332025,195,157.726159
35.763296,218,157.901318
-61.553658,199,158.153551
25.380852,208,158.32204
75.648214,226,158.501656
-63.405443,196,158.750791
145.196721,301,158.990951
1.395155,226,159.264349
78.698095,227,159.448429
52.021212,265,159.851893
-160.032974,134,159.959498
99.160362,270,160.398056
-12.073354,205,160.563247
-37.615468,172,160.701536
805.895138,747,161.487726
112.247943,232,161.672634
742.580153,802,162.502526
416.118236,726,163.174145
948.610017,886,164.069573
1640.645525,1000,166.121644
1.043363,237,166.312089
30.696467,235,166.595302
139.194612,292,166.831791
248.238568,345,167.206664
55.779892,232,167.395069
26.9705,251,167.69701
1718.001639,1000,168.69155
33.505878,235,168.880563
40.119344,301,169.217247
33.787348,241,169.414499
-10.499092,214,169.679871
5.677085,229,169.866178
142.417259,281,170.187787
15.358461,244,170.385802
-92.682108,179,170.623509
-38.858094,552,171.165364
10.153651,249,171.367163
219.412125,324,171.724026
174.967464,290,171.956256
285.691878,398,172.374973
-43.180121,162,172.711754
28.943263,230,172.898942
-96.850034,218,173.077732
474.050921,453,173.542629
52.5867,250,173.837497
18.127193,214,174.009365
51.57306,337,174.379153
-54.426476,180,174.52502
108.674571,334,174.888696
209.253744,324,175.24171
292.861355,387,175.556747
323.826663,407,175.99185
542.629456,639,176.603222
273.384853,418,177.032146
8.365904,280,177.352062
34.42648,319,177.613407
40.645638,419,178.045906
-25.055705,246,178.337921
585.965647,656,178.962117
2.741911,236,179.152216
-453.624555,992,180.147316
109.377012,266,180.458846
202.01329,647,181.076032
639.036616,1000,182.072151
1234.263848,1000,183.159866
823.116926,1000,184.161198
106.014632,293,184.400449
119.501088,431,184.848351
1095.554944,1000,185.854986
-38.958224,264,186.166173
1547.801276,1000,187.168388
297.400018,720,187.853463
-42.191437,346,188.242887
257.195181,395,188.661527
-19.615347,298,188.909921
26.692519,506,189.41901
249.499689,483,189.908462
49.943021,283,190.232946
-9.081304,290,190.472053
85.247008,313,190.824602
-200.724224,195,190.987637
-65.49702,200,191.243248
-100.24647,268,191.463978
324.206753,1000,192.469185
-10.563824,270,192.786206
199.756576,493,193.284344
174.479604,353,193.574791
69.537559,267,193.884083
-29.342341,243,194.082457
-21.873514,240,194.385034
-105.493859,190,194.543364
115.426221,401,194.968521
-66.340307,267,195.186325
26.342211,389,195.605836
189.640547,397,196.023587
-124.890582,236,196.220477
-82.279374,171,196.452993
-143.872689,227,196.641361
-23.749757,381,197.05356
-57.618196,197,197.21351
-55.299515,254,197.519125
89.278851,248,197.720754
932.963264,1000,198.727193
-40.596467,238,199.017775
70.374386,294,199.257625
229.308085,305,199.598502
500.088199,469,200.07605
-138.623565,269,200.296947
249.653511,443,200.751053
68.039315,222,201.023326
248.267043,504,201.527983
8.319368,263,201.743229
-24.406791,258,202.046507
25.007686,262,202.260225
393.306969,457,202.744925
755.41539,1000,203.758694
113.237606,341,204.126085
-28.376541,268,204.342323
27.285382,347,204.718726
50.505728,236,204.908404
95.384167,276,205.232723
206.837384,319,205.490352
39.077378,361,205.87121
32.850294,243,206.157506
811.908444,1000,207.16083
772.916115,1000,208.168311
-27.316044,372,208.471716
-11.009339,318,208.828208
101.370626,420,209.264839
-28.763606,240,209.461768
-130.086505,234,209.744409
26.945679,269,209.961541
-46.416075,300,210.293719
18.733484,250,210.496433
-85.774574,272,210.809417
466.565526,512,211.312953
16.925698,223,211.494792
236.098253,412,211.916698
-56.838946,287,212.241037
245.406979,397,212.566218
29.429911,707,213.329571
100.893039,313,213.587969
138.140677,500,214.088262
-152.789435,157,214.312343
-73.654152,211,214.485424
-89.977382,176,214.629539
36.990787,241,214.918653
54.619118,384,215.326159
-66.775932,259,216.384429
-18.915996,354,216.769987
-160.653575,321,217.039993
-60.069297,235,217.323538
-57.913787,275,217.546593
291.37713,965,218.523546
-48.092519,267,218.836733
-96.190196,238,219.032302
-78.657339,261,219.337039
14.952371,453,219.903594
-83.925198,347,220.186785
-10.341778,341,220.557199
-57.512373,396,220.973519
244.414301,571,221.641901
521.725666,961,222.610486
87.527788,371,223.001384
70.882542,310,223.250657
15.557362,400,223.768527
694.436039,1000,224.76008
-0.173539,277,224.983581
104.295094,433,225.42665
32.89453,256,225.72235
7.263252,239,225.913553
478.246658,900,226.8229
137.188671,289,227.14537
73.397516,257,227.35046
-26.175649,344,227.7233
474.677322,732,228.407912
6.715301,299,228.739544
-5.917083,386,229.13905
58.871022,263,229.351255
50.856302,288,229.677226
507.206279,595,230.246355
206.957645,433,230.685464
6.438648,229,230.870703
125.929262,788,231.690387
-51.375168,848,232.459772
162.528412,356,232.839782
2.087815,238,233.032071
269.030445,386,233.431989
306.733825,660,234.052489
456.063468,712,234.810014
104.021442,255,235.015946
155.869943,287,235.338931
545.121508,510,235.84156
385.613233,508,236.343636
1097.858932,1000,237.350524
32.003756,288,237.585154
193.543437,308,237.926853
370.734576,596,238.498884
176.132047,273,238.810992
563.847097,951,239.762547
89.556606,228,239.949043
-53.926184,193,240.104068
605.457009,537,240.628249
132.119371,725,241.396805
87.369947,217,241.57227
121.105793,259,241.874019
-362.876511,414,242.300335
609.417944,699,242.956949
112.681305,255,243.161898
108.731191,228,243.439064
65.457499,276,243.664323
73.876983,261,243.96558
64.932052,234,244.154848
-43.012985,266,244.46383
357.83269,347,244.834071
929.79644,1000,245.822119
133.093122,671,246.456237
382.728768,768,247.172771
943.428902,1000,248.158116
149.705823,250,248.452669
91.302633,246,248.651207
172.30314,271,248.962489
45.533985,246,249.161109
437.050787,402,249.575002
234.090927,300,249.924034
335.379669,341,250.194655
517.331561,511,250.699229
202.434963,286,251.022822
174.759529,283,251.24771
199.815763,310,251.59091
-70.599665,449,252.040856
413.590163,549,252.577144
169.11181,290,252.90119
342.476827,346,253.186479
197.399858,322,253.537345
1297.911269,1000,254.541362
422.158792,736,255.226369
251.788681,345,255.593222
640.945745,857,256.473608
157.423893,280,256.700026
143.280335,810,257.536583
268.188141,344,257.813678
48.626598,339,258.181161
254.191719,489,258.670234
-4.393893,237,258.860041
5.004699,222,259.131117
378.868077,390,259.538751
286.864082,393,259.857026
166.2219,894,260.761029
-333.335142,425,261.198878
-190.524939,486,261.679109
615.929384,1000,262.670269
91.530668,268,262.885065
251.898828,353,263.261682
236.769011,345,263.638686
158.815032,292,263.871919
1.354682,236,264.154414
93.377578,243,264.350954
289.116272,321,264.701031
344.912681,434,265.141553
261.298651,404,265.557457
-106.728677,675,267.245398
88.427058,292,267.478969
87.294196,286,267.804209
16.239315,247,268.001957
123.910749,277,268.319139
111.118012,302,268.654609
336.690639,360,268.9434
785.318903,1000,269.9315
386.871129,432,270.366895
99.82327,392,270.773113
220.218581,359,271.151987
360.226359,760,271.851065
322.636797,390,272.255193
-216.077085,793,272.983267
-350.492044,459,273.446177
43.340964,434,273.889977
-254.715472,479,274.366728
414.119266,969,275.32339
307.544474,389,275.728956
1005.152289,1000,276.716419
697.564006,562,277.258657
368.820608,414,277.683437
42.496894,401,278.005861
429.994252,536,278.533112
177.087641,321,278.8837
163.596407,317,279.228555
401.714511,679,279.862271
246.052969,355,280.238418
19.848839,243,280.435554
838.517138,1000,281.424116
445.039894,634,282.029428
71.975558,268,282.337638
180.277059,443,282.786128
171.698655,712,283.448327
569.100541,810,284.296689
186.730616,290,284.529104
179.796319,359,284.907312
180.173093,583,285.468246
1406.280612,1000,286.452285
987.853328,1000,287.435637
25.530818,248,287.639125
1474.66214,1000,288.630853
1705.846344,1000,289.618846
117.098192,282,289.937638
104.340276,354,290.314356
532.962879,644,290.925702
412.353488,440,291.368511
1692.771382,1000,292.359579
269.614383,310,292.607293
186.225332,354,293.090761
103.573733,281,293.410311
137.153751,292,293.647827
146.428104,293,294.050976
161.756198,314,294.305278
322.960258,371,294.804796
67.42015,272,295.114167
264.991503,332,295.379257
26.195147,244,295.673428
368.382554,433,296.115098
79.452356,240,296.307816
38.462035,235,296.499833
178.462853,426,297.04811
24.155771,283,297.494089
49.766268,309,297.74673
57.67031,276,298.192956
169.57954,311,298.640014
-4.270153,234,298.829228
6.437008,223,299.012359
74.21558,271,299.454571
208.174942,353,299.832498
83.476243,290,300.06531
39.599873,273,300.377249
29.241137,215,300.550507
100.935122,241,300.836132
328.03193,563,301.380647
216.239103,300,301.623087
26.083473,234,301.906401
77.643134,237,302.09628
111.444115,311,302.439933
237.914333,303,302.77651
94.792767,235,302.965152
10.773977,247,303.165321
61.581927,351,303.538931
158.068208,287,303.862164
75.090781,429,304.29801
1232.508791,1000,305.191487
-35.680843,267,305.499873
164.737823,296,305.830777
1121.244576,1000,306.818506
1082.936065,1000,307.709199
274.728763,784,308.64337
123.091527,288,308.965695
-303.772435,367,309.262789
-97.087954,694,310.01262
157.080768,438,310.456059
-260.981381,636,311.05826
248.270235,629,311.65493
-344.791847,629,312.252027
-464.007931,318,312.596574
328.265552,570,313.145629
534.690585,717,313.81693
1250.405233,1000,314.809645
203.091307,678,315.542298
448.826132,657,316.159908
-220.523311,333,316.520857
163.644101,275,316.742762
174.982443,292,317.072443
275.150098,505,321.403467
51.747191,287,321.634428
1218.155798,1000,322.618818
-168.822532,493,323.105925
1181.203056,1000,324.09789
244.334938,287,324.425326
58.738047,231,324.612516
486.797226,452,325.066349
374.401732,360,325.44722
523.175622,593,326.01775
1631.062224,1000,327.005122
1643.973961,1000,327.990996
649.399478,977,328.960051
240.390219,289,329.191981
13.589055,246,329.483731
-318.626555,492,329.971669
235.131438,703,330.628591
-123.759551,505,331.124253
-379.491741,435,331.564929
62.422349,494,332.052578
-571.266447,255,332.256423
-409.802976,325,332.610399
-487.909319,284,332.930617
215.998787,549,333.464249
-140.772186,449,333.822732
-634.274289,247,334.111845
-231.420273,398,334.525104
-503.315682,369,334.81992
-630.763056,279,335.133693
-245.189843,699,335.787492
-565.810344,261,336.087545
366.408572,626,336.684644
966.643229,1000,337.749246
-312.409782,248,338.038516
-224.693015,352,338.318959
1032.378939,1000,339.307572
220.160319,392,339.718582
74.160589,256,339.926678
831.032331,939,341.001347
228.41341,665,341.729873
65.247009,215,341.902548
1191.601965,732,342.581209
321.112428,365,342.965613
-439.260595,387,343.36929
442.086042,673,343.999452
97.377865,638,344.600873
-209.744615,259,344.898245
349.280219,646,345.507828
-573.234093,343,345.872412
36.676485,529,346.389953
232.431437,457,346.847456
347.494419,404,347.26224
-298.187861,236,347.450858
-479.200015,228,347.72558
256.311762,593,348.29304
251.365509,389,348.603739
-152.798926,398,349.014494
-371.701228,427,349.448079
-36.051265,543,349.974177
193.935189,301,350.306089
-594.627343,318,350.560658
-22.846872,635,351.262206
344.072941,720,351.925019
341.741991,384,352.32171
-96.817931,480,352.79698
-105.142383,497,353.286229
-147.044123,277,353.508291
74.310449,548,354.037941
874.864677,1000,355.020942
-279.053284,395,355.429436
226.212419,363,355.812388
-226.104348,342,356.089849
-570.10978,228,356.363793
-573.212185,178,356.507473
-384.401308,241,356.90417
-448.025389,214,357.077564
451.93308,679,357.847463
132.377443,374,358.352685
-360.987536,261,358.771893
-480.395975,237,358.963518
-344.462874,215,359.136484
-23.318015,476,359.707179
-373.535957,285,360.140028
-270.790553,474,360.715009
-578.112803,226,360.896961
-701.752891,224,361.167842
-229.137516,334,361.434745
-373.628862,313,361.776201
-466.123427,185,361.925057
-347.720649,326,362.276233
-418.619485,225,362.457476
-11.920962,350,362.829
-191.631034,397,363.240863
-304.188429,332,363.597654
-445.725093,244,363.792385
-328.22895,385,364.190792
-435.772483,233,364.378527
-141.592748,341,364.742586
-522.972611,246,364.939801
-655.538409,260,365.238467
-264.111014,315,365.587956
-357.8819,245,365.784086
-421.11951,220,365.959668
-473.159494,240,366.247532
-225.316782,323,366.593964
-608.921881,184,366.74115
-565.713932,156,366.866742
-628.752456,182,367.102112
-474.60161,245,367.297801
-410.77057,226,367.478749
-403.436829,236,367.75914
-599.298327,150,367.878907
-254.744236,341,368.242706
-502.598272,251,368.442134
-331.752763,216,368.709886
-448.696164,204,368.872065
-406.041941,223,369.247674
-163.551843,332,369.51396
-587.297121,189,369.75753
-453.253098,211,369.92716
-499.565691,193,370.08172
-651.464629,268,370.387636
-626.488034,235,370.575442
-577.101756,249,370.86708
-221.495194,409,371.284363
-458.324489,212,372.392488
-479.753705,210,372.657685
-457.254747,253,372.860473
-74.632398,353,373.237049
-46.905426,447,373.69047
-553.082332,236,373.881039
-343.858954,227,374.06356
294.751366,513,374.570694
-103.218874,494,375.056846
-224.925054,220,375.3244
-351.727661,302,375.565788
-558.035811,164,375.788745
-149.612646,394,376.192375
-338.594013,243,376.385096
-431.381383,248,376.673476
-552.010438,148,376.791776
-661.760552,218,376.964935
-506.08601,236,377.24451
-227.217286,380,377.546847
-470.033007,260,377.846939
-460.704581,232,378.031359
-249.630023,295,378.360214
-410.129911,271,378.665153
-414.885752,286,378.894524
-442.516494,212,379.064841
-594.311784,158,379.283211
-262.766437,251,379.483901
-591.55781,149,379.695234
-175.246844,400,380.013784
-676.320374,204,380.266125
-354.748373,285,380.493101
-628.870196,203,380.746727
-401.659165,218,380.920141
-214.536725,277,381.232404
-99.349764,384,381.535962
-108.57257,455,381.987883
-177.118944,302,382.319197
-490.042172,193,382.472789
-518.095607,219,382.739116
-608.228966,200,382.897947
-617.877083,208,383.062997
-608.224138,165,383.287038
-599.136323,258,383.492359
-555.866723,211,383.752403
-583.161254,168,383.884701
-479.673829,211,384.052028
-597.098461,154,384.269152
-644.642105,156,384.394741
-556.22441,138,384.506151
-576.894114,178,384.74122
-419.451456,239,384.93102
-624.304481,180,385.164176
-569.817101,159,385.292125
-324.918985,246,385.487505
-541.549756,173,385.715994
-557.298947,182,385.859734
-461.631355,208,386.025595
-226.546682,291,386.348298
-604.891598,146,386.464134
-386.063358,259,386.760772
-521.916223,212,386.929087
-322.17759,267,387.232013
-561.510858,179,387.373308
-536.920269,220,387.549361
-645.075044,162,387.770785
-404.911901,265,387.980011
-330.112766,302,388.312032
-543.708348,226,388.491825
-517.473237,206,388.746894
-484.021687,238,388.936188
-312.688964,380,389.328411
37.35002,212,389.496836
-430.035999,235,389.779603
-516.60129,233,389.9652
-130.706299,364,390.350505
-312.800073,289,390.671162
-522.68721,282,390.894216
-512.513702,309,391.231284
-94.751574,326,391.490361
96.637932,256,391.787807
-310.400488,309,392.051076
-41.748043,533,392.567187
-366.122365,284,392.988631
-363.219143,318,393.446599
-313.973689,237,393.636096
307.015998,677,394.269105
396.367344,622,394.951144
126.116515,226,395.131081
0.833261,278,395.443222
-441.476913,354,395.727621
-496.310826,185,395.965806
484.066076,609,396.544061
-529.926168,208,396.709414
508.044979,732,397.478348
-45.318316,169,397.613622
4.055008,243,397.898787
-367.753563,260,398.106016
12.517249,215,398.279246
67.346516,204,398.534363
-67.946282,158,398.66162
1283.509668,1000,399.647634
100.909857,242,399.936488
212.534751,311,400.184493
-68.41287,199,400.435977
163.204059,251,400.638772
203.059921,312,400.984067
-23.206061,155,401.113484
-114.412035,153,401.235574
-145.714969,385,401.639521
-18.455459,160,401.767218
-436.76918,284,402.08524
-324.793169,427,402.520496
-472.901213,305,402.763555
-164.084827,417,403.193303
115.203012,226,403.468357
265.842444,380,403.770378
73.314742,248,404.064536
92.022105,223,404.252218
-27.587649,160,404.47535
1.548797,253,404.67755
113.507602,615,405.261421
-53.474229,167,405.487241
-71.302895,171,405.623758
-73.268377,167,405.757886
-187.054377,456,406.213107
-91.763174,163,406.344089
-224.048201,434,406.784038
-94.533445,173,407.014968
-38.182312,150,407.135168
-41.240612,192,407.2883
89.732731,215,407.552815
-499.717695,201,407.713696
-30.162218,158,407.840692
-335.472018,293,408.168972
-454.052661,253,408.463981
-376.283181,294,408.701165
-428.0855,251,408.994542
-26.324599,205,409.159901
-99.83433,196,409.317853
224.579906,311,409.660036
-60.271942,168,409.79446
32.526517,598,410.367006
425.545953,886,411.271956
266.288444,514,411.776364
191.537135,727,412.539659
-254.572755,474,413.013649
-611.378682,399,413.332134
4.679688,350,413.704231
-514.626825,327,414.061306
-656.411504,174,414.200701
834.957665,1000,415.186808
84.927952,222,415.363878
-518.874175,365,415.750142
-326.783026,809,416.58566
-530.508426,426,416.926112
104.480963,439,417.371775
-72.640615,775,418.176848
-522.112041,402,418.592731
-391.310224,478,419.065725
583.455776,1000,420.058525
-318.856247,851,420.832682
-38.442375,182,421.070635
901.294721,1000,422.914069
-566.814981,399,423.236223
-87.154416,296,423.592772
-62.913258,180,423.736551
44.662288,270,424.069901
-97.495167,256,424.273913
206.81159,281,424.69717
108.432566,538,425.33714
-217.37407,745,426.030778
82.051456,262,426.333395
238.69965,917,427.280196
58.515315,222,427.459515
-8.01027,196,427.615276
-27.643648,176,427.849475
546.088019,763,428.552347
140.063871,226,428.826037
-154.577625,945,429.767597
41.829543,228,429.950755
-95.92503,150,430.071354
119.926602,292,430.398572
-28.992526,182,430.544225
144.63126,299,430.879991
75.157943,329,431.142538
-27.771341,215,431.406564
38.899404,227,431.587829
716.577163,987,432.563851
-82.511515,168,432.796166
-139.124155,184,432.94298
70.736236,288,433.174042
361.097903,712,433.931558
191.157185,365,434.315334
-103.447288,144,434.431061
41.513243,392,434.954666
300.206795,379,435.262092
86.895925,325,435.721657
-85.513146,149,435.841788
100.662503,282,436.2945
-675.740333,299,436.535568
200.87275,301,436.868816
16.413818,247,437.068972
140.862759,246,437.35808
1260.87012,1000,438.347164
125.717738,422,438.77779
271.042705,489,439.26309
-8.678965,231,439.449808
207.344204,435,439.892543
190.251166,376,440.294516
-59.593167,228,440.485876
21.490422,226,440.828892
367.482492,457,441.298222
66.722529,245,441.495083
304.08193,440,441.939844
181.591777,347,442.310026
330.010362,398,442.630938
31.811927,228,442.907791
-79.832834,148,443.027031
94.300263,244,443.315454
-38.399554,152,443.438557
-105.57924,167,443.574008
-78.596958,175,443.715687
-108.626483,137,443.918577
317.63446,450,444.385758
-138.129348,172,444.524708
104.141423,215,444.699253
-125.468208,147,444.909888
-47.180657,148,445.030186
-116.019308,170,445.167662
-64.219445,155,445.383729
-38.496231,144,445.499447
-17.666598,138,445.610198
1.02455,218,445.882179
-97.039407,136,445.993618
17.093286,247,446.190854
-75.152673,174,446.422607
-103.234292,169,446.559646
-86.368382,196,446.718958
-51.332101,147,446.929435
-58.90006,143,447.044345
68.186353,226,447.225712
-67.85788,172,447.456069
-546.877074,358,447.741759
-104.125227,149,447.953927
41.083243,214,448.12659
796.41164,831,448.986669
230.499413,531,449.50285
149.022609,320,449.771129
-84.863529,257,450.068134
190.637489,310,450.409458
15.756965,220,450.586244
-111.519066,137,450.696674
-96.543051,146,450.906381
-107.809192,171,451.045563
-80.530361,254,451.24892
-33.224131,176,451.482142
-48.005904,153,451.604928
48.707101,260,451.813497
-58.851799,146,452.023303
-79.278546,181,452.170619
165.192534,287,452.492918
-23.562649,217,452.666458
9.318438,217,452.933247
-48.490716,249,453.131865
8.978849,243,453.328214
-23.195661,218,453.59915
-95.855501,161,453.727679
49.621149,217,453.993965
-145.666432,148,454.112941
-148.007915,168,454.247914
-127.037153,167,454.474775
116.231797,340,454.747787
-33.913765,297,455.079475
22.636161,224,455.259727
91.279505,299,455.59123
213.989485,296,455.829469
112.625183,327,456.190675
-80.167029,178,456.332695
-41.860049,223,456.708918
-60.87684,155,456.832576
113.243453,297,457.16279
-3.496003,313,457.414036
143.542044,260,457.712799
-148.447343,172,457.850089
215.46278,450,458.406744
168.410834,515,458.912838
-57.153142,452,459.473684
-4.809266,206,459.639453
-340.727737,462,460.101012
20.107659,249,460.526064
11.623183,229,460.710056
-35.000296,179,461.055424
-332.900608,426,461.395664
106.217012,385,461.931162
161.111911,463,462.395882
-392.804628,385,462.794169
-249.482112,405,463.209421
-36.430909,672,463.83863
-54.481516,181,463.984636
-450.092241,263,464.287599
-486.080513,313,464.537092
92.988909,301,465.001561
-150.989455,388,465.415463
-36.062058,680,466.052106
176.306785,369,466.439941
69.896199,630,467.03815
-60.066825,147,467.155736
393.431402,371,467.545911
308.719015,285,467.86697
199.083179,372,468.16608
250.825672,285,468.487662
-11.026836,245,468.684705
-7.744213,214,468.948405
294.983007,525,469.459919
71.241428,219,469.635747
-317.193874,366,470.021029
366.856875,381,470.418758
-67.097859,150,470.540155
-52.002608,138,470.654359
112.129078,216,470.921293
-131.109328,145,471.037704
-147.177363,159,471.166675
-47.971591,142,471.373989
-130.766178,142,471.489178
-111.110861,161,471.617839
-33.375322,129,471.721884
193.482832,553,472.258097
87.007232,226,472.530538
-73.997773,158,472.658026
-33.642829,162,472.878985
-108.271173,139,472.992738
-78.56306,140,473.106115
-79.34569,140,473.220604
-24.525825,152,473.990741
-52.496166,147,474.108953
-91.788949,169,474.245983
-95.93444,169,474.473561
-72.443392,154,474.597914
-59.478759,146,474.716005
-107.058691,145,474.832611
-96.253711,141,475.038678
-13.578855,136,475.148529
-47.389653,137,475.258794
-37.239173,134,475.456959
-51.742618,147,475.576083
-56.561923,146,475.694009
-44.675828,202,475.856689
-136.736958,163,476.081119
-8.743393,139,476.193441
-100.538707,158,476.321432
-164.563629,156,476.538072
-101.045762,148,476.658571
-76.431009,149,476.779082
-88.274144,156,476.999137
19.969195,141,477.113668
-1.73491,140,477.227909
-33.662731,141,477.341461
90.405087,206,477.59883
-25.664725,142,477.712822
13.29348,143,477.827806
6.708178,175,478.059752
-123.715582,150,478.180674
-46.208364,134,478.29019
-140.35243,142,478.501721
-35.911088,143,478.618172
-40.990849,142,478.732218
-30.763063,138,478.84325
19.485753,134,479.042675
-15.654047,143,479.157979
-85.817643,150,479.279931
-12.859585,132,479.38556
-92.875135,137,479.587
-80.480956,135,479.699137
-23.788877,209,479.870367
-57.129218,141,480.210742
-43.80269,155,480.335589
54.218537,300,480.669472
1.459446,137,480.78095
25.918706,189,480.932505
9.952805,141,481.046167
-69.195775,149,481.258329
-47.84421,166,481.392396
-4.450292,133,481.499207
-71.139862,143,481.707779
-12.195828,147,481.826725
-6.005057,135,481.936332
13.593165,147,482.055823
20.21437,203,482.423281
-55.888379,146,482.540499
-110.05013,146,482.658784
-67.870082,139,482.869454
-49.022951,137,482.980165
-55.08739,141,483.094037
-24.463114,145,483.304129
-18.676995,130,483.408884
-26.584176,146,483.526752
-13.604749,128,483.630337
-8.353718,141,483.835483
-85.315566,144,483.951901
-24.170493,153,484.074853
-59.960568,135,484.183215
-37.504726,133,484.382719
-120.0538,158,484.510128
-43.285277,136,484.620941
-24.465522,153,484.963426
115.306297,291,485.198247
-14.645398,211,485.574061
-73.383932,143,485.690417
-3.400163,151,485.812403
-26.134192,138,485.924229
33.198971,161,486.25907
-62.291411,144,486.376071
-25.796531,220,486.553659
-56.928524,136,486.866185
-64.048506,131,486.972497
-31.880657,138,487.084795
138.145701,233,487.499283
2.534932,151,487.620746
-10.690054,147,487.738734
12.37227,141,488.074284
28.727352,170,488.22999
118.763407,218,488.405631
-23.394412,154,488.626783
-61.031445,148,488.74966
199.969299,222,488.929893
158.387189,246,489.219781
46.742303,221,489.398299
107.645109,226,489.673111
131.57443,219,489.850564
136.29681,255,490.147336
-57.653637,156,490.273189
401.138361,407,490.698079
-69.582686,167,490.832662
-446.725874,215,491.007773
-67.631633,237,491.294793
-382.202786,297,491.534987
232.584441,320,491.884323
-41.798842,605,492.463701
-356.177302,300,492.80314
-573.474537,235,492.993108
415.77954,762,493.791696
-183.937338,406,494.211233
-54.139343,528,494.731685
-395.796405,267,494.945605
357.515189,857,495.825871
70.531154,521,496.339078
197.515967,431,496.777547
-3.079125,552,497.312884
267.87123,502,497.81139
222.216482,704,498.47194
120.286802,286,498.794652
195.545701,769,499.511659
595.230331,911,500.54331
-95.353515,569,501.092492
-80.192216,156,501.217541
-66.418028,177,501.449927
717.858149,1000,502.436465
-109.022129,547,503.090463
352.75714,366,503.390036
112.596385,274,503.836933
-89.981738,204,504.000682
15.613779,593,504.667724
-587.214804,204,504.831587
31.188779,218,505.006935
609.228668,1000,505.995726
187.343776,721,506.758442
472.622503,391,507.07314
318.767857,495,507.564276
-56.477233,696,508.415128
-4.92165,167,508.550338
203.965709,324,508.912809
-30.932354,175,509.053017
316.528007,478,509.529605
-88.079338,171,509.666321
191.77478,321,510.015674
-66.870455,166,510.150461
23.19087,449,510.602103
-27.91307,426,511.036453
193.802288,406,511.454606
271.536933,426,511.892849
240.036985,626,512.579771
321.733802,758,513.417573
-0.616664,544,513.949133
-171.910711,387,514.352625
-109.044781,157,514.479895
-289.944836,431,514.918634
-491.54314,265,515.223551
-339.22952,334,515.582527
381.965272,515,516.091673
-222.349278,498,516.493307
581.35235,926,517.428816
1467.363445,1000,518.435394
1172.544222,1000,519.436201
-99.270986,552,519.96962
215.849526,564,520.520879
-156.057181,438,520.966044
-486.75222,158,521.28968
354.088,735,521.97473
-574.045415,171,522.111979
271.793189,308,522.451175
-385.635424,278,522.673397
560.6547,897,523.579231
254.495944,396,523.989697
-489.735597,156,524.113914
848.265847,1000,527.971925
187.013363,369,528.359708
1155.609465,1000,529.351306
-547.342852,203,529.512683
697.627869,1000,530.503949
629.00865,801,531.334822
-338.639246,331,531.599249
700.878515,860,532.476703
-580.879457,162,532.606865
-390.108455,395,533.013721
609.403917,967,533.983803
74.158055,258,534.282668
-3.590412,269,534.498669
483.0003,836,535.360723
905.60557,1000,536.356003
747.0448,821,537.118818
1147.947196,1000,538.108368
52.349304,243,538.396034
146.182564,299,538.637962
326.478034,1000,539.633914
123.173772,610,540.31698
-33.447437,206,540.483973
100.594356,429,540.919075
-46.86218,200,541.081297
-87.71974,176,541.221894
-61.687811,169,541.449334
-73.753039,198,541.608195
-49.497568,267,541.914254
-26.639904,193,542.068829
-76.891462,190,542.221229
16.883882,225,542.49593
16.097264,286,542.724257
-77.891145,167,542.953113
13.913429,275,543.172785
131.663033,304,543.510171
60.123753,276,543.731856
229.374337,396,544.141604
42.621372,329,544.498307
-106.639088,293,544.734465
-100.715952,160,544.956556
6.687292,235,545.146145
57.672558,281,545.465561
-26.025646,232,545.652752
-104.501206,162,545.876222
-60.332479,175,546.016455
5.148954,250,546.217359
28.780517,239,546.607416
109.570691,319,546.862912
-44.985325,165,547.204025
-38.802347,242,547.400342
606.97107,1000,548.387964
-49.315836,314,548.735584
-39.53783,216,548.908529
205.432317,645,549.614189
30.148069,257,549.821434
653.051237,1000,550.809404
151.786298,407,551.22745
287.415246,395,551.636358
119.272029,384,551.945906
580.429873,1000,552.933524
-37.963211,166,553.158325
-19.98934,175,553.301896
171.289545,292,553.539607
57.567343,227,553.81656
16.125795,398,554.229003
180.314395,437,554.680478
-82.905767,159,554.808893
111.954247,306,555.056043
87.712524,284,555.378592
47.120709,371,555.768788
420.712638,836,556.531194
-62.312732,240,556.814048
127.451416,359,557.193864
162.427323,304,557.436801
93.32274,319,557.788168
531.464783,474,558.260398
-44.722332,173,558.398077
5.395076,537,558.919792
21.138126,536,559.441991
-56.601584,445,559.891522
235.931772,307,560.349512
136.170997,257,560.55689
80.567318,345,560.932007
11.689994,236,561.126726
501.560244,554,561.665859
148.97046,274,561.976934
-16.432447,168,562.112047
136.577155,282,562.429388
400.930428,362,562.719125
123.259097,241,563.017359
-41.176008,230,563.201964
172.87485,321,563.55107
-26.968954,223,563.728913
112.78429,283,564.047934
-94.540155,169,564.183394
179.33895,306,564.521214
413.920569,461,564.984081
54.279425,243,565.17847
-55.80474,278,565.493937
-73.543841,155,565.618191
7.156256,229,565.894754
32.420031,180,566.038141
-151.146548,245,566.234146
14.042382,583,566.893531
254.996895,347,567.175976
1318.325056,1000,568.237131
91.331234,422,568.669254
-16.156222,231,568.854009
64.854505,250,569.146083
903.125703,816,569.989254
32.846231,241,570.182221
52.450063,228,570.363649
468.691517,396,570.771589
354.924798,403,571.183128
-77.307113,238,571.374023
115.645621,298,571.706259
1244.891959,1000,572.823061
-16.783391,199,572.98281
124.781852,248,573.275424
1072.711035,1000,574.258621
6.851581,229,574.442407
-4.590407,192,574.790244
490.254157,444,575.147892
16.328136,226,575.527062
254.479313,359,575.906927
-52.687291,190,576.057828
49.069195,220,576.233523
109.672656,225,576.504331
35.851316,251,576.704045
118.573607,291,577.028329
2.517669,194,577.182782
35.519231,209,577.443444
262.283777,421,577.872121
28.75537,222,578.662388
-1.239699,323,579.143054
28.559436,199,579.303021
753.899191,725,579.976243
58.976608,226,580.249774
468.699638,521,580.75926
63.185894,234,580.946647
-51.994465,414,581.472926
1.179609,210,581.839646
-359.832694,348,582.116336
95.80158,352,582.48925
258.023053,317,582.83486
456.72323,560,583.373761
75.905542,217,583.547336
600.057658,532,584.063828
1015.853976,1000,585.043484
-384.543719,372,585.536815
820.835035,1000,586.639972
245.535893,301,586.879626
329.421862,410,587.405601
46.988083,325,587.762877
139.573775,432,588.200956
8.686953,190,588.351592
16.188031,195,588.506708
-68.134624,137,588.708207
-79.16855,159,588.834914
7.600037,181,588.979016
-35.898647,166,589.20214
-117.721438,127,589.305102
59.233067,208,589.47114
-68.795154,173,589.803255
52.076926,217,589.975985
-76.47161,148,590.093864
28.474475,200,590.344954
-39.45682,167,590.477081
-112.897601,141,590.590489
-117.090796,154,590.806876
-89.964103,133,590.913463
71.234696,246,591.108889
-9.585226,196,591.361476
79.52927,498,591.850964
462.363685,680,592.491566
-82.733725,193,592.645867
-37.379184,177,592.880326
-113.078946,168,593.013323
277.633756,477,593.483985
171.329911,370,593.87431
100.113347,448,594.326446
-30.320577,188,594.476379
357.993361,542,595.003066
-113.799548,168,595.137411
-6.276414,452,595.693965
-110.34142,253,596.107175
744.06451,953,597.189602
631.134423,928,598.025482
492.272462,843,598.885785
466.754678,850,599.858909
132.158564,613,600.552253
294.022102,549,601.220496
414.712058,974,602.183116
-76.226131,171,602.318425
551.129636,903,603.225582
969.996596,1000,604.207921
-304.176457,475,604.678914
-78.680417,181,604.823548
-104.044565,180,605.168285
-112.043442,163,605.299743
-84.920147,184,605.446683
-26.127023,195,605.695645
40.618208,242,605.889622
84.045285,279,606.204868
25.116055,214,606.376202
-35.147274,200,606.535658
-6.000955,189,606.778578
-37.314286,204,606.941653
-74.272642,155,607.156653
106.559936,300,607.39812
18.664034,221,607.668074
-68.785739,160,607.795911
5.685341,211,607.965435
-108.272876,157,608.182414
-9.624036,213,608.353646
87.698919,292,608.680033
-96.11937,162,608.809657
121.645002,293,609.043802
-75.494122,146,609.25564
13.167916,238,609.444235
-71.416088,156,609.661113
5.50736,217,609.836752
-141.161078,128,609.93985
210.355188,602,610.51599
-80.434818,159,610.841355
-64.108216,151,610.962368
-121.328728,159,611.088428
-68.725606,151,611.300941
32.241786,354,611.582457
-71.578708,169,611.811546
-57.112058,204,611.974081
239.146958,375,612.364946
-78.382519,155,612.489161
-125.817552,133,612.59693
129.460124,311,612.937633
-24.341182,187,613.086097
-52.11245,162,613.30966
90.306434,302,613.550205
-108.300826,155,613.674472
-81.610781,147,613.885824
-76.932679,149,614.005162
-61.659297,167,614.137718
155.083068,486,614.732763
-58.850287,210,615.100952
-147.135321,134,615.208919
62.375158,248,615.40614
-34.116363,170,615.63375
-82.796796,165,615.76749
177.015099,381,616.163141
-88.82984,146,616.281388
-68.770751,196,616.531343
-96.592268,138,616.642213
116.369943,247,616.839289
-60.741197,151,617.052187
-55.298639,170,617.187506
-140.547584,128,617.290943
-94.76268,150,617.410365
-93.733866,157,617.641496
-16.15405,183,617.786724
-60.592796,793,618.610577
-107.626498,135,618.718421
-107.235514,143,618.832978
-82.241559,165,619.057086
41.865341,271,619.272782
-83.229343,150,619.393747
586.449248,1000,620.380252
-91.223504,143,620.587911
-128.596808,133,620.696557
-63.53943,169,620.831975
111.57561,299,621.161578
-73.776722,147,621.28552
-35.165994,224,621.464227
-147.926033,139,621.667573
44.106938,210,621.838258
-106.94295,139,621.950379
177.540994,624,622.637823
-10.97728,200,622.798806
-93.590199,142,622.91328
-37.786558,273,623.223546
4.571737,238,623.413747
-84.212375,161,623.635186
-35.22702,432,623.982395
-64.281422,162,624.203749
-60.414231,204,624.36789
-36.704115,165,624.592428
-42.419497,196,624.750633
115.727302,298,624.990656
-100.603674,164,625.215581
-90.124168,178,625.35983
-34.187245,285,625.677898
-90.514957,161,625.807906
-83.209089,197,625.967181
-83.711169,197,626.33378
13.469942,248,626.532017
39.52815,615,627.119134
7.599357,296,627.454324
134.279577,295,627.783549
3.205172,425,628.123815
1.008126,257,628.423701
-56.649785,171,628.559905
-258.550732,783,629.473337
-82.278848,155,629.59867
74.706779,251,630.654263
89.176959,457,631.240267
17.020534,229,631.422848
-66.065224,173,631.560564
-50.360155,193,631.807337
189.141775,474,632.40929
12.996136,389,632.721431
-75.380525,198,633.085964
-114.595403,162,633.217734
-116.340304,322,633.702433
7.952419,223,633.883758
-60.497643,161,634.013281
-53.353477,191,634.392202
-56.056941,150,634.515174
80.938259,230,634.925276
-78.43345,139,635.038678
-49.68698,168,635.173754
-82.957405,161,635.304018
-96.959408,155,635.627992
-70.270609,155,635.753175
-74.525939,164,635.885614
-67.105967,148,636.209825
-50.619468,158,636.336994
-70.670121,152,636.461149
-30.835532,168,636.830053
-36.081053,152,636.953146
-47.067978,162,637.084148
-50.66312,162,637.4151
-45.878228,168,637.553058
-97.147432,146,637.671051
-85.123106,162,637.802005
-71.435731,156,638.152858
-79.182966,148,638.274851
-66.334948,146,638.394006
-69.072038,154,638.611106
-71.116485,146,638.728414
-63.298657,150,638.849396
-70.584826,147,639.193796
-88.944376,155,639.320197
-94.208694,138,639.433332
-71.608439,162,639.565903
-29.695938,181,639.953204
-66.450681,182,640.098421
-85.774586,146,640.21669
-52.069455,199,640.58249
-46.765805,174,640.72143
-58.145998,168,640.858237
1.366458,208,641.251801
-44.616908,160,641.380066
-58.079351,142,641.495004
-57.875758,156,641.824542
-23.160609,174,641.962863
-61.760233,153,642.087665
-35.15108,162,642.454972
-82.096938,149,642.575694
-45.214967,167,642.710367
-81.367966,156,642.935125
-76.657527,152,643.058964
-59.120816,164,643.191675
-83.167076,155,643.408926
47.553099,203,643.572641
76.358862,296,643.904779
-9.266159,309,644.155649
-41.656013,161,644.287922
83.225535,217,644.55688
-79.544286,145,644.673732
54.2268,288,644.997447
-9.062613,175,645.141349
-14.955656,328,645.499181
-68.890489,141,645.613758
-17.39435,175,645.753978
-29.157282,161,645.975127
-31.902093,165,646.106901
-53.616127,151,646.22831
-7.956433,369,646.619396
-22.116365,170,646.756903
-27.579696,202,647.01178
-45.462923,183,647.159195
6.562282,172,647.29824
-53.628232,158,647.518049
-36.111697,170,647.65441
-68.129443,153,647.776786
42.798272,298,648.19953
25.756558,182,648.344074
76.718746,239,648.630143
-45.975158,144,648.746387
-46.314341,163,648.876615
-64.660697,145,649.084928
-58.640598,143,649.199115
-69.205234,140,649.313755
-53.602442,148,649.433457
-7.383626,199,649.684538
-7.937006,208,649.852941
-51.036367,147,650.065089
-68.83129,160,650.193105
75.498696,244,650.387728
-51.757332,159,650.608515
288.333494,924,651.584921
52.2308,205,651.974335
-8.608626,254,652.177695
-7.227547,181,652.414581
-66.338694,162,652.546751
-64.925603,161,652.676685
-17.815982,207,653.041663
29.462614,310,653.291966
36.313303,485,653.771339
27.027861,202,654.026666
-21.990357,184,654.173439
-1.231053,263,654.479469
23.001644,518,654.991119
-44.973366,170,655.126394
-21.703775,169,655.261521
-5.948125,232,655.539768
-28.720876,168,655.673788
-56.050246,189,655.824353
20.469536,228,656.099149
4.099962,207,656.263702
5.891679,180,656.500752
61.196703,207,656.666108
-59.206767,153,656.791589
34.057355,245,657.079258
6.481282,205,657.242993
-72.028511,181,657.480291
-79.734976,279,657.705547
67.687517,309,658.048003
-16.684656,188,658.199039
-66.315822,185,658.348719
-17.778621,180,658.585153
-50.730415,171,658.721442
54.042716,209,658.889343
-79.760283,158,659.108032
-12.438699,201,659.270501
-5.720801,177,659.504215
100.993107,310,659.751133
121.747013,254,660.046269
49.380806,228,660.228571
99.494441,227,660.501967
-13.969204,201,660.663364
5.629341,217,660.837161
-44.250585,154,661.054218
-36.138528,149,661.173736
-2.184451,179,661.316807
-94.99878,136,661.518382
-30.886616,161,661.648117
-61.089515,157,661.773319
83.5974,246,662.061421
71.537547,247,662.257881
-72.972907,141,662.371161
-38.435036,163,662.612627
94.73926,352,662.896059
39.141466,253,663.195065
-83.945474,143,663.310704
-44.262206,160,663.534424
-91.03836,135,663.643482
245.517629,310,663.888948
-15.555266,180,664.126781
-33.569869,147,664.244949
-4.82571,170,664.380747
-60.326081,165,664.603691
-61.743306,146,664.721686
-71.062965,153,664.844248
-15.118656,171,665.085383
-42.845906,162,665.216037
-61.6204,137,665.325428
7.027878,195,665.690148
-17.540519,185,665.836739
-62.581229,151,665.960236
6.014196,178,666.193345
245.308739,304,666.435185
-83.413523,153,666.557481
73.938968,210,666.818004
-60.28624,143,666.932844
-51.367937,195,667.180251
-22.282782,176,667.320688
-16.356257,176,667.459985
23.07288,185,667.69859
-10.226378,186,667.845905
55.452963,210,668.01333
62.180346,321,668.464277
50.48476,198,668.621718
334.151474,438,669.063108
107.965583,232,669.339799
92.709473,235,669.526217
49.417876,209,669.787771
23.067136,421,670.120568
176.893608,429,670.553817
73.899164,213,670.815523
409.46628,369,671.108901
75.611228,217,671.486108
381.175514,580,672.040133
-28.164735,225,672.219087
478.983461,715,672.968888
605.41003,833,673.726031
347.933126,598,674.523628
978.71622,1000,675.413461
103.379981,311,675.753872
229.623971,617,676.332396
-125.111261,527,676.842411
182.42392,282,677.159188
1067.777159,1000,678.252322
311.695448,318,678.504469
591.824093,685,679.234507
1344.335462,1000,680.212788
163.264969,224,680.391556
219.510838,349,680.762355
-60.631623,180,680.916292
-269.252691,340,681.278366
579.737041,537,681.796625
217.728773,389,682.2026
972.51697,876,683.602764
793.44318,628,684.285873
208.925899,284,684.512424
-70.393077,154,684.635446
-100.129121,132,684.834312
194.898716,392,685.147375
50.567631,222,685.417015
103.600838,232,685.601159
-34.153357,164,685.825403
580.068393,709,686.482871
434.097321,861,687.353317
792.711854,978,688.323809
65.280675,223,688.502324
-23.533419,173,688.640432
-28.175396,177,688.873255
-7.226482,371,689.258979
195.846327,306,689.503379
-74.42201,155,689.626828
122.492209,363,690.016659
89.683903,445,690.491663
-119.455031,172,690.628791
-147.467242,142,690.878649
-109.460248,168,691.013055
-112.98585,165,691.144463
-120.08942,138,691.346354
-103.297879,145,691.463602
-100.461235,191,691.617602
-87.620644,199,691.868502
-134.45498,146,691.986621
-78.546562,200,692.146807
-98.261832,179,692.38759
95.040491,351,692.669228
34.853337,259,692.968103
-41.851269,205,693.143815
-92.930236,196,693.506082
59.171499,315,693.766357
-63.587253,180,694.126299
-8.371587,244,694.321981
39.25744,222,694.500273
-4.983837,231,694.897771
1099.312552,1000,696.129811
331.948463,411,696.632459
218.325745,492,697.119918
202.38105,428,697.463298
64.412485,223,697.736357
-76.831871,187,697.88636
63.941808,236,698.168918
-2.387958,241,698.362235
311.448744,882,699.266742
-83.746927,160,699.395029
409.619678,773,700.203343
1.982497,208,700.372118
-104.081264,160,700.500666
78.78424,518,701.017215
-166.70936,135,701.219515
-157.495787,131,701.324968
-65.693757,175,701.464447
-134.5533,168,701.692606
-111.604877,131,701.799063
-38.25706,206,701.96592
-110.893448,183,702.205936
-94.015425,148,702.324816
82.417069,314,702.67043
285.585205,777,703.386791
-124.162826,137,703.497102
-111.429772,144,703.706537
110.542708,449,704.158991
-90.577085,300,704.403151
-80.64334,202,704.565361
-94.975701,137,704.767445
-141.847519,144,704.886568
-37.145214,207,705.052606
-46.19729,158,705.272074
4.428278,233,705.458446
-168.346843,123,705.558076
-121.878977,170,705.785758
-42.769186,184,705.931313
37.6977,254,706.227356
-107.978218,141,706.341889
-93.816684,206,706.506583
-92.65169,161,706.72805
-74.62085,177,706.86883
-18.265761,385,707.270277
-83.922659,173,707.409018
155.450015,474,707.883604
-98.304297,147,708.00177
-105.719275,155,708.219774
-117.370019,153,708.349521
-102.945575,150,708.470962
-125.344016,130,708.576495
-76.783865,151,708.788279
-99.15761,177,708.929331
1.576999,260,709.226887
-79.982475,193,709.381191
-118.004069,147,709.498853
-77.709594,184,709.739082
175.104666,660,710.356228
-147.598904,131,710.461612
-43.623903,199,710.713043
-101.024845,169,710.848696
-94.070387,160,710.97743
-76.060214,182,711.217269
-39.512529,223,711.396767
-13.347172,280,711.712255
-46.380164,234,711.900048
-93.740722,141,712.014243
25.25029,319,712.359997
-8.023052,223,712.538109
-127.37619,163,712.762723
-100.137274,157,712.888323
-95.314041,185,713.036299
-95.601551,181,713.388765
-118.290496,198,713.547263
43.935065,385,714.079864
-120.887197,174,714.219174
-111.287418,161,714.34901
-72.667818,200,714.741735
28.710481,281,714.970103
97.366412,430,715.545241
108.488768,290,716.00261
-135.891689,135,716.113019
-55.318528,174,716.252815
-36.535954,209,716.61815
-0.745882,227,716.798724
-101.680709,147,717.127156
17.933837,216,717.303775
-95.682134,142,717.421094
-124.913116,143,717.536486
47.181334,240,717.945105
-70.578465,246,718.144469
81.331505,420,718.696387
-77.909042,149,719.015333
-82.369592,150,719.137625
-110.744947,161,719.26816
110.274563,332,719.770098
-87.562329,149,719.889744
129.009624,454,720.485247
-174.590846,130,720.591677
-142.884123,141,720.923909
52.504688,472,721.304403
-120.823557,160,721.629657
-78.394843,210,721.796504
-64.774284,492,722.400537
-111.919353,151,722.523352
33.37987,271,722.96541
-86.275992,175,723.105877
-63.132578,181,723.461797
-97.472471,303,723.707315
-91.198951,152,724.056412
-101.411561,160,724.186483
-136.359007,136,724.296944
-75.185423,220,724.673103
-135.582653,158,724.800273
-87.887044,152,724.922388
-63.445752,254,725.35636
34.137647,456,725.950317
-214.78107,121,726.048508
100.703926,539,726.699055
1.519191,255,726.903005
-123.438146,150,727.260088
7.51468,377,727.562232
118.029016,376,728.082166
196.120608,676,728.856085
-127.212194,157,729.193256
-290.026487,262,729.40333
10.55384,350,729.909492
-164.033181,166,730.042829
-112.492665,172,730.412974
-71.523447,220,730.5962
-122.766197,206,730.762716
-56.615987,232,731.192637
-139.096306,314,731.44316
81.29382,400,732.001282
-108.695934,286,732.46771
-21.713907,458,733.060471
-0.025479,324,733.322621
-106.055451,180,733.683734
-158.406553,249,733.884087
-77.846264,215,734.290636
-34.385223,362,734.586717
7.624028,421,735.164319
-130.369823,148,735.28477
-218.103114,126,735.615914
103.933647,468,736.216777
-75.799611,350,736.498852
176.480152,625,737.230809
-157.803542,164,737.590865
116.720368,627,738.301263
-119.295389,187,738.451516
-134.322188,184,740.238688
-112.976952,205,740.402936
-95.409279,276,740.851895
-30.049013,322,741.122409
-154.391342,491,741.717891
-148.075137,176,742.058489
24.30803,382,742.367078
-162.893765,200,742.728256
-57.38907,359,743.016407
-122.252382,142,743.357995
-111.584158,208,743.527074
-142.596133,144,743.643876
-45.525062,215,744.042951
-88.473815,207,744.210604
-154.141775,132,744.318845
-111.248974,150,744.666203
141.922339,523,745.313278
549.772396,1000,746.546363
-39.935151,253,746.748764
-613.580193,246,747.181273
-113.002622,154,747.306056
29.629684,469,747.909058
128.927017,420,748.471608
135.744043,531,749.100072
140.649782,445,749.547404
-125.37477,161,749.676441
1.538774,408,750.094642
-147.658121,158,750.221422
-157.730174,163,750.353064
-170.925478,136,750.554042
7.776991,272,750.771405
-124.055777,150,750.986244
-133.022563,163,751.117938
-17.996002,336,751.388703
-96.220146,181,751.624507
119.302824,579,752.179604
-119.291597,343,752.554943
-122.016732,277,752.776298
9.913779,225,753.049568
-41.078295,192,753.204013
342.440329,625,753.803848
130.523148,921,754.725086
-111.36051,174,754.863707
168.835228,633,755.554395
-134.677734,170,755.690485
-9.854335,328,756.045764
123.17109,580,756.6144
-43.415796,454,757.205562
70.427853,314,757.457125
90.414937,665,758.185528
25.570776,234,758.573227
-81.343985,175,758.71355
31.079849,362,759.22986
9.834355,655,759.986772
32.37043,303,760.458582
125.944452,390,761.000298
-89.639437,164,761.132586
-5.840502,353,761.642796
-123.130618,188,761.793038
-96.980629,255,762.205126
-111.379966,178,762.35216
-80.776201,150,762.47214
-39.920169,290,762.797945
69.351701,318,763.056693
615.514213,1000,764.045826
-121.905871,171,764.275051
-121.295821,209,764.442979
25.29226,386,764.845492
11.50483,295,765.084379
42.660303,294,765.518991
310.384397,683,766.272915
10.419217,205,766.529539
-166.784207,139,766.640732
-18.538688,320,766.988218
-201.610287,133,767.093973
53.389681,543,767.620907
310.25142,1000,768.61164
-106.906271,149,768.731703
-135.547561,158,768.863039
654.992603,1000,769.854169
-112.652545,338,770.216033
-78.968651,180,770.361274
785.091991,1000,771.35129
-84.557769,192,771.59935
185.055964,673,772.232035
151.643779,1000,773.223357
11.975015,730,773.900522
160.8544,799,774.726083
-140.435283,190,774.87965
-19.345681,402,775.303346
1.834489,642,776.015712
-47.173884,374,776.546122
227.464743,1000,777.773947
15.548814,375,778.16669
-629.242601,293,778.401521
-180.030909,582,779.052494
-276.669237,623,779.647002
-194.615744,802,780.490131
-225.555818,98,780.569561
-168.66718,423,781.141028
-145.911565,983,782.388304
79.00339,1000,783.570847
62.51786,534,784.227675
-36.951264,1000,785.471019
-63.769134,790,786.528788
2.390148,1000,787.782843
-111.723058,1000,788.773989
-161.502339,1000,789.764154
0.119798,1000,790.753705
19.498004,1000,791.65194
-6.741535,1000,792.646242
-40.864905,1000,793.634432
-120.801089,1000,798.58921
-15.780452,1000,799.811837
-120.368042,1000,800.931087
14.567073,1000,801.917202
22.756513,1000,802.910763
139.434032,1000,803.899585
-5.381446,1000,804.895157
-28.758246,1000,805.885465
-91.254178,1000,806.873291
-109.805587,1000,807.860956
-146.444909,1000,808.851745
-93.327314,1000,809.839563
-190.988018,1000,810.844618
-272.484158,1000,811.830351
-112.269215,1000,812.818987
-101.418064,1000,813.807594
159.882391,1000,814.792271
-12.189234,1000,815.788947
-153.690249,1000,816.770417
170.635764,1000,817.668029
-86.588194,682,818.394778
44.556865,1000,819.379164
250.546655,1000,820.358053
-90.997561,297,820.595272
75.864385,1000,821.579813
-167.132578,547,822.212128
-26.12992,1000,823.198102
-109.50972,892,824.239532
-169.096416,367,824.624018
-140.519736,497,825.113748
-240.598053,644,825.726282
-173.599102,320,826.07546
-213.11744,476,826.64325
-289.810896,638,827.248937
-120.023841,236,827.437465
-258.780092,469,827.902292
-137.745096,247,828.194414
-156.577706,680,828.829509
-154.005411,622,829.428681
-210.618689,628,830.026313
-136.385662,367,830.520695
-211.412524,415,830.943085
-68.973017,1000,831.928455
-187.26478,405,832.342614
-295.818713,621,833.060043
-262.0448,195,833.215672
-195.114096,245,833.618007
-152.775812,557,834.152239
-185.330641,492,834.636836
-255.134159,343,834.914405
-76.903777,486,835.392504
-139.509319,593,836.04947
-150.818024,930,836.884563
-171.70143,557,837.438728
-58.185627,518,837.947999
-162.91148,778,838.755462
-39.592799,1000,839.739766
-188.578832,177,839.882267
-167.73287,245,840.170757
-74.593569,369,840.464708
-128.643847,240,840.747899
-148.097516,317,841.093871
-148.232963,167,841.226969
-133.114509,258,841.431553
-402.498347,631,842.118982
-147.454778,265,842.329606
-213.006141,313,842.672665
-58.896284,216,842.845108
-104.116771,390,843.251636
-241.141186,501,843.742925
-88.920731,234,843.930653
-169.967807,248,844.220539
-139.142677,538,844.740875
-284.992775,354,845.113537
-121.251408,168,845.247007
-172.630056,228,845.428163
-193.95359,236,845.705892
-185.1896,241,845.896092
-146.123696,293,846.220592
-169.054337,180,846.362988
-145.246032,313,846.702246
-173.908714,279,846.923541
-77.202874,216,847.187162
-210.555696,293,847.419907
-133.496612,155,847.639298
-103.890969,263,847.846831
-111.654195,257,848.145033
-87.565364,412,848.563386
-111.543514,173,848.701356
-136.979502,173,850.817665
-186.42955,420,851.239732
-158.83037,164,851.369855
-150.875727,183,851.6057
-156.483593,232,851.789161
-79.608871,235,852.067754
-141.323188,167,852.20094
-170.139114,230,852.383453
-89.225785,229,852.765511
-157.376289,320,853.018599
-181.27512,238,853.426159
-220.529036,393,853.83756
-244.006795,277,854.056148
-80.245362,259,854.44141
-262.300204,645,855.151078
-134.831256,218,855.324422
-155.982649,257,855.756788
-182.194288,241,855.947928
-142.276471,189,856.190387
-166.07927,218,856.363021
-179.990203,174,856.591442
-201.888708,274,856.80908
-99.166006,238,857.223841
-173.348504,233,857.40975
-77.203908,302,857.849304
-146.144687,150,857.968165
-136.472957,160,858.096792
-125.783657,217,858.498706
-82.012502,211,858.665857
-168.699399,159,858.792777
-88.476302,210,859.159338
-121.533659,249,859.358834
-101.149233,151,859.700976
-171.329051,175,859.843684
-160.787498,234,860.028833
47.872409,340,860.522351
-159.77373,171,860.658767
-165.417062,162,860.993913
-157.632653,160,861.121186
-247.886444,166,861.252298
-200.773831,159,861.605169
-124.038782,237,861.794509
-39.588362,220,861.968295
-126.219345,165,862.303558
-4.573733,230,862.48655
-172.219542,158,862.837449
-165.645538,176,862.977294
-110.44196,232,863.160752
-120.029921,181,863.514699
-62.868409,232,863.699157
-43.032544,244,864.126971
-153.951459,155,864.251971
-143.683293,173,864.389914
-88.01298,589,865.060056
-79.266137,257,865.48892
-187.88313,152,865.609658
-157.919855,172,865.941345
-157.836707,169,866.076193
-168.46626,167,866.208837
-131.827068,174,866.571864
-79.118011,229,866.75718
-106.27067,261,866.967321
-116.562026,231,867.351492
-117.289959,277,867.571233
-174.399631,409,868.092378
-198.569079,167,868.421937
-123.067242,144,868.537635
-177.289128,154,868.660223
-123.815097,168,868.885077
-128.793509,172,869.021223
-62.984137,242,869.212533
-162.570429,171,869.556642
-148.617393,144,869.672766
-150.030037,154,869.796557
-87.372905,314,870.152874
-182.685963,150,870.272846
-159.650182,144,870.388212
-191.4797,161,870.608512
-167.322288,168,870.743246
-165.951071,159,870.875228
-140.704803,182,871.111351
-191.890575,152,871.232442
-140.867731,154,871.35746
-88.37815,184,871.596834
-130.87941,166,871.728819
-88.750214,233,871.915783
-174.6045,169,872.142992
-195.358892,154,872.266279
-168.734941,153,872.388551
-235.57368,174,872.619083
-139.837343,150,872.738204
-167.681241,159,872.864494
-82.234392,222,873.135465
-164.868929,150,873.256498
-79.981014,245,873.543268
-134.95973,174,873.682986
-107.535832,257,873.886626
-222.442945,178,874.120271
-204.641936,239,874.310295
-191.956289,146,874.426376
-59.461076,198,874.67651
-190.653744,299,874.914145
-157.257284,370,875.299714
-143.673918,191,875.543907
-128.329219,192,875.695683
-123.08846,232,875.879733
-201.27406,173,876.108461
-262.986042,163,876.237598
-114.064751,257,876.535873
-326.505852,391,876.844883
-110.498453,151,877.057568
-136.699904,166,877.189287
-197.852534,178,877.330344
-138.282518,169,877.554928
-115.031114,225,877.732474
-143.850626,143,877.846978
-147.020874,181,878.081677
-138.852879,179,878.223773
-126.492484,177,878.364646
-150.36252,182,878.601643
-19.011579,295,878.836056
-252.884141,167,879.0611
-154.108348,178,879.209973
-118.168681,300,879.654253
-170.150415,232,879.838787
-27.717311,310,880.29803
-83.21785,216,880.469937
4.590782,225,880.648901
-148.03318,243,881.044223
-163.050376,218,881.21944
-176.056026,255,881.633203
-222.145883,185,881.779494
-53.954453,246,882.201845
-201.888243,247,882.395734
-47.379365,328,882.876235
-185.893041,355,883.355265
-227.967328,180,883.499958
-347.905066,412,884.026174
-94.518569,222,884.200813
-265.517335,322,884.679916
-233.296068,254,884.881566
-182.781105,372,885.381999
-223.12046,242,885.574402
-144.931517,400,886.115314
-202.693743,185,886.494906
-105.240097,244,886.686719
-205.340963,189,886.836421
-104.750184,245,887.171668
-170.833244,241,887.35956
-260.169871,173,887.699784
-200.52563,257,887.903291
-161.38577,215,888.307024
-233.811769,186,888.454314
-268.60137,190,888.604088
-227.396341,171,888.911978
-226.304722,267,889.123717
-202.933942,304,889.458589
-246.446693,162,889.587323
-236.855775,324,890.037758
-264.828597,348,890.312762
-206.039219,179,890.663464
-163.905416,156,890.78839
-146.939219,224,891.169729
-239.40215,161,891.297764
-182.992225,189,891.447715
-141.532038,305,891.785822
-202.649737,195,891.941069
-197.91952,270,892.250466
-97.187427,297,892.486679
-136.085525,237,892.903159
-172.977417,194,893.057006
-106.002623,252,893.412018
-173.393198,277,893.631687
-221.180106,169,893.964612
-150.509566,282,894.189935
-164.432508,224,894.566215
-176.945987,230,894.751888
-148.239352,174,894.890349
-154.2987,209,895.258385
-255.44305,338,895.526067
-219.769669,398,896.039099
-94.326674,220,896.411971
-167.215243,191,896.564038
-139.155055,211,896.731049
-183.37191,265,897.154429
-214.622214,348,897.524551
-177.917361,251,897.727309
-239.732124,256,898.130345
-410.896668,637,898.811094
-184.727685,234,898.995986
-124.075625,222,899.375164
-223.045622,171,899.511937
-183.494613,422,900.047511
-177.462566,244,900.240137
-182.700004,188,900.611906
-329.111074,249,900.808583
-213.116774,252,901.197803
-206.083608,204,901.360801
-197.224472,173,901.499043
-171.314614,257,901.938913
-258.419945,181,902.082361
-164.184508,201,902.467869
-535.507829,628,903.189848
-128.493004,221,903.36705
-230.540918,190,903.751012
-172.464865,182,903.894624
-192.208472,245,904.311304
-204.427323,189,904.461422
-202.775828,260,904.668023
-200.423409,174,905.042148
-223.89751,171,905.177639
-170.67755,207,905.342629
-124.62545,243,905.743276
-221.21102,190,905.894441
-230.898429,171,906.254424
-107.224174,226,906.43253
-116.054054,220,906.806664
-228.828459,161,906.935841
-209.024212,157,907.063083
-171.265168,150,907.183411
-111.609815,226,908.240369
-195.951951,331,908.727
-190.190054,226,908.907636
-136.439501,230,909.091929
-235.50775,252,909.498237
-158.644508,188,909.648043
-184.917825,253,910.086292
-191.600509,171,910.224644
-69.767293,213,910.597745
-265.724453,279,910.822077
-204.854932,190,910.972805
-93.085504,212,911.341293
-47.201555,465,911.941828
-167.099615,284,912.17073
-185.774112,261,912.602592
-122.405174,540,913.259281
-233.913388,198,913.417604
-209.973277,250,913.785749
-148.556666,213,913.956535
-187.056403,321,914.306067
-235.807661,191,914.459367
-130.377236,259,914.760068
-207.471211,182,914.905595
-126.554163,253,915.199277
-99.906469,303,915.44139
-134.099967,216,915.709934
-181.193679,200,915.869025
-176.637009,197,916.026824
-118.89215,437,916.575325
-157.36291,250,916.979859
-360.838416,578,917.660305
-187.779774,170,917.795549
-202.954554,182,917.940208
-119.583047,254,918.347315
-188.404121,188,918.498864
-222.482025,172,918.840103
-77.073773,237,919.028597
-136.645397,227,919.443004
-192.548824,210,919.61466
-125.518197,218,919.789648
-181.104087,247,920.19057
-112.689385,546,920.852165
-110.729365,263,921.063719
-168.566958,179,921.444856
-268.788769,153,921.568145
-109.238462,255,922.007709
-249.819576,173,922.146523
-128.146562,326,922.610786
-231.523335,431,922.954087
-165.296846,189,923.340681
-208.899567,412,923.853513
-183.935502,264,924.064218
-191.568368,224,924.447886
-106.862945,267,924.66031
-195.104674,151,924.782426
-273.137634,159,925.150355
-249.309126,167,925.285207
-208.646981,159,925.412727
-207.785045,149,925.750066
-216.453999,189,925.901692
-261.103455,242,926.096071
-216.467624,217,926.49375
-188.194125,170,926.629133
-230.201721,194,927.0111
-199.374606,178,927.154501
-210.321069,148,927.273633
-266.092936,168,927.610625
-195.378879,170,927.746962
-206.113524,163,927.878134
-202.90161,147,928.219863
-202.559503,177,928.366296
-252.681046,163,928.496882
-216.750225,309,928.953436
-198.898993,166,929.086586
-192.505743,212,929.46304
-185.857841,165,929.596442
-147.320507,240,929.786467
-174.374453,163,930.115322
-189.958095,181,930.259766
-207.722018,188,930.409858
-160.909455,156,930.633443
-307.101438,240,930.826659
-208.902671,143,930.940788
-194.755123,180,931.177853
-242.213722,235,931.367365
-207.006371,146,931.485432
-196.346083,143,931.692212
-101.239882,225,931.872081
-246.669998,231,932.149872
-213.789553,166,932.282673
-662.622278,287,932.608567
-142.099432,219,932.781482
-154.369009,340,933.143237
-26.015002,241,933.342722
-215.675666,154,933.467259
-118.681378,218,933.864615
-149.070721,217,934.038054
-198.338291,192,934.395485
-143.742221,216,934.568094
-182.448278,175,934.708242
-110.246166,233,935.095276
-229.639029,344,935.593038
-208.730005,168,935.72659
-170.08556,258,935.93176
-186.502073,260,936.343413
-145.715368,209,936.510226
-140.372381,273,936.951819
-116.144802,209,937.117662
-191.701715,331,937.607446
-180.810675,203,937.769287
-150.765717,334,938.222406
-113.334908,224,938.40353
-227.561888,151,938.751628
-174.567085,186,938.89986
-43.142544,314,939.379642
-188.434484,252,939.581767
-104.56073,239,939.973655
-17.278887,455,940.336724
-160.406796,261,940.753868
-211.359524,193,940.90738
-83.672698,235,941.332352
-126.577502,210,941.500966
-194.291163,254,941.910423
-113.839132,284,942.137683
-200.68028,167,942.49545
-102.579605,336,942.76506
-159.697309,184,943.152808
-171.022221,184,943.301194
-125.127069,298,943.742057
-83.657348,279,943.966282
-80.601967,225,944.382087
-141.377083,346,944.664423
-174.186045,176,945.02969
-206.814381,187,945.17977
-229.414411,190,945.330152
-132.291348,203,945.713838
-137.671883,245,945.910862
-189.750952,183,946.247596
-156.595647,182,946.396323
-100.185151,212,946.565758
-203.075937,189,946.940921
-165.169071,186,947.089343
-236.64737,197,947.246692
-236.401528,179,947.61535
-129.497604,203,947.776897
-74.015171,369,948.164452
-220.282982,140,948.277781
-146.512547,220,948.546479
-188.231116,151,948.668014
-264.120504,177,948.809385
-105.55791,212,949.072556
-253.496532,171,949.209036
-241.220834,195,949.365754
-222.860909,166,949.590464
-238.521353,178,949.733425
-226.118353,171,949.870619
-210.049341,140,950.07502
-202.81808,202,950.23626
-151.583899,216,950.408466
-198.179861,163,950.642343
-190.846424,190,950.793991
-153.162596,187,951.034716
-199.729257,187,951.186258
-205.247746,143,951.302696
-214.245639,179,951.445756
-205.090543,192,951.691853
-150.803447,204,951.854683
-208.754365,175,952.087748
-231.838708,163,952.219071
-208.335247,174,952.361049
-180.405499,252,952.761971
-180.906487,149,952.88071
-169.700402,189,953.030803
-217.691525,167,953.390052
-285.939199,178,953.531746
-211.071834,144,953.64759
-213.117363,176,954.01597
-133.101494,206,954.182517
-154.798193,180,954.327485
-271.65614,171,954.663672
-210.478859,296,954.901023
-60.701372,218,955.279995
-144.96195,216,955.454329
-215.274845,161,955.779993
-206.393203,149,955.90009
-127.496324,226,956.079614
-88.562307,232,956.470085
-226.141809,173,956.608526
-86.188292,226,957.012652
-312.770475,451,957.372737
-132.708394,213,957.77325
-195.747891,207,957.938344
-223.089331,193,958.320473
-138.90259,198,958.480893
-190.028219,177,958.623864
-115.351956,225,959.029539
-76.320851,447,959.480091
-212.438165,175,959.621296
-142.463973,241,959.8146
-110.806915,236,960.095606
-214.543414,251,960.3007
-171.239013,178,960.534557
-148.491036,156,960.659911
-181.593227,238,960.940826
-202.011017,191,961.093821
-117.006092,198,961.255062
-198.519343,182,961.605821
-92.355892,209,961.773093
-25.586027,226,961.954323
-166.707813,192,962.333939
-226.737277,307,962.581337
-96.762797,214,962.988958
-106.706909,313,963.239842
-214.130337,242,963.635688
-178.467176,181,963.781183
-196.909813,252,964.187553
-132.300426,289,964.422017
-119.481419,205,964.795172
-212.62025,183,964.941829
-25.887478,243,965.371818
-188.547035,199,965.531862
-121.163545,288,965.972419
-188.774857,358,966.258901
-70.119109,326,968.787155
-287.893603,173,968.925606
-261.416478,174,969.297957
-161.969925,255,969.509854
-213.1697,158,969.63682
-167.61754,335,970.113153
-225.928499,188,970.262663
-101.937282,214,970.657733
-210.427241,227,970.839794
-303.501422,172,971.211733
-204.580979,146,971.331909
-297.291321,163,971.462949
-183.227174,273,971.889837
-238.409434,137,971.999831
-234.294441,162,972.130427
-248.20141,201,972.515955
-231.430812,171,972.654233
-235.79149,198,972.813801
-238.941708,193,973.203727
-220.355307,265,973.416419
-200.110472,170,973.789364
-165.32688,154,973.915143
-252.895505,167,974.050071
-233.929731,181,974.398102
-204.70868,234,974.586239
-140.865378,494,975.204669
-266.279129,272,975.601332
-250.184052,152,975.724471
-177.291335,216,975.897583
-114.824458,222,976.168082
-238.518065,134,976.276351
-245.853831,269,976.582415
-246.671588,166,976.715394
-259.703102,254,976.917952
-122.082454,225,977.1903
-257.437682,414,977.612587
-237.511012,167,977.746026
-153.137495,240,977.937725
-177.743083,204,978.192535
-239.243819,157,978.320654
3.3066,395,978.729521
-103.415357,257,978.933661
-195.336015,155,979.152838
-269.854806,173,979.29303
-284.076639,250,979.493527
-53.856858,224,979.764534
-139.441256,301,980.098851
-212.66277,154,980.222805
-182.85876,244,980.419096
-82.452548,360,980.800108
-217.977795,164,980.931436
-273.158502,177,981.165319
-167.337003,244,981.360079
-202.645959,146,981.477712
-220.02009,208,981.736157
-258.379401,169,981.871193
-199.279727,260,982.170689
-242.625832,286,982.400839
-246.226085,146,982.611218
-175.59562,156,982.737631
-168.817908,141,982.851711
-226.808611,166,982.986934
-222.485441,141,983.192904
-187.380479,160,983.322798
-229.172619,147,983.440466
-122.197356,189,983.689365
-194.178483,169,983.825069
-237.497838,170,983.961263
-102.682962,226,984.234397
-234.470759,149,984.356787
-226.703041,180,984.501576
-194.854312,164,984.731305
-217.76786,179,984.874926
-181.334618,142,984.989733
-219.762257,202,985.245444
-180.098563,156,985.372308
-226.116283,168,985.508414
-178.854423,233,985.78999
-188.062179,219,985.966495
-165.177433,212,986.229135
-24.614761,366,986.52421
-181.159511,192,986.771108
-153.196152,241,986.966144
-193.819393,165,987.190693
-202.556066,159,987.319299
-196.603508,176,987.461206
-152.313655,201,987.714513
-11.6059,424,988.055891
-137.276687,232,988.334145
-137.933609,344,988.702549
-175.182316,190,988.854494
-119.658635,229,989.038819
-162.471851,262,989.341397
-156.101179,234,989.530779
-157.5821,348,990.007162
-205.209324,172,990.146179
-165.651835,179,990.381298
-82.328959,236,990.570018
-97.596391,319,990.960637
-211.089733,239,991.152894
-230.482036,326,991.641121
-215.383975,227,991.822678
-204.473807,240,992.108255
-562.143196,476,992.579151
-217.280531,247,992.778308
-78.251028,412,993.202533
-132.637239,205,993.369809
-91.703056,234,993.782188
-59.452552,214,993.955381
-113.484673,255,994.252901
-195.664415,342,994.527954
-237.463632,259,994.82699
-279.686088,424,995.257359
-118.595348,215,995.42923
-138.087761,149,995.71855
-52.65464,494,996.116323
-100.518587,225,996.521591
-152.290147,165,996.654475
-224.315768,166,996.885572
-167.312438,172,997.023567
-170.455856,167,997.158465
-227.447387,170,997.387076
-166.89811,245,997.58379
-112.359986,314,998.033795
-81.752301,313,998.285613
-172.683458,166,998.512589
-212.563272,248,998.714368
-100.204259,281,999.033305
-212.738646,173,999.175658
-219.814176,169,999.313136
-151.962109,240,999.638729
-76.6691,312,999.891245
-180.063929,164,1000.124995
-120.236575,265,1000.338065
-154.417801,196,1000.586621
-158.434927,299,1000.829979
-154.613527,179,1001.067525
-129.587535,189,1001.219715
-168.220405,170,1001.356402
-174.811492,188,1001.600238
-72.688407,378,1001.904574
-129.757453,186,1002.147852
-65.15869,228,1002.333867
-145.714964,166,1002.46839
-143.885929,219,1002.736337
-226.172457,316,1003.080554
-174.40308,177,1003.225608
-271.774761,318,1003.483019
-113.409622,232,1003.761459
-192.310006,159,1003.891684
-80.156627,253,1004.189695
-191.62617,334,1004.458071
-95.579656,194,1004.705884
-121.341337,183,1004.853324
-114.462745,220,1005.124349
-197.693657,165,1005.257206
-115.911655,327,1005.613407
-159.964849,152,1005.737114
-192.08872,168,1005.874463
-179.546939,151,1005.997998
-179.758777,161,1006.220819
-112.385854,242,1006.416759
-75.740071,262,1006.718784
-168.852017,161,1006.848511
-205.593188,163,1006.980068
-154.64427,151,1007.194421
-161.39909,181,1007.339759
-96.131016,194,1007.496112
-126.900253,169,1007.723668
-142.640933,204,1007.887397
-157.216771,170,1008.02479
-172.629586,171,1008.359381
-171.188948,142,1008.474745
-100.942745,220,1008.652217
-103.397158,179,1008.991846
-119.026888,185,1009.140486
-180.274196,167,1009.371455
-157.176124,169,1009.5088
-174.046823,238,1009.700978
-92.463803,270,1010.011057
-156.320525,143,1010.127028
-171.726342,165,1010.260232
-170.85836,165,1010.486953
-63.010241,244,1010.684301
-185.669985,162,1010.908104
-137.09889,154,1011.032773
-195.263479,265,1011.24637
-203.452881,119,1011.438849
-138.390454,180,1011.584423
-141.067307,162,1011.716042
-234.351939,124,1011.90904
-199.152386,161,1012.038926
-197.189984,161,1012.168237
-239.969872,111,1012.256866
-202.336609,131,1012.453759
-154.109558,167,1012.589218
-222.159602,135,1012.699102
-172.293738,145,1012.909111
-165.082581,165,1013.042249
-131.51431,177,1013.184471
-248.558949,128,1013.289501
-134.008524,182,1013.528468
-161.812855,187,1013.678115
-147.265964,146,1013.795869
-159.53935,157,1014.012403
-90.002084,288,1014.244566
-7.272035,234,1014.524243
-112.676982,162,1014.653969
-122.901806,168,1014.789593
-47.301463,259,1015.088139
-164.916107,206,1015.254468
-196.99788,158,1015.475708
-171.642086,165,1015.609788
-185.572256,152,1015.732193
-199.135195,179,1015.969621
-69.92951,202,1016.132997
-121.0332,158,1016.260329
-244.107678,229,1016.53854
-218.736429,195,1016.695732
-165.27093,193,1016.851
-50.937605,296,1017.181307
-186.723173,170,1017.321936
-98.883267,244,1017.692267
-174.339633,194,1017.848098
-103.523235,204,1018.217594
-168.329673,174,1018.359038
-126.007025,155,1018.484875
-120.114012,232,1018.881989
-91.747201,176,1019.023532
-59.417121,224,1019.401878
-64.925699,224,1019.583013
-150.202439,184,1019.729575
-210.545158,154,1020.053721
-163.832316,178,1020.19717
-149.977418,183,1020.344682
-148.289903,170,1020.574888
-101.476696,184,1021.528931
-103.279182,225,1021.709847
-101.323243,222,1022.10339
-200.963779,179,1022.246782
-9.744376,224,1022.651838
-206.734569,139,1022.763771
-86.001011,294,1023.225831
-40.510753,221,1023.404189
-68.277228,279,1023.822833
-125.43733,287,1024.055196
-70.156142,224,1024.437707
-171.845385,268,1024.654852
-170.922988,227,1024.837703
-143.868955,157,1025.083879
-155.203008,327,1025.345159
-160.006721,615,1026.188002
-46.00205,299,1026.42698
-108.444478,204,1026.828012
-40.716418,201,1026.989486
-210.189041,244,1027.184997
-159.841555,338,1027.693182
-163.864295,171,1027.829778
-185.28233,185,1028.202458
-218.259475,1000,1029.436475
-186.156922,240,1029.629254
-95.608717,465,1030.22024
-263.507232,159,1030.348629
116.848746,1000,1031.574517
-235.799253,387,1032.129781
345.680645,1000,1033.262438
-105.982773,231,1033.54364
-118.817128,668,1034.174191
-74.545512,316,1034.524818
-90.522548,318,1034.783723
-123.266265,317,1035.133905
-28.616975,340,1035.408387
-94.055565,268,1035.718257
-98.022284,256,1035.923722
-144.142948,188,1036.16677
-157.291455,177,1036.308424
-156.198838,172,1036.445853
-215.399151,308,1036.787242
-35.524416,210,1036.957442
-35.393239,318,1037.305938
-70.31557,251,1037.598743
-151.000923,260,1037.805061
-207.425125,695,1038.474209
17.402429,281,1038.796691
-60.605423,286,1039.115547
-130.875112,204,1039.279846
-46.212868,238,1039.471565
-158.895203,168,1039.819185
-180.640854,209,1039.987734
-155.361889,307,1040.333045
-52.300295,344,1040.628086
-172.004657,423,1041.127
-115.590796,359,1041.508568
36.285331,438,1042.040506
-150.347855,169,1042.176518
-648.766094,294,1042.504745
-158.667676,201,1042.664863
-129.648135,153,1042.787897
-209.350637,164,1043.011626
-154.283833,159,1043.138972
-171.609838,156,1043.265364
-129.729664,168,1043.494065
-167.001321,170,1043.630818
-215.779637,205,1043.794312
-134.750983,177,1044.030525
28.407685,428,1044.463775
-250.074509,267,1044.676969
-82.323561,276,1044.987269
-100.505626,194,1045.142401
-58.742603,255,1045.44128
-196.321323,187,1045.592443
-137.733833,155,1045.717816
-21.746977,252,1046.017876
-3.924478,293,1046.249596
-110.631017,202,1046.505761
-110.979782,229,1046.687881
-186.097041,174,1046.826921
-102.103801,214,1047.090486
3.002836,262,1047.299895
-185.391357,174,1047.53131
-46.92261,259,1047.740895
-213.821352,168,1047.972089
-80.13711,227,1048.153507
-7.894398,230,1048.341986
-24.045336,209,1048.604251
-129.948726,158,1048.730975
-168.668381,200,1049.003674
-225.091083,161,1049.132722
-7.715459,231,1049.318056
-60.293729,208,1049.580001
-160.431331,166,1049.712355
-158.44843,179,1049.854934
-61.629092,259,1050.154013
-254.495083,169,1050.290565
-146.152501,208,1050.553334
-176.926751,184,1050.700494
8.560544,432,1051.136239
-163.429387,173,1051.27443
-125.436221,184,1051.51697
-143.132075,169,1051.652497
-160.289309,153,1051.775219
-157.511084,144,1051.892915
-163.234057,194,1052.141773
-130.675984,151,1052.263035
-157.78555,178,1052.405319
-20.110372,360,1052.785165
-138.69097,167,1053.012187
-147.880632,232,1053.198325
-77.764885,205,1053.365455
-151.587959,166,1053.593278
-176.618509,142,1053.707936
-147.797428,162,1053.837308
-118.306304,168,1054.064482
-118.883224,181,1054.210279
-133.069205,144,1054.328029
-71.950953,191,1054.574536
-134.836359,156,1054.699511
-108.036236,200,1054.85856
-135.857515,147,1055.070321
-132.909151,154,1055.193661
-143.42543,149,1055.313224
-64.944187,204,1055.568898
-127.286721,179,1055.712064
-45.098709,287,1056.031713
-125.668778,155,1056.158162
-154.413197,190,1056.312236
-120.2929,188,1056.574387
-119.864059,164,1056.70822
-160.168713,174,1056.849129
-114.516821,152,1057.179065
-137.55782,182,1057.331839
-91.712636,147,1057.44941
-113.629427,157,1057.580592
3.843742,381,1058.087576
-136.140062,191,1058.443736
-129.21403,161,1058.577171
-79.37692,233,1058.764026
-104.73066,174,1059.128484
-89.764066,206,1059.29609
-127.211718,162,1059.425506
-133.255188,174,1059.793345
-121.091899,183,1059.940245
1.525376,201,1060.101526
27.216239,232,1060.483835
-57.938783,189,1060.63547
-109.524878,163,1060.992743
-121.166509,167,1061.128178
-100.335152,146,1061.246677
-73.303264,211,1061.602678
-138.702111,135,1061.712751
-104.459476,151,1061.835866
1.413318,236,1062.250744
-48.663554,213,1062.424402
-64.438704,223,1062.805327
-24.906173,225,1062.98599
-15.248872,209,1063.152135
9.193118,221,1063.426261
-119.107315,177,1063.567801
-3.744693,347,1063.937612
-146.177441,151,1064.05883
-109.053733,150,1064.179878
-94.816464,178,1064.416345
-56.466206,187,1064.567466
-27.377103,187,1064.717848
-106.837722,152,1064.933719
24.208975,235,1065.121799
0.299451,228,1065.398503
16.591465,381,1065.703072
55.390321,289,1066.029483
32.215474,437,1066.590823
95.89374,389,1067.124804
39.420921,287,1067.354682
1.947862,296,1067.801764
55.216309,289,1068.033588
-94.783884,175,1068.397677
-33.793048,223,1068.57742
-23.145482,224,1068.862581
46.960883,245,1069.058575
81.28602,351,1069.434763
-125.40898,248,1069.633217
7.912172,418,1070.059843
2.391191,239,1070.250279
-9.172536,238,1070.534812
-65.499827,317,1070.881881
39.284411,224,1071.061122
-115.356335,166,1071.19532
-37.091006,192,1071.442562
5.707478,272,1071.662781
-80.180076,187,1071.906783
44.539592,255,1072.110842
-8.322872,544,1072.638128
-58.660314,194,1072.885341
-37.616392,247,1073.083257
-28.429616,451,1073.539133
14.696938,521,1074.050001
1.674718,385,1074.550138
-35.866674,209,1074.718744
-8.760711,321,1076.160033
30.302885,266,1076.372355
216.154339,530,1076.987668
91.485781,741,1077.891565
47.428905,217,1078.065592
26.972955,400,1078.478091
39.256795,395,1078.888303
-22.217003,194,1079.042952
22.486485,469,1079.515494
14.682536,425,1079.947471
-33.24308,249,1080.148123
0.470278,318,1080.496718
-77.270094,187,1080.651629
47.372508,273,1080.963043
57.282091,355,1081.247666
17.397006,437,1081.689564
-150.248289,146,1081.905006
-33.58952,267,1082.121685
-78.148534,233,1082.405266
-121.064129,159,1082.533943
-121.501995,173,1082.671991
-95.35926,199,1082.924507
62.467764,384,1083.23317
56.403712,242,1083.519777
-90.621059,199,1083.678413
72.120693,346,1084.046746
-96.80889,157,1084.174451
-19.648669,246,1084.465883
-31.157108,228,1084.64894
48.511475,234,1084.927664
35.0906,440,1085.28021
4.118625,208,1085.540376
6.095505,225,1085.722616
-4.447621,368,1086.232705
-176.420528,158,1086.359789
-196.771349,132,1086.6891
10.827597,240,1086.882411
-119.412304,168,1087.017064
-87.026049,183,1087.388053
-132.506235,144,1087.503613
-15.58867,233,1087.690577
-129.488928,193,1087.936158
-57.361068,294,1088.172074
-28.78025,286,1088.496308
-37.800637,243,1088.694174
-47.927492,211,1088.95682
-48.65401,284,1089.18475
50.34165,246,1089.478263
8.630085,231,1089.66467
45.94289,239,1089.952065
9.028567,307,1090.199338
-149.661911,182,1090.515404
58.681545,355,1090.801257
-20.465576,317,1091.148005
-153.331395,166,1091.282241
141.641798,289,1091.605371
-103.478281,146,1091.723404
120.822243,525,1092.233875
-78.171627,173,1092.467553
65.278334,322,1092.726149
-85.903995,163,1092.951402
-43.344021,180,1093.097278
-116.743652,154,1093.223049
41.982025,227,1093.505398
-97.815923,154,1093.631562
137.280294,324,1093.989989
-194.235246,132,1094.097285
-97.996696,170,1094.236027
147.477178,289,1094.57108
-49.227165,282,1094.799186
90.851022,281,1095.127294
68.334175,297,1095.366856
-101.650392,187,1095.733433
-137.041277,180,1095.878522
7.300683,337,1096.388441
127.156742,300,1096.630125
-14.687057,233,1096.911047
-116.973205,175,1097.051324
101.017829,352,1097.424675
-128.93535,157,1097.55144
26.727969,246,1097.84199
-96.185814,156,1097.967925
-62.864883,237,1098.157573
-131.926938,185,1098.404068
14.14489,322,1098.663824
4.60219,225,1098.940245
-202.27069,163,1099.071571
55.540512,253,1099.469339
34.366612,266,1099.68374
-47.691277,189,1099.949153
-96.918159,161,1100.080743
-108.195527,253,1100.283994
-148.93957,178,1100.522358
-119.264278,170,1100.659867
-32.434824,262,1100.962102
-126.836598,142,1101.079112
41.853506,277,1101.303029
-84.953915,187,1101.546418
76.079006,259,1101.754861
-123.906631,166,1101.979522
-21.856957,220,1102.156252
-7.424326,318,1102.505231
244.125037,455,1102.962883
72.691714,450,1103.325147
-42.087914,241,1103.722786
-99.986912,169,1103.85865
-13.538208,206,1104.234475
-83.437039,176,1104.377449
-84.740145,181,1104.524349
-119.829621,146,1104.867124
68.547891,233,1105.054777
-126.907994,149,1105.177294
-90.98812,153,1105.522051
-103.934811,172,1105.662837
-72.003581,162,1105.792716
-183.914828,175,1106.132897
-105.419757,159,1106.262135
-90.712533,179,1106.405926
-97.091499,165,1106.747874
-87.829295,176,1106.891856
-89.184882,160,1107.020431
-74.0634,156,1107.371168
16.516198,347,1107.648823
-32.996268,214,1108.058945
61.846503,319,1108.317912
-22.413784,200,1108.703496
-92.491541,145,1108.820927
21.125464,308,1109.302248
-68.919869,235,1109.494216
7.414743,223,1109.673008
-132.294095,154,1109.996417
43.194963,215,1110.17012
49.334204,240,1110.563488
-109.933954,145,1110.680675
-99.91141,165,1110.814572
119.45055,317,1111.273209
-94.441149,162,1111.40416
103.201899,243,1111.826449
116.046523,367,1112.120808
-94.437258,175,1112.489312
-120.318428,147,1112.608706
-68.756691,170,1112.747018
-116.863011,165,1113.079778
42.343169,277,1113.304054
-74.712128,180,1113.677673
-76.034445,188,1113.830708
-95.339516,160,1113.961009
-64.239751,226,1114.372731
162.577938,286,1114.606989
-77.908483,163,1114.939278
-60.444375,190,1115.093952
-91.040476,169,1115.229911
-55.313598,185,1115.547233
-149.649323,139,1115.660123
-91.155667,170,1115.798679
-105.102502,159,1116.126696
-116.912529,156,1116.25467
-20.995243,191,1116.410169
-12.414056,208,1116.778566
-1.735428,245,1116.975148
17.763332,303,1117.447692
-33.795986,196,1117.609384
-52.63749,197,1117.769028
-150.790038,154,1118.118927
-101.418379,165,1118.254167
-105.470016,143,1118.369835
-50.666749,191,1118.747836
-112.056881,167,1118.882752
-107.028889,276,1119.33112
-109.75845,158,1119.461218
-100.680628,158,1119.589837
-121.779792,173,1119.935791
-91.718548,169,1120.07403
-130.197609,148,1120.194225
-43.417191,205,1120.584207
-118.785918,146,1120.702443
-63.683299,190,1120.855546
-28.749653,204,1121.229634
32.946131,234,1121.418257
-53.514962,189,1121.570112
34.647857,201,1121.967115
14.16486,225,1122.15009
36.384453,224,1122.556489
-31.388137,228,1122.741904
-138.125385,169,1123.108356
12.113938,228,1123.301134
-77.790297,204,1123.464997
-123.372905,164,1123.827343
-74.270437,247,1124.027184
-111.130527,143,1124.142906
-111.619256,150,1124.48648
-176.32405,168,1124.621912
-117.695903,147,1124.740346
-109.241435,159,1125.072861
-134.169873,142,1125.187802
-122.277267,161,1125.318761
-115.676365,144,1125.63684
-149.279256,143,1125.753231
-136.361515,151,1125.875791
-243.379431,321,1126.304397
-156.66466,145,1126.421968
-73.453022,182,1126.569776
-127.569589,149,1126.892847
-188.942088,114,1126.984972
6.606959,263,1127.196931
-154.458023,134,1127.507622
-169.607946,138,1127.619215
-133.016648,164,1127.751564
-115.200755,163,1128.12027
-171.049113,175,1128.265539
-45.657289,289,1128.499554
-86.548041,206,1128.902538
-113.70074,186,1129.053132
-161.770677,181,1129.294862
-196.955907,167,1129.429992
-82.481383,201,1129.594544
-193.030058,167,1129.821824
-177.63451,248,1130.022766
-172.665387,172,1130.162081
-193.859254,177,1130.397917
-133.722348,211,1130.568215
-14.317053,295,1130.897025
-180.486972,160,1131.026198
-168.169681,241,1131.313318
-137.451412,200,1131.475327
-172.614772,171,1132.448452
-144.19296,148,1132.662978
-127.5547,145,1132.780442
-199.082982,153,1132.904055
-172.345943,175,1133.13725
-96.683738,320,1133.395806
-103.40204,297,1133.730093
-151.866524,301,1133.974097
-128.748002,241,1134.262692
-145.178253,253,1134.466035
-145.660494,165,1134.692674
-96.097128,192,1134.851572
-77.759691,221,1135.030295
-141.424682,348,1135.404023
-149.270562,312,1135.752666
-188.80785,247,1135.954772
-133.081285,214,1136.227904
-93.180248,202,1136.391101
-68.271917,235,1136.582415
-161.593914,285,1136.910701
-150.793972,376,1137.312483
-73.406937,206,1137.478415
-103.319097,204,1137.73369
-175.420968,260,1137.942718
-209.936557,332,1138.301276
-157.242442,210,1138.47151
-184.2687,182,1138.619478
-164.944396,164,1138.844598
-92.068409,385,1139.247682
-158.922583,490,1139.64307
-165.509262,161,1139.869391
-53.982653,303,1140.114691
-47.980656,568,1140.759413
-147.582264,322,1141.021444
-99.409705,419,1141.452637
-167.665752,241,1141.647268
-101.919065,382,1142.050992
-131.06309,236,1142.334531
-89.447623,205,1142.505239
-177.953929,307,1142.847009
-168.104409,372,1143.148572
-125.047052,226,1143.426636
-206.352384,240,1143.62162
-144.377865,205,1143.890697
-87.937415,222,1144.070582
-136.179175,237,1144.357841
-159.914142,191,1144.514009
-146.547589,333,1144.901597
-136.5898,338,1145.175721
-138.939727,249,1145.468361
-189.83122,150,1145.59034
-125.327911,204,1145.753931
-135.369024,187,1145.995701
-76.674752,373,1146.388839
-151.577361,161,1146.51929
-66.753205,201,1146.680666
-146.481219,253,1147.082807
-111.160639,232,1147.269306
-167.598469,165,1147.401705
-4.846415,299,1147.734331
-25.638455,277,1148.049464
-179.143141,188,1148.201236
-53.136404,231,1148.387909
-105.543276,176,1148.622231
-164.351165,182,1148.768725
-79.415465,204,1149.024024
-146.066863,196,1149.182209
-173.852647,165,1149.316037
-105.487037,180,1149.552412
-111.654437,198,1149.716327
-29.586751,227,1149.899219
-125.851412,168,1150.127216
-137.98712,332,1150.394022
-57.329791,308,1150.733413
-117.496137,187,1150.884753
-99.838483,287,1151.208837
-77.434115,253,1151.412098
-27.069189,368,1151.805552
-168.391687,163,1151.937334
-59.330689,239,1152.221595
-127.932878,179,1152.365558
-60.971298,196,1152.721903
-39.951557,465,1153.190527
-58.579034,358,1153.480167
-142.948854,384,1153.880938
-107.185925,390,1154.299554
-131.255633,324,1154.560085
-138.886388,198,1154.810852
-21.790842,482,1155.289413
-64.899407,195,1155.446498
-159.496271,167,1155.582069
-58.999639,255,1155.981093
-39.81991,353,1156.357113
-166.462997,236,1156.546828
-11.966137,230,1156.824324
-109.669472,239,1157.019001
-90.653315,212,1157.189899
109.582665,674,1158.164196
-109.531478,198,1158.32456
-78.16516,257,1158.754036
-68.825612,386,1159.064272
-105.252342,555,1159.74633
-87.436717,237,1160.144991
-130.869012,616,1160.867843
-103.649538,320,1161.29804
-53.017796,228,1161.480318
-89.683016,217,1161.746812
-134.917182,195,1161.903584
12.101764,496,1162.398698
-79.992877,377,1162.7958
-64.491952,438,1163.240633
-129.637593,350,1163.522241
-62.537877,213,1163.787814
-129.495357,172,1163.925876
-153.42743,219,1164.102742
-103.701622,206,1164.493928
45.127178,435,1165.085206
96.084701,376,1165.388574
292.264592,1000,1166.483357
-144.081504,161,1166.704724
-121.631082,171,1166.84249
42.31963,345,1167.213744
-12.83632,262,1167.424476
38.119366,996,1168.422606
472.242739,1000,1169.410883
10.504561,279,1169.724934
70.883823,437,1170.167607
-31.446225,294,1170.404574
-36.175308,229,1170.680438
-148.267553,236,1170.870031
-129.508042,185,1171.01847
191.760164,533,1171.540419
-51.056591,862,1172.644039
-72.39668,263,1173.087357
36.138508,461,1173.460972
25.074297,441,1174.049727
-15.415354,348,1174.540003
-89.574993,235,1174.728221
-93.168242,189,1175.080231
-51.004533,317,1175.334073
-26.726995,585,1176.22866
-74.064617,193,1176.384345
-9.564984,418,1176.943132
-81.820005,312,1177.192594
-40.915274,276,1177.622163
-573.22033,407,1178.186716
194.713395,591,1178.8812
-67.548089,228,1179.065798
80.851076,294,1179.398018
-96.919229,339,1179.765509
-69.565519,253,1179.968854
-77.521442,238,1180.252302
-39.074708,198,1180.411588
-2.554009,271,1180.630189
-107.914409,154,1180.845016
-67.256845,186,1180.995248
6.580648,264,1181.400603
-88.325402,254,1181.605155
-126.790965,156,1181.730346
-96.980177,172,1182.09511
-153.19686,165,1182.22778
-100.022443,173,1182.367552
-65.87013,188,1182.608907
-20.803052,304,1182.853838
45.869022,275,1183.172157
-128.933841,236,1183.364157
-39.676661,192,1183.612072
-90.79969,263,1183.823817
-94.073686,307,1184.163769
-19.452215,265,1184.378031
-34.247032,374,1184.775312
57.860797,278,1185.092945
45.454716,428,1186.634753
-31.745765,326,1186.89621
72.233749,438,1187.340696
-9.809149,268,1187.64776
-102.642085,272,1187.866019
-8.87162,244,1188.153217
-88.01002,212,1188.325435
50.627024,370,1188.714759
193.760683,336,1188.982564
0.880806,211,1189.243737
-17.482643,351,1189.527842
55.376326,382,1189.930888
-5.589008,368,1190.31955
314.154804,596,1190.890657
-94.588849,170,1191.02718
17.831468,267,1191.337018
1.216978,232,1191.523839
199.156922,465,1191.990497
47.010784,320,1192.342888
-47.0133,315,1192.687888
76.641118,369,1192.985196
136.848183,517,1193.494495
-24.714577,211,1193.754783
23.826504,276,1193.975845
-86.254802,163,1194.199679
87.257314,282,1194.428873
-28.595187,313,1194.773432
-61.748903,204,1194.935826
203.04904,553,1195.473686
-122.51066,154,1195.597289
329.678168,364,1195.986289
-12.387953,295,1196.317362
-149.579946,161,1196.446288
-138.086102,175,1196.586598
-152.07518,248,1196.877368
-142.797543,179,1197.020521
27.218791,288,1197.468575
-70.291553,240,1197.663269
-99.834395,239,1198.065099
-118.034121,170,1198.200748
-63.904674,291,1198.632386
-175.878361,162,1198.762786
-190.326976,158,1198.889872
-95.791817,189,1199.133417
-217.263092,113,1199.224221
-191.096225,174,1199.364239
-143.143119,168,1199.591493
-84.323129,197,1199.750775
-161.646611,159,1199.879133
-160.198566,171,1200.112539
-141.779821,353,1200.404697
-109.187911,247,1200.829801
-141.113647,164,1200.966776
-132.153776,127,1201.069122
-174.797674,173,1201.415018
-167.685746,228,1201.597977
-163.715763,147,1201.716208
-148.233646,148,1201.9312
-170.744442,134,1202.039219
-163.864841,158,1202.165651
-180.811692,177,1202.402422
-46.72879,390,1202.715162
-135.41537,226,1202.990382
-129.891288,155,1203.115147
-149.850355,143,1203.230621
-132.850748,389,1203.638921
-155.816133,249,1203.933846
-122.182187,240,1204.12629
-148.044899,161,1204.25792
-73.736771,195,1204.636582
-69.450976,256,1204.841236
-135.470241,173,1205.073561
-117.560529,347,1205.351637
-153.044117,184,1205.592822
-226.504731,507,1206.096391
-79.24914,307,1206.345202
-134.967675,192,1206.595567
-148.50935,354,1206.884656
-131.00907,195,1207.247762
-308.202583,665,1207.871521
-125.227687,263,1208.082076
0.150466,1000,1209.287135
-149.190413,340,1209.783199
-122.32222,257,1210.081379
-211.594242,259,1210.289497
-211.819083,149,1210.410011
-171.788365,203,1210.668647
-262.063169,1000,1211.672268
-446.06541,869,1212.463768
-176.607518,171,1212.694508
-99.409297,409,1213.117114
-231.979738,654,1213.737648
-64.301214,241,1213.930635
-146.665764,382,1214.336406
-186.851253,343,1214.704112
-134.212557,389,1215.017087
-8.728504,308,1215.359778
-206.828792,332,1215.82079
60.537504,624,1216.41337
-21.976362,299,1216.746925
18.071457,928,1217.581424
77.574524,1000,1218.568883
119.121555,1000,1219.55162
-195.303532,1000,1220.534241
23.223429,1000,1221.523525
-41.027741,1000,1222.506713
-160.3171,1000,1223.497896
-391.24934,1000,1224.479407
-34.835448,1000,1225.458113
-651.762303,540,1225.990652
-10.753049,1000,1226.971201
29.950099,1000,1228.092815
-726.21863,419,1228.520641
-282.72262,1000,1229.502452
-726.988062,981,1230.702634
-967.532639,800,1231.538756
-195.172338,474,1232.13395
-369.693679,1000,1233.358737
-104.119761,1000,1234.578659
-894.655215,551,1235.220634
-230.473591,1000,1236.413404
-725.138448,324,1236.896486
-640.99286,446,1237.477017
-739.879211,795,1238.327903
-27.164296,1000,1241.673357
-666.085866,574,1242.294396
-873.305007,268,1242.729478
-659.510982,893,1243.661766
-723.874449,557,1244.542218
118.867064,1000,1245.558997
-112.541409,1000,1246.786728
139.688068,1000,1248.030403
-9.031291,1000,1249.249155
291.763943,1000,1250.495663
44.892274,814,1251.594565
164.765208,1000,1252.82673
187.034332,1000,1253.812066
-63.157256,1000,1254.797695
-112.465457,338,1255.066611
12.110283,556,1255.702127
99.140375,1000,1256.594997
-37.796074,714,1257.355379
-22.689428,260,1257.562399
526.343641,1000,1258.542707
442.620464,1000,1259.526033
177.769485,1000,1260.510795
-44.026974,458,1260.968942
-1.263622,321,1261.316678
23.136988,913,1262.450345
367.501589,1000,1263.477096
-58.2491,334,1263.970737
-117.853877,267,1264.409615
17.340239,286,1264.636928
-47.383291,323,1265.120565
26.066525,735,1265.901755
21.3706,314,1266.351964
-113.0496,246,1266.546647
-60.576462,235,1266.96266
-65.659149,314,1267.21424
1.749187,496,1267.814253
-52.008096,244,1268.20676
-149.944203,179,1268.349705
-9.644441,345,1268.830291
-117.136401,250,1269.028289
-138.241931,171,1269.391353
-30.378809,240,1269.581991
92.469303,436,1270.149964
-142.078503,165,1270.281085
-109.736848,176,1270.648517
-66.672826,248,1270.844924
48.184284,435,1271.418041
-56.802664,198,1271.577209
78.853436,300,1272.043826
-12.484039,270,1272.48554
-163.967277,233,1272.670991
-72.606239,205,1272.833539
-120.319682,182,1273.156793
-18.359797,250,1273.357196
-19.051454,234,1273.746992
-111.639778,172,1273.884158
-51.526346,205,1274.047614
-15.485684,244,1274.443579
-135.581128,185,1274.591402
15.255409,288,1275.064458
-56.444294,231,1275.247612
54.025423,321,1275.705736
-48.941102,228,1275.887367
-730.945215,286,1276.335536
-12.929375,245,1276.530199
-98.417757,185,1276.901642
-9.137672,266,1277.113782
-169.141661,152,1277.432785
-161.828425,166,1277.566063
-74.789748,172,1277.703714
-40.478422,266,1278.141026
-163.403151,164,1278.272631
-113.415933,175,1278.411901
-99.791237,168,1278.770856
-74.373954,197,1278.927369
-75.972496,173,1279.064677
-83.138121,186,1279.436506
-55.907187,253,1279.637093
-174.025616,156,1279.892673
37.120234,283,1280.117476
25.68617,305,1280.565228
80.941732,291,1280.796152
20.251599,317,1281.280241
-142.439293,149,1281.400691
67.297431,272,1281.77505
30.638787,237,1281.963919
-117.658391,166,1282.295105
19.869429,204,1282.458596
-33.296391,243,1282.651347
88.676557,316,1283.132138
-144.752266,166,1283.26703
192.348628,411,1283.817832
17.831358,248,1284.234415
-109.952643,159,1284.361343
43.954082,323,1284.857773
-76.877257,181,1285.001887
120.499571,354,1285.488871
-60.808795,233,1285.673237
193.038944,437,1286.224981
127.612502,428,1286.805089
-13.831361,229,1286.986205
70.049051,330,1287.449159
-34.993531,204,1287.612167
31.806887,310,1288.08578
-147.409249,162,1288.216118
-22.489221,221,1288.618135
-129.15218,174,1288.756723
18.144246,259,1289.054235
-9.632307,214,1289.22567
-66.647435,173,1289.364111
68.602718,331,1289.722681
145.266612,357,1290.101233
2.288659,234,1290.286827
7.019505,237,1290.685887
-50.590071,227,1290.866667
-164.500819,160,1290.99396
-67.462496,197,1291.37471
6.481583,275,1291.593301
3.646305,246,1292.022915
-60.011764,239,1292.212653
-6.27554,347,1292.7227
-134.75913,241,1292.936695
-17.908658,374,1293.377735
-42.006669,246,1293.796012
54.605641,262,1294.008806
-48.277623,228,1294.191139
72.358057,321,1294.632023
-43.704401,205,1294.794635
-53.22407,249,1295.210026
-12.202022,247,1295.407772
-11.189301,212,1295.813033
103.064295,387,1296.211443
-57.652486,202,1296.371995
-169.007997,159,1296.499598
-104.238947,170,1296.727064
-103.55518,149,1296.846693
-1.907338,212,1297.016154
-119.791928,266,1297.440943
-132.176343,162,1297.569118
-132.776349,156,1297.921858
-56.244158,261,1298.137884
-58.425206,206,1298.303566
82.024145,514,1299.892587
-87.694993,172,1300.26523
-134.550598,168,1300.398573
-107.698326,166,1300.530951
-25.606825,222,1300.911479
-176.1301,157,1301.036061
-52.936903,217,1301.442524
-37.304999,227,1301.623766
-35.275785,197,1301.781253
-143.248141,149,1302.116486
-167.454839,145,1302.233021
-59.546772,198,1302.390497
-106.022291,179,1302.74318
-190.024094,166,1302.87495
-191.909515,157,1302.999865
-153.734566,161,1303.356081
-140.033639,147,1303.473379
-164.131196,166,1303.604889
-194.104389,158,1303.959749
-169.077956,184,1304.104959
-182.854343,160,1304.232499
-40.801692,230,1304.630262
-160.293824,168,1304.762756
-145.724498,145,1304.877135
-173.404168,143,1305.217983
-152.442877,150,1305.339351
-86.917058,211,1305.507324
73.122108,375,1306.003798
-142.395843,187,1306.151784
-158.906316,149,1306.487835
-154.780409,152,1306.609082
-169.287655,153,1306.729925
-142.115314,166,1307.08863
-163.736554,161,1307.216259
-174.717708,148,1307.334841
-130.933168,160,1307.685625
-23.5498,227,1307.865989
-15.519801,243,1308.057959
-108.933215,238,1308.445795
-124.723836,195,1308.600324
-41.078413,215,1308.968139
-186.705082,156,1309.092669
-152.239329,158,1309.219753
-135.398433,181,1309.459767
-44.618274,256,1309.662808
-460.068964,277,1309.972895
-55.867748,195,1310.127881
-179.056784,173,1310.264958
-125.946861,195,1310.514181
-67.940811,238,1310.703048
-70.370398,210,1310.963485
-156.949582,164,1311.09358
-166.595372,186,1311.240838
-153.944501,157,1311.459504
-121.182183,171,1311.596058
-82.282574,469,1312.061807
-167.262896,164,1312.192518
-43.664913,254,1312.487339
-196.165547,159,1312.614639
-168.057051,158,1312.740326
-14.944641,405,1313.155021
-56.543976,236,1313.436291
-153.196499,165,1313.567334
-202.072276,157,1313.692125
-79.590593,261,1313.991586
-193.684158,159,1314.118695
29.426738,335,1314.478963
-109.326687,192,1314.63146
-162.910069,145,1314.74721
-146.185227,211,1315.008176
-48.636513,213,1315.177348
-159.068264,140,1315.293228
-204.055959,153,1315.506443
-83.75884,216,1315.678046
-143.662873,192,1315.92182
-131.839462,393,1316.231565
-140.033299,165,1316.453829
-40.28257,207,1316.61869
-146.738435,170,1316.753178
-141.274914,178,1316.98634
-145.043641,189,1317.136184
-122.48753,179,1317.278119
-138.844772,179,1317.512096
-128.713927,263,1317.719836
-189.013347,156,1317.938662
-52.622561,209,1318.104653
-119.733562,157,1318.229911
-107.61394,184,1318.469205
-138.308168,153,1318.590581
-114.661667,163,1318.720593
-73.626413,171,1318.949276
-171.741073,154,1319.07211
-123.396579,180,1319.214566
-151.787305,157,1319.553523
-70.365665,215,1319.724594
-31.887454,232,1320.128423
-25.805153,478,1320.511621
-17.542866,188,1320.887619
174.022722,416,1321.441951
-9.176961,220,1321.618292
-131.860233,174,1321.756548
-25.235057,241,1322.184055
-110.260568,165,1322.315149
9.243466,491,1322.905809
-106.480053,164,1323.035643
-1.239788,250,1323.458854
-29.512696,199,1323.616409
74.499174,391,1324.124395
46.203026,279,1324.571616
40.179909,355,1324.852398
54.241765,328,1325.320598
-27.798776,243,1325.512364
-88.394911,195,1325.903492
-11.002186,291,1326.133557
-114.618207,170,1326.467589
-28.328361,253,1326.669175
31.774171,319,1327.149285
-38.363334,191,1327.301089
-35.587669,207,1327.665917
159.915431,584,1328.351814
69.715762,316,1328.601907
-137.088572,153,1328.947394
-49.379248,277,1329.165837
199.49653,673,1330.139329
-94.692129,182,1330.283222
39.88455,309,1330.528881
-65.663734,241,1330.932764
-176.192135,170,1331.067036
-8.821358,246,1331.489092
-71.570879,215,1331.65877
25.518749,206,1332.018184
162.694945,799,1332.871287
-94.027919,237,1333.283895
-583.323199,377,1333.579469
-86.256216,200,1333.906595
-18.512425,251,1334.103914
42.177903,405,1334.648823
-99.839147,251,1335.053462
-148.033042,170,1335.189394
-100.589637,258,1335.391815
583.650899,1000,1336.584076
-111.719091,304,1337.055282
13.945476,240,1337.245453
-180.397013,178,1337.624815
-127.960363,186,1337.771571
-120.850158,162,1337.900105
-203.068484,155,1338.115445
-54.834211,223,1338.293044
61.517414,831,1339.142513
-120.551707,182,1339.286881
-168.994445,166,1339.419019
-107.170061,166,1339.643471
-21.480185,259,1339.84711
-115.465549,173,1340.170779
-111.394997,212,1340.337629
-102.469384,201,1340.497445
-58.749223,355,1340.979536
-60.394724,285,1341.430193
7.299875,300,1341.668658
-131.79807,202,1342.059037
-99.453851,215,1342.23005
-134.498245,256,1342.664228
-180.724041,319,1342.916449
-45.029831,190,1343.268979
-120.344733,263,1343.47695
-95.155062,209,1343.643069
-177.127232,167,1343.97578
-96.975693,179,1344.116318
-214.033485,149,1344.233668
-131.970604,140,1344.554446
-98.799616,202,1344.713485
-200.474617,167,1344.845037
-178.946544,149,1345.172988
-55.821469,399,1345.700243
-93.976928,231,1345.886325
-109.942177,246,1346.080251
-65.288866,718,1347.093707
-63.79954,610,1347.810096
-67.454128,199,1347.967435
-152.585394,178,1348.32473
-101.718826,267,1348.535194
-158.467834,248,1348.957329
-63.160273,208,1349.123173
-35.954644,221,1349.391764
-208.209877,157,1349.516482
-110.362413,195,1349.670038
-232.814088,158,1349.885679
-135.587635,187,1350.033521
9.90097,245,1350.227295
-95.224655,204,1350.486597
-179.373664,185,1350.633026
-94.537152,233,1350.908813
-1.797539,394,1351.220428
13.198478,516,1351.721491
-41.159114,208,1351.977981
-188.602219,164,1352.107896
-123.253156,185,1352.345838
-62.340679,354,1352.633089
-263.238044,982,1353.592566
-75.09392,240,1353.877683
-113.730834,637,1354.471675
-62.492692,296,1354.708324
279.769584,1000,1355.817966
-128.292724,180,1356.053807
-102.042025,282,1357.09073
24.364607,333,1357.449023
198.355163,593,1358.011464
-127.433335,190,1358.161789
62.650656,591,1358.815403
-50.677942,202,1358.975646
-149.990303,178,1359.117033
-44.00032,270,1359.423762
305.115685,903,1360.326798
19.850426,345,1360.600338
-79.609634,290,1360.923385
-76.272022,219,1361.097943
138.344752,517,1361.601735
195.028096,594,1362.464849
-4.044341,278,1362.688486
73.486428,293,1363.155976
-109.163205,632,1363.857074
-7.214992,264,1364.064782
-47.969923,502,1364.686277
55.768644,459,1365.222596
-4.174333,308,1365.681679
29.950432,456,1366.253656
68.585757,278,1366.474052
-10.664957,720,1367.503383
-82.828986,1000,1368.608182
-105.973458,776,1369.44342
61.916031,626,1370.138554
105.360912,312,1370.586185
-198.960363,848,1371.445311
66.452347,451,1371.899629
92.010019,472,1372.274289
1.079802,226,1372.547825
-94.158961,479,1373.019672
-701.786678,843,1373.780981
34.483018,475,1374.247849
-42.363104,298,1374.576949
-78.486914,240,1374.767723
-341.197851,851,1375.628021
-156.665797,241,1375.911777
7.368288,218,1376.09327
-81.605053,1000,1377.335442
-88.073599,194,1377.489233
48.664589,460,1378.078062
-145.705869,625,1378.797224
-61.407119,210,1379.16952
-192.215176,175,1379.30992
72.751726,269,1379.747202
-51.100692,215,1379.917533
-91.565631,238,1380.315877
-92.192191,160,1380.442637
-83.839862,187,1380.59149
-43.067873,366,1381.105759
-128.346816,188,1381.255026
85.856665,292,1381.71089
34.175131,449,1382.294543
-144.857594,169,1382.427731
-81.980726,150,1382.547513
-24.092236,200,1382.933619
-128.542166,131,1383.037788
-94.909419,150,1383.157775
-38.713784,352,1383.638786
-86.403796,198,1383.795716
-151.037112,1000,1385.021882
-22.251052,475,1385.497441
-189.085382,160,1385.719164
-66.767649,178,1385.860178
-72.951859,255,1386.155714
-206.694607,402,1386.475539
9.260825,683,1387.208479
-246.143372,451,1387.662267
-154.793792,172,1387.799504
-92.268363,159,1387.926503
-82.107682,191,1388.184
-32.991132,197,1388.341505
-45.782445,259,1388.552441
-99.717592,197,1388.809575
-185.584743,173,1388.947822
-148.494042,189,1389.189384
-34.298625,269,1389.406066
-272.501267,155,1389.530049
-161.718154,168,1389.75839
-81.562607,228,1389.940856
-138.312699,196,1390.096842
-129.949042,142,1390.380544
-123.953317,209,1390.549569
-68.573483,210,1390.91609
-236.165883,313,1391.165448
-547.048956,1000,1392.251427
-44.886296,277,1392.571975
25.463893,426,1393.126925
-607.910412,832,1393.882988
46.189394,345,1394.253155
-714.523189,741,1394.936687
6.236578,1000,1396.017125
-1004.704921,963,1396.962244
-107.265823,201,1397.121261
-482.300655,491,1397.677649
-148.633814,439,1398.119947
-157.394939,152,1398.333786
-367.928455,596,1398.899051
-117.780065,166,1399.030477
-177.054372,467,1399.493584
-202.704284,1000,1400.47002
-102.715341,296,1400.799554
19.554149,1000,1401.699796
-425.656779,676,1402.531277
91.978394,1000,1403.619698
-341.358384,513,1404.117409
54.796725,248,1404.314826
-82.817795,1000,1405.289544
-440.845463,609,1405.86287
11.610213,1000,1406.843801
79.333415,488,1407.321752
-388.96765,618,1407.994977
217.336432,1000,1408.976724
-5.413813,488,1409.573234
-96.524628,725,1411.378769
-259.777439,312,1411.62548
-147.984067,405,1412.165051
-321.192014,619,1412.891782
-139.271171,393,1413.441981
-115.736932,171,1413.81077
-109.019516,154,1413.936853
-303.051427,589,1414.622808
8.113758,270,1415.036216
-142.401241,153,1415.158716
-549.671349,669,1415.924688
26.82625,271,1416.362071
-128.484804,173,1416.499162
-141.160783,402,1417.027262
-259.067406,403,1417.580271
-269.149069,381,1417.887685
-690.932311,848,1418.995011
-46.174579,412,1419.529531
-677.092266,848,1420.438087
-7.335839,1000,1421.666177
-201.790106,148,1422.007241
-139.06941,176,1422.147069
-228.795501,109,1422.233922
-170.243187,124,1422.33189
-234.004548,1000,1423.456755
-205.147112,1000,1424.431802
-249.635148,660,1425.148226
-310.199285,762,1425.843728
-271.981078,543,1426.368666
-213.001852,491,1426.847044
-36.849246,1000,1428.09362
-73.080263,1000,1429.312773
-123.162577,1000,1430.554428
-167.877723,140,1430.665821
-486.763215,926,1431.798212
-214.060095,154,1431.919667
-421.592695,671,1432.901099
-480.630084,665,1433.52715
-207.917147,397,1433.931502
-174.247755,152,1434.051778
-505.005275,679,1434.681024
115.102878,1000,1435.663099
-155.735472,291,1435.985493
-345.984342,1000,1437.215391
55.766373,1000,1438.455633
-344.110822,1000,1439.572669
-251.612876,122,1439.668938
-148.236729,264,1439.972275
-112.010326,1000,1440.946491
-214.048683,137,1441.055179
-181.227053,145,1441.170564
-192.603067,152,1441.291294
-125.003809,605,1441.953837
-196.929494,1000,1442.834042
-135.744562,184,1443.071819
-264.467295,618,1443.659619
-357.104143,1000,1444.89629
-364.089874,628,1445.620482
-180.813396,134,1445.91938
-147.928866,170,1446.060627
-212.720029,132,1446.165287
-269.657825,124,1446.263136
-189.142985,147,1446.594527
-229.518702,134,1446.7012
-208.210396,454,1447.287315
-331.825213,518,1447.788628
-173.690827,357,1448.071928
-188.118521,185,1448.31277
-48.832364,1000,1449.291128
-177.606946,147,1449.408285
-130.18062,156,1449.532015
-222.087817,124,1449.723825
-332.58662,158,1449.849793
-227.362231,138,1449.959751
-174.227409,463,1450.418389
-198.542889,152,1450.540032
-320.467965,94,1450.705947
-235.926329,388,1451.013171
-195.237942,556,1451.677237
-339.920634,913,1452.797751
-156.646568,183,1453.175385
149.131589,1000,1454.395437
-161.664705,144,1454.513317
-428.637334,617,1455.097898
-37.641238,1000,1456.074378
244.041894,1000,1457.053199
-77.556716,607,1457.626721
-735.047396,332,1457.976751
-189.894417,392,1458.38243
-276.838761,497,1458.776499
-228.745679,131,1458.973426
-145.543141,206,1459.136778
42.684916,1000,1460.111155
-112.362042,182,1460.25608
-166.829591,162,1460.476861
-182.270276,688,1461.115045
-786.2174,823,1461.95527
-780.769035,845,1462.723437
-190.788849,1000,1463.703851
-574.78342,664,1464.421112
-84.670325,181,1464.56536
-49.70314,553,1465.09809
-229.805759,317,1465.442833
-247.561104,158,1465.569011
-193.795923,159,1466.547191
-203.594176,225,1466.832354
-577.147033,653,1467.444411
-228.668606,179,1467.587954
-306.553283,316,1467.929904
-207.433491,155,1468.05415
-17.449497,263,1468.356203
-206.211123,377,1468.752313
-147.04139,137,1468.861958
-7.926218,288,1469.091441
-169.143762,134,1469.291163
-19.518675,211,1469.459744
-232.545477,159,1469.586013
-129.054709,367,1469.969338
-213.191277,275,1470.281912
-175.985489,192,1470.434427
-188.158084,159,1470.561164
-130.8829,223,1470.830739
-185.049778,185,1470.976938
-190.971964,184,1471.122591
-575.290607,512,1471.622414
-118.706531,210,1471.885023
-173.039751,177,1472.025634
-187.027063,176,1472.259713
-191.522953,158,1472.386292
-147.864013,256,1472.591312
-100.791611,210,1472.854062
-306.22795,321,1473.108382
-200.34778,139,1473.418411
-184.945202,324,1473.67481
-39.130634,255,1474.101424
-375.348904,590,1474.796243
-288.888433,334,1475.257967
-204.938328,376,1475.559565
-53.232395,280,1476.010378
-249.069163,478,1476.482478
-212.035219,253,1476.684078
-112.197847,410,1477.101911
-169.718154,252,1477.394387
-128.068982,364,1477.682616
-134.283925,410,1478.098872
42.190809,414,1478.5244
-547.110918,579,1479.072623
-90.586078,260,1479.378863
-92.787726,435,1479.721163
-101.179235,429,1480.151068
-128.104052,208,1480.409184
-71.610456,308,1480.652442
-122.655495,207,1480.907757
-79.69713,247,1481.105187
-32.791466,325,1481.462793
-204.982537,146,1481.578341
-440.895578,590,1482.134565
-237.602829,526,1482.642978
-27.846733,295,1482.968112
-129.402587,375,1483.356441
-168.616337,408,1483.679142
-71.417681,408,1484.093925
-125.896073,477,1484.563592
-89.871141,240,1484.845217
-176.254412,437,1485.192126
-110.463361,217,1485.458856
-156.157149,329,1485.718012
-227.722153,551,1486.335633
-528.855835,765,1487.032405
-3.312563,333,1487.385986
70.350202,367,1487.67549
-365.715935,514,1488.17212
-156.175337,316,1488.51553
-63.461312,264,1488.816768
-199.468315,157,1488.942048
-80.229458,222,1489.12331
-243.452331,442,1489.566408
-298.802737,389,1489.965387
-126.530214,1000,1490.940023
-84.307789,504,1491.426781
-133.281302,372,1491.811463
-128.843826,210,1491.977573
-10.573859,1000,1493.080536
-84.671775,242,1493.273268
-196.758382,359,1493.649249
-80.873186,315,1493.98882
-105.88042,174,1494.126788
-450.255677,673,1494.751488
-302.323606,277,1495.065028
-176.615663,371,1495.579667
-92.639501,215,1495.749426
-180.479806,472,1496.216779
-124.833371,210,1496.383526
-163.596674,181,1496.619043
-66.709842,206,1496.782296
-118.108298,461,1497.246164
-167.093751,1000,1498.22208
-113.944117,572,1498.771517
-64.933198,298,1499.100629
-108.205142,198,1499.256679
-158.04553,624,1499.847149
-269.818952,455,1500.297733
-69.60318,177,1500.535868
17.609968,325,1500.799638
18.124981,441,1501.345729
241.04634,362,1501.855358
23.760519,634,1502.580347
-57.54723,231,1502.762518
46.18377,217,1503.133057
63.731897,241,1503.323943
-172.44331,773,1504.35892
-34.947794,212,1504.52761
-14.269227,263,1504.94998
-76.528625,406,1505.498201
306.879913,993,1506.508781
-98.342308,211,1506.900358
-37.678818,222,1507.076706
-42.992743,229,1507.456769
195.067295,468,1508.063175
-99.270125,173,1508.200266
304.093187,478,1508.800695
16.499035,279,1509.111331
76.36911,471,1509.483422
-74.688432,257,1509.776604
-109.534053,157,1509.90001
90.039514,560,1510.433633
-49.761664,244,1510.845267
-23.655487,244,1511.037087
-73.550835,917,1512.179399
102.773088,953,1513.218255
383.503518,1000,1514.41971
-167.153944,743,1515.210335
268.271874,1000,1516.455754
-195.762009,679,1517.415143
-172.537781,707,1518.195822
8.721768,355,1518.704616
-132.830312,624,1520.154197
130.412656,1000,1521.369216
34.741588,531,1522.013891
-2.220037,318,1522.467026
58.023343,1000,1523.45673
44.089794,254,1523.870831
-381.953745,628,1524.574589
-48.616605,223,1524.954206
-168.332764,159,1525.080398
-104.73531,177,1525.220671
55.641792,388,1525.75225
-6.413556,263,1526.185226
122.801892,485,1526.768621
-21.607282,337,1527.042826
-143.017709,414,1527.600579
-134.51249,1000,1528.851412
-109.720789,224,1529.027713
62.728979,343,1529.501717
154.293005,1000,1530.696095
-670.858351,664,1531.456135
-78.660542,234,1531.864381
-129.898254,319,1532.114479
19.51413,556,1532.791651
-529.30132,690,1533.761823
-19.835213,212,1533.92966
-16.072216,207,1534.318757
-567.668026,589,1535.01667
-64.482338,238,1535.203676
-142.236519,316,1535.676978
-752.182727,676,1536.431733
65.093561,1000,1537.679872
-34.165154,207,1538.0468
211.07882,483,1538.426409
-709.351002,761,1539.476617
-688.634833,907,1540.636437
-27.47173,228,1540.816667
-74.560698,334,1541.316116
-795.766902,832,1542.184349
-142.076709,159,1542.533328
37.255688,293,1542.765945
-471.538316,1000,1543.738161
-502.980287,552,1544.264412
-92.283311,1000,1545.2341
94.264026,279,1545.550095
-475.235954,581,1546.231664
70.650094,317,1546.680941
26.638368,290,1546.911981
-688.279579,572,1547.586862
-330.130623,1000,1548.818175
-355.983291,700,1549.795508
42.016607,340,1550.062788
220.907047,440,1550.633248
131.929996,1000,1551.897813
-418.12435,850,1552.993249
-324.275179,496,1553.590829
-297.404001,456,1554.056514
16.744224,1000,1555.02708
-293.216279,1000,1556.118526
303.753031,1000,1557.137345
-597.944973,197,1557.515266
-322.991095,440,1558.087683
-688.435403,174,1558.224026
-492.297596,339,1558.715418
366.110319,869,1559.623986
191.119335,756,1560.628154
-714.8531,230,1560.809648
-581.837264,264,1561.221823
67.573127,475,1561.802157
-481.454809,254,1562.001005
-123.559552,379,1562.508657
70.439467,639,1563.100935
-624.961308,209,1563.464282
-613.345136,217,1563.633112
-494.387321,205,1563.886422
-622.83846,195,1564.039327
-635.830259,229,1564.21936
-454.12353,310,1564.559346
-542.014879,219,1564.730797
-259.328271,410,1565.14922
-635.663904,203,1565.401306
-336.490217,339,1565.667816
115.606362,652,1566.37641
-289.486127,505,1566.773795
-107.136293,646,1567.575468
-610.81201,226,1567.752923
-141.547909,506,1568.240715
-167.969736,502,1568.725949
-630.563632,237,1569.002259
5.981253,865,1569.772676
-150.658418,924,1570.683405
597.751834,1000,1571.74791
23.70748,408,1572.158092
779.557571,1000,1573.263198
-380.904316,406,1573.781173
-315.607113,459,1574.230965
401.777202,1000,1575.110321
99.945202,770,1575.900976
-676.028109,134,1576.005985
-698.829397,152,1576.216331
-322.485494,497,1576.797788
-723.875563,128,1580.213966
-676.023632,109,1580.299024
-739.770406,295,1580.622462
483.208138,1000,1581.500262
-669.342424,136,1581.701476
-198.598892,682,1582.339445
-740.162441,144,1582.452632
-215.72795,560,1582.9842
-672.585051,169,1583.209226
-431.73594,358,1583.495445
-23.563009,652,1584.411704
-676.033151,149,1584.528256
-94.130684,630,1585.228027
-757.238518,164,1585.583027
-723.29932,159,1585.708462
-659.258157,128,1585.809057
-735.614272,218,1586.205609
-713.821442,102,1586.285946
-787.720111,161,1586.411885
-281.013777,496,1587.118837
-723.199994,117,1587.245259
-719.052367,164,1587.76596
-705.038784,134,1587.910143
-711.966712,150,1588.069806
-742.744012,173,1588.582299
-84.40227,717,1590.220557
-712.529427,111,1590.42435
-777.493168,251,1591.120057
-714.720331,156,1591.400268
-277.805767,430,1592.370844
-741.883419,172,1592.676224
-730.403058,384,1593.571116
-678.660253,139,1593.822185
54.870766,587,1595.187687
-590.52264,267,1596.324837
-448.884037,349,1596.974243
-644.72872,198,1597.962392
-11.809896,571,1599.806132
-741.035333,168,1600.129097
-706.296431,155,1600.760228
-274.160173,584,1602.325289
628.939585,1000,1604.863291
-715.142992,131,1605.15068
-710.407134,152,1605.471043
-705.980876,145,1606.416824
219.78732,685,1608.331798
-276.659754,405,1609.692771
-654.418036,122,1609.931329
-732.233103,165,1610.25128
-698.779913,215,1611.086626
-98.324109,650,1612.945231
-340.379749,414,1614.348062
-209.89879,519,1615.544662
-810.922505,178,1615.869099
875.833649,1000,1618.752897
212.176229,674,1620.370362
-560.727758,282,1621.189543
-578.931279,307,1622.267114
-501.634469,374,1622.995647
-345.043827,476,1624.501543
-742.266736,250,1625.560896
-703.576288,136,1625.81725
-700.781747,147,1626.08521
145.469789,571,1627.878269
-742.941938,170,1628.776551
-194.442661,603,1630.162673
-667.26492,135,1630.447316
197.993668,716,1632.026492
-136.836861,577,1633.976636
-471.646357,352,1634.607755
-484.621621,259,1635.276633
78.793666,710,1637.123178
277.076746,839,1639.867531
-409.333391,290,1640.402034
-329.254312,255,1641.21707
-354.088922,442,1642.244071
169.096813,626,1643.65907
-131.926624,561,1645.048648
-154.968813,480,1646.229857
-488.218636,329,1647.097165
-565.47547,232,1647.50158
-117.512393,476,1648.62998
-655.192757,270,1649.821735
-631.366056,180,1650.192598
-164.066089,422,1651.284242
-374.390345,434,1652.715292
-536.189779,394,1653.416733
-103.504296,452,1654.841017
-131.748667,479,1655.963861
330.084367,822,1658.460459
-202.226216,529,1660.147685
-124.756401,478,1661.691674
-612.632348,399,1663.057643
-714.086749,205,1663.433619
-568.535795,209,1663.827886
-647.067456,159,1664.385492
-507.458923,263,1664.887073
-47.937563,598,1666.490451
-623.141113,197,1667.085357
-713.510605,200,1667.461802
-665.47963,225,1668.06269
-398.918632,452,1668.939298
-724.540956,255,1669.637831
-601.691079,299,1670.862344
-659.829842,152,1671.142491
-520.434813,274,1671.645076
-621.708268,227,1672.704074
-671.937964,179,1673.053226
-664.77511,151,1673.326645
-639.741179,148,1674.251829
-660.578805,177,1674.584475
-655.246056,129,1674.819435
-714.393377,169,1675.726035
-684.776322,169,1676.029335
-667.611117,135,1676.265807
-660.452398,129,1676.697362
-699.201058,117,1676.909732
-685.470776,129,1677.145954
-692.298161,138,1677.397739
-723.372213,173,1678.099317
-682.144797,124,1678.341031
-678.968104,155,1678.642526
-661.584005,137,1678.898281
-664.998325,138,1679.369073
-650.224366,171,1679.706111
-605.094299,168,1680.022219
-668.645033,135,1680.491609
-661.996836,173,1680.812051
-637.359151,107,1681.00994
-639.023202,142,1681.273598
-685.908167,132,1681.770198
-701.585253,126,1682.03131
-680.074658,130,1682.294864
-660.385779,108,1682.485044
-641.556274,164,1683.022509
-683.963524,119,1683.25525
-696.041238,126,1683.485021
-618.132873,112,1683.695385
-665.211098,159,1684.190186
-691.735731,110,1684.387473
-676.948546,119,1684.600934
-675.054513,146,1684.867842
-665.004098,108,1685.348479
-676.524555,122,1685.56861
-671.120798,131,1685.799886
-635.513099,103,1685.983472
-656.251701,121,1686.404024
-708.946627,187,1686.73612
-674.257316,147,1686.99507
-666.113651,144,1687.464348
-656.906475,152,1687.746758
-672.384978,124,1687.966367
-675.711243,116,1688.170641
-700.556163,165,1688.688401
-741.802766,214,1689.089822
-684.649658,116,1689.294825
-677.032267,124,1689.73094
-593.714079,100,1689.931088
-625.592417,151,1690.236707
-649.4076,163,1690.540785
-679.078682,150,1691.041462
-682.240828,149,1691.311299
-654.930635,122,1691.530048
-690.496886,140,1691.792212
-663.761453,127,1692.231864
-664.113478,151,1692.530761
-682.095005,195,1692.915789
-716.956006,159,1693.445952
-712.26436,164,1693.743067
-682.115238,188,1694.100806
-654.907325,151,1694.59963
-638.658339,209,1694.969157
-646.838556,163,1695.262009
-614.279897,138,1695.719521
-687.743464,180,1696.048519
-658.021291,141,1696.297523
-675.348993,171,1696.81318
-677.175592,234,1697.23721
-681.364534,121,1697.452049
-702.196042,183,1697.989665
-657.127697,172,1698.299331
-686.503517,132,1698.549225
-685.689102,155,1699.068808
-653.348702,158,1699.37307
-683.269227,157,1699.660399
-673.616285,156,1699.936707
-702.290847,188,1700.486655
-549.370889,295,1702.231254
-728.220029,233,1702.857055
-643.869797,241,1703.319602
-635.206221,147,1703.816
-705.280922,211,1704.221016
-742.843717,168,1704.553658
-687.202031,148,1705.027909
-694.855333,127,1705.257625
-572.642316,309,1705.818845
-703.936997,120,1706.254807
-748.553016,305,1706.789464
-701.757061,132,1707.229712
-654.0241,215,1707.623204
-687.974079,141,1707.875792
-695.53195,265,1708.60138
-645.998246,180,1708.940261
-689.766536,129,1709.175962
-698.585774,118,1709.609676
-577.160821,333,1710.253693
-298.230504,917,1712.405131
-714.958249,125,1712.634109
-714.733141,178,1713.223105
-660.944876,350,1713.886564
-678.027321,136,1714.350684
-481.060259,663,1715.801479
-761.048019,224,1716.225714
-586.785674,91,1716.600687
-677.458782,143,1716.872145
-699.281515,126,1717.122091
-600.187285,334,1717.954922
-760.070564,195,1718.356369
-765.45805,268,1719.430141
-531.198015,348,1720.097038
-704.735602,135,1720.561949
-689.236413,207,1720.961235
-710.806134,114,1721.180079
-533.930532,622,1722.594471
-314.919237,426,1723.684518
-697.795746,128,1723.979824
-644.731492,193,1725.08215
-791.299014,261,1725.604125
-233.784653,554,1727.301162
-813.311028,249,1728.347178
-615.568378,297,1729.457165
303.910588,995,1731.507403
-510.081377,488,1732.629004
589.421282,1000,1735.365586
596.287308,1000,1737.640881
-716.466453,171,1738.207148
-306.907274,485,1739.452714
-243.356239,598,1741.412436
-259.835426,678,1743.012343
-639.858836,301,1744.267692
-95.76344,744,1746.35465
261.293447,799,1749.21452
594.757816,1000,1751.879708
-535.301293,478,1752.952899
-212.898406,491,1754.029508
-406.093523,403,1754.765482
-601.131613,358,1755.663963
-203.973117,717,1757.601505
-458.147375,559,1759.519912
-618.863658,330,1760.217332
-257.320594,530,1761.741223
-389.04158,615,1763.090957
-624.73482,335,1763.959095
136.644394,984,1766.247807
-261.5198,608,1767.559425
-269.544758,677,1769.03507
-538.338437,212,1770.007515
-677.92473,426,1771.376404
-723.239923,261,1771.833099
-574.58655,489,1772.978496
-673.065445,210,1773.879073
-611.437342,224,1774.281873
-599.21206,107,1774.473414
-679.237482,431,1775.89953
-409.79503,385,1777.404663
-695.639346,136,1777.671556
-731.383865,180,1778.016309
-605.156228,229,1779.075045
-579.244677,301,1779.613945
-680.081759,288,1780.787181
-667.587028,112,1781.000041
-491.502449,695,1783.116476
-278.204076,538,1784.825559
-564.919735,227,1785.271911
-441.622014,750,1787.999251
-368.010932,648,1789.813123
530.011498,1000,1792.999746
48.586063,969,1796.145205
-703.691825,238,1796.569846
-650.110544,199,1797.561568
-765.893935,582,1799.325152
-401.843779,418,1800.06711
-725.488561,317,1801.288178
-635.190559,227,1801.918388
-679.294514,353,1802.572668
-667.167547,360,1803.497558
-634.750405,227,1803.925314
-208.560041,832,1805.923207
-437.833353,602,1807.331476
-474.783502,339,1808.162018
-605.762356,225,1808.565864
-230.569374,401,1809.488552
-351.054946,477,1810.553014
-647.799765,197,1810.900658
-501.176563,433,1811.87259
-526.146876,656,1814.502841
-594.953134,292,1815.084051
-523.424878,317,1816.286844
-455.209026,439,1817.771777
-662.060863,155,1818.074028
-647.503684,205,1818.472411
-661.906199,258,1819.627784
-599.029764,245,1820.059604
-584.55946,213,1821.090425
-432.646919,566,1822.738029
-687.124899,148,1823.008456
-649.819171,126,1823.229429
-442.762092,440,1824.732185
-503.965332,359,1826.081035
-484.321615,318,1826.688041
-467.080508,405,1828.121029
-591.206702,214,1829.192248
-628.89736,200,1829.562849
-480.430537,551,1831.234565
-560.447125,315,1832.461154
-605.934819,622,1834.317979
-595.504176,181,1834.6414
-404.399928,347,1835.887382
-342.209229,616,1837.558655
-491.491707,318,1840.644038
-482.065016,931,1843.543603
-543.907275,329,1844.116915
-440.487442,839,1846.93942
-551.045403,190,1847.303288
-541.036729,293,1848.476957
-501.486987,258,1848.971608
-551.620006,401,1850.289897
-388.350125,602,1852.056568
-630.586772,310,1852.830729
-595.545639,121,1853.042477
-544.635878,286,1853.806218
-622.185244,211,1854.213832
-509.515027,246,1854.90044
-614.025964,236,1855.341999
-516.661375,259,1856.053354
-516.588245,534,1857.316952
-621.998962,185,1857.677746
-659.923887,137,1857.91814
-502.553983,310,1858.721944
-655.65973,137,1858.968987
-626.602741,160,1859.281036
-347.308885,320,1860.116092
-485.667369,329,1860.94832
-460.899486,493,1862.069015
-541.943945,102,1862.261586
-635.312019,212,1862.677122
-588.947813,229,1863.781161
-568.486141,177,1864.122493
-614.489746,193,1864.481811
-574.374225,171,1865.436496
-593.555271,316,1866.027788
-489.063198,421,1867.524477
-527.755667,310,1868.656685
-557.232401,243,1869.100268
-630.025559,220,1870.170968
-589.496978,166,1870.466369
-594.495446,166,1870.767023
-603.272459,162,1871.677007
-540.583004,176,1872.01269
-629.23249,156,1872.311554
-617.068108,229,1873.358845
-548.200881,380,1874.301844
-621.782287,164,1874.605008
-636.529113,207,1875.01243
-567.60724,165,1875.547398
-617.849118,161,1875.858683
-563.634961,168,1876.174881
-589.027691,280,1877.281053
-558.912466,246,1877.716978
-563.443486,167,1878.610339
-573.501785,256,1879.106235
-629.065115,156,1879.40315
-676.18358,159,1880.288274
-628.760945,222,1880.677959
-637.298506,155,1880.971591
-463.061485,329,1882.212718
-627.781542,198,1883.200963
-646.214128,127,1883.466639
-592.387323,141,1883.736231
-614.855904,208,1884.106018
-596.179915,162,1885.026176
-641.419063,123,1885.2646
-571.210182,163,1885.577626
-514.582692,240,1886.65245
-558.203167,139,1886.899028
-550.403469,233,1887.913064
-606.244799,133,1888.177022
-580.639763,165,1888.489115
-627.82112,195,1888.846232
-569.461064,161,1889.746525
-605.446336,203,1890.126434
-565.296087,164,1890.420369
-567.019546,188,1891.384086
-587.055152,187,1891.730222
-605.695017,191,1892.706038
-593.927564,212,1893.128494
-596.24635,162,1893.472321
-506.092064,181,1894.242861
-605.942745,210,1894.615814
-702.771216,150,1894.876827
-648.956161,162,1895.36998
-597.183092,175,1895.674596
-557.49573,282,1896.375109
-695.854365,157,1896.647779
-601.144549,210,1897.023426
-643.345494,165,1897.899098
-591.350961,274,1898.384305
-588.608206,206,1899.364145
-722.154281,172,1899.667119
-597.539593,198,1900.014527
-556.14319,223,1900.949616
-637.595025,189,1901.278858
-534.453117,181,1901.593933
-465.156095,306,1902.354948
-590.380305,164,1902.661508
-407.079782,318,1903.492295
-646.704231,167,1903.788224
-579.727621,95,1904.162075
-600.524569,205,1904.535204
-597.296389,165,1904.822494
-630.898692,159,1905.30999
-643.870616,192,1905.653537
-623.896605,210,1906.020051
-561.597713,389,1906.922279
-569.255348,114,1907.119742
-526.045722,246,1907.759243
-512.514183,359,1908.39484
-492.459203,176,1908.944721
-548.274749,185,1909.271468
-644.66665,205,1910.219481
-398.237959,393,1910.90442
-512.701326,312,1911.664207
-651.153015,231,1912.092069
-561.154447,170,1912.606683
-551.009879,177,1912.914907
-581.901201,173,1913.217348
-485.665612,379,1914.101358
-590.211546,169,1914.607469
-520.118288,249,1915.051349
-510.109581,359,1916.257417
-468.153537,315,1916.813728
-623.610603,200,1917.783613
-625.615211,134,1918.019584
-647.249452,170,1918.324488
-549.586763,572,1919.929618
-653.77113,169,1920.810193
-527.987535,184,1921.131889
-535.274237,285,1922.211213
-578.350226,201,1922.563156
-637.095169,308,1923.686944
-309.177403,533,1925.213929
-345.53598,321,1925.773316
-475.799789,311,1927.008136
104.318726,851,1929.8526
25.927316,771,1931.463322
-579.191629,191,1931.835992
-189.75761,778,1933.776338
-592.694062,282,1934.524807
-242.400114,722,1936.567087
-473.435837,519,1938.181074
-542.933994,272,1938.675055
-453.153585,396,1940.056338
-174.299422,239,1941.183941
-616.652153,286,1941.735989
-356.623396,531,1943.331195
-499.123743,319,1944.56484
-340.39923,986,1947.6714
-592.358283,468,1949.053014
-604.017944,108,1949.247485
-375.207991,552,1950.921801
-387.975451,400,1952.329788
-635.351476,216,1952.741349
-568.260919,243,1953.81207
-567.475637,236,1954.239887
-522.078333,358,1955.566534
-676.051217,237,1956.009342
-382.095492,577,1958.419143
331.810714,1000,1960.975002
-618.699836,156,1961.846081
-579.854001,294,1962.382174
-652.084142,356,1963.672313
-534.055339,388,1965.038648
35.245049,988,1967.311068
-496.261859,241,1967.756765
-594.428617,290,1968.480695
-551.612047,219,1968.872994
-583.382759,227,1970.053312
-14.351502,943,1972.464314
-607.056435,350,1973.67792
-261.789916,671,1975.577338
-310.655012,522,1977.238255
-298.566431,502,1978.822773
-548.329578,230,1979.900624
-572.964033,429,1986.296861
-467.615385,309,1986.855489
-64.730381,971,1989.980219
188.974297,613,1991.742652
3.407453,386,1993.135917
346.686111,761,1995.956936
-716.964615,117,1996.180551
-435.555326,589,1997.8558
-250.348849,661,1999.644404
-422.508634,354,2000.926805
-475.790092,403,2002.333436
-377.685747,667,2004.269761
498.256211,1000,2007.402878
376.801991,1000,2010.613744
-54.612046,231,2011.602659
-639.584316,124,2011.856565
-503.633062,285,2012.417957
483.690916,1000,2014.733146
893.367452,1000,2017.063309
-477.645163,559,2018.344427
479.25214,1000,2020.651977
-447.021415,798,2023.069473
522.647844,1000,2025.405709
331.180954,1000,2028.132516
-281.515624,619,2029.545162
-652.681479,131,2029.783768
693.143752,1000,2032.118809
-189.42063,887,2034.559945
-430.061516,968,2037.537304
-95.229484,288,2038.037488
-520.239839,319,2039.355473
-347.462527,735,2041.351114
-340.066624,992,2043.672021
-467.05456,953,2046.660555
571.045326,1000,2049.7748
-465.151403,564,2051.46922
623.039796,1000,2054.416484
291.314456,1000,2057.496477
-424.304808,264,2058.169158
553.899003,1000,2060.390134
446.589782,1000,2062.649067
-404.108034,651,2064.478516
373.627512,1000,2066.760793
445.19222,1000,2069.748904
561.234928,1000,2072.42891
806.639424,1000,2075.631912
127.72745,528,2077.238922
-216.394152,271,2077.756793
97.254473,515,2079.270435
-38.313195,435,2080.703731
5.776137,367,2082.033422
-242.320105,819,2084.211085
-96.324163,240,2085.284528
-518.104339,334,2086.144444
-61.721576,427,2086.96704
-50.186471,423,2087.974012
-172.670383,168,2088.284133
-136.335129,162,2088.799308
-189.452285,268,2089.273149
-122.345586,741,2091.443415
106.263137,540,2093.011291
-99.561726,205,2093.422101
-526.505779,321,2094.68418
541.273265,1000,2097.14971
-394.814606,198,2097.513832
-428.092231,652,2099.055229
-751.675529,261,2100.300733
768.120451,1000,2103.135973
809.097917,1000,2105.987119
220.801273,1000,2108.379007
565.045078,1000,2111.431078
109.45877,507,2112.981766
-285.246949,816,2115.124923
571.592886,1000,2118.337998
643.698739,1000,2121.35105
378.564162,1000,2124.271862
12.259594,427,2125.241144
531.363741,1000,2129.933044
-156.506575,216,2130.313054
117.346256,784,2132.50113
560.085399,1000,2135.406133
-272.194606,214,2135.779626
-62.374132,811,2138.413022
-311.511214,809,2140.999554
-315.66185,645,2142.767025
293.613876,1000,2145.008342
-703.404731,208,2145.371662
281.206833,1000,2147.590595
-408.648385,341,2148.41349
-628.213694,360,2149.069342
-193.577013,353,2149.929332
-274.114524,643,2151.640861
192.246597,923,2154.489391
-132.309788,290,2155.614499
-152.011295,583,2157.353053
421.048198,1000,2160.332559
35.796372,740,2162.236158
-632.492226,881,2165.04261
-63.741026,739,2166.95682
132.549171,741,2169.449539
-115.424131,797,2171.474463
-254.213785,266,2172.566699
-31.14419,587,2174.221961
-143.094235,170,2174.528401
-201.965577,274,2175.584525
-144.235605,275,2176.650831
-223.805,119,2176.86274
-123.897802,232,2177.271921
-17.445771,641,2178.989945
-140.279766,284,2180.071167
-138.24917,257,2181.101614
-54.761574,431,2181.864212
1.705406,706,2184.302815
-119.723553,234,2184.719065
-31.232073,390,2186.011067
65.922362,507,2187.485023
-176.262294,259,2187.944789
-72.861525,227,2188.884765
-71.418952,273,2189.368443
-57.439083,298,2190.507124
-214.266883,204,2190.866752
-116.738366,207,2191.8246
-191.131259,822,2193.827304
-202.813663,181,2194.728523
-108.352496,281,2195.223746
-218.876837,188,2196.176208
-103.734764,298,2196.6993
-132.128357,225,2197.690061
-118.472904,427,2199.08593
-160.582314,474,2199.924793
-250.094986,173,2200.846312
-131.511518,359,2201.685971
-162.229993,279,2202.181828
35.054258,550,2203.381538
-123.232316,202,2204.275588
-149.638916,193,2204.628228
-82.284268,347,2205.870772
-33.177149,384,2206.545573
-457.995216,571,2208.16274
-188.825867,294,2208.901743
-138.30781,321,2209.683827
-163.62883,220,2210.072399
-226.80936,281,2210.782646
-119.022951,227,2211.181083
-276.17851,244,2212.168342
-159.567543,284,2212.678904
-208.778003,243,2213.73258
-155.248994,147,2213.990011
-284.610499,488,2215.478495
-291.233647,181,2215.79811
-195.514032,183,2216.743843
-148.320155,171,2217.048204
-167.864271,181,2217.366951
-146.498842,286,2218.513558
-139.04975,187,2218.844123
-179.65957,279,2219.94018
-237.256391,249,2220.377163
-208.171228,405,2221.685309
-296.712617,488,2223.135139
-208.041477,200,2223.495996
-348.106889,472,2224.944602
-144.956184,545,2226.504335
-207.012005,264,2227.189974
-158.591951,211,2227.562911
-199.794405,325,2228.359432
-161.128588,313,2228.911818
-338.043781,320,2229.694578
-216.008122,149,2229.95602
-142.468818,181,2230.490515
-145.386018,234,2230.906989
-103.931352,262,2231.930768
-171.485056,250,2232.371215
-173.566758,354,2233.592258
-175.39883,421,2234.925744
-77.199611,237,2235.342747
-94.610363,338,2236.538234
-191.852177,261,2237.00806
-130.02637,273,2238.075014
-159.967517,607,2239.775723
-142.85272,220,2240.868967
-197.404797,191,2241.277092
-123.175937,237,2241.701594
-198.170227,320,2242.48692
-180.355182,196,2242.835016
-229.919868,156,2243.332449
-181.215124,341,2243.936926
-197.486622,206,2244.512981
-166.146662,249,2244.950924
-187.51252,228,2245.573321
-220.004486,192,2245.936198
-158.544373,149,2246.204848
-110.951005,262,2246.905198
-279.744497,326,2247.541617
-216.271214,288,2248.293913
-208.951045,174,2248.612004
-165.431757,235,2249.259336
-154.743273,147,2249.52952
-264.800951,170,2249.830781
-205.340421,155,2250.322736
-216.260628,155,2250.62307
-134.967745,189,2250.990934
-126.903698,225,2251.659816
-202.939595,155,2251.98146
-102.58736,216,2252.652363
-222.744292,182,2252.978405
-137.985872,257,2253.445291
-129.444892,199,2254.017611
-111.723206,229,2254.431737
-161.670582,201,2255.002718
-216.212656,191,2255.339752
-212.711683,157,2255.616369
-126.619485,242,2256.256227
-202.352147,153,2256.527283
-182.013109,174,2256.835128
-157.434333,152,2257.321915
-172.181822,142,2257.575531
-70.122099,260,2258.251591
-93.289178,239,2258.685134
-207.542534,191,2259.021853
-217.972101,156,2259.50756
-170.887333,149,2259.771292
-122.630403,250,2260.215443
-71.296895,222,2261.196431
-151.933961,192,2261.533331
-168.936434,255,2262.605531
-162.789511,177,2264.45383
-150.944794,171,2264.758152
-141.291841,204,2265.708555
-213.803524,230,2266.113777
-184.429844,176,2267.016822
-192.357886,155,2267.292115
-207.236347,161,2267.579669
-118.492211,178,2268.48368
-131.951215,188,2268.845104
-158.961637,214,2269.233687
2.131903,280,2270.442015
-107.787986,232,2270.848437
-171.857904,197,2271.779675
-178.911332,171,2272.081487
-136.727025,217,2272.671658
-98.937914,197,2273.02255
-41.803163,267,2273.502698
-124.425061,199,2274.065132
-94.175454,231,2274.477974
-184.216485,169,2275.323728
-133.043204,217,2275.707442
-103.348181,275,2276.730501
-118.145243,245,2277.160246
-180.374145,154,2277.431332
-96.910544,306,2278.18514
-107.037156,205,2278.56067
-263.642577,163,2279.058782
-168.408544,195,2279.40473
-165.47632,180,2279.718871
-143.117084,152,2280.195954
-212.886579,172,2280.498433
-146.7111,189,2280.830559
-252.909366,256,2281.497886
-167.701241,248,2281.938069
-61.435671,307,2283.043539
-136.943288,285,2284.272743
-146.177982,193,2284.627769
-148.553257,172,2284.92993
-136.643984,208,2285.881188
-145.292333,169,2286.176776
-74.348037,240,2286.599146
-84.6745,356,2287.848306
-110.734532,193,2288.787405
-65.232235,198,2289.142176
-143.419781,189,2289.481279
-61.884189,240,2290.495247
-60.640686,223,2290.892861
-169.514408,193,2291.936072
-140.59539,187,2292.303077
48.475341,482,2293.784406
-189.613193,403,2295.129471
-172.432111,385,2295.806754
14.243347,222,2296.791086
-159.380115,401,2298.096825
-93.842276,196,2298.451343
-221.136193,164,2298.740279
-166.255641,148,2299.62666
-206.378166,166,2299.920742
-90.79327,237,2300.338245
-227.716586,179,2301.23425
-215.342474,298,2301.763221
-44.50398,379,2303.053257
-132.905973,236,2304.074387
-95.005337,195,2304.42592
-140.718354,183,2304.746287
-156.752809,182,2305.650592
-109.4829,190,2305.988663
-149.532452,196,2306.330161
-140.370479,183,2307.211493
-224.298561,164,2307.520789
-105.171543,211,2307.918016
-69.813123,260,2309.040293
-178.000571,166,2309.355679
-213.110698,170,2310.287509
-129.310476,350,2310.898017
-105.215855,187,2311.817292
-131.493002,472,2313.233881
-281.04222,313,2313.793062
-163.089658,245,2314.816592
-128.970719,232,2315.224919
-141.720266,144,2315.478111
-200.093874,151,2316.331052
-175.116953,339,2316.926976
-101.52925,226,2317.95597
-139.574828,234,2318.389301
-232.534841,179,2319.300817
-135.218437,186,2319.633447
-211.147094,271,2320.69112
-91.484038,264,2321.15709
-287.598009,410,2322.474493
-192.565676,160,2322.755399
-68.948037,221,2323.771651
-239.886622,305,2324.313971
-195.556611,156,2325.195651
-224.671865,153,2325.491145
-103.254829,226,2325.887522
-184.922183,229,2326.883083
-249.174263,346,2327.490753
-40.922343,289,2328.635469
-184.068377,184,2328.956947
-112.217108,227,2329.976089
-234.820315,156,2330.247838
-321.842481,353,2331.416455
-246.179077,236,2331.828247
-104.569441,221,2332.827425
-175.837148,155,2333.101231
-116.720073,230,2333.519023
-201.872317,149,2334.373756
-280.814966,542,2335.934764
-192.377289,166,2336.230597
-156.302675,171,2336.530971
-98.992327,315,2337.681359
-133.239081,137,2337.922073
-144.467077,213,2338.878469
-91.153553,288,2339.395777
-165.436946,312,2340.571473
-169.581969,219,2340.955732
-199.650203,173,2341.875064
-59.389791,222,2342.266694
-109.406975,253,2343.28033
-84.318581,192,2343.642335
-234.842119,239,2344.06021
-193.598407,152,2344.877549
-135.179413,273,2345.356161
-386.4682,663,2347.718048
-187.31861,282,2348.225661
-313.313054,310,2349.370039
-341.583663,558,2350.935517
-254.601658,391,2352.260003
-262.118925,354,2352.896739
-290.857141,306,2354.060569
-246.933334,173,2354.366809
-303.133054,299,2355.511242
-351.416649,765,2357.449158
-239.802454,152,2357.926041
-171.567399,227,2358.337402
-204.213191,293,2359.06266
-195.582648,667,2360.46026
-497.979695,1000,2363.145032
-258.032917,273,2363.64061
-146.921769,239,2364.272643
-204.551174,289,2364.789941
-133.78859,1000,2366.993722
-189.725529,162,2367.487939
-766.502804,689,2368.922132
-727.481488,696,2370.376474
-272.070601,1000,2373.021145
-292.126029,736,2374.75232
-252.899832,249,2375.18747
-197.822501,257,2375.859932
-179.587482,208,2376.225025
-274.826709,418,2377.177151
-1159.539361,875,2379.625905
-190.836981,160,2379.908445
-216.121533,293,2381.005172
-669.774296,809,2383.050093
-238.372231,572,2384.693534
-163.914815,176,2385.581228
-138.615666,154,2385.852302
-112.612154,635,2387.189968
-313.903695,436,2388.176959
-383.883352,535,2389.725757
-237.238397,239,2390.145485
-212.655438,186,2390.689787
-191.620027,171,2390.99102
-152.076972,181,2391.517889
-200.0948,152,2391.790612
-394.946046,459,2393.241565
-620.836,811,2395.264657
-230.404548,357,2396.523511
-290.118201,653,2398.274489
-247.525041,352,2399.631688
-533.503185,389,2400.895258
-352.159224,478,2405.873097
-225.949859,186,2406.199478
-190.556669,144,2406.452576
-204.486354,347,2407.690718
-356.409608,477,2409.115799
-270.717525,308,2410.225206
-94.056527,464,2411.099344
-653.093549,618,2413.583527
-115.744059,301,2414.187179
-598.004548,708,2416.868728
-258.289748,583,2418.515625
-229.14938,257,2419.007055
-220.415438,370,2420.297886
-213.744607,334,2421.758149
-347.532609,463,2422.918809
-807.482273,754,2425.457832
-251.186845,229,2426.053579
-278.541175,374,2427.410272
-291.802588,455,2429.203791
-215.126439,225,2429.793728
-895.533995,623,2431.990978
-234.298568,178,2432.456599
-137.17175,206,2432.995599
-258.627285,277,2434.015359
-119.80265,144,2434.426415
-362.982535,315,2435.542303
-165.212224,150,2435.938621
-200.980593,362,2437.260598
-220.638983,240,2437.88703
-241.819091,195,2438.720164
-119.829498,300,2439.500394
-147.511573,189,2440.282071
-210.575105,167,2440.713049
-189.796195,121,2441.025528
-491.874069,467,2442.52622
-227.499323,182,2443.297283
-407.771203,520,2444.961145
-321.196754,260,2445.649259
-231.451263,134,2446.00781
-187.910779,152,2446.698601
-207.323537,152,2447.105038
-167.341801,155,2447.516089
-182.145016,132,2447.863316
-246.389506,160,2448.545856
-305.053945,259,2449.245611
-440.209791,542,2450.96328
-285.832533,265,2451.930072
-404.771231,307,2452.768893
-782.401275,479,2454.336649
-225.955215,172,2455.055253
-242.71164,248,2455.617268
-193.395637,210,2456.374025
-715.850992,654,2457.903513
-160.395535,294,2458.530698
-611.629611,569,2460.101701
-72.976455,427,2460.897671
-207.994974,248,2461.581221
-132.560735,330,2462.828142
-737.911735,784,2464.881575
-304.096796,343,2465.772812
-153.620144,135,2466.053837
-138.69508,301,2467.235329
-193.84555,139,2467.492954
-399.962775,366,2468.39371
-170.160992,155,2468.673835
-308.944246,238,2469.106871
-215.759638,174,2469.635631
-255.549649,438,2471.026139
-178.146971,168,2471.348203
-507.321379,807,2473.213946
-220.361305,190,2473.902804
-259.081668,262,2474.451578
-226.382685,291,2475.480697
-319.969093,970,2478.035045
-770.727374,451,2479.268236
-332.451872,323,2479.985848
-543.373812,591,2481.471508
-214.319813,222,2482.171153
-206.573451,382,2483.244942
-217.306077,243,2483.745541
-403.371201,399,2484.808908
-819.968461,530,2486.152855
-397.787984,548,2487.535467
-354.735568,506,2488.848164
-441.846873,391,2489.920577
-185.771189,191,2490.321282
-199.318475,186,2490.920643
-167.639832,183,2491.324955
-281.031084,453,2492.535711
-454.051459,950,2495.218965
-325.941468,588,2497.138983
-158.857553,193,2497.663496
-267.404639,344,2498.764205
-321.547027,330,2499.520123
-691.708077,610,2501.475609
-748.791465,249,2502.007244
-148.319153,462,2503.27008
-122.296871,235,2503.771736
-568.278727,192,2504.424022
-196.201078,185,2504.821956
-664.252612,295,2505.69392
-837.713131,367,2507.135447
-564.214644,319,2507.85748
-627.529887,385,2508.935418
-167.954128,186,2509.332619
-178.733822,409,2510.465023
-486.264105,798,2512.648129
-189.852316,382,2513.468989
-267.342737,238,2514.230412
-201.696632,175,2514.609991
-251.373376,328,2515.59424
-207.239263,465,2516.821758
-264.638435,165,2517.179176
-717.495669,272,2517.993236
-159.188259,165,2518.349761
-135.450832,419,2519.477103
-260.95821,519,2520.826781
-625.208729,628,2522.414899
-253.872789,239,2522.922337
-407.397345,892,2525.722821
-425.367916,431,2527.086867
-270.867875,414,2528.309025
-289.756243,553,2530.487416
-721.124001,851,2532.921016
-210.306843,239,2533.43107
-189.71431,203,2533.860423
-262.487597,519,2535.249952
-376.206413,432,2536.557461
-184.993261,156,2537.513835
-217.759346,369,2538.347623
-338.780672,540,2540.133951
-320.676809,466,2541.45899
-266.65461,744,2543.622685
-740.954055,186,2544.009055
-214.265379,328,2544.88812
-727.73501,203,2545.294858
-338.177182,502,2546.48844
-488.420713,433,2547.544984
-52.074115,431,2548.584048
