total_episodes,mean_reward,std_reward,min_reward,max_reward,last_100_mean_reward,mean_episode_length,last_100_mean_episode_length
11593,82.44937131907186,94.59417289246174,-725.412052,203.779723,86.03944035,172.5907875442077,158.94
