total_episodes,mean_reward,std_reward,min_reward,max_reward,last_100_mean_reward,mean_episode_length,last_100_mean_episode_length
41554,281.07036973189105,70.6462694042198,-191.685586,584.669958,237.3641119,180.50459642874333,181.28
