total_episodes,mean_reward,std_reward,min_reward,max_reward,first_100_mean_reward,last_100_mean_reward,mean_episode_length,last_100_mean_episode_length
12020,87.51640274043262,90.01473626694774,-703.258897,154.442671,-154.41999197,74.29632902000002,166.4608153078203,197.77
