#{"t_start": 1789388472.7005193, "env_id": "Atom-v1"}
r,l,t
-405.676501,122,2.797537
-398.516695,134,2.889215
-326.025734,638,3.426689
-382.373554,154,3.623436
-391.161784,177,3.744896
-329.235615,829,4.497456
-389.174181,211,4.643333
-372.15549,248,4.814051
-378.478754,152,5.012562
-383.674888,107,5.086774
-402.968859,296,5.291145
-336.75621,700,5.95629
-389.496431,189,6.086757
-384.659759,248,6.350168
-345.666603,540,6.812305
-318.379661,728,7.409057
-378.620622,477,7.834207
-378.960448,310,8.137964
-340.899602,633,8.667765
-343.827889,469,9.080847
124.441975,1000,9.949878
94.677554,1000,10.824587
80.568864,1000,11.703943
78.116287,1000,12.580967
-80.598822,952,13.419215
57.566905,1000,14.292507
119.123832,1000,15.077877
-67.299187,857,15.851746
-59.557818,815,16.597966
-124.470587,131,16.687221
-148.44633,284,16.975188
-150.023361,130,17.070652
-114.135405,530,17.532359
-98.868199,386,17.888523
111.220484,1000,18.761747
-128.803738,195,18.895046
-153.941323,127,18.981875
-105.029344,319,19.290746
121.223048,1000,20.162486
-107.305923,915,20.985208
-114.476198,580,21.484388
-121.935936,543,21.949572
-154.118672,173,22.069596
-130.431367,107,22.143531
-120.544985,112,22.22108
-123.479377,116,22.392645
-138.356617,204,22.534439
-155.029538,120,22.61743
-120.586497,91,22.771904
-145.031633,114,22.851395
-109.488847,120,22.934766
-150.661324,120,23.01774
-126.911891,200,23.247113
-126.480862,218,23.398315
109.51808,1000,24.269774
-110.318944,456,24.673788
-123.295967,91,24.73623
-135.519957,145,24.835355
-127.126919,115,25.005696
-115.963256,114,25.08445
-114.733139,102,25.154813
-121.559792,111,25.230457
-136.538719,121,25.313159
-120.904585,106,25.477791
-126.87343,112,25.555722
-124.51001,113,25.633434
-111.905984,119,25.714811
-132.75236,103,25.876591
-125.305788,142,25.974682
-122.576268,108,26.049672
-131.751501,131,26.141588
-124.98008,108,26.21526
-121.398612,114,26.384545
-119.963023,96,26.451337
-118.410635,733,27.045927
-136.668575,134,27.230956
-113.771611,95,27.29681
39.416405,1000,28.167754
-118.667757,144,28.266184
-113.306491,167,28.380409
-120.967324,104,28.659686
-133.615214,95,28.72602
-141.232176,255,28.901567
-142.713779,135,28.994388
-116.124957,168,29.201576
-130.779932,120,29.284346
-100.900193,997,30.151212
-136.900911,108,30.225673
-132.957065,109,30.300533
-127.572768,138,30.486042
-138.690914,97,30.552636
-136.964531,99,30.620436
-174.393333,398,30.984924
-112.09814,107,31.05893
-113.055822,101,31.12944
-118.481304,390,31.492591
-149.559141,128,31.581865
-140.266885,116,31.661275
-135.525975,134,31.844851
-119.042081,166,31.959433
-130.434159,117,32.039809
-127.043324,115,32.211538
-124.538249,412,32.495985
-107.414838,117,32.666639
-123.352392,147,32.767919
-119.60153,97,32.834891
-127.074034,125,32.921225
-81.120349,127,33.099335
-124.671914,115,33.17831
-97.30155,838,33.844416
-107.037023,113,34.016148
-146.97487,377,34.274696
-103.726828,223,34.517828
-114.030743,99,34.586207
-108.784966,164,34.699033
-118.031449,122,34.87692
-100.152573,107,34.951135
-109.422579,109,35.026159
-127.158443,159,35.136323
-120.262331,105,35.208967
-132.060365,152,35.405485
-98.91822,401,35.772767
-118.109321,150,35.876114
-113.815163,107,35.950047
-133.154431,99,36.01877
-110.79272,181,36.236329
-81.96411,134,36.328302
-104.045986,257,36.504344
-121.405247,100,36.664309
-118.330595,114,36.742726
-114.088824,111,36.819238
-137.194211,183,36.94434
-97.426765,125,37.124931
-99.904096,178,37.247733
-118.535753,102,37.318344
-98.107947,153,37.424672
-112.970865,153,37.621569
-74.356752,367,37.873394
-104.444563,138,38.058717
-114.399165,124,38.144073
-124.030348,125,38.23
-126.531004,160,38.429979
-108.575888,129,38.519267
209.622852,1000,39.391004
-120.068443,160,39.501627
-121.675466,305,39.8047
-112.982696,106,39.877338
-106.361304,130,39.966949
-118.62668,156,40.074312
-110.89462,110,40.24159
-111.031229,151,40.345188
-84.447715,352,40.681384
201.680413,1000,41.570474
-95.12397,296,41.776309
-57.403891,370,42.125689
-89.691554,230,42.283511
-97.270095,252,42.552269
-71.087322,563,43.029281
-81.924619,154,43.134568
-44.240057,415,43.509186
-99.3522,114,43.587526
-93.119041,148,43.780048
-56.029988,403,44.056662
-93.013612,225,44.302956
-94.086589,214,44.449197
-97.060964,182,44.665402
-2.068703,924,45.393419
-49.742592,314,45.701947
-65.770388,387,46.060929
-121.533401,366,46.631148
-89.938008,118,46.804857
-79.604958,241,46.970315
215.64601,1000,47.844527
-97.715036,218,47.992859
-80.685233,150,48.186122
-92.062997,167,48.300534
-62.419148,343,48.626543
-83.221324,115,48.705696
-49.575006,559,49.180673
224.150829,1000,50.052915
-102.611427,144,50.152034
-56.718555,334,50.471678
76.329853,976,51.428157
310.384917,1000,52.293442
-44.321266,926,53.110058
263.004234,1000,53.97732
-106.263187,116,54.057586
-80.315373,179,54.179384
-90.59351,125,54.264783
45.971037,538,54.723
219.561639,1000,55.592218
-95.413924,118,55.7649
229.801382,1000,56.635628
-87.507461,160,56.74387
-73.726688,147,56.844827
354.147208,1000,57.767567
292.968223,1000,58.631613
-95.021115,132,58.721751
352.767926,1000,59.591553
370.125891,1000,60.454585
-113.357294,106,60.52696
90.278377,634,61.145112
-132.993203,423,61.638275
254.653855,1000,62.527072
-66.371149,235,62.914351
-69.928294,176,63.035056
47.917653,469,63.578335
24.497399,616,64.187573
-65.440491,227,64.545268
-77.806454,150,64.647958
417.612055,1000,65.743222
-95.333473,122,65.826547
362.904346,1000,66.956597
415.539608,1000,68.101239
91.17649,781,69.071005
312.506216,1000,70.203703
-79.451886,244,70.373049
364.449652,1000,71.494468
363.281206,1000,72.613008
-84.03527,204,72.96399
-16.481488,431,73.278526
-100.541259,119,73.570492
-117.906381,346,73.811248
-115.917531,210,74.167616
-87.19332,147,74.270574
-101.954395,191,74.403813
-34.181787,268,74.813184
-70.89582,201,74.953434
-49.838433,167,75.161784
92.268784,831,75.828002
-93.491319,266,76.106015
-43.318022,156,76.214124
354.373758,1000,77.208142
-86.135266,115,77.288392
-89.935955,133,77.380048
-77.9702,151,77.721496
-81.88272,123,77.806879
-82.096766,137,77.902444
-93.188919,127,78.210785
411.828819,1000,79.133287
-90.291054,156,79.467003
447.764057,1000,80.478947
-96.587295,111,80.556329
-51.056648,105,80.629998
-61.615494,144,80.729406
-77.660247,126,80.908977
-3.549868,525,81.369064
-79.778012,134,81.462549
466.346363,1000,82.363552
-87.30051,135,82.456734
458.043323,1000,83.358287
-69.044604,130,83.448851
-93.430103,128,83.629651
528.816227,1000,84.589361
434.094539,1000,85.474623
-27.01537,418,85.775531
-47.570102,123,86.015468
377.667394,1000,87.161965
-61.949101,134,87.256819
-96.283302,113,87.336886
-90.926259,130,87.42714
82.401421,479,87.874505
-75.899657,116,87.957818
-46.078667,193,88.185719
-80.525177,118,88.268954
-72.763163,162,88.384487
-32.689292,146,88.581335
-109.660937,130,88.673352
-96.261745,186,88.804379
-81.757221,119,88.977572
427.545607,1000,89.787261
-43.175786,164,89.994272
-128.80674,187,90.125888
-82.390598,135,90.221997
-72.116106,209,90.461748
-52.736257,110,90.53932
452.705106,1000,91.436764
-62.737735,122,91.523274
-23.939117,170,91.736557
514.24871,1000,92.648236
528.296321,1000,93.459989
493.901459,1000,94.356755
70.963304,488,95.208273
-50.888317,145,95.533807
-63.564989,116,95.616839
178.197101,576,96.122909
526.582597,1000,97.014569
-72.276317,120,97.099034
-36.736789,121,97.184045
-60.132178,129,97.366835
-52.834535,137,97.463769
-23.037068,114,97.543225
-69.076884,137,97.64043
469.309757,1000,98.535844
-44.863199,147,98.73038
-14.729269,216,98.883359
-47.583406,166,99.002755
-34.304837,118,99.176698
81.140015,422,99.473576
-38.797476,142,99.664427
-45.006377,124,99.751113
-53.822809,108,99.826832
-90.266347,111,99.904805
-65.373376,115,100.080987
-15.098026,152,100.188251
-8.81823,129,100.278097
-36.706008,183,100.497787
-70.081252,123,100.586134
0.542519,136,100.683452
-47.323879,102,100.7547
-26.337555,153,100.955201
-61.436094,137,101.053675
550.57241,1000,101.94676
559.53155,1000,102.83421
-154.72731,230,102.995438
-76.663803,134,103.088668
-103.35035,209,103.325235
-47.365843,149,103.430242
-55.716152,143,103.530997
-54.447774,143,103.725588
1.538612,402,104.010724
134.244894,551,104.577763
48.48882,218,104.730256
1.720145,142,104.829728
-22.605156,151,105.027076
487.327221,1000,105.911769
329.367448,1000,106.702652
586.708749,1000,107.582568
-41.735599,128,107.765802
91.963572,810,108.434666
-43.893733,132,108.619195
501.704235,1000,109.490372
436.351341,1000,110.624155
3.049797,171,110.838825
-26.041795,119,110.921064
-49.175461,134,111.013388
534.037591,1000,111.894584
-35.922065,116,111.974899
156.02519,590,112.831175
-24.585611,133,112.924041
-24.400701,131,113.014767
-77.896779,123,113.100074
-64.319474,126,113.392522
-28.390661,137,113.488861
-81.211614,161,113.600406
-52.744551,111,113.67784
-38.206095,125,113.988025
-86.34678,128,114.077404
8.309544,134,114.17064
-40.526597,130,114.26177
-72.00982,136,114.580141
-46.318521,113,114.659973
-57.502049,105,114.733406
20.775284,133,114.824913
-17.446951,130,115.1384
-41.270153,123,115.223063
-20.73148,111,115.299315
-67.798738,194,115.433134
-48.564322,145,115.730852
-33.420343,139,115.827157
568.50174,1000,116.712493
501.90991,1000,117.591883
-29.276219,193,117.723842
-76.230961,605,118.231993
-27.49526,149,118.428642
629.512994,1000,119.310445
508.856324,1000,120.187746
44.736812,165,120.300766
-16.288529,115,120.379592
-24.61349,139,120.474888
-39.812336,144,120.666177
23.896094,198,120.802174
-58.944442,123,120.886384
-14.379369,170,121.096719
1.303958,127,121.184816
-20.041702,124,121.269254
-12.584251,111,121.345112
-1.301327,128,121.525142
-3.22412,115,121.604458
-56.270565,150,121.707276
596.071194,1000,122.687006
-3.827877,136,122.781337
-22.820863,135,123.096312
-9.900126,142,123.193623
-23.15524,131,123.284551
-12.833628,122,123.368265
-27.533168,114,123.669186
-41.856414,895,124.475677
-62.907661,100,124.742178
-26.665338,118,124.824208
-36.715147,100,124.893209
31.863319,153,124.997656
21.923841,128,125.293313
-25.960851,125,125.380607
178.710657,444,125.889058
-0.989036,136,125.982436
23.847363,128,126.070007
-83.16793,278,126.473951
-15.202445,113,126.551812
-58.250307,130,126.641847
0.845113,159,126.949645
-23.375374,112,127.028309
-123.005307,337,127.261021
113.151195,249,127.632184
-8.978305,160,127.741582
-5.818321,139,127.837192
10.273391,118,128.142288
650.027962,1000,129.271674
7.037022,115,129.351245
264.983105,518,129.929973
-11.562646,145,130.030644
555.520638,1000,131.155983
-14.607196,119,131.238038
4.660165,201,131.576148
-1.811451,138,131.671076
18.058216,200,131.807972
217.697515,518,132.372488
17.868352,156,132.702332
-45.974824,131,132.794592
13.791436,171,132.912255
-23.134175,118,133.206862
13.265702,571,133.820213
-84.884503,186,133.949471
83.166423,195,134.083262
-9.080439,117,134.371386
16.031883,152,134.475097
95.458572,301,134.878844
35.310331,137,134.976094
-22.223621,138,135.070169
-15.202135,108,135.144568
-6.878137,114,135.222959
-51.362967,151,135.548507
20.011293,139,135.643801
-1.525751,187,135.772279
-15.039864,117,136.078497
-22.741927,105,136.150554
47.212542,208,136.293286
-17.029638,127,136.575521
108.694447,316,136.798736
7.070466,171,136.917031
-33.360544,111,137.226182
7.85915,153,137.331161
-64.917892,136,137.425163
-26.179807,129,137.513603
-41.827717,111,137.821945
-28.797815,106,137.895393
-39.341333,168,138.011601
-45.327481,153,138.330258
44.030347,195,138.46675
632.256948,1000,139.608202
282.375552,927,140.674
-16.409192,141,140.77142
-30.644255,94,140.83604
73.871513,326,141.259064
-50.910873,117,141.340832
-111.922695,300,141.769434
6.729834,144,141.868855
-47.778055,97,141.936671
-27.014769,110,142.012855
-35.767567,170,142.33371
-3.107677,141,142.431108
-0.911197,136,142.523951
-15.772139,118,142.605532
-29.351731,181,142.83527
26.689774,141,142.932088
-78.368464,94,142.996853
3.150146,124,143.082045
-69.681009,90,143.236642
-236.376333,181,143.361243
-23.823293,148,143.462722
-47.599828,110,143.538602
-27.432419,122,143.714696
10.583168,148,143.817179
-43.53518,110,143.897139
-57.19962,137,143.993276
-28.525764,166,144.340786
-25.862143,104,144.415631
176.579918,384,145.193953
144.195973,326,145.416617
-17.144487,144,145.711817
191.451707,740,146.42154
-23.787603,147,146.52334
-16.408589,117,146.82637
-32.246795,163,146.938789
-1.162245,170,147.055467
-71.691447,90,147.117934
-38.63554,104,147.393576
-39.636934,119,147.476534
1.158922,130,147.565531
-14.488118,109,147.640077
-43.978939,115,147.941479
15.119704,128,148.029709
-44.217297,113,148.108172
-10.613666,140,148.204408
-90.787864,89,148.490013
-17.925634,115,148.577112
-36.320059,110,148.652521
-12.588075,121,148.73478
-30.403859,113,148.811996
-66.524679,93,148.973473
-37.81114,111,149.049314
13.833148,144,149.146971
15.547021,132,149.237671
22.889185,171,149.446319
-54.085819,142,149.543285
36.156864,198,149.677348
-18.265396,101,149.839133
-9.126744,120,149.921512
206.007193,730,150.522348
11.448024,122,150.605859
130.607171,797,151.333695
34.006065,150,151.435571
-12.333846,114,151.605197
-24.235862,105,151.677844
-40.523927,101,151.746389
295.683073,962,152.707929
-28.240864,134,152.798798
-27.623872,111,152.876868
13.394348,135,153.192332
-26.011967,149,153.337128
-54.409409,108,153.411703
-34.737191,123,153.495447
-42.337968,117,153.797502
-24.762527,155,153.905698
-22.182054,114,153.984718
-40.097001,155,154.091364
-72.485256,91,154.246912
4.285652,156,154.353631
12.182194,157,154.460008
0.532755,119,154.540743
-10.413086,145,154.732096
-38.067631,131,154.821048
310.383601,976,155.67313
-13.569222,122,155.755913
30.407718,225,155.909727
-32.118091,192,156.13711
-35.735866,130,156.225789
-56.723006,121,156.309944
-38.508134,99,156.470345
14.200516,142,156.567183
-13.246087,120,156.649399
-4.2,125,156.734383
-28.409208,109,156.90156
109.931999,356,157.145506
-9.491876,173,157.362906
110.60017,660,158.030827
339.287689,673,158.691042
137.978991,475,159.238251
-2.028604,118,159.319434
-34.371391,136,159.636465
-10.980176,162,159.747261
38.207231,190,159.877586
-8.444998,342,160.312797
170.341275,338,160.634915
8.128595,222,160.788229
-71.921183,145,160.888219
129.208529,479,161.406122
80.32008,278,161.819671
-32.706263,130,161.910042
-20.246331,126,161.996163
187.436409,390,162.45707
-9.256205,175,162.576603
170.766427,427,162.961595
-6.951695,136,163.055439
165.486064,367,163.398957
-40.151777,96,163.464998
139.200469,423,163.849227
32.093193,191,164.180227
471.994616,865,165.00557
-165.821499,485,165.428345
8.138622,803,166.163239
-88.332325,618,166.676295
-210.586537,385,167.034438
532.480445,1000,167.902121
298.706741,891,168.732847
-3.955285,157,168.93161
451.416494,1000,169.80322
195.187854,630,170.32803
105.0113,270,170.514132
539.448925,1000,171.385586
232.998751,480,171.806906
13.545799,234,172.058375
-14.465095,141,172.156531
106.178123,421,172.5355
-12.661562,167,172.650427
-75.819799,102,172.726117
205.688562,659,173.360251
-9.973659,154,173.465123
-39.306173,155,173.571657
-53.340939,137,173.756712
397.349935,1000,174.628124
195.583061,543,175.090349
64.383358,315,175.304229
50.003714,172,175.511778
-36.969094,91,175.574316
209.366746,589,176.069986
25.4508,233,176.231263
-38.110126,131,176.41275
180.769474,529,176.863763
-67.243092,99,176.93141
-64.478977,153,177.034611
-25.919827,119,177.116243
-48.078912,95,177.273068
-3.703413,160,177.38438
-31.886052,115,177.463132
-3.368885,245,177.723724
-14.095342,115,177.801704
299.598914,690,178.36993
1.183872,157,178.477457
82.578513,204,178.710266
10.36395,150,178.813306
-2.411497,143,178.911474
-2.135799,136,179.098497
47.6353,154,179.204422
93.363466,249,179.37505
1.08755,147,179.569099
-60.531737,98,179.637269
-38.040363,108,179.711705
6.935651,137,179.805358
19.698668,144,179.996646
146.327441,410,180.279536
-27.115319,104,180.445988
0.434564,162,180.556753
-22.040553,90,180.61754
-50.462847,114,180.696041
-7.904674,129,180.876843
60.286071,226,181.031912
-8.822596,152,181.138361
49.95748,141,181.327653
24.929027,156,181.43907
7.834247,149,181.541182
34.075112,208,181.777161
-29.278016,199,181.912707
27.839455,144,182.010642
84.649849,186,182.230589
14.890175,145,182.329134
-61.365695,99,182.397491
-42.205015,105,182.469859
24.644024,156,182.67032
46.084233,134,182.761971
7.945098,131,182.856437
24.275507,135,182.948259
-21.842765,130,183.129841
41.437045,148,183.230802
8.333477,125,183.316948
80.712925,222,183.565852
-2.354681,156,183.672099
25.027535,165,183.784654
-37.516737,108,183.949661
55.177458,142,184.046948
-59.682401,91,184.111804
-5.820399,140,184.207628
-31.921744,101,184.276566
-21.481004,218,184.647865
234.63337,403,185.128405
-11.49612,112,185.205356
131.750786,279,185.394758
-7.681748,137,185.580157
42.314319,138,185.673136
86.606944,205,185.813179
93.056409,204,186.042632
46.716261,125,186.129642
58.159324,156,186.23515
31.146529,134,186.418797
4.847796,112,186.495101
26.170796,134,186.586651
-22.437188,112,186.663193
43.930578,164,186.865729
2.072412,130,186.95655
-38.290637,112,187.034793
-27.752619,106,187.107868
26.137715,141,187.413889
40.985983,152,187.522008
-4.979558,116,187.602651
36.433944,148,187.702944
6.379917,139,187.892143
-19.379072,125,187.978667
-8.0776,147,188.080348
57.446758,138,188.174054
5.524022,120,188.349689
63.210705,177,188.470439
-15.320123,113,188.546858
73.612278,161,188.751919
10.750232,124,188.836721
178.476837,297,189.038826
60.238615,129,189.219756
15.241825,136,189.312422
87.067295,224,189.465901
2.240602,128,189.644735
51.144598,156,189.750288
-30.387213,107,189.824066
120.446489,282,190.107068
65.318681,187,190.233929
-42.686088,100,190.302492
246.861528,449,190.703754
14.316717,150,190.80533
26.889508,153,191.002845
10.164732,130,191.092595
-48.038426,108,191.638505
13.640786,132,191.73033
-20.676944,149,192.004189
-30.808528,104,192.076249
-50.576893,96,192.142914
-24.815409,112,192.218823
25.044702,124,192.395805
-25.398168,96,192.461444
5.351169,136,192.554161
-0.248001,140,192.648846
19.528062,139,192.83422
-10.462142,117,192.914036
62.107513,162,193.023909
-41.359319,102,193.094651
-44.842492,94,193.159776
-40.475018,105,193.324719
-31.122446,102,193.394279
35.552345,135,193.485343
-12.457131,124,193.570462
16.124992,149,193.764068
67.639952,222,193.914957
55.29712,198,194.051365
52.429756,169,194.260736
8.354034,127,194.347865
12.651709,129,194.435133
4.984357,123,194.6111
1.731829,120,194.692362
-3.965903,118,194.773774
-19.449325,153,194.877584
33.854045,137,195.064017
-39.739433,88,195.124351
20.567197,132,195.213239
7.12883,136,195.305136
56.650147,211,195.541052
-12.486555,136,195.633398
-8.682701,115,195.711368
-15.739097,152,195.814268
-18.427271,115,195.98626
24.959196,156,196.094553
28.153852,147,196.195391
-29.899265,99,196.354748
-37.764224,95,196.420732
110.86361,290,196.619403
24.122464,209,196.864686
-35.897268,147,196.964524
6.752013,229,197.121485
-14.159607,128,197.30232
14.124604,141,197.398057
27.487653,138,197.491534
-12.817512,111,197.566806
13.778145,151,197.764827
-41.388078,104,197.835387
55.864581,172,197.953876
-56.603321,103,198.024037
-12.093811,151,198.219287
-67.98893,130,198.307658
5.055888,151,198.410222
128.811572,296,198.704261
-6.274967,159,198.811767
-77.843157,153,198.915729
26.938451,123,199.182274
53.21478,168,199.296932
10.387208,142,199.393951
65.118748,195,199.620116
67.981536,167,199.734916
30.160833,180,199.863168
35.329466,133,200.045744
67.101897,235,200.225234
-29.164373,137,200.318284
42.088002,136,200.620126
16.789787,337,200.85013
-3.247106,108,201.014307
48.009717,166,201.130339
31.031012,147,201.231389
20.78141,130,201.320102
35.20548,138,201.509033
38.982541,130,201.597995
8.45958,126,201.684107
14.436536,157,201.790633
20.286521,127,201.971041
246.819733,636,202.503369
-40.8835,127,202.589985
20.317424,198,202.920966
-41.715327,92,202.983468
130.118713,276,203.171885
-39.546106,96,203.237496
66.80669,173,203.452686
-20.883601,149,203.553809
22.712377,136,203.646327
-4.716649,159,203.848703
-5.922084,149,203.951262
-28.098621,108,204.026371
-10.159048,108,204.099687
40.373616,136,204.28479
-13.521146,145,204.383097
-50.457046,112,204.459283
24.386675,136,204.550669
58.334048,171,204.760536
-55.996582,98,204.827119
-39.210587,121,204.909735
-35.332641,99,204.978143
-11.420407,120,205.15393
49.143059,149,205.254842
30.707992,238,205.415718
0.816226,133,205.599319
-31.329187,108,205.673557
19.074636,139,205.767894
45.559853,173,205.887684
42.508971,190,206.112424
-69.987993,130,206.201811
24.008206,201,206.338209
27.388939,131,206.624704
13.855895,173,206.743721
33.259906,127,206.830152
49.692942,136,207.11923
22.183902,126,207.205907
2.044898,136,207.298029
-15.435932,112,207.374541
-6.496654,144,207.670586
-45.285384,100,207.73975
-15.924998,106,207.812928
-0.888051,165,207.92643
-13.112445,104,208.209152
4.598868,163,208.326475
28.092199,142,208.422719
-57.769632,111,208.498884
29.297693,158,208.808391
8.191036,149,208.911736
20.75478,144,209.010962
-81.986226,112,209.088498
93.344388,295,209.494138
-47.075836,173,209.612699
-8.720988,118,209.894435
15.55232,155,210.001299
-11.788289,115,210.080282
98.026263,193,210.212887
3.239038,125,210.498969
51.92961,177,210.620559
14.799806,136,210.713094
-11.365355,236,211.099887
-20.924021,114,211.177992
33.950629,181,211.303085
-6.738133,161,211.636688
28.367127,147,211.737702
-46.284567,103,211.808757
17.159691,132,211.900412
21.005734,143,212.222467
-48.261939,106,212.295156
-9.730811,116,212.373834
-11.110368,142,212.471053
4.977735,146,212.783941
-4.084029,112,212.86138
15.735676,117,212.941236
-88.476042,99,213.009458
-68.341121,95,213.274797
-18.762344,108,213.35313
95.130039,231,213.510837
11.557012,131,213.599689
27.448862,140,213.896364
-33.286149,104,213.967935
-59.590768,99,214.035274
20.421949,138,214.129891
28.4452,154,214.453201
64.240949,253,214.626744
-14.26645,151,214.728624
54.836648,207,215.073706
23.260381,144,215.172751
-58.866879,94,215.23773
-5.47409,148,215.570206
-56.296354,92,215.633526
74.612834,217,215.78257
30.469159,156,216.11216
86.533184,176,216.233351
16.848928,145,216.332137
-24.314252,136,216.425574
4.116916,144,216.725169
27.379394,140,216.82149
-37.39324,93,216.885764
16.531256,150,216.98887
23.007955,145,217.293396
40.116118,147,217.393477
29.743189,143,217.490885
38.38146,150,217.802082
62.020733,173,217.920755
41.030698,162,218.031506
45.585869,144,218.331427
113.676487,199,218.468766
147.363399,273,218.657381
31.317338,224,219.020666
50.485044,214,219.168516
103.316147,216,219.542418
45.689952,217,219.691267
70.267412,192,220.023587
246.355379,416,220.309042
99.461447,229,220.688569
393.544319,560,221.167187
135.568435,294,221.368935
86.33993,687,222.117936
130.789119,313,222.335565
34.058966,140,222.641095
1.228425,154,222.746345
66.676988,152,222.850394
8.378244,506,223.421824
25.857296,133,223.735425
42.559405,161,223.845104
41.359132,173,223.964103
107.745785,229,224.330234
13.858066,164,224.442797
70.017176,173,224.560605
61.549483,178,224.912355
135.491725,287,225.106754
3.505912,148,225.207786
180.222167,274,225.618425
82.722438,211,225.762266
31.49169,610,226.364385
351.617485,776,226.990505
6.42331,163,227.101543
49.28806,168,227.309099
-29.449002,160,227.418967
4.529185,167,227.53395
70.155218,225,227.778525
26.097472,292,227.978956
90.959052,198,228.205793
67.42728,305,228.41416
18.946844,142,228.60219
98.852676,204,228.741038
2.943559,146,228.8399
-43.063559,286,229.126863
55.492628,173,229.245842
294.039934,736,229.937213
70.330726,194,230.070327
69.809701,162,230.181312
8.657444,294,230.479466
12.827043,155,230.585784
16.633209,156,230.783277
74.237074,295,230.985065
-0.785639,161,231.095937
51.528134,193,231.319008
22.723755,150,231.422264
-2.895506,149,231.524632
129.806178,267,231.799039
28.287209,153,231.904251
13.243273,171,232.11399
61.409497,157,232.22136
-4.99613,168,232.337471
103.512906,230,232.585146
76.505002,183,232.709558
150.070248,369,233.052203
31.80537,165,233.165703
23.501782,163,233.27706
52.240277,178,233.489844
-3.293657,226,233.644645
25.054229,156,233.841995
33.177923,176,233.96289
50.885096,173,234.081809
100.740954,177,234.294844
28.396782,173,234.415907
43.148126,219,234.566893
92.968299,239,234.929546
47.553764,174,235.050455
14.610513,144,235.150619
35.923524,167,235.358275
89.96958,193,235.49233
471.37017,804,236.341562
209.501452,396,236.615003
150.445833,300,236.920077
22.563257,136,237.012694
-4.499012,159,237.212803
26.937917,154,237.319574
93.848426,204,237.458981
114.113708,389,237.817937
74.679669,387,238.176435
197.558742,630,238.702124
1.062094,162,238.81267
45.039571,155,239.012398
276.244156,670,240.05274
-5.78113,151,240.156066
-72.420325,150,240.349499
24.629742,149,240.452164
9.430187,137,240.545594
8.517126,159,240.654244
532.622753,1000,241.531836
44.160414,134,241.72211
43.122553,227,241.878291
19.061285,161,241.989552
86.257456,207,242.226204
42.006762,162,242.338642
73.072814,198,242.565329
74.738762,171,242.684274
56.246577,187,242.814911
126.841633,374,243.165083
10.51959,148,243.267498
103.814925,241,243.525257
-1.175168,149,243.627099
163.981331,321,243.943632
97.500016,246,244.113039
203.458121,1000,245.007531
80.513046,569,245.58964
30.158206,178,245.931292
80.392091,225,246.092766
108.897577,302,246.393313
323.480519,742,246.996909
47.347407,173,247.116709
58.064032,824,247.87101
406.918167,925,248.695366
61.330441,179,248.819476
15.998688,144,248.918753
-46.943004,166,249.127284
170.312276,436,249.520652
681.235084,1000,250.307579
-22.857164,170,250.517061
124.50933,443,250.914849
63.984459,207,251.057425
192.440332,386,251.420271
499.515415,925,252.246737
520.092544,1000,253.121554
847.284222,1000,254.000205
79.678259,180,254.127272
189.274462,439,254.522482
37.92103,159,254.632636
130.492427,299,254.929591
28.853175,159,255.038943
169.120779,315,255.348388
97.289123,287,255.546093
38.191479,161,255.656037
424.211703,1000,256.631629
245.805285,360,256.970314
104.312459,226,257.21818
228.459778,335,257.449595
165.826208,290,257.74378
154.283032,599,258.256914
215.536967,439,258.650235
22.650436,162,258.761561
177.387312,421,259.142728
52.067364,155,259.250593
30.414792,125,259.337999
47.089179,198,259.565888
61.371188,279,259.758949
145.596521,772,260.478958
106.504116,258,260.65663
50.779214,168,260.863709
40.668534,149,260.965575
125.048805,251,261.231346
66.327627,176,261.352605
35.959054,177,261.476552
110.764596,231,261.725248
116.190856,274,261.913533
18.836975,171,262.123487
-23.976349,129,262.212891
57.416426,173,262.333201
451.783974,699,263.001484
163.622326,394,263.275543
30.6214,128,263.454748
95.53413,213,263.601625
122.045789,376,263.953736
-11.307776,141,264.054015
72.640338,148,264.157714
23.1069,163,264.463974
3.297187,173,264.583081
135.687762,381,264.93674
281.540335,484,265.363627
134.471369,283,265.558753
221.193612,352,265.892945
-49.176973,118,265.97554
80.987451,374,266.324839
131.18648,241,266.489485
85.533571,216,266.730586
64.186911,216,266.878335
486.508688,692,267.450186
42.571526,158,267.781955
-14.31032,104,267.85303
211.980652,367,268.197135
823.345381,1000,269.186212
29.030702,124,269.272717
14.471823,152,269.379153
16.83541,172,269.588779
98.121674,213,269.736646
70.095915,186,269.867524
281.819123,388,270.225432
-25.578195,122,270.310272
-21.619784,187,270.530333
355.934898,577,271.021585
252.747396,508,271.470564
106.882861,191,271.603896
123.42753,880,272.639464
-6.916683,169,272.757043
794.468483,1000,273.634434
94.680184,212,273.87243
-12.704421,103,273.943177
59.518657,189,274.074393
28.59477,157,274.183271
873.670231,1000,275.166513
29.798302,159,275.49836
-32.493532,110,275.574835
42.689103,160,275.685833
108.154078,314,276.082604
15.4022,129,276.172814
-21.041646,155,276.279696
20.464957,138,276.611765
21.892017,150,276.716321
72.333144,191,276.849472
-18.856946,122,277.15715
142.245055,264,277.339508
50.933748,164,277.453258
13.670365,194,277.786969
67.252178,179,277.910897
-65.241456,153,278.016785
152.857698,286,278.437037
-14.979316,127,278.524141
266.004617,390,279.016864
85.32214,204,279.158362
137.305736,295,279.566991
18.279988,131,279.6574
9.729403,154,279.987655
-20.385711,234,280.150387
199.331855,344,280.613662
223.886308,422,280.907692
5.703866,601,281.732708
2.452396,154,281.838961
241.884011,379,282.301638
140.848878,247,282.472225
533.541168,1000,283.592584
1.493649,156,283.699424
-30.265518,121,284.007395
191.667318,342,284.243169
403.744546,635,285.128161
217.866439,511,285.694646
22.855795,133,285.788927
64.107063,182,285.914821
143.327887,319,286.334803
-4.309687,133,286.426426
22.791672,137,286.520987
55.647718,194,286.852553
144.838955,266,287.038228
36.297316,142,287.810429
158.198444,246,287.984673
-2.687466,149,288.089333
237.400821,436,288.617442
34.62263,149,288.720002
76.970189,163,289.031932
2.912294,158,289.143198
168.198184,252,289.542419
32.460711,182,289.668063
31.026486,136,289.7619
311.834714,539,290.353499
-68.234396,154,290.6609
129.65843,232,290.821966
71.482515,214,290.970277
50.028234,147,291.282387
99.260444,218,291.432805
38.421584,148,291.535491
0.164811,109,291.833893
8.717432,133,291.925152
49.494328,158,292.034804
5.229356,140,292.133056
-0.276679,163,292.437302
-21.14884,115,292.516289
9.63068,145,292.617466
-11.116,115,292.919815
47.28513,146,293.021972
102.958175,213,293.171257
107.124934,223,293.548308
44.830477,134,293.641259
1.423869,116,293.72229
74.077136,162,293.835792
77.983217,182,294.165985
73.494597,162,294.276987
71.580525,175,294.397372
10.890445,148,294.704005
-19.824229,110,294.780423
113.558415,210,294.926448
188.703574,263,295.276044
81.656079,177,295.398139
-32.891073,106,295.471078
21.227738,140,295.771609
89.574766,193,295.903514
-47.328275,136,295.997783
97.991795,215,296.349844
14.328612,140,296.446381
320.870734,614,297.071061
65.193246,153,297.377196
94.169609,174,297.496295
37.924548,199,297.63361
-12.604462,124,297.943027
348.780329,701,298.652051
-6.321238,124,298.73936
113.068925,216,299.087222
69.375287,127,299.175383
198.407916,321,299.39764
96.730001,236,299.784331
468.787715,713,300.504268
0.478305,115,300.805868
157.724668,402,301.085011
22.803012,148,301.395754
129.920544,299,301.605923
149.83196,276,302.02088
114.954062,229,302.182099
173.804726,351,302.641567
14.961948,129,302.731755
21.862948,142,302.832407
125.518489,266,303.241934
177.386151,354,303.714174
-12.59601,135,303.808251
200.574098,304,304.018574
-24.425112,178,304.365104
531.885715,1000,305.50848
-53.192726,112,305.586231
76.231519,267,305.770294
84.819294,181,306.098704
109.014481,230,306.258235
64.524329,203,306.638686
11.531382,170,306.756792
-32.879175,661,307.306828
36.763724,159,307.512993
92.419476,160,307.623951
273.505668,618,308.14679
310.452927,449,308.548569
61.005829,173,308.668093
252.163981,428,309.05788
35.974805,129,309.146841
-39.523933,129,309.327802
24.491858,168,309.445128
-6.591679,131,309.536654
47.211549,147,309.732647
49.785462,132,309.824154
53.479254,145,309.924697
36.645189,145,310.027061
85.147868,253,310.297376
46.868893,141,310.396172
15.273215,126,310.483251
152.471401,285,310.776295
94.010688,218,310.927447
-29.535258,134,311.116117
-59.001317,185,311.245267
57.673557,155,311.353065
130.858979,231,311.610975
-35.656689,128,311.700472
-0.422245,190,311.834027
-2.330769,123,312.012646
89.702471,314,312.231925
207.910985,346,312.565858
-20.853918,129,312.656103
14.754454,174,312.980683
37.545853,131,313.073703
27.624237,135,313.16769
72.576463,153,313.273073
14.627979,144,313.589169
38.167538,166,313.703854
-9.139232,148,313.805975
148.397347,287,314.230414
13.773104,142,314.329356
6.706089,109,314.403987
11.486929,120,314.67758
-9.210995,159,314.790624
45.425856,140,314.888867
95.009821,185,315.017642
43.617683,134,315.335304
-31.933235,123,315.420283
31.520894,167,315.535053
-10.779406,105,315.608038
37.803105,134,315.793621
19.153373,141,315.891237
110.934275,219,316.042367
54.519739,128,316.225443
8.425078,132,316.316396
39.111148,182,316.442263
39.54835,154,316.640867
21.975254,116,316.721563
22.381297,118,316.802933
32.550576,133,316.894298
114.664017,266,317.171563
11.121342,150,317.275549
51.801238,140,317.372076
67.370027,122,317.547629
22.828737,131,317.637698
146.131711,234,317.800784
18.736268,135,317.986795
75.487572,151,318.090567
-2.202341,109,318.166015
-0.555581,121,318.249333
26.446858,132,318.43311
-11.869975,147,318.534672
145.428633,206,318.676452
117.234841,157,318.877021
0.00303,111,318.952857
69.261467,131,319.044262
58.894956,138,319.140143
61.16604,200,319.47412
61.421131,146,319.575795
47.338357,148,319.678066
54.530898,128,319.990235
50.135212,144,320.090397
-13.584921,143,320.191057
32.088975,147,320.293277
125.256492,256,320.69519
-24.019845,123,320.780806
118.663345,178,321.126255
57.093421,385,321.39685
55.052824,131,321.710349
13.484612,138,321.808311
74.140739,306,322.023038
23.058682,120,322.329628
23.108978,128,322.418843
23.943951,146,322.52026
-33.719614,116,322.601348
-82.337859,755,323.553015
24.267514,235,323.717233
1.26049,127,324.029486
10.843062,116,324.110657
20.139966,188,324.241565
0.650187,122,324.325161
66.731438,216,324.70069
83.913337,430,325.197033
139.159192,291,325.398489
-19.154235,107,325.472119
43.301358,137,325.792203
21.403437,146,325.892982
56.150931,131,325.98457
25.100538,130,326.268705
2.625603,160,326.3829
34.078548,144,326.483
54.766171,130,326.57417
196.003006,289,326.970963
119.956218,313,327.405355
60.206867,230,327.565692
41.13589,141,327.662339
121.200299,197,327.999308
21.378897,150,328.102563
-40.742619,104,328.17491
40.976989,138,328.270368
53.001257,120,328.57666
31.99726,169,328.693657
16.062716,132,328.784797
34.662187,206,329.12582
62.076898,141,329.223481
-30.465918,101,329.292745
79.808285,151,329.395887
48.159386,140,329.719061
-13.172765,123,329.804051
40.137578,119,329.885647
114.618146,282,330.171912
-24.84762,111,330.248375
23.044231,120,330.332794
22.456197,119,330.415142
4.391907,143,330.60533
129.294924,239,330.769147
38.827084,128,330.8574
152.987694,364,331.204012
49.01071,151,331.307503
60.923162,148,331.499761
60.080802,383,331.76594
10.416275,132,331.947456
42.639684,152,332.052923
-56.901653,95,332.11951
75.714756,147,332.220932
25.180983,205,332.456825
-16.623004,142,332.555214
-12.622509,102,332.625803
55.368675,145,332.920182
5.652679,149,333.022834
203.057451,1000,333.900611
47.722553,141,334.000379
-6.605013,127,334.091022
70.111984,303,334.393199
30.215424,141,334.492952
11.345703,131,334.584749
73.401219,383,334.946202
25.517096,157,335.147593
5.783183,134,335.243792
54.230133,140,335.340891
42.176515,144,335.443228
91.798765,189,335.667385
5.718973,201,335.808146
116.746417,180,335.931249
55.788088,160,336.135424
72.790791,162,336.246109
567.378328,1000,337.158427
214.14856,279,337.548615
59.410847,151,337.653422
56.259735,150,337.758431
-10.924238,157,337.960512
122.203767,235,338.127326
66.791982,143,338.228102
108.234114,228,338.583385
133.771224,191,338.716813
43.12995,153,339.239069
55.077363,145,339.436514
24.761146,132,339.53039
58.760418,172,339.652994
94.575982,155,339.856462
130.667555,198,339.995759
49.197318,180,340.12208
545.812613,1000,341.116482
-15.57087,134,341.210849
-14.580809,116,341.384118
135.15634,230,341.54544
111.709158,323,341.966482
64.309755,149,342.070904
45.981459,155,342.182158
32.170287,222,342.429622
185.331569,319,342.650609
31.119068,157,342.85379
107.664154,216,343.005938
253.361996,343,343.340878
46.38405,444,343.830356
195.869198,274,344.023086
532.771992,1000,345.033715
103.686593,225,345.282538
154.003968,184,345.410558
88.750989,291,345.81295
21.067557,141,345.911031
588.313777,1000,346.788856
129.083552,202,346.928626
133.875966,363,347.274638
143.130347,205,347.417659
136.033011,201,347.649623
86.821345,223,347.80381
13.340797,147,347.905581
74.165521,161,348.10852
137.850436,250,348.280772
65.862683,143,348.380854
135.1751,215,348.621985
95.599324,265,348.806002
670.527422,1000,349.678482
65.682723,163,349.88275
152.351121,195,350.027531
172.312796,262,350.421202
445.945096,778,351.050825
17.364791,133,351.143539
97.357417,188,351.47046
26.878111,151,351.574715
31.020828,135,351.66726
157.924241,197,351.897027
37.838934,154,352.004466
75.091295,170,352.121597
14.129538,137,352.31028
75.360624,158,352.419236
24.254183,144,352.519043
-71.924501,100,352.588448
76.731808,157,352.789289
-162.504144,244,352.955625
174.694664,210,353.194714
429.840878,1000,354.197839
218.437249,347,354.43826
276.277532,373,354.894583
51.831634,134,354.986975
124.409854,207,355.221817
65.519274,181,355.345806
126.96523,195,355.479795
46.669766,147,355.673284
39.44538,132,355.764494
47.987463,143,355.862984
47.466258,132,355.954293
39.515109,157,356.259284
151.987417,190,356.3898
100.704997,188,356.518774
23.824392,167,356.848949
232.586474,280,357.041459
59.343583,142,357.345076
160.390153,324,357.570113
82.442089,178,357.784746
75.059902,144,357.884103
149.678298,196,358.01854
120.874205,421,358.399658
133.178722,189,358.5299
38.265242,149,358.723239
31.107755,181,358.84746
156.5228,248,359.112365
191.002901,310,359.326216
102.70419,159,359.435096
70.943336,174,359.644582
154.315553,201,359.783778
320.766399,383,360.138715
156.898622,295,360.433431
176.571225,194,360.566032
-58.513786,100,360.634402
91.203729,217,360.875902
112.703186,297,361.082597
47.762167,200,361.443696
13.452901,216,361.594078
193.694071,346,362.032989
196.917656,209,362.175921
42.066507,254,362.573979
227.762621,227,362.729614
109.611088,229,362.885754
77.568973,161,363.218622
58.244185,129,363.306195
65.408639,737,364.031176
25.747718,209,364.373203
127.673808,199,364.508451
-34.798821,114,364.586483
224.798297,275,364.973059
690.091518,1000,366.088967
175.508714,276,366.277116
46.222679,181,366.623328
143.184807,179,366.744925
274.58268,262,367.148623
55.243749,136,367.241713
40.383634,180,367.364494
447.56887,1000,368.46265
258.287786,270,368.860681
71.392982,143,368.958357
117.600396,198,369.095527
-34.188767,97,369.35933
51.169033,148,369.462331
91.700733,141,369.559237
123.152559,239,369.921075
33.856205,129,370.010982
41.960563,186,370.140949
55.636679,135,370.457838
-5.665619,103,370.527565
78.529539,159,370.635504
131.842458,193,370.767319
-54.91071,95,371.061891
89.605557,140,371.158188
47.57481,151,371.261289
45.377134,156,371.367276
-16.788035,108,371.640254
46.958594,138,371.735787
-50.032777,103,371.806482
155.239621,201,372.168668
98.937458,142,372.265334
-61.353533,88,372.325324
64.204195,352,372.790462
109.317169,150,372.89276
62.308369,133,372.984648
31.487995,142,373.317981
-88.195584,193,373.450575
94.654118,167,373.564105
123.49175,216,373.937441
101.138609,179,374.063156
35.299407,193,374.195243
-58.08294,99,374.485359
53.146057,138,374.582559
84.946099,141,374.679344
-48.793268,88,374.739933
77.951981,146,375.041421
174.389748,190,375.171992
-49.250729,108,375.245467
92.891531,168,375.358947
73.715711,155,375.687577
441.656461,519,376.267777
187.452426,335,376.496542
112.091972,203,376.834239
37.984354,134,376.926318
150.46454,170,377.041969
50.823235,149,377.353893
6.329193,122,377.437573
-37.546443,193,377.569214
38.560527,143,377.864331
76.064006,131,377.954942
82.035511,124,378.040422
-72.658316,87,378.099992
98.22423,152,378.427227
75.583797,132,378.518303
46.696623,144,378.618025
60.767956,127,378.706526
243.729662,256,379.113007
70.839698,136,379.207836
63.117203,135,379.300418
132.091437,171,379.641837
74.107159,137,379.737343
-50.729799,98,379.806207
116.22976,158,380.112856
74.040201,138,380.215834
-23.060153,111,380.291638
70.111958,157,380.399187
129.29421,164,380.736676
-21.665634,377,380.99771
97.674036,217,381.35706
60.152266,225,381.512749
53.674237,141,381.80274
-94.797348,114,381.890332
205.032663,313,382.105232
-12.682232,116,382.39192
45.027072,131,382.484938
96.900498,169,382.600762
-68.691682,95,382.665879
-48.943168,180,383.009599
-9.27297,101,383.078865
278.460128,323,383.529546
125.342784,228,383.687277
52.878937,155,383.795335
137.423265,255,384.214541
82.727399,131,384.305792
36.81547,351,384.759031
53.53204,120,384.841507
64.349181,137,384.937566
83.772557,175,385.260004
-31.863286,98,385.33023
124.220195,184,385.457229
-63.894296,93,385.522055
58.466819,129,385.833726
144.921569,187,385.963662
112.518686,166,386.081922
45.1945,169,386.294888
51.807316,144,386.397151
92.802298,184,386.525692
39.285841,137,386.622494
73.774874,131,386.804852
11.057114,141,386.904971
-32.751085,94,386.970935
44.137014,137,387.065625
231.268903,271,387.34837
-30.948078,100,387.41896
60.952613,133,387.511087
-35.789547,92,387.665873
137.401791,207,387.811576
-58.25711,91,387.874285
54.858991,140,387.97335
82.510559,152,388.170981
-29.567239,97,388.23969
-9.633893,105,388.3135
-53.047127,85,388.372457
52.858066,142,388.564482
116.854332,166,388.67996
81.492369,143,388.779753
16.723731,148,388.882638
102.360149,234,389.137212
63.194813,128,389.224971
86.353517,153,389.332687
152.885572,273,389.962372
-50.060894,93,390.026541
74.703191,142,390.124615
67.990443,141,390.314267
68.950206,138,390.412144
-116.449264,412,390.792255
68.694462,147,390.893431
-68.248689,95,390.95833
51.901522,149,391.154742
37.771941,133,391.248177
147.900637,229,391.406775
605.075901,782,392.254063
12.671078,182,392.38008
98.193595,220,392.62338
-170.441779,718,393.207534
-185.278347,203,393.345465
152.877169,463,393.771128
166.481592,246,394.031621
573.763145,774,394.657948
-45.390256,145,394.84888
-68.477181,96,394.915464
-44.486356,95,394.981373
102.442185,160,395.090775
-76.544363,94,395.154345
225.338772,304,395.455673
-71.400744,90,395.517
-67.009059,127,395.604064
80.265462,153,395.802742
184.351141,246,395.971848
148.854743,266,396.249719
51.365559,150,396.352923
188.256004,234,396.609379
181.325675,212,396.756843
46.187897,139,396.853726
-39.348771,98,396.921522
182.944819,207,397.158013
-169.259254,139,397.253121
100.419393,157,397.360309
112.427702,244,397.619042
300.052107,830,398.281507
141.671213,192,398.50784
99.201037,211,398.65623
262.097128,272,398.938626
84.206245,214,399.088113
132.270807,171,399.29998
171.340876,187,399.42933
554.776059,1000,400.308051
-85.0837,506,400.883047
-138.460541,138,400.977575
-134.6054,560,401.589209
-118.631321,103,401.660447
-49.334122,221,401.905923
-47.840258,288,402.106486
302.857548,620,402.827978
-204.140804,143,402.926491
643.42568,1000,403.80676
409.144983,492,404.24157
299.524664,766,404.861407
-162.729881,214,405.101448
-259.11881,319,405.32234
-38.008586,202,405.554361
198.70038,302,405.762957
-250.949248,541,406.232043
-35.846441,261,406.506501
317.147332,1000,407.389032
-261.649536,153,407.494213
-122.54107,628,408.018819
-40.684457,377,408.371322
171.672938,218,408.615679
-267.720935,346,408.856838
-216.54762,441,409.253555
-58.050691,410,409.628993
17.412867,361,409.969717
-169.069467,147,410.071036
-115.585369,514,410.520147
-167.651633,625,411.15153
547.318915,1000,412.030605
-54.273589,274,412.313232
767.293364,1000,413.449099
-114.683355,473,413.779919
726.001767,1000,414.90549
3.760806,596,415.743433
4.66787,189,415.876037
227.36859,824,416.881456
453.320029,970,417.764783
148.978691,544,418.567638
-17.285864,642,419.245764
136.142658,267,419.432436
192.115814,807,420.42261
246.244704,347,420.89215
440.372187,804,421.678576
174.867593,968,422.79107
176.276913,581,423.415584
-198.621297,278,423.818653
16.048301,483,424.381494
679.403659,1000,425.514586
-121.927653,291,425.719028
31.057417,204,426.064536
-159.823046,720,426.78117
156.002964,481,427.339598
507.508864,1000,428.48969
518.033755,1000,429.605209
-239.202943,795,430.368111
-35.462875,580,430.987965
-160.00454,274,431.407878
201.748068,771,432.369464
257.426999,619,433.004905
-83.054199,288,433.210057
230.769217,962,434.311555
-181.129612,484,434.878175
163.769699,562,435.497197
309.603705,463,436.052425
403.455149,1000,437.212656
189.439703,296,437.647948
-16.539934,245,437.822578
-159.434284,218,438.19997
69.749047,270,438.391577
113.460132,191,438.526983
146.232354,208,438.898481
586.225464,1000,440.024617
63.181801,152,440.131453
-191.897256,164,441.158423
38.912534,440,441.691652
24.632117,195,442.040035
-183.269719,130,442.131337
34.905619,133,442.225359
-199.003308,193,442.564317
342.541102,352,442.813479
-52.969647,163,443.153355
55.561349,370,443.417074
36.15913,178,443.748605
46.235321,174,443.872136
8.92075,162,443.985453
400.338892,921,445.082429
88.587577,169,445.20239
-35.740519,160,445.538941
207.303127,265,445.728171
-283.994554,286,446.134094
81.289835,165,446.250131
290.947225,373,446.714135
-311.482507,270,446.904191
139.96836,386,447.370675
77.031516,195,447.701959
732.642233,1000,448.636206
-196.494321,484,449.173009
145.874677,332,449.632688
120.689687,170,449.753589
8.281702,169,450.081067
-245.882792,178,450.206952
294.055198,312,450.649648
39.846373,183,450.778462
58.089373,163,450.893398
-115.457246,171,451.116841
52.601125,178,451.243569
201.931347,567,451.745008
60.49786,241,452.006803
-392.824656,247,452.185026
-64.109081,142,452.286005
181.552227,485,452.720221
-135.485967,132,452.904413
135.960473,215,453.054929
81.603647,161,453.168315
-81.348342,203,453.407614
-177.345364,231,453.571579
-292.242242,192,453.802868
-176.022208,119,453.888962
415.742023,423,454.280525
-94.981466,123,454.367552
-204.164941,135,454.463281
80.781161,247,454.731413
222.562871,265,454.918186
-208.235429,142,455.018257
-18.065238,261,455.296403
-215.158707,176,455.420372
85.79083,142,455.715541
-205.269194,179,455.841922
-6.719085,135,455.938386
-129.449866,200,456.281836
67.404296,147,456.387291
-1.783947,142,456.486917
-38.694269,140,456.585788
-6.171623,697,457.356563
187.420172,210,457.504818
-178.644908,215,457.74911
-181.743693,173,457.872672
-78.638137,175,457.997991
-116.882586,141,458.188053
-209.271099,173,458.311726
83.739208,259,458.495993
24.884454,219,458.742063
199.849023,297,458.953639
-259.153487,197,459.185518
-152.462744,221,459.342743
67.542001,178,459.562799
95.966059,152,459.671809
-108.633309,157,459.783703
-63.051285,198,460.017313
164.447237,278,460.21515
-277.41245,223,460.465474
-241.349748,366,460.728502
22.7983,155,460.927743
81.334773,242,461.101933
36.845556,236,461.273525
-159.889668,175,461.490872
-13.146583,214,461.643017
-16.049682,153,461.844022
141.115776,214,461.999824
-177.233782,178,462.127512
-86.713001,160,462.442501
164.278667,231,462.605666
120.181168,219,462.760304
132.047689,239,463.154021
-193.330219,183,463.286236
-138.771372,234,463.679007
-29.951359,192,463.814976
-239.895432,378,464.310529
-261.142706,196,464.452108
-109.097169,174,464.668547
-304.733179,255,464.852033
-151.36539,161,464.967344
-152.003891,284,465.261203
-179.524154,156,465.372909
175.844419,228,465.623756
-60.944706,365,465.883762
17.187829,176,466.101684
65.51661,242,466.275187
92.246362,171,466.489027
-125.127675,179,466.617048
91.524567,200,466.759963
-176.267644,133,466.946531
25.921593,387,467.223756
-130.242452,175,467.4414
13.269997,144,467.544157
60.103795,188,467.678553
24.013286,161,467.886698
-349.173979,188,468.022277
-165.192092,283,468.315551
-229.068909,154,468.426716
-322.839447,208,468.575734
-27.411902,132,468.761911
-311.751225,182,468.897321
78.915594,247,469.076652
-130.48696,143,469.406554
-144.663519,134,469.50399
55.679556,212,469.657302
-207.362305,356,470.136395
40.942655,160,470.251166
103.072908,235,470.641527
10.62948,202,470.787497
89.329467,190,471.146826
281.41037,323,471.37748
-172.754367,206,471.748139
-299.791475,193,471.887383
-166.555649,305,472.328608
-306.841324,238,472.500087
9.782728,181,472.629874
55.686903,184,472.853325
-178.482273,108,472.931249
74.958005,318,473.249298
-20.734156,194,473.38936
97.400006,193,473.526984
71.186535,254,473.926329
142.003894,323,474.155702
64.62879,456,474.571745
-15.605785,246,474.839241
-86.050508,261,475.026048
-84.473263,195,475.257876
165.216677,241,475.433972
14.54923,192,475.661757
-235.778372,176,475.787834
-176.748862,136,475.885238
85.912659,188,476.214108
-152.445253,132,476.309435
125.908692,170,476.431168
124.885526,225,476.79659
-10.103168,169,476.919899
85.303289,180,477.04869
-41.628126,155,477.250163
52.408582,188,477.386228
132.664427,226,477.54632
22.869431,173,477.760889
-105.783811,121,477.847926
48.519406,178,477.976469
71.972859,139,478.167218
4.567278,176,478.292811
70.31426,165,478.410906
45.042689,180,478.631545
72.595575,163,478.746723
78.400305,171,478.868643
93.631267,166,479.076867
152.285417,205,479.225411
25.762657,196,479.36627
-5.671759,153,479.56733
-137.374889,131,479.661082
67.404606,157,479.773033
-154.039043,139,479.872423
66.337895,157,480.073922
26.857621,157,480.186101
18.172114,148,480.291467
-167.734104,169,480.504707
-28.380009,103,480.577846
-180.271823,113,480.658512
-121.460973,118,480.743545
-67.575104,128,480.939591
32.036279,157,481.051131
-59.933837,148,481.158807
9.489488,157,481.269254
-114.09032,123,481.448239
20.003062,148,481.553643
46.984524,142,481.655415
-9.249952,115,481.828651
44.807839,145,481.932274
21.235626,157,482.043921
-32.338476,102,482.119671
123.754872,172,482.347941
-145.744612,177,482.475952
-21.604292,182,482.606762
122.228413,244,482.993583
93.982637,291,483.196673
-226.232628,187,483.424948
87.833598,142,483.525465
2.275281,771,484.252892
12.883706,175,484.376306
141.931618,199,484.516713
49.260858,159,484.719533
70.526303,174,484.842974
142.604498,204,484.986748
-119.763039,223,485.237675
-42.406642,547,485.715629
-129.148813,168,485.836726
207.697454,555,486.323269
132.999875,186,486.546341
53.628264,143,486.653341
6.040393,153,486.761265
110.205839,335,487.092006
63.973104,151,487.198815
-87.496789,165,487.31643
84.343848,142,487.50841
41.219843,149,487.613342
167.230353,220,487.767873
96.346216,140,488.018425
79.601903,138,488.116677
-105.653275,140,488.217924
-19.391805,126,488.399887
39.932661,147,488.50462
44.099378,161,488.618561
230.68689,295,488.918082
65.283196,146,489.021144
-19.475229,145,489.123844
35.304317,148,489.319566
-119.292356,184,489.452493
24.919649,329,489.779543
64.001774,149,489.885316
10.495377,152,490.605833
55.544238,149,490.71146
-2.817784,149,490.906071
-13.58365,141,491.005678
70.071372,301,491.310663
46.349317,149,491.415503
-2.613519,104,491.489571
15.307202,129,491.581861
115.983878,228,491.836141
100.506863,213,491.991246
512.996953,900,492.920636
-38.517433,228,493.08323
133.402227,221,493.330518
42.950093,166,493.448637
53.980359,150,493.554354
39.191456,195,493.784777
-14.121918,138,493.882666
-11.009593,115,493.96465
31.153757,161,494.171717
-3.179732,168,494.291162
57.18949,157,494.401991
22.158785,131,494.589351
-25.945336,246,494.764997
-147.421519,616,495.29094
47.57053,138,495.39003
46.250068,144,495.690575
31.652014,150,495.797133
38.935859,173,495.921546
88.091288,351,496.358257
35.841915,154,496.466947
99.872647,194,496.697658
208.358023,1000,497.591166
15.061653,148,497.695298
-100.535309,133,497.790678
-9.288149,349,498.127077
156.682471,701,498.7075
336.355483,829,499.471525
-20.20492,203,499.61562
72.773043,178,499.83288
67.491942,300,500.044642
35.97634,146,500.239068
43.803717,531,500.704268
-112.080037,179,500.831666
286.360847,629,501.469195
107.45318,643,502.011009
-3.772069,159,502.320692
377.748413,502,502.766385
67.529953,143,502.867073
-92.059667,250,503.047292
59.415875,156,503.249939
121.060014,513,503.701418
174.870409,197,503.841223
-8.5819,159,503.95377
22.90658,135,504.144604
29.618044,134,504.239156
75.43357,255,504.41881
82.654669,212,504.776684
38.849858,159,504.891287
21.867294,132,504.986776
80.08448,226,505.237728
50.169599,155,505.347077
-6.776824,123,505.434903
29.509961,156,505.637342
230.767678,578,506.134599
37.564798,152,506.242666
53.615891,139,506.340497
-27.261662,119,506.516932
20.723395,173,506.639944
56.085465,148,506.744276
-297.270354,179,506.965754
-146.408209,418,507.266137
17.102648,384,507.628819
-66.384099,186,507.853976
72.52117,133,507.947673
-21.262502,146,508.052747
21.931823,137,508.150758
118.878874,175,508.470053
-47.515066,114,508.551691
489.638439,871,509.626487
95.001768,152,509.734142
351.945454,772,510.490661
211.089145,209,510.862307
277.821488,530,511.416506
199.902981,345,511.85838
214.740656,428,512.164444
-22.730637,117,512.471351
51.276146,174,512.594845
-110.828918,366,513.072048
-26.984333,108,513.149184
75.896888,157,513.260253
211.443353,801,514.25433
87.658723,205,514.398873
50.428609,137,514.496298
89.151674,190,514.854771
159.845375,222,515.011175
29.616438,144,515.336765
236.635724,728,516.075737
103.919172,525,516.670311
52.583102,200,516.812127
-93.07914,258,517.185457
73.684851,682,517.868505
49.711323,160,518.176293
-44.046554,120,518.26318
19.442832,144,518.364685
21.048859,520,518.952782
134.47276,196,519.092676
183.642162,214,519.467791
185.134721,194,519.606644
62.086192,152,519.922329
52.189408,367,520.186487
76.066753,650,521.046392
-243.612025,214,521.20455
-103.576897,385,521.680448
36.017526,503,522.231112
-60.231286,344,522.473289
149.04885,192,522.814316
135.460824,353,523.063585
-68.606797,303,523.477872
188.526981,218,523.632284
143.054756,688,524.549969
119.155492,183,524.681037
-100.428272,267,525.089187
-189.354071,213,525.239343
-112.701416,289,525.675229
57.59834,207,525.822137
-111.972399,345,526.265677
53.763363,152,526.373525
98.154448,155,526.483657
-142.432773,396,526.986104
155.38168,197,527.127043
-180.838936,252,527.493251
-78.284023,416,527.988295
48.267675,151,528.097129
-165.353576,230,528.482121
-28.487918,458,528.80695
75.423308,205,529.176214
772.526237,1000,530.318656
127.289282,205,530.463555
101.012956,233,530.851577
86.425498,194,530.989401
197.524909,217,531.143589
-252.934387,166,531.461703
-218.842368,319,531.686554
27.884782,532,532.284541
184.927138,192,532.632515
-111.505324,346,532.875061
60.281859,166,533.19769
199.513633,672,533.877594
327.415326,621,534.540059
96.184168,153,534.856807
206.808565,284,535.057467
38.431326,129,535.150913
13.397395,249,535.552542
100.871123,207,535.699839
94.589501,152,536.017117
161.350792,232,536.183775
158.390986,208,536.332301
53.787977,155,536.668027
-241.960803,241,536.838753
71.112225,152,537.147775
86.78024,157,537.25976
466.561523,718,537.967906
-1.514035,118,538.052974
198.747299,472,538.477304
-21.117891,100,538.64054
36.001456,151,538.746844
-10.379892,104,538.820991
12.379392,123,538.908935
-1.549535,115,539.083136
28.549806,159,539.195699
252.188208,368,539.550082
-8.598759,103,539.623516
24.231987,125,539.712368
80.936163,153,539.822033
10.761485,118,540.009434
-222.544125,190,540.151027
-28.79778,104,540.226623
-38.537629,117,540.312292
42.478706,141,540.514477
34.322001,135,540.611576
27.43231,146,540.716734
95.96014,147,540.822781
-6.505609,121,541.010837
-15.506274,140,541.112813
40.194273,139,541.214209
40.61775,121,541.302546
89.88433,140,541.50529
-161.754958,399,541.893512
119.411996,165,542.474618
97.62428,215,542.626963
108.743726,163,542.842529
59.072458,132,542.937006
48.255146,142,543.038096
147.512038,222,543.297477
-18.346996,101,543.369787
-188.393362,393,543.751704
109.289731,154,543.861871
47.970348,134,543.959152
-11.367204,121,544.046562
-30.748591,110,544.229186
134.135457,192,544.366667
69.271474,166,544.485441
2.717517,105,544.561761
51.239436,138,544.760228
30.560175,128,544.853453
-31.768239,98,544.924688
21.617941,122,545.012288
68.367564,129,545.210855
10.045904,124,545.301483
62.617459,128,545.39374
-39.357562,102,545.467197
-33.937443,107,545.645355
63.041329,127,545.737695
64.880178,166,545.858549
-26.278191,109,545.937426
36.092651,132,546.131822
88.418294,153,546.242703
56.841429,126,546.333229
-201.618045,333,546.806972
58.226442,121,546.89479
-17.406074,102,546.968688
27.620759,118,547.054665
-14.523378,114,547.385026
62.852764,130,547.479038
70.894855,147,547.584304
67.837861,127,547.676042
88.117903,147,548.007019
76.045153,135,548.105214
-33.204668,103,548.179786
-209.164661,209,548.582303
-188.748668,249,548.75841
21.468601,269,549.203069
3.839487,107,549.280565
-8.779542,112,549.362105
71.893506,133,549.458431
-29.797975,105,549.784767
-180.678498,323,550.015481
-31.528253,97,550.085057
28.616605,126,550.41373
152.44687,655,551.107566
96.616925,146,551.211453
6.492198,110,551.290666
255.165749,265,551.734031
-13.454257,106,551.811175
116.757196,152,551.919749
49.223695,116,552.257367
59.255745,148,552.362429
8.609756,343,552.84436
47.126476,131,552.938123
-12.350044,105,553.013408
23.153583,120,553.099865
-295.005332,161,553.448067
58.681312,142,553.548777
-0.952359,105,553.624856
-187.135652,205,553.770472
198.478037,288,554.207855
-12.096966,142,554.308421
84.925589,156,554.673149
77.409192,149,554.780248
94.789353,156,554.891154
214.828592,406,555.409988
29.37694,134,555.505891
59.369699,136,555.858807
42.136129,330,556.095093
-53.947603,226,556.509957
-179.27459,289,556.715937
153.751002,347,557.189431
57.091514,127,557.281238
50.490506,118,557.366142
337.04325,569,558.009459
317.646823,422,558.499002
111.41559,158,558.843446
51.231539,132,558.938981
94.372248,155,559.049539
-97.951256,273,559.472807
294.921302,350,559.721014
109.38979,221,560.124836
-119.974803,383,560.632753
82.743897,183,560.764355
52.109322,124,560.854469
31.60424,169,560.975858
47.81252,182,561.355192
82.209973,133,561.450063
-8.979968,105,561.525143
80.908764,140,561.863754
60.673501,146,561.968359
124.569655,201,562.112296
48.835165,140,562.434914
56.651586,128,562.527299
59.864268,158,562.639436
-76.808573,396,563.138419
61.398328,132,563.234019
-196.166218,215,563.606102
91.461148,145,563.711257
137.096452,161,563.825581
93.22575,153,563.934181
176.250155,278,564.366313
12.326212,130,564.460031
28.290701,499,565.05803
177.334351,209,565.447084
76.750726,146,565.552387
35.091731,121,565.640296
18.231619,469,566.206002
77.477429,155,566.316156
-119.788236,380,566.835456
161.315635,199,566.978297
69.377986,135,567.294197
64.158093,201,567.437623
125.745619,446,567.988557
-2.603893,132,568.082458
130.043194,689,569.049342
-39.111947,146,569.154548
54.70387,144,569.256741
148.321416,368,569.746388
60.160536,160,569.859226
13.752736,111,569.938796
15.326819,143,570.276347
105.538542,365,570.53719
43.14877,142,570.89911
-39.420481,226,571.059644
51.252149,154,571.170116
182.007402,274,571.597517
112.269094,213,571.74784
143.783198,223,572.159616
69.500189,159,572.271367
16.946484,293,572.718214
42.647035,150,572.824138
142.066518,211,572.973274
31.610283,581,573.809875
42.990708,165,573.930072
94.761376,144,574.032815
52.227543,137,574.1309
16.81746,166,574.466048
192.506662,238,574.636378
257.860231,416,575.167737
147.955793,221,575.324986
40.419672,147,575.661892
121.807047,187,575.795186
-15.575001,110,575.873523
39.123523,152,576.22982
-25.377606,101,576.301883
68.065447,148,576.406585
22.189896,149,576.511929
-92.183015,416,577.034156
-4.658221,105,577.109137
78.040139,151,577.443042
99.565477,251,577.622285
-7.447012,109,577.700272
94.626743,277,578.070845
275.277792,627,578.619377
-202.88487,278,578.922717
33.901662,204,579.069253
66.495814,166,579.188704
49.774164,230,579.453236
34.679207,115,579.536899
57.098108,126,579.627464
-27.057437,102,579.925506
191.008471,367,580.185536
0.887914,121,580.372335
84.194959,144,580.475129
68.910711,130,580.569515
-25.039837,106,580.645214
30.374207,115,580.728405
-2.440017,111,580.908729
246.90771,316,581.138001
101.46961,199,581.506102
17.379947,133,581.601328
63.607371,168,581.719731
289.512063,1000,582.624782
121.127208,222,582.889894
124.396082,250,583.066322
-260.25172,403,583.443532
-2.910637,173,583.566913
407.971478,657,584.219647
514.351788,1000,585.234697
34.645751,212,585.384544
31.77814,1000,586.505809
60.800458,233,586.67155
136.887093,255,587.076814
239.479262,289,587.282338
390.230192,1000,588.411882
74.506849,215,588.655397
267.870066,351,588.904205
79.659564,182,589.125226
173.158565,250,589.303769
156.950129,266,589.585878
-47.954433,122,589.673215
-1.408847,112,589.75328
47.578604,149,589.951668
26.611981,203,590.098203
76.168814,169,590.21844
106.322343,179,590.440915
67.261817,145,590.545484
86.716636,198,590.686938
-82.314704,108,590.854453
14.986118,167,590.972086
78.420711,161,591.086726
-62.409002,154,591.197919
-91.51407,132,591.385144
251.225742,268,591.577359
76.48938,185,591.800537
-21.468637,169,591.922038
139.748624,223,592.080608
80.630557,180,592.408848
36.400655,176,592.532999
673.816282,1000,593.429211
-118.171782,131,593.523799
-66.654381,129,593.707983
56.53929,138,593.805554
210.736484,245,593.979644
24.293571,170,594.192868
-3.831277,161,594.30651
0.714902,249,594.483807
-85.514688,124,594.665107
391.803772,1000,595.675605
261.244515,520,596.681618
151.851467,233,596.848262
46.710558,187,596.982459
825.608535,1000,598.122364
449.427349,1000,599.269372
-1.967113,392,599.771249
160.601522,350,600.254365
685.690466,1000,601.398378
-89.477115,126,601.489271
791.928627,1000,602.633808
61.556128,189,602.768867
-55.969893,109,603.07053
-49.751688,113,603.151484
-85.675132,157,603.264192
2.657675,220,603.644017
248.651716,1000,604.565639
83.215032,179,604.916216
705.692745,1000,606.059946
130.395827,858,606.870118
481.9912,1000,608.015671
139.58305,210,608.390833
12.950288,612,609.049232
525.09706,1000,610.198642
61.591464,721,610.906648
-35.19339,169,611.249878
682.818999,1000,612.397423
630.140513,1000,613.460315
632.931188,1000,614.577652
375.027033,1000,615.708785
691.107753,1000,616.63076
609.601553,1000,617.779251
-22.158248,246,618.177534
334.099733,1000,619.315144
409.129166,1000,620.488086
671.2893,1000,621.63636
186.287456,213,621.787654
-40.697256,124,621.876148
327.392011,1000,623.003124
58.302439,1000,624.17275
49.544068,171,624.517492
19.000503,375,624.784323
575.480886,1000,625.923201
74.597531,169,626.260716
-218.145624,747,627.013059
97.988811,731,627.93063
373.356863,1000,629.070396
68.612668,249,629.253031
359.262066,1000,630.407317
24.621727,167,630.525448
413.837359,1000,631.667891
95.359303,163,632.007057
369.121541,1000,632.946814
63.677794,969,634.064852
-174.796671,328,634.521793
97.90332,344,634.990353
573.540478,1000,636.11252
-67.831838,120,636.19863
-157.00895,286,636.400465
10.549898,698,637.324078
491.479067,1000,638.457441
-76.985653,606,639.111471
292.894671,1000,640.248933
352.524756,1000,641.372558
174.958502,941,642.484241
475.984498,1000,643.619324
470.00578,1000,644.762625
392.623808,1000,645.920747
336.923177,1000,647.071273
267.755926,1000,648.021856
195.62866,793,648.992227
98.121486,248,649.168058
195.667663,763,650.113081
-5.303699,172,650.234375
545.69061,1000,651.378307
-1.003404,152,651.688415
347.981135,1000,652.584155
527.603718,1000,654.361034
-8.177984,179,654.57914
466.32952,1000,655.470923
71.305841,974,656.346389
453.173298,1000,657.240443
580.085333,1000,658.137409
336.25909,1000,659.031809
13.943862,246,659.205712
437.31459,1000,660.120892
110.319839,786,660.862243
566.106484,1000,661.671603
77.492473,355,662.014117
403.830655,1000,662.907107
-78.892837,519,663.365464
217.568024,449,663.775555
543.427656,1000,664.680242
539.644972,1000,665.577727
8.307349,210,665.72546
528.070005,1000,666.618981
-27.878138,193,666.84896
87.217666,947,667.617012
683.892452,1000,668.519082
102.746756,212,668.880532
-79.906376,339,669.226028
70.451964,197,669.366929
582.986606,1000,670.263502
710.747888,1000,671.156777
587.425091,1000,672.054078
64.858917,165,672.170171
7.446704,167,672.287883
741.844049,1000,673.183419
716.399838,1000,674.077209
743.002229,1000,674.986913
-47.946871,212,675.229594
112.939748,445,675.637784
253.844862,608,676.164209
151.88465,308,676.383107
27.057995,142,676.576673
110.516955,227,676.738194
832.945272,1000,677.639484
76.2251,215,677.79284
175.11903,288,678.093231
-103.393828,180,678.221623
360.232034,504,678.672193
43.194181,170,678.886237
68.756542,204,679.03208
120.871617,339,679.367128
60.724907,395,679.741086
161.438498,279,679.940821
263.239802,343,680.280848
180.815714,488,680.723012
211.660953,304,680.939302
-5.575173,292,681.252566
-5.616587,216,681.406468
135.312561,221,681.656674
636.355427,977,682.537812
364.131135,749,683.16394
202.163287,346,683.505135
247.194886,367,683.766847
98.674858,312,684.082569
60.240365,165,684.199497
160.280531,287,684.494909
771.075561,1000,685.392482
419.360933,592,685.90571
270.674653,396,686.281026
131.632229,606,686.806671
387.829398,521,687.270426
89.464677,157,687.381433
22.393642,157,687.585445
-5.1423,111,687.664839
87.960202,229,687.827417
32.909426,141,688.019369
35.098918,192,688.157195
307.607773,812,689.028446
-211.216058,473,689.366712
4.745736,141,689.55858
339.308567,400,689.938264
-12.407308,108,690.015924
89.138133,246,690.192291
40.539474,534,690.662217
51.643722,196,690.892945
-72.305651,179,691.021837
-69.162592,629,691.670097
-31.337317,417,692.166233
89.787274,220,692.322922
221.199203,418,692.712095
-88.319328,740,693.426836
106.62485,186,693.559748
110.563637,515,694.016663
308.506556,423,694.407543
373.81443,1000,695.29954
-103.976259,893,696.12707
59.970042,244,696.301849
20.14478,203,696.446116
851.944737,1000,697.343146
-8.332542,149,697.540425
25.909574,163,697.655888
46.78405,681,698.233629
349.067565,486,698.671098
164.350601,292,702.345563
170.017134,198,702.487733
652.307668,1000,703.380339
104.660067,280,703.669356
353.841047,491,704.107084
173.461056,197,704.247861
58.919946,319,704.570858
96.021947,168,704.68933
136.125709,530,705.156371
308.211673,467,705.579911
-44.825017,110,705.65859
18.792886,127,705.74845
49.96959,186,705.972727
187.439247,652,706.530016
6.041849,131,706.623389
59.900173,195,706.852734
-0.67841,186,706.984216
110.479957,243,707.247
-6.600315,143,707.349773
-8.424171,123,707.437758
164.702061,203,707.671736
44.785034,154,707.781113
83.925892,207,707.927721
-19.858317,190,708.153584
-1.377467,129,708.244817
175.46379,291,708.451552
-52.395923,113,708.623829
57.545848,141,708.723052
8.719143,161,708.836316
43.312441,180,709.054563
5.282743,143,709.155391
33.354791,179,709.28275
132.563163,224,709.532208
117.677452,234,709.697943
44.942259,205,709.935713
43.694086,155,710.046456
333.905504,481,710.496242
297.059852,551,710.982594
25.523961,145,711.084246
54.935083,268,711.370822
250.988141,316,711.594989
-40.041093,129,711.686232
126.991146,676,712.352228
-20.13215,129,712.44428
182.636664,292,712.742919
20.584536,118,712.826777
975.876626,1000,713.725498
130.348722,238,713.89457
333.396328,366,714.246154
129.81552,208,714.392979
362.366579,500,714.840222
52.71432,205,715.076926
81.135853,160,715.189016
-279.680749,245,715.465296
-61.975049,312,715.685822
218.179399,256,715.957393
26.392322,199,716.098567
48.927527,146,716.204214
563.175335,1000,717.10559
-28.891193,111,717.277662
81.523539,207,717.424061
49.620691,550,717.909534
34.036683,134,718.00435
77.931995,717,718.698278
97.207496,238,718.867593
-286.644428,542,719.351075
466.652052,1000,720.252657
-44.549985,214,720.49784
70.293079,187,720.630694
579.274755,816,721.394115
66.03088,337,721.636395
34.783678,149,721.741105
40.792342,152,721.940619
15.906612,223,722.098104
-43.133333,109,722.176494
79.248216,211,722.41741
189.461198,511,722.870887
182.086867,553,723.356613
92.129097,253,723.537286
202.286694,215,723.780863
81.515385,195,723.917661
674.164041,1000,724.817925
256.76827,256,725.091488
43.49786,166,725.210334
34.913838,131,725.302009
701.476011,1000,726.316361
118.080178,193,726.543889
160.362708,290,726.748661
271.682648,414,727.135509
124.100588,165,727.252275
48.006029,158,727.456851
45.699981,150,727.56218
140.686114,193,727.698497
48.333371,147,727.906252
417.164171,966,728.693277
233.202876,758,729.42498
78.893726,186,729.555756
85.229614,142,729.748379
239.298167,377,730.015239
151.192342,239,730.279058
64.439188,143,730.381501
36.65972,165,730.497108
145.623185,701,731.176883
177.230027,196,731.315964
826.403274,1000,732.461506
-35.00992,152,732.567229
133.334076,214,732.816051
793.517579,1000,733.707428
209.661922,239,733.875668
25.185165,539,734.352633
563.892405,1000,735.483947
163.464975,194,735.839223
-115.414759,316,736.062689
296.857579,471,736.596335
211.548767,215,736.971482
88.699324,809,737.749869
0.552924,121,737.834852
50.254735,146,738.140456
-0.475975,136,738.237369
330.908718,435,738.767238
67.884005,164,738.881636
43.327304,133,738.974894
68.000888,199,739.338843
48.731726,129,739.429883
102.921035,671,740.128896
53.752612,145,740.461999
151.951095,210,740.615067
36.74259,136,740.710002
922.953299,1000,741.608787
40.269159,153,741.715846
108.599017,177,741.933139
56.922404,128,742.023778
215.934764,296,742.32407
88.488748,154,742.433125
182.668102,210,742.581537
74.020376,154,742.781522
7.809864,108,742.858028
65.456154,142,742.956015
57.701833,167,743.073422
144.509436,195,743.304808
69.879503,150,743.410791
28.804979,128,743.500945
101.444066,181,743.72087
32.476059,137,743.816893
-3.376991,126,743.906674
21.379246,124,744.086849
-28.138068,121,744.17425
148.008757,206,744.324708
136.05878,242,744.586207
19.517713,144,744.686754
27.88052,136,744.781554
45.269173,147,744.883948
95.513376,159,745.085284
35.336917,136,745.180197
-2.645731,123,745.265839
-16.67006,116,745.437591
213.595869,236,745.604105
239.464031,568,746.095295
52.536965,142,746.195799
31.592683,128,746.37942
45.408547,139,746.476401
87.32774,158,746.588153
172.217763,202,746.822256
258.579727,358,747.07144
87.472186,154,747.272173
48.580982,143,747.374966
85.668296,183,747.501933
80.413014,141,747.599436
103.434466,164,747.806468
57.391514,169,747.922547
183.558913,280,748.210534
217.743464,309,748.425169
117.041352,227,751.004668
128.439241,239,751.173043
885.695801,1000,752.058635
23.230424,142,752.159257
3.997679,163,752.497869
-7.522546,513,753.081225
-90.759046,355,753.328477
-82.646787,204,753.695279
552.194074,1000,754.699254
9.932355,685,755.274528
-97.047685,404,755.652727
-166.37303,455,756.064679
109.304795,186,756.19745
-17.023306,483,756.633573
284.02888,809,757.387467
303.893493,764,758.024346
-79.123565,536,758.570425
7.620922,155,758.771421
152.501075,183,758.900886
236.9939,791,759.561119
320.738417,538,760.033325
453.52505,1000,760.919085
76.26462,485,761.353359
175.785615,248,761.621745
259.957462,751,762.243302
-137.190106,267,762.523438
18.281068,151,762.628478
-103.28299,167,762.744931
30.062075,134,762.932039
272.503554,296,763.13935
273.133111,567,763.632576
615.085657,1000,764.521925
177.848759,858,765.309986
163.879578,219,765.466558
-215.079065,308,765.775105
406.402316,498,766.219275
8.64491,516,766.784543
178.391442,279,767.074347
192.145539,279,767.271221
-153.544421,276,767.560917
116.018699,216,767.711501
298.814185,495,768.162315
149.272147,266,768.438978
335.191549,552,768.919327
254.52493,684,769.493351
172.476262,232,769.655448
56.95994,136,769.843852
120.126364,572,770.338398
-314.374846,161,770.450713
26.858093,143,770.550042
46.019127,166,770.758485
-100.346374,696,771.346434
264.804576,283,771.638769
158.115881,210,771.785607
83.378036,177,771.908777
155.758904,390,772.379645
118.115749,205,772.720589
241.659038,422,773.016321
14.674264,545,773.624056
-183.407116,202,773.969315
59.456789,345,774.304204
143.474302,1000,775.188633
34.256707,139,775.285734
247.34604,590,775.897583
70.545252,177,776.021394
45.738033,542,776.602753
152.18549,887,777.409178
92.664519,492,777.843412
-129.598864,885,778.647861
532.934183,998,779.533304
95.694272,202,779.675637
110.343643,222,779.924376
-114.887765,517,780.377017
107.508362,209,780.524519
168.343303,189,780.657571
-31.063638,366,781.00583
-245.14384,293,781.303209
7.917427,561,781.790914
74.115271,157,781.901461
-2.530028,585,782.407259
-225.527852,220,782.655158
-0.945765,254,782.83472
-297.090205,193,782.96931
106.390289,687,783.637928
1.545664,211,783.786708
-39.952403,165,783.99658
-130.97235,349,784.239871
-293.119066,211,784.481593
-6.004711,486,784.917458
113.601148,706,785.607269
-99.211517,547,786.084462
147.273112,868,786.880352
60.00272,157,786.990811
120.01214,728,787.59789
134.897025,384,787.958733
68.516251,172,788.172179
481.171853,1000,788.972858
692.04991,1000,789.852574
210.818301,288,790.147463
253.012994,521,790.721107
196.890958,315,791.04741
-58.697221,117,791.131056
-21.063174,232,791.295502
-53.256621,146,791.489846
166.843371,308,791.704666
-86.942282,267,791.982475
-186.770594,468,792.505232
211.496395,382,792.771976
398.158549,719,793.456798
-245.70441,226,793.615166
-168.109852,276,793.900449
-224.654868,332,794.131034
95.649305,203,794.365031
156.126133,214,794.514663
233.023991,704,795.448978
-253.917753,265,795.633037
-208.264161,282,796.026062
117.746469,261,796.208183
24.301699,361,796.686554
89.146985,392,797.161474
130.183842,779,799.232797
-94.699216,377,799.695313
213.535048,763,800.436032
148.644027,754,801.395744
282.499575,303,801.607106
-200.060512,222,801.972466
-181.940104,374,802.435829
-221.034914,314,802.652335
40.638329,578,803.25269
229.878308,387,803.748148
-39.868759,840,804.729012
-117.152028,464,805.27693
-141.014237,476,805.813279
-40.201926,462,806.356402
97.65908,745,807.104971
200.123851,259,807.288756
-111.851221,340,807.614492
108.390461,161,807.72734
-152.264676,446,808.13147
389.263972,588,808.635578
-176.906451,361,808.979612
-239.612649,333,809.303128
-124.663925,455,809.845013
54.61953,195,809.981447
23.186582,614,810.504978
-52.335527,182,810.723984
98.320405,177,810.848533
-21.133377,278,811.135658
96.881042,195,811.273692
-149.831354,279,811.467291
217.093717,273,811.74903
-23.460673,407,812.126128
91.051439,228,812.286728
59.912143,179,812.505258
19.321231,159,812.617549
91.385918,461,813.141875
133.298783,275,813.336302
154.986122,560,813.935592
57.307961,237,814.303276
-38.551142,458,814.845397
9.396381,126,814.934664
-234.855644,302,815.368587
141.914544,205,815.512499
149.946334,564,816.115469
8.76646,142,816.215659
56.977207,153,816.564139
-189.539219,358,816.813714
-66.556948,429,817.322438
-152.077678,282,817.742888
-121.190654,284,817.940746
110.041468,248,818.346877
-148.386586,327,818.576335
42.645648,572,819.40216
32.747423,343,819.643087
268.563927,738,820.604259
68.174584,513,821.156899
-254.226361,260,821.337768
93.289894,183,821.664942
21.155561,155,821.77271
390.863011,1000,822.923163
85.055468,235,823.089291
59.197351,140,823.413102
205.993238,279,823.609612
-47.73872,516,824.166328
55.89972,180,824.291763
17.525872,117,824.58492
84.226394,222,824.739377
21.303068,218,825.115156
143.662212,203,825.258132
48.84485,138,825.355253
-126.055617,340,825.81388
26.790134,430,826.350522
127.00252,230,826.510722
88.27598,161,826.624926
10.933505,150,826.931454
-184.822033,352,827.176585
128.653093,193,827.540286
121.464993,548,828.140619
12.168773,139,828.237649
-197.648976,259,828.616755
144.523865,280,828.811692
74.660109,169,829.154777
49.10875,166,829.270621
8.611928,170,829.389438
87.993985,171,829.702875
28.333479,239,829.872396
99.833395,188,830.005647
41.308001,141,830.32699
101.032458,174,830.450143
-91.328935,295,830.877852
263.916225,311,831.097322
33.554512,141,831.198076
75.822205,178,831.523235
-117.087154,339,831.757971
151.811937,272,832.146096
93.298389,170,832.265959
-0.309388,140,832.587306
215.012981,877,833.416159
339.487506,982,834.516921
26.430529,129,834.607018
190.024939,242,834.998828
-93.42382,336,835.437609
108.679585,327,835.667953
-89.352722,300,836.101266
533.910073,1000,837.230643
117.574254,196,837.370346
27.638265,318,837.817267
-40.074644,348,838.062354
460.958515,737,839.034597
63.415037,204,839.178609
-47.423338,686,840.093336
-68.002671,434,840.61645
8.997339,159,840.730719
213.748199,344,840.973654
-66.77423,103,841.263804
-171.428969,308,841.479716
64.719313,164,841.804525
45.119863,130,841.897146
70.629566,746,842.61463
6.811607,126,842.937226
321.416359,931,843.791413
128.863668,843,844.829114
99.517534,215,844.981676
117.728298,201,845.324831
71.150957,160,845.437792
285.566162,1000,846.573477
181.524721,440,847.10525
-28.38147,448,847.619291
98.035206,163,847.733486
36.982383,124,847.821033
56.460546,206,848.190341
28.769664,148,848.294357
-11.513235,114,848.373989
158.196937,249,848.770952
28.125021,147,848.874404
-44.860303,285,849.274565
3.673359,168,849.392255
63.049222,188,849.525199
195.2904,893,850.565538
43.364464,168,850.683718
43.966658,148,850.996133
77.221401,170,851.116842
37.090228,126,851.206753
33.597171,135,851.526243
38.507996,139,851.623884
30.65129,127,851.714132
32.073339,143,851.814588
94.905538,171,852.144469
44.862894,155,852.253166
57.754596,151,852.358847
-121.744847,110,852.43642
8.003088,157,852.768761
55.075109,146,852.87145
-91.823172,107,852.947615
12.08352,135,853.266053
96.229829,159,853.940305
58.545609,138,854.036669
172.802641,237,854.420422
19.21443,125,854.508892
16.564831,121,854.595721
-19.049912,358,855.046742
-61.339565,107,855.121963
140.313487,259,855.5244
64.207706,157,855.643825
116.899276,221,855.798509
59.315181,130,855.889981
140.750266,270,856.279969
209.869205,265,856.674838
115.272898,172,856.795259
66.502709,179,856.921618
12.579641,133,857.014927
51.927577,134,857.332761
-169.552367,370,857.594687
29.24074,147,857.922252
198.536291,279,858.118199
31.499647,142,858.415342
-69.897365,112,858.495889
33.662908,139,858.593006
-78.818018,98,858.662016
-27.305187,112,858.741328
85.09007,171,859.085257
96.463432,190,859.220637
6.843329,141,859.320313
37.668419,120,859.608347
-95.638127,100,859.678898
50.911222,130,859.770997
70.991772,159,859.883254
82.732654,162,860.212704
95.596519,158,860.323615
-27.955179,300,860.772556
15.265231,130,860.865021
17.751621,148,860.969513
25.461071,128,861.0591
44.44967,152,861.38962
82.137724,193,861.525692
48.121028,141,861.625127
83.04522,173,861.947884
47.231316,136,862.044991
32.366295,149,862.150707
-5.754272,149,862.457386
-56.906351,109,862.53474
50.196076,159,862.645696
-4.019141,379,863.136342
-81.141422,100,863.206598
165.93712,559,863.827062
-19.73974,114,863.907978
27.327482,145,864.211121
56.94074,162,864.324491
20.140962,135,864.419993
-86.161216,98,864.488583
-2.509224,129,864.670715
51.790773,127,864.759787
-96.010198,97,864.828308
-37.761365,118,864.911972
-113.90321,87,865.06346
-119.851185,401,865.344753
-62.20774,102,865.417116
31.823644,135,865.605273
-79.773812,97,865.673502
-52.30956,111,865.751812
61.360713,172,865.872696
-40.046123,121,866.050888
95.93899,162,866.166467
7.765209,190,866.301151
-72.140773,104,866.468841
-79.052053,107,866.545126
37.707178,148,866.648665
-54.288276,111,866.727193
-22.882234,104,866.893236
56.993842,146,866.99885
-35.437894,114,867.079105
185.384415,253,867.348941
23.524452,378,867.613385
43.570383,142,867.805562
6.413988,142,867.905688
75.873469,159,868.017403
53.632574,166,868.134012
27.261474,146,868.329225
38.244304,125,868.417842
147.873287,213,868.567625
69.646178,161,868.773296
99.719737,175,868.896883
201.957517,247,869.162899
50.106404,161,869.277447
42.528881,164,869.393207
54.422831,164,869.602555
62.4181,154,869.712029
41.404805,161,869.826516
0.96986,116,869.909382
16.154093,133,870.098198
23.68242,136,870.194764
12.089389,148,870.299379
23.267516,129,870.392255
23.564729,148,870.588276
33.84788,142,870.688838
39.508005,150,870.794796
148.020052,304,871.100265
85.883916,161,871.215849
95.224744,170,871.427143
4.317845,154,871.536845
19.197881,160,871.650325
94.283733,169,871.770782
-14.135489,149,871.967811
1.892919,153,872.076283
-84.216876,126,872.16758
50.72081,152,872.378034
116.804799,172,872.49968
164.379536,254,872.67921
3.534648,141,872.872153
84.411074,184,873.003809
23.741723,157,873.114036
-41.480614,115,873.285851
109.160187,215,873.438808
30.749856,196,873.578344
142.259204,247,873.843712
80.039163,164,873.959052
3.209644,132,874.052551
-20.766945,128,874.248046
53.612821,135,874.342996
-88.897898,103,874.416015
26.858284,150,874.521734
-7.970096,123,874.702535
105.926715,203,874.846116
123.016571,217,875.090618
172.43946,253,875.270102
114.99507,239,875.437955
44.914082,139,875.629246
33.621516,155,875.73871
12.41313,140,875.838085
-86.294458,99,875.999268
19.78336,140,876.099479
10.213316,145,876.203351
54.915793,138,876.300864
-34.950088,127,876.483744
-63.089887,98,876.552398
-2.279845,120,876.638109
-53.43592,168,876.757456
-40.790004,105,876.923921
49.746587,138,877.021435
12.068983,131,877.114
41.482804,131,877.207759
31.719824,130,877.392876
19.389393,139,877.490938
27.055802,148,877.59549
2.736139,141,877.694413
40.245471,166,877.903149
68.111,158,878.014343
23.002383,134,878.108632
-53.255398,102,878.272439
25.722045,140,878.37244
49.206759,158,878.483499
17.923678,130,878.576053
107.870273,223,878.829606
39.61287,151,878.936741
19.53224,134,879.032525
12.236027,133,879.219718
-78.993862,104,879.294649
96.344306,168,879.414085
-84.255408,112,879.494007
20.195304,146,879.689262
-119.695373,96,879.75778
-45.066055,116,879.840914
44.81352,129,879.932191
8.987756,130,880.118289
50.611917,154,880.227008
-38.358115,138,880.325141
118.352259,239,880.58632
-94.227458,104,880.660195
-51.581099,106,880.735846
-11.363607,148,880.839638
72.128635,174,881.066524
44.278394,152,881.175835
13.092602,115,881.25824
-71.566554,101,881.329926
-51.073393,186,881.556287
-94.70497,98,881.626293
38.919361,140,881.72597
48.987036,148,881.830923
50.952669,128,882.01564
-36.488568,123,882.103992
10.512144,157,882.214973
-71.41391,120,882.391856
22.119571,148,882.497066
-79.252146,105,882.571989
-82.551976,103,882.645292
-33.875183,135,882.740688
63.859822,155,882.942899
40.523075,153,883.051802
-82.551641,100,883.122535
35.821788,140,883.314129
-69.591716,103,883.387825
54.566817,173,883.510691
27.843922,132,883.605079
3.015834,153,883.804962
-66.410689,101,883.877084
-18.896107,132,883.971671
-19.256696,171,884.092711
35.114872,137,884.282042
-15.044967,128,884.372943
32.814382,152,884.483258
-47.878163,119,884.567321
139.978478,227,884.820204
13.765151,150,884.926197
36.64476,180,885.146057
16.637322,115,885.228324
19.219131,136,885.324734
109.523444,180,885.452119
-44.088231,107,885.619517
52.564584,171,885.741036
-28.770438,126,885.831202
23.940951,128,885.922384
63.396008,168,886.132891
51.905559,130,886.225629
-70.569252,106,886.301153
32.136275,150,886.498402
-7.554114,144,886.601521
38.733697,156,886.711734
-57.250491,191,886.846315
-13.487319,127,887.028102
84.678914,164,887.143492
53.637599,151,887.250586
-4.567296,132,887.436262
96.68311,199,887.578511
-12.829366,112,887.658503
30.289447,132,887.752299
53.136697,188,887.978322
4.782126,159,888.090911
13.028633,215,888.337844
29.201992,137,888.435424
-71.48678,147,888.53893
-74.967525,411,888.921138
3.352192,145,889.023701
-38.485742,120,889.109282
-67.827381,106,889.275658
-90.30863,97,889.344828
-51.952639,120,889.430038
117.112777,216,889.582922
-46.763535,117,889.75818
6.009752,133,889.852785
-84.452572,97,889.921459
13.970709,150,890.028056
-38.620079,127,890.209723
89.233979,171,890.331216
57.663732,162,890.445671
6.487962,123,890.625912
48.533391,167,890.744953
-34.008247,133,890.839997
10.902958,144,890.941893
174.021494,271,891.231621
175.539503,254,891.412973
-226.61889,389,891.783024
99.442723,295,892.084976
0.025181,201,892.227781
76.568146,167,892.439013
50.025872,162,892.553544
14.295918,276,892.749295
99.916168,204,892.986904
54.511585,161,893.100114
-33.317907,527,893.56331
146.571176,315,893.878203
-216.101807,405,894.258284
569.954786,1000,895.155788
24.053277,137,895.252484
57.479678,253,895.432014
54.462055,199,895.663758
-22.336272,130,895.754935
61.847918,166,895.873344
645.898584,1000,896.87139
43.196269,194,897.228809
32.814668,177,897.355551
132.874073,289,897.558901
-77.914359,111,897.73087
98.435036,274,897.92493
31.132475,142,898.116083
69.896049,213,898.266797
220.214583,515,898.722566
63.154541,169,898.841832
134.856509,203,899.077851
-43.398473,121,899.164165
-8.747992,157,899.275791
26.438919,150,899.380197
-27.368928,155,899.581515
58.684034,174,899.705211
39.778205,130,899.79817
31.31992,143,899.990994
-6.472904,150,900.096192
53.559245,156,900.20639
49.909639,139,900.39705
49.695093,148,900.500864
-64.878935,111,900.579601
76.832852,206,902.498728
-52.986293,114,902.671516
70.924876,175,902.794938
189.048046,357,903.140761
-47.315938,120,903.226269
85.06809,296,903.630646
153.355946,269,903.821525
-1.431405,120,903.9068
-10.492135,176,904.123797
1.718131,136,904.21941
90.919914,229,904.380798
48.598639,143,904.57362
-25.958643,108,904.650419
21.788854,145,904.752032
152.42453,232,905.008009
-88.110657,219,905.16273
65.907347,165,905.279335
172.426301,284,905.572866
62.753246,148,905.677227
84.361037,195,906.02408
48.993503,150,906.13033
7.161602,114,906.211623
182.880994,235,906.5875
39.736431,129,906.681572
-14.774907,148,906.785185
-29.738565,114,906.865761
-14.288479,113,906.94565
-17.329582,114,907.224887
91.839963,164,907.340401
54.7637,165,907.457717
-15.088812,120,907.643576
18.000241,143,907.743816
39.211477,162,907.858303
-23.255682,119,907.942586
168.540342,280,908.233722
-9.723953,150,908.33815
-98.790073,383,908.702266
18.843135,140,908.801529
23.950174,122,908.983575
48.777377,138,909.08377
181.787376,268,909.280844
632.714647,1000,910.177952
144.618453,764,910.901178
232.314958,335,911.140433
568.117936,1000,912.034749
-275.188042,327,912.366314
719.168418,1000,913.364295
532.544851,891,914.177968
-162.372365,424,914.569754
265.176349,360,914.82486
218.286296,687,915.496201
38.901095,155,915.604598
432.487297,961,916.475142
346.121908,625,917.118759
247.841654,336,917.586769
144.525569,229,917.748462
313.257002,480,918.32031
51.889131,244,918.49445
462.559032,853,919.510256
145.529276,233,919.898475
492.939943,613,920.55528
119.850314,387,921.029859
381.36568,538,921.618823
10.481133,252,921.797113
-9.254686,631,922.464325
-132.532909,415,922.980186
77.499081,489,923.563126
-39.266251,510,924.148161
-88.298636,265,924.5719
-58.091621,735,925.310831
50.590894,283,925.734914
60.444686,191,925.870074
-257.003121,371,926.353515
-164.146779,516,926.944541
-87.613022,704,927.666574
210.629556,814,928.69165
14.865209,143,928.792151
76.690293,188,928.926042
57.767736,209,929.274846
259.892109,905,930.335731
161.088757,339,930.585126
201.000895,246,930.960339
87.271955,396,931.241957
538.212934,1000,932.133206
553.82347,1000,933.029004
272.16963,635,933.672453
605.857526,1000,934.566404
515.156691,1000,935.366427
474.453319,817,936.134944
36.506543,172,936.256921
-6.875208,462,936.677495
185.338535,499,937.252429
11.607535,141,937.549333
299.127356,599,938.065385
100.154412,239,938.235697
214.595544,361,938.582314
276.731532,441,938.988071
368.157558,864,939.688029
129.692285,456,940.104133
-333.212969,261,940.380721
-36.27691,171,940.500782
-26.280681,547,940.980328
51.453208,251,941.252827
25.518444,165,941.369333
42.635549,193,941.507085
96.591425,196,941.738059
57.557389,244,941.911158
-107.056722,884,942.721386
204.092813,381,943.083868
51.561843,165,943.200059
-34.314109,344,943.546101
-198.248252,614,944.072533
167.251862,546,944.550163
136.433506,248,944.816687
-15.724192,142,944.917139
79.100296,192,945.053725
22.74332,200,945.286111
37.277957,147,945.390509
6.462602,211,945.539731
21.600344,139,945.729182
55.081528,215,945.882337
86.725064,184,946.013552
16.364405,180,946.234052
77.105724,211,946.383808
146.758546,249,946.652203
5.548485,166,946.768582
95.489536,311,946.987251
68.80327,238,947.248168
54.464837,194,947.385946
35.48884,359,947.80967
-48.862862,176,947.933285
-34.135848,357,948.279232
105.827105,305,948.679737
49.574658,163,948.795298
80.268877,246,948.969712
45.02986,232,949.225595
26.015687,192,949.361727
-20.766985,196,949.593709
109.637788,638,950.139977
53.522693,713,950.738137
41.038223,157,950.940222
43.392484,150,951.047005
-55.824867,152,951.639792
-52.161475,857,952.428717
52.984491,179,952.555932
-37.227888,116,952.63852
-52.487157,215,952.881951
65.254719,230,953.04308
-9.332563,170,953.255546
-16.405531,163,953.370332
-21.98155,111,953.449106
-6.378079,122,953.53502
-55.715429,116,953.710393
-68.802114,159,953.823658
-22.983711,193,953.960123
-25.06685,148,954.15714
5.787224,144,954.259109
33.350779,137,954.356524
-55.473349,109,954.435022
-26.523205,117,954.610704
-41.711831,111,954.689425
69.210686,352,955.029609
-50.881694,133,955.12452
-19.519749,163,955.239425
-16.396601,155,955.347972
16.98354,179,955.567233
26.853358,216,955.71977
-20.415953,127,955.809609
8.71607,135,956.091149
61.977994,205,956.236853
45.878607,164,956.353706
29.965933,141,956.544234
-7.920983,122,956.631567
-26.387992,118,956.714588
-89.361686,212,956.960237
-0.859463,157,957.070887
-45.578798,128,957.162495
3.198259,137,957.260176
92.246009,188,957.591095
1.443296,154,957.699107
-1.789667,152,957.805411
-14.937278,118,957.983036
-14.781699,142,958.083074
-40.00334,317,958.30793
-72.99396,106,958.581518
12.054599,123,958.669149
-20.172257,120,958.753863
47.75562,137,958.849713
14.401561,156,959.052562
109.88706,370,959.314357
25.102805,143,959.507895
2.302142,151,959.614458
0.637352,159,959.726095
138.290813,302,960.03278
45.995256,141,960.131397
14.984071,159,960.336801
111.229605,194,960.474363
-40.401298,110,960.552795
16.351173,141,960.65214
53.390786,258,960.928459
14.342247,326,961.252216
6.787169,146,961.354824
-33.286464,157,961.465196
-1.535557,135,961.560375
-20.94459,158,961.764278
24.984312,153,961.870816
69.782095,237,962.038276
20.857938,152,962.243351
-18.074233,128,962.333915
-1.344011,185,962.465393
56.298786,170,962.679428
96.887544,171,962.801859
38.213304,146,962.904953
-35.897288,121,963.097322
37.231179,134,963.192545
44.784481,235,963.360024
-1.650031,129,963.54279
32.588249,144,963.644722
-50.276051,175,963.768312
-10.98218,128,963.859659
-12.499306,107,964.027468
36.0346,162,964.142256
9.960534,132,964.235393
38.698151,307,964.545677
23.699586,130,964.638418
84.777578,179,964.766561
-49.208297,122,964.946456
34.263834,155,965.055988
-19.359316,121,965.143239
48.882668,142,965.244417
60.230993,173,965.459086
-36.414324,104,965.533172
-35.040342,122,965.62073
-20.50936,110,965.699557
89.520849,194,965.930495
-127.940317,138,966.028816
-50.719037,288,966.327293
-29.767064,119,966.412786
-15.796265,152,966.519311
9.134259,150,966.62569
-3.4591,111,966.796492
52.462859,187,966.928769
19.700907,130,967.020593
38.742427,153,967.221688
17.790818,127,967.311665
-40.041798,126,967.401937
97.801169,232,967.657726
-37.125159,117,967.741307
157.28325,262,967.928143
37.242786,233,968.288241
110.59191,347,968.534499
-65.903169,194,968.7644
28.437516,156,968.874501
-3.860612,157,968.984886
25.380129,182,969.207652
-62.516304,142,969.308025
-5.086255,121,969.394836
16.387112,144,969.587657
131.457602,260,969.770808
-28.831828,296,970.072429
-38.825993,170,970.192274
41.84237,149,970.29539
10.548314,182,970.516492
-52.979316,139,970.615053
-27.071834,180,970.742432
34.482555,141,970.933374
-23.599529,562,971.426687
-8.672022,116,971.509071
61.027259,193,971.644855
-51.089895,209,971.884581
-85.220711,202,972.027055
59.874187,165,972.143267
16.481274,136,972.331326
49.162529,182,972.461773
56.916509,221,972.616486
-91.358167,133,972.879159
-48.225435,238,973.047531
100.175973,203,973.386255
34.060676,163,973.500801
-188.862519,597,974.013861
35.788674,146,974.116276
-64.198503,202,974.351987
79.852895,247,974.526544
-42.384326,806,975.388752
23.022745,161,975.501299
36.007676,157,975.611308
-20.897211,261,976.022745
3.140422,186,976.156518
152.253576,286,976.582795
45.563126,152,976.689384
49.413646,600,977.338069
-9.990951,166,977.678743
126.661584,614,978.324282
46.084371,210,978.473042
4.429151,243,978.847578
79.300162,206,978.995028
-49.968121,119,979.079118
56.147217,212,979.451377
14.892569,187,979.583696
-43.391548,165,979.700981
94.771233,226,980.083426
-11.737442,152,980.191308
-1.710049,177,980.510942
55.051411,207,980.663857
52.31598,167,980.783229
45.118565,216,981.1596
-144.694576,253,981.339615
-71.952441,216,981.586785
93.984908,277,981.782532
-96.150186,127,981.872055
-15.250366,136,982.062255
14.768654,122,982.149809
-11.516709,142,982.250684
51.660559,248,982.519138
95.511359,279,982.715988
109.434156,285,983.010096
-130.910195,943,984.093316
42.978969,241,984.265869
-71.139215,145,984.36761
106.17399,229,984.751992
15.225059,167,984.869929
-9.424324,220,985.249155
206.390715,512,985.834575
60.412883,227,985.994642
-49.335191,121,986.079512
30.078986,386,986.547865
-38.977888,266,986.734364
346.761912,740,987.684825
17.719523,197,987.824797
-182.623392,175,988.153618
69.600643,311,988.373176
-107.147478,394,988.756125
43.008414,172,988.877844
89.398033,259,989.153842
-62.62721,103,989.227269
-21.830718,114,989.307194
-82.728404,96,989.375082
-54.919389,102,989.539643
-136.321506,183,989.669112
40.092212,251,989.940662
-11.732605,184,990.069685
32.796627,132,990.163042
-49.450084,124,990.250471
-11.620047,165,990.46081
64.894502,194,990.598989
-247.954082,900,991.420134
120.065706,222,991.575362
4.949228,265,991.855125
191.999908,573,992.349666
7.048229,146,992.451646
-63.83698,167,992.662364
15.821111,148,992.765718
-1.966348,155,992.875472
-31.729497,155,992.984889
-44.606087,103,993.151342
51.114312,135,993.244893
-20.979299,104,993.318925
-101.297966,91,993.382659
-43.64229,100,993.453424
60.12142,146,993.649434
-37.842886,159,993.761214
-141.207509,208,993.908682
114.131239,547,994.47933
231.247955,550,994.958975
167.717608,653,995.516375
6.34857,119,995.601856
76.60266,233,995.858539
-19.680324,130,995.950368
47.68825,146,996.05238
23.298423,169,996.172546
28.290537,155,996.372815
14.709535,127,996.462615
83.427956,207,996.610007
-72.207504,170,996.821481
17.623536,143,996.921754
-21.790032,112,997.002285
20.953651,283,997.298239
43.639902,179,997.424239
38.860883,155,997.532405
32.791411,133,997.720463
0.498085,318,997.946329
24.802023,147,998.142612
28.432094,181,998.270044
79.518951,218,998.421958
83.091358,290,998.719714
-88.504076,91,998.784038
47.465491,216,999.029677
181.919926,263,999.681504
-150.010314,286,999.974199
-242.749466,409,1000.263176
-28.519044,262,1000.635961
86.063907,213,1000.786247
130.574066,287,1001.217026
103.143589,225,1001.374051
45.530098,240,1001.767857
18.401666,120,1001.853274
48.555726,271,1002.246377
-42.355527,110,1002.324412
-123.729039,271,1002.514498
-160.405941,201,1002.747863
-35.08863,223,1002.90288
-89.980599,182,1003.123556
-29.554098,104,1003.198063
-7.202044,163,1003.312207
35.529455,297,1003.613295
-31.831049,250,1003.789916
108.464187,226,1004.039113
99.95288,545,1004.612875
-34.379052,187,1004.745579
5.039023,151,1004.85233
29.090198,131,1005.036781
45.433803,129,1005.129399
31.964487,162,1005.243729
22.609056,185,1005.374897
-35.175809,108,1005.543681
14.162802,151,1005.649691
46.301212,130,1005.741601
-87.385574,224,1006.096786
-22.263296,247,1006.276248
-22.694297,104,1006.350364
63.891835,172,1006.563816
-83.503769,92,1006.628045
223.424299,506,1007.078535
30.296816,133,1007.174516
42.58198,166,1007.291276
38.051551,145,1007.485232
-65.374929,118,1007.568672
16.713382,154,1007.675739
-19.562823,122,1007.761447
28.49678,167,1007.970935
-4.388109,204,1008.115002
46.966939,244,1008.379884
-39.625193,151,1008.486868
-17.162646,178,1008.612364
-23.566755,113,1008.915379
-39.350645,212,1009.064875
150.971314,302,1009.477633
45.410763,315,1009.698729
-83.747898,165,1009.812233
6.834054,386,1010.308395
46.285268,198,1010.671901
-56.331956,100,1010.742633
-24.164259,136,1010.83817
217.612424,406,1011.336316
-124.277928,89,1011.398399
53.407141,171,1011.51828
-59.883424,150,1011.82946
-42.720028,98,1011.898541
41.404537,135,1011.994114
6.572546,150,1012.098329
-55.213002,106,1012.395765
73.505201,195,1012.533232
-123.859982,84,1012.591791
87.596164,235,1012.981204
28.867128,152,1013.087796
-63.804027,94,1013.154335
-67.968045,107,1013.229905
132.754353,251,1013.62929
-9.452842,148,1013.732493
-21.218475,133,1013.825773
31.559782,246,1014.22045
-2.941912,153,1014.327073
7.869859,222,1014.705081
46.130495,190,1014.839501
-1.844768,151,1014.944266
90.940567,190,1015.295781
-21.186927,156,1015.405919
98.160984,257,1015.588246
-57.957286,141,1015.88868
-52.099483,125,1015.976672
-15.862033,168,1016.093947
-153.142389,290,1016.503491
-40.529466,171,1016.624474
-11.423967,190,1016.966245
-4.088762,132,1017.059876
-94.157182,183,1017.189797
-73.799084,100,1017.26062
-20.128718,178,1017.60863
53.721593,175,1017.732201
-24.229943,151,1017.83931
-55.181514,265,1018.233688
0.049859,151,1018.338504
-17.274241,152,1018.444162
-60.695534,92,1018.709408
-12.767369,172,1018.830402
81.157982,179,1018.957879
38.763876,182,1019.295583
-104.892161,94,1019.36188
49.687869,167,1019.479595
4.697546,207,1019.849157
-94.263026,101,1019.921134
-15.209896,157,1020.032058
-61.062134,169,1020.1527
77.160397,204,1020.519373
-82.540989,88,1020.580919
38.28487,173,1020.703494
-40.063503,118,1021.007622
-56.803704,105,1021.081634
2.262275,127,1021.172919
27.286908,168,1021.290281
39.306496,131,1021.615345
-86.488935,108,1021.693296
9.373384,159,1021.804811
-14.764104,130,1021.897171
11.085881,144,1022.232043
18.31954,156,1022.339442
-58.793106,114,1022.418971
-10.572692,153,1022.526227
27.294812,129,1022.840879
-90.825803,104,1022.913543
26.436159,132,1023.007355
-1.825276,143,1023.107159
-35.35152,134,1023.42453
-9.087307,147,1023.526893
1.314993,122,1023.612612
-91.563733,153,1023.915455
-25.050102,110,1023.994014
-21.98896,157,1024.104795
-50.689446,121,1024.189612
-40.065056,116,1024.467574
5.594218,123,1024.557876
-114.718418,95,1024.62444
111.335524,201,1024.76437
-14.514146,140,1025.083982
37.09518,133,1025.178046
-21.676883,156,1025.287645
-4.571177,147,1025.390504
-89.429916,95,1025.563671
-66.252818,225,1025.723324
10.040758,144,1025.824728
12.005736,134,1026.012352
63.424617,189,1026.146405
-2.678958,135,1026.242768
-12.152261,172,1026.456005
40.12709,269,1026.646664
24.795302,179,1026.772645
-62.196716,116,1026.947158
-4.49175,159,1027.058895
0.892492,158,1027.16906
30.144835,152,1027.368034
59.14365,185,1027.499412
-11.357607,116,1027.582111
-29.738106,183,1027.831145
-86.607563,115,1027.912513
181.852809,706,1028.636298
49.498462,316,1029.066013
42.388637,207,1029.209718
26.553449,133,1029.303382
58.574719,239,1029.669368
-37.811967,110,1029.74746
88.842888,223,1030.127041
105.214358,232,1030.288202
76.717163,170,1030.407795
-68.765287,116,1030.687939
56.884913,241,1030.858347
-65.344878,109,1030.935334
19.405775,162,1031.246677
76.818692,188,1031.379564
-14.959479,137,1031.474874
-73.096772,103,1031.545989
15.275973,177,1031.777808
-20.366921,258,1031.9581
-89.852845,98,1032.026627
-2.133367,160,1032.230976
9.516566,210,1032.37871
-57.285637,119,1032.462052
-83.966871,114,1032.634147
-104.786306,119,1032.716999
13.553297,154,1032.824929
-18.865001,245,1033.091199
-79.529955,156,1033.200211
-60.921757,146,1033.302555
-4.608197,327,1033.625144
-7.318836,182,1033.752578
-70.979137,151,1033.954748
14.906246,177,1034.079395
48.41531,188,1034.211448
28.090278,189,1034.436101
201.0927,353,1034.685035
-76.356925,462,1035.100161
-2.533448,156,1035.299386
-104.646081,169,1035.418596
60.859612,297,1035.626329
28.713889,286,1035.918641
-46.620161,246,1036.091854
-92.528166,129,1036.275957
-37.878311,207,1036.421006
-13.660764,143,1036.520739
21.163861,141,1036.712143
-79.11273,101,1036.782374
-57.213979,119,1036.865905
41.06694,319,1037.183203
-31.789404,107,1037.258208
46.807222,197,1037.393874
-21.549297,306,1037.700686
-0.793383,214,1037.850458
-33.995958,120,1038.027504
-45.733288,103,1038.099498
3.47851,146,1038.20185
21.950294,159,1038.312711
107.494406,255,1038.584244
31.705981,214,1038.732131
2.554989,148,1038.92765
64.063109,256,1039.108488
-13.147259,128,1039.198062
75.903975,230,1039.451012
43.249418,183,1039.580315
36.510315,216,1039.958853
100.843188,349,1040.209192
48.31892,181,1040.559985
28.051841,187,1040.693154
26.333565,195,1040.829953
-60.017098,203,1041.137724
21.083283,254,1041.316819
94.084828,214,1041.701916
-66.738027,208,1041.847171
202.736478,338,1042.309016
-19.414031,147,1042.411492
-39.072182,108,1042.487055
49.466249,153,1042.810866
115.746642,237,1042.983577
3.798008,134,1043.078273
52.989487,181,1043.407936
-48.048937,158,1043.519596
34.062965,158,1043.630376
63.666893,201,1043.996737
-2.378329,146,1044.10004
-73.95114,155,1044.20856
40.157314,158,1044.318515
211.503231,359,1044.807466
110.624606,234,1045.171923
9.919813,168,1045.289399
-10.78636,121,1045.374753
23.820673,174,1045.69769
47.78559,220,1045.857514
-125.825098,187,1045.990344
-31.099087,138,1046.294669
48.672309,147,1046.396594
-15.053286,161,1046.509821
-114.155332,191,1046.854645
-34.307502,136,1046.950648
67.232738,179,1047.076394
70.156129,220,1047.432144
201.792054,275,1047.624164
-20.516442,165,1047.740359
134.292351,250,1048.140825
33.137686,152,1048.246599
-6.206397,154,1048.577329
64.29641,210,1048.725528
-2.658219,276,1049.149112
0.330806,176,1049.280542
32.734716,144,1049.382053
88.649282,256,1049.767215
-25.221708,116,1049.849324
120.230975,217,1050.001478
129.764241,238,1050.406126
34.183319,210,1050.554298
107.626732,199,1050.917271
28.730447,155,1051.024621
53.465566,175,1051.147146
43.749147,169,1051.871914
17.9989,163,1051.986997
100.616348,256,1052.170174
110.101024,201,1052.535681
-107.499083,168,1052.653894
-43.331904,208,1052.800649
-6.521444,163,1053.137958
80.853188,281,1053.333363
1.924113,141,1053.657714
89.47098,252,1053.836183
87.476639,187,1053.968515
40.798879,158,1054.294885
-47.339542,112,1054.373698
54.364462,160,1054.485392
38.429431,217,1054.862038
6.66518,144,1054.962785
8.665085,146,1055.065211
40.88537,228,1055.447032
-28.688823,110,1055.525228
56.747835,245,1055.697905
31.285281,178,1056.047978
-3.245266,201,1056.191207
30.63685,146,1056.294358
33.693622,144,1056.619606
69.993359,206,1056.764535
25.295201,148,1056.869211
81.255192,203,1057.21383
-96.448444,108,1057.290162
-67.116661,109,1057.367568
8.766716,148,1057.695913
31.521051,155,1057.805746
-39.730528,138,1057.903756
63.759585,183,1058.034384
58.595598,177,1058.382864
52.438087,168,1058.500921
-25.392114,121,1058.585147
41.307119,220,1058.964793
116.936753,236,1059.130448
109.862566,235,1059.388494
-108.977699,96,1059.456246
5.856323,160,1059.568562
-44.447561,117,1059.651404
-59.536235,99,1059.825376
-6.099423,157,1059.934395
9.66452,120,1060.020456
69.447022,179,1060.240318
-37.394175,174,1060.362311
-64.191134,112,1060.441865
-52.474981,126,1060.532055
29.04368,152,1060.73099
-37.991467,107,1060.806758
7.405449,143,1060.908081
-20.043737,154,1061.016371
-13.789505,124,1061.20188
-2.655404,130,1061.295179
83.195605,207,1061.440667
142.899809,234,1061.697628
2.32891,142,1061.797839
15.354063,151,1061.903881
19.97933,183,1062.126632
34.440755,179,1062.253783
3.767961,131,1062.347633
28.538526,177,1062.563669
42.217741,174,1062.685502
-63.333471,115,1062.767067
-41.64456,115,1062.848415
-20.167912,240,1063.109634
34.302198,146,1063.210871
22.451458,178,1063.534491
67.565515,208,1063.680624
30.178242,141,1063.779548
-52.957008,121,1064.057388
-0.064944,151,1064.175984
-46.64766,123,1064.263734
-7.23105,136,1064.359468
186.501066,262,1064.748153
14.948085,184,1064.877514
-61.665876,172,1065.218441
52.744892,146,1065.324526
-2.207379,168,1065.44261
-12.014414,161,1065.555765
-44.131074,159,1065.869097
-84.874331,156,1065.9783
-111.497229,204,1066.122533
19.166452,150,1066.448073
-35.348268,116,1066.531263
80.120943,278,1066.952312
72.179755,195,1067.090951
134.139769,291,1067.29534
6.943082,155,1067.611812
13.359539,128,1067.702147
33.939933,170,1067.821592
50.465286,136,1068.124108
151.445757,348,1068.371495
23.82181,219,1068.618561
122.133702,260,1068.803344
73.089595,206,1069.042466
89.515207,468,1069.46497
70.718022,195,1069.60288
93.543787,228,1069.762298
111.629341,218,1070.007323
43.103127,249,1070.182139
-11.190239,217,1070.428457
5.275713,157,1070.538881
10.038573,263,1070.920298
110.777681,319,1071.144863
40.834488,410,1071.530693
-65.286257,131,1071.623065
49.739062,156,1071.912582
-49.93158,175,1072.038632
49.015126,219,1072.192449
-93.245104,157,1072.399255
77.912179,181,1072.526871
39.479299,164,1072.643366
46.211626,150,1072.842288
51.5262,183,1072.972386
22.421115,173,1073.09418
21.274194,225,1073.345967
89.203897,245,1073.51728
67.102394,159,1073.63
-36.175948,256,1073.904258
21.462196,191,1074.039129
-220.931743,269,1074.322933
-257.044899,230,1074.481888
28.716049,238,1074.742214
28.077322,174,1074.864411
-93.454483,227,1075.118456
82.477644,295,1075.32619
34.110924,208,1075.566334
204.951074,304,1075.779742
54.400309,240,1076.041633
92.712437,164,1076.158257
41.774995,183,1076.288476
16.766666,215,1076.532936
61.153165,154,1076.641419
56.313944,174,1076.766154
59.332242,221,1077.014497
-18.663296,144,1077.115011
25.135491,177,1077.242634
55.561607,172,1077.45871
27.403241,320,1077.686021
71.572987,277,1077.977234
23.865607,245,1078.15075
15.314928,154,1078.35118
24.499271,235,1078.517678
105.925913,227,1078.766912
66.502438,196,1078.9046
41.208776,152,1079.011072
29.861443,182,1079.230317
88.562068,270,1079.421179
-16.447675,146,1079.525979
10.589448,172,1079.738688
37.351662,179,1079.865648
11.801447,180,1079.993365
-35.28024,252,1080.26562
42.061761,155,1080.375437
51.060654,294,1080.676468
18.615008,144,1080.778514
137.48916,414,1081.166358
9.579893,189,1081.300359
-8.881285,255,1081.574927
13.326111,201,1081.715938
39.774094,216,1081.960853
-81.541249,280,1082.159386
138.263936,317,1082.47635
73.407258,282,1082.69121
-91.210065,123,1082.870854
13.918727,160,1082.98394
69.911814,452,1083.496174
18.337414,325,1083.727189
-56.265225,499,1084.165774
-15.404248,152,1084.363111
114.377839,317,1084.586387
-49.715873,233,1084.840578
194.357508,489,1085.279153
60.610722,217,1085.430937
33.53031,280,1085.720862
129.102307,327,1085.950262
111.638289,194,1086.185084
47.636499,210,1086.334018
10.66206,181,1086.4618
39.113641,189,1086.689212
-18.453328,267,1086.878856
-49.954878,342,1087.215642
26.951722,240,1087.383322
-163.941053,528,1087.943861
74.025152,245,1088.115565
70.015569,271,1088.477807
154.171921,289,1088.682612
9.73915,389,1089.155454
-153.106254,322,1089.383167
102.241614,285,1089.678833
132.364066,483,1090.11637
59.567071,161,1090.231397
-46.251293,217,1090.580997
-7.820703,159,1090.691396
212.991175,350,1091.02817
126.775319,304,1091.242531
8.671542,154,1091.441831
71.718825,319,1091.684843
179.818169,272,1091.974035
15.420639,223,1092.13638
37.031525,150,1092.241915
22.552888,275,1092.533325
8.752577,185,1092.663217
3.764654,177,1092.880873
38.118289,153,1092.987793
-15.55256,341,1093.31991
-6.680036,178,1093.444803
97.111194,238,1093.702213
-20.142579,358,1093.953136
96.032879,205,1094.191561
114.55334,233,1094.360101
38.500081,197,1094.49863
45.269468,170,1094.710997
-63.098181,158,1094.823119
30.644483,165,1094.938726
146.65747,297,1095.24119
0.718215,251,1095.416987
-55.482116,153,1095.617365
-78.596002,217,1095.768492
-12.539118,307,1096.08225
-127.611933,384,1096.44576
169.884773,347,1096.689203
43.340101,168,1096.898942
305.737921,440,1097.207133
59.019341,256,1097.48615
18.999081,204,1097.630082
13.438165,188,1097.856697
127.250727,321,1098.082285
125.335963,241,1098.35684
22.287742,217,1098.508914
21.784237,158,1098.714022
91.833189,233,1098.877175
-315.098204,192,1099.011996
117.258453,212,1099.252632
134.067044,378,1100.422389
-102.575786,846,1101.114301
98.46313,281,1101.517938
104.96141,205,1101.662236
134.188386,222,1102.012659
14.205002,439,1102.322146
105.419867,247,1102.721453
185.169153,442,1103.128036
91.847987,165,1103.244833
-48.59709,152,1103.350783
19.679635,953,1104.204359
26.664809,421,1104.594057
-38.671855,237,1104.852863
-59.677783,682,1105.429821
-104.127087,329,1105.662069
-52.407411,350,1106.000422
255.380975,517,1106.45398
110.623472,430,1106.850701
-24.295397,903,1107.669177
121.089352,1000,1108.559047
38.964091,163,1108.673218
23.150462,520,1109.129277
111.469673,417,1109.645994
-260.059947,795,1110.296699
144.608961,1000,1111.40383
-187.520339,261,1111.679138
-51.806472,106,1111.754301
6.819311,176,1111.878789
-85.025146,120,1112.055891
-55.835991,431,1112.450068
-24.17486,516,1112.9109
-6.32793,326,1113.141687
-297.721736,137,1113.23702
-323.102838,205,1113.471682
182.296791,1000,1114.356105
38.723043,157,1114.465927
-161.922042,334,1114.795585
28.388144,389,1115.160014
0.992578,269,1115.352453
45.879077,639,1115.897513
512.879097,859,1116.690421
270.324798,847,1117.4687
153.18421,331,1117.700904
15.040272,281,1117.99156
-362.029383,180,1118.117807
117.104626,372,1118.473193
-65.268766,279,1118.673018
-298.100571,225,1118.923792
-122.657144,372,1119.279992
-255.505436,157,1119.390009
-191.489536,272,1119.579917
76.578821,235,1119.841277
-58.809649,176,1119.965324
-147.852746,434,1120.363639
-323.134043,183,1120.492541
-94.144296,509,1120.941002
455.919964,1000,1121.833812
48.61481,135,1122.026479
43.760057,191,1122.160875
115.739898,258,1122.437491
-3.339979,155,1122.546868
34.421193,147,1122.650368
297.357348,1000,1123.674305
-2.234887,138,1123.771492
48.450769,164,1124.088493
76.481564,344,1124.330895
-79.793162,931,1125.167969
-20.849279,144,1125.268987
179.959743,372,1125.626509
-48.87662,146,1125.729535
-52.308045,130,1125.913918
261.673203,563,1126.403535
-68.142456,307,1126.61997
131.130108,556,1127.102765
-40.86412,374,1127.564453
-89.746615,118,1127.650451
23.218212,160,1127.853912
39.453293,272,1128.044754
61.363884,168,1128.255143
261.782282,1000,1129.143674
-15.922457,104,1129.217471
-38.216144,103,1129.290741
-248.939105,272,1129.574187
68.291799,209,1129.722897
11.611676,418,1130.110686
174.654248,356,1130.361498
67.735275,269,1130.757377
-5.358687,571,1131.382229
-46.572293,459,1131.930235
18.673898,516,1132.512541
-207.66343,336,1132.941384
19.956477,259,1133.124841
28.416438,133,1133.218815
162.892937,560,1133.706664
1.441044,129,1134.008739
93.251402,249,1134.1844
-45.373468,127,1134.274288
-44.310941,332,1134.601269
247.077954,635,1135.141147
114.052523,298,1135.535064
105.402146,282,1135.734999
305.736647,667,1136.394285
56.216249,169,1136.51224
-18.242244,141,1136.6114
33.435422,222,1136.862671
9.768118,200,1137.005497
-13.860511,143,1137.199697
103.335039,394,1137.4783
-15.867381,167,1137.688053
126.574117,296,1137.895768
474.626829,1000,1138.784902
2.12163,145,1138.887192
1.208978,124,1139.068359
-169.548267,286,1139.271234
48.236575,331,1139.597264
-138.132774,443,1140.006986
115.896619,291,1140.212212
241.640891,489,1140.651534
-11.478361,108,1140.728249
6.125785,151,1140.930313
-49.858398,116,1141.013204
90.4212,192,1141.150925
-58.314618,617,1141.76984
429.928291,883,1142.487653
-23.018246,392,1142.857255
-294.950138,136,1142.953012
-17.391151,515,1143.409466
81.666493,283,1143.701255
-299.469513,166,1143.817449
66.679059,145,1143.91919
197.168258,353,1144.264917
152.564188,250,1144.535243
0.70419,129,1144.626957
-10.666193,139,1144.725221
-64.250743,298,1145.08683
-96.430994,263,1145.274451
-48.351484,167,1145.48625
245.71724,619,1146.017071
111.276734,251,1146.195779
-45.711463,299,1147.210867
36.058149,144,1147.312544
44.27835,316,1147.641215
-198.925009,263,1147.826248
-54.136013,143,1148.01926
14.237422,159,1148.132027
-348.059856,155,1148.240758
78.861104,260,1148.516697
202.164865,301,1148.728802
-15.958438,150,1148.929081
21.30573,146,1149.031666
97.851292,576,1149.525578
-36.901442,118,1149.609609
9.198227,201,1149.842417
-39.678889,149,1149.947403
34.262219,324,1150.268999
-24.817861,269,1150.458955
-336.120001,187,1150.590252
-0.847112,288,1150.884878
306.579524,413,1151.268113
332.488596,757,1151.890972
72.244306,256,1152.16612
73.130917,855,1152.863662
58.482981,133,1153.051061
-104.68458,327,1153.281289
-15.899358,151,1153.479989
42.134102,260,1153.664264
396.651484,1000,1154.554725
43.925708,163,1154.669748
-119.600625,337,1155.0026
-121.943365,574,1155.501003
9.906188,167,1155.713181
7.248549,128,1155.804492
13.398488,188,1155.938432
-18.577165,168,1156.057562
438.651966,815,1156.815398
58.640744,153,1156.922761
-7.749587,134,1157.108792
21.198801,168,1157.227574
321.411316,565,1157.722363
62.693387,232,1158.082288
12.96623,208,1158.230152
22.428433,130,1158.32225
-12.705602,219,1158.56967
176.188881,363,1158.823773
-49.901264,95,1158.89013
-7.641549,137,1159.07927
46.182101,143,1159.179612
150.330808,235,1159.43579
391.338325,1000,1160.231708
612.606382,1000,1161.11394
317.595157,726,1162.025824
605.111154,1000,1162.903523
42.278273,151,1163.009098
28.12364,146,1163.111567
-27.12043,117,1163.285937
18.800152,140,1163.384303
313.972446,621,1163.915893
104.166134,242,1164.177529
5.278749,130,1164.268968
470.863336,882,1165.072402
46.753339,245,1165.245022
-6.946543,126,1165.333514
-77.268648,105,1165.406756
0.248736,140,1165.597541
124.887731,266,1165.786645
37.398277,154,1166.092457
40.118666,153,1166.200371
509.143406,1000,1167.217958
-46.191143,114,1167.298362
-47.530378,119,1167.38295
56.556316,318,1167.699585
-21.297025,135,1167.794216
10.735937,124,1167.881034
28.343921,139,1168.071491
-14.063831,356,1168.321657
207.277447,497,1168.76575
-38.929364,121,1168.944276
-249.210847,281,1169.140029
33.728706,155,1169.249494
134.909519,460,1169.666611
121.805409,198,1169.90011
-1.014058,149,1170.003793
18.918744,170,1170.124171
-43.160546,104,1170.292227
19.423112,174,1170.415579
90.007471,190,1170.550538
16.940309,124,1170.639924
65.164726,245,1170.903813
29.886455,160,1171.015991
8.316358,265,1171.298681
-52.064772,109,1171.375553
-4.602402,151,1171.481061
16.501869,146,1171.677305
-44.025769,127,1171.76749
357.704158,701,1172.354799
-3.776179,201,1172.590231
-38.115517,124,1172.678204
54.721472,262,1172.865794
58.473888,246,1173.132221
-62.365915,103,1173.204844
-30.422994,106,1173.279422
-63.76198,141,1173.378556
214.661927,556,1173.95404
524.040131,1000,1174.836823
46.720985,152,1174.942111
63.229961,284,1175.140937
-56.067596,97,1175.302369
94.34216,874,1176.008496
-48.24625,195,1176.240237
32.666414,149,1176.344862
408.010401,1000,1177.236305
-29.939817,119,1177.324754
284.997104,755,1178.283235
45.321813,152,1178.38962
18.890898,118,1178.472588
587.080692,1000,1179.467371
8.429573,138,1179.564161
105.368336,294,1179.862078
364.779825,927,1180.692972
6.167274,122,1180.778388
-54.783182,98,1180.848073
-56.814858,100,1180.91804
26.125577,214,1181.161947
-11.882445,122,1181.249416
62.057308,159,1181.361951
77.428292,200,1181.72767
24.67538,149,1181.83345
134.307587,349,1182.303038
109.561497,437,1182.702229
57.849074,220,1182.856625
43.624059,130,1182.948235
3.094879,115,1183.029434
-52.156435,112,1183.301959
718.363801,1000,1184.184349
-10.790602,126,1184.273159
-10.380329,146,1184.37558
15.260205,134,1184.469401
124.878325,374,1184.825185
29.945795,149,1184.929302
-24.223198,113,1185.101487
103.4203,217,1185.253225
-63.417198,101,1185.324034
25.94668,157,1185.525445
10.931306,157,1185.634803
6.628119,151,1185.741265
35.034244,379,1186.099446
106.038292,337,1186.43028
-29.191941,153,1186.537907
38.87905,138,1186.63547
37.61689,138,1186.731601
38.762533,176,1186.948261
-25.17559,130,1187.0384
323.728775,703,1187.641718
25.996489,147,1187.960996
-50.153101,484,1188.392725
-1.434213,146,1188.493415
66.44389,347,1188.831359
78.09339,241,1189.000238
-36.052213,248,1189.266361
160.218011,390,1189.53826
4.91187,187,1189.761888
-66.532999,124,1189.849822
49.936243,224,1190.005696
154.469929,358,1190.350215
-30.42658,112,1190.427713
7.89263,131,1190.612873
17.044071,134,1190.707102
-38.714112,243,1190.877616
19.245976,160,1191.083082
-40.703734,112,1191.164004
46.799273,169,1191.282287
104.209533,450,1191.689897
-240.22664,203,1191.830923
-7.697066,153,1192.02867
-48.905604,266,1192.216434
215.806861,340,1192.546755
88.038646,458,1193.560508
97.366041,213,1193.707709
39.700712,245,1193.973683
199.208343,686,1194.547764
-27.067857,103,1194.619706
-132.455003,102,1194.690714
74.478796,249,1194.958201
25.67236,133,1195.052454
34.514456,307,1195.359209
-57.604154,207,1195.503396
-28.960962,137,1195.598962
-19.529216,115,1195.7731
-99.050444,85,1195.831984
-37.356191,103,1195.903964
101.046579,420,1196.413674
-15.413334,404,1196.790775
9.975591,210,1196.939144
-5.001065,172,1197.060297
-112.493766,96,1197.219643
-53.746811,159,1197.330674
-3.306412,160,1197.44302
26.342833,422,1197.836074
19.157577,154,1197.944679
95.488702,479,1198.474923
-40.583755,109,1198.550961
-76.895761,101,1198.712212
-5.418907,228,1198.869353
18.697678,172,1198.989635
-36.700099,132,1199.175103
-37.261813,98,1199.243342
-75.77872,102,1199.314873
-1.869167,139,1199.413136
-34.522616,139,1199.602201
29.783248,165,1199.717619
-100.443737,93,1199.782553
8.854035,160,1199.89498
24.265756,137,1200.086305
72.61009,168,1200.206679
-78.28546,87,1200.267007
9.354351,144,1200.569228
44.594889,135,1200.664158
-92.856476,94,1200.729036
-103.188323,88,1200.789516
-20.368717,181,1200.916573
-100.836681,93,1201.072937
9.984895,135,1201.169744
124.518207,197,1201.310972
13.783168,126,1201.622681
20.330387,173,1201.743073
-45.469565,180,1201.869832
-78.474925,160,1202.074244
112.859201,206,1202.219817
144.543122,268,1202.407728
-12.690847,350,1202.746604
-116.908958,110,1202.823764
76.921782,210,1203.063202
51.524338,182,1203.191469
-10.350317,118,1203.274069
27.991676,125,1203.455133
-97.71548,97,1203.522771
87.044648,359,1203.867246
-37.875619,105,1203.941619
-12.507116,250,1204.118329
95.696265,292,1204.414446
-104.042607,98,1204.481931
18.747203,162,1204.594148
248.645997,522,1205.055016
-1.392724,161,1205.261164
4.051545,158,1205.371086
86.55657,257,1205.551643
97.44885,261,1205.827745
-31.603473,108,1205.903555
-99.641871,95,1205.968729
33.039095,147,1206.164203
-31.892412,177,1206.289783
-34.1972,106,1206.364237
-8.172754,160,1206.476596
-100.049102,117,1206.650683
8.133887,133,1206.743994
-122.263326,83,1206.801108
24.695176,149,1206.905082
130.541588,424,1207.293015
-64.504483,108,1207.368565
8.583393,201,1207.601198
-0.748924,122,1207.686417
-122.315888,114,1207.7657
-40.913154,112,1207.936627
-89.965345,91,1207.999522
128.543184,409,1208.37922
8.919942,163,1208.493055
-130.160411,88,1208.55348
-103.625436,83,1208.610578
67.518519,160,1208.722486
-88.343938,110,1208.893975
47.17557,146,1208.996643
-59.042876,97,1209.063913
-21.790596,107,1209.138049
-77.027084,94,1209.295856
-10.890198,134,1209.390314
38.587948,140,1209.488683
-39.515076,121,1209.573532
-58.086927,104,1209.739632
45.778068,168,1209.857308
28.372249,269,1210.047136
-57.525923,121,1210.226144
53.049631,136,1210.323629
48.52143,169,1210.441905
-56.468026,94,1210.507535
-13.419925,124,1210.815605
7.59182,115,1210.897385
0.371017,151,1211.001944
10.330087,148,1211.106706
39.403322,143,1211.299407
-68.564895,119,1211.382396
-64.510406,108,1211.457538
40.285706,145,1211.55862
-97.268985,105,1211.724205
-87.217293,101,1211.794491
-55.867697,106,1211.868402
-66.132324,95,1211.934705
-97.082107,80,1211.990014
-69.060769,105,1212.156635
-88.556574,93,1212.221669
-53.791396,122,1212.307844
24.555863,149,1212.411992
-85.9915,116,1212.587177
-104.287923,96,1212.653653
41.004676,146,1212.756257
-28.228308,105,1212.829746
-32.709574,102,1212.901768
-67.60878,114,1213.075615
-98.213913,85,1213.134064
-83.51875,103,1213.205808
10.466887,155,1213.314504
-42.153037,94,1213.471648
-110.623607,102,1213.542907
-33.614172,93,1213.608134
-57.745075,108,1213.683992
43.587019,132,1213.778234
-132.598832,87,1213.931555
-83.267003,109,1214.006954
-78.680788,102,1214.078707
-67.992047,104,1214.15085
-91.325781,126,1214.240094
15.09738,126,1214.421475
-113.636475,148,1214.526815
14.158253,132,1214.619076
-66.111781,95,1214.68437
5.881202,138,1214.874766
-35.455001,106,1214.948859
-21.09074,121,1215.034252
-50.202443,117,1215.116819
-52.340743,100,1215.277218
-66.486353,96,1215.344285
91.728198,211,1215.492345
28.30908,124,1215.579481
-27.632241,106,1215.746041
143.314999,317,1215.970615
-34.076368,103,1216.042524
-77.61727,98,1216.203689
92.786048,246,1216.37577
37.713664,136,1216.472171
-49.710264,84,1216.530958
-46.728328,91,1216.685446
15.33648,156,1216.793937
-33.073118,110,1216.870668
29.328895,182,1217.092535
-10.815348,152,1217.201184
-59.648563,114,1217.280973
-49.019271,100,1217.350685
-87.303344,94,1217.415167
-81.922526,88,1217.568954
-30.328542,109,1217.64624
-36.738964,95,1217.7121
-70.101584,93,1217.777915
-16.79781,120,1217.863828
-99.684708,98,1218.024965
-24.321305,111,1218.103919
-5.589521,129,1218.195059
394.910092,708,1218.791405
-83.572054,114,1218.964377
-86.66866,98,1219.032251
-20.541178,140,1219.129916
-108.244726,102,1219.200172
-70.108177,105,1219.365608
-29.436038,131,1219.455598
-10.000416,150,1219.560294
72.797582,266,1219.840973
146.236324,317,1220.063436
-65.516728,102,1220.134861
-39.086667,112,1220.305911
-45.404281,112,1220.384025
-61.448414,101,1220.45364
44.873094,139,1220.551565
-78.907094,102,1220.714442
-98.608546,98,1220.783182
35.945342,151,1220.888407
-29.620628,109,1220.96449
38.557144,167,1221.182841
21.758169,122,1221.268946
-94.772809,113,1221.347739
-93.887439,98,1221.416019
111.778445,240,1221.677758
-38.194132,122,1221.763366
33.19457,149,1221.867712
-22.243772,105,1221.951493
-29.96594,99,1222.113883
-21.648594,245,1222.285133
62.343379,158,1222.395013
23.780622,139,1222.584397
110.650913,311,1222.800804
37.414348,229,1223.054436
17.742904,152,1223.159474
-105.291084,87,1223.220421
-81.312578,192,1223.579585
12.294393,125,1223.666192
52.786641,133,1223.76139
-1.347019,108,1223.836514
-63.292995,106,1223.909652
-103.520082,86,1224.19206
-23.68236,123,1224.278232
48.680847,133,1224.371226
-89.259576,93,1224.435966
-116.463855,90,1224.720379
-84.231938,95,1224.786642
-81.854897,86,1224.846829
-138.693065,95,1224.912419
-37.766784,108,1224.987302
-77.009522,129,1225.278873
-33.7522,168,1225.397372
4.338252,112,1225.475677
-10.151876,141,1225.574259
-102.950511,95,1225.835254
-14.696569,254,1226.01427
-99.485256,88,1226.075484
44.713825,174,1226.417304
-40.573353,111,1226.494326
-33.455471,106,1226.567696
-67.909505,124,1226.654111
-98.765807,89,1226.715098
-64.699298,101,1226.99685
52.676982,252,1227.174851
39.193866,145,1227.274308
-30.893691,108,1227.544342
54.169715,140,1227.643302
6.309105,140,1227.740149
-77.078229,93,1227.804327
-54.938836,92,1227.867632
-152.144353,124,1228.136792
-40.746811,113,1228.215554
-58.174948,90,1228.277207
121.500238,167,1228.393485
72.225518,514,1228.973155
-51.202131,126,1229.258412
-57.022919,106,1229.332111
-152.161746,111,1229.408188
-39.089491,107,1229.481345
60.554824,137,1229.81522
-103.776156,92,1229.878121
-102.792611,101,1229.947924
43.610724,143,1230.047484
68.199355,190,1230.378274
-99.037374,119,1230.462044
-32.032448,108,1230.537747
-23.967408,125,1230.624722
34.058904,155,1230.929093
-73.243251,100,1230.999491
-59.716656,91,1231.062364
-44.359073,119,1231.146137
-85.07072,85,1231.205035
-53.867526,113,1231.507126
-24.737766,119,1231.590846
-20.67522,115,1231.671085
-91.255814,89,1231.731584
-83.889532,94,1231.796883
-76.646619,116,1232.105208
-79.725438,85,1232.163468
159.351662,404,1232.667487
31.28927,150,1232.772454
-49.98896,108,1232.847624
74.738711,206,1232.992709
-37.92775,116,1233.296582
79.27597,171,1233.415935
-13.767418,137,1233.510736
-45.630516,105,1233.675852
21.815483,198,1233.814183
-84.382636,105,1233.885778
56.910903,157,1233.994637
-102.158052,87,1234.146507
-75.408216,103,1234.217851
7.665154,146,1234.319112
-25.025646,99,1234.386973
15.98266,142,1234.702103
-93.502779,113,1234.780537
-72.862357,101,1234.850859
29.42525,139,1234.948657
21.737057,135,1235.135526
15.252132,168,1235.253985
-82.634147,101,1235.322869
-75.910969,96,1235.389109
-83.845639,91,1235.4508
32.276689,171,1235.662496
-71.560179,99,1235.730443
3.661185,146,1235.832017
39.324333,129,1235.922285
9.917234,130,1236.105425
43.430594,156,1236.216913
-25.530576,180,1236.341097
-94.290812,94,1236.498711
-39.979484,98,1236.566053
-72.324124,103,1236.637139
-35.296631,143,1236.736448
-69.670423,115,1236.815353
18.476643,142,1237.005886
-39.994023,117,1237.087256
-65.993085,97,1237.154645
34.101193,124,1237.241619
-58.898148,104,1237.406846
-97.055452,105,1237.479365
39.779498,147,1237.583104
-55.596867,124,1237.670585
-72.314544,103,1237.834488
-65.938241,102,1237.905064
-28.378935,166,1238.019597
98.619279,195,1238.155865
52.359952,154,1238.356702
45.03349,159,1238.468402
42.114001,168,1238.587081
-56.702535,117,1238.773682
-31.550029,122,1238.858345
4.797941,169,1238.97628
131.576077,299,1239.38047
147.140816,359,1239.634005
-56.649009,104,1239.799387
-54.018779,110,1239.875088
50.765596,141,1239.972202
164.406092,373,1240.321747
42.327671,143,1240.76826
-40.193081,114,1240.847487
-68.230625,125,1241.026886
88.228108,259,1241.208473
63.589458,174,1241.332052
32.767992,166,1241.663329
-12.49384,155,1241.771188
-35.874399,117,1241.853505
-58.654945,112,1242.024482
101.993735,221,1242.177705
-29.790123,133,1242.270643
-42.595701,122,1242.355697
-41.77935,116,1242.530594
-47.747188,99,1242.59859
49.32588,148,1242.70104
48.365103,139,1242.797905
63.743787,145,1242.992455
-36.59784,148,1243.094428
-37.634159,123,1243.1795
207.267135,396,1243.548354
76.060632,184,1243.674991
43.916772,189,1243.897823
-15.657834,134,1243.990628
-51.558409,113,1244.069304
-46.579768,135,1244.255579
-21.809462,120,1244.339647
-3.695487,137,1244.435208
-29.118438,123,1244.519838
-26.931787,120,1244.603784
20.690736,133,1244.790229
-49.061432,116,1244.871905
-39.916283,110,1244.948602
-27.668056,114,1245.027611
-48.990022,119,1245.202935
75.276782,232,1245.364131
-40.692796,100,1245.433038
-44.290653,108,1245.702894
-71.518684,103,1245.776271
25.103891,165,1245.891598
48.692654,172,1246.011922
-26.67944,108,1246.180404
42.759589,157,1246.287923
-63.484221,114,1246.367149
156.368823,272,1246.647521
31.658887,192,1246.779846
7.950782,137,1246.874764
-43.902531,110,1246.950039
-55.132253,126,1247.129548
-41.352417,102,1247.201623
131.022102,449,1247.608191
107.684377,205,1247.749347
12.98536,266,1248.132617
-54.04695,113,1248.210837
-50.188212,114,1248.288949
-38.925502,103,1248.359697
-34.933272,120,1248.538798
185.956204,297,1248.74411
-47.840019,120,1248.826896
-29.912505,125,1249.011366
53.643151,287,1249.209703
94.713091,231,1249.464268
65.832526,266,1249.651209
-32.839691,114,1249.729697
17.619655,169,1250.05862
-20.999269,170,1250.179136
-22.392755,112,1250.257183
16.269181,157,1250.57234
-251.093289,249,1250.745687
27.330883,181,1250.871611
101.761388,222,1251.248998
419.815895,867,1252.286431
34.689584,149,1252.389659
573.906273,1000,1253.496883
89.447131,384,1253.988476
-150.225342,500,1254.564817
68.42016,394,1254.839809
66.529276,700,1255.771923
-7.176095,131,1255.864067
-22.894112,161,1255.975152
74.276124,314,1256.416962
98.120162,497,1256.86059
321.89038,585,1257.360459
-43.867104,115,1257.439794
-4.388195,168,1257.648175
98.986461,282,1257.842468
427.025315,1000,1258.721394
9.796236,204,1258.86325
60.24822,318,1259.174942
-50.752398,116,1259.257273
16.613254,231,1259.509728
35.581155,240,1259.673887
43.087259,181,1259.896986
-37.425912,144,1259.996433
34.322286,165,1260.111048
-322.29224,201,1260.341438
190.952102,484,1260.768251
77.223591,357,1261.014388
185.905683,329,1261.334862
379.290673,749,1261.942698
98.835968,271,1262.22419
28.722139,163,1262.336546
49.709482,250,1262.603214
3.938941,180,1262.728806
31.546017,165,1262.84319
-158.024537,163,1263.15298
68.884374,174,1263.272564
-8.118099,715,1263.988962
-66.251936,222,1264.342453
95.29709,629,1264.998615
46.519909,169,1265.115388
19.47428,174,1265.443439
63.046969,194,1265.57705
10.237168,562,1266.18687
-0.051415,172,1266.527046
6.914512,167,1266.643081
20.97922,427,1267.138543
-35.983743,365,1267.388437
38.506456,404,1267.889971
-66.421842,133,1267.982465
-23.088298,137,1268.274328
14.374889,166,1268.388358
-15.741906,157,1268.496424
-6.056794,183,1268.716174
3.770956,156,1268.823484
7.840503,177,1268.945697
-96.893279,143,1269.13732
50.508943,321,1269.359658
6.125313,240,1269.617516
166.482637,479,1270.039248
-44.465113,274,1270.23227
91.991531,248,1270.500724
200.917759,741,1271.104108
143.370067,989,1272.071272
-93.063163,136,1272.165769
104.125806,276,1272.448875
51.439657,286,1272.645171
-7.889572,195,1272.871555
234.263934,541,1273.3462
234.259805,816,1273.99958
149.176665,566,1274.574515
28.920224,669,1275.126994
267.372899,631,1275.656258
-312.509574,188,1275.783196
31.276552,643,1276.481344
3.28942,170,1276.597861
157.49495,395,1276.96059
51.719837,450,1277.362546
-43.583708,330,1277.589366
89.842502,325,1277.9962
197.184996,374,1278.345917
129.959049,307,1278.556842
73.728517,296,1278.854164
-42.354011,341,1279.182458
30.889534,156,1279.288894
160.463333,437,1279.683892
-180.985064,294,1279.88452
71.541499,281,1280.172812
-44.97414,119,1280.254747
-4.858604,297,1280.679173
-88.00485,506,1281.120667
73.866637,296,1281.325429
-17.271557,124,1281.410962
91.063048,281,1281.800106
129.283097,323,1282.240256
-72.296917,132,1282.330598
47.476629,156,1282.43822
-216.943269,364,1282.901499
82.90148,401,1283.406262
124.209964,301,1283.611516
55.30688,150,1283.911656
33.259536,440,1284.21516
134.103588,718,1285.022866
-36.096936,122,1285.107691
133.365292,251,1285.373836
24.659093,128,1285.462373
81.20654,251,1285.636522
30.08671,348,1286.09873
-8.111374,209,1286.243127
266.520141,1000,1287.372263
7.146443,182,1287.719936
-138.605918,361,1287.965407
31.785931,202,1288.327933
-379.624384,643,1288.867467
301.055545,788,1292.830029
-14.635823,161,1292.942277
145.523498,514,1293.387894
-84.719074,197,1293.524585
-23.486928,157,1293.727788
175.970711,408,1294.007349
325.164014,636,1294.886882
-129.74452,183,1295.013337
-210.699907,317,1295.454615
143.518186,253,1295.629818
-299.485005,202,1295.966147
-7.097683,203,1296.115798
-77.282453,114,1296.194805
-72.493831,136,1296.287931
-74.575685,603,1297.149337
76.122073,158,1297.258402
-38.407436,114,1297.336232
85.399278,572,1297.819393
21.308535,671,1298.572569
-78.420898,413,1298.860326
11.513681,145,1299.184523
218.625348,730,1299.889054
-209.587629,894,1300.946902
-116.381283,105,1301.018672
15.696671,146,1301.119026
6.610843,301,1301.5503
11.914847,440,1302.072515
269.989694,911,1303.112143
-103.917322,104,1303.188917
-81.377446,418,1303.666058
-46.611938,150,1303.76978
-12.430793,136,1303.862635
13.954354,303,1304.29292
-19.707472,222,1304.442888
-52.613293,343,1304.886389
684.961314,1000,1306.000592
161.181857,570,1306.562385
-65.070101,411,1307.065059
-10.013845,135,1307.157708
45.038168,148,1307.259413
56.203223,154,1307.583111
-173.007967,812,1308.35368
437.343076,727,1309.187287
36.202715,308,1309.399669
-10.710773,830,1310.152738
-73.790864,135,1310.244992
-11.829217,187,1310.374728
-8.180948,256,1310.641745
10.813876,233,1310.800534
210.23012,571,1311.287129
152.014738,830,1312.042608
67.368668,184,1312.169234
21.08445,373,1312.515791
33.869282,159,1312.625109
27.898028,201,1312.854325
-187.223845,305,1313.062421
-53.286838,168,1313.26974
-267.721316,285,1313.463076
18.677051,164,1313.666133
48.439731,362,1313.917148
442.622194,1000,1314.78698
272.135719,645,1315.422933
-52.491241,182,1315.548128
-87.628451,190,1315.679041
19.060038,166,1315.885577
-76.512462,117,1315.9644
-80.952435,132,1316.054193
76.119029,273,1316.337304
-82.956211,133,1316.427932
-136.350058,498,1316.860615
-35.833775,180,1316.984489
-257.487385,278,1317.266552
103.744486,279,1317.457229
-36.412697,133,1317.643735
-3.58597,132,1317.73364
-26.862911,126,1317.820187
-57.251585,129,1317.908537
34.588259,153,1318.105204
185.998069,304,1318.312698
36.403463,274,1318.59163
73.420838,181,1318.715682
-7.767568,170,1318.831388
89.455365,301,1319.129773
196.515223,956,1319.9675
188.999502,434,1320.356806
505.797559,1000,1321.229744
-7.186046,166,1321.342936
28.213447,137,1321.436239
92.179018,363,1321.776325
6.244827,666,1322.326117
35.704995,166,1322.531374
-65.360503,137,1322.624682
-126.718175,442,1323.01829
-171.381159,376,1323.273422
-161.608534,447,1323.668762
-205.864731,295,1323.962331
72.679051,445,1324.359467
-51.25528,205,1324.498666
85.57701,263,1324.771052
57.201108,327,1324.995048
40.578139,291,1325.288013
-44.999296,420,1325.665728
-200.685906,402,1326.033964
-61.002985,274,1326.220657
93.533026,790,1326.949393
-161.697633,354,1327.19108
65.44272,181,1327.410284
437.368286,1000,1328.28267
85.19815,229,1328.437995
415.15715,1000,1329.306698
154.877684,593,1329.804167
-95.564093,406,1330.172067
-1.427898,167,1330.286488
150.935265,291,1330.577192
408.233077,1000,1331.444821
-88.164288,705,1332.017861
65.192748,308,1332.319385
21.920456,173,1332.437712
-57.4565,180,1332.559165
-18.505101,142,1332.764258
125.3488,362,1333.010156
121.647974,437,1333.39954
110.605651,361,1333.85635
27.318698,218,1334.004329
229.282955,901,1334.933864
-7.986502,219,1335.175584
6.199538,142,1335.271807
467.51137,949,1336.104381
-6.454087,162,1336.215602
59.376621,174,1336.333963
106.906549,385,1336.688054
31.265908,207,1336.921333
-42.570473,132,1337.011492
204.200071,505,1337.452496
-58.146927,626,1338.096006
110.849094,205,1338.235747
26.11454,292,1338.658713
200.877577,838,1341.820996
-62.499123,124,1341.905253
-2.408278,129,1341.994716
-7.044373,231,1342.246433
98.623784,222,1342.398488
-42.785655,394,1342.760272
19.457197,150,1342.862556
47.814399,278,1343.146383
2.914984,312,1343.359834
36.444266,177,1343.573677
-12.724565,136,1343.666922
-3.921779,176,1343.787585
138.577012,388,1344.183529
77.636549,247,1344.357903
-67.01438,117,1344.531137
17.426838,157,1344.637613
26.613119,145,1344.736472
-131.390278,407,1345.110939
22.905668,179,1345.233369
-31.357433,148,1345.426712
31.976896,159,1345.535116
-76.580574,575,1346.02177
-105.574355,134,1346.112985
-78.78865,119,1346.287299
-64.763825,471,1346.700535
-19.318294,173,1346.819765
142.054415,533,1347.277847
-162.499423,287,1347.475585
314.605699,648,1348.207491
-102.254468,484,1348.628802
208.978037,407,1348.908277
19.193178,217,1349.150123
-201.848213,317,1349.535116
643.663232,1000,1350.309074
-188.474787,217,1350.6552
-4.407628,152,1350.759473
421.162125,1000,1351.873568
-41.526736,118,1351.95511
51.229913,274,1352.364974
72.322946,203,1352.503719
3.625341,157,1352.833621
-35.811292,119,1352.915827
-2.872904,153,1353.020877
-98.024263,130,1353.109851
41.645298,150,1353.410914
-49.473231,187,1353.539413
-5.07352,131,1353.629232
-25.234433,510,1354.204446
112.869384,284,1354.596839
124.824965,306,1354.803478
-95.164457,125,1355.11152
169.42037,375,1355.367008
57.808956,230,1355.749581
-10.961073,153,1355.857249
234.716533,426,1356.242049
512.6561,1000,1357.110693
361.631878,854,1357.993788
594.288498,1000,1358.978018
696.701406,1000,1359.853182
90.610406,234,1360.013025
22.148333,601,1360.516494
547.508681,1000,1361.387749
-42.944534,121,1361.47084
-64.103654,120,1361.646408
-1.698165,193,1361.781347
-46.443761,153,1361.887536
249.714231,581,1362.37827
556.577195,1000,1363.250291
-20.403081,142,1363.440342
-18.02847,161,1363.549639
-113.417251,142,1363.647068
367.537002,931,1364.712294
-18.218006,265,1364.987563
288.288901,574,1365.473426
-106.65175,108,1365.546672
-122.601622,112,1365.623289
138.88476,290,1365.91474
-90.832389,113,1365.992357
534.319658,1000,1367.090256
30.506622,152,1367.193979
-50.176839,145,1367.292386
65.988312,387,1367.758369
-79.816073,119,1367.83958
-48.171236,119,1368.135925
-43.220475,185,1368.263144
-108.351192,127,1368.349508
3.303563,175,1368.574995
-42.281405,127,1368.661887
-70.517243,348,1368.993256
24.79118,308,1369.203237
-80.143873,129,1369.291894
-102.322111,118,1369.466129
550.705444,1000,1370.339305
-88.254179,138,1370.433676
-39.265974,119,1370.515489
-64.819269,168,1370.63004
-65.16119,122,1370.808053
-56.029759,109,1370.882874
54.809504,365,1371.225538
-75.137188,120,1371.308306
-20.684882,148,1371.409427
-30.925507,156,1371.515591
-63.392416,103,1371.67942
13.500152,160,1371.787969
-5.091345,161,1371.897159
-85.395801,145,1372.088027
73.828358,479,1372.416481
156.36848,787,1373.1409
9.479628,220,1373.290889
-40.737048,117,1373.464349
-27.61976,137,1373.558581
-29.568558,116,1373.638361
69.137615,330,1373.956212
2.293031,182,1374.081063
-62.810451,150,1374.182656
-11.332198,199,1374.411772
-22.627237,173,1374.528829
-77.932037,125,1374.613774
-27.524169,145,1374.805039
-63.206946,106,1374.876538
-54.476714,132,1374.966713
-20.463193,141,1375.061977
-59.764259,136,1375.248043
-50.083941,335,1375.476794
-70.906409,129,1375.657161
-30.941119,129,1375.744993
148.775039,436,1376.137131
114.329786,356,1376.381536
-95.704825,110,1376.549179
-83.73449,109,1376.623174
-17.566482,215,1376.769743
19.205104,199,1376.998984
-72.414668,120,1377.081927
-43.694807,118,1377.163383
-72.406611,112,1377.24059
77.357596,183,1377.47289
-65.526383,123,1377.557025
11.897925,151,1377.659923
9.856778,144,1377.757796
0.374563,160,1377.958324
76.839931,241,1378.122105
651.031957,1000,1378.991969
2.853756,157,1379.192699
33.671642,146,1379.292402
15.276971,163,1379.402916
-11.287363,144,1379.500798
26.103092,133,1379.68483
-8.165766,157,1379.791407
73.482032,277,1380.073864
-43.574365,131,1380.164541
-82.838068,126,1380.251531
332.215404,981,1381.121923
-97.176516,111,1381.19824
-94.00924,113,1381.275396
-60.482853,127,1381.455652
-16.814056,135,1381.547274
228.977062,515,1381.994354
682.531853,1000,1382.868318
42.554867,514,1383.31292
393.266591,1000,1384.181798
-44.100521,133,1384.272739
393.110149,1000,1385.144827
9.120036,135,1385.23762
518.524458,1000,1386.108742
-17.389857,131,1386.199736
440.07528,1000,1387.07361
-88.911985,126,1387.252769
263.821582,523,1388.350282
497.477316,1000,1389.227781
-9.825616,169,1389.342967
-31.869059,180,1389.466812
-65.304958,133,1389.653124
-49.260799,218,1389.802395
-61.224896,141,1389.898413
14.278583,135,1390.083333
236.981775,748,1390.687315
-33.51633,152,1390.79149
161.610541,442,1391.185506
-18.604816,159,1391.388208
15.906554,172,1391.506053
15.209854,172,1391.622901
-84.20313,109,1391.696984
577.094089,1000,1392.571425
-83.449502,127,1392.882903
-17.323692,170,1393.000002
17.588753,157,1393.107023
-85.586113,127,1393.194619
-26.100116,218,1393.568999
-53.621138,110,1393.644564
7.069739,186,1393.771632
-60.368629,156,1393.970472
-67.738449,107,1394.04291
-15.587845,183,1394.169406
-42.637833,133,1394.353024
-16.07461,138,1394.447117
226.540572,563,1394.92377
294.848821,955,1395.76425
-96.519398,108,1395.838809
74.070529,394,1396.201599
-42.871096,185,1396.32852
-38.342666,146,1396.427319
-88.474101,114,1396.599297
-127.714642,120,1396.681628
30.23794,360,1397.020341
-65.895154,120,1397.10249
-64.276711,124,1397.188232
-49.843357,176,1397.308204
-78.390452,132,1397.491966
-9.876118,162,1397.601737
-69.461938,138,1397.69531
21.826461,292,1397.988435
592.181122,1000,1398.861932
-75.858678,110,1398.937036
5.782548,160,1399.046351
17.705045,188,1399.267945
-8.526432,138,1399.362418
50.36364,306,1399.664034
-24.953352,208,1399.815296
-65.658314,114,1399.893932
195.758914,587,1400.389236
4.460301,161,1400.591756
484.366916,882,1401.290497
-7.195669,179,1401.50591
-2.379772,331,1401.732852
37.439712,254,1401.999774
-65.729586,133,1402.090276
3.572388,191,1402.31353
187.397884,585,1402.808693
7.315283,173,1402.928153
-94.203394,122,1403.01152
-110.24203,165,1403.218779
-11.837368,151,1403.321544
85.684922,212,1403.465937
-37.919369,138,1403.653236
6.467143,233,1403.813282
-17.727711,142,1403.910991
-28.156067,207,1404.146621
-41.246211,145,1404.245065
27.324622,161,1404.354395
-44.465548,188,1404.578029
-94.012651,113,1404.655862
427.97027,1000,1405.528496
604.691442,1000,1406.398895
208.987044,548,1406.865734
60.667382,191,1406.996575
0.477431,164,1407.331263
6.508516,170,1407.448155
62.851163,171,1407.565526
-90.768999,110,1407.641408
-0.123255,194,1407.876528
-13.417626,159,1407.984787
-44.134484,140,1408.080308
103.668853,376,1408.430298
19.345157,180,1408.55255
-65.617009,119,1408.727882
183.662991,384,1408.990728
453.076254,1000,1409.860248
11.604997,200,1410.11907
134.722206,388,1410.571465
-86.175163,140,1410.667971
-0.999288,155,1410.775196
-79.635106,135,1410.868156
-44.102079,141,1411.190383
-87.781865,107,1411.26444
-42.001531,139,1411.359442
99.329226,277,1411.646154
233.675118,658,1412.191682
24.932627,170,1412.309284
-6.454391,176,1412.523236
-41.028717,132,1412.613518
-107.254323,119,1412.695369
-78.029179,139,1412.791415
-42.344891,129,1412.972904
9.972369,167,1413.086681
-55.959178,128,1413.174479
15.008128,158,1413.375664
-67.344195,130,1413.466086
49.928597,361,1413.806595
-41.221316,163,1413.919271
173.14951,965,1414.769342
-66.779135,129,1414.858291
-46.454922,137,1414.952417
-31.575757,172,1415.163085
460.622354,1000,1416.058126
39.649465,207,1416.202214
-51.396075,215,1416.349373
148.629725,451,1416.750992
-12.14279,178,1416.968138
385.712828,1000,1417.921248
-8.671132,151,1418.024797
-80.240728,139,1418.122687
561.190848,1000,1419.242025
-63.941285,159,1419.350345
-13.631139,383,1419.835536
416.814204,1000,1420.939388
-127.681422,164,1421.053718
1.366651,178,1421.398359
59.956204,382,1421.662428
-49.158685,203,1421.895385
-108.958547,106,1421.968591
-68.223747,117,1422.04987
-25.832111,212,1422.289628
506.990858,1000,1423.164713
-82.247712,216,1423.313856
-180.119559,220,1423.557888
239.144363,644,1424.098757
285.407178,594,1424.59993
75.803691,420,1424.981463
74.570272,296,1425.183982
-79.298466,123,1425.372659
108.161409,806,1426.016727
-82.902008,122,1426.101149
204.435599,913,1427.024828
-49.74599,156,1427.131163
-62.128009,109,1427.299297
-58.054736,126,1427.385736
24.408759,156,1427.493521
-114.828934,95,1427.558916
-70.128819,164,1427.763172
458.054047,1000,1428.638752
410.895119,1000,1429.524263
124.579794,507,1430.075266
-39.434258,149,1430.177165
567.324255,1000,1431.28071
529.236204,1000,1432.387607
55.530803,236,1432.548393
163.583251,568,1433.16128
-7.034466,184,1433.511965
-74.776852,127,1433.599557
-74.319902,137,1433.693995
511.069432,1000,1435.663202
95.919026,952,1436.759803
-2.182525,151,1436.86385
13.017514,261,1437.26654
-74.996559,449,1437.754197
472.16732,1000,1438.754696
74.935398,355,1438.997216
569.930169,1000,1439.877892
239.234684,918,1440.690563
675.136921,1000,1441.560197
-45.663274,236,1441.813993
498.358727,1000,1442.80743
210.00144,808,1443.453858
-16.094353,199,1443.679976
-52.850839,137,1443.774802
553.510617,1000,1444.653866
40.279839,225,1444.807501
446.490095,1000,1445.678533
-5.135691,256,1446.077968
-23.775251,229,1446.235266
-17.955576,155,1446.340625
454.393437,1000,1447.321063
50.274613,435,1447.844422
534.934916,1000,1448.98098
-12.525557,162,1449.092323
516.811611,1000,1450.205598
-48.530051,127,1450.38447
104.635405,559,1450.859524
111.914782,587,1451.357283
164.672167,731,1451.95424
6.528906,835,1452.708922
24.344564,270,1452.893667
412.157266,1000,1453.76856
-59.645159,133,1453.951616
-7.637462,147,1454.051069
544.706862,1000,1454.923665
116.855476,635,1455.44997
131.793858,611,1455.960134
-106.551472,148,1456.152104
485.450951,1000,1457.020199
16.658358,158,1457.12779
-76.880818,156,1457.234291
-58.170624,216,1457.47445
-32.485843,158,1457.582328
458.76985,1000,1458.451161
-60.522468,128,1458.538226
-103.011451,103,1458.608333
-96.182626,224,1458.853769
-81.385974,120,1458.93622
-10.677513,373,1459.294518
-79.653839,120,1459.37703
-123.047757,110,1459.452217
-12.440724,179,1459.665652
-116.076109,99,1459.733519
-74.704977,178,1459.855412
116.699873,418,1460.235433
-86.275423,125,1460.32046
68.385549,373,1460.666504
-56.141611,126,1460.75239
-0.870708,159,1460.862031
-74.150694,191,1461.086045
-54.650608,121,1461.169259
147.0317,499,1461.602852
-84.1089,108,1461.676448
-35.684268,131,1461.765727
501.549418,1000,1462.743717
-49.304407,181,1462.964789
466.573554,1000,1463.839227
-12.240319,826,1464.500841
-24.992664,339,1464.825737
-56.220069,316,1465.133745
-69.543717,110,1465.20822
225.049993,718,1465.792495
-82.194578,133,1465.975304
-41.52691,144,1466.075145
3.459481,159,1466.185223
105.965662,364,1466.526289
110.037666,660,1467.071069
174.972704,399,1467.435014
289.093116,764,1468.051994
70.39622,511,1468.493516
134.990011,782,1469.213395
514.631446,1000,1470.086024
-63.667908,125,1470.17178
75.158395,276,1470.458322
148.748355,473,1470.992224
-76.649636,134,1471.086101
-62.199213,147,1471.186775
116.664759,657,1471.840512
130.371614,515,1472.419331
-130.865198,136,1472.736244
-65.721417,143,1472.834803
-49.003957,137,1472.928965
109.577657,358,1473.402264
-75.080106,109,1473.476545
-48.524492,132,1473.56675
135.003431,425,1474.07849
-38.546524,137,1474.172271
-42.95597,149,1474.471437
537.820744,1000,1475.577592
-44.615379,159,1475.685734
-68.398096,121,1475.76833
426.990801,1000,1476.886343
177.025591,570,1477.499428
494.987893,1000,1478.613645
559.846633,1000,1479.731494
-22.933229,139,1480.049171
444.180158,1000,1480.961781
-54.522818,127,1481.271669
-25.367844,168,1481.386724
-3.388285,171,1481.503161
154.619474,441,1482.028675
-66.404303,117,1482.109513
333.573378,950,1483.313791
-30.630768,460,1483.719123
-121.762973,179,1483.933929
-85.756601,103,1484.004572
-53.138186,144,1484.104763
-43.175602,118,1484.185432
-56.041505,173,1484.394677
-54.811106,124,1484.479372
-28.205927,140,1484.573634
-38.978282,147,1484.673289
51.898051,411,1485.043576
70.779876,472,1485.457232
-18.672429,139,1485.551862
176.571775,454,1485.952822
-69.082586,119,1486.12656
489.877548,1000,1486.903956
509.798384,1000,1487.771773
-62.126464,134,1487.953916
-74.537626,127,1488.042025
-37.848969,129,1488.129929
-61.888912,133,1488.220538
-83.211377,101,1488.487977
-58.499807,104,1488.558781
-35.660627,104,1488.629938
-43.100038,127,1488.716389
-10.750757,152,1489.016714
-32.553643,112,1489.094228
-49.81591,176,1489.214558
-35.205336,139,1489.309159
18.549152,296,1489.722514
44.669228,224,1489.876174
-69.618331,122,1490.183837
-39.307126,161,1490.2926
-29.975256,132,1490.382441
-88.393553,244,1490.772509
-51.249198,117,1490.853616
440.9693,999,1491.985106
-56.481722,173,1492.103285
-70.338842,113,1492.18169
-15.817644,146,1492.505215
-28.865275,128,1492.59318
-3.392208,140,1492.688245
-51.849861,103,1492.75946
-6.883994,156,1493.08866
-100.497642,198,1493.225929
7.822567,140,1493.322122
441.921846,1000,1494.43315
16.736707,186,1494.786228
-11.056558,135,1494.878233
-79.451471,111,1494.953708
-1.573278,151,1495.280205
-33.128065,132,1495.370951
-206.739175,335,1495.599154
-29.236183,156,1495.928625
-28.672653,116,1496.007887
-78.208597,115,1496.086502
-45.930105,116,1496.166415
-54.889617,121,1496.472888
-110.388776,102,1496.542196
-56.061932,115,1496.62083
-37.02013,104,1496.692213
-59.559813,97,1496.758947
-13.286066,126,1497.045728
-29.684107,120,1497.12711
-62.778044,110,1497.202333
-55.857073,118,1497.282762
-30.492923,133,1497.594218
-48.321203,113,1497.672541
-57.651603,124,1497.757575
16.569082,184,1498.102663
-79.545093,114,1498.184385
-20.691375,114,1498.26233
-34.952476,104,1498.333498
-40.39474,126,1498.419405
-24.365049,119,1498.72352
-111.862832,103,1498.793947
16.651519,146,1498.893188
-27.386801,105,1498.964754
-58.021615,112,1499.264311
-33.374844,157,1499.371188
-31.366979,115,1499.449752
-15.207976,157,1499.555944
-23.712594,169,1499.871287
4.608146,167,1499.985448
-26.298559,105,1500.05786
102.588571,541,1500.614421
-27.998345,159,1500.945633
-35.286715,179,1501.068202
-67.76992,115,1501.146703
-29.637368,138,1501.241291
-69.0969,190,1501.595921
-43.241175,116,1501.674864
-41.47241,102,1501.744298
105.311033,287,1502.163167
-35.980218,109,1502.239208
-29.161659,127,1502.325819
6.279523,167,1502.662523
-40.429258,123,1502.747084
-54.698498,108,1502.821351
-63.55955,110,1502.897011
-36.58455,111,1502.973303
-130.30804,243,1503.348896
-11.213726,110,1503.424815
-47.628859,122,1503.508001
92.83675,552,1504.108139
-31.085133,103,1504.384769
-56.808342,110,1504.460659
-70.867151,114,1504.539057
-52.053116,127,1504.625679
-49.288832,112,1504.92646
-53.509077,207,1505.06888
13.793619,208,1505.210916
468.243781,1000,1506.321998
-63.402325,139,1506.624246
-21.372355,107,1506.697556
-51.523713,118,1506.777636
-210.591132,200,1506.914296
475.472439,1000,1508.051617
-45.178456,114,1508.338058
157.595097,704,1509.020288
-75.075337,121,1509.10306
-42.014341,123,1509.187365
-43.232724,133,1509.483079
-54.975041,246,1509.652257
-22.011272,142,1509.968139
-89.608762,327,1510.209827
-62.680263,130,1510.299003
-158.50654,154,1510.627063
135.729238,823,1511.39512
-11.555872,193,1511.750539
-67.691308,150,1511.85312
-74.4297,108,1511.926996
-47.074701,118,1512.00885
-78.481361,139,1512.327967
-93.580089,135,1512.4202
-15.135416,126,1512.506521
14.097428,227,1512.876566
-50.280725,118,1512.957873
-35.093562,110,1513.033585
-62.563701,116,1513.113153
-59.899513,120,1513.288399
-36.591918,112,1513.364877
-46.654641,113,1513.442194
-49.680303,140,1513.538031
-114.703184,645,1514.173208
-57.86904,124,1514.258239
-91.8586,133,1514.348801
-48.384238,137,1514.441858
-63.431123,112,1514.610388
-27.918656,128,1514.699257
-37.478748,140,1514.795292
-54.408994,106,1514.868248
-90.057109,99,1514.935714
-36.292792,104,1515.101715
-57.499775,129,1515.189429
-62.243708,106,1515.261817
-38.55549,180,1515.385593
-0.422172,156,1515.588876
-45.082522,129,1515.676997
-89.73329,172,1515.794607
-120.519347,400,1516.164035
-71.925431,137,1516.258151
-53.304054,105,1516.4231
-64.985789,351,1516.663188
-46.575975,140,1516.853908
-70.950907,107,1516.927031
-50.665929,115,1517.006757
3.926219,205,1517.147578
-11.067829,602,1517.749014
-44.82676,192,1517.88138
-37.995374,108,1517.955478
-66.433131,106,1518.02914
-44.317315,114,1518.199239
-15.37478,119,1518.280705
-35.321303,120,1518.363026
-58.952962,146,1518.462495
-96.99863,100,1518.727585
-132.624721,189,1518.859972
-43.811919,114,1518.937718
-23.188267,108,1519.0122
-47.999748,145,1519.338161
-53.624221,122,1519.421826
-37.073519,160,1519.53101
-19.039947,561,1520.13633
-52.801394,106,1520.209166
-13.695601,146,1520.532174
-39.453091,132,1520.622812
-31.094293,262,1520.891126
157.837715,442,1521.193617
-33.16362,124,1521.371228
-65.102726,112,1521.448969
-40.749774,122,1521.533802
-49.467596,132,1521.624239
-66.665374,118,1521.927167
-56.309431,175,1522.048527
-36.888017,126,1522.135049
-63.765124,107,1522.208698
55.601124,256,1522.60853
-18.099646,109,1522.684076
-59.807492,114,1522.762929
-111.728181,287,1523.156147
-26.646339,179,1523.279178
-35.845409,105,1523.351236
-85.730922,112,1523.655469
-27.704397,179,1523.778515
-34.237027,130,1523.867272
-50.715642,134,1523.959336
-25.71491,314,1524.266922
-62.277237,114,1524.344462
-31.95638,98,1524.505486
-110.837788,89,1524.565988
-91.589605,151,1524.671725
-54.651687,102,1524.741061
207.594849,748,1525.440465
-99.402817,199,1525.577188
-63.91516,137,1525.670476
-32.325289,112,1525.95832
-48.179989,117,1526.038356
-53.649808,129,1526.127112
-55.096401,103,1526.198277
-97.549566,102,1526.267576
-53.230371,180,1526.482542
32.75898,254,1526.655602
-19.922481,125,1526.832896
-35.775551,127,1526.92016
-34.970317,109,1526.995119
-30.720016,112,1527.072383
-90.561573,140,1527.168451
-72.633692,102,1527.331232
-104.433356,263,1527.511026
-89.272165,126,1527.59678
-36.915204,347,1527.926517
-41.369424,122,1528.011471
-69.396755,110,1528.179351
-47.594478,129,1528.267344
-135.012497,205,1528.407549
1.34299,134,1528.498237
-96.086356,111,1528.665994
-68.608402,110,1528.741301
-74.064468,124,1528.825697
-62.52916,106,1528.899409
12.295285,143,1529.089206
-99.175458,158,1529.197392
11.927924,148,1529.297072
-30.745877,164,1529.500012
-51.410493,113,1529.577277
-53.666359,113,1529.654542
-72.0365,133,1529.746325
-34.830821,117,1529.826566
-76.781571,106,1529.991312
-57.732984,109,1530.06637
-36.484685,126,1530.15255
-31.225785,139,1530.247461
-108.153379,468,1530.658678
-66.733889,114,1530.829277
-69.149917,125,1530.914087
-37.074025,133,1531.006127
-44.782556,127,1531.092642
278.902948,1000,1531.962598
-56.645041,126,1532.048313
-44.515253,132,1532.305401
-22.788657,170,1532.4222
-20.534245,453,1533.282005
-54.303052,118,1533.363341
-30.22815,122,1533.447414
-122.774632,326,1533.865283
-86.587731,117,1533.945174
-60.70036,109,1534.113162
-58.922129,132,1534.204284
-58.950026,112,1534.281074
-63.886931,118,1534.361764
-45.790321,121,1534.444211
-85.190043,102,1534.606516
-44.121786,133,1534.697195
-95.927254,113,1534.774999
-76.406385,107,1534.84877
100.03218,520,1535.296106
-95.378493,131,1535.477824
-74.423084,130,1535.566544
-112.581977,99,1535.633723
-94.262176,178,1535.756296
-48.799987,166,1535.964015
-61.094392,938,1536.795739
-104.083648,227,1536.950191
-99.311246,109,1537.024474
-105.685896,123,1537.108816
-83.460315,104,1537.27332
-102.075239,105,1537.345058
-172.413967,544,1537.812456
-81.96179,108,1537.886823
-129.416954,139,1537.982162
-118.361221,148,1538.17579
-129.47425,127,1538.263438
-153.3854,170,1538.380076
-68.5405,161,1538.582015
-114.071984,128,1538.669559
-115.689058,131,1538.759398
-58.282289,147,1538.860191
-107.212286,136,1539.048133
-108.042514,183,1539.173352
-98.59006,145,1539.272551
-114.513167,94,1539.336907
-82.54498,96,1539.49433
-89.081826,109,1539.569052
-80.081157,129,1539.657264
-103.388573,145,1539.756236
-88.119244,101,1539.919693
-67.169751,106,1539.992565
-40.648265,134,1540.083532
-63.656393,495,1540.515921
-133.366127,205,1540.656471
-50.25605,215,1540.895967
-77.803936,124,1540.98123
-87.142314,121,1541.064586
-165.300492,216,1541.306262
7.058991,336,1541.536533
-60.341429,104,1541.699779
-112.104043,153,1541.80525
-81.63093,101,1541.874973
-90.3143,103,1541.945623
-71.930834,131,1542.12828
-106.263875,105,1542.201034
-73.508956,108,1542.275479
-99.500312,115,1542.354744
-134.180658,696,1543.020039
-70.156375,203,1543.159868
-91.11614,139,1543.255203
-81.798192,112,1543.332191
-85.492676,135,1543.51664
-172.728487,247,1543.686589
-82.817814,112,1543.763767
-105.871489,105,1543.927891
-61.199793,117,1544.007994
-49.97241,212,1544.153382
-87.525405,108,1544.227957
-52.420723,170,1544.437805
-108.698507,112,1544.514252
-94.317494,137,1544.608322
24.874615,290,1544.89821
-72.789427,117,1544.978679
-75.528796,119,1545.060279
-99.828124,136,1545.246084
-46.687814,162,1545.356711
-104.967115,108,1545.431414
-127.480708,135,1545.523889
-126.285339,205,1545.756844
-101.725605,113,1545.835123
-51.520681,148,1545.935858
-159.621386,159,1546.140509
-95.50074,126,1546.22822
-103.267063,111,1546.306992
-105.267898,178,1546.4298
-59.398375,107,1546.595874
-252.092869,513,1547.044914
-65.281305,117,1547.125587
-85.920989,105,1547.197546
-23.277682,163,1547.309096
-139.519668,125,1547.486511
-60.90204,136,1547.579522
23.534085,374,1547.927446
-22.764991,206,1548.0699
-76.60319,153,1548.175352
-5.994994,197,1548.406374
-94.934886,143,1548.504645
-86.896717,116,1548.5845
-82.070174,119,1548.666327
-34.01093,213,1548.90457
-101.225521,112,1548.982333
-98.521389,119,1549.064448
-127.40582,163,1549.269437
-84.19629,108,1549.343605
-101.924301,122,1549.427354
-12.96841,149,1549.529355
-96.606391,123,1549.706822
-41.142537,524,1550.159466
-43.531511,114,1550.238443
-43.6207,127,1550.325492
-117.053597,94,1550.389508
-98.639737,112,1550.558899
-47.73297,156,1550.666075
-77.610389,254,1550.84215
-113.784956,384,1551.21167
-55.970558,117,1551.292045
-78.681494,173,1551.502667
-80.587602,103,1551.573187
-61.072475,165,1551.686491
-101.528486,154,1551.791839
-89.649731,175,1552.004611
-127.181443,92,1552.06785
-68.379214,109,1552.143111
-135.260852,124,1552.229673
-76.766333,117,1552.401841
-74.746779,108,1552.475365
-47.096823,130,1552.564784
-69.59018,108,1552.639272
-55.451018,146,1552.830982
-106.842665,111,1552.907538
-34.101932,135,1553.000237
-70.445591,148,1553.100253
-63.333478,130,1553.282659
-73.023864,145,1553.381825
-78.013214,311,1553.688817
-91.388149,119,1553.772563
-90.596696,103,1553.844435
-86.963235,137,1553.938984
-93.378141,101,1554.00862
-94.363697,129,1554.190877
-120.638168,170,1554.307263
-114.011875,141,1554.403665
-44.925722,261,1554.675528
-16.363906,149,1554.776433
-94.607901,143,1554.874901
-72.138006,129,1555.057483
-142.980536,153,1555.162336
-109.740844,129,1555.250854
44.208411,440,1555.644509
-3.610178,505,1556.082269
-61.786508,116,1556.162797
-72.94669,135,1556.34762
-84.007485,151,1556.451108
-125.716422,124,1556.536703
-17.682727,793,1557.265665
-101.198865,571,1557.749474
-74.013213,169,1557.865762
-97.707295,153,1557.971375
21.336471,287,1558.258147
-70.046944,163,1558.369384
-58.8284,218,1558.609799
-127.221028,177,1558.730817
-91.432958,104,1558.802028
-101.038227,126,1558.88827
-51.993939,652,1559.519135
-109.425099,163,1559.630302
-137.432795,652,1560.169326
-83.809127,132,1560.352332
-110.128352,352,1560.593314
-80.783564,115,1560.676944
-243.719565,217,1560.919852
-76.669174,355,1561.255852
-63.765392,235,1561.415785
-45.904254,142,1561.512632
-63.066605,113,1561.681641
56.396039,656,1562.224353
-80.860562,127,1562.311426
-79.119674,166,1562.424317
-48.003551,148,1562.616623
-139.485431,765,1563.233553
-78.79287,182,1563.449528
-13.230794,187,1563.577738
-145.004708,164,1563.689341
-73.905728,680,1564.336947
-104.031579,242,1564.502653
4.949842,171,1564.619276
-109.523969,146,1564.811215
-60.024904,129,1564.900122
-94.3977,124,1564.98454
-104.564531,174,1565.103808
-3.251493,223,1565.346797
-40.13933,331,1565.664896
-35.400124,178,1565.788446
19.997653,697,1566.362679
-120.377544,115,1566.538449
-28.690244,215,1566.686703
-63.681836,178,1566.809682
-77.3185,148,1567.003281
-31.272759,158,1567.111352
3.507562,366,1567.453443
-62.661969,157,1567.56157
-167.813656,829,1568.314227
-52.113658,101,1568.384485
-36.51604,149,1568.486183
-3.495022,373,1568.831698
-47.766409,365,1569.081779
-77.292423,220,1569.324844
-82.117353,174,1569.444465
-192.686753,245,1569.705334
-96.80917,402,1569.982625
-95.161481,117,1570.153699
-29.289582,178,1570.275839
-195.372393,346,1570.60485
-101.746619,109,1570.679297
-54.261526,455,1571.082804
-78.234105,130,1571.17263
-52.955776,130,1571.262702
-101.218407,722,1571.940698
-56.965569,126,1572.02793
17.008419,163,1572.140697
40.207789,505,1572.577984
-12.45524,168,1572.785287
-155.144594,247,1572.954153
-95.576387,218,1573.195404
-90.729136,151,1573.298783
-84.850346,128,1573.386653
-46.043338,170,1573.503473
-26.498823,125,1573.681085
-44.262615,193,1573.812982
79.401987,656,1574.358733
-46.608088,298,1574.654015
-11.444172,212,1574.798592
-139.282812,192,1575.021915
-72.566333,118,1575.103714
-25.920477,127,1575.190292
-20.12169,155,1575.296377
-54.442025,147,1575.490121
-50.075548,146,1575.590749
-49.202891,187,1575.71867
-117.245033,116,1575.890658
-14.606055,199,1576.026958
-110.592059,124,1576.113058
-38.510913,302,1576.412978
9.852493,435,1578.845162
-63.544315,114,1578.924124
10.681236,371,1579.27034
11.990247,703,1579.843767
-91.143319,211,1579.988008
53.905819,366,1580.329311
-67.638694,585,1580.820081
-23.21658,138,1581.005288
-88.780864,140,1581.101604
-91.992741,225,1581.259262
-68.537674,133,1581.443058
-73.435579,160,1581.552396
43.807349,428,1581.943281
2.741063,301,1582.148686
-96.022949,107,1582.223267
-90.987922,662,1582.859432
-107.878244,120,1582.942386
-76.462875,122,1583.027139
-127.679143,186,1583.245926
108.446947,611,1583.752822
-35.007367,110,1583.828958
-62.321285,158,1583.936312
-95.54135,515,1584.492809
-125.277447,158,1584.692333
-102.230875,124,1584.777582
-131.691095,192,1584.910394
316.889097,1000,1585.885118
-94.946161,143,1585.983608
-62.028033,138,1586.170131
-63.917538,130,1586.259342
-66.362197,172,1586.377925
-51.113753,327,1586.693202
-110.862073,427,1587.077546
-108.294379,301,1587.28405
-72.10136,177,1587.497147
-54.112444,144,1587.594458
-2.95985,280,1587.880168
19.001559,368,1588.131357
21.372493,151,1588.433261
-82.08111,116,1588.513159
-59.438029,108,1588.588017
-64.043508,116,1588.66751
-80.010992,367,1589.008724
-87.652032,98,1589.075529
-72.491335,382,1589.430941
-18.946199,408,1589.803743
-71.233529,118,1589.885169
-85.726069,146,1589.985629
-107.835494,125,1590.071011
-109.013679,228,1590.452147
-107.778578,173,1590.570828
-43.963325,209,1590.805848
-13.94884,138,1590.899436
0.569249,237,1591.060957
-87.552105,100,1591.221689
-91.863409,98,1591.288303
20.033546,732,1591.879221
-61.966144,131,1591.969073
-27.280573,137,1592.260587
-69.09146,298,1592.462443
-42.725381,614,1593.060889
-139.676371,849,1593.72941
-65.347232,177,1593.940719
-27.57167,148,1594.047431
-121.069234,163,1594.160128
-52.810175,176,1594.279994
-79.107777,292,1594.571534
-125.711365,185,1594.697686
-107.142172,115,1594.987386
-200.162642,386,1595.251475
-37.879499,153,1595.446845
-49.307366,515,1595.984607
-70.179274,108,1596.060523
65.963059,476,1596.477701
-60.467171,120,1596.560893
-107.943213,662,1597.105679
-122.38893,191,1597.330747
61.081846,388,1597.595727
-39.212134,167,1597.802619
-76.353492,151,1597.905987
-105.19338,104,1597.977703
-39.665512,493,1598.40856
-38.001636,142,1598.597912
-54.433671,452,1598.906559
-104.12204,130,1599.16847
-78.618738,129,1599.256917
-68.858974,142,1599.354826
-128.90306,127,1599.442495
-9.634511,220,1599.815284
-82.485756,622,1600.464673
-91.235332,149,1600.566827
-180.051743,750,1601.480522
-25.242542,199,1601.615385
-40.463284,125,1601.701876
-116.970027,129,1601.884268
-39.76491,157,1601.99221
-166.163973,803,1602.724366
-56.960618,418,1603.012279
-50.999561,149,1603.206314
-70.791419,115,1603.285177
14.602091,195,1603.418304
-27.408101,284,1603.702505
72.693063,472,1604.116505
-64.701829,111,1604.19304
-52.748991,132,1604.284798
-145.499144,371,1604.63144
39.357173,506,1605.069273
-79.109942,163,1605.181624
-119.051315,189,1605.402817
-104.622066,112,1605.479601
-110.586498,104,1605.556121
-54.998007,193,1605.687849
-37.538572,275,1606.072592
-155.90057,175,1606.194101
-120.85679,270,1606.466809
-20.619537,172,1606.584591
-78.882965,155,1606.782527
-80.22384,202,1606.921293
-85.973911,511,1607.361515
-41.93824,139,1607.456197
-69.388213,121,1607.53827
-4.07337,337,1607.860616
-124.517945,116,1607.939132
-52.699615,771,1608.707753
-105.94734,729,1609.296051
-259.305526,403,1609.667226
53.965316,569,1610.149392
-88.069105,126,1610.236418
-125.520623,405,1610.608427
401.554564,1000,1611.47288
-59.985871,175,1611.592824
-104.93428,886,1612.379104
-54.549857,155,1612.575572
-65.868745,419,1612.862145
441.749233,1000,1613.724022
-3.332164,177,1613.938284
-35.797218,164,1614.051443
102.807972,367,1614.524228
-91.60494,230,1614.681251
73.434134,278,1614.963614
-215.881614,271,1615.148148
-110.255025,105,1615.220678
24.424742,236,1615.472717
4.742304,327,1615.696308
-138.248319,238,1615.949458
-95.838037,424,1616.332894
-145.378863,578,1616.818615
1.466788,395,1617.182254
-165.496783,124,1617.27073
-21.26985,166,1617.385698
-180.871424,761,1618.324211
-70.11421,151,1618.427085
-65.008683,131,1618.51675
-93.807268,369,1618.860147
9.973118,181,1618.983367
209.976358,1000,1619.847908
-77.762319,172,1620.057441
-7.27471,129,1620.146315
-34.361248,620,1620.661
546.385023,1000,1621.540905
23.849003,488,1621.963719
-98.471708,601,1622.570797
-178.083386,505,1623.008111
-2.277863,186,1623.230958
-63.704798,161,1623.340657
73.749377,430,1623.725597
0.612371,559,1624.688544
-31.547444,752,1625.294578
-10.734446,446,1625.690407
-26.241286,270,1625.966815
-121.272482,288,1626.165083
-58.614069,941,1626.992729
-24.892396,451,1627.390383
54.333856,743,1627.988558
344.499812,1000,1628.854623
33.77569,236,1629.107846
-221.106098,965,1629.951651
110.183387,1000,1630.819587
-66.456873,235,1630.980177
-109.485311,188,1631.110055
-91.702024,556,1631.796333
22.013435,377,1632.056073
-251.833555,280,1632.346222
-63.952111,746,1632.948713
41.604503,302,1633.24646
-99.587077,403,1633.613805
-233.048472,458,1634.022635
-154.21888,414,1634.308122
103.168491,560,1634.796621
340.657811,1000,1635.665073
-178.807233,469,1636.081842
8.058906,349,1636.500365
-222.784306,238,1636.664313
-15.490265,934,1637.495862
339.088194,1000,1638.366956
-204.706371,498,1638.804017
-156.414557,406,1639.177076
-12.22114,331,1639.496371
-65.010627,982,1640.358405
345.428064,1000,1641.229706
382.467169,1000,1642.006027
-18.239842,507,1642.447628
-149.919481,200,1642.680694
-116.282317,406,1643.050982
-85.055151,220,1643.203096
-12.559793,185,1643.330788
-11.253157,141,1643.520072
334.598302,1000,1644.392353
-101.161293,609,1644.904152
-142.397844,757,1645.519425
-37.712528,374,1645.869679
-108.115078,380,1646.222302
-202.281327,390,1646.57983
-43.023569,450,1646.887792
-208.882266,672,1647.532304
-127.725356,190,1647.663757
-193.978336,819,1648.410844
-79.889307,142,1648.508989
-45.91037,579,1649.000279
-102.26219,193,1649.225818
-55.995211,309,1649.438566
286.70664,1000,1650.309713
-194.455786,259,1650.585018
-74.965955,319,1650.804755
-228.015063,693,1651.466899
-226.688878,827,1652.130007
-108.094753,507,1652.570917
-91.985503,601,1653.089609
-34.136465,157,1653.29038
-153.456926,734,1653.889809
-249.332542,469,1654.310889
333.322815,1000,1655.182176
-39.086736,515,1655.626925
-103.454124,755,1656.238864
-115.547622,623,1656.852554
245.88164,1000,1657.719403
27.627145,265,1657.901457
-121.294383,178,1658.023152
-276.685411,719,1658.757509
-110.812076,146,1658.860569
291.866806,1000,1659.728206
-3.694863,256,1659.996122
-60.282772,636,1660.526069
-112.595963,466,1661.045844
-174.962189,343,1661.284419
281.358948,1000,1662.284714
-118.865534,572,1662.859104
-48.539244,775,1663.496102
-182.729408,437,1663.892564
1.612239,414,1664.373591
-143.962496,594,1664.873662
-154.802999,630,1665.397294
-77.166747,718,1666.086256
-195.270501,292,1666.381778
35.284527,602,1666.885697
-49.828916,600,1667.511062
51.581635,373,1667.858198
-79.242183,162,1667.970119
-98.469389,180,1668.192288
-264.18854,849,1670.276481
-86.664462,377,1670.75646
-301.563176,879,1671.655233
-68.111515,915,1672.471525
-43.061755,590,1672.97211
219.331937,1000,1673.863378
-72.827991,236,1674.027278
-41.395286,269,1674.310902
166.43398,1000,1675.183462
40.268029,454,1675.586762
33.047564,707,1676.29043
-188.445827,957,1677.351159
-323.407949,307,1677.558871
247.3747,1000,1678.696602
-130.77614,427,1679.08153
-128.976146,416,1679.457145
-176.547962,500,1679.891273
-261.149094,459,1680.301371
167.966275,1000,1681.171383
286.377077,1000,1682.057009
-142.604648,379,1682.52918
-124.399638,359,1682.775724
282.829249,1000,1683.649185
-27.207204,621,1684.168846
352.249228,1000,1685.038138
-44.705353,483,1685.460386
-166.052557,783,1686.287832
-30.018344,319,1686.599334
311.619535,1000,1687.37929
312.138322,1000,1688.253828
440.460894,1000,1689.128324
-36.640815,227,1689.511574
264.737347,1000,1690.521336
-253.571999,263,1690.702986
-194.655871,582,1691.195052
327.460646,1000,1692.090807
212.625456,1000,1692.964804
-113.331754,264,1693.237429
-242.32844,553,1693.813251
-146.257136,766,1694.431676
28.234141,266,1694.706612
317.396303,1000,1695.682973
-56.538227,642,1696.222724
303.824802,1000,1697.199835
327.331763,1000,1698.076254
66.757514,810,1698.935003
263.858537,1000,1699.806088
253.981313,1000,1700.680125
-249.549392,424,1700.97079
-10.921767,819,1701.723838
390.670985,1000,1702.689797
-149.519779,208,1702.83793
341.13829,1000,1703.709441
-301.723216,581,1704.314943
294.865264,1000,1705.458505
77.900705,427,1705.958948
231.495678,1000,1706.944868
30.460025,389,1707.413714
342.172269,1000,1708.508736
-118.165947,232,1708.671233
-236.141844,349,1709.109355
-25.808184,901,1710.160188
-38.729154,233,1710.321259
-221.056158,745,1711.287515
417.33407,1000,1712.161517
329.343868,1000,1713.04882
-40.303421,188,1713.18137
-173.029792,397,1713.550457
41.056891,756,1714.162142
19.65712,725,1714.843847
-37.934413,164,1714.958127
367.512217,1000,1715.833233
-21.58615,250,1716.006796
-162.489483,429,1716.402039
29.344408,337,1716.727515
-206.10015,297,1716.935977
-148.317254,621,1720.803311
-24.509846,192,1720.937049
-61.364697,233,1721.097479
7.846558,976,1721.958692
-177.344895,835,1722.726055
-20.355724,394,1723.089967
12.968416,313,1723.306823
-177.85782,873,1724.111038
0.62035,345,1724.477309
-160.684219,588,1725.025569
-150.753043,240,1725.210696
-390.79195,306,1725.664749
-124.147241,386,1726.151442
-11.437481,834,1726.960598
151.101491,883,1727.855984
-168.058008,252,1728.256649
-30.47783,277,1728.448949
-190.319521,324,1728.768075
-20.573581,644,1729.308367
-1.608004,399,1729.675221
-135.458858,265,1729.860229
-189.125919,376,1730.214797
-33.016967,762,1730.925795
-121.576004,483,1731.26369
-246.937584,601,1731.866727
-187.016413,333,1732.114055
-41.459477,215,1732.364597
51.194503,393,1732.748019
-34.44474,198,1732.892812
-219.39331,504,1733.340114
-132.964627,884,1734.156086
-115.150075,214,1734.316309
-61.021448,161,1734.434679
-34.89402,563,1734.921662
-250.646691,668,1735.570067
391.449651,1000,1736.451219
-38.155344,304,1736.660913
-60.72789,434,1737.053412
-128.991211,293,1737.350471
-51.264529,279,1737.544568
-0.201523,179,1737.759938
-50.976273,337,1737.993771
-23.6953,290,1738.286116
-25.086854,315,1738.506233
-103.297432,793,1739.238636
-79.478269,684,1739.802575
-73.700827,230,1740.056429
423.282161,1000,1740.94367
117.9204,678,1741.505682
396.585363,1000,1742.380009
13.535516,722,1742.968532
-291.989417,372,1743.316596
-87.6959,452,1743.720828
-119.127969,325,1744.039482
-48.554091,452,1744.444939
-5.196596,409,1744.727684
396.865367,1000,1745.607073
-45.468365,226,1745.85263
83.39673,455,1746.259116
201.213433,702,1746.833257
-37.016171,310,1747.138878
-75.925223,381,1747.404039
-194.004148,248,1747.668047
138.342451,617,1748.184835
-25.423058,447,1748.585816
339.114299,1000,1749.458938
-191.229674,334,1749.781731
-39.767925,221,1749.934868
-153.589302,239,1750.098577
210.97869,626,1750.71433
-3.262724,582,1751.207016
164.285508,708,1751.784754
-232.179633,157,1751.89621
379.492168,1000,1752.768815
109.347459,571,1753.452126
40.194783,374,1753.71214
420.529834,1000,1754.831773
35.627888,382,1755.295246
-209.183621,360,1755.738509
440.133389,1000,1756.877844
-60.192236,283,1757.074966
340.712035,1000,1758.203379
-22.861477,509,1758.758329
-125.07211,250,1759.160322
434.038548,1000,1760.27316
116.248161,695,1760.978577
332.952712,1000,1762.109819
204.040616,772,1762.86496
-180.6251,407,1763.331515
194.857192,652,1764.000713
-82.428423,281,1764.399624
13.671706,554,1764.999005
4.715862,579,1765.623079
-9.183535,250,1765.999479
445.942564,1000,1767.054739
-159.890899,299,1767.261524
-162.246038,301,1767.694704
449.078932,1000,1770.259127
-101.518741,704,1770.978686
-94.995238,203,1771.343555
54.134551,649,1772.01645
-93.599109,435,1772.528505
-200.095047,264,1772.711677
-252.780679,521,1773.275881
316.672707,1000,1774.255056
-108.885008,694,1774.916845
213.393732,1000,1775.704506
-15.217047,176,1775.919907
330.398208,1000,1777.050569
-142.924155,404,1777.536689
321.407504,1000,1778.460767
-162.614495,647,1779.351634
-132.849982,648,1780.02453
360.049087,1000,1781.166133
317.521949,1000,1782.275577
80.736765,882,1783.341805
294.140547,1000,1784.459729
405.738126,1000,1785.583503
290.597344,798,1786.364181
-76.088136,666,1787.029659
-114.251535,669,1787.919765
267.582913,1000,1789.018483
-124.108107,848,1789.82877
-108.504006,391,1790.321962
245.85939,1000,1791.449993
-107.532337,270,1791.862341
-53.342131,275,1792.052987
-37.334955,366,1792.528792
295.603423,1000,1793.663363
-124.460397,431,1794.168595
266.543638,1000,1795.049069
339.47072,1000,1795.929273
388.094964,1000,1796.712287
-110.248849,749,1797.413607
-87.939584,294,1797.708035
-129.807924,847,1798.386635
-39.330227,313,1798.69521
-67.743245,688,1799.263872
320.257739,1000,1800.403781
-116.024639,318,1800.860612
-137.123211,399,1801.139877
48.296428,288,1801.433185
168.318353,1000,1802.310567
-107.513566,363,1802.656307
-70.779003,182,1802.783262
-8.379731,222,1803.025639
-133.975208,553,1803.504951
276.032992,1000,1804.396646
-92.250098,297,1804.603756
-214.922756,671,1805.164078
51.677899,839,1805.930108
335.478279,1000,1806.926473
-30.994478,303,1807.366975
-42.144265,299,1807.574584
-182.865838,678,1808.479372
-135.500071,579,1809.089756
-64.570651,146,1809.190909
276.713141,1000,1810.342193
-281.240706,587,1810.960327
-94.55475,209,1811.105187
66.688455,543,1811.920669
-26.48378,257,1812.105604
-148.671014,601,1812.727205
-133.854557,457,1813.269508
-175.467877,512,1813.850281
-63.406416,232,1814.239978
-100.323655,167,1814.362005
-51.970196,500,1814.938472
220.627614,1000,1816.082257
-47.336431,227,1816.241158
-253.709165,458,1816.7661
346.449078,1000,1817.917551
220.749733,969,1819.050213
-268.173498,602,1819.693725
294.617321,1000,1820.831368
396.009245,1000,1822.746054
25.489117,334,1823.179334
-80.985758,180,1823.304972
-158.158401,864,1824.349487
15.370199,242,1824.517358
85.201645,600,1825.138007
-88.713404,204,1825.518205
-155.573891,549,1826.12052
55.076968,852,1827.163799
-53.411834,269,1827.364921
-118.604642,143,1827.466606
341.095816,1000,1828.588212
-76.608791,546,1829.167863
-96.224116,384,1829.660169
-192.715522,414,1830.152289
-165.5914,628,1830.81328
162.428853,1000,1831.941481
-22.690777,365,1832.389107
-86.8822,180,1832.514918
-255.93286,714,1833.314458
-74.299705,153,1833.423833
-117.841938,132,1833.517236
-73.99175,133,1833.609862
-107.63173,117,1833.915735
-249.238901,408,1834.203333
338.478576,1000,1835.340233
319.844601,1000,1836.221776
-64.757567,159,1836.426902
81.144769,847,1837.105781
-71.174122,153,1837.305356
-73.17294,166,1837.421579
-58.843713,755,1838.039966
-198.672426,689,1838.704153
220.677181,1000,1839.583941
-85.944829,158,1839.693565
-13.983391,454,1840.101604
-307.207336,212,1840.252962
-44.589842,188,1840.477917
-199.001406,781,1841.114848
272.368468,1000,1842.100036
235.913912,1000,1843.201332
317.564447,1000,1844.343129
-165.474944,254,1844.739389
-197.807134,274,1844.938001
212.655503,1000,1846.052501
-15.349517,900,1847.091871
-99.453744,181,1847.218995
-199.245546,207,1847.555947
-320.127168,616,1848.22078
293.962087,1000,1849.339449
-254.986281,197,1849.477983
-120.866717,341,1849.925788
253.325685,1000,1851.042312
-122.100208,236,1851.20819
-66.063931,866,1852.238933
153.541759,1000,1853.381986
-184.065815,610,1854.020414
-82.328605,116,1854.101803
-306.494531,697,1855.03203
-69.977849,267,1855.220156
375.189862,1000,1856.228922
-82.886877,203,1856.371013
-208.560864,323,1856.690923
-55.047813,249,1856.957923
-67.206521,265,1857.141912
-88.224439,275,1857.429977
-120.62211,979,1858.297018
-80.236939,162,1858.411529
-51.441749,248,1858.585573
-93.437366,153,1858.786518
-55.488542,137,1858.883306
-86.250029,162,1858.998815
29.742483,505,1859.441533
-41.985368,634,1859.979753
-48.22558,634,1860.708822
-146.989068,259,1860.892845
-55.623231,181,1861.244529
-112.551912,181,1861.380068
-107.003293,254,1861.558834
-39.997084,263,1861.950309
-263.365254,331,1862.387215
-52.277426,257,1862.57043
-87.302978,339,1863.01158
-237.330773,267,1863.202507
-166.891256,399,1863.70387
-98.059026,172,1863.824705
-115.467377,437,1864.334322
-114.38777,217,1864.691817
321.919581,1000,1865.825035
61.613213,555,1866.31367
-144.313277,218,1866.466908
-97.412583,152,1866.573082
-90.154531,174,1866.787808
-61.646229,367,1867.045153
-107.849068,199,1867.277044
-101.570521,162,1867.390645
-1.518659,469,1867.809396
255.431668,1000,1868.687312
-78.18507,161,1868.800495
-98.454833,226,1869.050025
-78.347243,252,1869.225736
-54.885061,402,1869.598043
-101.058567,253,1869.865736
-33.860944,326,1870.093356
354.012652,1000,1870.978736
-115.881817,189,1871.111593
-111.818362,417,1871.496264
-124.181341,258,1871.768923
-127.259121,437,1872.295667
-93.920726,202,1872.437647
-69.074225,183,1872.564197
-75.223412,176,1872.910866
240.796078,1000,1874.735142
31.203213,513,1875.317534
-99.220734,408,1875.601056
292.098773,1000,1876.749912
241.25346,1000,1877.755646
262.568476,1000,1878.767822
207.584392,1000,1879.853933
-149.342834,381,1880.348194
-66.131454,688,1881.026103
193.348856,1000,1882.139686
296.472312,1000,1883.271363
-18.731449,306,1883.708165
-81.18157,367,1884.186929
-73.313591,507,1884.764734
141.911035,1000,1885.860576
-142.138884,361,1886.110718
1.143523,334,1886.559178
-33.194771,225,1886.716194
-24.936923,462,1887.251107
-117.71797,156,1887.585059
-105.623346,141,1887.685552
-65.277201,177,1887.809366
-115.193499,674,1888.700153
-100.641002,127,1888.794495
0.90155,307,1889.005861
-35.690353,453,1889.517683
-75.804777,222,1889.877988
-86.005936,225,1890.033785
14.920904,563,1890.623603
-87.084657,145,1890.725324
-71.164953,157,1891.048973
-100.2927,144,1891.148189
-46.341528,282,1891.580666
-94.320101,159,1891.690649
-44.867746,265,1891.874675
-99.877014,165,1892.195636
-71.756202,367,1892.447822
-81.748444,165,1892.78564
-96.009502,406,1893.284946
-155.098711,327,1893.513441
-22.225111,423,1894.039373
45.40711,642,1894.685421
-91.896922,174,1894.999658
-140.098084,187,1895.131007
-28.604746,293,1895.566746
-30.015549,249,1895.741001
-117.478308,197,1895.879508
21.808447,468,1896.418914
-103.340779,259,1896.748018
-160.342635,221,1896.902443
-107.315988,148,1897.206451
-74.5982,396,1897.482284
267.503916,1000,1898.588073
-55.551915,129,1898.889548
-48.723717,155,1898.996649
-86.023275,169,1899.113795
-42.822636,129,1899.204329
-91.264944,130,1899.519652
-117.185986,552,1900.112036
-96.389684,163,1900.227342
-93.060618,136,1900.322033
-126.15527,180,1900.648736
-48.929333,214,1900.798175
41.502402,602,1901.437927
-89.919641,219,1901.8158
-57.145123,142,1901.915285
45.034978,395,1902.411254
-67.434026,174,1902.531494
-109.188695,183,1902.88535
-78.433126,256,1903.076727
230.469897,1000,1904.235313
-159.139534,217,1904.387197
-71.615971,172,1904.713022
-137.373911,173,1904.837179
-32.143993,235,1905.202199
-48.890389,251,1905.377201
-6.971086,374,1905.859606
-84.199862,166,1905.973754
-40.217608,160,1906.083461
-114.687544,175,1906.40671
-94.583852,150,1906.510504
-84.046346,175,1906.632324
-73.993945,175,1906.977913
-73.022468,162,1907.090637
236.896394,1000,1908.212387
37.396411,670,1908.848846
-29.41174,829,1909.868006
119.569431,545,1910.440741
-110.04926,146,1910.542404
22.954428,491,1911.079563
-103.258711,132,1911.171331
-154.47842,333,1911.61251
-75.978898,170,1911.73017
217.328067,1000,1912.887138
-19.087928,329,1913.337626
90.881978,882,1914.386232
69.151648,629,1915.04677
-105.674887,474,1915.600294
-105.117036,194,1915.735269
-26.196929,178,1916.090791
-23.480971,822,1916.884465
7.876766,249,1917.25922
78.579728,670,1917.929192
-99.105901,152,1918.033439
65.144928,441,1918.533267
-77.771624,142,1918.631426
-86.980265,174,1918.975813
-76.734111,139,1919.072193
63.439788,479,1919.618085
-143.862964,146,1919.720489
-52.361556,116,1920.002797
-29.475012,180,1920.130758
-121.608625,158,1920.240051
-94.922662,253,1920.627035
-95.225173,546,1921.209618
-105.875555,155,1921.317269
-92.42973,123,1921.405012
-46.214163,149,1921.709594
-43.409613,944,1922.596156
-150.670666,154,1922.938999
-184.506304,789,1923.688261
-87.1951,152,1924.021653
-74.04436,245,1924.192609
6.972207,285,1924.624463
-81.929345,162,1924.736984
252.209275,753,1925.445497
-79.037917,403,1925.948366
-98.35624,176,1926.303176
-77.620185,161,1926.422346
-72.693489,153,1926.528389
-111.873533,311,1926.945957
99.936581,993,1928.061393
-85.692,99,1928.130715
-105.959869,136,1928.226082
-14.305928,259,1928.630871
-55.708925,323,1928.854171
0.672298,888,1929.882155
-57.826774,523,1930.791109
-117.839155,526,1931.250371
-126.536805,144,1931.351796
327.398194,1000,1932.229331
-68.094669,168,1932.441837
-34.726629,280,1932.635992
-80.186828,201,1932.866198
-78.621966,285,1933.067159
-39.31764,238,1933.323919
-90.862227,193,1933.460401
-93.89329,177,1933.585519
-41.762425,229,1933.834304
-67.221482,125,1933.922038
-79.955773,177,1934.045451
-82.497329,146,1934.239788
-68.364124,172,1934.358378
-60.085514,168,1934.474587
133.763287,703,1935.144251
-80.208815,253,1935.321446
-100.658458,193,1935.549664
-108.693983,205,1935.693467
-98.539999,140,1935.791919
-88.69498,243,1936.052679
-13.927488,376,1936.315687
-64.714161,248,1936.580726
-76.765374,172,1936.69963
-25.294147,247,1936.962919
-70.059158,116,1937.050288
-88.426482,239,1937.217427
-77.612422,178,1937.544025
-69.926235,109,1937.620932
-133.318388,163,1937.734118
-187.381174,474,1938.28767
-167.835197,196,1938.633669
-22.193981,160,1938.744284
113.377997,591,1939.376247
-116.131899,136,1939.472624
-51.89331,175,1939.817805
20.985958,790,1940.58476
-106.719392,138,1940.900124
12.70028,236,1941.067785
-5.583741,330,1941.52349
-78.432466,129,1941.613523
-148.410252,185,1941.743294
-85.318932,170,1942.092705
263.052332,1000,1943.23144
-44.718279,248,1943.410305
-97.60758,187,1943.539155
-83.95258,170,1943.882486
-103.74233,207,1944.027074
-71.05052,140,1944.124305
79.290653,724,1945.04288
-131.479539,1000,1946.137922
-66.808005,165,1946.253229
-66.341252,354,1946.732871
-21.399947,580,1947.33794
320.606877,1000,1948.468932
-65.109466,161,1948.579605
-52.574652,180,1948.704214
-143.861991,216,1949.081419
-94.391379,261,1949.26153
24.765659,927,1950.311343
-75.799468,207,1950.679843
-62.686791,246,1950.851971
-122.311434,234,1951.241015
-19.910269,321,1951.46037
-16.829463,342,1951.9113
40.194307,711,1952.623949
-97.413986,181,1952.958524
-63.547425,167,1953.072588
-103.23234,153,1953.177535
-92.41079,245,1953.556063
-68.958257,162,1953.667172
-5.347439,348,1954.080913
-94.354503,250,1954.254167
-132.252285,182,1954.604721
-85.554481,139,1954.700339
-149.311597,158,1954.810048
-102.308254,151,1954.914773
-100.462572,250,1955.311963
-113.272386,188,1955.443125
-115.062824,186,1955.774894
-78.813903,157,1955.882437
-96.541475,401,1956.367999
-70.580174,147,1956.469801
-50.656421,139,1956.566283
-101.868651,138,1956.885035
-83.133014,165,1956.999471
-46.319771,313,1957.418351
-88.030968,159,1957.534536
-75.385885,148,1957.637764
-61.805543,526,1958.199281
-94.966878,146,1958.300581
-44.336754,150,1958.620284
-77.875046,128,1958.710465
-82.538794,165,1958.82399
-98.538017,151,1959.143877
-124.915975,164,1959.259738
-101.570883,154,1959.367105
-86.275752,162,1959.705614
-97.196356,163,1959.826109
-89.66069,175,1959.9468
-122.918999,162,1960.057469
-73.038321,165,1960.411824
-21.573025,257,1960.588733
-109.250329,156,1960.898408
-75.272858,143,1960.996925
-89.160416,184,1961.125069
-76.490234,285,1961.51597
-47.14164,204,1961.658341
-76.030713,172,1962.003631
-88.480375,182,1962.130964
-80.872719,169,1962.247825
-75.66747,276,1962.644315
-79.879781,146,1962.745365
-114.265367,166,1962.8624
-84.882894,175,1963.1983
174.72841,699,1963.898052
80.967109,467,1964.442618
-87.630531,196,1964.578768
-77.356485,330,1965.031166
-159.646645,410,1965.555367
-86.032328,186,1965.682626
-64.788667,187,1966.038012
-88.512208,166,1966.155116
-87.766478,190,1966.287534
-77.111694,155,1966.582979
-52.072155,132,1966.674706
-106.687423,174,1966.796245
251.704236,1000,1967.92373
-25.027381,245,1968.310953
-14.272569,450,1968.621035
320.520431,1000,1969.767964
-33.577272,407,1970.276754
10.045849,789,1971.275521
-93.704702,160,1971.385403
-90.447481,214,1971.533033
266.765485,1000,1972.40093
-52.973626,207,1972.635747
-59.725951,156,1972.742141
24.259799,327,1973.056547
-59.956869,479,1973.476268
-20.163649,239,1973.640164
-85.347293,127,1973.728162
-62.865969,228,1973.975749
-77.104791,235,1974.135309
-82.148958,117,1974.307354
63.173189,452,1974.616701
-168.895154,616,1975.223967
-101.803741,129,1975.313303
-180.493765,191,1975.447131
-95.726763,172,1975.657442
-54.869023,222,1975.809525
-98.300553,152,1975.913674
-62.905815,131,1976.100008
-116.208198,150,1976.204467
-10.53483,500,1976.63911
-60.052882,146,1976.740314
-55.751571,173,1976.859098
-70.176438,122,1977.035987
-84.241155,117,1977.117445
-89.719802,147,1977.220635
-79.625787,162,1977.42346
-106.693425,159,1977.532571
-116.068423,105,1977.605296
-104.88428,138,1977.701967
-47.945249,163,1977.904975
-93.086529,156,1978.012247
-5.955248,718,1978.602502
-80.610636,113,1978.771231
-87.388606,191,1978.903851
-91.194072,172,1979.022474
-106.488113,173,1979.231341
-56.492817,351,1979.472875
-75.456571,189,1979.694679
-93.804299,156,1979.802291
-77.631653,141,1979.898747
-60.690846,151,1980.099473
-110.316752,138,1980.194505
-52.846071,147,1980.295048
-116.894793,193,1980.521935
-34.165214,323,1980.744182
-124.027128,150,1980.848736
-56.748546,249,1981.112412
-79.255532,166,1981.227745
-55.783147,157,1981.426671
-54.702824,305,1982.397745
