total_episodes,mean_reward,std_reward,min_reward,max_reward,first_100_mean_reward,last_100_mean_reward,mean_episode_length,last_100_mean_episode_length
5523,48.56435062737643,125.19785461721727,-723.506059,164.598006,-196.97937234,96.14670774999999,181.1265616512765,156.21
