#{"t_start": 1789402481.690243, "env_id": "Atom-v1"}
r,l,t
-723.894163,82,2.761865
-752.990782,94,2.834581
-719.282563,82,2.898521
-745.659819,101,2.97694
-780.087007,113,3.064274
-760.432173,107,3.247667
-712.28469,95,3.321264
-743.331402,85,3.387533
-709.890323,85,3.453766
-817.162155,111,3.539711
-697.614581,84,3.697711
-722.299413,90,3.767246
-687.542668,81,3.829868
-710.49883,98,3.905296
-712.665053,89,3.973757
-695.347515,91,4.043998
-705.672029,89,4.204869
-750.491871,99,4.281495
-712.023138,103,4.361387
-717.953233,83,4.425372
-738.98061,97,4.500537
-688.482116,82,4.563748
-692.764209,90,4.726409
-709.154113,90,4.796609
-673.977267,73,4.85295
-727.755649,97,4.927749
-737.384658,88,4.995678
-701.678938,80,5.057291
-659.084814,74,5.210582
-705.44778,89,5.279871
-763.828338,114,5.370509
-763.237694,102,5.449333
-701.959753,88,5.517551
-769.864196,111,5.69874
-842.505795,140,5.807416
-741.473511,95,5.881914
-691.377239,88,5.950637
-725.517146,92,6.021704
-812.25526,133,6.219245
-689.619895,73,6.275757
-730.015924,95,6.348916
-747.307378,113,6.436345
-757.630642,101,6.514475
-713.20991,81,6.668538
-675.647819,87,6.735886
-808.4331,153,6.854017
-698.161808,79,6.915608
-736.44075,96,6.989933
-741.31075,98,7.157639
-742.802562,97,7.233216
-742.090236,101,7.3118
-681.725859,78,7.372214
-809.144299,127,7.469757
-762.23934,105,7.642621
-759.161834,108,7.72641
-811.569823,112,7.813423
-735.516234,92,7.885258
-749.116824,109,7.969797
-779.099564,108,8.147461
-809.014465,125,8.245079
-781.397606,136,8.351073
-765.075486,118,8.442496
-738.811557,108,8.618707
-798.56539,124,8.715314
-756.875468,99,8.791699
-676.193546,84,8.858912
-729.907884,83,8.923489
-778.451605,121,9.110246
-708.766205,92,9.18113
-703.370294,88,9.248955
-752.264163,109,9.333409
-678.19627,82,9.396828
-695.758437,102,9.570155
-810.636634,144,9.682701
-752.153691,118,9.773054
-726.429273,98,9.848859
-755.203266,118,9.939279
-749.445777,100,10.110116
-710.882503,92,10.181453
-701.67719,86,10.248269
-782.010839,119,10.340878
-847.073681,140,10.448477
-716.763852,90,10.611181
-770.417615,106,10.692995
-709.240385,102,10.771816
-678.999242,96,10.846829
-790.254608,126,10.946073
-707.40825,105,11.119469
-734.842056,105,11.200937
-777.730853,115,11.289247
-703.962626,98,11.365863
-777.116185,116,11.547564
-820.044465,117,11.638373
-765.786521,113,11.726796
-811.207661,134,11.829885
-856.652078,145,12.036054
-718.000986,100,12.114405
-701.697459,86,12.181299
-673.592171,101,12.259752
-927.729569,218,12.62797
-682.750392,81,12.693727
-835.752088,136,12.799737
-854.247673,157,12.922478
-746.270887,102,13.002074
-762.469189,120,13.319076
-759.365133,103,13.398431
-758.833518,103,13.478086
-842.804758,151,13.595547
-852.898375,159,13.945203
-756.408649,110,14.031493
-753.954501,106,14.114876
-774.621171,123,14.211167
-734.794887,114,14.49624
-858.422569,151,14.613084
-770.479638,133,14.716417
-685.777997,94,14.788437
-714.423863,93,14.951789
-710.482067,87,15.020205
-702.191834,90,15.09101
-790.448351,115,15.180824
-722.478958,94,15.253474
-734.022386,93,15.325597
-689.039253,93,15.489894
-791.211611,142,15.600568
-758.831267,115,15.690054
-735.970945,107,15.773961
-774.083024,122,15.961801
-706.214135,93,16.0341
-686.998613,88,16.103011
-763.782166,102,16.183002
-810.605341,135,16.288109
-790.62225,129,16.480592
-763.215018,124,16.577651
-670.373934,81,16.640325
-717.92097,80,16.702917
-783.564608,123,16.79812
-715.096922,97,16.969809
-618.396536,74,17.027799
-724.078225,83,17.093158
-877.092216,163,17.219754
-871.600011,154,17.430558
-698.221404,117,17.521213
-703.011105,78,17.581694
-991.582958,219,17.752185
-786.084973,125,17.941074
-733.323747,108,18.025255
-723.891209,103,18.105618
-723.157338,86,18.172429
-699.674285,80,18.234609
-759.771289,104,18.406607
-746.637245,112,18.493167
-719.227263,98,18.569012
-703.978305,95,18.643025
-838.99474,151,18.761036
-721.541349,98,18.92989
-769.365062,100,19.007821
-723.05565,101,19.086475
-754.017152,96,19.161249
-903.185919,174,19.508978
-727.217214,108,19.593199
-733.759257,95,19.667198
-723.220673,96,19.7414
-747.837364,94,19.81384
-847.511193,145,20.153837
-693.15816,88,20.224134
-713.722263,114,20.313447
-699.292842,103,20.394182
-688.887905,87,20.462514
-713.992071,97,20.762361
-810.921204,128,20.861756
-709.522582,108,20.946722
-713.433667,90,21.016546
-732.804277,107,21.100345
-884.499929,168,21.455677
-713.512386,91,21.526592
-755.187913,108,21.610628
-719.881361,109,21.695954
-738.839374,95,21.994068
-811.317334,144,22.106462
-677.633678,79,22.167614
-711.127107,99,22.244652
-705.000745,106,22.327397
-710.91456,94,22.627436
-699.699726,84,22.69534
-751.143424,104,22.777325
-718.131026,91,22.849239
-761.266785,105,22.932414
-715.525169,96,23.007979
-737.541247,108,23.184606
-758.212668,117,23.275289
-729.021726,114,23.363742
-875.073852,179,23.502682
-797.110013,140,23.73578
-796.486639,114,23.824847
-726.232111,109,23.910894
-819.823267,149,24.026948
-709.079481,99,24.268879
-786.128643,117,24.359609
-696.232269,94,24.432516
-750.320696,104,24.513494
-727.433813,98,24.589149
-764.052673,109,24.900554
-746.626318,101,24.979726
-821.008843,140,25.088907
-781.625204,112,25.175664
-740.780946,110,25.457036
-744.869991,113,25.545288
-803.805928,174,25.679326
-868.360688,192,26.051951
-853.023863,150,26.168471
-715.906766,109,26.253504
-926.424774,178,26.392283
-966.911938,225,26.790514
-770.52534,113,26.878676
-856.827624,185,27.023934
-800.799635,135,27.337208
-955.529669,232,27.517402
-900.81814,185,27.661293
-832.56556,147,27.998808
-784.570851,127,28.09714
-756.125688,120,28.190652
-832.35224,138,28.522411
-782.177093,139,28.630148
-833.811308,148,28.744969
-913.335989,175,28.879703
-829.456832,130,29.200728
-961.795057,290,29.427425
-784.903264,126,29.525126
-771.730725,117,29.842785
-1090.957191,374,30.13325
-1292.322322,471,30.701324
-882.39173,185,31.069139
-918.157118,227,31.245625
-880.018624,169,31.468266
-1041.00737,274,31.681454
-789.554358,127,31.779458
-1487.084648,700,32.511976
-804.037751,170,32.644274
-1096.299118,323,33.002177
-1479.55633,701,33.647361
-1037.911509,271,33.948732
-876.356508,218,34.121278
-1112.716239,402,34.526471
-951.270184,209,34.688811
-1053.042443,378,35.079784
-907.784454,177,35.219429
-1198.044688,1000,36.398574
-1141.862807,1000,37.570379
-1013.820648,1000,38.664287
-1120.806321,1000,39.637553
-1172.728753,1000,40.849005
-1300.84277,1000,42.065177
-1161.025459,1000,43.29893
-1664.388145,1000,44.510912
-1700.574185,1000,45.694921
-1668.855961,1000,46.829459
-692.379319,273,47.043328
-1154.309697,583,47.704113
-444.681511,132,48.026075
-712.46865,300,48.260441
-1192.268451,581,48.941622
-1726.96435,911,50.078066
-1864.813179,926,51.229807
-1007.975113,399,51.764828
-393.134744,109,51.849654
-1898.045597,845,52.835134
-510.39654,185,52.978103
-424.873239,129,53.07739
-820.890222,324,53.424721
-435.232823,134,53.529062
-568.812965,310,53.864077
-1612.402057,877,54.642977
-495.171317,217,54.904859
-994.269285,506,55.391774
-400.599309,159,55.517492
-754.102636,371,55.901343
-954.494825,524,56.403018
-950.97651,372,57.195513
-417.50621,126,57.292078
-949.272785,470,57.752305
-1424.909415,801,58.466999
-404.940196,140,58.666646
-419.668211,130,58.767614
-935.305881,353,59.130681
-387.438173,118,59.222439
-385.214337,129,59.322133
-661.263881,342,59.678218
-414.544441,161,59.803684
-429.998066,109,59.887259
-409.588232,169,60.110884
-546.045544,234,60.291702
-1809.161425,905,61.18005
-408.710848,116,61.270623
-399.88797,122,61.365412
-370.946562,126,61.630742
-401.396353,153,61.747814
-390.160467,158,61.869157
-390.326631,132,61.971081
-409.883019,113,62.151263
-421.080046,124,62.246383
-418.200643,223,62.418622
-648.240721,232,62.689249
-444.988828,188,62.83434
-408.854028,138,62.940154
-789.221587,371,63.423483
-416.663202,125,63.519799
-515.50178,262,63.947064
-1139.201403,570,64.481685
-602.862524,287,64.795083
-387.711091,155,64.914484
-361.161161,115,65.004777
-458.129232,221,65.265547
-404.638554,162,65.391574
-586.479405,293,65.616866
-938.120159,524,66.118799
-357.409,143,66.323128
-376.361898,124,66.419183
-372.809,161,66.542981
-1138.650178,1000,67.501028
-934.271552,572,68.035517
-819.884111,534,68.539069
-353.197084,128,68.730224
-500.382464,308,68.968874
-412.466072,169,69.277395
-365.527886,179,69.415823
-366.927596,111,69.50094
-1126.622286,837,70.332497
-567.810823,401,70.732621
-491.948977,290,70.956923
-477.310652,350,71.320283
-456.120085,297,71.551047
-644.100866,481,72.014523
-348.165883,150,72.325706
-602.367691,520,72.820211
-431.04568,271,73.029256
-721.020456,1000,74.097637
-362.351169,181,74.238387
-1036.058869,876,75.353657
-637.802724,550,76.018188
-326.918666,187,76.396363
-319.699677,140,76.504974
-610.264496,495,77.112939
-313.250023,154,77.231581
-357.427158,269,77.637627
-374.768635,161,77.761901
-374.281188,308,78.222958
-564.22335,357,78.499667
-314.588507,149,78.838176
-509.280078,355,79.111873
-383.79113,467,79.695051
-475.627904,494,80.301672
-319.869218,205,80.660889
-324.344867,159,80.787508
-291.324118,238,80.971999
-586.134219,568,81.635946
-293.877302,238,82.028911
-203.957014,213,82.19423
-301.62397,451,82.642861
-474.191837,1000,83.599722
-655.496309,592,84.151232
-253.059573,151,84.360489
-395.63121,350,84.630175
-276.894375,157,84.843469
-286.043633,171,84.975055
-627.59166,698,85.608704
-441.929561,725,86.354932
-352.195451,1000,87.340122
-279.430301,1000,88.297335
-258.691094,246,88.485969
-515.403033,830,89.314583
-346.872791,391,89.619935
-349.989871,363,90.098956
-306.441404,403,90.635976
-378.891567,357,91.138125
-248.30115,394,91.446439
-19.376681,1000,92.651836
-215.601064,218,93.042792
-188.260827,184,93.186934
-180.832003,155,93.309511
-206.654481,154,93.664474
-190.787119,181,93.806819
-148.897548,231,94.21253
-220.783933,161,94.339506
-466.676938,629,95.05344
-228.596729,165,95.181572
-193.561387,186,95.507945
-195.72988,183,95.650267
-127.746215,222,96.050637
-258.682624,137,96.158452
232.937784,1000,97.401631
-136.966904,215,97.570243
-318.185274,530,98.213174
-162.068506,221,98.603994
-258.457696,135,98.711387
-238.681437,634,99.407112
-223.294907,153,99.752829
-195.994945,152,99.88732
-179.549249,155,100.008022
-221.421151,163,100.135794
-61.770197,564,100.902751
-233.097056,152,101.02291
115.983528,1000,101.997792
-189.502756,161,102.124468
-188.450545,194,102.27644
-103.210397,204,102.527834
-120.952418,263,102.734615
-175.009616,621,103.406002
202.435126,964,104.252562
-149.839055,205,104.506166
-152.354581,181,104.648823
206.001533,1000,105.623235
-178.376581,177,105.856054
-150.764142,200,106.015695
-154.806227,148,106.132957
-166.815238,186,106.370804
-135.101978,187,106.517259
-187.223228,306,106.954142
-146.155256,200,107.110173
-83.727246,274,107.323399
-129.416254,231,107.627152
-153.400621,207,107.788975
-57.501935,294,108.116027
-157.068097,173,108.251656
-150.893161,151,108.474275
-141.49877,202,108.632642
-97.257162,218,108.804565
-79.78821,220,109.069302
60.435186,592,110.293714
128.501333,1000,111.27299
-158.583985,260,111.479201
-239.955167,159,111.8015
-52.296991,264,112.011904
-58.059515,308,112.34574
-146.051909,182,112.488591
-207.0823,162,112.615714
-193.614103,161,112.834531
-183.608665,143,112.947315
-114.57441,199,113.103659
-142.50914,212,113.363014
-53.41125,260,113.566694
-102.932117,191,113.808921
-106.867252,253,114.00807
-130.846296,201,114.258775
-172.065309,155,114.380728
-44.424229,301,114.712813
14.358108,367,115.004359
-156.233226,146,115.213135
-36.887909,241,115.403171
-167.963093,154,115.525212
-142.168239,171,115.855077
-96.580583,235,116.040034
-126.295508,193,116.193161
-193.385522,175,116.532181
-115.268642,190,116.682272
-117.189844,249,117.087843
-17.487757,432,117.625132
-183.360626,249,117.821304
-144.863623,176,117.959797
-78.015949,327,118.313029
33.842012,568,118.98783
550.849975,1000,120.094751
2.13025,264,120.508009
70.927103,469,120.974949
140.446613,496,121.36486
223.894334,605,122.149541
852.247893,1000,123.126158
29.802287,287,123.351055
-91.375848,208,123.606203
-98.726502,197,123.761268
-6.952934,227,123.937945
0.217287,244,124.324654
-7.223204,233,124.50908
1023.034291,1000,125.481088
152.534719,356,125.853012
59.868871,330,126.207515
-8.192566,270,126.41756
-30.835833,218,126.678
-78.277173,173,126.81433
649.580511,1000,127.78845
702.842013,1000,128.989871
-17.894038,259,129.193012
-34.886805,270,129.496653
197.182708,580,130.044922
28.205881,276,130.351085
-147.07555,141,130.461604
215.958897,409,130.868536
-65.490653,212,131.035498
-9.972348,281,131.346401
-120.010659,168,131.478878
7.877671,242,131.667207
-86.77316,273,131.975307
-172.031093,162,132.103032
-18.152099,263,132.398742
142.833784,404,132.805248
25.707453,235,132.987974
11.034339,224,133.161049
-40.090116,255,133.450445
-49.190548,206,133.610625
-47.869981,219,133.872626
120.296469,487,134.356789
-29.395542,230,134.535399
8.699071,226,134.800683
5.247995,392,135.108048
-80.280457,215,135.364777
-9.277016,219,135.53739
-9.841211,218,135.904353
-115.795775,148,136.019974
-8.558573,449,136.467984
-176.307363,136,136.574425
-16.270347,217,136.743373
82.334933,329,137.092135
817.898319,1000,138.062851
224.815973,406,138.474769
264.161495,553,139.137541
-56.487678,205,139.29853
108.173199,687,140.292908
1.843973,225,140.471146
-89.751277,239,140.85686
11.814291,228,141.035668
-45.1939,216,141.204495
114.422667,355,141.714353
48.431433,250,142.100781
-46.208225,198,142.257873
463.946242,916,143.426018
-5.573864,199,143.581496
-157.020693,130,143.682289
-195.632422,113,143.966496
-144.700586,137,144.074162
94.257033,304,144.404189
-95.088958,177,144.542047
-8.900135,203,144.700872
104.618821,266,145.00028
-158.685368,137,145.108305
-5.845084,216,145.280628
-170.51077,123,145.575758
-166.875998,130,145.678135
-103.755311,179,145.81914
488.327606,599,146.472399
238.675565,530,146.98156
-74.083793,182,147.12415
-140.657994,153,147.242844
-50.523089,190,147.481784
-148.629832,150,147.598953
33.329536,224,147.773617
-152.203771,131,147.964738
-93.545619,210,148.129544
116.135911,271,148.341038
-15.926964,231,148.611889
-44.142785,181,148.752032
-52.451794,201,148.998458
115.374438,274,149.212301
-149.394634,146,149.41674
289.872632,364,149.700958
96.088204,281,150.010596
63.749655,291,150.237976
-96.315935,199,150.496919
7.671929,294,150.725192
-1.448067,265,151.024672
-62.275497,210,151.191459
163.080921,421,151.615305
-52.415521,203,151.773594
3.604788,214,152.036681
13.68143,231,152.216636
89.746629,281,152.530299
121.042084,284,152.751668
957.890976,1000,153.811323
933.918862,1000,154.787199
173.424203,349,155.15254
731.323047,1000,156.130988
888.187354,1000,157.215083
458.701174,890,158.097272
373.890212,568,158.634033
948.995634,1000,159.609049
234.617067,397,159.921875
200.835554,332,160.271376
-172.618196,128,160.372142
58.274858,290,160.691761
84.169528,345,161.061522
6.157795,279,161.282747
364.573057,951,163.354725
351.00264,548,163.877713
632.825318,1000,164.850702
446.148178,634,165.440728
212.945866,383,165.835371
989.581755,1000,166.807564
80.917514,375,167.193211
55.732102,313,167.437587
633.181011,951,168.368759
-315.326925,395,168.769239
-3.326072,366,169.149427
1222.695456,1000,170.114623
905.954694,1000,171.10044
16.917662,349,171.374581
527.498279,1000,172.362295
320.357992,847,173.217001
422.329736,469,173.677613
403.51021,683,174.308481
8.55353,222,174.572933
83.380875,275,174.790933
465.488515,853,175.646696
120.66758,730,176.317651
-115.338868,150,176.435948
-86.14778,796,177.256676
-30.839806,178,177.396045
77.563755,502,177.883869
-114.046898,213,178.142369
-51.076693,228,178.321731
285.761895,800,179.138892
-42.817773,214,179.307069
152.289886,381,179.695364
37.092764,289,180.012314
175.129494,432,180.350486
643.944981,925,181.257957
1124.755638,1000,182.26549
30.240407,305,182.595885
-78.957155,195,182.748076
77.877276,255,183.039414
3.480047,261,183.246943
-37.931997,290,183.567128
178.871454,486,184.041793
-98.469433,220,184.214547
137.946989,252,184.505064
37.903544,278,184.724348
115.857529,255,185.015063
86.802024,289,185.240572
199.79209,314,185.578884
131.794906,408,185.991477
95.938348,332,186.253362
167.331014,440,186.691536
-45.306647,180,186.831822
113.801335,334,187.183287
85.876192,299,187.507676
153.131871,809,188.238343
-10.586142,226,188.507283
370.032059,524,189.014917
701.645673,1000,190.099977
-40.17738,215,190.267465
166.669102,357,190.635459
-38.693934,268,190.841976
17.072401,319,191.183707
-5.213143,232,191.363287
-23.318134,192,191.710922
-28.109191,252,191.91209
90.468504,286,192.360678
186.628713,293,192.588108
338.158436,522,193.08783
23.099419,232,193.36019
196.593699,436,193.790507
-6.714007,247,193.982131
-8.980931,186,194.218256
250.493473,438,194.556752
104.796024,237,194.832233
139.965279,261,195.035955
269.165693,380,195.426708
-69.68736,184,195.570606
-64.547014,212,195.828394
73.225752,246,196.021235
-54.464696,202,196.271904
80.194528,243,196.46121
80.7657,256,196.752681
-48.913049,198,196.907724
1200.143073,1000,197.874998
487.097322,671,198.489448
173.820429,323,198.832693
35.09883,242,199.020289
29.165612,244,199.418632
79.640839,231,199.597171
133.969692,258,199.890326
1126.206857,1000,200.849032
518.071534,693,201.47852
1333.029936,1000,202.432947
129.125477,333,202.780046
462.628958,473,203.235958
132.201624,297,203.466959
136.293478,256,203.859982
3.098446,215,204.02696
451.622547,458,204.476808
78.789669,303,204.807168
185.96962,246,204.998292
438.320688,432,205.424172
504.147198,550,205.946504
184.810683,283,206.375803
12.622207,208,206.536829
297.446832,337,207.003065
473.485967,539,207.662319
118.407122,231,207.842828
332.977969,363,208.350793
458.094251,418,208.863069
1545.765061,1000,210.097248
75.852763,239,210.28309
158.393176,309,210.746399
23.316733,219,210.91891
116.523283,263,211.349119
85.638607,259,211.549744
94.968341,270,211.959508
21.355501,206,212.11929
52.369536,239,212.544878
62.39788,225,212.722086
97.239836,239,213.75694
305.297213,498,214.351547
-5.752977,215,214.523442
467.052102,525,215.154264
-13.929425,201,215.308311
-0.209615,211,215.696103
-72.37851,160,215.821279
6.315259,207,215.982292
-82.931312,159,216.31495
55.410436,228,216.49444
141.48755,263,216.909501
66.584169,234,217.093313
115.98573,323,217.571764
1466.076533,1000,218.791019
123.830444,332,219.051642
874.557443,852,220.159453
170.690224,447,220.715167
111.55553,248,220.908815
114.074351,236,221.304049
134.767099,310,221.652865
117.961493,264,221.85841
106.977848,218,222.02986
1081.800573,1000,222.996628
67.618429,231,223.268634
340.491265,449,223.708248
187.023955,315,223.954038
198.927176,297,224.27496
120.757897,251,224.469925
182.080722,265,224.778954
14.724127,207,224.939728
111.781788,236,225.21398
1435.223953,1000,226.176756
-57.215465,148,226.291551
46.0708,216,226.458138
83.41232,219,226.721778
25.652339,208,226.882545
53.137292,212,227.138514
17.744817,172,227.271318
1285.538403,1000,228.234828
66.124813,228,228.410599
76.813974,218,228.802254
292.301937,290,229.026287
145.013185,253,229.428864
183.445622,274,229.832436
351.300297,329,230.104475
63.535446,230,230.48283
117.128936,639,231.189049
25.164058,311,231.430119
3.570419,203,231.795393
30.454036,214,231.961812
59.356553,223,232.357074
0.324194,307,232.594454
86.665473,239,233.002215
184.717204,253,233.196733
36.380743,203,233.577741
888.858938,909,234.514416
1792.093959,1000,235.74563
780.728461,1000,236.719972
10.785868,285,237.035877
364.0585,596,237.595268
162.444667,268,237.894121
155.802022,325,238.151451
1439.749017,1000,239.222373
31.224121,231,239.626574
1401.07686,1000,240.592717
77.521564,264,240.799217
83.969425,202,240.958635
95.517029,229,241.351404
603.610941,585,241.909159
-107.468865,409,242.324399
50.879535,234,242.507107
42.056787,218,242.769282
302.122404,345,243.043069
-8.416763,349,243.40825
156.624909,382,243.798267
87.309018,247,243.99273
-164.368249,313,244.331581
-47.428616,169,244.464499
406.310302,411,244.878404
429.71839,464,245.332454
748.70152,880,246.46588
779.995488,996,247.714831
51.65203,240,247.907812
83.976724,246,248.326099
343.691418,622,249.041687
-41.654527,177,249.180523
-51.380674,166,249.310693
351.818756,669,250.30017
-45.468563,198,250.454441
381.08425,394,250.988869
0.585817,215,251.15663
32.602583,280,251.613005
385.99051,544,252.253144
-75.235831,171,252.388305
63.934788,230,252.794091
625.0829,595,253.490416
-375.909746,214,253.662546
35.130887,226,254.064509
-18.095398,474,254.637228
71.62203,223,254.81387
884.542558,727,255.790827
-295.720283,240,255.985615
62.286371,227,256.165102
-170.995359,266,256.575353
425.631412,390,257.10615
157.875667,443,257.550269
54.01977,225,257.726814
-235.850775,400,258.137437
-16.909399,178,258.276819
859.71058,900,259.174452
-50.921387,195,259.329447
75.622991,222,259.594566
91.895182,346,259.870003
-4.429572,206,260.122017
154.008552,417,260.541845
5.468643,212,260.707751
756.566448,968,261.665462
54.136335,224,261.840968
145.80168,238,262.120637
67.452546,237,262.308898
568.684089,744,263.085729
175.586094,471,263.550924
-384.87902,195,263.710941
1394.74897,1000,264.688294
635.884491,905,265.595835
-236.417465,281,265.81739
1439.503628,1000,266.797905
509.140784,616,267.474346
300.173208,586,269.41319
-7.817416,252,269.612423
1262.749782,1000,270.607593
1557.374388,1000,271.596397
268.430615,728,272.275742
315.587863,407,272.867818
-200.69315,407,273.328972
1692.899131,1000,274.372596
201.874762,387,274.804377
720.80573,840,275.580728
-84.061124,162,275.810047
-233.208433,323,276.091211
235.242204,506,276.602279
318.964497,840,277.480811
189.0175,326,277.838293
1331.171241,1000,279.07598
1631.244147,1000,280.244832
826.901586,867,281.165802
592.93123,797,282.264303
-328.790367,245,282.488765
611.321114,723,283.663664
1166.734875,1000,284.97538
392.814524,402,285.30855
1563.486532,1000,286.593863
-74.283113,176,286.998255
1911.907373,1000,288.324698
92.223483,228,288.50897
59.504722,229,288.912709
190.503887,412,289.241209
1724.28187,1000,290.477757
113.032947,248,290.886359
449.759922,393,291.333197
1727.841024,1000,292.528283
-11.263216,210,292.717093
44.773843,215,292.894259
-94.873341,152,293.239814
437.152708,632,294.259255
1524.15383,1000,296.177965
620.843764,731,297.512635
1439.154983,1000,299.242103
1174.973671,1000,301.048983
50.689476,230,301.495748
59.975209,229,301.810838
1555.710881,1000,303.48787
467.2656,462,304.262883
181.524502,661,305.380524
-136.168294,279,306.157315
-136.996776,213,306.470259
-299.138099,265,307.08886
480.302853,715,308.227308
188.228481,498,309.076229
105.100301,398,309.752976
1078.51151,1000,311.436692
269.343381,487,312.306332
56.032001,497,313.301754
-95.620455,272,313.676525
-312.286123,249,314.315145
439.318385,705,315.559512
-166.554436,313,316.136458
-231.241569,288,316.526471
797.994448,795,317.888868
384.059132,529,318.876768
346.26053,569,319.795036
154.504826,420,320.59502
177.356011,449,321.350561
103.266573,488,322.241088
-13.762276,432,322.835816
-190.306045,302,323.418067
-52.348081,431,324.217502
-165.09985,363,325.017157
-34.947544,295,325.416267
219.291874,496,326.230652
403.809267,626,327.420563
255.161148,530,328.454574
-25.492702,283,329.068643
902.825729,964,330.827872
-90.15802,286,331.219069
1463.419355,1000,332.868897
154.536375,571,333.792318
-115.740908,278,334.302364
39.400364,224,334.593439
433.200004,653,335.75825
388.623945,604,336.804935
-13.846648,366,337.431821
121.335049,585,338.343861
-48.996256,396,339.022865
199.348029,290,339.414828
769.417334,841,340.836187
336.751213,341,341.307472
-161.020335,282,342.009462
61.648222,257,342.353761
1631.232809,1000,344.001008
969.736693,1000,348.469837
-176.248569,302,349.100415
599.359687,814,350.78179
238.038391,464,351.40887
1094.998076,1000,353.184721
1242.520641,1000,354.899658
1247.886061,1000,356.660169
125.596947,266,357.165147
171.485038,314,357.586999
1535.615468,1000,359.219531
996.257676,1000,360.835611
700.164027,1000,362.735147
292.711023,301,363.378383
929.973899,1000,365.012007
1382.150773,1000,366.913269
390.915214,507,367.872422
-274.993114,270,368.232471
148.52062,433,369.001044
610.425764,1000,370.767711
731.120549,1000,372.554832
1026.060414,1000,374.166753
-252.229571,437,374.887771
62.723243,538,375.740486
220.389476,877,377.386669
1223.203104,1000,379.092111
-146.631843,145,379.287778
26.824866,248,379.626983
363.715337,1000,381.288668
-121.288079,286,381.808094
37.092061,388,382.457654
-166.113729,487,383.257073
13.237788,502,384.055456
35.64936,887,385.43658
86.46195,580,386.388968
-32.849989,194,386.893191
-375.46827,278,387.258001
-199.442596,279,387.770732
-372.704972,282,388.145215
-199.228886,184,388.524254
-745.874361,987,390.179256
-435.823939,180,390.417265
-148.592818,146,390.611268
231.036004,813,391.992908
-70.354917,176,392.221631
607.394988,856,393.844052
-194.700292,121,394.004173
-78.619853,183,394.643638
-79.423827,215,394.930789
-137.646974,243,395.263905
342.987854,530,396.528951
240.61272,349,396.993416
-163.845352,642,398.151772
-74.890691,222,398.774859
-161.459382,182,399.010351
-176.42635,240,399.475123
25.753402,741,400.589717
122.423227,348,401.263257
93.419891,256,401.626708
32.496724,371,402.100494
98.891754,254,402.457521
168.493206,307,402.745262
-73.62498,341,403.192965
138.720971,310,403.475716
-1.816387,214,403.771935
-42.771439,220,403.95062
-293.767079,282,404.294069
-337.7496,256,404.499829
149.265932,299,404.877403
-458.559202,263,405.112486
-351.214506,298,405.482641
18.648974,300,405.828191
-394.218423,234,406.033776
-84.054222,150,406.157472
-127.28115,231,406.434971
213.017814,448,406.889495
22.283437,218,407.067786
-429.83001,203,407.230202
-471.84197,253,407.52591
57.516704,226,407.706411
-36.619355,442,408.157017
-85.08973,176,408.476691
-20.782062,265,408.684981
51.594258,261,409.117482
-124.303133,246,409.313676
-338.656229,225,409.714559
-340.3922,216,409.888389
-43.045679,191,410.038988
-315.377231,177,410.274137
-107.621532,138,410.384831
-398.932552,143,410.497821
-419.741261,249,410.790138
-144.065315,459,411.245086
-18.534204,189,411.394335
-22.306662,439,411.833776
105.468403,260,412.038948
375.195933,512,412.538326
35.523126,377,412.930475
-1.224031,200,413.086462
-125.223957,537,413.708938
72.737865,448,414.061879
-436.172694,166,414.285563
98.313475,225,414.463859
-42.94565,354,414.83803
-229.267048,266,415.04652
79.813866,231,415.323238
93.669991,257,415.524311
139.878347,366,415.907718
93.98386,236,416.188974
28.606774,206,416.350645
77.77903,211,416.517005
-215.205455,435,416.953393
-279.280157,281,417.269782
38.169145,205,417.431043
-54.751249,185,417.669444
101.108233,226,417.848244
19.061549,207,418.009961
21.448607,492,418.489766
-285.332878,266,418.79175
-120.250057,138,418.899328
61.002351,224,419.16856
-42.939812,187,419.314579
-82.240871,172,419.449555
94.100859,220,419.714515
108.501201,259,419.917406
164.54015,272,420.223661
464.953312,549,421.442595
24.349494,212,421.606712
-188.329733,351,421.976713
-21.99677,209,422.139733
10.86484,208,422.394067
-6.137168,210,422.556523
-8.506789,193,422.706373
20.301261,186,422.944792
-12.51647,181,423.085057
313.064091,521,423.584105
230.842715,296,424.012649
-286.299881,237,424.199462
239.075997,306,424.530315
883.762977,643,425.137544
148.90415,275,425.549503
312.650304,410,425.86929
10.779888,187,426.23908
589.691647,476,426.808482
265.978826,389,427.112175
-24.776902,190,427.486162
88.766565,219,427.65781
-122.763953,366,428.147124
-3.675856,193,428.297486
157.851753,240,428.708602
21.906357,178,428.848541
66.940389,233,429.255694
-439.500216,606,429.948908
-36.902076,387,430.458467
-44.408853,184,430.601954
-284.138633,182,430.744622
117.730206,328,431.207861
-140.287335,139,431.31723
-76.639073,330,431.780304
-147.358805,258,431.98277
352.416703,371,432.480556
-230.532907,266,432.912668
-46.121961,186,433.058389
6.774855,201,433.215168
-13.682003,201,433.577654
-23.475144,330,433.835596
68.109845,220,434.204865
177.019807,352,434.680142
49.552484,204,434.845295
93.154262,214,435.011752
127.048456,239,435.421242
43.916597,204,435.580829
110.567787,258,435.986861
139.244551,209,436.150742
56.002621,197,436.525392
32.147147,197,436.684207
192.961142,279,436.901052
71.345094,275,437.322697
163.317468,229,437.502985
-431.203535,205,437.886147
39.550765,182,438.027537
174.911041,241,438.445891
168.082112,243,438.634982
-4.629713,170,438.767476
242.040021,250,439.165334
-264.383158,194,439.316572
22.134568,176,439.678329
363.771928,364,439.96374
169.302592,231,440.348183
-59.145205,150,440.464987
52.533006,185,440.609792
6.736356,178,440.84455
61.098874,186,440.99217
199.059048,251,441.280983
-302.744564,254,441.479466
123.514118,222,441.744115
55.711297,172,441.87934
26.683273,192,442.029575
-205.362701,269,442.435482
88.901869,214,442.603924
2.485667,181,442.981712
56.746352,211,443.145795
40.422445,196,443.297348
324.865266,564,444.163552
-30.052625,329,444.422018
-88.116122,291,444.875303
121.873497,197,445.028682
-167.600233,323,445.483392
15.977597,216,445.653036
122.520887,237,446.047611
-456.145417,202,446.206424
221.918924,224,446.3813
-181.92164,208,446.766705
-35.050643,161,446.893296
75.659766,182,447.260634
110.994997,193,447.413389
54.468004,181,447.555026
55.245343,173,447.914949
22.923538,167,448.047317
169.309955,245,448.237282
84.217755,190,448.608967
-10.191348,167,448.740352
127.739449,207,448.991631
96.658823,191,449.140909
-2.063917,176,449.277049
44.745745,176,449.505768
23.576872,182,449.647161
70.164236,177,449.785176
158.026153,271,450.089216
99.985883,194,450.240167
86.924931,172,450.465104
-55.07984,138,450.573229
172.032899,250,450.768218
89.676263,197,451.028432
25.929813,164,451.156893
-26.668475,141,451.267103
81.776167,195,451.639451
36.813462,172,451.772958
40.486319,168,451.904
19.631176,165,452.257767
33.625875,166,452.387708
58.403444,163,452.515965
74.75406,179,452.747279
41.175323,196,452.899036
140.031437,244,453.090229
93.653552,178,453.42928
102.37882,261,453.634874
86.332899,196,453.879433
128.588406,223,454.058552
154.565716,211,454.316303
159.50449,239,454.504271
-583.323474,189,454.652742
71.701839,189,454.89193
76.706004,206,455.053196
64.769903,186,455.290487
140.929685,239,455.47748
52.243662,205,455.636714
81.04136,200,455.884975
123.907897,221,456.062239
75.76368,186,456.300676
86.402227,184,456.445172
35.916354,170,456.579043
164.068355,261,456.878671
46.201328,171,457.014166
171.615422,225,457.280881
121.841415,214,457.447435
147.027897,250,457.643705
75.151503,200,457.890839
68.584967,184,458.037128
121.220639,208,458.292385
137.92526,240,458.480868
143.620342,230,458.856786
7.312161,174,458.993783
136.383002,223,459.17059
-33.76133,164,459.391608
55.313862,198,459.546508
153.562925,223,459.72126
180.103162,236,459.998375
164.409881,220,460.170679
250.590332,267,460.470186
196.376016,250,460.666644
103.287164,197,460.914399
163.900778,233,461.099994
59.840245,216,461.360587
160.760515,236,461.547404
82.599613,211,461.712876
-30.019217,164,461.935485
68.863606,190,462.084637
72.436105,194,462.328872
116.907509,210,462.493285
210.095805,225,462.675262
83.980356,190,462.920843
98.388386,207,463.083815
37.692372,171,463.413393
113.994611,235,463.598933
27.046177,177,463.738181
-24.698458,164,464.09606
-34.809324,168,464.229278
60.734649,196,464.383665
79.722327,204,464.769951
78.231372,201,464.928766
57.457446,196,465.306418
-62.324564,143,465.419275
174.461897,247,465.613287
61.400711,191,465.997545
35.181974,185,466.143837
130.093128,201,466.30098
220.512463,262,466.602274
-13.765845,168,466.734906
7.036957,174,466.962117
51.497228,196,467.116153
161.067089,215,467.284337
4.157393,171,467.511606
55.397651,181,467.65565
99.288565,195,467.808691
216.680834,267,468.109771
48.60322,194,468.267611
221.699902,269,468.56986
279.764884,444,469.009982
274.923515,299,469.245645
171.903685,246,469.53173
254.98587,271,469.743063
149.46959,268,470.04364
60.667045,186,470.189688
37.521964,350,470.555897
280.550634,319,470.89881
294.493984,313,471.145617
220.844309,295,471.469261
-352.211695,283,471.689346
-439.798763,205,471.941475
-137.734156,310,472.184699
-405.637348,265,472.62132
-449.319107,183,472.764408
-341.306845,140,472.8746
87.809135,237,473.286302
-523.169343,291,473.512877
-154.557521,505,474.133248
89.676055,195,474.512838
284.24217,266,474.718843
104.368904,198,475.077597
-264.632487,221,475.250766
4.55221,236,475.633795
183.109954,453,477.039359
116.068076,215,477.207857
131.398296,215,477.378086
-460.096151,171,477.695876
-13.47949,363,477.980387
107.627312,197,478.361938
-227.069846,313,478.607202
-117.04187,311,479.07555
-178.572371,290,479.525958
115.600534,206,479.687902
141.155562,214,479.857006
147.238329,214,480.225567
1.056291,199,480.381927
147.879204,241,480.799783
59.809252,196,480.954088
53.793594,189,481.105883
429.132895,479,481.722437
-318.554724,248,482.139475
144.545647,381,482.662215
-527.990713,201,482.820543
366.790769,512,483.444829
-143.582056,371,483.962427
183.093116,460,484.548744
-349.519908,261,484.751179
-558.631571,195,485.121427
-485.467755,244,485.318783
409.037615,457,485.900965
-525.703779,191,486.053038
122.954119,225,486.454214
-544.927326,211,486.619335
489.68046,528,487.233263
285.898266,362,487.714707
-343.170156,195,487.866439
8.677612,292,488.326732
366.641089,331,488.585685
-403.700946,236,488.992846
-154.942229,326,489.451199
64.321221,210,489.61625
60.867109,187,489.763022
61.435932,195,490.140337
-460.203933,207,490.302602
188.681405,281,490.747724
931.126342,985,491.94043
69.873303,189,492.086483
654.712955,606,492.781764
103.409782,214,493.119408
86.705136,221,493.296548
-219.337386,307,493.760073
-402.753556,198,493.914627
43.338446,237,494.101384
-408.762592,152,494.443887
15.776996,200,494.59956
585.654353,628,495.294734
-148.338587,271,495.733466
55.31871,187,495.879906
192.547189,305,496.214746
21.557999,174,496.351373
-238.487306,213,496.610258
73.856656,288,496.837213
108.172953,219,497.102156
-17.152182,213,497.269283
-334.651942,194,497.421968
-301.112043,138,497.62169
-245.369579,383,497.921983
32.208139,220,498.199974
105.907105,312,498.44647
33.233686,198,498.692818
-131.011946,234,498.876679
-114.722177,395,499.277761
302.98474,269,499.580557
115.65953,272,499.793993
458.062096,340,500.150779
148.637405,235,500.336583
59.402785,308,500.670527
134.835771,365,501.049067
-40.186727,319,501.301749
56.33751,195,501.550417
-190.762665,272,501.763669
99.996879,265,502.066199
-195.110033,341,502.333031
234.027085,294,502.654456
236.928809,287,502.880526
-20.126349,173,503.108043
53.142185,497,503.589036
175.671305,278,503.806458
-291.074195,225,504.07426
-33.55923,254,504.273354
-295.080952,216,504.536177
-404.284722,188,504.6836
-238.565853,306,505.020019
-95.752612,525,505.523105
73.961445,219,505.693734
-486.868615,197,505.847966
-434.316028,217,506.112756
-291.45524,141,506.222816
-417.565926,163,506.350752
-93.943301,222,506.616855
-351.157373,265,506.826715
-126.618425,289,507.1483
-14.697867,359,507.551435
-230.127582,403,507.868818
99.125247,444,508.36346
429.188695,531,508.997635
16.22692,203,509.342462
-65.581737,258,509.5446
116.054303,222,509.944852
-491.881052,148,510.060394
-105.183727,341,510.529589
2.727228,194,510.681855
1.34158,204,510.842577
-17.160075,487,511.449795
-82.956068,385,511.97807
-394.071582,242,512.391704
18.079533,227,512.569701
-539.054424,202,512.726706
-27.801225,190,513.082629
-334.124534,374,513.3763
23.771745,199,513.767795
106.192694,358,514.265035
439.805437,562,514.931915
-348.184342,577,515.610226
-414.364771,187,515.756923
-333.388203,136,515.863395
-300.478106,298,516.332586
-28.226959,251,516.754091
-37.626416,200,516.911799
30.009489,189,517.062733
-76.616852,251,517.479803
-263.83719,326,517.735793
74.16967,315,518.220757
-378.333221,251,518.638527
-292.25806,470,519.015131
-396.645678,178,519.376607
18.869786,189,519.525233
-368.353565,225,519.794513
236.636585,277,520.013446
68.89237,233,520.288418
-28.392872,256,520.491953
-114.049895,274,520.797263
-167.784694,245,520.99047
-280.209323,440,521.428702
-771.557061,751,522.220412
-35.551434,277,522.65314
-454.365775,158,522.77625
-365.237092,185,523.011294
-284.007367,181,523.156698
87.468462,263,523.361794
-213.895931,175,523.722057
23.447389,215,523.891734
52.280212,372,524.408523
114.638868,387,524.934789
218.877924,300,525.170714
-119.085744,232,525.578462
-151.914541,256,525.778316
-34.356875,243,526.205132
-238.345387,236,526.388455
-28.116282,202,526.638583
86.248227,673,527.258308
0.585117,196,527.412077
-524.181747,170,527.636726
-383.893254,169,527.77324
-275.758923,163,527.90135
155.28946,351,528.397812
-297.411205,147,528.513177
6.734576,222,528.778234
-84.489821,384,529.079063
-332.838219,217,529.444044
-312.205154,220,529.616262
-330.340387,278,530.029663
159.492196,345,530.505595
84.741241,278,530.73883
11.72,267,531.218894
-91.467046,217,531.405481
36.618141,309,531.761347
-161.929131,239,531.950495
54.239171,209,532.126701
90.714612,343,532.497188
-20.110378,220,533.731459
-37.848549,353,534.012012
19.193924,226,534.401468
-290.332642,179,534.546309
-453.541243,137,534.67474
-362.487548,303,535.034168
31.704539,204,535.197512
-24.952568,199,535.447771
-352.718862,253,535.686833
194.106378,444,536.408149
-179.062221,368,537.090853
23.607763,186,537.360124
-303.645975,421,538.061682
-30.481635,193,538.30831
37.125231,311,538.857825
-407.475865,195,539.110684
152.952158,378,539.759612
-241.045981,431,540.48065
100.735234,274,540.840352
-335.278728,175,541.228289
-262.149823,579,542.131863
-250.179431,352,542.733221
3.429039,231,543.05353
-185.016384,233,543.715718
151.207192,269,544.048145
10.772202,187,544.280561
27.08224,207,544.719026
5.071069,231,545.012931
54.697144,217,545.457741
-48.880768,144,545.646784
2.791214,240,545.955943
-17.453226,202,546.606841
-105.740241,159,546.813249
-75.391517,133,546.991913
54.290897,190,547.409326
-46.042022,142,547.588946
-76.866755,127,547.750024
35.102079,189,548.136024
-6.551948,185,548.370075
61.236178,197,548.626906
-69.649325,135,548.945886
-107.084497,137,549.133431
-5.209659,205,549.402809
-126.017385,172,549.771422
-121.029666,180,550.003526
14.760713,244,550.460839
-43.023639,190,550.713025
-481.165745,182,550.951506
-82.050175,171,551.373465
25.619133,180,551.620271
-115.07066,124,551.783249
3.23976,232,552.277145
-49.256941,163,552.492914
11.338029,232,552.801803
-133.601291,160,553.158661
-101.226488,130,553.329324
-81.482883,122,553.490169
-80.777998,176,554.021555
-116.927656,131,554.195341
-4.62599,218,554.472906
-0.673391,195,554.885535
76.439201,201,555.146274
-44.51964,187,555.384273
-139.288471,158,555.942793
-54.579489,174,556.17181
-130.396693,162,556.386451
-104.665541,123,556.706416
-112.059689,115,556.851538
-61.656298,127,557.013924
-107.369595,137,557.192963
-91.821641,170,557.544036
-475.615193,166,557.752872
-77.635748,174,557.971945
-93.331468,128,558.288725
-302.215637,267,558.641077
-22.918338,189,558.908077
25.711397,189,559.294728
-483.061901,164,559.504547
2.1833,243,559.963913
-60.58102,169,560.201766
4.386094,187,560.443765
-129.628796,164,560.804741
-66.874417,179,561.037055
-142.690896,232,561.339685
-25.755417,216,561.787685
-58.814346,210,562.064218
42.141769,184,562.447849
-33.092935,174,562.680086
-11.622678,188,562.920547
54.387058,205,563.331623
-69.374457,170,563.560755
-29.627399,192,563.816718
-74.284927,142,564.147486
-71.280233,122,564.312521
-64.138215,132,564.486106
-60.446825,136,564.658394
-54.75205,195,565.066074
-80.533766,137,565.247096
-102.563364,133,565.437865
8.735153,199,565.983626
-84.007645,131,566.150381
0.121504,177,566.371481
11.228212,179,566.764178
44.586407,195,567.014515
2.070115,181,567.250495
-126.240297,128,567.558199
-34.37757,184,567.803982
225.815935,278,568.312137
-40.664078,130,568.484458
59.367432,207,568.779681
-18.823618,203,569.202776
29.533599,184,569.452826
-95.378946,155,569.659075
-36.752537,137,569.987589
-51.48647,202,570.251159
261.103965,273,570.741468
26.985403,186,570.990912
-35.297058,140,571.176484
-72.623642,188,571.562723
-70.559645,162,571.788482
-97.691469,131,571.957757
-70.133211,231,572.400034
-47.896297,128,572.569844
22.429897,184,572.826747
-26.699226,145,573.022831
-89.829021,137,573.350062
42.091217,187,573.606186
-48.986117,126,573.780634
12.299988,202,574.191189
-47.185564,175,574.4311
-88.93937,152,574.628633
-111.039882,157,574.985765
27.506092,187,575.246245
26.391397,186,575.501362
-85.781985,132,575.823669
-80.661562,139,576.020358
-57.189068,168,576.243051
-87.731744,144,576.716928
-45.172202,186,576.969491
-107.777241,127,577.136092
-111.330416,157,577.343799
13.113492,181,577.731892
-52.70406,141,577.917212
-93.246456,132,578.087969
-68.831319,144,578.55733
-122.915868,127,578.723627
-49.503774,188,578.969427
-13.484274,187,579.586457
-141.256274,136,579.753785
-6.242071,211,580.026306
-24.160497,188,580.403425
-32.996942,135,580.526601
-76.278712,142,580.655775
44.529603,207,580.976841
-33.320971,173,581.143666
-116.136931,134,581.270217
-93.380875,131,581.394047
-406.528941,270,581.777171
62.742169,213,581.96913
-79.583054,119,582.185007
93.996795,269,582.411052
13.944586,197,582.676488
-140.106207,148,582.803149
-36.176237,177,582.959282
-12.884312,208,583.245308
-34.811155,204,583.427381
49.63162,266,583.657781
9.343358,189,583.910398
-52.614037,136,584.022385
-69.515539,184,584.16833
-117.193087,154,584.391215
34.135985,191,584.541725
-33.748973,179,584.695632
-12.409768,184,584.950042
-55.37186,133,585.057515
27.165801,187,585.20665
-25.216059,128,585.403446
-68.628105,145,585.518832
-49.13105,179,585.660919
-135.476426,155,585.877986
-26.533753,131,585.98199
-69.384291,131,586.084304
-33.024329,175,586.322419
14.775894,201,586.485121
-159.230329,133,586.589377
-62.711815,130,586.690809
-112.025658,157,586.910945
-21.580866,190,587.061441
25.922211,223,587.332637
-32.198643,191,587.483575
-59.230623,130,587.586954
-3.009953,193,587.832585
-119.512691,163,587.962856
34.075992,190,588.113444
-30.702861,177,588.347197
1.12896,188,588.496863
3.827096,182,588.640506
5.419401,188,588.882968
97.609024,188,589.031873
172.458723,258,589.330646
-65.343043,176,589.470459
-50.357,193,589.620899
-9.076722,218,589.884848
-65.868588,132,589.988612
14.6071,251,590.185205
-125.470067,160,590.405482
-75.633284,129,590.506886
-81.411191,122,590.602338
154.877744,283,590.917707
-71.858048,141,591.030492
-2.870949,188,591.177907
265.64528,369,591.562397
-9.301497,178,591.701731
-95.303739,134,591.906856
93.17382,206,592.071045
-80.319884,132,592.174628
122.458985,224,592.44396
-111.666941,169,592.576988
-30.631768,194,592.821378
120.582076,302,593.058297
-88.334544,151,593.176773
40.360377,227,593.448787
-95.597171,160,593.574559
-76.897426,163,593.798349
87.651315,225,593.977462
25.756143,193,594.129248
-213.01092,235,594.408577
-6.468086,174,594.543447
164.268989,267,594.846582
127.807021,246,595.044857
109.352356,211,595.303904
-342.123583,383,595.605543
149.323152,396,596.012529
-60.328791,179,596.153843
-103.095304,215,596.432417
655.572879,639,597.033749
704.280423,1000,598.010198
262.697489,418,598.437714
179.574847,267,598.649225
82.238199,225,598.922721
106.11442,234,599.111329
139.374094,206,599.367291
-56.423214,258,599.571348
393.865202,361,600.055398
42.728107,302,600.294428
279.741733,270,600.725633
38.545844,231,600.912197
-856.124668,655,601.858869
280.517543,545,603.502417
-153.463758,268,603.712089
435.43534,488,604.303102
-30.264902,275,604.746516
-50.123743,297,604.983677
-61.647728,1000,605.969024
-176.753357,249,606.260433
-439.070094,194,606.415242
46.985064,391,606.821948
-94.745034,305,607.158533
-1045.307105,896,607.969106
-367.264849,217,608.233268
30.074341,340,608.504106
-275.314033,513,609.005765
10.744968,420,609.43148
-139.465103,431,609.870162
-957.074179,741,610.64872
-216.263816,320,610.917067
-895.227875,939,611.853747
-22.192306,196,612.008943
-206.108853,308,612.346877
-1123.315883,785,613.161349
-219.731355,254,613.365494
-115.439775,360,613.743457
-579.952015,381,614.04862
-489.058616,140,614.254512
-70.482134,573,614.804254
86.876437,389,615.20698
-546.309948,776,615.92335
-339.226468,317,616.269379
131.161388,1000,617.271833
-391.286252,125,617.370418
23.834511,206,617.534642
355.198051,982,618.502004
-597.101204,201,618.754169
391.588171,481,619.232181
-253.72518,283,619.454636
128.225212,366,619.839119
302.681299,703,620.490738
256.351055,368,620.874059
-356.933409,122,620.971238
-443.294462,1000,621.969218
-408.9912,143,622.083554
-546.800224,139,622.286003
-380.916037,203,622.447852
-555.562619,199,622.605719
-73.556509,332,622.961935
-408.561696,215,623.223682
15.973054,371,623.517255
-231.631241,359,623.896271
24.162369,356,624.276994
242.439808,541,624.800199
-471.271253,124,624.898095
-468.560597,171,625.033518
-493.709687,184,625.273763
150.423357,344,625.547323
-519.31249,177,625.782842
295.344964,523,626.293674
-505.751903,803,627.030788
-438.895001,218,627.297564
-89.350076,345,627.570785
-548.838314,158,627.791602
-188.252069,298,628.02754
659.582556,801,629.083252
-319.317156,213,629.250682
-119.696032,206,629.638835
101.35506,563,630.316665
3.384446,409,630.864738
-481.754733,158,630.991674
-170.098934,296,631.225503
-363.805932,290,631.67868
204.558393,505,632.28232
-320.402764,321,632.753682
198.863441,495,633.34581
-173.416362,295,633.582743
-546.965894,178,633.726669
-244.007214,236,634.115054
-433.156543,681,634.860306
-584.031376,583,635.553137
16.081391,496,636.175731
752.485942,577,637.054883
168.509684,995,638.090596
-344.481101,852,639.205449
-31.10073,207,639.463408
145.496565,263,639.673375
356.93595,424,640.1027
-80.498538,157,640.228806
266.758625,486,640.708927
-133.046085,206,640.966184
446.636885,503,641.470337
185.423433,459,641.835091
217.470584,356,642.212442
-186.110657,282,642.529231
-50.035548,509,643.024124
132.198051,278,643.246677
3.991304,731,644.015987
334.612111,325,644.274242
198.276307,387,644.672783
-189.099335,901,645.573097
-517.291691,862,646.350415
55.199661,207,646.633494
-398.094577,806,647.395276
-135.299962,481,647.998844
286.559503,539,648.65011
-167.816779,454,649.232631
308.978687,815,650.323486
-211.869584,778,651.165874
-182.281156,543,651.797796
120.731987,432,652.345853
-467.589202,706,653.355353
25.323972,210,653.520833
-280.394247,609,654.207271
-219.024518,659,655.164685
250.334668,393,655.4749
59.702821,292,655.908201
97.35401,357,656.400648
182.036786,380,658.897335
-35.91727,315,659.370176
249.865548,423,659.90772
-33.252371,305,660.151139
316.296351,1000,661.404609
216.714354,579,662.085764
127.999599,459,662.65176
-167.290054,519,663.267417
102.533675,328,663.732878
-518.92022,726,664.531241
-278.773022,539,665.401013
210.958413,1000,666.392477
-255.640912,901,667.568515
-242.975229,564,668.216655
-104.128126,329,668.699691
-226.430433,371,669.216855
-81.984629,217,669.390083
4.451099,475,669.989557
96.740857,439,670.557793
350.07933,742,671.372781
81.365031,383,671.88222
-34.332989,314,672.355902
-31.22581,240,672.547809
210.755954,362,673.044279
293.57078,664,673.799256
77.281494,410,674.351535
-261.588123,305,674.819282
361.881941,908,675.633722
-435.062339,252,675.926928
-33.4002,344,676.295816
-425.477121,339,676.564208
-357.515573,360,676.944599
221.460514,1000,677.93077
-328.192861,351,678.301899
381.224489,777,679.0144
322.961535,1000,679.992497
-486.185615,272,680.299918
-124.610465,283,680.523377
-373.604123,249,680.813232
-419.369842,325,681.072021
-355.838633,299,681.533235
245.610549,1000,682.622747
-368.738177,285,682.848309
-151.806927,371,683.232632
131.415402,547,683.886581
-76.273673,444,684.328383
-159.311414,413,684.865256
182.532486,565,685.513119
164.813252,656,686.12312
-67.396212,519,686.731287
-181.736811,411,687.279359
-163.5178,362,687.787508
-5.956506,407,688.108081
-621.328158,183,688.455928
-258.091555,334,688.71933
525.010782,733,689.737761
266.98261,835,690.827805
-546.625888,186,690.974532
346.071176,676,691.733292
-579.034544,259,692.14208
-635.81506,197,692.297321
-259.095847,289,692.750581
-547.630538,178,692.891135
247.782065,778,693.930579
-3.589796,572,694.620187
532.911084,1000,695.854047
-215.25078,541,696.510273
-583.180769,307,696.752813
53.490123,546,697.410171
-328.63371,435,697.962047
-264.544374,299,698.42202
-552.205246,171,698.556944
-689.015269,192,698.709079
-268.583848,360,699.218224
-638.572996,203,699.610242
-508.818206,309,699.856039
-621.557239,201,700.236595
-341.495862,320,700.487327
-649.010169,339,700.979919
-335.576984,389,701.485256
-576.588693,176,701.623443
484.409252,786,702.477119
38.080768,402,703.00814
-211.104304,402,703.526524
-6.811841,523,704.029586
46.799141,1000,705.003228
301.715966,748,705.688553
-394.428969,264,705.991649
-362.538698,974,706.948004
146.41746,430,707.382049
35.095846,509,707.886225
275.670951,572,708.428838
453.823534,670,709.047678
-323.712362,696,709.78547
-175.885085,420,710.115711
-306.231514,418,710.537566
-220.460611,238,710.819904
246.277071,913,711.6417
-551.655168,213,711.902372
77.356142,405,712.317238
109.287018,259,712.52473
476.04977,1000,713.513728
-193.031149,348,713.880777
-146.281852,343,714.151805
-499.301594,202,714.404405
-375.150101,285,715.931226
-52.456356,293,716.26071
414.763906,647,716.874911
-23.574558,400,717.284235
-156.822766,382,717.680855
-27.257066,374,717.979332
682.999894,855,718.915871
144.549537,451,719.372709
-73.750361,390,719.774267
76.184416,542,720.294575
466.910048,685,720.927538
582.120719,559,721.469801
181.4664,306,721.805886
-16.415056,176,721.944592
-17.65302,251,722.235955
667.483638,590,722.795816
-32.620535,238,722.985555
345.3247,403,723.398122
234.409555,288,723.721146
-100.411444,210,723.888972
35.701432,239,724.172532
187.82799,486,724.64831
-315.55146,352,724.927483
544.126017,946,725.865026
21.789516,657,726.477037
160.794344,312,726.818713
872.096271,1000,727.799096
123.982533,296,728.031863
18.378764,241,728.31875
1272.617131,1000,729.296989
-377.768592,284,729.52045
634.379106,713,730.381897
607.738891,993,731.486873
391.19887,405,731.901677
468.115771,696,732.550431
-485.481153,279,732.769698
-103.210516,493,733.252375
-116.352952,403,733.662744
-245.28219,324,734.00958
561.874718,842,734.767283
1171.816378,1000,735.84948
102.394693,526,736.358823
228.52451,287,736.680371
783.566299,686,737.322988
535.706574,699,738.063143
-47.694226,171,738.20039
44.672466,248,738.491682
534.034819,569,739.038964
97.400574,240,739.231544
-0.517422,469,739.698498
-61.704863,206,739.862898
97.519069,254,740.156938
240.516021,295,740.485497
141.537677,257,740.690077
89.70474,218,740.864172
-66.484421,172,741.106983
42.025891,245,741.302487
489.827264,513,741.805079
5.315579,205,742.062072
33.806055,187,742.212309
798.509509,715,742.878209
231.92075,307,743.215609
308.559837,372,743.607849
9.943242,222,743.783646
315.351296,314,744.129064
632.263078,530,744.640602
94.558027,344,745.004933
232.60583,269,745.219754
9.211945,219,745.392994
139.813363,272,745.701634
144.340756,317,746.140903
43.72519,232,746.324857
-26.149213,181,746.468211
198.668474,312,746.808094
49.915456,219,746.983921
135.262297,297,747.311849
180.916655,358,747.689574
7.880703,238,747.878658
-122.294134,160,748.098793
496.442031,422,748.436374
392.930993,468,748.900598
52.760584,238,749.182454
56.014672,271,749.398219
219.219933,313,749.73867
-4.210002,237,749.928802
99.002654,253,750.222385
66.536832,237,750.409729
178.630259,267,750.830534
280.493293,313,751.081943
188.016926,303,751.415604
59.632273,243,751.607115
428.223733,461,752.06554
117.608382,257,752.361886
108.847587,256,752.565696
-400.214039,197,752.81502
255.319028,326,753.075205
147.546464,265,753.377516
5.334746,210,753.543742
413.440206,346,753.913414
55.312235,213,754.082795
109.178234,231,754.362139
-539.020746,260,754.566889
62.467894,233,754.8464
269.910619,294,755.082613
170.165875,259,755.381233
195.400758,267,755.593075
138.048208,320,755.943078
286.472725,305,756.280648
357.044229,345,756.556068
46.444499,233,756.832604
257.773508,299,757.071433
-91.592642,307,757.407356
-6.782696,213,757.576274
111.649146,362,757.9557
601.15595,733,758.717775
143.493543,275,758.936553
-524.637285,169,759.070898
-156.716285,493,759.549466
66.461796,228,759.822597
252.576912,314,760.072103
527.386631,544,760.598259
29.316315,198,760.847906
385.552285,359,761.228521
321.242852,338,761.497535
486.606024,601,762.067258
297.988127,336,762.425296
433.109665,502,762.916383
140.632511,273,763.226071
-64.203085,285,763.450763
89.351427,256,763.745564
481.322957,536,764.261513
-492.547022,182,764.405865
6.674003,215,764.576408
123.705596,836,766.87012
-104.496996,368,767.304308
-438.548143,149,767.434407
-483.607922,228,767.730781
-548.006942,167,767.86555
227.506995,387,768.278493
-422.278048,145,768.398762
168.527478,274,768.618362
-475.452126,172,768.865484
40.891629,307,769.11361
-404.863363,248,769.50036
-156.697626,1000,770.528032
323.798503,555,771.069658
-309.139433,914,772.35798
59.580675,259,772.582464
65.208352,238,772.980545
246.47136,381,773.499817
170.315202,285,774.050152
-118.557737,309,774.698849
33.81746,210,774.987149
55.017037,255,775.327959
-431.871522,206,775.95086
603.057742,687,777.037765
-121.520916,377,777.774264
223.859799,336,778.376994
104.730355,264,778.736941
162.454899,277,779.254798
87.222197,272,779.623903
-213.955545,190,780.014434
-454.305207,158,780.230223
100.502821,462,781.005131
108.443164,277,781.376784
327.274773,353,782.005667
87.434779,287,782.541112
231.279717,532,783.415975
342.016846,402,783.970116
-464.348771,189,784.389383
-59.923752,201,784.667307
-211.878057,353,785.529797
-143.978949,238,785.886749
63.699574,209,786.340663
-491.782147,160,786.567101
-337.662389,298,787.117177
-466.156826,152,787.327749
-457.179822,146,787.524117
-96.531227,205,787.946142
525.114004,668,788.996162
-1066.616348,997,790.678092
63.23628,249,791.041983
12.890547,229,791.521302
167.871587,291,791.929827
-180.737358,283,792.632015
197.166573,263,793.010631
-269.099795,204,793.597489
-72.796455,247,793.921566
-100.092339,180,794.326753
-168.897252,205,794.599084
-29.802466,174,794.832017
114.170222,249,795.323046
-354.056611,188,795.562688
-277.718662,203,795.985733
134.704982,250,796.320436
196.560975,275,796.831972
354.506071,346,797.322169
318.367612,433,798.066854
-322.958047,195,798.467239
247.429235,299,798.874674
87.700919,204,799.295656
3.877631,296,799.706604
-162.519909,473,800.502061
-79.718968,195,800.771735
-284.900932,149,801.256236
21.350177,197,801.524914
12.209015,233,802.00004
-381.456152,181,802.245966
211.062794,397,802.952238
86.224976,413,803.513076
204.461834,267,804.034483
-299.776021,129,804.20881
-314.695358,149,804.633701
-409.072342,151,804.840493
95.868749,313,805.279268
216.027915,345,806.029078
-354.410221,149,806.232429
-254.078457,136,806.683584
-121.537562,357,807.181388
-71.72311,289,807.85997
-297.59224,268,808.225138
2.979548,173,808.761609
-142.47743,204,809.033649
-446.770744,168,809.406554
-339.834195,187,809.660002
135.141018,266,810.028806
95.720114,285,810.602972
56.657551,194,810.869576
39.724587,253,811.511571
191.817263,277,811.898861
119.768798,239,812.400568
-234.455793,160,812.620105
-199.694398,311,813.315031
-129.492035,306,813.724813
-43.338827,394,814.416147
-443.352519,165,814.64391
145.202118,225,815.086345
37.425196,240,815.405979
38.077747,226,815.854871
-78.262812,232,816.180353
-99.364026,276,816.713424
-275.998206,143,816.905389
-4.123301,136,817.085604
188.212536,272,817.601047
-278.749794,165,817.818443
-165.29872,190,818.214718
-340.620213,155,818.426095
44.902465,186,818.678534
121.122152,201,819.108689
-56.24406,206,819.416209
-29.298339,169,819.68546
-274.049289,141,820.028114
33.897123,241,820.392001
78.670363,184,820.657271
137.057511,302,821.270102
64.336271,229,821.714285
108.150962,183,821.969457
-309.993016,163,822.189848
-7.809138,173,822.564026
21.803124,178,822.809751
240.174637,267,823.170422
67.420615,216,823.612667
-68.774913,357,824.235931
68.850907,172,824.486379
-58.113884,159,824.711957
1.011413,137,824.927739
184.467834,268,825.450341
5.334122,172,825.688766
-331.4661,155,826.064236
30.436319,169,826.297798
50.308156,216,826.58802
50.311129,215,827.033304
-8.585767,133,827.235975
73.979953,227,827.543959
89.79021,181,828.007566
53.208081,198,828.289121
140.491229,283,828.823545
83.835483,199,829.126832
136.210708,249,829.673947
-206.697739,350,830.172703
-190.44748,317,830.857873
-104.904485,327,831.470171
198.167493,464,832.115167
31.158832,413,832.88787
-210.038964,370,833.593489
-154.38613,272,834.122217
86.711592,305,834.543135
-386.615967,191,834.948466
-430.244579,155,835.158234
-16.482033,231,835.47141
-102.100681,363,836.099131
276.171605,337,836.695828
-275.356247,226,837.005998
-134.533662,253,837.491742
65.685915,205,837.769615
-21.046096,131,837.947104
13.834281,221,838.392206
60.025411,232,838.711345
37.660134,195,838.975007
-341.471064,260,839.463811
2.346238,234,839.78502
-13.191549,303,840.336762
40.155154,186,840.593354
63.413765,189,841.031841
17.034404,248,841.372279
-6.220401,218,841.816619
172.795776,277,842.187776
-151.102556,220,842.625735
-131.185321,271,842.977025
-446.61247,239,843.30672
217.389989,339,843.633781
267.740073,521,844.252588
109.126183,356,844.67556
411.693748,524,845.205574
107.193597,365,845.595191
157.823737,360,845.909851
-78.381479,334,846.32612
-190.278172,264,846.642801
-279.338042,206,846.804601
-412.151579,275,847.136079
-164.514315,340,848.729883
41.056547,409,849.146605
515.96044,592,849.707791
190.977844,967,850.863734
247.29509,388,851.395564
167.43729,484,852.005681
-405.298662,160,852.132725
60.189378,409,852.681274
-379.310298,260,852.888754
-157.254056,528,853.517785
-439.039518,269,853.952179
-156.24507,274,854.38754
-150.967234,251,854.583437
-155.382849,230,854.763195
-306.165747,251,855.054606
-283.397336,326,855.407207
-242.212608,257,855.609922
455.899104,523,856.13325
57.501629,294,856.461213
100.819372,252,856.661835
104.679157,285,857.10794
-348.943543,209,857.271618
-212.847075,209,857.661438
84.044033,360,857.947302
-361.619079,181,858.313754
156.337815,402,858.630999
-482.335703,700,859.618823
-138.459356,487,860.203754
323.637049,619,860.891173
-435.631863,137,860.999704
-149.530049,363,861.512027
-343.195667,346,862.012123
-302.554519,293,862.245838
-181.07059,225,862.647502
-247.218523,300,862.885315
-301.391869,246,863.263608
-61.769111,366,863.555031
-470.497764,198,863.809507
-380.559094,213,863.9788
-452.829641,182,864.211673
-54.865907,365,864.498732
-516.075345,201,864.751212
-317.450161,151,864.870625
-194.264726,312,865.21328
-183.571532,295,865.448749
-500.866873,192,865.600205
-15.953459,371,865.98945
-439.881726,153,866.109691
-450.500224,206,866.362657
-520.160099,190,866.512629
171.426501,479,866.982327
-266.026793,216,867.248996
-467.561862,185,867.393514
-297.691286,370,867.782144
-556.469022,203,867.943278
-497.024188,190,868.091554
-182.192225,403,868.500869
261.141741,468,869.053753
222.356027,437,869.598211
-532.624792,188,869.745286
-114.702206,485,870.343002
273.440639,425,870.911143
240.25754,453,871.487508
131.545375,344,872.002219
-437.897573,388,872.30788
-452.453493,230,872.714849
-516.77168,140,872.825799
-198.695377,295,873.234073
266.12605,495,873.85391
216.665899,515,874.46377
152.508794,516,875.102726
8.358017,449,875.687373
44.636232,300,875.929288
-470.946191,213,876.30865
-605.209754,201,876.46847
-84.65163,162,876.598603
59.686235,286,876.99303
-544.30849,189,877.142126
-46.34833,312,877.592582
-441.603334,289,877.823783
162.791887,540,878.660347
37.185261,299,878.906149
-56.882132,184,879.051583
-404.880282,340,879.548933
210.22135,368,880.047765
4.00606,407,880.587045
-184.412154,575,881.254503
85.632085,385,881.760875
-527.155527,192,881.91687
112.392705,371,882.411395
89.629726,598,883.132004
469.282069,833,884.086462
191.287523,347,884.454847
72.643702,256,884.856053
-218.662316,309,885.102342
601.577539,1000,886.095433
-12.508746,189,886.340216
-13.305652,266,886.556863
2.443107,345,887.045805
28.899991,274,887.265908
-438.708424,520,887.776031
174.017539,378,888.170051
-22.370157,305,888.51013
-97.202821,305,888.756694
-388.202593,367,889.143555
247.426723,422,889.576009
74.936197,373,889.879401
-120.295655,183,890.117131
-380.733178,224,890.294169
-58.474526,257,890.590564
143.392493,475,891.065984
28.36848,342,891.33866
-72.013462,274,891.653027
31.86024,375,892.055679
81.476008,451,892.421837
-451.937884,333,892.788583
-114.034252,270,893.100265
-113.836615,177,893.242466
-70.443682,486,893.835753
-18.538491,220,894.013098
-8.190603,475,894.568767
41.771098,332,894.92928
4.887103,423,895.36073
-105.808896,219,895.537503
-168.49078,120,895.634434
-394.249236,255,895.930072
-216.693874,140,896.04363
62.634057,373,896.438721
-122.269563,149,896.558781
25.377848,352,896.933616
-400.477781,386,897.333816
-147.524626,159,897.461548
57.824128,278,897.779687
-68.395468,188,897.931257
-112.906305,148,898.051161
-134.037389,175,898.283346
-166.503918,616,898.870302
-118.04247,256,899.076521
-168.059463,118,899.171571
-183.212896,120,899.36142
-347.00342,264,899.571827
-66.670597,291,899.899219
76.114302,301,900.144309
-96.307078,229,900.423734
-148.461245,144,900.540354
-58.562994,249,900.833362
-61.908556,191,900.987095
-111.468291,120,901.084546
-142.945325,123,901.183467
-66.080865,178,901.4179
-52.280064,198,901.578412
-146.692963,121,901.675485
-166.365475,118,901.860914
-94.912765,256,902.066626
-140.129739,313,902.409734
34.561888,203,902.573066
-53.113061,189,902.817084
-18.722522,299,903.0581
-7.138736,267,904.165703
-137.429188,198,904.323434
-55.257262,407,904.739604
-165.865693,155,904.86382
353.106379,491,905.347699
-31.9655,198,905.507549
-21.856652,292,905.834141
29.97403,199,905.99545
-97.536435,236,906.27632
-135.593714,123,906.375117
-175.185124,169,906.510132
33.520951,425,906.94427
-112.612602,220,907.213148
34.761844,372,907.512122
-149.980697,118,907.725587
-35.570332,189,907.87711
-314.462525,231,908.061504
-24.971879,233,908.339763
-118.880709,121,908.436425
-25.688432,258,908.734791
-90.153274,228,908.917824
-513.418234,183,909.062784
-84.146849,314,909.404798
-343.613798,284,909.724771
-199.844489,116,909.816831
-171.033173,117,909.911893
-56.389602,188,910.062903
-94.41065,241,910.349613
-9.898752,219,910.525003
32.442453,217,910.790413
-156.4716,150,910.910632
-40.358388,192,911.065773
-212.270297,291,911.389072
-543.628344,592,911.955848
-289.643132,128,912.058049
-12.13039,307,912.396822
-433.843576,228,912.578454
-600.908795,181,912.812117
-220.33737,299,913.04841
-102.889962,174,913.278491
105.858763,710,913.934686
-118.413201,164,914.066345
-286.91569,280,914.381048
-121.416707,141,914.495094
-548.212822,158,914.71237
-227.856416,395,915.02934
-380.139579,223,915.299455
-408.622055,276,915.518832
22.286399,294,915.853399
10.76179,307,916.19565
-372.976355,203,916.357383
-564.875413,275,916.576081
-535.925305,177,916.80864
-594.929142,204,916.973269
-294.627216,296,917.30429
135.224381,431,917.741968
-632.983969,192,917.895066
-378.927729,281,918.213498
2.139197,260,918.422995
-78.806306,176,918.563015
-198.749955,303,918.901155
409.104892,1000,919.896006
-111.56105,151,920.017887
-118.20884,214,920.399491
-453.248324,515,920.905464
-107.720018,274,921.123917
-262.255246,514,921.628199
7.300418,229,921.90511
-516.15941,147,922.02398
228.015025,456,922.484609
-433.76277,219,922.659373
-284.754073,693,923.401646
-171.519788,120,923.49792
211.211176,652,924.11484
-399.675586,255,924.409669
-100.589454,754,925.114425
18.997855,281,925.434042
-346.994234,306,925.677224
-108.585189,117,925.771549
-134.425534,224,926.044394
-137.448141,147,926.162788
34.026505,297,926.493758
-118.115597,137,926.604205
-145.130246,215,926.777575
11.448732,233,927.058702
-147.872124,153,927.182756
-123.299477,123,927.282394
1.720424,507,927.781224
-74.959808,241,928.06914
-306.17729,448,928.523152
-38.974531,203,928.686736
-102.635948,153,928.811522
-230.294779,529,929.427575
186.354509,395,929.744262
-546.991494,183,929.985734
-348.948423,239,930.176217
-308.372796,276,930.499609
-84.784009,229,930.683363
-269.928926,271,930.993931
-415.635666,422,931.33408
-7.741235,187,931.578014
-47.902748,159,931.707048
-313.323362,311,932.049853
-443.066281,252,932.249969
282.505385,357,932.629242
-438.671491,260,932.834809
-144.1851,320,933.181479
-512.088071,170,933.316179
346.815413,531,933.849705
-82.102261,121,934.042903
33.171922,301,934.285422
-119.063416,147,934.508623
-115.52852,168,934.644268
-261.678915,218,934.818383
-8.393099,444,935.283331
84.843932,414,935.708685
-84.443538,128,935.812373
-22.191391,195,936.067514
-405.084592,355,936.3511
-81.425356,129,936.547931
-116.91145,158,936.67505
-144.082785,148,936.797214
7.912075,228,937.076339
-116.194642,124,937.176172
-167.790164,146,937.294641
-95.155351,146,937.415416
66.341802,259,937.716269
-38.03916,207,937.883882
-258.990491,288,938.207491
-42.453679,219,938.38415
27.285643,201,938.639792
-78.445887,212,938.809538
-88.964013,160,938.938894
-118.957484,165,939.169884
-45.051764,303,939.411273
64.009597,332,939.770088
-19.157364,218,939.94616
-116.411937,149,940.159638
-146.470081,271,940.374819
3.012155,242,940.665063
-14.158746,326,940.925063
-106.436686,208,941.186992
107.550031,206,941.35377
-81.143667,151,941.482275
5.468254,200,941.737592
-302.576776,195,941.89205
-15.220073,278,942.20668
-400.278084,213,942.374768
-77.470076,138,942.488334
21.795759,201,942.743325
-101.537259,156,942.868373
5.660665,241,943.154721
-409.649919,138,943.265063
28.623492,227,943.448951
-267.262408,147,943.658016
-106.703906,152,943.781402
-110.585656,165,943.913996
28.319342,237,944.196894
-70.725787,141,944.310931
-307.389457,260,944.515457
-7.804121,204,944.770937
-203.547127,271,944.986854
-39.677372,247,945.277017
-212.206902,194,945.428942
-33.171255,219,945.696695
-314.379294,141,945.807482
-99.898549,161,945.937142
-222.531799,294,946.266128
82.057737,297,946.505758
4.438298,289,946.828001
-44.469443,187,946.977329
-71.781511,181,947.212429
5.56736,181,947.35928
-203.541076,131,947.462007
-92.019294,141,947.667854
-94.851067,136,947.778258
-284.51728,172,947.914315
-13.659728,247,948.204778
77.013639,197,948.363052
27.856961,205,948.527306
-74.559363,123,948.719374
167.667766,358,949.007234
6.815347,308,949.341442
-391.134954,147,949.4573
-100.123752,165,949.681515
-176.23671,138,949.790289
-53.000365,221,949.968132
-98.341873,131,950.168121
-9.890491,218,950.349357
-67.986986,124,950.450827
-104.250031,198,950.702355
-243.254515,148,950.818597
-402.443275,135,950.924845
-261.889552,136,951.034844
-113.526139,159,951.361073
-253.572635,337,951.630787
-475.516616,193,951.873424
-280.527229,303,952.116033
-134.965966,252,952.407347
-267.180181,171,952.540832
139.169872,357,952.920202
-147.976855,163,953.051917
-76.210299,171,953.280873
-383.939987,141,953.391494
-194.105183,152,954.54642
-19.306402,202,954.798917
-373.126052,149,954.916944
203.22543,273,955.137769
-357.388343,205,955.393173
-77.019204,135,955.502692
-62.977093,123,955.601769
-544.554102,248,955.889192
-61.872834,122,955.98889
35.140269,242,956.179699
179.708567,351,956.553952
-35.049439,138,956.665843
-68.305146,134,956.865337
169.255875,275,957.088202
-141.745135,171,957.318374
-194.331375,146,957.436566
-279.979718,141,957.549022
-286.444406,173,957.688139
38.127938,192,957.93414
-13.317529,204,958.097983
-564.280896,188,958.337962
-27.941517,219,958.513565
89.666521,189,958.665219
-92.727333,174,958.891775
-561.490105,173,959.028039
-3.391567,223,959.207503
-87.345743,208,959.465186
40.881835,199,959.625296
-30.569517,146,959.834661
-546.991135,175,959.97265
-260.783294,165,960.103371
-357.990295,160,960.320497
-321.300399,137,960.429417
-78.540159,216,960.60333
-4.193516,190,960.849448
-69.34715,248,961.045983
125.66026,269,961.349843
-533.093357,187,961.497061
-197.085617,206,961.662993
-162.773297,155,961.879932
-134.058736,163,962.011906
6.095253,218,962.188873
-98.750994,195,962.436174
-182.315382,159,962.563712
-67.771809,221,962.833573
-245.683737,131,962.936588
68.603689,199,963.095948
-84.4358,217,963.363055
-153.924635,331,963.625409
-88.804307,175,963.857631
-57.590348,203,964.020382
-121.683176,195,964.174591
-315.000571,153,964.387524
-310.663007,267,964.600059
9.507243,279,964.988096
-583.696863,382,965.292357
-106.051942,233,965.569419
-152.533436,179,965.713425
-101.805349,182,965.951591
-150.956873,142,966.064848
-281.708631,224,966.244243
-227.574227,156,966.459619
-3.570718,178,966.59869
-294.713034,125,966.696497
-322.292324,194,967.057754
-111.776387,166,967.191089
-228.918203,281,967.638722
-261.323913,260,967.859549
-394.118045,154,967.981568
-216.286889,151,968.324983
-29.230842,210,968.492823
-527.12909,293,968.951389
-430.567932,126,969.051469
-394.486085,120,969.146497
-82.105574,219,969.546481
-15.667638,222,969.727328
-177.443307,139,969.836174
-176.250192,300,970.297894
-290.94423,187,970.44718
-192.100022,131,970.550841
-134.826679,221,970.955959
-490.273279,160,971.08282
-164.211816,200,971.472193
-675.403414,193,971.625329
-25.09116,236,971.814607
89.139409,283,972.26698
31.781252,210,972.437477
-16.69353,218,972.815771
-66.941278,148,972.936019
-71.050996,173,973.074398
-88.156711,199,973.455793
41.697115,203,973.619765
118.150059,200,974.006006
43.942285,199,974.166092
-109.14904,217,974.340173
-51.264465,178,974.706505
39.96569,209,974.877025
12.913591,249,975.302092
-48.237745,174,975.44092
-420.231027,187,975.588517
-363.447849,159,975.918041
-11.24474,199,976.080098
-94.957958,289,976.547518
-378.870053,131,976.651158
48.20002,253,976.852266
-51.829347,128,977.157207
-472.594974,215,977.329235
-434.347036,147,977.449043
-291.453007,142,977.788376
29.580589,217,977.968864
91.290759,203,978.131679
-404.189544,213,978.537683
-242.364907,179,978.681276
-218.084187,145,978.796324
-453.503569,220,979.179093
-345.736443,146,979.295262
-336.659843,122,979.392195
-389.644291,176,979.757689
-456.328975,191,979.909171
-421.871594,142,980.021673
-148.359584,284,980.474998
-293.542531,214,980.64433
-395.626002,161,981.008708
-191.816317,375,981.309311
-302.2995,116,981.63527
-233.437087,120,981.729928
-232.698581,251,981.929503
-111.761531,233,982.331638
-33.520118,307,982.573153
-76.031631,217,982.837404
-429.624199,149,982.955514
-40.857981,230,983.228675
-325.304803,170,983.363362
-319.320624,146,983.47965
-393.790681,213,983.739152
-41.553528,190,983.891522
-281.943514,131,983.994325
-219.149895,190,984.235394
-488.800684,210,984.401275
-340.584714,129,984.504707
-587.168989,182,984.766447
-330.273518,201,984.936862
-146.624728,160,985.082028
-248.597356,152,985.408748
-439.779866,180,985.56678
-205.938483,176,985.724661
-74.178308,180,985.958933
-284.256525,145,986.074311
-25.065836,240,986.287887
45.808458,236,986.568538
-354.713081,215,986.738433
-186.505039,211,986.997705
-142.924363,297,987.233917
-249.673785,306,987.569154
-25.782245,230,987.753487
-361.542745,149,987.963402
-278.02512,173,988.098805
-598.63359,187,988.246793
-419.004865,282,988.560539
-0.776796,182,988.704149
-387.846447,288,989.022153
222.886767,359,989.399662
-403.347635,147,989.514996
-485.385672,184,989.658139
-556.05973,183,989.892676
81.747082,357,990.178957
-571.970547,198,990.559857
-436.858223,188,990.708852
-148.136681,231,990.893807
-372.063023,148,991.22659
-352.603761,157,991.349591
-390.307621,174,991.486374
-460.759378,198,991.84697
-163.741628,224,992.024775
-420.648896,129,992.12604
-377.950952,213,992.519647
-214.000062,285,992.744339
65.693705,205,993.133757
-296.919167,123,993.230203
-62.512777,152,993.353884
-101.818572,229,993.742734
-75.952698,148,993.862757
-92.323009,179,994.003188
-361.423077,201,994.385828
-449.493488,130,994.488525
-40.492206,273,994.92556
-286.602779,114,995.013596
-91.773938,190,995.163904
-591.902169,446,995.72374
-255.494542,180,995.865125
-245.71155,205,996.262091
-0.932407,232,996.446332
-79.75389,289,996.880421
-245.074074,129,996.98323
-115.425136,186,997.132143
-321.644365,121,997.445405
-264.260197,124,997.544032
17.607594,243,997.738158
60.757115,342,998.212481
-343.985927,117,998.303473
-294.524705,154,998.66106
-344.040069,128,998.761857
-182.265513,119,998.856001
-288.435941,124,998.953149
-137.992498,291,999.405675
-269.351306,117,999.497354
-377.389647,125,999.596392
-429.108439,172,999.928554
-375.277711,142,1000.042154
-102.742295,131,1000.145608
-291.772193,156,1000.491737
-275.948861,133,1000.596586
-216.210068,137,1000.705278
-235.759669,130,1000.808306
-145.857952,164,1001.141144
94.154617,222,1001.31635
-200.638995,126,1001.415131
-12.797785,213,1001.79143
-242.634396,205,1001.957347
-65.951361,187,1002.332314
-98.910779,186,1002.480141
-383.047726,124,1002.577685
-310.386977,111,1002.664785
-46.158856,198,1003.047908
-406.755906,127,1003.148236
-245.162838,116,1003.238953
-218.325279,196,1003.62756
-242.952018,151,1003.748152
-177.125829,274,1003.965825
-392.614931,124,1004.266943
-370.621107,149,1004.385142
-106.212885,272,1004.601278
-282.159166,130,1004.908648
-199.444956,254,1005.10765
-411.56555,124,1005.205635
-211.972275,120,1005.391531
-326.023232,114,1005.480716
-269.817739,120,1005.57423
-455.768541,127,1005.674559
-393.29337,122,1005.862622
-521.970531,173,1005.999706
-67.314883,217,1006.174654
-19.864198,294,1006.502009
-204.94948,124,1006.599723
-547.179592,149,1006.808393
-326.296119,130,1006.911698
-155.573058,121,1007.007257
-95.57373,356,1007.382352
-321.248211,156,1007.504349
-19.323005,190,1007.65605
-254.425178,128,1007.848563
-346.145525,111,1007.934875
-371.810886,124,1008.033074
-253.628845,220,1008.299446
-320.13599,137,1008.408264
-352.20907,133,1008.512535
-199.347847,119,1008.605742
-185.964054,269,1008.912823
-458.949641,356,1009.286776
-638.695544,193,1009.43867
-183.595439,307,1009.679228
-410.622944,172,1010.441377
-384.896215,128,1010.542011
-275.927316,143,1010.65431
-306.356357,148,1010.982988
-545.746154,132,1011.087386
-428.4853,146,1011.203068
-248.467492,136,1011.313916
-449.015648,155,1011.52893
-206.261927,280,1011.753422
-448.965035,308,1012.090899
-283.068871,118,1012.183901
-237.317291,169,1012.318054
-495.084289,292,1012.642226
-205.722559,267,1012.946566
-397.276856,144,1013.059438
-377.433426,155,1013.18063
-382.32656,251,1013.469141
-81.854827,163,1013.59715
-306.007723,142,1013.7095
43.041484,294,1014.031754
-413.178633,121,1014.12732
-229.020363,116,1014.2185
-560.504453,201,1014.46845
-44.729044,236,1014.656414
-335.799723,236,1014.935114
-360.326223,137,1015.043893
-328.878363,146,1015.159051
-387.539372,142,1015.271588
-571.991817,192,1015.514454
-531.67816,171,1015.648487
-134.659022,178,1015.790351
-110.940988,164,1016.014154
-431.398602,148,1016.130985
-193.978015,141,1016.242193
-399.96597,131,1016.44152
-483.733458,174,1016.57775
-6.915061,217,1016.749787
14.460623,193,1016.995011
-401.126412,131,1017.098529
-502.784899,180,1017.239084
-351.232209,136,1017.438173
-426.4684,160,1017.563844
54.223344,232,1017.748224
-404.969381,181,1017.982142
-109.432177,340,1018.253419
-381.730557,173,1018.48233
-450.010498,145,1018.596504
-29.890033,292,1018.92056
4.305145,244,1019.113792
-61.666218,171,1019.248671
-24.549886,191,1019.493845
-463.955051,138,1019.602959
-461.322493,211,1019.768765
-144.102931,351,1020.13652
-279.378354,234,1020.413049
-403.970789,219,1020.585282
-154.485743,180,1020.727873
-293.03159,211,1020.988053
-608.94332,190,1021.138665
-395.269903,123,1021.235807
-545.417535,199,1021.484058
-318.792853,348,1021.757563
-311.37601,166,1021.980561
23.995362,212,1022.149243
-363.946266,278,1022.460802
35.341527,190,1022.611753
-438.013488,148,1022.727485
-149.398876,240,1023.011006
-84.351759,215,1023.182378
-482.080445,205,1023.449795
-517.507647,295,1023.683043
-506.123392,164,1023.904445
63.838771,247,1024.098522
65.935144,285,1024.418415
-508.81474,227,1024.59736
-479.520397,216,1024.767484
-130.237532,165,1024.989647
-45.933222,194,1025.144814
-549.84098,158,1025.359529
-518.837161,205,1025.521192
-34.201012,284,1025.744915
-293.310738,389,1026.143641
-152.929295,112,1026.2326
138.260916,195,1026.480604
-447.836077,157,1026.606429
-13.990906,363,1026.990134
-440.720091,148,1027.108282
-449.184149,162,1027.236107
19.275039,202,1027.490492
114.897416,312,1027.73988
30.369969,207,1027.996166
-498.186022,147,1028.11196
84.640386,198,1028.360486
39.559027,272,1028.575929
93.39612,195,1028.731483
-580.943571,192,1028.971878
37.422959,201,1029.131168
-387.926627,228,1029.39993
-473.816588,136,1029.50698
-570.670458,186,1029.652859
-66.723729,255,1029.944263
108.314172,235,1030.131214
94.239222,196,1030.379018
-83.156335,121,1030.475279
-136.864464,125,1030.575557
-115.171362,237,1030.853425
-546.967205,184,1030.999176
-491.574055,215,1031.169736
-148.662657,125,1031.359858
-520.825697,196,1031.512652
-70.594604,127,1031.613508
-156.666154,120,1031.708394
141.432732,281,1032.022855
-495.835796,154,1032.14378
-149.149591,144,1032.351047
-590.890907,165,1032.480118
-297.72207,332,1032.833418
49.582746,251,1033.031138
-26.518898,185,1033.177197
-85.115857,122,1033.367988
182.011994,299,1033.60487
10.780744,230,1033.877673
-89.638012,156,1034.00101
-475.03025,232,1034.182496
-20.701217,199,1034.441212
-113.938147,129,1034.544331
-24.211,168,1034.677692
29.401841,287,1035.00022
-635.489733,190,1035.148729
43.001567,213,1035.411131
-559.052267,167,1035.542512
-141.76629,256,1035.836921
-507.979886,215,1036.006622
-459.009094,141,1036.117689
-481.220753,194,1036.36022
18.119077,194,1036.516186
-76.516469,158,1036.64176
-537.788569,178,1036.87188
90.580777,212,1037.042901
-1.668306,303,1037.375928
-410.582695,241,1037.566446
-139.306524,113,1037.655717
178.549365,382,1038.048459
36.188607,290,1038.377811
-100.749546,134,1038.484563
-65.760637,191,1038.635164
-621.648688,197,1039.014031
124.333641,324,1039.27206
-441.801854,190,1039.644837
-84.074179,128,1039.748127
58.616909,446,1040.193386
-74.757073,149,1040.312294
-45.440439,275,1040.619276
28.134256,190,1040.770272
-133.58717,131,1040.874692
47.194689,203,1041.140985
-533.453413,163,1041.268345
-502.790907,183,1041.411858
14.525544,216,1041.804421
8.703614,216,1041.977463
-82.292673,209,1042.235452
-8.387528,231,1042.42033
86.938025,297,1042.749019
-319.340518,189,1042.896838
-69.537054,241,1043.085823
-97.175682,159,1043.304643
150.595983,338,1043.57279
-543.371122,193,1043.814064
-131.613737,130,1043.918039
-138.101933,177,1044.064377
-127.355437,184,1044.30069
-137.342504,174,1044.438518
-52.061717,168,1044.571423
-142.597602,150,1044.783456
-109.914815,253,1044.982955
-160.35842,199,1045.23236
-119.739115,225,1045.411894
-149.088276,160,1045.538934
-143.578266,138,1045.748514
-93.893242,139,1045.860612
-296.394497,170,1045.994331
-137.567408,232,1046.402984
-36.011616,177,1046.543929
-490.663021,272,1046.95408
-83.321599,185,1047.101907
-41.174236,161,1047.228838
-471.642309,192,1047.470909
56.155141,522,1047.976926
-420.230458,224,1048.153163
-167.865264,161,1048.280611
180.599118,492,1048.763228
-462.194032,230,1049.03721
-116.469841,236,1049.224597
-475.774709,306,1049.558892
-212.068777,374,1049.943765
-357.434797,283,1050.167116
-491.10491,253,1050.458246
57.117241,242,1050.64977
-87.440369,246,1051.052775
-122.039107,180,1051.196423
-295.574422,410,1051.716963
-40.546808,231,1051.9017
-267.003826,321,1052.247726
-75.737538,165,1052.378126
-75.172349,136,1052.48736
-364.042983,391,1052.88833
-452.188826,254,1053.179306
-347.022833,359,1053.459201
-377.091572,205,1053.842489
-75.957473,229,1054.022272
-242.654172,435,1054.563844
-311.3739,498,1055.048063
-525.804094,156,1055.170735
-496.292207,131,1055.367817
118.903157,408,1055.687631
-88.238783,268,1055.989878
18.364756,243,1056.182011
-533.191819,256,1056.47383
-431.698785,207,1056.634904
-561.920406,180,1056.868522
-493.351436,183,1057.011736
-42.882355,362,1057.388907
-109.425584,136,1057.497967
-465.913302,128,1057.598024
-73.507192,232,1057.876205
-70.107087,144,1057.992188
-407.156738,217,1058.161847
-434.825987,286,1058.478458
-561.391322,167,1058.608886
-540.764515,146,1058.816185
145.71996,386,1059.121566
-122.742602,188,1059.360911
-57.699007,180,1059.503743
-511.50796,169,1059.635725
-531.977784,224,1059.905794
-566.080967,215,1060.074999
-135.065407,142,1060.989852
-88.621105,143,1061.104617
-500.096623,163,1061.232549
-524.260407,148,1061.347996
-465.808051,242,1061.628823
-19.542069,248,1061.825235
-23.853461,288,1062.144447
-303.787577,287,1062.376692
-540.849518,138,1062.576959
-114.143208,173,1062.715866
-496.368998,127,1062.81522
-253.40197,408,1063.233074
-136.024495,166,1063.364949
-517.229871,264,1063.665051
-51.271159,319,1064.013139
-52.493005,322,1064.26703
-472.451961,229,1064.538651
-36.221695,330,1064.801282
-123.981596,166,1065.03839
113.640667,354,1065.321149
-122.292423,144,1065.530455
116.071524,447,1065.886146
-304.959222,255,1066.180652
-69.907989,248,1066.378034
-541.97526,143,1066.583046
-145.872753,136,1066.693076
-364.678158,217,1066.864234
-239.378844,188,1067.207864
-491.359606,175,1067.344771
-521.462899,129,1067.446766
-442.690901,251,1067.735471
-14.261729,202,1067.898953
-121.454973,200,1068.154129
-130.689213,164,1068.286911
-10.455801,324,1068.636792
-525.193093,131,1068.73928
-373.863161,202,1068.897896
-72.039936,220,1069.164635
-61.662683,241,1069.357506
-71.935885,183,1069.596325
0.556064,206,1069.760441
-124.731503,238,1069.948748
-143.796846,149,1070.160707
-517.531385,242,1070.350773
-41.057376,283,1070.66668
76.959847,274,1070.884508
-593.879441,143,1071.092191
-148.837058,166,1071.228597
-463.452949,167,1071.359542
-515.27674,286,1071.677212
4.215738,214,1071.851109
43.09919,312,1072.191128
-500.678517,212,1072.358324
-418.138288,181,1072.595533
-30.073219,215,1072.768888
-343.872151,170,1072.90209
-568.151656,164,1073.123954
-56.61453,219,1073.300273
-572.839656,140,1073.410604
-559.358011,152,1073.62309
-555.722662,173,1073.758426
-80.353301,176,1073.899449
53.297066,272,1074.209149
2.835438,235,1074.395206
-94.008618,237,1074.678568
-80.955241,202,1074.841071
-38.625805,217,1075.106917
-108.893055,159,1075.234017
-154.470796,135,1075.344099
-325.61188,215,1075.606763
-76.722644,215,1075.778067
45.545012,218,1075.952239
-57.282684,201,1076.208349
-67.252564,212,1076.376672
-15.297674,294,1076.705978
7.271702,211,1076.876343
-142.503744,202,1077.131651
-660.913784,216,1077.303157
-455.026407,255,1077.596811
-722.778211,148,1077.71332
-123.520224,281,1077.939341
-32.631415,208,1078.198412
-378.575281,240,1078.387687
-74.01117,160,1078.610595
-12.488255,238,1078.803433
-110.396501,141,1078.918181
-80.956944,124,1079.11204
-79.193746,156,1079.238048
-125.711006,163,1079.369348
-161.359113,165,1079.503371
-112.569895,189,1079.74487
-68.253195,135,1079.852419
-91.95681,127,1079.952918
-85.743158,213,1080.216742
-64.826989,200,1080.376308
-135.020778,167,1080.512131
-51.435986,128,1080.709323
-88.65821,187,1080.858798
2.705294,340,1081.225604
92.873791,209,1081.39305
-54.913097,304,1081.729482
-53.393177,133,1081.836499
11.138073,311,1082.179418
-48.432648,133,1082.28664
-10.974476,245,1082.480536
-40.114794,133,1082.681959
-127.736486,138,1082.793844
-139.940174,169,1082.929919
-85.642424,222,1083.202973
-151.064703,161,1083.331603
-62.290159,144,1083.448191
180.67612,327,1083.807538
-2.111693,179,1083.949705
13.341898,318,1084.293375
-6.108157,198,1084.452173
48.301166,255,1084.775766
-64.768667,137,1084.887614
-71.944867,166,1085.019283
-55.09839,145,1085.227048
-77.942745,177,1085.370239
-58.098922,134,1085.479662
0.185238,190,1085.722595
-109.345284,158,1085.849115
45.704805,203,1086.013518
-66.983092,353,1086.38661
-47.574398,192,1086.539447
-45.868214,151,1086.753998
-61.019493,135,1086.863883
64.249197,208,1087.033694
-38.074009,137,1087.235642
-31.50976,175,1087.37741
12.58526,204,1087.546343
-110.745153,155,1087.764172
-125.859495,163,1087.897143
-99.076838,157,1088.02253
47.723273,211,1088.285122
28.027219,221,1088.462205
-96.57717,154,1088.584871
-73.845209,198,1088.832895
-26.569741,190,1088.984344
-110.780122,145,1089.102662
-33.50503,136,1089.30371
-23.467803,135,1089.412855
-47.954947,129,1089.516896
-62.614953,161,1089.737732
-92.75705,137,1089.847664
77.473165,216,1090.024088
81.203707,225,1090.295902
-30.230105,137,1090.406917
75.876162,225,1090.587983
85.468488,278,1090.90119
-43.620114,125,1091.003547
-82.789784,134,1091.11159
-59.542275,140,1091.422468
-108.444667,150,1091.544214
-40.745286,135,1091.653404
-50.328672,127,1091.980471
-74.24901,133,1092.088177
-118.737936,163,1092.217942
34.230182,183,1092.365717
-37.16458,135,1092.698815
-49.834035,133,1092.805174
-589.909894,234,1092.988587
18.446547,239,1093.413034
-94.483692,163,1093.542429
-41.323031,135,1093.650955
-85.423364,172,1093.999596
-67.187845,132,1094.105461
-51.957379,134,1094.21312
-37.996126,242,1094.621475
-55.290451,162,1094.749932
-34.925148,134,1094.85818
-97.736288,320,1095.205307
-106.758801,171,1095.341391
-481.118609,291,1095.666764
-49.203988,130,1095.770945
-43.606208,142,1095.886423
-333.236877,284,1096.221438
-498.220139,356,1096.59588
-87.742664,149,1096.714838
-20.633727,138,1096.826379
-89.519433,123,1097.01524
-522.867634,184,1097.160849
-68.68464,115,1097.252797
-455.875998,169,1097.386196
-498.65343,179,1097.619019
-424.865438,286,1097.843822
17.785661,207,1098.102268
-52.804586,269,1098.315259
-31.974727,125,1098.416381
-35.416356,137,1098.619139
-516.626035,159,1098.747198
-8.924697,284,1099.062653
-556.618212,156,1099.186004
146.190319,408,1099.599139
-78.351003,163,1099.72891
20.071862,384,1100.127626
-54.619416,188,1100.276222
-69.931717,172,1100.503661
-51.493521,135,1100.611984
-248.612435,240,1100.80113
-7.533741,186,1101.040293
119.218452,274,1101.259535
-52.465534,175,1101.398128
36.832083,224,1101.669011
-27.528707,147,1101.789305
-35.466129,130,1101.893654
-496.467711,236,1102.171408
-60.623653,146,1102.288652
-337.701894,207,1102.546174
-19.191827,130,1102.651285
28.725166,179,1102.797099
-35.756593,139,1102.907781
-24.405361,126,1103.100678
-65.506098,123,1103.200297
-85.055868,119,1103.295219
-361.039862,315,1103.63938
50.515964,194,1103.794825
-105.077778,161,1104.027543
-353.500209,230,1104.211733
-42.893323,140,1104.323503
36.631616,192,1104.6747
-37.426107,129,1104.778774
-67.401332,128,1104.882146
-45.331762,176,1105.022051
-53.836121,183,1105.38829
-352.527932,420,1105.941965
-85.974347,130,1106.046512
-88.377301,154,1106.171432
-11.442707,246,1106.568193
16.80741,412,1106.897629
-7.788318,127,1107.201792
-25.971362,182,1107.347245
-47.352548,127,1107.450287
-62.844968,155,1107.809266
-42.482457,177,1107.950414
45.665874,273,1108.36147
-67.326984,168,1108.504887
6.912698,194,1108.661119
50.775874,203,1109.047423
-69.829919,140,1109.16044
45.48364,200,1109.325829
-40.097082,161,1109.655667
-21.845654,135,1109.765158
131.957155,303,1110.011518
-8.912072,171,1110.368828
-45.491964,132,1110.47458
-6.079823,181,1110.619954
-144.981744,353,1111.137717
-52.440189,147,1111.254489
-24.424001,129,1111.586691
-36.679867,168,1111.722046
-79.826547,156,1111.849284
-46.889182,130,1112.156284
-51.915468,158,1112.289298
-104.711597,149,1113.376751
-48.705096,165,1113.508502
-22.462005,138,1113.843616
-86.903454,140,1113.9576
-27.419221,183,1114.104319
-68.129642,151,1114.437344
-36.47082,153,1114.561541
-72.415993,164,1114.694512
-26.732936,138,1115.004627
-57.979592,134,1115.11884
12.205972,208,1115.286982
-42.461246,147,1115.406232
-30.521643,134,1115.738435
44.639869,211,1115.908728
-18.076419,134,1116.019783
-58.825654,170,1116.360142
-33.568748,127,1116.462301
-14.602967,137,1116.574248
-17.270506,188,1116.96203
-22.585534,135,1117.072771
-353.560175,285,1117.300441
-33.823038,134,1117.617191
-26.820576,172,1117.756151
-31.289723,182,1117.900898
48.064148,234,1118.295611
-64.576613,150,1118.416011
-16.459983,179,1118.561386
-441.193812,274,1118.988887
46.981921,226,1119.171252
-83.818012,139,1119.505217
-44.234637,130,1119.609776
-16.686279,126,1119.711963
-17.540283,131,1119.817454
-421.25827,324,1120.28275
16.597567,226,1120.688352
232.89363,285,1120.918723
-51.639402,175,1121.060777
-85.859566,144,1121.405089
-72.968626,173,1121.542622
33.467786,210,1121.709935
-52.968926,119,1122.01503
-46.711697,128,1122.118934
-453.58861,243,1122.312363
-42.233782,135,1122.646604
-391.091502,246,1122.844877
-388.53661,287,1123.295243
43.530496,213,1123.468436
-74.587804,138,1123.580213
-510.565758,313,1124.050761
-131.138143,148,1124.170311
-65.991242,159,1124.515505
120.572893,204,1124.679747
-70.150666,143,1124.796178
-386.523222,218,1125.19098
-11.991758,183,1125.337327
74.425497,196,1125.495315
-125.401262,164,1125.852543
108.547115,207,1126.023259
21.962811,223,1126.430443
-67.880991,148,1126.551435
97.638476,207,1126.720609
-11.099938,143,1127.036106
-392.955202,313,1127.284051
-50.197789,319,1127.739692
-24.957582,157,1127.866106
-37.869395,182,1128.228061
-62.414516,156,1128.354845
147.396227,204,1128.518461
-11.969687,134,1128.627739
-41.101785,140,1128.976447
-4.989825,171,1129.112598
-18.242323,212,1129.494479
-218.774468,319,1129.74922
0.074269,140,1129.862924
-20.368829,133,1130.193884
-402.2951,230,1130.374433
42.114011,205,1130.74402
72.913249,282,1130.97216
-281.886318,443,1131.533943
-400.539715,260,1131.738385
-308.668946,346,1132.236077
-63.667535,166,1132.36924
-50.840416,130,1132.709166
119.322058,224,1132.889546
-17.190644,127,1132.991374
-37.515824,140,1133.305463
109.640186,219,1133.482489
91.515496,212,1133.653525
-116.441157,155,1134.003391
-322.681562,220,1134.176735
-23.169146,131,1134.282212
-414.479775,347,1134.760836
-188.333509,358,1135.223108
10.240316,220,1135.410794
-63.981381,154,1135.69337
-84.229535,179,1135.844663
-28.549923,146,1135.962285
-421.120439,328,1136.42116
83.72693,291,1136.655051
-70.874386,136,1136.987636
-275.228788,171,1137.123532
-49.001806,137,1137.235003
-51.955505,164,1137.592967
-247.754254,343,1137.865001
-107.770257,193,1138.216676
128.881352,206,1138.383634
-115.521836,170,1138.520514
243.380664,329,1139.005754
56.500924,211,1139.175831
-280.863929,263,1139.587111
-14.640629,206,1139.752209
95.205109,205,1140.143249
-71.519574,163,1140.274412
-42.57321,137,1140.38473
-76.142924,148,1140.698719
60.87558,197,1140.855383
13.452077,182,1141.000835
-301.859129,177,1141.362439
-40.835439,171,1141.500244
-121.34765,170,1141.635049
3.880115,200,1142.00708
-35.774965,125,1142.108015
38.401868,218,1142.284665
4.281255,171,1142.656986
32.163822,179,1142.801915
-18.708562,132,1142.908229
-15.82086,134,1143.223737
51.398987,185,1143.371426
-26.98359,146,1143.488781
-39.833274,162,1143.841861
-29.958067,125,1143.942233
-255.403101,427,1144.502679
-35.435459,222,1144.68282
-122.105506,153,1144.80902
-29.70607,132,1145.122508
-18.710087,135,1145.232301
-59.91635,151,1145.356242
29.909418,219,1145.756997
-470.428506,255,1145.960329
-109.495954,144,1146.07858
54.702244,208,1146.468532
-32.226415,124,1146.569085
-24.976117,141,1146.684014
-16.376487,170,1147.055267
-39.743046,136,1147.164377
-73.427198,133,1147.271899
-63.323524,157,1147.599111
-17.195663,269,1147.817439
-64.748917,147,1147.935179
-479.591944,236,1148.327313
-0.957504,141,1148.441562
-48.581531,123,1148.540408
-460.92716,477,1149.122598
-31.396809,133,1149.46268
-442.25994,268,1149.68301
-13.786578,121,1149.781157
-30.330899,171,1150.142787
-62.142779,151,1150.265612
16.894925,182,1150.413292
-49.359765,168,1150.788427
-36.372262,140,1150.901269
-58.825906,142,1151.016773
-44.39441,166,1151.148944
-9.604604,129,1151.462828
-20.005258,146,1151.581604
-38.833504,132,1151.688682
-3.444918,171,1152.028314
-13.212856,128,1152.131537
-20.573543,130,1152.23689
-39.41243,131,1152.342238
142.276415,211,1152.608477
-21.447,129,1152.712406
-65.061701,171,1152.851526
9.843989,134,1153.050656
47.600472,282,1153.275836
-53.638258,122,1153.373814
-84.981199,147,1153.584307
-33.718235,190,1153.737128
-67.010646,169,1153.872225
-85.843092,332,1154.229765
-31.597858,136,1154.340546
-77.12979,156,1154.556079
-81.935844,166,1154.689114
-17.889623,122,1154.788281
34.32915,185,1155.026709
-27.747887,131,1155.132766
-79.764607,171,1155.269176
-26.737578,122,1155.367852
-32.823122,129,1155.575051
223.970548,268,1155.790986
-22.246568,126,1155.893278
-547.110707,430,1156.326992
-16.93641,175,1156.67637
-46.054927,158,1156.804644
-16.230114,125,1156.906206
-53.663037,132,1157.014161
-31.018417,137,1157.21776
-38.292633,149,1157.338119
-175.770335,471,1157.802768
20.15324,385,1158.204103
-12.207132,131,1158.311185
-22.68016,212,1158.487642
27.746203,227,1158.761997
-87.99227,135,1158.871142
-600.171272,464,1159.332683
-323.361401,394,1159.737722
-83.566506,144,1159.854841
-52.660431,133,1159.961602
-99.636042,454,1160.450946
-139.667962,154,1160.574064
-49.961457,125,1160.87297
-10.810727,208,1161.041961
-69.161195,156,1161.167849
60.234661,205,1161.556379
-62.787614,168,1161.690361
-86.840222,148,1161.808647
232.725581,423,1162.316814
-415.079859,292,1162.762977
34.763415,210,1162.934119
-63.175878,141,1163.048261
-42.940734,188,1163.368206
91.025978,298,1163.605733
-40.431248,124,1163.929727
327.484463,665,1164.687101
-374.795589,265,1164.896197
-108.355431,147,1165.104214
-272.628478,527,1165.618539
-465.327042,219,1165.789687
-76.362003,124,1165.890173
-48.445037,214,1166.282901
-37.066174,137,1166.394172
38.204281,362,1166.905108
92.728973,213,1167.076347
155.210696,481,1167.655869
-57.364336,128,1167.759015
-31.11206,177,1168.107721
-265.915822,343,1168.378021
-11.111212,795,1169.466357
93.788169,342,1169.838856
-111.578649,147,1169.955378
-360.920471,327,1170.303818
73.667932,251,1170.505411
-71.109055,176,1170.645814
-38.454995,515,1171.145864
68.971922,209,1171.403768
80.688756,233,1171.59152
23.282767,264,1172.48545
-331.718193,132,1172.589015
174.507408,254,1172.884236
-35.825791,165,1173.016722
-354.186558,237,1173.207139
76.842323,193,1173.556297
73.174109,204,1173.71948
-336.700317,149,1173.836881
-2.193515,177,1174.070559
129.982151,296,1174.306602
236.30056,447,1174.779104
-7.284378,209,1175.182464
59.93638,206,1175.37591
-31.611312,131,1175.493337
-99.253547,157,1175.851329
-83.356501,127,1175.954132
-88.562243,176,1176.112147
-43.819808,224,1176.521093
31.476546,187,1176.670355
-421.316066,346,1177.162084
-23.588831,127,1177.264373
20.035627,197,1177.422402
76.853313,250,1177.850295
-65.873005,129,1177.978267
17.478847,242,1178.329308
134.716211,263,1178.554472
135.17351,610,1179.322418
218.083185,323,1179.710933
-211.824587,327,1179.986359
-39.022047,128,1180.212282
82.647476,226,1180.450636
-29.31457,132,1180.633186
-97.811198,156,1181.115636
-107.035285,171,1181.352215
48.63568,189,1181.613791
-360.576496,225,1182.110037
127.27831,200,1182.369882
-37.282648,132,1182.699345
-467.06812,171,1182.924843
12.643043,204,1183.207338
-315.344902,181,1183.638533
119.30756,418,1184.206005
-243.697775,366,1184.856425
121.991288,211,1185.30697
70.869886,195,1185.574092
-116.947546,168,1185.804586
-299.534883,261,1186.315104
65.918641,194,1186.573509
-67.144875,355,1187.18295
-544.219436,314,1187.598074
-24.602765,125,1187.918394
-340.593477,394,1188.438957
60.035728,207,1188.883767
201.90116,326,1189.470654
157.084553,364,1189.96193
-67.424754,129,1190.14151
57.358746,256,1190.624101
-33.030715,195,1190.884198
214.823371,274,1191.418718
-317.153105,375,1192.13534
24.416679,423,1192.677776
-51.588286,235,1193.181473
79.486958,382,1193.964863
-408.982479,125,1194.126855
27.27203,261,1194.474738
-332.536225,297,1195.112361
-30.356194,129,1195.284964
-81.028124,129,1195.600882
-43.382567,221,1195.908746
-376.494177,146,1196.101214
-317.37271,281,1196.657126
18.496754,277,1197.026055
-32.667678,269,1197.521922
-587.661106,236,1197.82444
-34.22457,130,1198.152713
-386.012218,139,1198.345143
-38.418528,451,1199.080546
-516.846104,212,1199.366121
-55.136302,333,1199.949267
-57.92314,293,1200.347622
-125.918634,233,1200.827759
93.46069,212,1201.139698
31.263016,213,1201.596163
-171.238298,274,1201.968053
-297.137089,332,1202.57628
-454.618564,154,1202.778018
-61.731826,140,1202.969099
-54.750548,122,1203.394783
-357.572695,130,1203.566624
-100.521075,167,1203.79047
-486.860223,321,1204.373409
-452.27111,179,1204.607705
-423.849003,204,1205.019651
-522.531769,200,1205.311074
-337.315783,305,1206.026597
-337.309736,273,1206.393928
-28.393676,240,1206.860034
-88.645066,149,1207.061377
-354.017239,125,1207.227219
-46.755439,239,1207.683036
-210.206972,237,1207.999929
-291.355714,286,1208.521846
36.521014,265,1208.871212
-407.880233,142,1209.057614
70.362237,330,1209.630704
-514.537659,232,1209.943127
-56.82219,333,1210.527071
-414.940419,157,1210.73091
-195.839961,285,1211.270555
-445.710384,162,1211.481044
-444.453505,255,1211.974105
-92.072265,160,1212.217435
-25.114771,245,1212.681375
-324.159947,234,1212.997013
-381.466867,136,1213.180542
-95.146229,138,1213.527859
-383.592215,169,1213.756878
-72.960553,132,1213.952998
-44.594863,129,1214.127128
-478.07101,160,1214.475449
-142.866084,368,1214.963977
-75.276577,375,1215.607754
-521.595494,147,1215.799001
63.812823,210,1216.255238
141.100882,253,1216.635428
124.737464,594,1217.706948
-61.81793,169,1217.93977
-36.298983,184,1218.191959
-355.162846,148,1218.540638
37.73384,198,1218.815169
-341.369191,217,1219.10657
62.531987,411,1219.961467
-122.785395,153,1220.176493
-171.542545,211,1220.671192
-18.615875,309,1221.079106
21.989427,203,1221.64806
-192.111814,360,1222.297246
3.940619,267,1222.652431
-445.539343,197,1222.904376
-466.553492,143,1223.234323
111.041678,264,1223.590705
-224.924661,262,1224.07553
-383.38358,145,1224.266273
-84.697948,191,1224.514567
-130.684537,389,1225.185142
-92.271687,239,1225.648082
-343.021224,130,1225.836267
-138.03666,170,1226.081683
-413.935292,155,1226.447061
43.696384,206,1226.739322
-76.435785,236,1227.064157
-405.185017,148,1227.425357
-421.350435,220,1227.708908
-172.716683,221,1228.143622
-453.144878,128,1228.318774
-94.858796,145,1228.513219
-212.123089,237,1229.007774
153.873004,293,1229.439197
-248.864229,207,1229.890892
-50.320208,233,1230.203769
-406.322419,136,1230.384079
-274.225426,206,1230.808437
-104.918828,273,1231.189204
-407.449802,136,1231.372617
-128.733538,246,1231.846941
-507.688362,167,1232.082016
-381.47208,259,1232.622836
-723.321715,442,1233.34915
-503.71893,162,1233.49418
-436.041811,134,1233.612948
10.305122,293,1234.01887
-510.748175,147,1234.156285
57.212997,373,1234.620737
-423.657205,219,1234.811263
-371.531148,167,1235.065133
-399.416554,215,1235.284082
-578.066232,279,1235.65143
-205.12382,289,1235.910714
-368.14967,130,1236.028667
51.856083,503,1236.546971
-414.850983,438,1237.066712
-112.314543,119,1237.168478
-412.583404,135,1237.387313
-322.506512,195,1237.545533
-466.220686,151,1237.665136
-146.577002,163,1238.018224
-114.34284,293,1238.260214
-463.817644,175,1238.490499
-128.992452,153,1238.61279
-423.368343,216,1238.781116
-113.641222,323,1239.13883
-135.567741,142,1239.2513
-446.543435,147,1239.376631
-364.608259,132,1239.579017
-63.452373,139,1239.692427
-86.111052,112,1239.781149
-442.960613,150,1239.991966
114.726827,339,1240.259502
-239.559404,200,1240.510163
-508.592742,169,1240.641397
56.599419,224,1240.820282
-529.122303,247,1241.105724
-131.070913,338,1241.369955
-98.27439,252,1241.657252
-408.313947,151,1241.773054
-277.044272,442,1242.212788
-167.127293,239,1242.492273
-172.044513,532,1243.00241
-476.598035,173,1243.138675
-533.472964,220,1243.309933
-167.433567,166,1243.608302
-474.496571,178,1243.746751
-456.195838,142,1243.856414
-542.204809,173,1244.089347
-115.089977,171,1244.222872
-591.349287,175,1244.358289
-381.732979,286,1244.675152
-109.321607,151,1244.793641
-67.443119,201,1245.044678
-442.966305,208,1245.207467
-132.30354,135,1245.802516
127.651633,385,1246.206607
-546.622966,222,1246.379661
-516.023272,329,1246.800807
-126.468157,447,1247.242619
-150.217828,165,1247.373261
-121.65781,167,1247.595446
-83.56666,176,1247.733417
-534.369748,240,1247.920063
-629.933342,322,1248.265051
-540.3356,290,1248.693449
118.361547,398,1249.011263
-112.672346,132,1249.315166
-155.971481,127,1249.41643
-49.653712,396,1249.817761
14.447982,260,1250.021789
-620.372874,304,1250.456778
-565.494877,376,1250.972936
26.313576,252,1251.171963
-366.633615,278,1251.612162
-395.686876,217,1251.780979
-494.288971,376,1252.17113
-410.967935,423,1252.593746
-143.185309,199,1252.75113
-64.597112,181,1252.893924
-628.272354,228,1253.165179
-642.380917,369,1253.452214
-132.300928,176,1253.682109
-115.097882,239,1253.86946
-98.768527,197,1254.116926
-64.818367,414,1254.44203
-39.399491,325,1254.788429
1.101566,332,1255.142804
-187.054409,530,1255.648191
-20.737609,249,1255.845138
-539.242673,427,1256.271748
17.85514,255,1256.561813
-639.122706,449,1256.911016
-76.631432,179,1257.142338
-466.349451,368,1257.518918
-162.842597,175,1257.65501
-114.207942,480,1258.12121
-718.916368,217,1258.290876
-125.804845,178,1258.521472
-458.403041,569,1259.056103
-192.721117,196,1259.210529
-150.731362,219,1259.475003
-741.803625,322,1259.724199
-316.710446,413,1260.13729
-438.973533,412,1260.548883
-244.199747,115,1260.63977
-303.1412,273,1260.945615
-687.19278,420,1261.272963
-732.430479,414,1261.686406
-321.185787,421,1262.108009
-773.631482,337,1262.464204
-802.624397,923,1263.277308
-320.5764,487,1263.882317
-657.864739,414,1264.395408
-529.807853,470,1264.854328
-240.933812,204,1265.105383
-234.132039,256,1265.304052
-186.743246,208,1265.467391
-234.55418,135,1265.796761
-168.421885,176,1265.933644
-259.04841,284,1266.249981
-829.048669,627,1266.826865
-585.048588,486,1267.299789
-258.281098,125,1267.397324
-780.966959,392,1267.791573
-685.571884,347,1268.063023
-701.297464,232,1268.339376
-765.31103,450,1268.783553
-701.672474,285,1269.005048
-821.90045,472,1269.464861
-659.658173,232,1269.738207
-280.958135,145,1269.851922
-434.849032,771,1270.548614
-614.963716,338,1270.904086
-161.597328,171,1271.038765
-645.32299,208,1271.293133
-254.850151,140,1271.402196
-27.978881,583,1271.948515
-435.103577,496,1272.428105
-780.594674,377,1272.815499
-198.839216,335,1273.171104
-270.385826,202,1273.330257
-602.296811,493,1273.805713
-721.73804,688,1274.432863
-228.02306,115,1274.683723
-260.947938,261,1274.88774
-255.010625,419,1275.310121
-647.234318,305,1275.636268
-277.329488,482,1276.014103
-581.504334,291,1276.333566
-346.620212,261,1276.627736
-244.081686,207,1276.789437
-316.04411,354,1277.156664
-767.76297,547,1277.674765
-232.255537,178,1277.814466
-267.714339,458,1278.26217
-714.91334,336,1278.614454
-546.25255,422,1278.94406
-206.615825,128,1279.137103
-826.193062,386,1279.437501
-648.282905,334,1279.789041
-748.49642,410,1280.199773
-200.491932,121,1280.295218
-174.479367,140,1280.405737
-546.186416,429,1280.835886
-335.86999,303,1281.167085
-534.525963,281,1281.384025
-180.473761,477,1281.863695
-211.612945,121,1282.051171
-308.259787,479,1282.422072
-676.597601,342,1282.779037
-207.716738,367,1283.156728
-146.947828,128,1283.257195
-161.361077,514,1283.748032
-71.620568,248,1284.033285
-94.0951,280,1284.252198
-521.042591,398,1284.776405
-153.759521,180,1284.916885
-227.759665,127,1285.107176
-298.845756,181,1285.246445
-256.873953,125,1285.343255
-206.901324,117,1285.434029
-187.200849,203,1285.683249
-367.931163,498,1286.161885
-777.325608,261,1286.36109
-258.448833,122,1286.457178
-209.152291,225,1286.724421
-197.534809,511,1287.214566
-403.634738,351,1287.578719
-296.069318,121,1287.67257
-284.805929,127,1287.771084
-515.021596,533,1288.396359
-153.464484,203,1288.77773
-300.601363,335,1289.038534
-295.309847,119,1289.130562
-381.366381,359,1289.500895
-667.288931,263,1289.796086
-391.852743,446,1290.142392
-462.94844,576,1290.78924
-368.725652,254,1290.987566
-272.258771,126,1291.088476
-273.316027,117,1291.273597
-293.025436,353,1291.546578
-269.273313,130,1291.741576
-237.105596,195,1291.892708
-393.742562,580,1292.435546
-779.653232,333,1292.784143
-231.615056,136,1292.890627
-85.248289,345,1293.372427
-95.943658,217,1293.542165
-164.535265,181,1293.681745
-123.785564,255,1294.089321
-122.392679,189,1294.23514
-141.301201,409,1294.774906
-334.670207,653,1295.476853
-268.212851,377,1296.459335
-263.152749,198,1296.612129
-217.147513,192,1296.983866
-345.484371,662,1297.71422
-198.910607,273,1298.149436
-232.19746,137,1298.255305
-312.045486,356,1298.622394
-374.956343,429,1298.951569
-218.643744,135,1299.151351
-167.660563,201,1299.306598
-178.007293,328,1299.781037
-137.771079,179,1299.919139
-314.269585,665,1300.663619
-246.280868,197,1301.041042
-92.411272,189,1301.186658
-165.398807,441,1301.733877
-216.70638,151,1301.851012
-605.06739,301,1302.284908
-200.775152,209,1302.446857
-340.695825,669,1303.420237
-245.887313,563,1304.055163
-192.49028,238,1304.239522
-247.037761,158,1304.363054
-188.307005,182,1304.725556
-282.106978,183,1304.866409
-164.247613,185,1305.233563
-182.069928,140,1305.342512
-345.808662,640,1306.043619
-242.75062,246,1306.458916
-152.65166,190,1306.606215
-8.249674,480,1307.181274
-218.266411,207,1307.341309
-146.97988,144,1307.686126
-144.694177,134,1307.793653
-714.221331,577,1308.444968
-634.613998,441,1309.007995
-165.264095,134,1309.112412
-214.131634,196,1309.263825
-226.51436,464,1309.845799
-256.616707,158,1310.192289
-700.055401,976,1311.410792
-258.782906,154,1311.529548
-273.254031,226,1311.703042
-205.290345,181,1312.074661
-228.088851,135,1312.178827
-208.443757,138,1312.285403
-139.431588,138,1312.391839
-856.125285,845,1313.470711
-82.408808,500,1314.07855
-191.385398,225,1314.485281
-253.060463,181,1314.627058
-160.796311,341,1315.112063
-266.175477,728,1315.874486
-159.654463,211,1316.038549
-272.497062,194,1316.414841
-163.586504,182,1316.554993
-169.951701,151,1316.671321
-220.06634,159,1317.017683
-451.054352,869,1317.888161
-295.408242,358,1318.388888
-322.899265,496,1318.970944
-165.442038,143,1319.081599
-508.026216,792,1320.149005
-162.191887,207,1320.307446
-175.721049,189,1320.656113
-206.749477,143,1320.766386
-138.015597,176,1320.901378
-159.566075,214,1321.291686
-220.84938,157,1321.413034
-226.157739,201,1321.567851
-180.691,353,1322.042028
-12.007571,938,1323.196908
-218.029313,267,1323.40184
-88.725548,176,1323.761262
-134.37457,129,1323.860935
-88.580317,206,1324.019984
-208.330325,189,1324.381171
-91.724913,136,1324.486603
-350.79566,437,1325.048341
-107.224169,191,1325.195359
-147.08308,168,1325.525403
-348.485004,754,1326.32926
-232.205606,538,1326.954961
-197.567819,1000,1328.16381
-606.200421,399,1328.669444
-267.599675,211,1328.83305
-438.99839,429,1329.347002
-183.566431,435,1329.889909
-229.103683,151,1330.005901
-148.534919,218,1330.374033
-262.573768,579,1331.052701
-229.689178,204,1331.208751
-188.292936,134,1331.535533
-249.371873,252,1331.728822
-162.593238,190,1331.873537
-226.110154,416,1332.418243
-128.909701,203,1332.798203
-235.148847,174,1332.933505
-363.44103,310,1333.374259
-307.278974,662,1334.088064
-142.721996,199,1334.242163
-415.793871,555,1334.891935
-176.093962,143,1335.211183
-360.581231,462,1335.788568
-139.227468,191,1335.946008
-356.745055,649,1336.683175
-164.686153,1000,1337.851469
-214.992939,222,1338.253071
-279.03272,211,1338.420856
-228.994186,375,1338.905056
-309.324305,379,1339.1977
-201.302246,216,1339.566931
-494.004013,466,1340.129221
-280.527896,317,1340.373397
-105.293051,1000,1341.588619
-133.888147,211,1341.976932
-152.119998,136,1342.083403
-72.968043,1000,1343.303974
-334.143704,563,1343.971496
-160.931555,198,1344.123984
-262.638269,1000,1345.352348
-447.18646,558,1346.018599
-0.701143,1000,1347.222816
-750.095346,448,1347.769173
-273.25342,457,1348.345449
-450.733502,552,1348.973316
-127.799073,145,1349.17622
-186.110545,162,1349.301167
-212.191725,201,1349.455206
-210.404571,208,1349.707968
-173.964808,297,1349.937164
-431.317578,732,1350.784159
-406.866103,728,1351.537077
-197.274679,782,1352.611371
-240.047181,217,1352.778172
-184.391035,198,1352.930372
-160.89836,144,1353.267558
-230.842052,201,1353.421459
-146.44053,472,1354.02212
-102.104659,209,1354.183868
-264.710346,364,1354.701705
-794.919695,507,1355.293025
-218.521828,200,1355.631026
-210.427219,155,1357.923763
-113.264008,340,1358.412342
-383.190668,955,1359.364019
-347.086796,634,1360.258456
-232.645235,353,1360.529562
-194.299592,204,1360.910979
-234.926328,232,1361.090611
-370.322946,781,1362.142244
-122.756887,250,1362.334632
-352.830655,448,1362.912497
-173.535187,367,1363.421017
-149.89744,224,1363.594272
-267.672549,177,1363.93427
-149.052857,223,1364.108824
-266.216745,179,1364.246109
-262.856879,315,1364.727263
-202.392468,279,1364.941838
-66.315722,194,1365.332655
-168.252228,130,1365.432572
-179.172702,204,1365.813873
-263.631217,518,1366.448321
-258.732105,532,1367.069507
-113.190073,144,1367.181357
-194.529272,148,1367.295708
-288.41307,775,1368.328636
-215.901427,173,1368.460777
-120.180558,201,1368.614328
-55.895187,1000,1369.821351
-162.28854,299,1370.277259
-173.761247,188,1370.421169
-233.827039,447,1370.97563
-471.68291,635,1371.691792
-211.311602,153,1372.04692
-300.366392,566,1372.68438
-168.847344,272,1372.893834
-257.285131,839,1374.009853
-17.451164,1000,1375.244348
-222.152087,205,1375.402742
-166.448951,734,1376.431526
-199.085123,835,1377.170461
-92.940298,291,1377.486016
-209.717525,159,1377.608611
-94.547179,143,1377.815117
-160.183335,194,1377.964305
-131.769151,136,1378.069844
-111.306165,128,1378.169127
-173.916451,142,1378.37471
-211.517433,190,1378.521574
-101.086611,142,1378.631688
-115.239698,207,1378.885318
-121.59551,140,1378.993565
-141.801527,197,1379.144879
-222.126905,161,1379.481098
-166.120077,136,1379.586589
-205.793974,303,1379.913373
-131.282072,196,1380.064825
-259.207876,163,1380.190958
-243.762187,173,1380.416317
-167.169534,150,1380.532623
-208.779451,278,1380.74803
-207.027691,144,1380.952409
-209.815115,204,1381.111773
-158.556699,130,1381.212255
-128.375228,197,1381.455142
-143.725734,189,1381.601391
-183.540544,196,1381.842977
-134.66353,209,1382.004466
-143.158168,195,1382.154363
-179.429932,190,1382.392897
-187.596566,137,1382.498763
-86.997966,372,1382.877806
-171.078441,131,1382.978958
-262.487846,735,1383.652371
-210.370853,154,1383.865942
-181.718495,181,1384.005971
-171.134876,206,1384.167776
-182.489837,137,1384.367481
-175.993795,200,1384.521529
-206.046417,193,1384.671756
-203.49655,191,1384.914937
-161.099963,184,1385.056644
-179.593953,140,1385.257445
-179.937451,197,1385.410665
-166.101237,141,1385.520131
-119.906875,126,1385.617794
-165.645112,132,1385.812722
-169.765146,154,1385.932003
-219.107499,142,1386.044907
-129.924117,192,1386.286953
-225.284211,187,1386.431551
-149.152893,142,1386.542701
-137.751499,186,1386.78262
-256.761456,358,1387.059453
-180.181943,148,1387.267448
-152.452183,141,1387.377752
-123.212848,146,1387.489591
-139.106264,130,1387.589972
-185.414562,199,1387.835656
-338.634503,548,1388.347218
-164.067545,195,1388.497253
-171.561082,225,1388.766471
-229.883624,184,1388.906854
-314.492862,373,1389.287185
-145.928716,299,1389.516846
-325.418892,631,1390.18917
-147.776737,137,1390.296435
-251.883652,179,1390.433816
-214.284507,129,1390.533483
-221.510553,344,1391.000872
-225.584599,235,1391.410804
-221.850756,143,1391.521175
-442.329327,727,1392.176327
-286.04529,1000,1393.139716
-209.36503,215,1393.509626
-172.846642,446,1394.054942
-356.940894,455,1394.40733
-311.600926,1000,1395.367844
-220.994952,181,1395.707478
-215.784622,135,1395.811527
-209.854539,252,1396.102602
-216.863642,188,1396.248306
-144.438638,198,1396.402458
-353.986993,451,1396.8453
-305.139476,319,1397.22084
-246.293278,194,1397.386283
-286.479962,502,1397.916702
-309.555157,635,1398.548789
-237.118843,168,1398.778936
-162.385808,158,1398.905583
-97.185017,222,1399.094428
-227.762459,164,1399.321985
-282.060432,828,1400.059608
-172.980472,213,1400.315159
-145.641611,191,1400.511406
-139.20495,213,1400.904303
-128.125817,283,1401.128382
-194.36124,127,1401.2276
-210.776315,203,1401.491027
-195.225166,192,1401.676859
-124.903988,206,1401.937584
-325.400227,481,1402.317842
-189.17141,275,1402.730353
-230.656091,177,1402.947047
-257.339439,174,1403.337665
-279.175061,248,1403.65545
-342.925261,372,1404.382996
-161.983176,271,1404.730873
-125.936122,203,1405.180705
-246.290256,164,1405.392105
-226.058338,396,1406.174918
-243.588431,149,1406.359676
-272.199894,180,1406.804191
-282.147822,492,1407.748599
-173.868732,208,1408.010705
-164.170039,212,1408.277791
-197.777296,208,1408.751104
-241.974396,209,1409.018047
-254.06332,143,1409.201072
-158.306046,444,1409.968299
-214.502523,179,1410.501776
-325.208154,435,1411.285918
-342.687239,348,1411.748909
-156.031679,252,1412.254157
-134.498845,196,1412.510706
-206.408707,215,1413.003069
-229.37082,146,1413.200823
-247.619835,279,1413.551825
-312.616288,554,1414.472093
-385.94931,384,1415.148736
-329.642779,490,1415.92536
-277.933631,121,1416.07924
-432.872186,758,1418.52375
-370.174422,585,1419.659024
-288.634499,249,1419.981645
-263.521319,285,1420.578275
-237.506135,152,1420.779307
-153.323271,229,1421.248168
-513.09212,772,1422.419775
-274.006894,171,1422.917531
-236.25426,153,1423.115531
-236.76865,158,1423.318747
-448.227712,545,1424.342785
-263.862134,151,1424.842784
-223.510716,146,1425.038972
-454.995878,445,1425.77913
-317.461827,416,1426.617034
-185.093049,226,1426.922982
-313.597639,172,1427.143573
-411.843112,608,1428.269673
-321.79495,209,1428.569773
-233.220599,148,1428.764674
-530.155032,526,1429.721302
-218.239151,141,1430.051017
-244.853555,144,1430.244182
-226.13522,152,1430.457742
-538.254732,592,1431.374881
-224.347858,247,1431.831593
-258.942817,157,1432.038735
-248.940734,159,1432.237094
-229.912433,313,1432.783129
-223.317676,214,1433.055612
-213.218509,136,1433.382335
-265.898589,270,1433.733983
-229.293346,204,1434.134563
-673.924593,861,1435.446136
-398.925168,393,1436.116063
-185.727019,135,1436.290822
-215.874227,140,1436.616344
-427.531557,404,1437.137849
-332.445814,501,1437.921694
-491.714059,611,1439.078008
-167.140587,149,1439.289964
-343.176689,387,1439.967124
-209.205099,266,1440.325322
-212.801684,279,1440.992675
-362.160119,426,1441.59062
-226.053278,142,1441.926995
-409.071001,493,1442.755391
-501.109824,1000,1444.358424
-227.878561,485,1445.192084
-234.10614,161,1445.405617
-289.19795,163,1445.619024
-469.294876,1000,1447.302321
-455.396718,1000,1449.084466
-221.068934,192,1449.622122
-185.55151,228,1449.966582
-255.279176,144,1450.158148
-512.743296,451,1450.895557
-283.624153,397,1451.560956
-436.786077,1000,1453.159865
-229.028971,1000,1454.896041
-317.936942,721,1456.127738
-302.470066,479,1456.896935
-168.737502,286,1457.452719
-212.515173,1000,1459.160559
-206.776094,419,1459.755235
-346.344886,774,1461.061117
-361.844846,487,1461.827395
-128.25979,268,1462.175766
-452.975452,495,1462.948272
-286.675217,127,1463.250079
-376.50783,1000,1464.849995
-320.052201,1000,1466.586108
-277.187489,142,1466.76929
-264.712933,188,1467.009822
-447.118936,1000,1468.884134
-146.283941,272,1469.409159
-232.665505,246,1469.727793
-213.691171,1000,1471.364108
-370.153352,731,1472.493443
-494.414211,1000,1473.745941
-282.323118,567,1474.432577
-188.648729,137,1474.551549
-374.377943,1000,1475.591966
-220.386884,158,1475.715811
-209.47223,224,1475.98846
-256.506393,204,1476.150307
-489.711443,1000,1477.116385
-285.17502,338,1477.472836
-158.325529,232,1477.656762
-160.519761,223,1477.830483
-444.130255,616,1478.498072
-483.492992,567,1479.031172
-220.130936,183,1479.173349
-412.700989,476,1479.768
-478.689324,450,1480.213844
-236.790346,186,1480.358158
-220.937618,150,1480.568235
-482.90349,464,1481.022072
-555.40603,614,1481.598776
-329.566901,531,1482.10391
-274.60207,253,1482.298469
-488.325734,580,1482.843154
-805.51024,895,1483.790766
-274.222386,163,1483.917164
-259.574192,144,1484.122207
-369.934941,458,1484.56751
-235.558013,263,1484.769341
-297.370223,128,1484.870031
-343.401095,420,1485.287301
-223.399868,174,1485.515692
-459.516143,583,1486.061629
-268.590968,172,1486.196548
-278.574497,259,1486.490005
-315.853231,327,1486.743096
-261.174551,259,1487.038931
-586.809062,743,1487.712358
-487.633436,1000,1488.786117
-462.235804,656,1489.417032
-264.027034,151,1489.768769
-224.596767,299,1490.024077
-232.946228,246,1490.453393
-573.03967,1000,1492.324383
-206.314511,211,1492.490046
-608.916438,608,1493.100188
-212.589389,166,1493.392536
-264.488163,163,1493.525514
-199.355799,142,1493.6394
-225.297401,170,1493.865424
-195.424626,258,1494.083684
-233.286335,496,1494.684416
-856.16727,932,1496.207716
-253.742245,295,1496.6105
-246.069753,140,1496.943935
-261.878619,248,1497.274772
-224.731865,148,1497.467304
-251.387366,160,1497.831643
-407.876668,624,1498.810627
-241.232021,224,1499.105732
-193.390391,124,1499.408175
-279.428383,342,1499.84817
-341.108978,362,1500.470754
-177.754217,176,1500.70202
-234.755024,125,1501.0126
-201.031775,140,1501.203142
-209.017817,170,1501.425033
-203.531915,130,1501.607372
-209.2382,172,1502.035287
-224.890115,332,1502.489137
-253.851675,265,1503.087677
-186.248412,179,1503.327705
-347.549402,342,1503.946862
-195.230895,139,1504.125171
-225.032556,143,1504.470612
-187.457033,136,1504.650449
-253.759502,173,1504.885848
-221.620954,128,1505.058007
-178.536145,141,1505.41444
-206.937501,162,1505.619167
-220.786843,141,1505.799937
-205.556127,297,1506.336818
-149.468125,186,1506.575203
-215.995229,157,1506.93294
-186.992063,139,1507.124629
-235.49325,186,1507.368091
-500.802033,1000,1509.044861
-165.305777,208,1509.509473
-149.242458,356,1510.046946
-167.691386,149,1510.418806
-146.456171,134,1510.620017
-233.490849,396,1511.306276
-238.603863,142,1511.523461
-220.880375,140,1511.742307
-320.093059,385,1512.430638
-225.300819,167,1512.675149
-195.358477,141,1512.854442
-163.041961,188,1513.242165
-162.807366,185,1513.484396
-897.861934,926,1514.995132
-197.135242,183,1515.228681
-192.691034,177,1515.611272
-155.871578,303,1516.013194
-600.800289,345,1516.603415
-113.060894,400,1517.257247
-178.472819,210,1517.533922
-655.150753,940,1519.159071
-186.969999,134,1519.365665
-240.069261,161,1519.894747
-125.033879,139,1520.072964
-168.689174,176,1520.298678
-11.961065,1000,1521.908742
-193.888348,144,1522.096498
-125.933268,143,1522.602988
-185.457003,136,1522.779087
-289.308888,655,1523.78182
-259.27737,171,1524.134935
-223.470009,166,1524.362289
-163.793271,198,1524.617886
-247.257943,1000,1526.532066
-160.018139,226,1527.113547
-157.907209,134,1527.293403
-136.456271,179,1527.527945
-178.040247,141,1527.861838
-222.995757,444,1528.451776
-228.77264,249,1528.924428
-180.522692,145,1529.118544
-150.409,147,1529.311506
-161.077724,171,1529.683318
-218.313072,280,1530.04531
-238.616024,228,1530.490034
-222.764357,252,1530.825048
-261.626602,139,1531.15216
-360.363151,455,1531.77393
-215.602277,216,1532.207935
-192.154876,223,1532.495509
-146.448765,199,1532.925711
-285.467471,168,1533.146913
-225.886897,224,1533.449293
-229.120872,139,1533.777354
-192.241753,144,1533.962785
-197.693152,153,1534.164615
-191.04878,199,1534.564698
-162.398996,214,1534.843172
-163.35102,196,1535.23489
-168.509917,147,1535.43467
-276.59119,406,1536.125989
-200.629429,143,1536.314516
-426.727915,460,1537.05308
-236.334742,181,1537.287341
-194.168744,196,1537.672579
-361.787834,527,1538.523441
-193.865432,373,1539.00982
-244.793014,293,1539.535565
-198.707248,143,1539.725231
-207.925043,145,1539.911127
-251.929129,131,1540.237908
-201.16893,114,1540.38967
-179.610018,150,1540.588651
-177.899066,131,1540.784902
-209.753667,149,1541.153891
-168.94079,186,1541.40323
-170.988281,224,1541.974324
-221.086646,171,1542.216908
-142.828577,263,1542.560002
-253.961605,326,1543.143129
-143.703813,283,1543.649532
-160.133361,202,1543.920279
-474.679761,482,1544.708796
-219.09295,162,1544.924011
-179.781997,255,1545.411898
-158.099792,340,1545.858748
-151.422786,227,1546.302205
-126.460554,140,1546.491644
-675.013594,592,1547.411463
-263.368477,372,1548.086244
-200.123775,228,1548.384787
-264.425524,596,1549.6604
-52.966071,188,1549.908077
-200.647091,369,1550.795732
-126.977018,214,1551.074801
-183.76393,158,1551.277569
-189.296429,395,1552.08408
-253.810005,140,1552.254272
-149.42809,130,1552.501897
-155.706101,136,1552.624987
-161.324916,145,1552.763734
-114.252728,187,1553.176843
-176.038064,142,1553.310314
-162.05537,133,1553.433725
-200.746422,463,1553.960309
-85.501139,228,1554.144173
-192.471365,166,1554.473653
-167.188026,172,1554.614374
-206.937888,134,1554.722888
-149.759015,131,1555.017405
-138.961579,337,1555.30533
-80.941867,193,1555.715553
-149.313876,136,1555.83104
-225.45067,168,1555.971011
-166.79297,223,1556.375772
-226.884385,403,1556.795065
-246.673601,133,1556.902853
-99.262369,206,1557.06911
-193.443601,139,1557.180137
-244.160433,156,1557.399818
-240.888317,167,1557.532453
-216.453644,152,1557.653799
-230.791726,125,1557.932781
-195.432381,156,1558.057234
-218.200599,152,1558.177479
-61.320673,206,1558.550487
-231.04301,160,1558.676936
-208.942159,119,1558.771559
-435.080465,460,1559.230443
-192.004125,375,1559.618376
-247.506066,321,1559.87014
-227.356603,136,1560.070372
-209.189357,112,1560.158076
-212.799613,254,1560.357449
-207.287451,134,1560.555296
-168.410753,163,1560.683656
-202.682301,182,1560.824993
-222.0767,125,1561.121186
-139.994627,128,1561.221995
-135.662597,151,1561.340383
-121.212132,185,1561.578241
-134.030712,197,1561.733804
-179.309257,111,1561.82046
-224.1299,124,1561.917302
-163.453114,320,1562.263199
-147.305512,179,1562.402416
-163.328995,178,1562.635023
-176.055011,257,1562.837943
-175.960076,140,1562.946559
-203.543743,150,1563.158469
-123.831624,327,1563.414321
-311.739847,248,1563.700777
-12.229883,302,1563.935856
-166.131078,258,1564.231833
-152.520326,177,1564.37043
-162.938981,400,1564.778047
-184.590233,167,1564.908963
-240.382197,1000,1567.467199
-141.603842,209,1567.723131
-207.341303,170,1567.85628
-202.260929,135,1567.962435
-618.921079,591,1568.623297
-154.221763,234,1568.805106
-146.870175,315,1569.145113
-115.406883,267,1569.356145
-159.046843,161,1569.483729
-168.986885,112,1569.663983
-250.359445,381,1569.964923
-113.098409,234,1570.242558
-186.245522,180,1570.384855
-129.176827,201,1570.635235
-169.716653,138,1570.744275
-39.717328,324,1571.000269
-209.613199,117,1571.185392
-38.391602,201,1571.342481
-225.132645,125,1571.441169
-726.508618,530,1571.949334
-111.578321,130,1572.143552
-43.2475,411,1572.46655
-189.586425,147,1572.674768
-189.391248,243,1572.865477
-182.912819,456,1573.31802
-187.757816,146,1573.434025
-131.17717,221,1573.698731
-230.673694,127,1573.799165
-123.706194,136,1573.907079
-116.139,215,1574.181802
-124.636592,327,1574.444618
-319.96192,445,1574.91256
-124.597131,253,1575.221696
-161.949298,221,1575.41178
-83.071307,209,1575.705209
-84.845375,402,1576.05091
-125.408282,270,1576.37293
-116.266007,133,1576.478115
-182.693508,213,1576.870089
-68.739345,143,1576.98183
-56.976202,210,1577.157047
-187.628357,270,1577.598641
-94.169063,243,1577.792541
-141.356554,209,1578.055147
-200.225892,173,1578.189568
-42.830783,674,1578.814155
-113.835939,243,1579.094138
-186.013565,202,1579.291378
-8.693491,194,1579.537814
-103.470036,312,1579.78807
-144.632496,214,1580.049797
-53.62117,188,1580.201999
-66.586276,213,1580.401545
-122.441619,133,1580.63043
-204.504763,245,1580.828514
-208.533077,436,1581.286852
-224.647139,242,1581.483452
-177.501801,176,1581.841514
-140.672178,198,1582.103007
-155.465242,143,1582.295754
-199.4424,328,1582.874915
-185.456809,328,1583.521657
-78.729961,484,1584.307313
-247.352047,132,1584.476718
-495.561177,597,1585.481362
-187.867986,139,1585.664902
-214.891994,121,1585.982645
-236.845613,392,1586.502351
-151.820568,131,1586.820543
-139.446064,140,1587.009057
-110.06488,135,1587.188916
-104.06223,297,1587.729747
-112.78284,223,1588.029623
-115.099827,237,1588.49525
-585.114456,586,1589.409525
-162.34601,221,1589.699268
-148.594939,138,1590.018311
-96.711153,184,1590.261897
-178.652469,170,1590.487526
-183.430741,154,1590.850477
-176.9117,119,1591.012582
-203.907219,121,1591.178404
-165.481685,146,1591.368102
-101.462439,312,1591.937773
-198.154129,155,1592.142051
6.26741,240,1592.662039
-181.535081,133,1592.837902
-42.142288,234,1593.138097
-192.645121,158,1593.497076
-187.374189,170,1593.721484
-163.558207,144,1593.916462
-119.237996,253,1594.408795
-126.768575,308,1594.817879
-148.18005,161,1595.189245
-168.985696,143,1595.385396
-207.081781,125,1595.553172
-122.473544,190,1595.949225
-219.57258,123,1596.115565
-220.545503,115,1596.263944
-150.49948,169,1596.477232
-155.872878,258,1596.978228
-66.813539,218,1597.257302
-41.126866,227,1597.712967
-100.514276,233,1598.054169
-178.451,241,1598.639142
-206.08775,131,1598.811239
-154.781524,246,1599.131016
-139.426668,169,1599.504271
-97.41972,135,1599.691039
-48.282425,298,1600.232828
-597.652965,328,1600.669488
-165.948595,119,1600.829287
-115.855184,266,1601.323173
-123.627754,146,1601.497139
-122.254048,134,1601.73219
-72.77277,224,1601.938387
-88.31186,213,1602.157173
-137.483029,296,1602.547119
-57.554214,186,1602.724755
-75.69418,176,1603.006149
-123.42381,144,1603.128484
-74.98133,188,1603.281609
-523.654172,603,1603.867129
-109.149509,192,1604.126933
-100.712767,245,1604.339231
-44.854712,317,1604.711
-124.087465,212,1604.893944
-9.117058,315,1605.235229
-80.218744,219,1605.412323
-45.869743,201,1605.67767
-42.430683,201,1605.841007
-50.829054,245,1606.129061
-164.913972,395,1606.442178
6.682141,199,1606.69084
-106.011909,143,1606.803656
-138.841894,170,1606.936875
-108.199167,235,1607.218454
-12.852192,278,1607.43666
0.706873,427,1607.86489
-331.283164,462,1608.322855
-157.808751,132,1608.427745
-84.754984,197,1608.673555
-224.951791,710,1609.327662
-20.721824,343,1609.792688
-209.974701,525,1610.295754
-600.1715,467,1610.750835
-199.688887,238,1610.936833
-35.872497,263,1611.246817
-89.623178,198,1611.40307
-80.834474,246,1611.687597
-595.110031,246,1611.876997
-389.281045,315,1612.214188
-77.086514,185,1612.362563
-104.334494,162,1612.491018
-447.261168,357,1612.859679
-119.071502,324,1613.208641
-118.504471,298,1613.443879
-417.423303,243,1613.72609
-14.036947,355,1614.096786
-82.895147,249,1614.295308
-129.028146,297,1614.61932
-115.133881,301,1614.852203
-42.63966,179,1615.085407
-39.231187,255,1615.286047
-245.107149,417,1615.70818
-103.479531,145,1615.822634
-128.08199,143,1615.936921
-76.162058,304,1616.269841
-203.162469,326,1616.636412
-214.38134,353,1616.908785
-201.583357,544,1617.430003
-59.106377,233,1617.705415
-156.430177,236,1617.889738
-467.207712,785,1618.690744
-124.169812,209,1618.854548
-184.469859,147,1619.063387
51.833619,232,1619.24445
-121.975054,345,1619.605096
-148.233286,163,1619.732695
-135.277245,223,1619.907511
-119.691219,195,1620.157404
6.931629,239,1620.342418
-105.980186,150,1620.551209
-121.04909,187,1620.696146
-83.736776,227,1620.872811
-174.536982,160,1621.092238
-133.192301,236,1621.278361
-63.083265,157,1621.402399
-133.261658,172,1621.631126
-135.435706,150,1621.749719
-67.013131,235,1622.02994
-133.288347,179,1622.174254
-201.074406,323,1622.644604
-153.670208,141,1622.756112
-115.751536,150,1622.875695
-158.23543,165,1623.005306
-205.647031,278,1623.318183
-19.270111,216,1623.487233
-105.422672,192,1623.83714
-226.504025,334,1624.098234
-228.51605,122,1624.287675
-146.384557,268,1624.497693
-94.192887,322,1624.844483
-196.16969,114,1624.934876
-99.848657,170,1625.645377
-57.987151,270,1626.055292
-136.288028,181,1626.198298
-18.703699,335,1626.555257
-107.680393,153,1626.675753
-82.012411,234,1626.953972
-91.597951,132,1627.059767
-164.267172,155,1627.182772
-96.513698,227,1627.454817
-13.272398,213,1627.62258
-145.81086,169,1627.753603
-287.855716,362,1628.130169
-154.800558,347,1628.494908
-33.011845,238,1628.680208
-115.002958,193,1628.925179
-163.110956,239,1629.111339
-97.751029,233,1629.387883
-165.993341,487,1629.768036
-191.776795,144,1629.97266
-41.770982,331,1630.231729
-144.421373,202,1630.483392
-44.739588,341,1630.747192
-91.897788,139,1630.950826
-107.524247,137,1631.060562
0.391942,321,1631.408225
-156.294151,158,1631.533605
-75.551208,142,1631.646813
-182.375847,113,1631.736116
-51.067399,127,1631.929898
-148.635034,182,1632.074689
-86.599383,205,1632.234572
-143.39492,139,1632.437483
-207.435679,478,1632.906672
-116.816979,139,1633.017555
-121.009792,155,1633.139395
-161.056613,163,1633.361268
-175.806559,215,1633.529626
-116.376022,141,1633.641199
-125.847778,146,1633.850535
-89.550238,188,1633.999945
-193.032843,191,1634.154543
-89.573217,210,1634.413204
-109.570894,137,1634.521055
-80.980857,403,1634.93025
-51.243794,271,1635.143253
-151.695812,134,1635.343473
-101.311747,228,1635.52169
-198.548709,125,1635.620504
-111.318361,283,1635.937049
-136.310252,208,1636.100677
-516.405335,226,1636.370584
-112.410276,177,1636.509489
-171.43388,174,1636.646986
-25.873361,464,1637.105339
-608.944796,266,1637.402812
-68.614194,177,1637.540971
-43.104742,221,1637.714969
34.374613,234,1638.108086
-85.893935,227,1638.288101
-157.085011,366,1638.791533
-530.476249,831,1639.894215
-117.886581,155,1640.015834
-108.66182,165,1640.145653
-114.368609,192,1640.519078
-84.363849,226,1640.696792
-124.039171,138,1640.805606
-32.162947,144,1641.013149
-177.578983,236,1641.197664
-134.512015,244,1641.48137
-90.619359,212,1641.648526
-174.518087,152,1641.769558
-312.969447,646,1642.463186
-115.707935,138,1642.573084
39.766062,226,1642.753968
-117.881463,258,1643.049784
-370.202739,311,1643.294546
-54.101587,145,1643.501225
-85.756821,254,1643.70093
-140.180621,272,1644.006619
-151.100833,166,1644.137147
-104.226917,139,1644.247351
-95.626852,196,1644.494334
-101.476822,145,1644.610227
-173.573409,156,1644.734981
-57.753031,174,1644.96854
-164.684364,249,1645.164526
-72.786714,202,1645.417521
-19.779654,176,1645.557092
-97.090105,179,1645.69901
-169.592452,163,1645.920305
-70.861059,191,1646.073885
-95.624147,146,1646.192141
-177.119459,198,1646.441597
-58.846465,153,1646.562248
-107.691156,155,1646.684815
-179.653755,175,1646.917156
-71.281003,182,1647.060871
-224.954012,247,1647.256221
-63.699959,193,1647.501487
-40.138517,244,1647.692541
-68.742925,137,1647.895097
-210.26233,125,1647.994788
-47.859745,200,1648.153485
-50.030693,159,1648.280023
-69.51685,186,1648.521149
-176.783999,263,1648.72945
-36.798076,203,1648.981297
-57.031896,197,1649.138142
-173.817953,135,1649.246679
-182.187623,292,1649.571552
-84.664683,255,1649.770981
-201.4482,417,1650.194218
-16.558664,190,1650.438234
-126.159123,328,1650.69776
-65.037793,508,1651.196381
-70.338965,178,1651.432736
-145.955545,143,1651.54745
-147.780645,243,1651.739861
-198.867723,141,1651.945578
-50.7633,214,1652.117374
-129.690464,151,1652.236827
-123.092715,166,1652.462147
-178.851197,122,1652.55881
-96.088477,206,1652.722269
-184.225177,119,1652.910156
-205.204818,125,1653.008349
-63.692617,261,1653.231404
-111.898778,189,1653.473116
-95.826351,234,1653.657469
-197.057858,120,1653.752822
-148.453294,135,1653.953404
-15.437407,310,1654.198106
-157.856047,128,1654.301134
-190.220718,132,1654.500753
-110.054686,347,1654.77651
-194.086286,129,1655.07799
-194.456848,131,1655.181688
-175.415535,128,1655.28239
-76.670959,139,1655.393201
-30.022003,206,1655.775134
-163.332641,171,1655.909124
-125.633918,177,1656.278431
-100.293184,299,1656.51882
-170.810426,127,1656.618675
-139.062851,142,1656.932198
-152.36247,377,1657.230821
-204.234502,130,1657.428434
-100.265264,163,1657.559648
-714.211536,752,1658.251974
-106.130025,171,1658.4803
-184.097398,136,1658.588561
-122.548107,325,1658.940639
-182.929327,116,1659.033593
-132.058575,172,1659.171134
-167.426669,121,1659.267105
-178.655671,121,1659.457257
-145.090871,136,1659.566327
-202.136179,146,1659.682996
-93.959045,155,1659.898208
-213.649245,126,1659.999187
-200.967997,241,1660.190454
-117.886586,232,1660.470326
16.819333,225,1660.649862
-180.801968,122,1660.746409
-199.236491,111,1661.047411
-154.776711,150,1661.167603
-157.581049,327,1661.518036
-105.922264,231,1661.699519
-47.354014,210,1661.865372
-158.485632,179,1662.09912
-158.314297,192,1662.250569
-168.80472,159,1662.377252
-54.387592,195,1662.625777
-210.718117,123,1662.725168
-140.947128,249,1663.017245
-158.756723,151,1663.137692
-63.113372,192,1663.287589
-69.977848,234,1663.567175
-163.806412,175,1663.704113
-25.850618,202,1663.862723
-166.647615,308,1664.201077
-142.114672,174,1664.339537
-224.358482,321,1664.687731
-307.567064,795,1665.508101
-119.597018,343,1665.782126
-22.23376,192,1666.028546
-170.666585,126,1666.129182
-250.43893,170,1666.262011
-163.835974,126,1666.3629
-156.064313,137,1666.565922
-65.526174,135,1666.672498
-167.334092,295,1666.997602
-295.78443,269,1667.209687
-150.116159,163,1667.338048
-187.234067,291,1667.661156
-189.870468,294,1667.896655
-215.298058,560,1668.653149
-378.120877,389,1668.960874
-316.221098,542,1669.483274
-465.967944,419,1669.90944
-93.456554,247,1670.19737
-164.898509,136,1670.306078
-107.197618,136,1670.41358
-97.92029,209,1670.671301
-130.914966,344,1670.943442
-225.958023,307,1671.279823
-145.790647,243,1671.471684
-150.821546,236,1671.750031
-153.159914,138,1671.860108
-238.269359,310,1672.198985
-127.987918,150,1672.317806
-284.420575,317,1672.661468
-170.10542,133,1672.767165
-173.193674,195,1672.920198
-207.390557,116,1673.105958
-121.315468,234,1673.289628
-214.708445,252,1673.490438
-157.21182,128,1673.684449
-35.796589,284,1673.910126
-179.790126,155,1674.124267
-190.189164,150,1674.243155
-175.141935,159,1674.370033
-130.710333,217,1674.635467
-222.068392,199,1674.792042
-234.970331,258,1674.996826
-455.23403,445,1675.443103
-460.409838,747,1676.921777
-114.433676,1000,1677.900408
-153.339868,264,1678.108396
-225.706266,172,1678.335736
-183.449867,325,1678.593891
-162.47189,429,1679.02733
-112.897817,154,1679.148315
-189.189825,130,1679.343581
-117.784253,154,1679.463463
-168.627644,245,1679.655373
-144.026541,263,1679.955467
-190.503987,159,1680.081879
-283.013576,541,1680.603538
-150.048611,413,1681.024147
-110.938764,311,1681.36501
-163.140432,177,1681.503756
-170.330953,175,1681.6416
-121.228534,381,1682.03687
-136.260402,149,1682.155862
-133.257709,147,1682.363946
-154.752884,235,1682.546645
13.049909,552,1683.074429
-85.030192,502,1683.652504
-105.9027,215,1683.925216
-121.865458,176,1684.063619
-103.276342,379,1684.452085
-184.616871,124,1684.551466
-457.398897,491,1685.031765
-488.495501,530,1685.545486
-82.928342,375,1685.932048
-179.223413,168,1686.067618
-233.482787,153,1686.188642
-79.451635,358,1686.669681
-392.934908,640,1687.34205
-295.252283,576,1688.012496
-60.416032,428,1688.568536
-163.774943,161,1688.920188
75.113465,464,1689.286427
-87.389965,267,1689.703217
-188.951157,611,1690.390418
-107.297421,141,1690.503966
-58.977034,318,1690.991785
-214.508744,236,1691.399814
-195.137897,408,1691.720862
-482.551772,551,1692.381641
48.544983,310,1692.848972
-184.841903,426,1693.404881
-588.049451,690,1694.17723
-146.379501,161,1694.507719
-441.79457,582,1695.17023
-132.322491,165,1695.301362
-155.793772,474,1695.88214
-118.356847,158,1696.006775
-44.4352,736,1696.77174
-101.984274,602,1697.339238
-42.325934,224,1697.516842
-314.248613,257,1697.881788
-66.53296,234,1698.068355
-13.232431,419,1698.490708
-296.987029,541,1699.001399
-276.864457,555,1699.543627
60.972785,679,1700.336668
-64.833888,308,1700.613324
-186.122293,454,1701.081119
-166.98556,446,1701.527792
66.374555,691,1702.174245
-2.757891,514,1702.717432
-86.864794,150,1702.932158
-83.492903,195,1703.091075
-51.487431,181,1703.23726
36.973371,693,1704.014422
-92.159635,243,1704.221607
-399.540193,265,1704.573103
-15.078234,198,1704.750036
-38.755962,200,1704.959485
-95.680526,195,1705.364159
121.315811,334,1705.791238
-297.148854,582,1706.980013
-54.985469,190,1707.236775
-230.013255,289,1707.600309
-28.411421,130,1707.971297
7.95779,398,1708.667747
127.178942,468,1709.289886
-68.842468,559,1710.341998
-116.497692,157,1710.548657
-63.725009,233,1710.847802
-100.578206,133,1711.175913
-42.036513,295,1711.576623
16.892778,491,1712.399258
116.841144,281,1712.935493
-188.711023,512,1713.79274
-23.826981,182,1714.035718
-43.473664,223,1714.335003
2.855715,287,1714.868337
-196.32764,559,1715.807607
-130.466545,134,1715.99351
-66.314374,188,1716.418116
-238.926553,366,1716.877023
-122.809467,135,1717.225024
-437.350103,172,1717.4421
-107.193104,146,1717.633288
-143.252115,177,1718.113296
-81.830521,143,1718.337399
-129.280635,157,1718.572326
-94.88904,178,1718.995631
-55.564222,193,1719.288979
-107.44877,233,1719.614691
-334.06928,578,1721.048373
-127.554396,158,1721.283864
67.009456,362,1722.05927
-21.262401,312,1722.477726
-28.90792,247,1723.090675
199.253101,690,1724.272969
60.927578,349,1724.98547
-51.842406,249,1725.328473
-10.132161,378,1725.966568
-49.994423,233,1726.292512
200.983324,570,1727.228973
-28.781276,255,1727.753275
-410.253233,238,1728.06028
136.749955,538,1729.009004
13.848237,380,1729.671032
188.694333,496,1730.473037
-135.647623,154,1730.69645
-170.597841,155,1731.049893
-61.50853,255,1731.387456
113.266516,455,1732.135445
13.716625,345,1732.745993
-449.543361,289,1733.121158
-29.769451,210,1733.556669
-141.502111,156,1733.764853
-8.613602,350,1734.372393
-8.502464,217,1734.656963
-64.701105,264,1735.164532
-173.150689,601,1736.23186
-99.688318,151,1736.437866
852.429452,1000,1738.220292
69.335812,280,1738.865751
-112.290829,134,1739.043998
-98.229446,236,1739.358026
159.37467,1000,1741.086654
-10.388858,200,1741.537506
159.428487,408,1742.278918
-416.965178,539,1743.198721
-75.484376,203,1743.465205
-327.113607,390,1744.187328
-39.336391,133,1744.366668
156.051433,575,1746.118813
-54.757131,129,1746.287051
-49.294664,234,1746.744076
-45.263351,667,1747.802757
-64.697964,133,1747.983145
-100.701406,147,1748.324245
-116.782148,151,1748.53261
-70.16092,151,1748.738801
-109.720979,247,1749.211226
-416.914504,330,1749.653752
109.63319,297,1750.206159
-27.834368,256,1750.730486
-431.895634,232,1751.068355
82.796487,202,1751.341089
8.460693,242,1751.831496
-92.250379,152,1752.023871
-92.852496,143,1752.211138
-274.417458,235,1752.658781
165.540794,503,1753.492356
-71.346176,122,1753.658453
-109.468053,150,1753.865499
-394.614469,383,1754.525584
25.975095,185,1754.901622
-66.481226,171,1755.131588
-75.23809,128,1755.309977
-160.124252,156,1755.520616
-334.020705,373,1756.17102
-35.982055,175,1756.410939
-55.000225,143,1756.739951
-55.51121,157,1756.946826
-23.396687,191,1757.193641
58.989547,336,1757.791188
-105.486933,177,1758.025262
-24.80698,208,1758.447925
-37.895526,150,1758.649361
140.941588,413,1759.382425
10.516767,186,1759.629304
-127.048855,157,1760.020081
-113.397656,162,1760.232536
-99.322228,166,1760.449135
22.105292,526,1761.207405
-8.456515,209,1761.556913
106.541674,444,1762.085698
-91.974557,122,1762.211176
-306.931139,306,1762.49204
-512.813746,739,1763.415503
-74.438364,173,1763.559796
47.197599,221,1763.861105
-137.720918,167,1764.01283
-19.349718,191,1764.185423
21.302996,289,1764.556266
99.171312,218,1764.7391
-10.316783,238,1765.036242
7.22529,143,1765.162046
10.770637,195,1765.325243
-68.679981,232,1765.647706
-95.151094,153,1765.774816
-66.566132,210,1766.043133
-40.742644,179,1766.188963
-75.074588,143,1766.306755
-30.18023,126,1766.406649
-78.76717,142,1766.634267
-66.093909,154,1766.765815
-215.925407,218,1766.949466
-201.23075,242,1767.248142
-104.471661,153,1767.373197
-121.365499,165,1767.610826
-8.752466,130,1767.718853
-128.165254,214,1767.897983
115.626674,353,1768.280615
-116.370762,146,1768.397652
-90.636144,147,1768.517668
-148.58505,145,1768.733355
-194.494255,162,1768.864049
61.654333,234,1769.150148
-126.431204,148,1769.27412
-41.989494,145,1769.39314
21.57994,267,1769.703285
-84.208382,183,1769.85006
-38.215494,371,1770.239637
-200.290671,148,1770.360731
-130.502666,133,1770.465894
-174.072367,150,1770.681238
-122.51403,126,1770.781403
-31.263786,145,1770.898651
-41.034668,189,1771.051686
-132.244172,154,1771.268516
-82.742879,151,1771.389058
-148.967488,242,1771.674997
-125.516528,151,1771.795226
-85.771368,150,1771.914924
-17.579192,203,1772.168909
-73.318371,183,1772.315334
-129.141462,156,1772.440569
-32.870152,250,1772.732316
-385.208245,146,1772.846445
-73.472926,150,1772.965547
-56.318412,159,1773.183739
-20.753182,146,1773.298817
-53.487199,154,1773.419349
-30.713172,286,1773.742662
-219.561745,276,1773.959819
-21.982761,248,1774.251931
-50.564197,140,1774.371204
30.541212,187,1774.518569
-55.099389,137,1774.718815
-49.356404,147,1774.834893
-49.822252,199,1774.993702
-79.952732,136,1775.210623
-55.325993,201,1775.370298
-10.414512,235,1775.556424
-11.278529,138,1775.758909
-37.814736,240,1775.952753
-150.715737,119,1776.061231
-93.160602,142,1776.265853
-104.84201,139,1776.376471
-65.626284,144,1776.490443
-13.556687,161,1776.711033
-69.700244,174,1776.850429
-129.666319,146,1776.971584
-8.228058,149,1777.09409
-437.605867,116,1777.279628
-88.162011,164,1777.415744
-51.910128,150,1777.540805
-128.543618,160,1777.761387
-80.014046,150,1777.884021
140.011764,192,1778.042089
-147.567264,120,1778.234288
-120.68542,147,1778.35543
-126.045034,149,1778.478195
-166.793464,123,1778.57863
-103.831256,131,1778.778193
-14.647527,125,1778.879102
-75.464829,280,1779.106004
-174.417481,160,1779.331613
-108.8258,166,1779.464616
-21.284006,287,1779.78494
-56.167861,146,1779.903086
-95.813963,185,1780.051193
-27.38148,212,1780.322555
-415.475493,322,1780.57796
-103.804971,179,1780.827296
50.331441,313,1781.085716
-64.834613,251,1781.390463
-62.889287,156,1781.512743
-117.144293,155,1781.637513
-73.484257,173,1781.868977
-109.901666,165,1782.001215
-12.379922,349,1782.371648
-364.554528,248,1782.57324
-119.972803,266,1782.873626
-108.197653,241,1783.068524
-504.2146,279,1783.384608
-59.062835,150,1783.504947
-38.848631,184,1783.65565
-64.062164,253,1783.961628
130.888494,766,1784.674485
-342.200066,335,1785.039483
-97.046737,261,1785.245782
-15.559575,671,1785.972716
-247.552757,366,1786.371882
-172.75208,323,1786.633073
-548.892514,510,1787.137743
-352.478212,220,1787.402497
-593.268044,259,1787.608984
-76.707114,190,1787.759675
-42.412433,357,1788.13346
29.27917,246,1788.427385
-34.837187,202,1788.590813
78.321239,334,1788.954106
-495.379796,172,1789.091655
-393.720844,248,1789.289043
-344.6937,243,1789.579897
338.899423,501,1790.101399
-301.915437,642,1790.707694
162.335367,614,1791.319059
172.99468,928,1792.501173
41.291332,439,1793.142833
-540.475592,285,1793.460315
-212.87964,304,1793.704037
205.972807,512,1794.217998
-39.965094,177,1794.541991
-332.597148,228,1794.723826
-83.557483,206,1794.896943
-42.875052,191,1795.145577
-25.108122,178,1795.285584
-76.613271,244,1795.575797
-344.645304,244,1795.772183
-525.018278,283,1796.097328
-277.507582,278,1796.316962
-101.154523,286,1796.634234
-105.405394,183,1796.782138
39.73818,368,1797.164706
-127.308727,151,1797.28598
-97.429289,153,1797.408884
-74.986952,345,1797.776994
-169.215906,163,1797.908819
-182.956537,160,1798.130925
8.521244,264,1798.347457
-186.184164,159,1798.57124
-144.026732,162,1798.703434
-108.995036,256,1798.910625
-77.483094,186,1799.155724
-108.173242,181,1799.309476
-303.386418,262,1799.607211
-312.992847,346,1799.877146
-57.912586,132,1800.077329
166.532347,467,1800.449512
-26.644612,266,1800.843347
16.047304,327,1801.337322
-107.828019,242,1801.55701
107.034642,329,1801.952908
-58.489216,144,1802.080742
-59.187284,461,1802.70661
-21.191085,191,1805.15062
32.075842,306,1805.511082
-82.532312,601,1806.127675
-66.465187,261,1806.449496
62.953001,262,1806.676156
-59.207991,241,1806.976613
-313.473779,212,1807.163425
-460.977831,124,1807.26813
-116.529763,246,1807.577182
270.983923,510,1808.109571
-76.40189,184,1808.271452
-58.856516,309,1808.634397
-13.904735,455,1809.132214
20.588399,414,1809.490188
-221.722635,392,1809.917053
-153.10108,167,1810.063038
-277.763314,378,1810.478075
-52.570374,176,1810.630741
173.059781,355,1811.036965
3.36921,195,1811.299779
-111.917011,229,1811.498507
96.393259,334,1811.988116
-76.75029,151,1812.11445
-98.506084,164,1812.251879
-178.904255,166,1812.488881
153.974605,400,1812.855908
-42.685055,169,1813.105003
-125.9261,438,1813.587926
-67.815994,140,1813.716015
174.959323,423,1814.271728
-146.450172,306,1814.537137
-174.849658,391,1815.115563
-93.065713,158,1815.259006
-212.322934,256,1815.698452
-69.293097,204,1815.882154
-56.26716,184,1816.270959
-85.273571,176,1816.426182
73.172795,267,1816.663121
-87.783511,177,1816.918173
-58.325961,178,1817.076633
-286.496879,184,1817.334952
-371.996872,245,1817.549867
-17.041204,238,1817.76575
23.597493,187,1818.123309
-105.331938,174,1818.277245
-296.385289,142,1818.40182
27.534457,261,1818.856389
-48.271221,169,1819.003782
-105.68949,146,1819.368839
-173.137049,288,1819.621106
-254.741434,151,1819.749609
-45.986874,178,1820.129337
-294.046651,308,1820.392609
-48.743757,137,1820.731662
-24.619744,223,1820.924431
-245.235881,233,1821.219823
-242.627113,352,1821.531507
-43.321636,182,1821.781868
-14.453661,139,1821.910045
332.27261,338,1822.355533
-64.105018,143,1822.481364
-108.212131,153,1822.61481
-51.679677,137,1822.7349
-321.134188,151,1822.966978
-61.881727,178,1823.123142
-55.948358,145,1823.248383
-42.355219,144,1823.472501
-50.47105,133,1823.608034
-124.875513,155,1823.750757
-247.903202,126,1823.856959
-272.813456,120,1824.051341
-137.684784,176,1824.205964
-154.838637,191,1824.375284
-19.750171,135,1824.614411
-71.125133,152,1824.752777
-74.183447,211,1824.940176
21.725046,192,1825.215034
171.752594,382,1825.547212
-18.955266,129,1825.760347
-35.492607,200,1825.933446
-101.819355,140,1826.054296
-428.507425,115,1826.245509
-117.27244,246,1826.463625
-357.093761,546,1827.025884
-31.766727,207,1827.205839
-94.272092,163,1827.469466
-83.692957,163,1827.612297
-83.218902,190,1827.867957
-126.2661,237,1828.074357
-21.805462,292,1828.421326
-347.437928,128,1828.531513
37.328805,294,1828.794089
19.787262,234,1829.107116
69.88274,228,1829.306956
-109.347395,174,1829.551896
-135.989691,179,1829.713279
53.399734,330,1830.097973
-36.82069,166,1830.243534
-253.499007,522,1830.804565
-314.043163,196,1830.972306
-37.247636,247,1831.280939
-100.644928,145,1831.408411
-58.465143,317,1831.77886
-13.612847,250,1831.997251
228.124977,327,1832.373127
-52.857681,160,1832.522783
-202.889778,187,1832.859198
-341.386856,129,1832.969956
-36.960063,219,1833.165312
90.802792,320,1833.671345
-75.307311,147,1833.805893
72.868154,388,1834.239665
-58.058197,309,1834.506652
70.322348,317,1834.991874
-106.041668,500,1835.541314
-168.571977,201,1835.712567
-122.252882,149,1835.938179
-381.923791,266,1836.175353
-69.947407,322,1836.555597
-35.06304,134,1836.672702
-22.35881,137,1836.79241
41.609192,202,1837.067362
-44.223784,180,1837.223059
39.224789,205,1837.496037
-27.103048,316,1837.773726
-115.36574,173,1838.016977
-72.283013,143,1838.147571
-291.270175,237,1838.357903
-50.17654,204,1838.625601
-85.212185,256,1838.847032
-28.409116,139,1838.967813
-3.512065,194,1839.22804
-29.195037,299,1839.490904
-286.32271,254,1839.80542
-95.18721,179,1839.969991
-3.167082,236,1840.301584
121.475313,330,1840.590304
-83.538454,177,1840.844508
-72.650828,254,1841.073112
-416.68644,158,1841.307785
-236.176042,243,1841.519876
-131.132477,170,1841.671171
397.175126,553,1842.254048
-54.360272,186,1842.518429
8.807145,222,1842.722374
-488.259579,201,1842.99469
-80.457199,157,1843.138325
-90.591119,197,1843.320813
-114.089735,190,1843.594046
-106.448512,166,1843.746318
-43.706279,267,1843.993784
-192.178454,170,1844.252834
-309.40467,287,1844.512468
-103.893915,168,1844.767856
-144.030671,183,1844.934444
-58.155794,214,1845.143377
-98.035446,196,1845.453909
-68.031173,194,1845.628794
-64.988782,328,1846.019986
22.327144,262,1846.254936
-80.201018,244,1846.649198
-245.634779,251,1846.887757
-68.328689,181,1847.169005
-84.010656,255,1847.397199
-218.870681,156,1847.639763
-97.869536,143,1847.772301
-45.275044,191,1847.95313
-38.516537,215,1848.256361
-166.920454,158,1848.411381
-117.977417,359,1848.834957
-139.292571,231,1849.05311
-79.178196,247,1849.383064
-166.337476,157,1849.520165
-46.213316,210,1849.702841
-61.08339,265,1850.030926
-139.236863,163,1850.178054
-17.662805,203,1850.366832
-132.156067,169,1850.61209
-263.40031,226,1850.804237
22.782518,256,1851.134839
19.23766,229,1851.34466
-41.138312,193,1851.629829
-91.057087,148,1851.77151
-357.431117,252,1852.000333
-72.528047,242,1852.332516
-65.6147,221,1852.535398
-256.667379,277,1853.009907
92.449485,307,1853.28156
-67.136167,173,1853.53197
-348.146313,248,1853.74665
-216.240172,213,1854.033513
-112.224352,190,1854.2042
-149.458863,168,1854.356057
-107.57078,260,1854.696769
-33.167827,219,1854.895843
-176.076043,155,1855.130364
20.581719,485,1855.658748
61.950421,311,1855.932448
-291.105842,275,1856.270667
-1.450143,288,1856.539504
12.350065,269,1856.880594
-80.104824,181,1857.037297
-88.010703,243,1857.464826
23.191881,208,1857.677927
-55.740386,192,1857.858603
-52.954582,137,1858.205042
-64.409473,138,1858.335138
-7.199601,202,1858.517126
-75.759123,209,1858.923444
-126.452286,169,1859.075244
24.084521,760,1860.205154
-44.315851,202,1860.390471
-65.733813,197,1860.563832
-96.026583,145,1860.796256
-65.38691,185,1860.970125
36.649066,270,1861.203273
-22.147423,237,1862.344392
93.562283,414,1862.924345
8.638669,200,1863.105667
192.081715,534,1863.80127
-117.378813,152,1863.931667
-11.617707,239,1864.395737
0.523919,246,1864.6141
-110.059185,168,1864.990635
197.000773,447,1865.493816
-88.982375,162,1865.635913
-8.54571,206,1865.821486
-159.127209,147,1866.054055
-100.405204,180,1866.215487
273.700086,528,1866.869648
-98.967637,141,1867.001192
26.431412,854,1868.005837
-2.500653,196,1868.184457
-191.914294,164,1868.436736
-11.709048,260,1868.672267
-58.600672,184,1868.941933
-93.444897,203,1869.127397
-112.443382,134,1869.242936
-42.611277,235,1869.555848
-132.911234,163,1869.706076
-48.525842,280,1870.059738
20.708636,302,1870.336472
-341.801167,225,1870.643177
-348.610342,341,1870.949705
-70.687548,232,1871.269935
-23.097102,193,1871.44794
-97.103878,188,1871.611462
61.269242,622,1872.603544
329.76029,561,1873.341283
-119.384403,167,1873.489875
-69.940467,276,1873.865407
-4.980276,466,1874.291639
-128.048071,153,1874.670814
122.886987,581,1875.438982
-123.028875,243,1875.651769
-147.323937,152,1876.009896
-91.792085,201,1876.18963
-45.380731,240,1876.617707
-48.472722,135,1876.744162
133.221994,429,1877.388229
19.034795,280,1877.636961
-68.620355,145,1877.768636
-148.839621,129,1878.118973
-100.533194,240,1878.334841
-73.004134,186,1878.730755
-54.339222,340,1879.183834
-158.286691,189,1879.562541
-160.121233,187,1879.758447
-98.060375,335,1880.295903
-165.299656,387,1880.774653
-94.363684,235,1881.123565
-32.011574,198,1881.321029
-186.434833,250,1881.697913
-170.06928,244,1881.968674
-57.377189,329,1882.384767
-6.032331,409,1882.862944
-155.114673,162,1883.011564
-107.711995,151,1883.149217
-97.449603,156,1883.430164
-179.644942,185,1883.596644
-121.974597,140,1883.721121
-72.333238,385,1884.1681
-151.652831,133,1884.289629
-108.140258,148,1884.423666
-46.95354,191,1884.709651
-129.00875,187,1884.877547
-144.664771,183,1885.13876
-61.553518,333,1885.432377
-155.888418,172,1885.68321
-98.050537,314,1885.968056
-138.953576,170,1886.228105
-162.10058,175,1886.390048
11.274318,560,1886.993241
-115.847697,238,1887.203688
-20.345625,406,1887.671504
-45.140003,213,1887.972185
-18.547484,237,1888.18432
-82.50685,143,1888.313753
-136.646838,178,1888.620803
-51.463407,232,1888.837603
-52.76657,325,1889.278054
-64.735301,256,1889.520465
-21.146611,356,1889.958232
48.152474,314,1890.333452
-76.634554,144,1890.485435
-62.806575,250,1890.702165
-5.362405,495,1891.259939
31.250431,474,1891.810418
-40.629695,132,1892.238874
-117.189943,243,1892.460581
118.044139,394,1892.939837
-98.595655,173,1893.09436
-93.278669,212,1893.388311
12.665383,326,1893.676546
-96.534518,166,1893.823979
12.989459,520,1894.480811
7.492357,560,1895.072712
-108.439233,186,1895.250243
-132.85097,193,1895.420753
129.54288,498,1896.060151
-29.744586,242,1896.416132
-35.829552,337,1896.707449
37.062336,403,1897.28068
-112.345975,239,1897.710259
-5.437058,196,1897.876834
-66.207547,220,1898.279963
-34.780776,474,1898.694477
-84.545613,144,1898.920575
-176.196795,165,1899.062457
-54.733401,258,1899.46542
5.287903,390,1899.800195
-128.298254,243,1900.239849
-130.679927,149,1900.371853
-114.700089,140,1900.493766
-115.297049,136,1900.847344
-137.524317,193,1901.015833
-17.173386,261,1901.24021
-105.577131,141,1901.460742
48.234641,278,1901.699617
174.052572,686,1902.490552
283.402411,706,1903.210355
-55.626191,171,1903.360825
-121.287764,158,1903.596529
-66.496687,187,1903.759863
-135.387111,123,1903.863265
-151.960319,169,1904.109935
-35.902808,188,1904.271379
-119.366407,155,1904.406289
-65.58165,132,1904.622397
8.790618,276,1904.871045
-62.989567,170,1905.024311
-103.646356,140,1905.259899
-39.205236,266,1905.507328
-67.710801,228,1905.806195
-12.376577,228,1906.0022
-43.447208,185,1906.160544
-61.178519,318,1906.530234
7.616857,406,1907.087603
-125.229271,184,1907.24374
40.446742,316,1907.723083
-129.425891,125,1907.828644
-141.604413,167,1907.970524
-109.466836,193,1908.345005
-17.83559,324,1908.626254
7.04367,400,1909.073775
430.95802,912,1910.067653
-123.850564,158,1910.201833
-24.823885,331,1910.586038
-79.345115,140,1910.708588
100.391259,350,1911.111779
-49.343416,190,1911.273654
-168.224261,164,1911.512115
19.763686,255,1911.735159
-77.566628,180,1911.890484
-136.826384,173,1912.135304
51.870947,476,1912.636664
95.868875,461,1913.126331
-90.846142,160,1913.26338
-48.011097,191,1913.425863
165.285024,643,1914.166831
12.096998,271,1914.403977
-68.602455,136,1914.520767
1.769516,258,1914.850562
54.432439,415,1915.321407
4.684543,372,1915.641188
-46.689727,248,1915.958223
-140.156886,164,1916.101641
-143.127382,168,1916.343642
65.023266,211,1916.526257
-28.898417,251,1916.741803
-81.418498,247,1917.052521
-75.507948,142,1917.180223
-61.652107,148,1917.309126
-99.800031,167,1917.552423
-101.451201,167,1917.697241
37.218536,288,1918.043913
40.546699,277,1918.287482
-48.008959,125,1918.397204
-35.5305,216,1918.684597
-67.438156,139,1918.805692
-122.588924,160,1918.943564
-35.331938,133,1919.153869
-7.509478,138,1919.274011
-47.250362,139,1919.394772
-86.192974,144,1919.615078
-52.520838,150,1919.748136
-87.634306,143,1919.875782
-54.902766,143,1920.00196
-45.657963,137,1920.222477
-125.702022,169,1920.367149
-41.545417,130,1920.479251
262.736,623,1921.73447
-49.230528,138,1921.952606
-68.146205,128,1922.063654
-36.206704,131,1922.177566
-33.682375,135,1922.396961
-53.270195,146,1922.525227
-51.946098,234,1922.733207
-31.320765,131,1922.944694
-67.600735,140,1923.071029
-46.095417,131,1923.188538
-6.15757,130,1923.302322
-84.69766,153,1923.536258
-157.493865,164,1923.682642
-120.801897,170,1923.836149
-112.241179,162,1924.075885
-22.927941,129,1924.1921
-23.589899,128,1924.303039
-122.966827,175,1924.472906
-28.925341,124,1924.685425
-19.128145,127,1924.803161
-50.479457,180,1924.961885
-55.895551,132,1925.171533
-65.474998,142,1925.297361
-132.837668,160,1925.440017
-82.446179,154,1925.573417
-49.651131,142,1925.799221
-96.016177,154,1925.932271
-109.688374,153,1926.067471
33.903506,396,1926.596303
-20.665137,143,1926.727026
-124.772253,165,1926.979777
-86.482109,128,1927.092987
-26.350597,214,1927.285871
-2.295059,273,1927.714688
-126.357098,173,1927.869148
-48.136903,255,1928.194727
-48.983379,237,1928.405292
-45.773877,140,1928.529494
-90.42676,160,1928.777423
-18.067586,133,1928.892676
-50.416452,148,1929.024349
-83.19418,165,1929.268701
-73.074643,148,1929.40164
-28.666676,133,1929.518616
-41.170545,147,1929.651454
63.040204,207,1929.931477
16.82513,202,1930.109499
-45.211787,143,1930.331484
-39.981721,139,1930.457594
-132.086067,170,1930.61111
-116.369113,178,1930.767791
-60.424852,197,1931.037149
6.008385,230,1931.240726
105.626011,463,1931.754101
47.638022,216,1932.04091
-112.005149,154,1932.178916
-29.611146,138,1932.299678
-99.455903,145,1932.427666
-84.151264,151,1932.659073
-59.013877,147,1932.785202
-32.019264,148,1932.916132
-104.851423,173,1933.160604
-35.168709,136,1933.283517
197.690876,476,1933.796226
-58.690217,152,1933.927869
80.335889,368,1934.355325
-146.223967,170,1934.55711
-20.380067,139,1934.78723
-102.086553,176,1934.948656
-45.219506,143,1935.079782
-12.17464,136,1935.199407
-24.644999,131,1935.421606
-52.15997,142,1935.554555
-126.28899,172,1935.711842
-64.054017,146,1936.004868
-51.083527,146,1936.185855
-79.905694,183,1936.346585
11.830598,299,1936.722586
-94.500475,229,1936.934357
-97.196958,162,1937.181754
-72.999398,187,1937.351829
-279.675534,423,1937.830979
-120.123191,169,1937.99056
28.137174,246,1938.307125
-100.879736,182,1938.469415
-39.639008,149,1938.601032
846.02003,1000,1939.687293
-54.813358,146,1939.814633
41.76947,264,1940.155145
55.199911,301,1940.645174
136.108169,340,1940.940539
-40.490546,190,1941.205158
-1.020134,195,1941.374779
-28.20866,240,1941.584574
130.063004,412,1942.035636
31.64053,193,1942.302734
12.90183,260,1942.532031
-210.646517,176,1942.683362
-13.425894,133,1942.901211
-79.042164,175,1943.058105
421.540162,593,1943.680374
-13.972826,143,1943.809215
133.496707,451,1944.329543
278.225238,580,1945.037092
-104.723075,166,1945.186958
-133.535315,378,1945.615996
244.022711,427,1945.999996
-31.996147,194,1946.269295
157.985615,576,1946.875315
-332.520391,158,1947.01333
338.402079,533,1947.582318
393.315297,736,1948.432095
-516.19128,159,1948.570519
413.570003,443,1949.061286
161.601353,505,1949.595525
-348.122052,111,1949.689102
-283.0981,146,1949.81329
-324.215255,331,1950.202446
-325.11169,154,1950.33289
-380.745978,168,1950.611663
-179.662918,236,1950.822391
-231.744757,214,1951.278788
136.535244,269,1951.522019
295.647751,570,1952.238992
-210.5323,323,1952.733416
-258.07549,287,1952.97903
675.40287,1000,1954.287086
-220.70577,200,1954.666829
41.709895,375,1954.980447
182.146758,464,1955.603617
128.40304,275,1956.06812
243.480123,434,1956.671324
252.7509,417,1957.249848
55.515587,213,1957.431616
86.743076,331,1957.845744
-48.560859,138,1957.966489
460.67518,591,1958.688066
-21.648649,135,1958.807674
-29.717627,137,1959.026502
-293.321998,341,1959.350951
-114.232405,171,1959.631591
49.665176,194,1959.806539
101.573439,248,1960.02697
-2.020265,141,1960.257717
-29.365101,146,1960.393204
239.97524,358,1960.812693
17.759322,184,1960.978436
-60.490659,175,1961.133693
85.022384,207,1961.423692
-65.86666,150,1961.557422
-328.107957,158,1961.694569
-102.744446,168,1962.083216
-7.901215,133,1962.199021
-356.273783,166,1962.339577
3.463813,132,1962.693245
-76.572628,161,1962.83503
-94.432105,163,1962.976626
-49.560869,138,1963.09597
61.865282,254,1963.529229
79.023744,308,1964.027456
3.106995,149,1964.158321
-34.182388,131,1964.272097
-35.644156,188,1964.434763
248.560364,439,1965.031376
76.894362,214,1965.437742
78.66137,332,1965.729667
-43.612291,175,1966.098691
-155.431039,381,1966.422638
-21.593761,187,1966.68877
17.706701,185,1966.850482
55.728028,203,1967.200216
-92.210606,167,1967.349856
573.72132,749,1968.161757
-14.025922,136,1968.435548
-5.012707,135,1968.58751
-27.519083,176,1968.798247
-19.763568,132,1969.057924
24.433109,241,1969.274242
-55.404641,131,1969.386834
-48.797066,139,1969.709618
-6.666245,174,1969.864719
-97.764082,164,1970.00931
159.446251,421,1970.584416
194.212221,460,1971.184133
159.978084,320,1971.664956
-19.328772,134,1971.781678
-2.667412,209,1971.963089
31.64319,251,1972.416231
-57.173768,182,1972.57608
30.009815,134,1972.692026
41.093037,138,1973.02943
-12.316948,151,1973.160774
334.482523,783,1973.945616
-88.466279,178,1974.295072
-75.267836,182,1974.456031
65.023239,201,1974.629383
63.01887,223,1974.922465
-43.189572,168,1975.066004
-35.7299,138,1975.349965
115.238797,254,1975.566947
-25.232191,145,1975.690814
-60.798594,144,1976.026377
-87.061501,142,1976.148829
-12.86512,165,1976.290878
50.441012,196,1976.643684
-12.900364,137,1976.761513
-33.047649,145,1976.885372
-30.451335,125,1976.992169
-62.178379,141,1977.209406
-45.911738,150,1977.345635
-58.482573,204,1977.533016
-129.443524,149,1977.764317
116.976618,366,1978.079691
-24.380066,166,1978.321897
-55.641558,134,1978.438841
136.223776,255,1978.662284
257.809022,407,1980.097093
58.669114,205,1980.372536
-324.864711,324,1980.675741
338.900031,557,1981.324632
54.450103,238,1981.64496
285.798689,459,1982.185801
137.683251,392,1982.536937
116.852441,331,1982.954094
-218.493837,446,1983.520912
-52.478619,189,1983.685719
-76.133839,166,1983.943112
-51.155251,178,1984.105386
-55.903537,145,1984.234514
292.741723,536,1984.819606
-102.261585,125,1985.037735
-19.41499,149,1985.169755
41.553937,285,1985.426442
-0.624318,244,1985.747981
20.241446,238,1985.952793
-35.691421,392,1986.520601
415.326823,632,1987.135658
-51.853987,142,1987.342184
-70.533211,131,1987.44617
-86.682152,145,1987.56179
26.210266,234,1987.840558
-81.244489,139,1987.952023
-59.003456,169,1988.086558
-94.643015,165,1988.309556
-64.723724,134,1988.415343
-35.984998,370,1988.804939
-106.447642,186,1988.950248
-90.866074,177,1989.091531
-60.647601,141,1989.298246
-86.318359,142,1989.411968
-21.00606,140,1989.522196
-118.6563,171,1989.656517
-70.1914,134,1989.856736
46.485736,209,1990.020592
-70.812831,115,1990.110207
-49.472318,130,1990.306893
-110.63566,144,1990.421433
-139.535155,132,1990.526886
-70.107038,141,1990.637918
-81.551232,145,1990.845729
-74.148479,162,1990.975212
-61.863293,169,1991.10927
185.19959,450,1991.561131
-387.770983,288,1991.877002
-119.515037,140,1991.987956
120.928077,453,1992.443576
-110.222747,149,1992.561282
-27.06786,130,1992.663048
-39.99581,135,1992.863098
-79.675649,135,1992.969578
-84.525245,150,1993.089531
-95.119431,165,1993.312122
-96.437049,148,1993.430033
-89.140356,130,1993.533437
198.180213,346,1993.901596
-113.057247,148,1994.019715
-28.289428,177,1994.159957
-91.651327,140,1994.364066
-106.645688,162,1994.493226
117.935157,418,1994.913877
-56.563609,136,1995.020693
15.20535,466,1995.485657
-119.587847,166,1995.616467
-48.835945,141,1995.820207
-23.618156,135,1995.928346
11.864223,185,1996.078092
-68.809143,137,1996.278915
-101.938568,154,1996.401166
-119.18061,158,1996.526664
61.909891,182,1996.669466
-102.434895,125,1996.99402
-62.696635,246,1997.189395
-121.467719,170,1997.414862
-51.411728,139,1997.527351
3.957029,178,1997.666422
-75.522869,157,1997.790619
-13.394795,162,1998.010638
-5.881123,133,1998.117585
-124.825126,154,1998.239949
27.101443,290,1998.558449
-92.12316,172,1998.696875
-30.281704,139,1998.898399
178.871668,430,1999.236942
-73.400029,164,1999.458708
-9.546159,135,1999.565127
265.275248,469,2000.025991
307.374472,747,2000.705894
-17.395851,180,2000.943382
117.048417,355,2001.225419
52.160882,294,2001.550639
-125.921042,135,2001.656789
92.136265,363,2002.03758
-93.483763,127,2002.137851
-81.921314,174,2002.367394
-125.477593,164,2002.498739
-119.35361,135,2002.604946
-94.293373,162,2002.733387
161.398841,431,2003.168451
-3.433762,400,2003.580231
-95.409878,126,2003.679001
-93.384636,140,2003.888373
130.794316,474,2004.261689
50.049428,381,2004.657474
-83.96644,188,2004.900678
-72.029186,139,2005.011462
-42.779147,184,2005.157238
-98.248543,139,2005.266172
22.543242,212,2005.524714
9.929386,207,2005.690609
69.984769,421,2006.116527
-82.105561,184,2006.261798
-97.989168,170,2006.490043
-380.166017,285,2006.713608
-93.620739,190,2006.954656
-101.850477,176,2007.094956
-111.364014,161,2007.223474
-96.057838,157,2007.437543
-8.174342,291,2007.666229
154.12137,442,2008.110381
-81.979079,141,2008.22274
-136.226182,127,2008.413658
-52.752223,172,2008.549356
187.590951,578,2009.099849
-101.81165,151,2009.219358
66.392406,374,2009.610124
-86.552945,303,2009.944199
-7.328472,252,2010.145228
-84.385245,143,2010.35065
-57.280229,183,2010.49678
-165.428966,108,2010.580665
-97.257873,125,2010.68043
305.061308,955,2011.704747
-6.523649,336,2012.068861
-83.52476,129,2012.172332
-63.355998,188,2012.323333
4.647897,194,2012.569886
-5.506262,194,2012.723509
456.228481,799,2013.555073
-151.549314,113,2013.643548
-43.207126,168,2013.77745
-62.138086,129,2013.973516
355.990581,930,2014.804483
-15.976735,132,2015.000634
-38.517351,137,2015.109551
161.080835,354,2015.485332
-120.401039,130,2015.588169
-60.704524,132,2015.692199
-91.81824,139,2015.802494
-104.989333,162,2016.025256
479.735416,716,2016.688136
-85.182722,139,2016.797371
77.550825,245,2017.084178
-6.124934,168,2017.214895
-30.909574,288,2017.537589
-69.686521,125,2017.63709
75.339449,231,2017.822214
-74.689469,123,2018.011528
-92.91575,157,2018.136287
-102.936773,178,2018.277554
86.767248,337,2018.678041
-88.103286,153,2018.799361
-25.510594,138,2019.134377
46.392056,209,2019.299247
-41.893,140,2019.409428
-107.504346,153,2019.621463
-106.880987,128,2019.724114
-65.016761,243,2019.914362
-88.083257,159,2020.131156
-6.499573,199,2020.289468
-155.394241,111,2020.377257
782.700575,1000,2021.426792
76.27988,245,2021.745052
36.644521,222,2021.940495
-84.928063,168,2022.077096
85.371629,299,2022.429988
-67.262307,143,2022.547253
-1.153501,215,2022.808646
126.571571,269,2023.019422
-39.80063,392,2023.435007
157.71107,388,2023.898527
247.802498,652,2024.548838
21.3863,193,2024.716063
70.020384,305,2025.060895
-43.415957,192,2025.218009
87.427617,338,2025.668146
75.901145,283,2026.161073
-118.763547,127,2026.329681
53.011355,226,2026.630044
368.37532,791,2028.125648
830.613233,1000,2029.710959
251.410582,776,2030.893666
-104.055514,120,2031.04445
-91.374626,134,2031.361593
-101.660777,171,2031.593076
-84.460854,173,2031.81971
79.029546,287,2032.341314
-109.154418,143,2032.525082
-40.044286,185,2032.886246
52.59838,324,2033.289792
207.452616,598,2037.053134
244.706908,730,2038.307541
-111.895049,132,2038.486289
-80.918518,198,2038.893305
4.469859,192,2039.147456
33.215504,293,2039.517564
-85.710537,128,2039.917579
-75.149287,127,2040.072533
158.36659,615,2041.071781
-123.350417,171,2041.288683
-116.198283,187,2041.658433
-126.686908,110,2041.799738
-130.530724,111,2041.940824
-47.723124,132,2042.243435
153.671273,440,2042.79391
-113.404481,139,2043.119451
-24.836356,183,2043.369864
-44.762447,207,2043.643354
-86.624731,120,2043.9368
16.957649,189,2044.175146
292.381809,767,2045.472468
-26.875083,190,2045.721394
-91.96488,152,2045.914502
-94.774429,125,2046.071948
896.572233,1000,2047.761201
-103.46748,114,2048.043468
21.872568,241,2048.349663
76.944671,295,2048.858921
-64.570914,139,2049.03249
-60.831157,129,2049.195552
-60.664173,178,2049.546889
211.797501,697,2050.556877
-13.83089,196,2050.797988
21.304509,289,2051.295863
119.118142,406,2051.958657
151.006969,290,2052.327386
-1.830987,234,2052.76757
-38.221336,180,2053.011955
-76.740616,246,2053.312925
58.443762,210,2053.836144
-118.002477,172,2054.046483
-39.71601,291,2054.700653
-46.376132,241,2054.996673
-70.818287,166,2055.494649
131.995285,286,2055.850982
-55.682919,151,2056.043898
-102.167671,130,2056.486096
102.186154,360,2056.934821
-42.881339,152,2057.427536
-89.841135,129,2057.588508
211.66343,473,2058.379428
65.729253,378,2059.030171
54.929978,280,2059.370404
-80.366555,129,2059.532029
-72.53818,147,2059.976923
35.628431,424,2060.783742
-126.289269,152,2060.976135
-79.036477,135,2061.146348
-53.929874,165,2061.351785
391.984989,804,2062.788206
46.545798,241,2063.08411
-1.017951,215,2063.522379
97.725194,253,2063.831251
183.362374,294,2064.37177
55.184119,466,2065.215157
101.50369,281,2065.550442
8.617196,350,2066.202893
-109.176285,155,2066.402969
-106.379917,169,2066.7854
83.041563,248,2067.106655
-81.888216,158,2067.443321
55.432136,697,2068.600551
203.549508,592,2069.594999
61.962565,396,2070.222089
39.286484,212,2070.476707
118.938158,350,2071.073535
189.129947,363,2071.68009
-74.707205,163,2071.888647
63.671479,229,2072.178502
-86.882253,163,2072.524202
-128.420654,109,2072.66219
-26.276919,244,2072.979799
150.769204,323,2073.517511
-143.328704,124,2073.67366
-3.799802,306,2074.20146
173.714715,637,2075.152471
303.524726,1000,2076.710179
135.885133,360,2077.321117
-12.282463,174,2077.537574
-135.839852,116,2077.683978
363.922516,622,2078.754875
105.368384,285,2079.123584
81.45075,242,2079.672431
-47.158643,239,2079.963567
-49.269294,164,2080.168856
265.546463,485,2080.906378
19.789944,183,2081.274171
366.460256,947,2082.797651
879.001295,1000,2084.215821
159.142456,397,2084.709843
878.449317,1000,2085.851207
-60.802591,167,2086.090446
-84.377603,147,2086.218584
619.066999,855,2087.074724
-140.398957,142,2087.297624
151.687217,716,2088.001652
-15.466339,168,2088.152578
243.33043,318,2088.538125
568.648888,1000,2089.57168
-12.997548,258,2089.870414
259.175906,826,2090.627094
-175.049132,405,2091.040784
202.946557,342,2091.407126
206.708636,549,2092.051019
451.631915,704,2092.833168
1265.221684,1000,2093.912499
77.586197,521,2094.520341
44.23587,659,2095.254766
281.395161,533,2095.875005
1131.859994,1000,2096.960447
219.885493,646,2097.651184
-153.049213,139,2097.759648
-340.927639,243,2097.948478
-234.805557,263,2098.272099
169.01573,399,2098.690602
-499.374848,255,2098.892995
-217.175168,378,2099.292338
-351.168313,303,2099.530166
1139.115257,1000,2100.528347
194.287662,662,2101.270731
858.629526,873,2102.076158
-181.146495,265,2102.39853
251.53934,494,2102.924012
1235.133569,1000,2103.930551
482.639602,753,2104.647665
-46.502467,339,2105.044768
88.271124,378,2105.446783
439.194019,608,2107.568492
651.451926,717,2108.227988
-240.150636,335,2108.599533
24.624832,195,2108.76642
-333.080954,303,2109.125837
-351.884372,201,2109.28931
1051.810543,1000,2110.317339
-130.45663,157,2110.536809
-259.521807,397,2110.847287
97.462926,421,2111.300417
203.139925,574,2111.849779
-140.117681,386,2112.271805
-116.015618,335,2112.623895
692.787282,1000,2113.591815
-108.66292,126,2113.693129
-105.364865,132,2113.801418
-12.968727,247,2114.103837
68.674252,223,2114.2809
-96.559474,139,2114.390784
-112.367396,161,2114.609678
-495.153161,348,2114.880198
116.864138,212,2115.139411
-132.573634,120,2115.234777
170.953881,610,2115.80324
1209.26721,1000,2116.779066
118.360295,405,2117.190325
64.345802,197,2117.343124
776.665482,1000,2118.316761
524.287328,686,2119.046905
20.152044,180,2119.189116
-69.787586,143,2119.301672
27.890085,226,2119.571257
277.666244,663,2120.191637
-13.225384,131,2120.295435
9.457604,173,2120.526983
3.469348,251,2120.722226
270.560921,548,2121.247423
447.347579,545,2121.770105
-39.923643,167,2121.994745
782.185595,949,2122.845373
-12.341155,168,2123.071269
16.108862,186,2123.218126
-63.740397,192,2123.367716
-55.951505,144,2123.573594
-119.786749,160,2123.698399
20.568811,409,2124.115658
-11.973031,137,2124.224154
612.52893,956,2125.16455
137.090561,344,2125.526381
91.619014,234,2125.709233
70.885347,228,2125.981494
40.684009,243,2126.171957
10.151005,230,2126.351212
-74.031106,157,2126.566224
-101.024402,164,2126.696159
-26.555509,192,2126.845719
92.886466,243,2127.132853
605.213911,1000,2128.097627
71.223286,201,2128.254507
-28.918573,174,2128.483018
-21.738731,176,2128.618734
-46.698723,127,2128.718291
-92.974349,164,2128.940309
-24.978287,175,2129.078929
-39.114681,141,2129.190681
-172.657923,122,2129.287082
-30.603478,174,2129.513813
-36.525714,126,2129.612574
-47.361415,126,2129.712011
237.544967,464,2130.167428
123.33273,274,2130.472467
224.344887,525,2130.974574
-86.722213,113,2131.064004
24.498278,177,2131.202882
-88.51152,129,2131.396228
280.508153,627,2131.981003
-67.2754,207,2132.146189
-91.968303,148,2132.261001
-100.969444,128,2132.452445
132.377131,341,2132.719316
-74.399293,125,2132.910662
-41.011981,147,2133.027083
-11.421904,199,2133.183985
-135.12397,116,2133.364254
212.405743,631,2133.951668
-116.022293,134,2134.058086
-53.854715,145,2134.172943
-45.076375,349,2134.540034
-92.040619,128,2134.641121
411.218677,645,2135.241096
-50.057334,176,2135.47071
-68.331837,161,2135.595683
217.180763,566,2136.135691
-64.798743,148,2136.343585
-94.803268,122,2136.43854
-137.655661,116,2136.528924
113.6591,319,2136.869422
-42.627816,167,2137.000456
189.832208,666,2137.721308
68.504739,502,2138.338953
120.998022,708,2139.072275
47.270058,330,2139.332929
-43.892434,143,2139.536623
271.562506,579,2140.09363
260.536378,380,2140.391631
-136.490248,124,2140.581011
245.762127,681,2141.207174
23.153043,382,2141.596636
-153.023977,160,2141.720704
311.058139,392,2142.120989
56.850516,255,2142.319319
272.545004,1000,2143.283293
483.809188,949,2144.315686
255.216332,628,2144.89863
437.844065,1000,2145.897192
-130.177642,129,2146.093001
22.860591,183,2146.234027
224.593641,548,2146.755396
414.399762,620,2147.335497
652.408001,1000,2148.410914
-32.486549,187,2148.555586
346.097867,662,2149.256071
211.953797,540,2149.774192
75.455651,206,2149.937646
-147.361611,163,2150.289258
-107.300363,165,2150.417691
744.634755,1000,2151.38571
53.463742,384,2151.778906
155.521366,392,2152.085527
-48.198122,152,2152.296102
-62.289924,210,2152.463483
-88.296171,169,2152.595652
-2.872316,174,2152.823313
634.569692,1000,2153.791082
-68.972347,152,2153.91053
-14.456132,140,2154.021483
-43.771715,164,2154.242122
535.863108,1000,2155.214704
-5.9318,205,2155.375834
16.454694,246,2155.567732
36.544952,327,2155.91543
148.480086,409,2156.329066
221.639618,631,2158.202706
686.596496,1000,2159.171825
105.497727,660,2159.779171
605.787124,1000,2160.745051
759.848752,1000,2161.716664
-11.655333,361,2162.093756
46.990821,518,2162.596103
-0.168413,178,2162.736164
24.663153,178,2162.968256
116.979616,636,2163.563071
171.888843,777,2164.27404
38.53802,391,2164.673623
685.000352,1000,2165.643434
574.640602,907,2166.541965
23.909052,257,2166.741305
-16.156411,346,2167.103232
128.803316,431,2167.535185
117.236442,394,2167.940116
581.064965,1000,2168.918224
-98.527523,407,2169.238429
45.353888,408,2169.650218
35.75575,203,2169.903472
-23.837443,199,2170.058783
728.444642,1000,2171.036652
-58.428268,153,2171.157538
186.270498,526,2171.670783
-76.368917,482,2172.142444
-64.169788,132,2172.246696
-64.190702,179,2172.478219
-34.930237,310,2172.724846
378.209178,1000,2173.709638
-62.369986,166,2173.93631
260.225814,515,2174.434682
70.986294,407,2174.846522
176.64489,367,2175.137115
-40.136189,160,2175.35565
-31.574373,174,2175.492433
318.320585,716,2176.149728
588.21238,1000,2177.131251
-76.783595,153,2177.346263
-10.591793,150,2177.465297
266.089999,645,2178.062299
-61.230887,139,2178.171439
7.968701,336,2178.529775
60.842394,299,2178.860244
-128.022278,190,2179.010346
325.005844,680,2179.642269
103.399127,498,2180.130772
4.297584,345,2180.493206
64.757447,339,2180.854304
338.277114,607,2181.426445
-66.265039,161,2181.553697
-20.548563,141,2181.666115
-16.567007,354,2182.038587
-64.423096,330,2182.391471
-35.432284,764,2183.086056
77.016568,473,2183.552021
-114.109453,128,2183.653566
37.350219,181,2183.886311
6.226184,395,2184.289942
-33.558504,169,2184.424159
-62.101712,134,2184.530968
-29.260447,194,2184.684153
300.813282,1000,2185.664535
95.35683,413,2186.197284
732.690111,1000,2187.183618
-7.987088,303,2187.51634
149.032478,584,2188.076384
-25.152296,191,2188.22616
214.527828,426,2188.657432
9.748183,195,2188.915536
7.490435,196,2189.069376
163.719161,677,2189.698385
-69.458423,142,2189.81066
695.874813,1000,2190.789937
420.594732,1000,2191.77349
13.158265,216,2192.040693
-122.392575,122,2192.136619
-55.872424,168,2192.268504
287.663446,886,2193.15465
-98.589455,155,2193.276212
213.152485,441,2193.71911
705.868227,1000,2194.69625
-49.313203,390,2195.098662
536.091223,1000,2196.090112
265.660913,570,2196.632592
746.925392,1000,2197.607538
-66.808907,158,2197.731061
393.664571,947,2198.662851
192.553617,431,2199.096227
612.916177,931,2200.026093
260.647611,393,2200.426294
-25.470619,130,2200.527685
255.65805,593,2201.094487
135.954346,620,2201.682444
-46.733662,139,2201.791819
523.023628,1000,2202.873694
165.156559,340,2203.234273
755.595334,1000,2204.212556
-117.642212,143,2204.323844
-83.128183,129,2204.517468
95.071201,862,2205.289132
216.258062,513,2205.783848
498.280269,925,2207.4096
7.375931,200,2207.565382
55.842524,204,2207.816763
239.829394,385,2208.212132
-76.666323,160,2208.33711
-50.03438,134,2208.442689
262.387515,446,2208.886422
283.70844,905,2209.786741
-74.501353,122,2209.883836
53.148957,670,2210.509514
-22.987386,547,2211.038928
137.262616,605,2211.708868
-56.592335,159,2211.836818
86.519711,661,2212.452681
-27.86547,136,2212.650767
-82.278169,139,2212.763938
48.306601,240,2212.953573
273.351878,447,2213.402178
191.832012,574,2213.948931
-23.767971,199,2214.199896
76.90853,257,2214.401193
50.797338,200,2214.652092
-2.919672,181,2214.793687
-40.131814,126,2214.893005
-70.476905,131,2214.995206
185.658905,533,2215.515045
54.033067,201,2215.765178
-76.383207,133,2215.87346
603.712321,912,2216.780299
-84.193389,135,2216.8864
83.398998,213,2217.148381
-108.828439,117,2217.240313
-134.111228,117,2217.33046
-91.790674,153,2217.450046
-56.605733,128,2217.643203
-48.485111,149,2217.762172
-63.688431,126,2217.862211
-57.448678,133,2217.968057
-25.278952,131,2218.165961
-45.252281,206,2218.325695
-83.721415,219,2218.499211
-90.169787,175,2218.728017
-90.356217,168,2218.85895
-162.12482,530,2219.371578
-59.447897,126,2219.472652
-1.706095,213,2219.731598
-54.696006,136,2219.840675
-122.643302,135,2219.947061
-496.345806,367,2220.327908
-40.392604,131,2220.430136
-39.087416,242,2220.712014
-64.59793,154,2220.833533
-35.421215,142,2220.94506
68.30011,275,2221.254486
325.04597,834,2222.113242
-79.121479,199,2222.270425
228.355858,464,2222.732674
-99.937911,124,2222.830262
105.714538,628,2223.42177
429.10172,985,2224.394193
220.083771,784,2225.204117
-9.175349,144,2225.318247
17.590911,418,2225.740417
89.558339,386,2226.14018
297.206238,423,2226.472915
-41.997553,150,2226.681894
-56.77297,132,2226.785672
268.729951,520,2227.298159
143.081996,578,2227.847289
-73.265565,126,2227.946999
-77.441456,243,2228.229386
-45.483123,135,2228.335896
212.084667,527,2228.844559
-74.817147,123,2228.94132
10.301257,198,2229.187854
60.411055,372,2229.483446
-54.452278,139,2229.683784
-68.381716,124,2229.780839
-99.658602,187,2229.927672
-102.599,155,2230.141845
-39.129778,174,2230.27844
-0.314396,202,2230.439122
-82.517543,210,2230.694863
335.110645,767,2231.393731
79.361828,234,2231.670411
79.622801,745,2232.457593
-41.618266,672,2233.174375
-132.81299,148,2233.291433
728.503464,1000,2234.275415
42.330459,306,2234.51577
6.00073,198,2234.764571
41.522137,355,2235.044272
-55.428709,321,2235.39093
508.843085,731,2236.065855
-71.943562,123,2236.258079
1008.653016,1000,2237.237257
28.527251,223,2237.414896
257.033759,370,2237.799823
-71.066793,150,2237.918354
100.623113,356,2238.292742
-48.184458,212,2238.461937
-102.08145,156,2238.678721
-26.41048,139,2238.789067
-132.398856,130,2238.891831
74.867297,347,2239.262602
130.102761,372,2239.557793
-137.455222,180,2239.791291
-58.519135,127,2239.894157
-36.267347,218,2240.158424
-168.310492,161,2240.285963
84.758114,432,2240.717136
-106.85787,132,2240.821928
190.504084,597,2241.401827
-4.978375,219,2241.670036
4.859142,608,2242.2456
-78.125147,162,2242.373234
38.634852,190,2242.52442
-81.915985,126,2242.716443
-79.87313,208,2242.883695
-10.178131,133,2242.989705
-112.968822,129,2243.184206
-82.062772,124,2243.282657
-64.143276,144,2243.40198
-49.474774,179,2243.543201
-83.816958,157,2243.760502
-24.720964,135,2243.869287
-61.548732,134,2243.977118
-81.67451,242,2244.260064
24.371476,208,2244.424152
123.105748,257,2244.719535
-69.330952,131,2244.82404
-119.621396,130,2244.926735
468.564049,965,2245.879923
-284.646674,326,2246.231451
-503.412732,375,2246.525196
318.544531,901,2247.428739
-67.558488,194,2247.673518
-113.620805,161,2247.802007
-470.391396,273,2248.019154
-57.862046,139,2248.221446
-52.172445,137,2248.330685
119.107378,374,2248.721999
-89.726534,170,2248.855301
-53.382206,136,2248.964345
-102.435278,131,2249.162277
131.549309,702,2249.8109
23.599436,588,2250.383781
-95.411818,154,2250.507288
142.411313,432,2250.9434
-57.296202,154,2251.068732
42.917545,569,2251.702957
-116.213996,126,2251.802977
-47.569583,127,2251.904561
142.045186,365,2252.285727
-109.758045,123,2252.383782
266.898237,354,2252.757729
-65.890048,119,2252.851828
-54.884942,130,2252.955184
-20.488964,188,2253.196656
-46.730722,130,2253.303783
-67.58589,115,2253.394779
-98.90622,118,2253.489189
-33.254509,134,2253.689161
-75.015199,129,2253.791331
-0.22531,184,2253.936035
-67.50632,133,2254.040554
-42.903411,217,2254.304168
-68.996284,155,2254.42714
-73.438932,142,2254.53929
-108.34651,121,2254.726339
-47.909725,146,2254.843531
-94.608819,132,2254.948663
-53.769053,131,2255.053771
-113.955932,138,2255.255432
-97.000551,627,2255.846286
-102.566423,120,2255.942478
-102.242899,124,2256.043786
108.681304,321,2256.932593
-57.390726,198,2257.08894
-47.84129,139,2257.290424
-87.407796,131,2257.39619
-73.541409,126,2257.497587
-37.066374,129,2257.600586
-69.548728,119,2257.930603
12.054629,222,2258.117108
-124.797373,118,2258.214205
-107.600751,126,2258.405877
-56.844164,129,2258.515932
-155.020291,121,2258.616908
-33.249036,142,2258.73173
-38.108404,142,2258.966762
-19.022371,183,2259.122997
2.957714,185,2259.28293
-48.491221,124,2259.483505
-62.082116,141,2259.596089
-3.142588,219,2259.78367
-30.379555,117,2259.96998
-81.718989,125,2260.07115
-73.519129,129,2260.174154
-97.470866,127,2260.273621
-72.00196,137,2260.479076
-91.346379,123,2260.582735
-97.003013,114,2260.67709
-111.175181,116,2260.773798
-98.303664,124,2260.873535
-107.589317,114,2261.100772
8.894349,182,2261.252873
-104.535231,125,2261.356043
-119.363976,120,2261.576432
56.14287,204,2261.74319
-75.413869,127,2261.846458
-64.223177,133,2261.956375
-102.091079,141,2262.314124
-11.324317,187,2262.465626
-42.004853,151,2262.58727
-47.609809,124,2262.776983
70.829459,346,2263.087037
-36.904848,187,2263.41442
-29.58334,129,2263.584276
-95.136067,239,2263.891172
-110.664869,126,2264.330174
-86.392005,120,2264.480204
-64.149542,198,2264.742063
-101.304393,173,2265.315116
212.972693,775,2266.600372
-24.79678,176,2266.832819
-60.515896,204,2267.392745
-79.30055,304,2267.801068
-71.928952,417,2268.619226
-57.120547,140,2269.089565
-64.231151,113,2269.240314
112.129001,355,2269.706985
-30.212706,137,2270.188004
-83.375807,159,2270.397717
-46.359186,127,2270.562976
-31.170238,195,2270.968941
-87.533744,185,2271.217193
-52.22886,146,2271.41568
88.548875,345,2272.015642
-91.21046,161,2272.236004
-55.790218,145,2272.567593
-24.050959,134,2272.742905
-93.510805,135,2272.91502
-49.599372,132,2273.089293
-70.217583,146,2273.42194
-50.098652,142,2273.613819
-125.803906,159,2273.825205
38.998152,226,2274.277843
184.666155,347,2274.727958
729.377177,1000,2276.449
-72.00723,172,2276.986196
-111.633574,176,2277.227183
-301.400346,413,2278.059312
-89.891787,173,2278.283599
-42.221614,129,2278.455226
-186.569659,668,2280.000139
84.398846,453,2280.868576
-52.736334,124,2281.04679
-122.991982,167,2281.272796
-290.922182,315,2281.994625
-84.225241,125,2282.160846
16.804544,275,2282.794711
184.968131,563,2283.820782
-73.462463,142,2284.014362
-54.879411,224,2284.308721
-73.101133,148,2284.779531
-57.986119,186,2285.017018
-119.396634,153,2285.214981
253.478254,522,2286.168458
-111.7545,187,2286.589136
9.273825,186,2286.826612
-119.208186,178,2287.058587
-48.753176,194,2287.457948
119.098653,502,2288.247737
-47.443211,140,2288.425314
9.605503,245,2288.882871
-5.448396,349,2289.354825
-70.713636,197,2289.750664
-53.513878,203,2290.016588
-91.539177,167,2290.229755
-90.080802,200,2290.634227
-43.815281,134,2290.815156
-113.456544,145,2291.008088
-182.427827,164,2291.365711
417.247898,938,2292.771237
-160.607091,175,2293.144745
23.30904,793,2294.499669
-256.791707,325,2295.104438
177.456225,517,2295.919997
-446.880216,269,2296.276941
-63.770991,177,2296.649267
-93.211548,160,2296.866469
-111.671371,156,2297.072661
-38.05591,134,2297.538872
-1.94413,266,2297.88668
-28.555429,131,2298.060571
482.404675,804,2299.670727
-129.737048,192,2299.922037
-53.277203,121,2300.270439
-94.923921,166,2300.486929
-58.110258,125,2300.649404
-86.521091,119,2300.821556
142.88055,642,2302.140249
77.048999,336,2302.582902
602.095949,1000,2304.343892
460.838801,1000,2306.114598
142.782582,551,2307.073195
-69.74868,142,2307.311304
692.92616,1000,2308.670532
16.565686,247,2308.873684
-191.157844,216,2309.046512
-49.261807,247,2309.443922
-107.484948,138,2309.554295
-216.830698,242,2309.968104
-46.08367,150,2310.090761
620.462874,1000,2311.3048
23.415934,450,2311.788747
-39.891758,495,2312.290559
-26.308232,190,2312.457654
-77.522323,148,2312.582582
12.182064,432,2313.031853
-460.442203,219,2313.300916
-91.953263,201,2313.463055
-120.040702,167,2313.596313
162.848015,518,2314.105818
3.858567,193,2314.35308
834.581273,1000,2315.337732
-61.580581,185,2315.485063
833.433355,1000,2316.469578
-71.103737,147,2316.586765
96.302457,423,2317.022344
-85.465466,148,2317.140969
-47.043781,142,2317.347724
435.907808,636,2317.94895
-97.110957,130,2318.052053
-74.452083,143,2318.259087
366.290597,831,2319.01472
-123.394935,107,2319.09889
-111.412925,175,2319.331458
37.34281,349,2319.608138
-234.200572,352,2319.979214
-40.361721,178,2320.121293
357.297249,957,2321.075498
-138.884261,142,2321.282539
24.099618,694,2321.926064
-80.264902,145,2322.043675
112.952881,512,2322.543027
-53.980621,131,2322.646297
-83.562529,160,2322.868292
8.919403,460,2323.326349
-121.557083,151,2323.445121
21.362279,353,2323.820071
996.873111,1000,2324.805311
-137.378153,166,2324.939102
-93.534985,163,2325.068607
-119.652893,168,2325.296069
806.837747,1000,2326.282105
129.968099,684,2327.409904
-468.396377,303,2327.646713
795.217311,1000,2328.632935
49.12672,213,2328.895008
41.957953,260,2329.101973
-133.059723,160,2329.321946
-81.430382,183,2329.467101
-445.889599,353,2329.842348
353.179935,905,2330.659709
-19.093394,233,2330.953197
-595.333461,180,2331.09416
-59.115345,213,2331.490598
-89.100924,125,2331.590026
-121.574317,127,2331.691387
478.541991,886,2332.589165
-41.416587,244,2332.784563
6.247934,615,2333.464237
-47.575557,139,2333.574687
-96.121104,128,2333.678085
-85.309329,133,2333.784317
-61.506454,208,2334.043899
-43.570788,137,2334.155933
-98.006593,183,2334.300698
-127.087145,171,2334.531361
-144.13986,159,2334.658771
-103.359298,145,2334.772241
-177.654571,183,2335.016977
67.401655,397,2335.332441
-74.570745,173,2335.578893
151.886863,384,2336.013613
-21.862022,665,2336.658053
-78.935924,229,2336.84084
325.389065,1000,2337.832481
-32.66113,187,2338.18371
-121.741672,181,2338.326215
-154.474163,160,2338.453833
123.148332,565,2339.136928
-110.820835,145,2339.462328
-59.626151,117,2339.556616
-84.934702,231,2339.742229
-112.990243,198,2340.126195
675.574073,1000,2341.109487
-4.383074,706,2341.897842
-6.60116,264,2342.310803
-13.074761,205,2342.473173
-37.396704,144,2342.588979
-96.414769,177,2342.953722
-37.166884,249,2343.151202
-74.552688,180,2343.293499
-129.042368,151,2343.587885
-139.65763,144,2343.701104
-23.390499,257,2344.001048
-104.370682,190,2344.152816
-128.131954,170,2344.286947
133.879673,685,2345.053194
99.753078,381,2345.35538
-38.098085,145,2345.56522
-54.290434,181,2345.709221
-70.685384,158,2345.837676
-0.90862,235,2346.118106
-48.600799,149,2346.238632
1.586304,201,2346.397292
-144.693752,278,2346.71395
-88.424533,137,2346.82584
87.410796,291,2347.15221
-32.842524,220,2347.326253
-45.795791,321,2347.672106
-157.613623,166,2347.803924
181.584284,539,2348.334775
-26.682516,138,2348.446834
6.557884,216,2348.717757
-8.584731,224,2348.894151
-177.867705,150,2349.234865
-104.200281,145,2349.35028
-109.68418,123,2349.450357
344.112434,906,2350.370153
8.908271,250,2350.56857
7.132742,214,2350.83331
-100.76611,126,2350.93579
-41.18237,257,2351.238974
-83.708933,187,2351.387794
24.710001,385,2351.788216
-44.096031,189,2351.938469
127.729942,738,2352.714185
-120.727693,244,2352.906652
-100.010226,114,2352.998792
-70.192423,401,2353.410411
-100.319357,129,2353.513978
-55.727977,141,2353.720176
-48.283319,179,2353.862006
63.268451,350,2354.232019
-130.754537,173,2354.369428
384.829921,1000,2355.379252
467.849056,1000,2356.46716
-128.635564,133,2356.573875
-112.079734,179,2356.714703
-60.140856,148,2357.066941
-397.836777,229,2357.252309
-43.068815,227,2357.632916
29.310207,480,2358.218171
583.308723,1000,2359.262898
-112.210838,147,2359.590371
-97.512981,130,2359.69356
7.329748,229,2359.877766
-106.690585,181,2360.22407
233.787111,632,2360.966472
69.624189,519,2361.602143
151.001605,612,2362.295903
782.482049,1000,2363.547227
-57.721703,150,2363.891938
-13.120621,979,2364.910913
-86.323888,234,2365.336516
-41.265667,181,2365.483404
140.98829,411,2366.059567
-122.40684,173,2366.198982
-26.281686,191,2366.594854
-62.991322,146,2366.713081
-158.012999,143,2366.82613
-57.045763,179,2367.203524
-72.060986,207,2367.366801
-57.145132,151,2367.486696
-111.371562,151,2367.812123
-87.551148,224,2367.99348
-72.586472,140,2368.105075
-53.165472,202,2368.505418
-99.024332,182,2368.65135
-50.433187,141,2368.764961
-95.818453,146,2368.97496
142.182893,665,2369.601783
-82.056937,165,2369.732508
-63.832247,161,2369.956239
10.979403,204,2370.119983
-88.194868,180,2370.265035
-119.726169,155,2370.482158
-79.149219,174,2370.61931
-52.051535,133,2370.725557
-136.171768,147,2370.938598
79.597757,294,2371.177851
-41.650818,212,2371.438999
65.992391,247,2371.640407
-66.122437,482,2372.123183
-104.516559,150,2372.243439
-90.419857,143,2372.450917
-70.692615,130,2372.556684
-11.652939,277,2372.777677
-76.465426,143,2373.09336
-31.817916,202,2373.253665
-123.446039,181,2373.394779
-33.549331,137,2373.596856
-41.831959,136,2373.705006
-74.451029,153,2373.828191
-111.869626,153,2373.950748
66.291559,367,2374.332593
-73.899475,144,2374.447384
-33.519352,180,2374.682046
-57.630087,133,2374.787428
206.251776,720,2375.457742
-70.940666,390,2375.861651
-83.350608,167,2376.089402
-109.660671,128,2376.192554
-43.702217,195,2376.349833
-135.020468,157,2376.567709
-72.54242,152,2376.69015
51.814872,379,2377.083474
-90.51334,144,2377.197984
225.846307,782,2377.91881
30.224941,321,2378.267304
-123.10299,180,2378.409517
-17.222269,195,2378.658338
-139.125364,136,2378.768189
78.008716,391,2379.173799
-5.678939,229,2379.355455
-161.911512,168,2379.581797
-150.711146,169,2379.716686
-172.343097,156,2379.839695
63.884631,464,2380.866932
-42.561645,137,2380.979342
-26.338735,191,2381.334089
279.8714,1000,2382.317104
-155.096897,135,2382.42565
-102.236191,175,2382.562354
-70.86421,125,2382.754683
-51.025025,428,2383.098058
-69.239419,137,2383.300164
-128.58559,191,2383.450891
-84.032696,137,2383.559985
-149.741639,256,2383.854988
-114.752596,206,2384.017127
204.542683,1000,2385.012489
-293.306531,505,2385.506394
106.387931,478,2385.976888
52.591038,406,2386.410038
-164.044323,171,2386.545364
-126.438762,143,2386.661199
-112.9531,170,2386.888579
-65.022527,204,2387.048614
-72.094318,131,2387.154342
-171.746396,158,2387.373078
-30.400757,510,2387.875255
24.96961,554,2388.408197
44.419556,781,2389.12742
-51.80032,146,2389.337722
-43.376706,155,2389.462172
-114.447754,141,2389.574255
-85.281143,179,2389.809919
-115.678089,152,2389.93206
-113.657658,173,2390.071411
-66.889575,184,2390.310886
-130.404289,144,2390.42532
-51.914045,132,2390.529955
-138.278516,151,2390.650482
-88.311995,319,2390.999613
-44.63981,176,2391.141462
-16.777146,223,2391.414697
-42.384494,124,2391.514219
-54.701434,149,2391.633503
-78.93901,136,2391.836485
-15.977875,208,2392.003071
-92.085792,182,2392.14818
158.707154,361,2392.535077
46.928343,265,2392.837793
24.373735,217,2393.013644
-141.560817,203,2393.174153
-119.712114,159,2393.395325
-55.361213,146,2393.511555
-59.616614,131,2393.614285
-55.464541,141,2393.818622
-49.646748,153,2393.941433
-66.858932,144,2394.055815
-98.14566,150,2394.17448
-19.677641,129,2394.371586
-19.091756,205,2394.535684
-484.991197,637,2395.15686
-12.065595,197,2395.40458
-22.460555,178,2395.545409
-44.495459,144,2395.6608
-98.550444,176,2395.892653
-75.095876,143,2396.007279
-120.461361,176,2396.149137
-44.005086,141,2396.356354
-82.79698,182,2396.499546
354.283109,546,2397.027539
37.077173,276,2397.339378
-16.334791,137,2397.450804
-76.524602,253,2397.654862
-42.29199,213,2397.917824
-55.349954,132,2398.022755
13.195337,202,2398.184433
-71.888778,142,2398.392201
173.376464,378,2398.69376
-155.568095,172,2398.922006
-25.546243,146,2399.042144
-40.595922,234,2399.228626
-130.739565,174,2399.458478
-81.74405,177,2399.597421
-31.869867,133,2399.703281
-56.103351,151,2399.917454
-48.632913,124,2400.01601
-838.322792,904,2400.930714
-125.670775,185,2401.077502
-108.698182,142,2401.190087
-93.922945,175,2401.418765
-96.436081,149,2401.537599
226.071084,450,2401.981362
-88.450666,147,2402.099688
-50.07026,179,2402.242796
-80.471406,144,2402.450543
-81.178468,147,2402.566959
-277.752749,921,2403.492493
-135.856916,175,2403.629805
-9.954999,262,2403.934275
110.638011,525,2404.450659
-97.546148,165,2404.580453
-33.244356,144,2404.694418
-112.350433,159,2404.916184
-88.897961,165,2405.049013
-51.666072,148,2405.169059
-49.460608,153,2405.384593
-83.168701,254,2405.585428
-37.157794,131,2405.690943
-74.028002,167,2405.918028
-62.20018,132,2406.025065
-115.610557,148,2406.144222
-7.317716,223,2406.412435
-52.634294,130,2406.515255
-164.643664,199,2406.673056
-22.127383,131,2406.776404
-155.004542,154,2406.990592
-78.393275,138,2407.100306
-26.110055,993,2408.085894
-183.734319,162,2408.215926
-20.618734,225,2408.490459
-83.462669,146,2408.606246
-124.226562,180,2408.748696
-114.656709,148,2408.960168
-61.217119,145,2409.076614
-29.498301,140,2409.188794
-201.921072,177,2409.42281
-115.239364,165,2409.552801
-39.218182,218,2409.727373
-29.716659,210,2409.98876
-88.72332,147,2410.114446
-112.005742,160,2410.241823
-104.466082,148,2410.453399
-112.990733,184,2410.59988
-59.249324,124,2410.697525
-172.744311,114,2410.7873
-51.781718,146,2410.995496
-125.288285,151,2411.120776
-97.432493,181,2411.264152
-71.530381,191,2411.507859
-70.518742,171,2411.641565
-12.577443,133,2411.748558
-90.138026,189,2411.992332
-102.801147,181,2412.140531
-119.58085,166,2412.272425
-96.407419,148,2412.577828
-88.105265,157,2412.702421
-72.309815,168,2412.833412
-58.085197,148,2413.044252
-240.840066,345,2413.316463
-69.067715,181,2413.551073
-64.316324,143,2413.664831
-118.596566,228,2413.844548
-117.431356,173,2414.077373
-146.747587,350,2414.35958
-38.400712,135,2414.68949
-57.389987,145,2414.805764
-155.039212,177,2414.944916
-99.584162,175,2415.313276
-98.703461,149,2415.433329
-64.220738,148,2415.551483
-169.217699,171,2415.913767
-40.2787,193,2416.069796
-22.68567,200,2416.234231
-52.683532,172,2416.586156
-129.168383,143,2416.700136
-132.460196,146,2416.816661
-78.941041,135,2416.924719
-45.437463,194,2417.173065
-118.669996,174,2417.311733
-44.417676,169,2417.538615
-96.368069,139,2417.650662
-180.032374,189,2417.799596
-68.258353,144,2417.913817
-77.151419,133,2418.114398
-124.575839,217,2418.287576
-118.790466,164,2418.418902
-94.476082,148,2418.630397
-30.38888,409,2419.049569
-120.349932,160,2419.175641
-106.543939,126,2419.275778
-81.992707,145,2419.390213
-107.165669,132,2419.588605
-126.683088,136,2419.6968
-54.621297,138,2419.806512
-131.954598,124,2419.904629
-112.887023,146,2420.117777
-166.979402,212,2420.285129
-229.538596,124,2420.384802
-157.5731,192,2420.63259
-123.802846,136,2420.739988
-82.333623,225,2420.923293
-127.385667,154,2421.141232
-280.032361,139,2421.249376
-116.424298,144,2421.365518
-176.539142,220,2421.636889
-153.361766,170,2421.771411
-127.182094,184,2421.919434
-95.652275,137,2422.236121
-94.956491,123,2422.33538
-82.283917,126,2422.435722
-143.166239,144,2422.550394
-85.917051,136,2422.784544
-49.62433,144,2422.900487
-251.156669,163,2423.030113
-86.948564,129,2423.229299
-48.024899,141,2423.341008
-156.268175,169,2423.476112
-112.857968,152,2423.595974
-99.060736,135,2423.79774
-150.72799,136,2423.907233
21.711442,421,2424.340071
-71.041629,201,2424.501503
-160.305017,213,2424.764283
119.727507,1000,2425.763275
-32.353996,130,2425.86596
-51.536486,139,2425.977786
-89.322174,396,2426.390946
-78.59452,184,2426.538227
-108.640253,505,2427.039326
-82.552101,1000,2428.168671
-81.382887,154,2428.292255
-102.162949,176,2428.5251
-0.02582,418,2428.949518
-110.280854,166,2429.0809
59.202051,1000,2430.205829
-239.069336,717,2430.875493
-75.377634,152,2432.763595
-242.542911,452,2433.124907
-593.835258,845,2433.988972
-143.699073,156,2434.11522
-151.405186,134,2434.314799
-165.194412,431,2434.754298
-48.502589,202,2434.916035
-129.848531,129,2435.017621
-109.347985,146,2435.135426
-157.8274,137,2435.466617
-101.370411,142,2435.581116
-122.416358,149,2435.701653
-86.130609,135,2436.00909
-50.228834,326,2436.271815
-54.170056,201,2436.624801
-103.620313,143,2436.738879
-110.380957,118,2436.831917
-139.398373,119,2436.927921
-71.862044,278,2437.241398
-140.045455,143,2437.354849
-122.733084,151,2437.475615
-75.89452,143,2437.681165
50.774137,448,2438.134453
-69.639886,214,2438.306419
-225.514164,300,2438.636837
-99.406199,221,2438.81329
-157.798125,745,2439.823749
-84.443957,144,2439.940687
-83.853056,154,2440.063392
-27.862697,193,2440.217504
-102.523277,152,2440.575819
-183.90506,308,2440.822267
-86.217376,174,2441.187154
9.727465,300,2441.427432
-100.424829,157,2441.754971
-72.333237,139,2441.867653
-85.75772,151,2441.991068
-133.012489,534,2442.517384
13.531903,597,2443.093034
-62.960414,150,2443.303895
-198.591498,129,2443.40669
19.55693,373,2443.799111
-150.801973,131,2443.90249
-82.561253,186,2444.050424
-74.73964,221,2444.333954
101.573746,338,2444.603348
-184.191165,151,2444.8155
-136.709193,146,2444.931263
-60.246111,142,2445.04463
-8.352114,277,2445.465568
-47.023569,177,2445.604798
4.945501,261,2446.049063
-133.167817,161,2446.179052
-83.643249,146,2446.295014
-81.46294,197,2446.686608
-95.691623,454,2447.049201
-67.55166,151,2447.381927
-143.828191,148,2447.499288
22.224141,192,2447.651059
-11.409356,198,2448.018493
-16.176697,201,2448.17804
-69.45358,153,2448.531632
-36.905071,163,2448.663686
68.307236,311,2448.91933
-150.605657,635,2449.863883
-107.089609,173,2450.001963
-147.415662,988,2451.122666
-210.839078,148,2451.237957
-73.366528,202,2451.489821
-71.022961,180,2451.633605
-155.653086,134,2451.738995
-153.740898,422,2452.169388
27.976677,343,2452.532237
-137.280794,139,2452.642971
-97.439172,187,2452.793836
-180.88075,134,2452.992821
-113.307615,140,2453.1041
-155.161911,147,2453.219606
-148.354531,149,2453.33613
-98.593597,141,2453.544514
-149.126636,132,2453.649484
-92.717345,143,2453.762832
-85.768027,157,2453.980478
-78.833299,149,2454.099133
211.167138,642,2454.708644
-421.333518,534,2455.224493
-115.663179,179,2455.564831
-41.329446,170,2455.69948
-66.664683,665,2456.333073
65.801522,618,2456.917655
-38.179043,233,2457.268734
-263.175547,363,2457.649153
-213.186339,132,2457.754358
13.661309,202,2457.914358
-175.713913,116,2458.005482
-131.012122,140,2458.208935
-124.400292,221,2458.384544
-86.624849,139,2458.495097
-37.491427,214,2458.760154
-124.765258,147,2458.879931
-141.551243,144,2458.994552
-153.326633,131,2459.194428
-1.645993,221,2459.37016
-22.595222,337,2459.731564
-63.867653,204,2459.894385
-34.209286,187,2460.134492
24.664743,224,2460.314933
-135.385875,149,2460.433665
-65.216826,364,2460.818357
-20.87166,206,2460.981932
-76.483267,420,2461.40939
-108.1293,985,2462.389847
-113.966103,137,2462.499086
-51.284899,141,2462.704683
-129.327916,153,2462.827101
-47.839643,204,2462.988539
-112.183597,157,2463.205236
-125.911687,132,2463.310981
-17.965487,324,2463.661672
-173.670383,128,2463.762713
-70.515001,159,2463.88812
-106.387566,176,2464.028373
-149.983031,125,2464.222969
29.475558,458,2464.680717
-195.37878,118,2464.773675
-133.038163,119,2464.867231
-101.6612,151,2464.987174
-61.82492,139,2465.190135
40.636538,279,2465.411033
-106.334949,138,2465.520359
-116.315419,153,2465.734487
-146.670527,123,2465.831181
-180.503402,123,2465.928151
-33.934996,184,2466.166569
-61.989705,198,2466.328775
-221.005221,115,2466.420492
-115.757232,167,2466.552387
-186.309094,117,2466.865087
-110.802936,121,2466.964953
-121.788298,132,2467.071846
-128.895518,142,2467.186078
-38.170899,163,2467.536187
-124.471957,126,2467.635958
-110.843758,140,2467.747046
-131.210648,119,2468.044811
-101.559166,133,2468.153628
-192.584747,127,2468.252813
-83.502824,145,2468.367537
-175.679309,121,2468.665911
-73.504557,153,2468.788415
-86.609515,150,2468.909087
-128.739715,128,2469.013685
-118.595576,136,2469.361749
-52.506968,142,2469.474353
-122.935529,128,2469.576732
-93.309862,125,2469.675704
-41.564283,186,2470.024279
-56.911715,156,2470.147055
15.366393,210,2470.544064
-69.265572,137,2470.656643
-163.616338,131,2470.761434
-111.778316,186,2470.90989
-159.331876,130,2471.239628
-76.236759,149,2471.35939
-51.130572,139,2471.471177
188.496234,449,2471.932273
-5.605398,217,2472.311489
-141.606,135,2472.418705
-143.02597,133,2472.524351
-55.249815,177,2472.662287
-80.90355,140,2472.866507
-124.684335,139,2472.975831
-115.040633,151,2473.09411
-27.181931,168,2473.32079
-109.455318,134,2473.426948
-95.123447,181,2473.569245
-153.904086,164,2473.790999
-176.979731,200,2473.950876
8.843321,249,2474.150453
-94.319156,157,2474.374509
-162.324018,129,2474.475974
-39.031424,140,2474.586082
-98.657376,157,2474.906713
-102.055327,141,2475.019581
-59.718787,151,2475.138886
-131.543827,132,2475.244129
-23.793214,229,2475.519896
-139.233605,149,2475.637998
-94.137986,143,2475.751613
-125.641802,134,2475.952192
-58.962966,150,2476.071981
-164.597871,137,2476.180785
-27.087128,189,2476.528848
-170.5829,179,2476.669886
-120.118138,133,2476.777319
-33.895841,196,2477.026548
-92.643651,133,2477.134175
-124.876769,167,2477.266261
-77.715668,149,2477.385045
-94.352277,140,2477.590912
70.38038,490,2478.074076
-112.477147,152,2478.19286
-42.25152,181,2478.335371
-91.050243,155,2478.66123
-63.265966,176,2478.800081
-200.535961,124,2478.897727
-37.79962,144,2479.010875
-128.982938,144,2479.363726
-89.723546,140,2479.47516
-126.533061,127,2479.575768
-131.445857,143,2479.924129
-111.208505,140,2480.038177
-136.917937,127,2480.14122
58.536859,210,2480.533413
-144.566276,123,2480.633571
-113.982214,160,2480.759937
-156.169057,123,2480.858008
-60.492007,148,2481.21257
-79.10901,263,2481.422392
-153.361144,120,2481.517707
-97.360737,131,2481.830874
-114.973296,140,2481.941981
-86.859743,161,2482.069909
-23.768555,189,2482.438735
-103.70005,147,2482.557024
-146.459494,126,2482.656121
-126.130575,141,2482.767371
-119.00469,136,2483.112106
317.397731,1000,2484.388874
-206.812785,120,2484.486313
-6.755022,308,2484.730522
-109.863826,144,2485.055665
-99.932514,146,2485.173054
-85.080534,554,2485.850894
63.635233,569,2486.530564
-145.115058,160,2486.656644
-131.656572,130,2487.000676
-149.015552,130,2487.105118
-146.904588,131,2487.731495
-101.905936,143,2488.049048
-95.043973,136,2488.158414
-171.775217,126,2488.257848
-115.62687,171,2488.392738
-130.070721,152,2488.749219
-111.006101,127,2488.850472
-169.828349,121,2488.946602
-176.584381,123,2489.044464
-165.412428,131,2489.383275
-115.83685,124,2489.481507
-71.443199,145,2489.596459
-119.821683,136,2489.703999
-117.510155,139,2489.923944
-122.472704,149,2490.04166
-172.583005,120,2490.13745
-40.63005,135,2490.335643
-130.41284,183,2490.480808
-98.494596,144,2490.59517
-167.695995,137,2490.704585
-157.233982,114,2490.886107
-56.978218,142,2491.00003
-165.032405,161,2491.129157
-79.398953,138,2491.238677
-152.424238,128,2491.43374
-183.669042,111,2491.521616
-101.683786,125,2491.621462
-86.509255,130,2491.724463
-151.558769,115,2491.909371
-98.086488,120,2492.003798
-98.547349,135,2492.112341
-83.232622,133,2492.219006
-93.67821,147,2492.429466
-82.908131,151,2492.551067
-208.770263,103,2492.632919
-104.138067,117,2492.725132
-77.312858,140,2492.930664
-154.221934,135,2493.038561
-142.119266,121,2493.136673
-168.387075,114,2493.226513
-201.089104,121,2493.415476
-137.375144,133,2493.521228
-255.174091,247,2493.715597
-150.790385,115,2493.900001
131.222645,432,2494.239674
-63.956123,191,2494.481204
-208.586824,129,2494.584537
-31.778548,398,2495.096684
-94.190559,140,2495.20771
-204.479178,116,2495.298294
-84.715139,135,2495.610665
-60.846423,142,2495.72402
-108.679948,129,2495.82576
-120.881708,123,2495.923616
-84.718325,143,2496.261888
-163.011985,123,2496.359991
-141.149332,128,2496.461108
-36.525245,223,2496.861988
-130.881389,127,2496.964088
-109.126712,136,2497.073768
-178.480536,110,2497.16184
-100.809369,130,2497.48956
-174.448795,123,2497.588025
-123.200513,141,2497.700397
-119.177266,173,2497.836166
-127.991007,152,2498.160239
-18.017786,477,2498.765574
-146.317194,126,2498.86554
-129.70583,133,2498.972954
-138.686575,145,2499.08992
-152.775881,127,2499.403452
-91.049401,177,2499.543651
-95.128088,151,2499.664323
-147.375442,133,2499.983701
-74.168669,157,2500.110727
-80.671744,150,2500.229977
-127.838982,128,2500.331846
-106.256097,157,2500.65911
-85.886039,143,2500.772336
-114.013745,149,2500.891183
-237.518727,127,2501.197703
-138.44945,134,2501.304396
-118.536201,132,2501.409704
-104.761314,133,2501.515296
-115.698633,143,2501.87112
-122.114377,125,2501.970915
-9.100065,191,2502.123304
-158.572615,141,2502.470226
-195.926473,126,2502.573541
-126.273379,161,2502.702056
-41.084873,177,2502.840598
-126.703619,140,2503.185718
-115.433838,136,2503.293254
-159.699739,134,2503.39974
-130.226296,129,2503.704813
-100.678769,150,2503.827168
-24.444325,189,2503.974578
-122.635206,163,2504.328216
-70.831206,260,2504.548905
-105.119045,147,2504.665423
3.672914,196,2505.05893
-114.608466,173,2505.194537
5.983567,179,2505.334981
37.755977,415,2505.871415
-6.023368,451,2506.325547
-115.332273,158,2506.450817
25.923495,203,2506.703998
18.692803,314,2506.954091
-217.750929,156,2507.172529
23.970682,212,2507.341497
18.567773,218,2507.607989
141.829747,851,2508.512914
-134.298598,182,2508.891101
-32.841733,201,2509.052027
-35.032028,136,2509.16025
263.445758,506,2509.800701
74.773014,817,2510.876355
-330.535343,286,2511.100436
-41.365866,173,2511.445667
13.465218,203,2511.604441
-40.380987,186,2511.74984
-41.260216,187,2512.125256
41.372185,225,2512.303924
-68.850285,322,2512.767231
-204.133026,123,2512.864808
-13.52872,132,2512.970259
-94.17947,170,2513.331164
-13.04,198,2513.486856
-66.439898,164,2513.616206
-61.494576,149,2513.956136
56.790596,412,2514.505275
-26.880956,387,2514.812792
-144.516779,182,2515.177019
-91.940687,153,2515.29778
-9.981677,193,2515.448954
-62.534352,161,2515.783492
-74.074748,137,2515.892021
-118.543088,131,2515.996128
-75.044962,157,2516.121689
-19.767349,191,2516.499038
-118.529124,160,2516.626182
-121.441895,158,2516.752704
-34.673082,177,2517.098161
-56.027319,150,2517.215303
-41.729426,140,2517.325505
-68.779607,151,2517.676736
-6.722766,183,2517.820779
301.307835,520,2518.453402
126.417098,332,2518.919996
-63.644186,170,2519.054543
-59.709198,148,2519.170318
-109.713847,150,2519.498342
-169.77474,128,2519.599556
-141.208923,156,2519.723212
-30.555745,141,2519.836193
3.626908,198,2520.234186
-56.108368,197,2520.388759
-82.323382,161,2520.514959
-44.497041,146,2520.866174
-22.504639,186,2521.013124
-90.749035,161,2521.140467
-95.021643,154,2521.498814
119.141105,285,2521.722845
-61.389143,149,2522.074992
-99.586,143,2522.190038
-53.410206,169,2522.322732
88.658984,627,2523.03117
-119.554707,155,2523.374109
82.005671,330,2523.635597
-151.515428,122,2523.96976
-132.035555,144,2524.086168
-59.16962,333,2524.554775
-61.099279,148,2524.673216
85.052428,328,2524.934698
85.354901,334,2525.424403
-10.814971,326,2525.888616
-90.647787,148,2526.005301
-119.28989,160,2526.13189
8.356611,140,2526.480845
-22.16994,196,2526.637305
23.552777,297,2527.079498
-121.03575,170,2527.214095
-20.318887,231,2527.398147
-22.836467,139,2527.743444
-126.485919,160,2527.869426
-66.766788,267,2528.254087
-49.116246,140,2528.380203
-110.133114,126,2528.490166
-173.437936,138,2528.61205
-60.898599,143,2528.964182
-29.688937,146,2529.094036
-120.581011,163,2529.234684
-62.988219,133,2529.351471
-60.666965,139,2529.71053
-46.183599,143,2529.824454
-88.181199,157,2529.962194
-122.395886,125,2530.275895
-41.221007,152,2530.396326
-75.031115,146,2530.518672
-77.685548,166,2530.653996
-156.88427,114,2530.967486
-61.269136,152,2531.08921
-75.575271,141,2531.198936
-60.659615,151,2531.532196
-140.465571,160,2531.676186
-149.168889,220,2531.877095
-156.853094,168,2532.237926
-131.791458,161,2532.365458
-151.673196,163,2532.49775
-4.823761,190,2532.781402
-107.285498,152,2532.921443
-109.502276,145,2533.041426
-87.559316,167,2533.295349
34.592231,231,2533.487742
-113.178298,169,2533.639165
-16.436438,148,2533.884625
-19.746532,141,2534.043849
-42.20984,181,2534.279527
-161.376505,121,2534.435699
-20.83188,228,2534.928067
-22.967225,202,2535.180738
157.875232,299,2535.761631
-60.859502,147,2535.946242
-79.668356,151,2536.142207
-18.390395,191,2536.69952
-47.859954,174,2536.917821
-30.751904,191,2537.374723
-74.292095,198,2537.626954
-71.014118,155,2537.826442
-160.94797,167,2538.286946
23.35893,223,2538.580999
6.772197,341,2539.269025
-40.754402,153,2539.45966
-36.415459,213,2539.736261
-89.6476,165,2540.292525
-59.553518,175,2540.515403
3.891519,205,2540.785927
-105.382587,148,2541.277068
29.540458,198,2541.534733
-63.552891,176,2541.762402
-46.747519,177,2542.292697
281.413662,349,2542.748788
-43.310371,174,2543.159147
-41.708049,143,2543.350074
-9.652597,231,2543.883116
-119.426966,165,2544.099125
-36.101631,149,2544.294547
-21.48702,171,2544.50807
-76.325931,313,2545.206548
44.266621,218,2545.763387
131.52251,405,2546.290453
-30.188913,142,2546.772163
-65.700355,169,2546.991716
27.073739,257,2547.323431
-55.307835,150,2547.716348
372.494304,490,2548.652982
-22.533141,145,2548.841335
18.934726,332,2549.494207
191.471556,296,2549.887664
4.008592,301,2550.420639
89.550614,442,2551.144513
-99.570165,189,2551.388689
-21.488502,250,2551.844866
92.507618,219,2552.128172
52.498204,218,2552.417441
137.569465,416,2554.384712
2.016953,206,2554.792671
31.223145,248,2555.129978
338.057122,586,2556.030993
116.977636,258,2556.509084
-116.531014,167,2556.725105
-104.677051,246,2557.18041
137.363519,330,2557.622919
-106.089338,153,2557.819765
-45.104736,202,2558.228384
187.470899,428,2559.04246
-21.338871,152,2559.283948
70.265018,241,2559.63687
-30.79963,189,2560.092286
-87.557437,184,2560.334473
-46.087179,201,2560.762164
-10.53882,179,2561.004154
-43.619775,153,2561.208333
-15.506013,137,2561.385132
-130.001144,161,2561.786523
-58.997601,139,2561.968191
-37.42514,172,2562.192346
15.40444,188,2562.592387
-106.369277,143,2562.778107
-82.669068,158,2562.979979
17.459809,187,2563.37583
26.492472,331,2563.790672
-14.196092,226,2564.347656
-94.754995,148,2564.538244
25.023668,183,2564.768222
9.024363,177,2565.135796
-42.751463,177,2565.359322
-1.918298,470,2566.099876
-93.673854,161,2566.308421
-61.145586,158,2566.658228
-85.829439,149,2566.852067
-7.350154,179,2567.076829
-1.846118,194,2567.47316
-69.128228,157,2567.674223
-65.673564,152,2567.871309
-123.21697,141,2568.185533
2.434666,140,2568.365352
9.611247,140,2568.541167
-3.641161,179,2568.784612
-35.018348,167,2569.146456
-45.533135,146,2569.33342
-143.488374,156,2569.531374
-4.26029,175,2569.896643
-76.322307,154,2570.096175
-78.307845,174,2570.337748
7.609548,203,2570.744577
-66.76072,138,2570.927256
-35.212996,188,2571.170973
-161.274181,159,2571.509263
-65.960317,185,2571.748413
-25.166358,151,2571.945727
-93.159747,170,2572.32267
-81.041223,223,2572.616638
99.332416,231,2573.061102
29.315516,197,2573.318142
-129.470505,159,2573.523211
19.905715,199,2573.93238
55.38711,227,2574.223013
-98.536639,175,2574.439439
13.461183,200,2574.838666
-27.198403,185,2575.06831
-50.369099,181,2575.449633
-68.102247,172,2575.669123
-68.275323,162,2575.894828
-40.326011,141,2576.219675
-31.627481,149,2576.414656
-14.139581,203,2576.668566
-53.120067,144,2576.851448
16.569955,197,2577.255575
-67.630012,166,2577.469862
167.627839,269,2577.953722
-45.605949,151,2578.154696
-55.665344,165,2578.366831
-13.223094,182,2578.740068
128.866266,261,2579.081094
30.168048,146,2579.262812
-16.181529,136,2579.589497
-76.62128,143,2579.777484
-54.807173,180,2580.01464
18.748224,146,2580.343027
93.189771,236,2580.654118
-10.30148,137,2580.833915
6.735965,145,2581.209666
18.210604,134,2581.404262
-36.718545,134,2581.586529
-44.473031,157,2581.965931
-81.999245,168,2582.180098
33.353107,194,2582.424109
15.221954,135,2582.59647
-74.26196,166,2582.95716
-6.281395,147,2583.148947
-15.038613,135,2583.341213
-48.127624,154,2583.67872
5.457178,135,2583.851748
12.630927,167,2584.060471
-66.254005,172,2584.415828
48.90546,197,2584.678796
-23.989132,172,2584.89767
-24.023122,180,2585.270652
22.236064,144,2585.458576
-16.067396,185,2585.69296
-37.814634,169,2586.064302
-104.079457,155,2586.265551
38.159132,198,2586.510257
-26.71859,177,2586.809754
-100.997699,164,2586.974968
1.000131,132,2587.1015
90.637222,212,2587.449876
-93.941666,146,2587.592507
95.877011,224,2587.805993
-43.213634,164,2588.073902
-27.08122,172,2588.211743
43.578156,187,2588.366852
252.900304,352,2588.861867
-73.088085,154,2588.988474
12.934243,150,2589.210987
29.856304,194,2589.373595
1.839234,207,2589.55053
84.00535,212,2589.832684
-36.703807,164,2589.966995
155.874622,290,2590.429976
-73.340085,143,2590.547529
19.959604,144,2590.661444
-48.267092,153,2590.877145
-111.608966,140,2590.989002
-61.47511,163,2591.120046
-1.354614,244,2591.407948
-21.107255,139,2591.519805
0.103818,144,2591.635264
-212.225308,310,2591.973688
12.948603,149,2592.092541
-11.055297,133,2592.197727
22.10504,150,2592.54262
-29.590201,143,2592.655244
-41.774991,176,2592.792718
-13.653212,136,2592.991323
-34.608906,147,2593.107788
-74.37272,142,2593.221964
9.02483,178,2593.362257
-33.734054,154,2593.575788
5.391801,140,2593.686321
-20.797205,158,2593.809171
1.890891,144,2594.015152
190.549332,342,2594.281824
-48.099337,133,2594.478138
-8.848097,136,2594.584351
-25.879008,125,2594.682791
-25.534443,169,2594.815464
-44.982209,125,2595.005745
-35.004663,124,2595.103956
-46.594754,152,2595.225119
-52.821218,169,2595.517257
-68.605691,134,2595.623296
-22.697822,138,2595.731098
-24.510211,131,2595.834695
-59.676462,141,2596.040241
-92.792693,131,2596.143412
3.562427,140,2596.253617
1.182466,140,2596.364692
-56.33014,177,2596.595864
-17.425966,147,2596.709586
-21.570292,154,2596.830094
-87.068234,134,2597.027343
-55.186758,147,2597.145649
-73.897546,135,2597.250626
-96.761811,163,2597.380432
-31.510196,164,2597.600646
-57.65136,118,2597.691882
-107.884062,153,2597.81413
-15.801577,133,2598.012475
114.16821,413,2598.339979
-84.531289,143,2598.546665
4.933428,133,2598.650768
-23.063488,134,2598.755521
-38.818789,119,2598.848161
-40.945433,170,2599.073455
-18.747373,125,2599.171212
46.991585,218,2599.344674
-86.204339,147,2599.553393
-17.135464,130,2599.656566
203.078894,403,2600.069376
-73.850422,145,2600.185019
-82.923843,165,2600.31453
-29.077788,148,2600.525448
-61.379064,165,2600.654011
-50.50556,141,2600.764865
-26.74419,136,2601.066906
-38.889637,173,2601.206278
22.448664,219,2601.378349
-73.410734,182,2601.613085
-128.689964,120,2601.707586
-143.698217,164,2601.83539
-29.625287,140,2601.947687
-76.673518,105,2602.121835
-63.219572,150,2602.240525
-126.615043,127,2602.344756
316.930424,338,2602.716444
-70.243191,129,2602.817763
-63.881576,140,2602.928333
66.123302,217,2603.312084
-74.217244,133,2603.416831
-52.247097,152,2603.536238
34.923118,237,2603.815696
-59.323659,171,2603.94829
-55.978585,165,2604.076682
-14.9592,175,2604.310081
70.976895,192,2604.460492
23.139121,181,2604.774003
-40.051464,150,2604.89263
-44.17335,160,2605.018451
-39.733118,142,2605.132362
-16.436279,204,2605.522706
-53.832822,155,2605.645007
-24.92299,214,2606.010733
-22.13728,181,2606.152838
45.525326,185,2606.297243
-65.117684,140,2606.633179
-34.48181,151,2606.753475
-66.499898,141,2606.864323
-35.822805,181,2607.005983
-24.202258,130,2607.312752
-155.318608,175,2607.449887
-36.398491,138,2607.558803
231.654421,286,2608.011984
-15.949292,151,2608.131356
5.104808,194,2608.511107
-12.322415,176,2608.650894
-74.350629,143,2608.763304
-27.992956,154,2608.883593
42.607729,212,2609.276893
-14.772583,147,2609.393527
-73.390197,169,2609.616839
116.939346,228,2609.800699
-71.375447,181,2609.941973
-18.105798,153,2610.153626
13.147848,218,2610.324472
51.365664,185,2610.468014
-23.044284,184,2610.704222
34.619558,261,2610.909331
-36.099674,141,2611.198384
-3.376067,196,2611.352324
-54.668085,138,2611.459834
9.172263,143,2611.572165
-27.31348,166,2611.900289
-48.073351,138,2612.008222
1.955137,193,2612.160041
-0.613735,137,2612.496031
-16.88712,143,2612.609565
13.416243,183,2612.751743
-99.529713,163,2613.109474
46.056221,186,2613.255947
-128.544094,189,2613.404534
50.261095,232,2613.78792
-31.715186,143,2613.90116
2.705952,147,2614.016906
-69.644959,166,2614.374053
-73.845498,165,2614.503638
-51.52548,133,2614.609042
-48.780198,184,2614.952241
-49.176122,142,2615.063141
-33.120495,175,2615.199486
45.222626,188,2615.439455
-54.645649,131,2615.542157
-32.772666,145,2615.656295
45.487563,247,2616.051711
61.062305,240,2616.239559
-65.21068,128,2616.33999
1.580757,190,2616.68789
-17.387718,139,2616.796657
-32.462029,143,2616.908259
-13.918349,176,2617.27209
-94.391426,150,2617.389922
1.553863,185,2617.533874
-84.73045,122,2617.720969
-98.34281,113,2617.809056
-80.397574,157,2617.931496
63.910447,186,2618.076124
-30.094813,146,2618.389427
-39.545889,187,2618.534859
47.24152,197,2619.57794
-101.939505,136,2619.685547
-12.957711,153,2619.804813
21.744717,173,2619.939155
155.016912,318,2620.283459
-52.939313,155,2620.404392
43.84386,191,2620.645756
-28.561883,129,2620.747005
-61.79448,180,2620.889184
-40.035062,132,2621.085102
-43.99834,129,2621.186579
-21.393741,166,2621.318871
-70.022448,129,2621.419466
-57.867917,190,2621.768013
14.752148,181,2621.910417
-89.450036,123,2622.011514
15.002243,175,2622.243978
-70.830381,185,2622.388928
15.076041,223,2622.563491
65.694197,181,2622.795553
-18.641735,149,2622.912359
2.133723,152,2623.031786
16.187621,187,2623.269941
131.468916,280,2623.490026
71.057095,206,2623.877699
-103.373335,156,2624.002566
-82.650725,127,2624.103004
-43.786494,141,2624.437651
7.934523,158,2624.561724
-6.313889,150,2624.678988
-52.021639,161,2624.804538
-13.316417,160,2625.165405
-121.169991,119,2625.258308
8.503866,173,2625.394374
-63.941221,143,2625.709152
-19.863504,219,2625.882917
-17.456874,259,2626.296876
24.047836,177,2626.436185
-97.676464,127,2626.534766
78.80279,324,2627.027749
-94.67184,168,2627.16434
47.837201,205,2627.558461
-99.390103,122,2627.655941
54.930245,207,2627.818975
82.830484,181,2628.052014
-63.529189,185,2628.196013
-17.669906,186,2628.341545
-0.180837,214,2628.601664
30.715918,167,2628.732581
-24.334449,185,2628.877617
27.692853,176,2629.109341
11.240932,186,2629.256586
-31.834787,173,2629.391808
-41.721117,152,2629.603315
36.127555,181,2629.744653
-0.371871,153,2629.866787
-16.658263,171,2630.093208
-70.512829,184,2630.235963
87.9178,195,2630.388623
-49.704355,179,2630.620681
26.736268,236,2630.808182
-34.823226,165,2631.030794
-109.942018,386,2631.335842
7.43189,176,2631.564656
-3.084572,145,2631.677992
-75.091462,366,2632.059412
34.657764,211,2632.225083
-101.295094,120,2632.318909
-12.787751,157,2632.534589
-2.801393,144,2632.647877
-1.239772,148,2632.763714
67.819346,204,2633.13501
0.82605,161,2633.262074
208.951047,254,2633.459419
13.689017,242,2633.7413
-83.190883,141,2633.852423
-8.722644,255,2634.145842
50.568489,186,2634.291329
50.741613,289,2634.611884
-20.016729,149,2634.728764
-64.173362,145,2634.845191
-153.051056,126,2634.945219
-79.107348,152,2635.160733
28.480643,183,2635.303861
37.802733,200,2635.461383
-31.562202,134,2635.659152
19.205699,412,2636.076015
-34.546269,188,2636.223551
-113.476423,177,2636.362923
24.655007,203,2636.646337
11.126405,209,2636.811129
81.00698,257,2637.136598
30.359189,177,2637.275002
-28.999096,163,2637.401473
-21.838025,148,2637.517558
-33.952539,182,2637.75181
-89.169357,187,2637.898546
-90.838101,177,2638.129309
-22.81551,172,2638.264652
-9.200933,201,2638.423138
-28.258518,176,2638.653145
-50.035753,186,2638.79942
7.207844,194,2638.952192
-88.977161,174,2639.191311
-83.4833,164,2639.320306
-31.293053,183,2639.464453
-68.528393,153,2639.678414
35.580284,200,2639.838903
-92.566011,244,2640.122852
12.045683,183,2640.267812
-50.974978,179,2640.408436
-39.424036,213,2640.667006
-16.345971,201,2640.824412
-16.086767,206,2640.98728
-25.56834,163,2641.211081
-72.431774,179,2641.352538
-12.724873,148,2641.470288
-48.43796,187,2641.712936
-83.593762,182,2641.855621
-50.079918,157,2641.97928
-62.65891,235,2642.257548
-20.604483,200,2642.415792
-75.968907,166,2642.6375
-22.000429,216,2642.808197
-46.46029,147,2642.92429
-89.377742,156,2643.140006
-109.276881,184,2643.284376
-70.004299,152,2643.405528
-36.372219,179,2643.638571
-90.247136,142,2643.750802
-52.714344,147,2643.866475
-82.116009,175,2644.095954
-35.475046,144,2644.210765
67.667279,308,2644.453138
88.693035,231,2644.727275
-67.84773,174,2644.864293
-12.320831,150,2645.073566
-30.885064,185,2645.220119
-99.274937,172,2645.354705
-125.982161,144,2645.46834
-89.118692,177,2645.699745
23.770971,139,2645.809602
40.343503,253,2646.100505
-83.96275,175,2646.237717
-11.119739,186,2646.385067
249.437343,432,2646.817146
-146.224979,163,2646.94589
-75.505571,172,2647.175531
-22.798903,137,2647.28353
-51.957891,244,2647.566412
-59.30282,175,2647.703915
35.879154,221,2647.877357
-81.136286,173,2648.104686
-116.276368,167,2648.237111
102.842334,215,2648.407978
-43.796561,184,2648.645281
-35.501714,261,2648.849191
49.760964,246,2649.134541
0.8365,238,2649.321997
40.645463,207,2649.578143
-32.32096,215,2649.746373
270.34232,319,2650.089671
-16.343549,193,2650.24134
-116.940132,161,2650.367724
-44.126414,179,2650.601434
-152.324614,173,2650.737118
17.706741,196,2650.891229
75.381226,311,2651.229489
-36.766314,134,2651.33695
-23.833132,144,2651.54183
-85.443595,152,2651.661946
134.073627,221,2651.836469
-52.882182,186,2652.07428
107.539269,321,2652.327765
25.798097,135,2652.525382
-69.569278,173,2652.660186
39.574882,194,2652.812461
46.963789,196,2653.163346
57.172295,212,2653.330945
24.55342,205,2653.49121
150.418894,337,2653.984571
-50.369982,185,2654.129782
9.403249,198,2654.494265
34.603168,216,2654.663245
-112.482317,167,2654.998756
-111.787535,171,2655.134242
-23.191129,172,2655.270661
35.695252,301,2655.739419
-30.370007,188,2655.886712
-48.840071,151,2656.113362
-115.139985,191,2656.262566
30.174693,145,2656.376658
-16.817474,127,2656.476879
-52.799149,171,2656.702826
-65.326649,246,2656.894563
-20.174952,132,2657.092354
-67.958007,148,2657.210224
-79.603089,140,2657.321852
-86.332918,158,2657.446814
-25.224833,133,2657.644738
-80.623325,144,2657.758793
-115.932405,149,2657.876283
-10.149617,145,2658.081628
-37.111065,165,2658.212276
-144.274103,166,2658.342761
-115.057839,150,2658.461165
62.63656,217,2658.724052
18.75063,184,2658.866914
-0.399273,133,2658.971535
-102.433443,156,2659.188247
-35.242029,202,2659.346933
-24.293232,149,2659.464567
-30.570054,176,2659.706824
-74.168439,150,2659.824788
52.660902,227,2660.094648
-45.041739,171,2660.229188
-110.655157,157,2660.354208
-87.323544,142,2660.466685
50.297517,208,2660.723386
-30.928909,192,2660.875253
-56.539106,157,2661.093833
-81.927913,164,2661.222995
12.78804,151,2661.343786
-27.795437,193,2661.589764
-24.106164,202,2661.748141
-81.834777,168,2661.879972
0.832342,207,2662.137373
-32.078626,140,2662.248268
-9.674374,144,2662.36283
112.941782,373,2662.760238
-75.96804,159,2662.884409
-42.157025,151,2663.095319
-61.275516,140,2663.206545
-11.932736,142,2663.319192
-71.982026,222,2663.58769
4.113708,200,2663.745109
-114.666714,155,2663.867687
-74.984298,159,2664.085244
0.415149,186,2664.230914
13.808701,257,2664.432579
-103.908594,156,2664.648339
-25.104846,224,2664.823699
-45.497613,155,2664.946769
58.748079,218,2665.211352
176.089906,423,2665.637481
3.380083,249,2665.834
0.88539,209,2666.095829
-2.706456,205,2666.256288
-39.551181,142,2666.370261
-97.704574,171,2666.704619
-71.108864,175,2666.842495
-81.845229,171,2666.976479
-44.059065,145,2667.18455
-25.565203,139,2667.295171
-33.48201,276,2667.513166
-47.256808,172,2667.739916
-69.552331,155,2667.861971
-25.711256,167,2667.993074
46.762982,243,2668.276068
-34.073206,178,2668.415512
-46.892598,150,2668.534424
84.255675,299,2668.868831
-1.961177,150,2668.987139
-13.046137,186,2669.345147
-38.34227,173,2669.480705
-112.57819,174,2669.617339
-36.646652,164,2669.963284
-99.803835,158,2671.296633
-141.726537,163,2671.426891
-9.80637,265,2671.862921
24.672142,222,2672.0374
54.3941,287,2672.478352
-48.573222,145,2672.593797
-44.096044,170,2672.728041
-33.131944,144,2673.045758
-23.871041,172,2673.181329
-17.444747,219,2673.543582
-12.571571,139,2673.653395
-52.749942,177,2673.792877
-63.126035,181,2673.935487
26.294564,227,2674.333079
13.064439,147,2674.448687
13.949029,189,2674.803417
-114.281779,171,2674.938092
-123.037968,163,2675.065879
-54.175112,156,2675.422336
-1.235391,158,2675.54977
-53.636662,158,2675.675183
-9.427479,184,2676.051527
13.591401,178,2676.194292
-94.577412,142,2676.307941
-22.263977,149,2676.426322
42.137684,242,2676.854123
-7.469245,161,2676.980501
-21.492814,137,2677.182266
-70.872928,158,2677.308706
-160.976257,153,2677.42918
-70.711215,240,2677.710666
-58.893722,172,2677.845901
-39.271487,159,2677.969887
-18.387509,129,2678.072319
52.670613,254,2678.364152
33.802065,181,2678.505522
-48.484144,170,2678.732788
143.459004,284,2678.957857
388.306868,477,2679.42592
-61.337952,165,2679.555023
-33.084256,165,2679.776587
7.413346,182,2679.918923
-44.902215,184,2680.154718
34.058292,220,2680.32903
-65.757737,179,2680.468677
28.194011,223,2680.735756
-21.721585,171,2680.869265
2.58809,234,2681.145311
19.11673,166,2681.276991
7.972262,153,2681.39696
217.433445,287,2681.715265
-38.844549,142,2681.827098
81.566858,243,2682.0162
-24.258893,159,2682.232946
-39.710189,192,2682.383628
31.235727,262,2682.688412
4.160794,149,2682.80598
-67.053791,180,2682.946586
-71.30749,147,2683.26945
89.669453,215,2683.437683
37.121165,234,2683.621044
-73.037894,162,2683.973969
-30.727173,154,2684.095208
-2.726202,175,2684.232294
-55.068814,181,2684.606538
-35.239848,193,2684.758635
16.699772,137,2684.864921
1.852003,148,2685.180152
-80.418556,193,2685.331141
1.582178,139,2685.440462
-50.973794,146,2685.784361
-27.56115,144,2685.897639
-67.277873,167,2686.028421
68.265642,181,2686.263518
-43.241074,318,2686.513896
-428.327077,255,2686.807463
-97.956804,151,2686.928658
-64.280159,155,2687.051698
-6.233828,138,2687.253754
-14.567925,175,2687.39252
20.620585,142,2687.504975
-62.040961,156,2687.626881
-29.135724,146,2687.833567
18.903435,252,2688.034379
-48.2473,148,2688.242905
-16.846188,154,2688.367519
-113.338462,175,2688.505261
-19.288193,148,2688.621189
-66.951978,153,2688.831604
-56.529193,165,2688.960929
-7.974103,173,2689.096173
28.950651,168,2689.321047
-91.165292,174,2689.456583
-24.180995,176,2689.594436
-2.125413,189,2689.83398
63.132854,240,2690.021595
-15.340983,153,2690.232723
-76.469165,165,2690.362581
76.498405,249,2690.556816
-49.224169,210,2690.812885
-63.051792,167,2690.945346
-21.372449,180,2691.190964
15.291642,184,2691.335944
-6.646571,199,2691.492755
25.843176,151,2691.703624
39.301255,184,2691.861382
11.968843,247,2692.055954
29.360717,287,2692.374849
-15.430481,152,2692.494927
-10.551231,185,2692.735511
-24.678186,163,2692.863552
-44.297858,189,2693.011376
-61.497295,167,2693.347691
89.145104,260,2693.551189
-88.688626,161,2693.677618
-34.633921,143,2694.020308
3.508995,212,2694.186348
-138.562596,173,2694.322394
16.923639,175,2694.646046
-45.265597,212,2694.812073
-10.492549,179,2695.153818
27.196628,174,2695.290556
-28.705299,215,2695.459046
17.810666,191,2695.813439
-13.356601,171,2695.947974
-26.186853,173,2696.084092
108.095299,374,2696.563818
-13.064232,188,2696.710697
-10.292871,185,2697.066886
-44.338222,251,2697.261849
-237.367625,445,2697.821708
-36.536791,175,2698.169092
-89.915199,179,2698.309132
-209.360756,163,2698.437618
6.621245,245,2698.856561
-49.406371,293,2699.087023
-42.529647,155,2699.414875
42.238176,181,2699.557302
-75.064991,174,2699.694252
-65.713011,164,2700.047312
-103.89391,213,2700.216429
1.178592,262,2700.525779
-155.402654,178,2700.666637
-79.586807,240,2700.85444
-59.084769,164,2701.079221
-111.370602,170,2701.213068
-83.97476,225,2701.389913
-84.090993,155,2701.603765
-23.810666,190,2701.751182
94.828091,405,2702.161678
-28.036672,178,2702.300616
-103.624581,150,2702.511804
18.503599,420,2702.842327
19.473936,168,2703.065392
-68.399934,157,2703.188965
-75.383268,176,2703.32702
-71.183088,587,2703.877711
8.670826,182,2704.111587
79.545139,351,2704.47747
-1.256852,197,2704.633936
-27.00226,238,2704.820476
37.501599,290,2705.143216
23.921885,219,2705.315165
29.354516,271,2705.622101
-93.23414,170,2705.756308
27.460338,210,2706.016893
-60.464819,156,2706.140805
120.66127,498,2706.624082
-10.721755,260,2706.830177
-66.735641,150,2707.04343
-208.441623,473,2707.507058
37.513792,189,2707.656503
768.141538,1000,2708.741436
-146.316658,682,2709.504743
43.360246,199,2709.752832
41.864861,362,2710.038549
-492.186394,626,2710.714589
-0.791724,216,2710.884764
-56.939781,193,2711.036645
-39.152501,213,2711.295757
-71.168085,189,2711.447598
31.616194,204,2711.698742
-62.442295,234,2711.883284
-172.300874,153,2712.006143
-133.995602,190,2712.247826
-93.981876,270,2712.460606
-20.866465,267,2712.761606
-65.052101,160,2712.887182
-165.422114,784,2713.691194
15.935592,353,2713.970598
-9.543233,251,2714.258469
-14.930437,311,2714.503587
-126.341063,396,2714.921268
-72.305645,177,2715.262296
-109.97088,251,2715.466855
-182.752409,466,2716.035124
6.301992,237,2716.2243
-380.94915,271,2716.561805
-104.481284,263,2716.78426
143.239123,635,2717.74217
-101.085646,166,2717.872899
-45.543839,164,2718.001747
-78.300992,184,2718.246951
-66.131033,212,2718.418226
-78.535468,147,2718.53425
-301.003,407,2718.989178
-40.127277,156,2719.11475
-58.494941,206,2719.371382
-373.068149,250,2719.571479
-38.080562,169,2719.841606
-40.349802,148,2719.969121
-53.298941,239,2720.161247
73.925741,296,2720.48999
14.632376,519,2721.047094
-37.896016,172,2721.271553
37.867229,212,2721.693897
-103.794917,629,2722.636774
-62.400378,165,2722.845114
-102.777512,174,2723.20923
-41.534089,172,2723.473008
-53.878271,364,2724.077049
17.85174,388,2724.56934
-60.413722,165,2724.968007
-40.865679,180,2725.197159
-57.339287,258,2725.794052
-0.870279,195,2728.935833
100.137356,474,2729.796957
-39.375683,211,2730.068515
15.363956,408,2730.873408
4.030942,197,2731.393183
42.903937,520,2732.335487
-138.826959,175,2732.553627
-96.436527,183,2732.781887
-100.452594,439,2733.523334
-33.767094,469,2734.297997
-114.758563,211,2734.586038
-51.778511,185,2735.111387
-187.844342,167,2735.310179
-392.033775,275,2735.917555
-68.015861,187,2736.169721
-228.150305,219,2736.452173
-68.209445,266,2736.997897
-77.585439,241,2737.310173
0.254243,412,2738.018146
-76.625091,175,2738.382519
-70.899129,135,2738.552934
-125.709491,150,2738.750678
-92.806043,262,2739.270305
-84.495751,172,2739.496005
-102.64899,195,2739.74605
-83.565289,163,2740.092627
-92.814102,165,2740.307644
-137.270537,169,2740.527725
-142.341362,155,2740.876637
-106.875108,167,2741.098916
-197.23564,678,2742.126036
13.762401,633,2743.232994
-102.197849,626,2744.244079
-18.709192,411,2744.960274
-8.71719,283,2745.340426
-125.230583,301,2745.990317
9.504462,366,2746.470817
-167.88728,166,2746.87004
-23.465557,260,2747.213772
-91.156735,287,2747.812642
-148.418836,169,2748.029476
-43.936535,223,2748.450841
30.841652,209,2748.720284
-166.527282,172,2748.940279
-114.443184,202,2749.345519
-117.169934,163,2749.558955
-50.919021,172,2749.777763
-94.628485,176,2750.17417
-164.994329,170,2750.409482
-37.058421,207,2750.741131
-173.375831,147,2751.084641
-148.337827,149,2751.277602
-61.101985,199,2751.542412
-23.742408,137,2751.912637
-65.568044,170,2752.120894
252.64371,996,2753.848676
-82.07066,229,2754.193438
-545.459049,238,2754.698173
109.884363,264,2755.033668
-111.573642,264,2755.545587
-34.161623,212,2755.811999
-100.298109,246,2756.270705
-108.240417,342,2756.708705
-51.609094,182,2757.086703
-108.215631,256,2757.431024
-68.707286,268,2757.947204
-92.400153,194,2758.214932
-207.655991,177,2758.618204
-30.669193,267,2759.002935
-23.654287,254,2759.565666
99.954555,840,2761.054512
-101.777064,183,2761.650119
-97.189939,253,2761.985564
-373.825971,381,2762.791316
-115.532342,323,2763.206121
149.207121,831,2764.594575
95.823594,477,2765.393208
-127.102799,258,2766.009849
-231.777679,289,2766.416646
-84.872813,240,2767.004077
-73.589028,258,2767.333936
-18.912941,283,2767.97406
-489.136995,278,2768.315986
373.942628,1000,2770.077372
-132.65073,171,2770.287309
-18.106467,416,2770.991659
-63.506843,187,2771.400746
-39.288061,294,2771.770758
36.153314,501,2772.655686
-8.729591,317,2773.359053
-13.777567,400,2774.133076
14.465878,221,2774.410186
-69.273365,189,2774.647058
-55.896095,293,2775.206113
-122.636266,195,2775.45046
-344.615423,325,2776.040995
-55.83831,462,2776.800305
11.590193,319,2777.199869
-120.702902,184,2777.611963
-516.392492,296,2777.984913
-139.825465,181,2778.508896
-96.693082,187,2778.743252
-44.323731,234,2779.297176
-26.48613,266,2779.6402
-82.155367,210,2780.10166
-482.497364,230,2780.412585
-76.737438,213,2780.678373
-495.356853,245,2781.209014
24.404505,257,2781.530729
-53.61895,180,2782.0228
-164.183203,176,2782.243545
-82.042878,214,2782.512268
-82.744572,310,2783.044606
30.928591,412,2783.725924
-130.13235,154,2783.920488
-185.97793,155,2784.258425
-131.664859,195,2784.522211
-210.055753,165,2784.758113
-170.136099,159,2785.110139
-58.539197,572,2786.02292
-140.318739,163,2786.237756
-56.516839,193,2786.486171
-194.422132,175,2786.973027
-99.25339,144,2787.185682
-28.358057,285,2787.728346
-235.152948,285,2788.109039
-175.472485,267,2788.647908
-22.400936,208,2788.914197
-113.623488,234,2789.211735
-136.47253,234,2789.679909
-59.492437,214,2789.947538
-166.438123,171,2790.331707
-123.869255,229,2790.622739
-90.519327,280,2791.121315
-156.581324,168,2791.336185
-31.071921,182,2791.566307
-76.761335,205,2791.966142
-161.537828,178,2792.189927
-391.249694,570,2793.068433
-3.268323,210,2793.52495
-66.801804,274,2793.874835
-129.03219,155,2794.084775
-166.190595,153,2794.428428
-84.928806,356,2794.880885
-76.350852,200,2795.286099
-180.301389,162,2795.496619
-162.390256,170,2795.717112
-220.162756,176,2796.104848
-138.456972,223,2796.411816
-123.464129,222,2796.915574
-194.006422,162,2797.139055
-143.614959,148,2797.325637
-96.013772,192,2797.852978
-134.00961,479,2798.649899
-136.698463,168,2798.867351
-105.236518,232,2799.164982
-35.249985,218,2799.583882
-194.028477,331,2800.002554
-125.333107,187,2800.388337
-154.856161,163,2800.598461
-122.309046,192,2801.082297
-118.221537,191,2801.321941
-136.023418,155,2801.519498
-97.504938,184,2801.896941
-23.191366,208,2802.169825
-60.526195,354,2802.859853
-105.12683,188,2803.095417
-110.942985,334,2803.664692
-151.894194,167,2803.880164
-97.239599,137,2804.061217
-144.780617,144,2804.383819
-88.659496,222,2804.668953
-174.636722,157,2804.867387
-96.387394,135,2805.334602
-18.949654,196,2805.589151
-169.919582,177,2805.813023
-171.693807,239,2806.433345
-130.940903,167,2806.642508
-182.443828,248,2807.090364
-166.200966,450,2807.698297
-237.344239,164,2808.141303
-70.167466,182,2808.370121
-304.328528,158,2808.570814
-143.482147,171,2808.9326
-133.78932,197,2809.182202
-125.243416,138,2809.355624
-145.407614,239,2809.893398
-197.325068,160,2810.092295
-173.344907,332,2810.74334
-128.410857,184,2810.972422
-143.981953,178,2811.489493
-190.677136,160,2811.689206
-201.476027,157,2811.889746
-158.068593,152,2812.082555
-119.811321,198,2812.579378
-62.475761,199,2812.829183
-182.714274,172,2814.271632
-142.756272,176,2814.499277
-181.918356,143,2814.678104
-127.998991,150,2814.900869
-108.081744,140,2815.442976
-79.988608,184,2815.675337
-73.00673,133,2815.841736
-180.071813,225,2816.413346
-28.90025,193,2816.655565
-209.707316,215,2817.186722
-214.893646,669,2818.22974
-90.576325,139,2818.41105
-58.068508,223,2818.936549
-171.975892,232,2819.234328
-96.644451,163,2819.442985
-218.612961,314,2820.150473
-220.500804,313,2820.82759
-150.820063,181,2821.056659
-117.376753,216,2821.335433
-254.803849,170,2821.856664
-176.200663,497,2822.772919
-124.385531,151,2822.967819
-81.726674,228,2823.252819
-227.129286,172,2823.711304
-30.447572,291,2824.084805
-123.254808,178,2824.497174
-182.446912,165,2824.702513
-533.882155,859,2826.061186
-179.210208,195,2826.311197
-95.574855,210,2826.578676
-167.77872,181,2826.953182
-199.360806,231,2827.243433
-143.181329,181,2827.621101
-117.055516,244,2827.931778
-87.187061,192,2828.173269
-26.752971,284,2828.683774
-121.43203,197,2828.945614
-101.500269,146,2829.28284
-105.763899,195,2829.536088
-154.632739,169,2829.752008
-90.651021,191,2830.139314
-524.348432,642,2831.10808
15.74356,275,2831.591439
-176.137983,206,2831.875336
-166.436336,140,2832.050928
-141.742371,177,2832.492782
-82.989058,204,2832.759208
-186.829714,149,2832.955572
-171.305888,227,2833.422641
-178.230714,146,2833.608033
-175.387244,270,2834.093157
-143.978325,144,2834.285567
-127.789359,193,2834.534654
-140.766264,171,2834.903793
-193.077292,184,2835.140956
-147.786614,161,2835.343738
-150.169631,150,2835.675692
-142.822263,175,2835.917119
-122.504311,150,2836.108134
-96.540092,372,2836.72924
-78.062011,197,2836.978658
-102.815163,209,2837.387159
-198.759783,164,2837.600716
-84.686841,171,2837.817443
-185.758505,195,2838.403447
-238.696903,364,2838.898969
-149.044594,172,2839.368853
-295.859645,232,2839.663887
-190.024834,169,2840.135063
-111.015899,170,2840.349698
-168.974327,141,2840.534083
-86.675211,185,2841.033751
-73.552388,250,2841.361049
-216.252569,156,2841.557747
-163.439565,273,2842.073203
-166.35679,151,2842.260753
-257.258632,150,2842.446886
-210.725521,141,2842.822005
-127.726979,186,2843.06119
-186.497171,160,2843.263975
-124.084386,191,2843.813389
-175.717167,148,2844.014969
-187.310411,145,2844.230599
-81.180032,138,2844.714581
-101.175036,135,2844.887767
-159.534572,142,2845.084667
-146.504311,150,2845.275907
-122.285387,168,2845.771024
-223.952697,143,2845.954077
-181.67014,156,2846.15052
-186.565574,155,2846.489132
-116.386804,137,2846.663976
-118.144796,125,2846.824453
-146.627284,168,2847.037205
-143.406294,128,2847.478023
-139.922735,172,2847.692787
-147.497664,153,2847.885317
-143.595406,139,2848.203215
-136.69144,140,2848.390685
-143.640194,159,2848.595128
-186.245383,152,2848.930567
-184.117555,179,2849.165242
-163.855278,148,2849.360579
-47.462085,189,2849.738093
-178.738502,152,2849.939135
-230.60281,157,2850.140878
-130.979215,183,2850.381213
-183.646833,146,2850.711916
-201.402383,167,2850.930718
-236.463902,155,2851.137317
-148.603605,133,2851.461443
-176.993402,172,2851.696536
-171.092652,126,2851.88067
-177.10138,137,2852.204206
-148.029901,145,2852.395344
-213.483593,164,2852.609267
-149.439855,147,2852.786692
-156.913675,170,2853.14568
-76.075971,184,2853.389513
-188.234316,171,2853.608821
-202.54088,148,2853.943228
-145.48124,143,2854.124116
-239.010946,161,2854.329734
-196.256211,158,2854.66926
-175.751647,203,2854.930979
-234.563948,158,2855.148492
-95.583514,218,2855.594898
-125.896998,144,2855.78036
-156.397308,167,2855.99558
-203.862802,151,2856.403065
-198.40657,155,2856.596279
-209.913238,150,2856.821726
-119.541735,138,2857.142363
-180.103838,161,2857.355178
-120.967009,141,2857.536875
-189.249574,168,2857.751268
-135.243064,173,2858.11795
-146.910544,144,2858.30663
-125.281507,162,2858.517682
-172.419378,142,2858.853413
-143.068563,151,2859.052006
-173.903157,160,2859.259535
-144.273594,150,2859.606261
-129.133585,171,2859.82882
-109.814527,165,2860.040072
-208.099728,161,2860.485486
-149.228946,137,2860.652334
-173.153112,154,2860.849461
-138.129396,126,2861.010924
-48.457043,203,2861.414068
-128.987984,138,2861.598588
-170.850787,144,2861.784395
-210.956817,154,2862.128513
-140.091924,182,2862.367284
-172.287072,150,2862.557637
-136.988706,148,2862.886204
-164.631893,162,2863.093411
-97.368402,137,2863.267045
-186.381088,162,2863.469442
-149.624413,140,2863.827991
-134.27005,138,2864.005482
-167.417862,163,2864.20893
-209.962803,152,2864.544233
-180.226614,142,2864.731174
-116.260155,133,2864.901609
-162.876569,168,2865.115353
-113.881355,169,2865.480315
-149.732193,151,2865.670568
-127.205303,147,2865.858108
-149.308505,155,2866.189703
-105.944014,185,2866.434553
-192.006813,329,2867.002539
-146.792765,174,2867.224139
-156.691419,165,2867.43201
-173.248825,161,2867.772803
-182.783669,222,2868.06643
-78.22577,178,2868.294894
-136.689764,170,2868.65419
-172.796832,160,2868.864119
-99.514477,136,2869.036776
-132.597331,144,2869.36717
-183.172579,154,2869.56753
-105.813464,136,2869.743413
-168.861657,146,2869.927272
-135.317622,136,2870.247363
-118.089018,140,2870.431322
-148.767157,134,2870.602899
-158.188859,145,2870.955842
-197.020009,165,2871.171585
-133.916337,146,2871.360076
-92.747832,144,2871.54152
-170.060892,154,2871.886213
-122.032498,175,2872.117643
-124.805443,141,2872.300316
-153.306601,150,2872.63342
-144.830169,153,2872.836033
-194.275935,140,2873.019381
-130.314125,144,2873.210023
-183.127175,151,2873.550357
-87.453733,241,2873.860547
-100.021273,232,2874.305273
-153.245849,167,2874.521542
-160.85769,165,2874.729138
-74.639914,194,2875.137501
-156.506318,161,2875.344404
-166.087976,147,2875.530049
-111.037571,127,2875.943513
-237.509712,164,2876.156475
-131.499557,141,2876.341324
-128.233603,147,2876.527257
-140.15509,146,2877.008351
-176.754345,143,2877.193871
-204.679645,167,2877.404752
-149.885015,236,2878.015878
-197.47766,152,2878.224463
-112.034831,140,2878.409725
-214.29878,152,2878.898048
-139.081989,150,2879.08923
-125.635134,160,2879.295162
-69.734876,224,2879.872176
-139.539428,132,2880.042143
-139.631082,172,2880.262022
-109.995453,123,2880.718263
-103.411664,180,2880.946701
-116.043241,175,2881.171022
-182.78987,156,2881.509304
-171.831191,188,2881.75931
-158.539637,139,2881.938123
-133.500724,132,2882.109246
-156.773772,145,2882.446016
-151.282816,140,2882.631738
-183.651434,169,2882.855612
-122.567199,134,2883.177309
-125.848402,142,2883.363735
-163.4802,171,2883.582981
-184.780481,158,2883.924247
-185.922035,167,2884.151921
-204.195093,158,2884.349582
-152.765487,144,2884.534652
-138.827306,143,2885.080423
-92.120584,204,2885.342667
-171.548782,155,2885.540535
-147.35343,129,2885.852035
-183.738386,166,2886.069268
-126.321099,142,2886.25217
-174.716846,159,2886.656781
-131.539433,228,2886.9519
-181.629864,163,2887.164455
-164.457138,154,2887.501671
-137.696226,187,2887.7529
-180.331519,144,2887.945663
-171.037183,169,2888.306758
-112.053866,173,2888.530029
-241.460694,136,2888.70542
-76.705525,186,2889.083916
-172.368898,150,2889.27828
-152.573167,152,2889.475991
-160.119842,162,2889.823981
-141.833581,162,2890.038577
-201.216007,141,2890.22217
-141.521271,203,2890.483899
-247.004519,159,2890.828301
-181.648328,160,2891.033642
-164.057649,166,2891.24598
-87.048404,144,2891.62926
-164.114179,141,2891.828223
-134.18965,231,2892.124147
-115.246595,142,2892.457268
-150.824743,145,2892.64258
-96.822494,168,2892.861179
-188.888764,162,2893.216586
-175.903901,160,2893.425842
-131.785949,173,2893.653064
-128.018149,143,2894.094054
-192.636458,173,2894.315626
-173.893745,276,2894.676692
-169.48028,167,2895.037668
-206.2459,163,2895.246519
-170.773774,169,2895.468965
-233.591417,175,2895.950179
-146.880819,160,2896.154704
-145.210739,172,2896.373831
-178.650487,130,2896.732396
-185.011789,250,2898.164878
-211.036596,141,2898.347299
-167.626537,163,2898.87165
-119.833658,176,2899.102552
-180.361473,163,2899.311037
-222.648881,143,2899.700575
-161.862485,173,2899.92064
-105.154228,168,2900.12969
-67.063894,172,2900.63509
-160.330003,168,2900.854459
-162.077576,154,2901.049538
-238.545,170,2901.432998
-272.092425,152,2901.628664
-154.905054,161,2901.834075
-145.358222,203,2902.155938
-161.212177,136,2902.279932
-117.634188,169,2902.439109
-167.818459,146,2902.69516
-254.122673,163,2902.842529
-172.374063,128,2902.960622
-153.051296,174,2903.116955
-254.801266,158,2903.531902
-258.826962,437,2904.011912
-215.20571,157,2904.147999
-174.131255,299,2904.5211
-205.894409,258,2904.746992
-193.864444,167,2904.879825
-163.262988,220,2905.147332
-148.618764,159,2905.282457
-156.360038,185,2905.437423
-117.529468,174,2905.666524
-205.456627,155,2905.798315
-103.079019,648,2906.417059
-94.781553,167,2906.643014
-124.933275,216,2906.81533
-186.572124,140,2906.925702
-289.977835,318,2907.273443
-127.709483,172,2907.410725
-122.574237,288,2907.730809
-199.315782,145,2907.845654
-164.233222,149,2907.963469
-118.710665,138,2908.164275
-104.729767,195,2908.318058
-126.121763,142,2908.430843
-226.847359,174,2908.660307
-138.309702,169,2908.792857
-159.349987,177,2908.931655
-124.451025,130,2909.127403
-113.746763,176,2909.265112
-201.887483,162,2909.393432
-213.919181,149,2909.608034
-44.684048,208,2909.773731
-68.191083,188,2909.92165
-178.947098,123,2910.112078
-124.978555,202,2910.271076
-596.730346,718,2910.933272
-206.645986,163,2911.159245
-261.191564,369,2911.452139
-121.092144,169,2911.678203
-104.31829,244,2911.870203
-127.13537,187,2912.109933
-128.83215,422,2912.444092
-215.422046,171,2912.671691
-141.34481,138,2912.780526
-205.720394,143,2912.893343
-207.856896,196,2913.146326
-173.265802,164,2913.275017
-93.790467,181,2913.417551
-97.058552,186,2913.772624
-154.463942,149,2913.89097
-189.689116,257,2914.18489
-255.165381,203,2914.345021
-197.740718,156,2914.468649
-173.890904,171,2914.695844
-71.53744,172,2914.832062
-296.22204,154,2914.953552
-126.422448,217,2915.216672
-125.498587,173,2915.352948
-131.016622,227,2915.533025
-199.830803,162,2915.753385
-157.679643,233,2915.93823
-236.737303,249,2916.22817
-199.096844,146,2916.34586
-160.993277,178,2916.486754
-205.211689,158,2916.716635
-257.586733,401,2917.036705
-203.78724,135,2917.236377
-274.397047,170,2917.37056
-175.762323,151,2917.490488
-144.495747,188,2917.731308
-92.947445,192,2917.88303
-138.408062,139,2917.993392
-181.476066,165,2918.215609
-193.861991,145,2918.329643
-199.500065,177,2918.469862
-226.323413,149,2918.681332
-214.469214,138,2918.790702
-549.668639,443,2919.233809
-210.834928,150,2919.35307
-188.843912,165,2919.484007
-95.009053,183,2919.721933
-203.933532,172,2919.857866
-137.393673,161,2919.98417
-212.79865,142,2920.187649
-140.904243,168,2920.319879
-206.272296,155,2920.441463
-205.230138,178,2920.675188
-146.410408,144,2920.788721
-188.97273,178,2920.929239
-105.958818,141,2921.041106
-227.180224,171,2921.269189
-215.580853,166,2921.399974
-233.759547,167,2921.531765
-270.645985,146,2921.74238
-230.855699,163,2921.872354
-200.105295,185,2922.018515
-222.87433,351,2922.392872
-238.142196,169,2922.527278
-202.48724,161,2922.748371
-255.249162,158,2922.874335
-269.388719,166,2923.007103
-237.618329,234,2923.287993
-252.552867,157,2923.411689
-216.027164,152,2923.532327
-159.720212,164,2923.757982
-239.720778,161,2923.886211
-324.369327,143,2924.000528
-293.811998,186,2924.24398
-218.739182,146,2924.360774
-154.520319,137,2924.469102
-190.482414,169,2924.69909
-246.168832,173,2924.836666
-176.566928,168,2924.970745
-256.380359,168,2925.199631
-243.534898,169,2925.333177
-227.273017,171,2925.469158
-102.452505,191,2925.715228
-185.314091,194,2925.869439
-202.781529,152,2925.990732
-133.867172,194,2926.240078
-141.195141,220,2926.415429
-133.165936,183,2926.560737
-164.65253,176,2926.795103
-185.60067,149,2926.914764
-126.851355,192,2927.162266
-183.605269,150,2927.282101
-103.325101,216,2927.452501
-205.239913,146,2927.66092
-120.916422,192,2927.814603
-234.542534,164,2927.94436
-252.0625,166,2928.166196
-270.474365,513,2928.666014
-273.999209,279,2928.888474
-177.458273,169,2929.021386
-205.008702,178,2929.252807
-160.599971,243,2929.443823
-232.246665,167,2929.667627
-150.890778,181,2929.811147
-112.292555,143,2929.92661
-124.662474,164,2930.148408
-164.930762,179,2930.291176
-324.771477,491,2930.77164
-294.129206,232,2930.959138
-152.840993,191,2931.207904
-229.507837,170,2931.342084
-181.071452,174,2931.478812
-132.271533,218,2931.742791
-172.293408,218,2931.914387
-121.829557,194,2932.157402
-225.828043,231,2932.33989
-160.626525,163,2932.467629
-81.359605,192,2932.710513
-185.638629,198,2932.866764
-199.950426,203,2933.026484
-157.877251,196,2933.273931
-290.166406,135,2933.381165
-509.384856,451,2933.95244
-278.274256,431,2934.494018
-222.735003,217,2934.666384
-253.824559,1000,2935.901805
-355.0516,222,2936.305526
-184.788274,178,2936.447249
-262.469223,164,2936.576643
-237.886529,166,2936.906994
-1095.044102,767,2937.742221
-318.085634,166,2937.876294
-222.377327,176,2938.227206
-208.33803,178,2938.388932
-238.733566,218,2938.75489
-414.887471,208,2938.92014
-119.727617,227,2939.100134
-148.971155,175,2939.330342
-293.063812,185,2939.477095
-249.325541,200,2939.727761
-331.326164,197,2939.884974
-280.969134,178,2940.030239
-259.558854,190,2940.273027
-313.449364,160,2940.401319
-259.220203,158,2940.526946
-142.725382,202,2940.779031
-96.490597,184,2940.924997
-207.099265,178,2941.068013
-414.848835,275,2941.377821
-306.219982,167,2941.510664
-264.549031,260,2941.805804
-712.469204,386,2942.110711
-137.798178,200,2942.3657
-157.945952,201,2942.524917
-396.781805,298,2942.855225
-130.784007,211,2943.021603
-277.829263,172,2943.252499
-195.789594,185,2943.39884
-288.394952,210,2943.565695
-208.820843,175,2943.797628
-256.531998,214,2943.967005
-162.18474,147,2944.084806
-419.829796,178,2944.31779
-288.124308,259,2944.523247
-220.537424,214,2944.786507
-121.395944,203,2944.947409
-185.865149,197,2945.103959
-243.639032,226,2945.375932
-221.04005,237,2945.563425
-188.354493,213,2945.824922
-356.425173,274,2946.045779
-272.974633,159,2946.271134
-130.840264,188,2946.420918
-181.17496,180,2946.565244
-331.139929,196,2946.814211
-246.772818,146,2946.933426
-340.28424,172,2947.071332
-326.344189,381,2947.471601
-197.14394,154,2947.595744
-286.147737,284,2947.914774
-216.987396,165,2948.046016
-288.350107,173,2948.277304
-328.096559,180,2948.4199
-531.112236,473,2948.892128
-295.769612,194,2949.047723
-233.658742,177,2949.28237
-191.78926,262,2949.49075
-187.447897,174,2949.6281
-307.588981,177,2949.861086
-193.799654,200,2950.021147
-94.90499,185,2950.271394
-125.652754,237,2951.211233
-209.620637,294,2951.537314
-156.862621,169,2951.672047
-260.699771,174,2951.810524
-203.367336,140,2952.013553
-271.047024,267,2952.227293
-182.568149,195,2952.384823
-230.762234,171,2952.612075
-192.808613,197,2952.769832
-74.486398,192,2953.01492
-129.059428,289,2953.245994
-190.760847,206,2953.410415
-428.272572,367,2953.795456
-274.552046,250,2954.088499
-378.048493,271,2954.30379
-217.303833,163,2954.524665
-183.462801,205,2954.687834
-213.657739,208,2954.853613
-223.515789,167,2955.078456
-157.817354,250,2955.27828
-126.684335,203,2955.533892
-171.990786,245,2955.729932
-293.806369,130,2955.833567
-184.139893,166,2956.059165
-276.676916,176,2956.200216
-280.081603,148,2956.318438
-167.968647,143,2956.633016
-228.282785,160,2956.759838
-268.730025,366,2957.144487
-957.858493,897,2957.950735
-731.734552,641,2958.646024
-248.073677,145,2958.7603
-203.648013,152,2958.881755
-200.720381,148,2958.999107
-194.950864,139,2959.207364
-135.797689,147,2959.324362
-96.016293,194,2959.478854
-103.103379,190,2959.723314
-219.603532,151,2959.84235
-199.402128,159,2959.970241
-164.671301,143,2960.271954
-182.206005,165,2960.402419
-209.00978,276,2960.620691
-259.858173,164,2960.847751
-140.182768,179,2960.989128
-103.885584,182,2961.225968
-194.820159,146,2961.341705
-141.360953,241,2961.533617
-200.13077,135,2961.732515
-180.571787,177,2961.872576
-253.960734,154,2961.994204
-172.876864,154,2962.117206
-289.216895,219,2962.385579
-191.785592,179,2962.526911
-178.171577,168,2962.754129
-112.867234,176,2962.892936
-167.651813,139,2963.002843
-151.520977,275,2963.319922
-153.497575,159,2963.445621
-213.146656,162,2963.573487
-187.26699,147,2963.784149
-227.804913,150,2963.902653
-228.5554,163,2964.031768
-145.140157,147,2964.241607
-267.308136,360,2964.527505
-175.286569,171,2964.757086
-82.27862,176,2964.896785
-162.943445,142,2965.010415
-140.281495,188,2965.252941
-90.881627,174,2965.390344
-148.84384,149,2965.507971
-139.379404,323,2965.862945
-118.66934,182,2966.007521
-86.349491,172,2966.238121
-512.695515,1000,2967.121517
-217.94084,289,2967.44539
-181.235518,205,2967.607769
-133.02616,146,2967.924018
-143.327094,241,2968.113637
-370.699522,630,2968.708534
-353.59735,250,2968.998162
-63.140359,250,2969.196306
-136.120252,144,2969.401629
-177.610881,256,2969.604299
-129.314769,279,2970.023172
-216.298533,260,2970.22816
-325.798261,317,2970.573192
-165.69481,183,2970.71703
-137.694076,422,2971.145717
-109.684734,148,2971.263302
-98.888515,205,2971.579137
-245.07698,176,2971.718053
-191.417228,165,2971.84903
-139.629053,136,2972.050202
-176.688215,216,2972.223679
-251.701756,157,2972.348577
-119.525865,200,2972.600578
-206.929868,390,2973.003675
-227.90776,551,2973.536403
-174.462808,302,2973.775793
-229.104012,339,2974.137132
-149.665378,208,2974.302247
-123.618671,161,2974.52015
-220.813407,258,2974.724781
-279.058163,552,2975.256097
-50.783806,248,2975.544784
-168.432508,178,2975.684852
-153.790054,186,2975.833031
31.019321,490,2976.319789
-90.887093,335,2976.81443
-176.601904,261,2977.023164
-131.471057,308,2977.363055
-169.94039,139,2977.473352
-410.14286,588,2978.124802
-225.604577,165,2978.256529
-95.691714,133,2978.363419
-176.153987,199,2978.521399
-162.002406,372,2978.90796
-173.246427,198,2979.157916
-192.360208,169,2979.292883
-198.896521,195,2979.448565
-316.678145,176,2979.679462
-92.615256,302,2979.920519
-239.266994,270,2980.228494
-433.095005,798,2981.04883
-159.798126,187,2981.417947
-130.225918,208,2981.583109
-191.35581,155,2981.705978
-179.561437,189,2981.948386
-72.264075,213,2982.1176
-201.58079,256,2982.41108
-160.926228,155,2982.532822
-103.972127,141,2982.644684
-167.383349,529,2983.156501
-200.996454,215,2983.417585
-180.225446,247,2983.612834
-284.830947,860,2984.478354
-173.568951,193,2984.630454
-134.41756,151,2984.842177
-158.407675,171,2984.977159
-275.574961,269,2985.190434
-145.653629,179,2985.423239
-146.053947,344,2985.695345
-110.539467,201,2986.054274
-115.466848,147,2986.172482
-153.363082,149,2986.290458
-170.019594,169,2986.516079
-92.530265,188,2986.665049
-95.758737,314,2987.00515
-116.167074,211,2987.173768
-127.561054,171,2987.308364
-155.076741,145,2987.514866
-174.973908,153,2987.636051
-258.922176,172,2987.771492
-124.930913,165,2987.992865
-254.271702,230,2988.175596
-219.400405,325,2988.538944
-98.023922,216,2988.710091
-156.50957,172,2988.93821
-179.300814,169,2989.07367
-166.770846,216,2989.245101
-58.861551,186,2989.483103
-109.915056,429,2989.911297
-155.865054,177,2990.051326
-207.208734,350,2990.432803
-93.748447,201,2990.591427
-114.926227,135,2990.701253
-230.793272,171,2990.92741
-221.829373,161,2991.055877
-210.317743,175,2991.196073
-181.857392,172,2991.424451
-165.104561,179,2991.566382
-121.701666,155,2991.688472
-198.67467,165,2991.81862
-173.555253,152,2992.141262
-133.20041,206,2992.305558
-294.388449,150,2992.425645
-151.662854,167,2992.651299
-148.894846,188,2992.801502
-232.211611,164,2992.931941
-160.112501,156,2993.148028
-263.938103,245,2993.342937
-189.838785,170,2993.571043
-233.834523,594,2994.136458
-129.359034,227,2994.316276
-69.189477,370,2994.701136
-115.659203,170,2994.835058
-187.456514,175,2995.067093
-69.605538,140,2995.178437
-132.687127,180,2995.320722
-121.947963,135,2995.42946
-110.810288,139,2995.633374
-156.023762,168,2995.76716
-220.075668,171,2995.90363
-241.777655,344,2996.271978
-125.377889,190,2996.422749
-239.58338,170,2996.648202
-141.948327,147,2996.765149
-94.741224,176,2996.903468
-236.187755,153,2997.117733
-177.397736,152,2997.238421
-130.911897,170,2997.372998
-196.482657,158,2997.590626
-147.780177,145,2997.706535
-124.544669,151,2997.826383
-102.685113,185,2998.066952
-64.713818,511,2998.566712
-142.528693,143,2998.684906
-99.554585,135,2998.792741
-128.417672,228,2999.074925
-88.862017,208,2999.254277
-140.370319,172,2999.403553
-177.005235,162,2999.874834
-246.80414,167,3000.013453
-127.145899,175,3000.153141
-172.535958,177,3000.539418
-153.362655,164,3000.670653
-142.296472,188,3000.819829
-127.010753,146,3001.169445
-154.388721,135,3001.276028
-260.493317,605,3002.722372
-165.477902,154,3002.84594
-211.82241,138,3003.193594
-127.315028,151,3003.315513
-148.275087,170,3003.450728
-193.23281,142,3003.725551
-97.235525,185,3003.875309
-162.585013,157,3004.002026
-233.681592,154,3004.320985
-280.04118,176,3004.461445
-161.508791,135,3004.57942
-157.735323,234,3004.999106
-97.828848,184,3005.16011
-197.061162,176,3005.30163
-213.592725,149,3005.624004
-131.286394,170,3005.760259
-126.261564,195,3005.929728
-158.450782,175,3006.305807
-64.210032,188,3006.454972
-115.669258,135,3006.561539
-302.642648,321,3007.030674
-191.875204,174,3007.170578
-194.316914,152,3007.46105
-134.085727,170,3007.597291
-241.350092,126,3007.697088
-173.675206,155,3007.820013
-146.365922,185,3008.168714
-124.908053,379,3008.69857
-127.102344,202,3008.860848
-195.507577,176,3009.001166
-163.561015,140,3009.336761
-146.416249,186,3009.484514
-151.86432,182,3009.629801
-142.772091,140,3009.973614
-148.594988,150,3010.096773
-183.472132,141,3010.208284
-111.792013,175,3010.345617
-149.747267,148,3010.700128
-158.400187,138,3010.810338
-228.711623,226,3010.990976
-172.022347,230,3011.295968
-173.252537,135,3011.403013
-193.581343,162,3011.530747
-118.230473,132,3011.765877
-180.705016,159,3011.892237
-136.842523,146,3012.008622
-131.943216,136,3012.322569
-99.33496,180,3012.46701
-198.195947,218,3012.640664
-108.281647,202,3013.007405
-179.432613,153,3013.128124
-203.531178,178,3013.268529
-136.382513,134,3013.584227
-125.919331,190,3013.737081
-222.687374,171,3013.872603
-180.334463,172,3014.211204
-157.051312,122,3014.309144
-197.939456,123,3014.407162
-140.410445,130,3014.510573
-147.017273,115,3014.840097
-151.194,147,3014.957169
-139.210441,235,3015.143622
-155.375259,151,3015.491804
-259.361418,934,3016.695693
-164.476609,142,3016.814122
-152.906365,152,3016.937299
-66.169101,216,3017.327191
-91.899657,198,3017.486895
-129.658357,141,3017.599356
-202.48836,160,3017.72702
-203.572603,145,3018.052726
-172.271619,151,3018.173479
-144.732787,139,3018.283929
-163.767008,175,3018.655084
-123.162971,158,3018.781634
-97.607822,137,3018.891247
-125.466901,341,3019.385826
-111.402201,244,3019.57894
-206.529115,151,3019.926891
-173.480856,135,3020.034187
-170.143487,144,3020.149833
-172.278537,117,3020.242283
-115.260983,185,3020.63114
-147.206681,174,3020.770837
-159.820736,137,3020.878877
-143.330608,146,3021.220203
-148.26795,142,3021.333361
-160.075576,139,3021.443813
-225.051457,131,3021.77293
-228.910338,155,3021.895314
-183.180954,132,3022.00066
-195.190882,225,3022.41346
-122.13359,198,3022.572603
-184.588192,135,3022.680135
-259.319013,162,3023.028593
-75.970704,257,3023.234577
-223.564189,105,3023.317711
-143.561762,141,3023.430095
-125.534498,183,3023.810953
-202.98315,129,3023.9139
-114.056551,190,3024.06466
-182.382776,127,3024.404678
-232.031925,147,3024.521469
-170.362554,132,3024.626593
-142.962672,181,3025.005775
-153.171005,155,3025.129045
-167.201909,155,3025.251863
-140.270158,175,3025.623742
-183.276347,178,3025.767393
-107.412053,246,3025.961523
-140.319593,142,3026.311025
-136.044849,152,3026.431993
-185.496182,131,3026.535922
-187.167967,126,3026.635858
-122.854553,181,3027.006776
-138.360323,150,3027.127926
-71.973592,138,3027.238331
-130.713643,131,3027.580214
-222.531235,154,3027.702842
-186.903587,142,3027.81578
46.712422,433,3028.390455
-130.571219,135,3028.49786
-135.946212,137,3028.831841
-153.730475,137,3028.94034
-58.35202,302,3029.179885
-202.66957,149,3029.527602
-159.475185,136,3029.635575
-140.402073,137,3029.744014
-72.571844,196,3030.12665
-52.734938,196,3030.282665
-94.975036,186,3030.433025
-157.42991,149,3030.642638
-107.871728,134,3030.749923
-163.478359,149,3030.868522
-189.531079,131,3031.063607
-108.006304,145,3031.181196
23.861497,348,3031.459274
-99.949619,163,3031.679276
-80.482861,223,3031.855535
-101.976523,408,3032.275038
-150.96133,137,3032.384531
-128.072209,149,3032.595606
-146.803776,121,3032.69545
-92.019051,207,3032.859685
-152.135652,143,3032.973174
-98.961235,295,3033.305757
-57.462885,270,3033.6135
-180.055436,143,3033.727698
-99.049103,190,3033.879398
-160.606266,168,3034.105012
-173.053358,166,3034.235313
-140.004734,139,3034.346801
11.651267,321,3034.797281
-114.354259,221,3034.971919
-240.164795,364,3035.489573
-153.461561,174,3035.629118
-225.425639,142,3035.967949
-160.487513,182,3036.113755
-156.646438,144,3036.228771
-180.385949,162,3036.583066
-198.490787,138,3036.697342
-176.460297,132,3036.802216
-147.936201,138,3036.912696
-92.045715,281,3037.361547
-34.397982,261,3037.567455
-112.35968,181,3037.803459
-144.383683,179,3037.944471
-140.204158,141,3038.056508
-98.764136,150,3038.269084
12.635549,356,3038.551181
-91.966037,140,3038.859195
-134.650354,182,3039.002582
-146.863796,129,3039.104732
-155.460732,145,3039.219952
-138.727989,268,3039.522887
-100.510619,209,3039.687119
-225.36044,173,3039.916821
-45.801453,212,3040.085086
-96.115894,142,3040.198206
-144.08067,148,3040.408121
-152.80394,138,3040.517231
-44.458254,224,3040.694116
-207.989147,164,3040.915198
-28.575929,274,3041.13477
-89.725374,182,3041.370285
88.930921,348,3041.646318
-130.181914,140,3041.983713
-105.107361,278,3042.206052
-95.542486,183,3042.443349
-186.901439,142,3042.55642
-154.130327,136,3042.663889
-184.304346,166,3042.796184
-184.454762,134,3042.996722
-139.179794,141,3043.10889
-213.146781,162,3043.236863
-211.164983,170,3043.562141
-266.276162,166,3043.694226
-147.068158,137,3043.803431
-184.419308,165,3043.934428
-174.555602,128,3044.24036
-186.375985,124,3044.338641
-165.748925,145,3044.453581
-181.44637,133,3044.787593
-165.614122,132,3044.894908
-135.213287,133,3045.000722
-98.915775,140,3045.1126
-197.470892,179,3045.490448
-84.688072,171,3045.625428
-213.321957,135,3045.73247
-77.493045,206,3046.105405
-179.822231,134,3046.211379
-127.051334,133,3046.318213
-131.147771,175,3046.689859
-213.201746,157,3046.820531
-187.04815,140,3046.933394
-184.742534,138,3047.043763
-56.920129,185,3047.398285
-149.005874,137,3047.508138
-151.3616,144,3047.623451
-122.732161,152,3047.837122
-195.997089,149,3047.955889
-125.928334,133,3048.061718
-197.537818,131,3048.166517
-0.028793,373,3048.557383
-141.571622,150,3048.676288
3.209642,378,3049.069829
-97.784129,139,3049.180893
-135.257765,144,3049.38792
-156.471756,129,3049.491276
-137.9016,144,3049.606161
-53.695123,189,3049.848684
311.447022,1000,3050.834541
-138.574159,139,3050.944998
-183.743333,141,3051.059114
-106.661188,133,3051.166912
-165.285672,120,3051.354433
-196.461168,132,3051.462101
-129.88247,152,3051.584032
-184.155773,122,3051.681579
-182.193819,121,3051.868412
-125.311002,143,3051.982156
-158.914913,153,3052.104996
-187.363549,118,3052.198957
-173.78772,135,3052.398319
-188.340766,126,3052.499181
-176.435011,128,3052.600867
-93.654553,181,3052.837132
-182.234671,125,3052.936911
-122.757276,139,3053.04781
-153.197576,182,3053.191404
-169.176591,130,3053.387512
-201.325246,123,3053.485799
-208.296466,118,3053.580115
-197.876314,129,3053.683285
-230.383823,99,3053.857411
-203.108696,107,3053.94253
-173.164049,132,3054.04755
-106.242073,235,3054.325379
-179.133989,136,3054.433757
-182.787084,135,3054.541127
-219.812153,118,3054.634172
-181.008228,120,3054.821751
-200.318629,105,3054.905454
-161.135502,127,3055.005894
-82.759743,189,3055.156401
-147.458116,163,3055.378074
-135.13662,194,3055.532381
-200.254182,126,3055.632871
-127.393309,150,3055.844535
-179.418487,127,3055.945863
-90.518655,209,3056.115345
-159.297091,133,3056.222372
-159.817348,117,3056.406688
-199.46325,115,3056.498488
-207.671635,105,3056.582296
-143.67013,153,3056.704263
-34.396298,196,3056.953231
-142.300819,127,3057.054374
-120.661228,157,3057.180659
-129.4523,132,3057.378249
-98.132524,179,3057.520778
-229.239417,143,3057.634253
-187.367318,149,3057.993151
-65.506593,187,3058.141144
-188.993733,120,3058.237253
-138.311511,138,3058.348539
-188.765234,176,3058.583602
-202.553333,128,3059.212891
-202.631268,110,3059.300703
-95.197802,187,3059.541242
-195.32024,139,3059.65275
-240.625817,111,3059.742005
-167.819939,148,3059.860198
-189.865276,135,3060.060905
-132.159367,139,3060.17279
-40.051602,267,3060.385271
-183.25007,158,3060.603266
-153.17782,109,3060.689986
438.766756,1000,3061.676849
-189.10781,172,3061.813833
-142.144603,130,3061.917395
-175.095655,339,3062.279813
-150.79941,139,3062.390978
238.847344,1000,3063.377377
-119.508493,166,3063.601839
-159.011027,157,3063.726174
-21.568396,220,3063.90124
-158.269595,647,3064.603685
-224.107823,94,3064.678594
-129.939631,165,3064.810185
-202.388185,109,3064.89673
-153.5059,270,3065.205864
-71.945522,208,3065.370845
-78.391145,217,3065.637259
-139.669265,144,3065.754208
-177.442534,164,3065.885671
-156.598119,149,3066.100233
-76.279404,262,3066.310461
-106.757927,185,3066.550551
-71.41528,197,3066.706549
-29.899426,339,3067.067744
-149.602295,140,3067.181479
-121.808042,147,3067.299181
-195.124436,141,3067.411132
-81.933826,181,3067.647892
69.598836,552,3068.181009
-195.674966,108,3068.26679
-150.748097,130,3068.370157
-204.184028,130,3068.566599
-228.292385,121,3068.662548
-148.256265,131,3068.767117
-214.438899,125,3068.866262
-195.465376,173,3069.096256
-145.81493,148,3069.214866
-48.202339,223,3069.393522
-200.750319,169,3069.620815
-77.439825,184,3069.767228
-181.523076,126,3069.867328
-171.06232,129,3070.062069
-171.588945,132,3070.167704
-169.886482,131,3070.272216
-131.450277,143,3070.386329
-222.977312,167,3070.611496
-82.505872,218,3070.784697
-216.798296,118,3070.878505
-137.966857,545,3071.40854
-156.878718,144,3071.616464
-58.770555,849,3072.388224
-192.614425,126,3072.582344
-135.811399,233,3072.767325
-99.202448,185,3072.915233
-138.62784,153,3073.133875
-53.55638,194,3073.288411
86.818133,639,3073.890703
-72.783346,133,3074.088376
-93.42217,381,3074.391076
-178.403694,188,3074.707317
-69.70924,193,3074.858787
-209.112662,119,3074.953406
10.66619,1000,3075.939846
-71.170313,137,3076.142518
-119.784086,110,3076.230207
-174.673086,138,3076.339244
-149.194506,141,3076.452055
-46.803688,462,3076.915037
-191.083701,138,3077.025203
48.308637,424,3077.454469
-8.101411,631,3078.24604
-119.876384,141,3078.359474
-233.540723,117,3078.452543
-159.766252,156,3078.580447
-136.476771,138,3078.887764
-141.970368,181,3079.032051
-170.251125,157,3079.157964
-207.176213,327,3079.509625
-147.51894,141,3079.62256
-182.090629,132,3079.72781
-186.07283,147,3080.062801
-52.778355,263,3080.271394
-158.685618,147,3080.480546
223.321696,1000,3081.374265
-193.329366,172,3081.603675
-136.571712,222,3081.780295
-78.157573,220,3082.04641
-198.891881,134,3082.15478
-173.731372,332,3082.645652
-181.473723,118,3082.739873
8.531646,566,3083.404901
75.59256,299,3083.839689
-112.028489,281,3084.06706
-229.495781,152,3084.189213
-103.914769,141,3084.529641
-223.467085,133,3084.635852
235.275278,1000,3085.870695
-63.730646,221,3086.047578
-189.285897,148,3086.36868
-124.686415,207,3086.53371
-158.221966,149,3086.653111
-138.795881,866,3087.53493
11.71054,261,3087.744549
-69.985488,416,3088.179615
100.71699,284,3088.497061
-122.618691,146,3088.613309
9.734891,250,3088.902061
-218.913756,123,3088.999507
-49.672077,503,3089.491968
-84.312153,457,3089.949919
-189.012738,140,3090.061684
83.08863,340,3090.424613
-188.520003,412,3090.752026
-162.628114,136,3090.953229
-108.795776,127,3091.055812
-167.510633,120,3091.152494
-212.465451,138,3091.262645
-74.547579,188,3091.503949
-202.799458,136,3091.613528
-141.791569,110,3091.701153
-97.084444,140,3091.904577
-125.364821,139,3092.015868
-26.590482,197,3092.173485
-151.127159,197,3092.435344
-228.878272,107,3092.521347
5.591527,317,3092.774956
-184.997701,136,3092.977471
-163.504942,140,3093.090546
-239.356019,119,3093.185516
-143.62745,142,3093.39256
-7.047335,222,3093.57031
-182.099459,330,3093.924392
-163.838853,156,3094.048577
-157.03339,140,3094.160569
17.339955,521,3094.670332
-134.567921,143,3094.783959
-206.56238,129,3094.981003
-266.262236,537,3095.501845
-3.397045,230,3095.686074
-22.825867,259,3095.986469
-449.42474,334,3096.253689
2.472246,505,3096.750813
-212.111551,133,3096.949213
-151.855242,169,3097.083963
-188.677232,149,3097.203154
-138.029101,419,3097.640961
-164.380765,141,3097.754523
-11.892359,448,3098.205786
5.005946,256,3098.500377
-26.951727,296,3098.73761
-26.369787,415,3099.160666
-21.73847,533,3099.679907
-197.323672,875,3100.565525
21.839359,235,3100.752207
-285.531808,536,3101.405013
-8.750523,341,3101.770872
-112.152487,319,3102.120719
-183.227053,128,3102.222679
-151.232105,172,3102.359185
-365.492483,353,3102.731958
32.385566,240,3102.925258
-121.438703,300,3103.257961
161.61217,582,3103.81329
-114.179819,304,3104.147632
-59.686531,631,3104.740045
-258.407387,734,3105.42262
-122.226261,186,3105.794052
-398.523732,316,3106.045627
-308.058182,945,3107.206149
-142.580287,513,3107.706872
16.269812,617,3108.291732
-153.345452,390,3108.827801
32.727547,294,3109.264119
49.585672,389,3109.796823
-17.687268,649,3111.518735
340.896294,1000,3112.779236
333.227977,915,3113.956617
75.860139,757,3114.793157
4.269141,663,3115.538147
-118.102815,436,3116.114128
-43.687468,262,3116.549923
-60.929533,327,3116.811656
77.575033,616,3117.529361
-160.941543,151,3117.848221
173.425549,573,3118.418345
-504.834687,500,3119.028897
52.534602,401,3119.573109
23.542712,241,3119.766856
-329.725511,730,3120.783286
129.866622,362,3121.080677
449.739971,829,3122.195823
-22.709444,239,3122.385761
30.21019,523,3123.042706
62.465051,321,3123.508214
16.394206,345,3124.015202
-12.688033,358,3124.300645
152.330791,1000,3125.562089
136.221243,648,3126.529189
28.976773,251,3126.735262
50.752097,345,3127.25005
-98.949018,216,3127.422947
-36.693425,222,3127.804108
-158.413812,149,3127.931378
-104.352628,149,3128.060053
-112.27268,429,3128.538956
-116.313734,195,3128.710792
187.368367,782,3129.56075
-195.01037,175,3129.700632
-157.244601,156,3129.916207
-5.682633,254,3130.120133
44.139927,241,3130.404261
5.300034,201,3130.591035
-133.954451,114,3130.702598
-0.374318,686,3131.449628
-23.942254,207,3131.632075
385.207743,590,3132.22982
-129.513436,199,3132.390913
152.423138,506,3132.990175
-199.022447,137,3133.331892
-75.885576,152,3133.530139
-146.678628,152,3133.728251
89.369459,304,3134.366338
-164.166389,143,3134.557244
33.917827,249,3135.083894
-160.914228,122,3135.237938
-219.442419,120,3135.395622
11.98647,186,3135.639879
-174.71028,137,3136.124034
-160.070364,153,3136.329342
-102.896121,166,3136.549103
-147.65139,158,3136.946301
3.983761,355,3137.419007
218.718539,650,3138.633501
-51.766802,199,3138.902654
232.130935,489,3139.711251
-322.722791,395,3140.381419
-28.75924,185,3140.628218
-395.841925,254,3141.107507
-84.283247,392,3141.630981
-41.466621,193,3142.0309
-140.215461,359,3142.50526
-82.114013,210,3142.937341
-167.181479,118,3143.091026
-14.723678,339,3143.674554
-188.052496,146,3143.870934
-156.575982,142,3144.058006
-153.685771,139,3144.384842
-147.452107,121,3144.556745
-113.10789,175,3144.787438
-49.183436,192,3145.185816
-368.254169,283,3145.574706
-126.95185,159,3145.785608
-113.435771,185,3146.17334
8.534228,196,3146.432117
-123.049792,138,3146.614214
-288.346045,355,3147.22018
-186.373482,145,3147.412223
-73.475189,208,3147.828971
-107.143019,130,3147.999302
-105.798843,145,3148.188687
-61.843885,196,3148.596406
-144.998971,122,3148.754837
-171.858813,156,3148.96132
-24.273404,334,3149.540749
-175.35478,112,3149.687287
-49.535735,179,3150.065639
-145.425709,133,3150.248376
-106.674061,138,3150.436532
-135.825816,152,3150.633626
-173.126527,151,3150.978817
-147.667041,161,3151.214481
50.496894,245,3151.556319
-120.945053,153,3151.970232
-176.704807,122,3152.163816
-0.429197,214,3152.448747
-29.383194,202,3152.923128
-92.592776,177,3153.155681
-10.872753,183,3153.394418
-40.1405,192,3153.784085
-157.171466,138,3153.969309
-87.716317,147,3154.167387
-160.647663,136,3154.49333
-138.31273,138,3154.67952
-65.185321,179,3154.919865
26.213629,232,3155.383941
-200.165728,174,3155.625091
-124.317686,127,3155.793692
0.788043,188,3156.212526
-13.082305,189,3156.48347
-123.278864,174,3156.735218
-169.116761,135,3157.078463
34.610765,235,3157.419485
-79.929199,171,3157.675736
-131.822577,125,3158.133617
-5.105071,252,3158.463468
-140.539739,140,3158.651252
-129.924744,140,3158.974796
-121.713097,152,3159.173965
-74.571843,173,3159.404135
-136.196016,152,3159.753402
-112.711258,223,3160.047899
-32.346922,187,3160.303408
-180.238513,136,3160.630065
-173.637213,131,3160.803938
-104.730177,140,3160.988465
-124.077491,181,3161.379796
-42.154062,148,3161.573755
-14.771142,181,3161.817832
-152.564389,133,3162.13307
-133.769071,145,3162.328566
17.063796,358,3162.956012
-55.000932,220,3163.246041
-0.398403,221,3163.539834
-114.423934,132,3163.854103
-177.039006,125,3164.024164
21.202979,195,3164.274614
-27.243452,193,3164.670818
-113.02754,145,3164.871541
-172.055558,112,3165.022234
-148.199111,130,3165.204996
-477.277411,343,3165.792392
-70.988858,219,3166.084863
-137.079633,146,3166.422104
-86.746643,156,3166.628553
-94.471999,169,3166.850504
-144.958089,172,3167.219349
-122.790861,159,3167.434214
-134.602008,147,3167.639715
23.646979,232,3168.126181
-142.777593,157,3168.336074
-127.171425,169,3168.565014
-98.993292,186,3169.04291
-72.040781,153,3169.249372
10.206907,202,3169.51685
15.021784,192,3169.915899
-79.980369,165,3170.128985
-44.182575,187,3170.516725
-87.181167,158,3170.721939
-52.731558,192,3170.978639
20.467625,230,3171.553152
-28.718908,207,3171.83954
-137.471754,153,3172.046809
-145.928621,176,3172.52345
-263.073064,234,3172.837113
-84.733319,154,3173.039407
36.782124,276,3173.642856
-80.716767,153,3173.854399
-97.11701,154,3174.437461
-121.483878,148,3174.638186
82.946253,261,3174.888608
-115.876275,167,3175.33512
-175.01901,188,3175.515715
-18.562724,390,3176.002669
18.221864,199,3176.180429
-62.713272,182,3176.452336
-101.122547,151,3176.577593
-107.227796,167,3176.71137
-67.856303,179,3176.987772
-99.792917,177,3177.144537
79.263547,425,3177.635021
190.390264,549,3178.188199
254.57821,440,3178.639226
-181.985642,142,3178.759791
-213.005006,148,3178.891767
-39.31585,197,3179.150514
-91.207035,180,3179.295631
-141.577773,139,3179.406204
-26.47038,251,3179.700114
-72.338046,190,3179.85098
-79.262277,204,3180.107251
-52.189092,192,3180.260198
-119.936044,360,3180.63975
-137.642343,148,3180.757593
-165.797738,154,3180.882034
-155.427357,131,3180.986315
304.3013,530,3181.511468
-198.735395,143,3181.719115
-99.442608,180,3181.86142
-189.725306,180,3182.562924
-238.287204,169,3182.789826
-89.439954,219,3182.964839
-73.896458,193,3183.213813
-141.083896,181,3183.35824
-123.786771,205,3183.521091
-64.039634,186,3183.763059
-186.21915,172,3183.899272
-118.81867,169,3184.033743
-117.214703,148,3184.244791
-217.135182,161,3184.37219
-82.749615,430,3184.805301
-136.790222,182,3184.948768
-121.570939,150,3185.06871
-309.012946,296,3185.39448
-102.047607,222,3185.662838
-161.503819,147,3185.781245
-44.717815,414,3186.20556
-90.216871,262,3186.413359
-147.557852,140,3186.530282
-79.79395,150,3186.742713
-212.617134,140,3186.85354
-144.41573,141,3186.965155
-19.949324,184,3187.205991
-137.314004,188,3187.354769
-151.28798,203,3187.515835
-188.263128,200,3187.766411
-514.023568,305,3188.007288
-105.671401,184,3188.246534
-105.303009,151,3188.366689
-206.046782,146,3188.482561
-306.012895,267,3188.789461
-16.392558,189,3188.939888
-67.095794,197,3189.189769
-356.04277,322,3189.442921
-162.458562,144,3189.563081
-15.570337,262,3189.862848
-103.769495,310,3190.201913
-2.028164,189,3190.351035
-158.50735,211,3190.518233
-512.684075,357,3190.89261
-745.209463,272,3191.201912
-98.487922,213,3191.369999
-101.942662,222,3191.544607
-165.551745,212,3191.80527
-675.320802,141,3191.919462
-467.026222,190,3192.069775
-74.505298,184,3192.309836
-490.983897,203,3192.469869
-161.643906,194,3192.717013
-456.153861,312,3192.962722
-587.060324,150,3193.174848
-86.007975,398,3193.486888
61.776128,323,3193.833942
-187.081092,198,3193.990125
-158.223534,250,3194.280187
-80.182078,221,3194.454876
-8.16419,341,3194.818093
-687.938778,136,3194.925682
-223.425496,157,3195.049037
-223.917649,188,3195.293886
-493.83994,244,3195.485707
-260.25541,328,3195.836498
-638.856489,148,3195.954505
-3.941746,262,3196.255264
-64.407124,836,3197.011226
-180.209227,216,3197.27525
-527.228466,122,3197.371446
12.689909,291,3197.693098
-105.965772,175,3197.833757
-317.231798,354,3198.20725
-134.780418,168,3198.341724
20.906885,264,3198.643233
-591.753012,154,3198.765873
-564.839096,241,3198.955641
-530.751779,338,3199.316364
-604.741307,158,3199.440122
-610.385297,153,3199.654476
-655.02487,165,3199.784016
-166.096704,226,3199.962806
-570.914191,143,3200.168706
-667.314478,362,3200.452427
-611.463568,163,3200.675063
-592.795384,179,3200.814358
-585.433021,199,3200.970466
-557.183782,263,3201.27268
-327.007147,377,3201.665112
-697.552696,370,3201.957203
-582.845126,196,3202.207518
-715.382367,341,3202.474792
-694.340645,191,3202.718817
-207.607093,276,3202.935518
6.788683,283,3203.256972
-219.674787,196,3203.411555
-486.740829,390,3203.812877
-222.311647,204,3203.97397
-403.846541,344,3204.344268
-518.66113,206,3204.506213
492.758183,497,3205.125835
-608.256798,378,3205.64823
-644.278724,154,3205.768818
-614.16042,144,3206.094656
-270.052618,361,3206.377672
-58.26649,238,3206.656772
-165.578255,250,3206.854
-57.980053,280,3207.17005
-204.539914,210,3207.336138
123.033663,279,3207.652815
41.369248,285,3207.879326
-570.250899,188,3208.119987
-538.190623,233,3208.304511
142.303206,411,3208.721867
-226.896072,316,3209.064362
-510.040609,270,3209.278262
-607.423924,177,3209.508797
-624.919492,140,3209.619162
-656.909264,231,3209.800935
-681.375227,215,3210.063484
-224.923542,547,3210.590721
-2.240653,204,3210.751102
-116.950877,115,3210.840845
-86.610467,285,3211.161168
-590.88001,153,3211.281318
-484.67391,180,3211.515743
-168.281773,152,3211.636101
-583.961308,153,3211.757438
-534.618569,229,3212.030905
-561.514407,155,3212.155719
-650.192072,164,3212.283965
-726.424904,162,3212.503553
-453.887577,117,3212.595666
-595.347777,171,3212.729676
-363.995689,346,3213.096944
-493.17149,219,3213.270431
-600.292282,236,3213.549155
-139.268414,129,3213.651463
-619.174245,165,3213.782453
-594.278897,131,3213.978566
-630.099453,132,3214.083122
-127.184253,206,3214.245336
-228.005589,116,3214.33638
-509.534331,160,3214.556085
-572.235973,150,3214.674811
-562.307929,237,3214.955708
-562.721045,188,3215.103896
-557.602476,160,3215.230768
-542.512802,184,3215.468176
-154.27472,192,3215.619484
-640.587254,165,3215.750911
-80.711199,185,3215.992006
-552.127338,129,3216.096188
-641.959651,139,3216.206513
-580.392123,127,3216.306923
-568.083504,164,3216.52951
-680.403383,148,3216.647689
-666.446205,167,3216.779248
-593.885322,159,3216.996412
-345.788416,356,3217.278217
-570.092418,186,3217.51928
-571.998649,178,3217.658696
-687.221089,154,3217.779902
-106.243927,182,3218.015207
-535.261324,134,3218.121277
-664.291655,156,3218.242889
-628.694507,138,3218.44385
-196.716045,186,3218.590142
-669.603241,166,3218.720452
5.645245,189,3218.961341
-577.405792,144,3219.076171
-454.056004,237,3219.264304
-621.296294,193,3219.508454
-88.772613,336,3219.772989
-142.782915,244,3220.058563
65.563698,406,3220.470168
-566.542836,231,3220.651971
-163.667041,186,3220.798403
-116.602817,147,3221.007549
-556.159576,154,3221.132049
-215.00958,392,3221.535992
-95.578314,355,3221.816608
-675.769644,133,3222.01442
-170.049556,122,3222.11258
-105.561855,199,3222.269329
-414.768025,263,3222.571046
-586.638732,174,3222.708917
-206.553628,529,3223.22947
-338.659647,262,3223.527011
-573.544616,275,3223.742592
-128.75649,226,3224.013716
-328.506468,118,3224.107521
-531.289217,175,3224.244606
-363.6605,241,3224.524745
-311.876,118,3224.618111
-45.708787,208,3224.782797
-372.653433,126,3224.97332
-357.572653,554,3225.507938
-489.304694,322,3225.761684
-655.230179,181,3225.997466
-356.091361,407,3226.414123
-631.237896,160,3226.540082
-551.340074,149,3226.657544
-637.599704,138,3226.766071
-642.96641,228,3227.03795
-213.829958,416,3227.460755
-216.441716,250,3227.656084
-554.855061,156,3227.778816
-112.058131,192,3228.02281
-126.413795,276,3228.24073
-618.039281,212,3228.501522
95.932168,441,3228.942194
-625.338883,143,3229.054361
-619.381385,175,3229.190831
138.736629,431,3229.624577
-578.775572,138,3229.732658
-133.197293,430,3230.163469
5.576823,234,3230.441038
-643.829478,157,3230.564393
-393.227747,514,3231.06432
-619.877516,140,3231.174715
-544.315331,168,3231.400584
-627.291296,473,3232.670348
-141.652543,313,3232.918884
-663.586686,149,3233.036103
-600.943465,134,3233.234197
-622.09366,158,3233.357857
10.334951,259,3233.653071
-555.474821,165,3233.783757
-19.082404,278,3234.004451
-602.720793,144,3234.210644
-38.104747,422,3234.544182
-511.918754,181,3234.779148
-590.576798,122,3234.87497
-544.727111,320,3235.227384
-583.408767,142,3235.338416
-494.876887,201,3235.497141
-558.689338,190,3235.739441
-208.931709,488,3236.296268
-437.873018,257,3236.496823
-607.416246,253,3236.786686
-712.329271,169,3236.921067
-150.602571,180,3237.062172
-443.982119,241,3237.345387
-651.872483,126,3237.443647
-696.98581,195,3237.594767
-626.693097,132,3237.790017
-631.166124,129,3237.891359
-605.946927,141,3238.001707
-117.598649,269,3238.307182
-667.515353,125,3238.405451
-593.813182,208,3238.568892
-552.262676,175,3238.799728
-567.932569,128,3238.900653
-485.573146,410,3239.32001
-582.528146,167,3239.451679
-177.453237,193,3239.694697
-464.441483,288,3239.924065
-163.356374,617,3240.501602
-84.021564,206,3240.763388
-653.561301,121,3240.857336
-695.128494,162,3240.985102
-491.79491,231,3241.258877
160.421454,375,3241.553756
-502.865641,189,3241.793398
-66.294644,185,3241.939119
-153.334302,123,3242.03657
-593.213811,131,3242.231763
-124.05054,175,3242.368657
3.56472,221,3242.542897
-388.797972,179,3242.775037
-91.287639,211,3242.94227
-476.503769,314,3243.282645
-361.25683,225,3243.459229
-657.194092,168,3243.682702
-628.449533,129,3243.783344
-589.480226,112,3243.872206
-422.462616,277,3244.183382
-415.541589,238,3244.369994
-648.927119,190,3244.519426
-344.436852,277,3244.829754
-603.774428,139,3244.939061
-534.783225,128,3245.038696
-545.947394,167,3245.269714
-93.887136,207,3245.433139
-621.381198,153,3245.643357
-72.73841,150,3245.765444
-425.488994,457,3246.223755
-273.224576,200,3246.380978
-516.134219,152,3246.502033
-512.097061,130,3246.696575
-609.271798,122,3246.792926
-647.949301,161,3246.919835
-566.998175,154,3247.042637
-636.517389,181,3247.27951
-605.375205,172,3247.413733
-445.887781,211,3247.672785
-172.914265,194,3247.825233
-523.496307,118,3247.9179
-646.741496,158,3248.132682
-649.441751,145,3248.247699
-455.129388,363,3248.53572
-687.014899,157,3248.750746
-118.10527,184,3248.895057
-58.4933,291,3249.216664
-592.793847,116,3249.307188
-705.695933,156,3249.428708
-162.838607,230,3249.702297
-182.638877,136,3249.809062
-15.650577,249,3250.004921
-423.249921,575,3250.644666
-452.529599,482,3251.116888
-129.585942,176,3251.255435
-83.520294,234,3251.439893
-58.204366,159,3251.657918
-82.284869,244,3251.850364
-607.913071,146,3251.965234
-626.419488,183,3252.210475
-110.27079,254,3252.412405
-629.097936,161,3252.631457
-124.081262,221,3252.80404
-5.58514,420,3253.333274
-449.117413,233,3253.516507
-443.854868,179,3253.748494
-129.414521,155,3253.870478
-299.634473,155,3253.992249
-623.00669,139,3254.192493
-627.273018,136,3254.299593
-288.443924,222,3254.474058
-552.906466,172,3254.701277
216.430575,422,3255.0331
-115.129391,142,3255.238707
-140.442295,185,3255.38333
-153.286323,159,3255.507598
-115.23099,198,3255.754472
-682.234684,136,3255.861965
-1.67923,210,3256.026797
-539.514261,144,3256.232254
-12.268727,372,3256.524739
-50.608526,308,3256.859349
-86.460755,183,3257.00068
-58.265504,177,3257.231853
-42.208081,287,3257.456363
-42.406181,209,3257.713516
-152.488301,144,3257.827542
-133.872748,145,3257.94245
-435.747246,118,3258.03455
-126.31542,179,3258.394084
-97.148444,139,3258.503012
-174.261065,170,3258.635643
-318.860701,258,3259.071649
-186.337873,164,3259.200931
-287.616781,165,3259.554104
-190.289244,207,3259.715506
-153.292526,328,3260.060961
-193.6218,218,3260.231019
-106.724518,198,3260.384481
-25.238856,205,3260.637228
-73.064356,248,3260.829927
-151.145833,150,3261.039522
-522.623409,185,3261.184026
-558.380798,162,3261.309862
-177.3008,154,3261.523776
-531.994574,116,3261.613501
-234.777618,147,3261.7277
-403.434533,126,3261.825532
-41.621166,239,3262.154747
-20.013991,374,3262.668853
82.62503,375,3262.962353
-135.768497,238,3263.353244
-355.876972,169,3263.484245
-251.288763,165,3263.612111
-270.11999,217,3264.004594
-494.639659,164,3264.131073
-451.385188,91,3264.201156
-567.575561,115,3264.496687
-542.847548,101,3264.575482
-387.56534,135,3264.68011
-560.648102,160,3264.803011
-89.994258,264,3265.230535
-464.225269,92,3265.301666
-552.949728,135,3265.40598
-381.322126,322,3265.866122
-495.616091,148,3265.980694
-560.395293,170,3266.299731
-201.942494,409,3266.624792
-518.08133,100,3266.70194
-235.319458,150,3267.042991
-232.766996,178,3267.181947
-532.694714,99,3267.257777
-400.808554,127,3267.558293
-478.047757,112,3267.646941
-211.64906,148,3267.762121
-513.2197,145,3267.873952
-219.336429,183,3268.190216
-219.361141,192,3268.339618
-233.661731,743,3269.348388
-416.536667,431,3269.682293
-152.585512,177,3270.042533
-406.169161,123,3270.137099
-536.0677,103,3270.216378
-417.32937,118,3270.306815
-193.012656,164,3270.643301
-256.834864,524,3271.263533
-649.439941,153,3271.383409
-227.931279,139,3271.492032
-573.510644,159,3271.839479
-98.853382,184,3271.983467
-55.439632,221,3272.156059
-490.040485,257,3272.581671
-598.203725,152,3272.700912
-592.571925,222,3273.105864
-495.348353,158,3273.22824
-132.254884,136,3273.334725
-695.057311,155,3273.679399
-186.477796,155,3273.800625
-587.670356,122,3273.895273
-208.284717,169,3274.026894
-594.873889,203,3274.385169
-690.906078,140,3274.493763
-145.259588,146,3274.608472
-249.539786,169,3274.948475
-200.275832,150,3275.075453
-324.446588,152,3275.194753
-610.305953,166,3275.544784
-385.577541,335,3275.804435
-594.984267,196,3276.179685
-170.04914,162,3276.305371
-444.384837,181,3276.445283
-280.58311,318,3276.917233
-152.177497,183,3277.060982
-638.55905,120,3277.351923
-77.556137,225,3277.527793
-593.944042,132,3277.629764
-215.443582,156,3277.842442
-531.084007,82,3277.906513
-87.130728,487,3278.376981
-565.388116,111,3278.462381
-284.739138,411,3278.872954
-252.708937,141,3278.983788
-477.547293,153,3279.102532
-584.980741,115,3279.190956
-553.458217,142,3279.393813
-490.030903,100,3279.470895
-657.132532,135,3279.574645
-667.09354,156,3279.695208
-724.778768,155,3279.909734
-199.247942,174,3280.044306
-523.691509,158,3280.165402
-604.646519,136,3280.361482
-586.533502,112,3280.447297
-208.838914,160,3280.572302
-630.362713,130,3280.762124
-163.307281,457,3281.119463
-504.570735,94,3281.283787
-571.275549,181,3281.423422
-644.16919,130,3281.523461
-233.906492,233,3281.794986
-222.984036,150,3281.912105
-154.225006,319,3282.258462
-113.526054,163,3282.385827
-411.715914,154,3282.505856
-631.091251,125,3282.601565
-268.501772,148,3282.82398
-526.983516,107,3282.90669
-168.439179,134,3283.010306
-466.669968,99,3283.092606
-161.58634,180,3283.340647
-518.547876,85,3283.418475
-66.479043,143,3283.54801
-445.194879,148,3283.666486
-547.37011,179,3283.89888
-584.053677,143,3284.009477
-147.577546,151,3284.127556
-681.564653,133,3284.829134
-395.484073,531,3285.335853
-657.96807,159,3285.458309
-476.219155,181,3285.598079
-211.169723,165,3285.820485
-121.440995,167,3285.949703
-170.75821,153,3286.076041
-610.487596,225,3286.343609
-453.087346,358,3286.622149
-86.984924,355,3286.992478
-478.714913,211,3287.359723
-585.501127,156,3287.48395
-112.984819,141,3287.594101
-87.777599,234,3288.002927
-169.542506,128,3288.104893
-159.847568,186,3288.247922
-576.915077,307,3288.583874
-445.865539,92,3288.655073
-318.949789,157,3288.777024
-667.003114,218,3289.039971
-328.781427,370,3289.325983
-238.133523,161,3289.543988
-661.880088,149,3289.659373
-81.595332,229,3289.837745
-222.133033,154,3290.049037
81.166063,312,3290.291378
-492.756357,83,3290.448312
-149.58503,157,3290.569645
-107.60557,156,3290.691063
-584.009499,178,3290.921153
-126.936532,227,3291.099936
-305.44345,302,3291.42763
-189.599449,240,3291.617546
-491.192834,140,3291.72546
-262.969288,403,3292.131685
-547.19964,194,3292.281865
-612.165153,234,3292.557719
-392.821524,251,3292.751717
-192.167863,199,3292.997749
-530.013549,198,3293.15132
-327.777043,161,3293.275877
-600.463527,134,3293.472487
-453.530718,319,3293.719688
-625.322319,100,3293.889249
-712.120445,217,3294.057314
-310.830999,157,3294.179428
-503.344014,164,3294.399307
-534.936332,101,3294.477407
-602.160906,120,3294.569767
-315.201878,280,3294.879192
-495.570475,130,3294.978961
-582.51539,156,3295.099229
-485.27155,232,3295.371316
-555.452435,349,3295.641669
-332.820437,150,3295.851068
-621.345779,112,3295.938175
-141.438407,255,3296.137491
-504.443697,160,3296.353896
-438.293283,245,3296.542953
-688.457287,158,3296.664853
-662.190361,135,3296.862088
-613.067101,92,3296.93285
-312.440764,265,3297.140775
-568.928052,112,3297.325106
-588.851839,180,3297.46457
-171.600534,216,3297.632274
-659.099187,148,3297.841476
-607.692185,268,3298.04959
-703.625375,134,3298.153279
-535.626607,173,3298.482598
-511.203343,161,3298.606781
-586.45613,116,3298.696328
-331.037139,238,3298.974223
-105.802076,214,3299.140279
-401.5013,205,3299.391145
-282.889087,287,3299.620499
-566.246547,197,3299.864904
-504.795596,156,3299.986281
-636.450704,112,3300.072399
-406.46904,231,3300.359802
-230.650856,180,3300.49917
-593.521294,174,3300.633784
-398.249374,149,3300.751074
-691.393552,151,3300.962341
-307.25496,196,3301.116214
77.35502,286,3301.432618
-521.154604,172,3301.566098
-575.128348,211,3301.728693
-554.712084,144,3301.932519
-385.752946,316,3302.178582
-437.707739,213,3302.436546
-559.134685,184,3302.578037
-370.343403,394,3302.976959
-75.343862,270,3303.185515
-387.126306,159,3303.40256
-156.039665,392,3303.800248
-264.53486,528,3304.30583
-513.207959,252,3304.501439
-140.558129,175,3304.637426
-203.315918,163,3304.858502
-334.011505,317,3305.10718
-307.212404,288,3305.423445
-496.841554,171,3305.556025
-489.429609,202,3305.804883
-568.099703,182,3305.945708
-434.212716,232,3306.12508
-194.727647,380,3306.616796
-477.672695,179,3306.847983
-306.420053,358,3307.126541
-580.186564,217,3307.386582
-582.581829,128,3307.4859
-152.504231,157,3307.608519
-493.024722,201,3307.970612
-520.434859,240,3308.157062
-505.031774,321,3308.620934
-459.839443,351,3308.89409
-493.153682,256,3309.278373
-555.554746,200,3309.432332
-655.506549,184,3309.667885
-262.569151,166,3309.797384
-704.798658,138,3309.904071
-359.487777,306,3310.234269
-133.540265,190,3310.381
-558.308022,125,3310.477152
-483.935203,112,3310.656167
-609.786,212,3310.820709
-447.718684,176,3310.955841
-532.902883,220,3311.21953
-497.753852,167,3311.348473
-599.983573,162,3311.473472
-485.417669,157,3311.687531
-667.323916,147,3311.801226
-294.725913,163,3311.927175
-480.047169,185,3312.16469
-553.16614,167,3312.29374
-512.542809,220,3312.463458
-489.834843,174,3312.690282
-610.069171,136,3312.795251
-622.671046,195,3312.945729
-597.434149,107,3313.121441
-681.205297,168,3313.251613
-585.531703,124,3313.347951
-566.131671,152,3313.558908
-551.783731,132,3313.660695
-516.872973,206,3313.819461
-616.918984,216,3314.079548
-154.580812,464,3314.532056
-615.526262,147,3314.644801
-637.97674,155,3314.764688
-570.666969,135,3314.868417
-383.809746,238,3315.147156
-88.350174,316,3315.392815
-195.429005,212,3315.650825
-564.328678,150,3315.767357
-549.952219,170,3315.990726
-412.12722,200,3316.147071
-580.554165,140,3316.254612
-634.117719,199,3316.502837
-682.43348,165,3316.634852
-606.06853,141,3316.754449
152.055489,452,3317.25212
-528.358577,190,3317.416522
-100.651021,181,3317.65663
-161.683418,230,3317.852677
-642.929855,186,3318.0952
-509.361938,163,3318.223451
-458.082339,223,3318.396585
-256.695506,210,3318.666299
-683.116071,155,3318.789638
-614.928333,172,3318.923789
-578.719677,112,3319.103294
-347.899529,169,3319.236796
-591.065949,195,3319.386748
-559.622621,299,3319.713423
-489.130987,197,3319.866142
-610.555781,214,3320.121987
-146.695339,143,3320.233362
-121.10638,379,3320.61726
-383.577885,315,3320.862064
-250.481075,418,3321.398788
-502.167436,317,3321.737551
-490.761281,327,3322.013941
-510.468362,142,3322.286219
-566.663659,375,3322.581404
-579.98308,275,3322.902175
-538.38092,136,3323.014057
-607.150586,252,3323.348944
-603.432152,115,3323.495802
-559.697653,238,3323.795541
-378.349169,158,3324.303775
-612.271263,182,3324.517792
-315.425192,172,3324.727646
-344.093634,226,3325.233789
-159.486228,183,3325.498052
-515.014714,279,3326.063165
-506.180392,144,3326.24536
-570.450559,147,3326.429326
-270.150596,224,3327.018446
-463.73741,229,3327.295157
-613.58326,138,3327.466642
-668.972015,135,3327.846149
-439.515466,172,3328.070918
-427.775927,181,3328.300083
-656.421707,231,3328.816232
-381.490532,168,3329.028955
-96.487421,163,3329.518075
-444.720629,220,3329.798715
-625.342996,204,3330.055475
-140.983282,157,3330.559013
-276.174633,272,3330.900614
-629.094035,151,3331.093921
-275.34829,348,3331.793604
-246.263112,410,3332.594089
-683.632006,221,3332.867614
-518.2067,187,3333.391743
-445.18115,223,3333.681086
-535.28427,189,3334.115619
-602.719702,170,3334.330337
-429.685192,184,3334.5596
-585.151481,185,3335.082772
-376.681554,284,3335.439725
-598.398228,116,3335.585026
-496.956498,233,3336.204179
-388.195447,208,3336.463877
-400.133011,233,3337.028085
-265.735306,233,3337.320876
-262.760701,152,3337.512909
-310.154918,148,3337.993231
-407.728199,329,3338.410513
-601.494095,203,3338.84318
-554.488051,196,3339.10144
-498.486351,318,3339.718742
-296.047001,334,3340.144304
-446.673319,288,3340.679415
-216.682897,334,3341.24479
-396.69876,164,3341.448516
-428.17782,200,3341.703144
-449.714201,311,3342.265825
-496.78614,209,3343.748878
-580.817607,169,3344.10242
-350.199438,268,3344.447893
-353.705584,298,3344.967859
-369.416992,191,3345.212433
-76.765296,378,3345.835655
-557.741096,121,3345.985272
-203.235375,144,3346.167442
-611.62321,185,3346.633944
-545.949722,194,3346.891702
-281.027782,260,3347.378868
-632.310347,144,3347.563134
-654.196968,146,3347.745689
-487.076742,157,3348.096816
-640.973301,211,3348.360966
-487.447457,180,3348.585082
-609.982427,149,3348.95649
-468.178899,212,3349.224133
-546.024669,217,3349.499021
-221.835488,453,3350.230285
-448.651639,176,3350.764818
-509.715044,278,3351.166054
-540.669142,142,3351.519707
-640.604977,166,3351.749329
-522.224799,217,3352.036941
-322.99444,412,3352.70441
-627.428346,215,3353.106482
-567.608381,122,3353.264683
-701.356076,165,3353.470638
-548.243466,146,3353.653571
-549.416459,204,3354.061995
-424.861484,435,3354.883772
-300.999181,407,3355.39806
-489.191649,195,3355.744523
-545.504746,244,3355.960877
-495.451264,178,3356.254413
-622.613779,186,3356.42795
-509.284145,202,3356.609867
-597.708744,186,3356.882537
-170.654731,175,3357.036393
-417.455139,224,3357.233019
-488.587692,174,3357.46434
-451.914188,172,3357.61483
-509.065809,178,3357.871005
-426.260042,208,3358.050574
-547.751124,197,3358.222963
-438.383283,211,3358.507025
-402.489998,171,3358.650296
-504.688268,283,3358.967706
-502.355589,156,3359.094147
-550.27355,218,3359.272744
-582.838252,229,3359.556089
-493.97607,238,3359.745409
-711.388966,200,3360.000732
-500.598093,206,3360.164129
-626.855268,111,3360.250314
-187.655185,283,3360.564748
-600.10858,227,3360.742964
-573.432628,218,3361.00683
-274.203065,162,3361.13731
-212.553913,194,3361.287182
-364.926176,200,3361.536082
-677.078598,163,3361.662457
-424.85787,358,3362.033726
-622.657002,136,3362.140459
-409.779808,449,3362.585015
-652.119191,211,3362.74917
-72.710409,170,3362.974916
-342.170751,341,3363.243428
-483.192758,212,3363.606884
-702.847794,201,3363.764519
-414.956733,256,3364.161402
-180.29535,520,3364.79175
-489.678889,260,3364.995692
-53.771909,245,3365.281605
-582.082864,273,3365.494174
-194.112183,179,3365.727435
-164.465969,196,3365.88041
-294.593988,472,3366.465815
-526.202112,283,3366.686892
-739.723093,265,3367.104118
-468.122468,202,3367.261711
-134.07891,255,3367.554815
-174.430525,208,3367.717666
-345.836629,236,3367.995493
-644.446585,131,3368.097236
-633.209969,305,3368.429595
-126.632089,329,3368.688275
-464.409953,449,3369.137165
-692.986846,222,3369.310713
-36.241072,537,3369.916889
-803.169919,412,3370.240711
-587.887665,191,3370.483024
-450.106372,232,3370.664637
-357.621429,252,3370.954247
-168.642168,149,3371.072642
-511.06686,118,3371.165887
-582.343057,203,3371.417297
-202.848557,238,3371.604607
-219.138751,175,3371.742156
-444.956409,242,3372.024774
-592.890881,138,3372.133325
-548.780804,205,3372.386907
-425.948696,442,3372.735362
-593.076842,162,3372.95578
-31.118613,501,3373.442308
-428.263067,347,3373.71333
-656.646982,180,3373.946721
-721.509312,216,3374.116771
-406.28559,218,3374.379734
-339.141187,395,3374.689564
-423.575519,289,3375.009032
-24.266569,278,3375.228074
-595.455958,213,3375.488014
-113.364502,201,3375.645827
-604.169784,254,3375.936652
-609.398992,138,3376.045557
-336.826468,412,3376.465055
-719.661778,357,3376.835653
-127.04795,158,3376.960044
-58.758497,264,3377.16694
-605.785182,162,3377.385188
-274.461925,492,3377.865229
-462.921661,418,3378.193099
-585.172221,193,3378.437284
-392.739459,323,3378.690389
-89.111929,204,3378.94219
-546.118434,211,3379.107056
-333.222694,490,3379.586689
-517.162818,285,3379.904161
-504.594266,109,3379.989362
-28.987194,211,3380.152895
-758.361643,291,3380.477159
-256.579634,276,3380.693959
-608.804318,135,3380.892722
-602.240243,340,3381.161081
-187.500299,193,3381.404266
-128.570287,327,3381.658854
-657.199141,126,3381.854215
-56.251563,300,3382.088938
-649.854411,195,3382.335176
-40.468401,337,3382.60808
-160.900181,170,3382.8335
-280.795585,171,3382.969486
-453.944337,193,3383.120263
-607.376718,217,3383.381064
-139.278434,140,3383.490923
-630.870055,167,3383.622551
-183.156351,233,3384.001586
-705.725176,150,3384.118832
-68.791098,162,3384.24629
-250.403861,276,3384.660914
-473.167904,344,3385.138278
-638.744088,222,3385.311416
-70.073123,267,3385.71746
128.84045,365,3386.005129
-692.752706,280,3386.318638
-174.987075,174,3386.454008
-702.44623,145,3386.566939
-496.979508,190,3386.8075
-474.274364,126,3386.905847
-599.803564,329,3387.364692
-236.606151,153,3387.485095
-558.394871,215,3387.652296
32.033636,273,3387.95686
-189.949144,162,3388.082637
-3.615527,222,3388.350389
-138.516142,214,3388.518276
-258.769681,318,3388.870035
-132.858719,235,3389.053418
-340.268762,596,3389.613911
-213.295426,174,3389.943547
-450.404347,279,3390.162137
-598.893032,366,3390.539244
-111.146063,143,3390.650724
-587.069682,228,3390.921773
-469.474158,249,3391.11785
-67.185676,373,3391.502212
-148.335722,135,3391.607313
-138.42714,198,3391.855123
-105.023711,201,3392.01183
-696.418757,234,3392.193637
-627.081133,129,3392.386615
-156.03861,214,3392.554143
-78.765838,135,3392.661743
34.575717,214,3392.921675
195.091212,410,3393.33525
-574.372385,297,3393.567117
-146.594666,165,3393.695782
-118.536124,210,3393.952545
-216.073977,143,3394.06493
-594.648584,301,3394.391835
-139.314541,173,3394.525593
-198.381288,151,3394.642854
-591.679009,144,3394.846843
-193.138526,177,3394.984104
-549.563687,184,3395.126399
-572.59453,166,3395.346691
-625.507369,162,3395.47271
-429.615288,647,3396.177859
-178.079178,139,3396.378954
-536.934418,204,3396.53733
-578.67856,262,3396.739859
-478.958554,306,3397.070868
-62.460169,297,3397.39644
-574.081937,187,3397.541985
-135.732849,341,3397.900824
-683.479818,130,3398.001943
-98.865064,182,3398.143905
-602.206512,143,3398.347824
-566.904151,174,3398.9984
-142.736011,188,3399.148154
-178.396247,193,3399.390641
-211.765722,151,3399.508169
-154.33069,188,3399.655212
-714.026674,161,3399.872331
-283.289336,178,3400.010477
-159.226474,154,3400.129647
-378.396402,274,3400.435637
-278.231252,156,3400.556201
-158.391982,162,3400.682143
-159.123544,389,3401.19311
-733.648666,161,3401.409384
-161.414398,166,3401.539864
-97.342118,373,3401.92634
-573.31073,469,3402.294208
-585.443215,338,3402.650723
-643.045472,113,3402.739001
-425.712473,198,3402.986851
-215.349269,147,3403.100974
-684.562506,215,3403.268202
-2.48913,261,3403.56484
-211.790367,180,3403.703892
-151.035506,174,3403.932035
-142.452357,165,3404.060091
-325.708305,167,3404.188385
-455.91791,262,3404.483917
-97.263775,196,3404.636242
-595.589196,157,3404.848913
-11.930766,251,3405.044956
-161.076679,145,3405.159648
-152.030225,201,3405.408964
-97.742069,210,3405.573493
-3.647943,283,3405.897342
-128.010782,227,3406.075335
-194.211665,229,3406.350278
-461.24084,529,3406.85783
-175.14171,168,3406.988553
-582.393027,169,3407.120374
-601.156918,199,3407.367241
-673.399866,147,3407.481057
-597.987386,263,3407.686019
-642.646441,151,3407.895111
-439.416854,400,3408.207691
-622.770041,163,3408.425991
-264.055214,164,3408.553453
81.177204,321,3408.897004
-127.275629,143,3409.008575
-562.413665,219,3409.180254
-149.680828,294,3409.502084
-200.218689,146,3409.615759
-155.959921,168,3409.840329
-236.588438,164,3409.96725
-465.281166,450,3410.410825
-310.550878,145,3410.52388
-655.871182,145,3410.635894
-123.537858,224,3410.90355
-220.416611,150,3411.021202
-649.322973,155,3411.142941
-69.84108,145,3411.350103
-150.839199,192,3411.499974
-696.547488,152,3411.617971
-160.302961,150,3411.828414
-132.066877,188,3411.974087
-506.53815,192,3412.124499
-667.33029,162,3412.343204
-310.470105,223,3412.518047
-130.151285,161,3412.735951
-663.399359,123,3412.832093
-202.931802,146,3412.946194
-137.359846,495,3413.427786
-613.306511,181,3413.568029
-35.40228,180,3413.802553
-567.778468,194,3413.953758
-136.041635,222,3414.220678
-105.021704,195,3414.3732
-525.909671,164,3414.500707
-103.297544,189,3414.7409
-623.600122,159,3414.866385
-499.991593,228,3415.043609
-152.713612,234,3415.319449
-72.990858,214,3415.485555
-176.410198,159,3415.701964
-238.778293,270,3415.912702
-196.747026,152,3416.031933
-570.879838,158,3416.249008
-72.732942,156,3416.370652
-69.666396,190,3416.519141
-202.631361,154,3416.736578
-43.000828,363,3417.018268
-111.093182,256,3417.310656
-262.539772,243,3417.500413
-454.607603,202,3417.751321
-77.409404,201,3417.908739
-189.056081,159,3418.032157
-156.683325,163,3418.25847
-48.624623,178,3418.397691
-237.194045,163,3418.524379
-122.950046,160,3418.742519
-231.269575,155,3418.863415
-746.642966,149,3418.979996
-209.519262,167,3419.202403
-60.37812,283,3419.42208
-748.103578,264,3419.718562
-573.879254,228,3419.894289
-228.043305,173,3420.027825
-122.931886,131,3420.332825
-636.360371,164,3420.460601
-216.313234,155,3420.58185
-527.68774,285,3420.897988
23.311629,365,3421.289511
-163.06654,202,3421.447833
-256.49298,153,3421.566092
-91.475264,192,3421.808817
-23.71618,273,3422.02125
-432.540752,281,3422.332398
-71.102297,311,3422.575571
-98.604394,308,3422.907313
29.976476,492,3423.386277
-160.187712,254,3423.58416
-123.718982,428,3424.014613
-123.639744,188,3424.25232
-158.863438,168,3424.383646
58.534071,323,3424.731921
-688.712236,262,3424.934535
-207.343551,297,3425.26076
-125.141016,159,3425.383976
-141.516785,170,3425.516344
-504.289228,254,3425.809059
-40.496251,230,3425.989067
-699.791032,220,3426.257675
-526.291808,298,3426.489133
-559.805413,440,3426.927639
-91.221001,183,3427.165582
-184.219926,173,3427.301298
-596.817027,194,3427.453429
-474.413631,338,3427.917849
-109.205333,189,3428.065851
-66.125771,322,3428.412386
-456.242177,340,3428.900048
-347.981546,282,3429.119394
-660.606765,271,3429.423568
-612.565812,184,3429.567132
-207.098736,243,3429.75589
-536.1622,123,3430.044287
-568.95156,176,3430.180603
-235.671523,228,3430.449926
-190.489042,211,3430.617142
-12.388818,273,3430.829482
-44.984186,214,3431.091406
-33.141305,262,3431.296476
3.897019,403,3431.703319
-280.980813,435,3432.141163
189.550384,611,3432.713513
95.685514,445,3433.156443
-615.583246,196,3433.309397
-526.561293,383,3433.70147
79.645089,268,3434.004016
-682.148698,231,3434.183976
-118.567219,241,3434.46512
-671.000993,198,3434.61941
190.248552,553,3435.14899
-165.442523,212,3435.481623
-624.4359,223,3435.654789
-359.583925,244,3435.846358
-652.302128,234,3436.124856
-306.68357,391,3436.524411
-658.862904,182,3436.666995
-79.810126,231,3436.846737
-428.04743,578,3437.487129
-43.973737,397,3437.796798
-579.162027,243,3438.183076
-79.288821,188,3438.330153
-487.164326,228,3438.605094
-584.062157,124,3438.70209
-47.489329,284,3438.925312
-214.725615,519,3439.423692
-623.741275,190,3439.664909
-150.851784,256,3439.864573
-552.451896,111,3440.043966
-102.935282,219,3440.216427
-610.7911,193,3440.368076
-616.87526,112,3440.547813
-556.179803,130,3440.649939
-669.33635,191,3440.797566
-584.273111,137,3440.904089
-238.966871,264,3441.212731
-625.824532,203,3441.369915
-176.724795,207,3441.729518
-664.00744,192,3441.879384
-574.170573,204,3442.132538
-77.9471,244,3442.323298
-448.146292,255,3442.61499
-88.45986,158,3442.737729
-164.746385,160,3442.863106
-438.808788,274,3443.17182
-693.438496,214,3443.339449
-687.926398,226,3443.607046
-386.813986,299,3443.837947
-445.04066,200,3444.086373
-519.594411,115,3444.17773
-552.944995,163,3444.303796
130.595122,320,3444.646865
-521.689066,186,3444.790897
-206.471106,240,3445.071003
-563.355399,149,3445.185387
-477.048296,177,3445.321364
-332.737368,311,3445.655196
-576.918432,126,3445.752554
-13.314214,210,3445.915324
-209.728185,250,3446.203419
-120.504554,395,3446.636431
-515.467122,147,3446.750928
-543.242729,119,3446.843458
-23.991979,192,3447.086
-545.372893,172,3447.219539
-301.899404,227,3447.397081
25.753754,342,3447.759965
-434.940816,195,3447.911018
49.036438,255,3448.925495
-233.159732,354,3449.294335
25.798719,263,3449.498256
-118.71012,382,3449.886389
-533.220332,147,3450.000338
-162.910095,379,3450.389592
-369.38149,160,3450.514393
-73.61437,416,3451.036718
-92.648899,222,3451.212001
-589.123858,113,3451.399099
-349.015534,412,3451.720324
-640.138803,150,3451.929891
95.896665,258,3452.131353
-162.097297,234,3452.525691
-456.490148,194,3452.675692
-264.925943,320,3453.015802
-410.570047,324,3453.2796
-546.901409,105,3453.453486
-521.546452,215,3453.620511
-64.419435,348,3453.982155
-432.196053,310,3454.222325
-33.877048,205,3454.474483
-158.306419,325,3454.727418
-75.282658,537,3455.239301
-561.843695,207,3455.493043
-37.88538,257,3455.693566
-47.675821,270,3455.996891
-586.765767,179,3456.136673
-630.56386,155,3456.256487
-155.839243,202,3456.508353
-644.054756,158,3456.632127
-247.008564,512,3457.128665
-543.900485,165,3457.257026
-435.088427,246,3457.541526
0.601384,345,3457.903601
-272.740355,419,3458.232057
-423.836683,298,3458.555514
-138.420785,385,3458.955817
-88.614837,177,3459.094521
-144.140353,189,3459.242537
-400.417303,222,3459.510384
-459.114208,197,3459.663854
364.220136,465,3460.125207
-472.662168,310,3460.458845
-499.766103,182,3460.598636
-268.81287,180,3460.829574
-554.729554,216,3460.998577
-369.641947,264,3461.203321
-479.466191,199,3461.449883
-537.832267,125,3461.546633
-512.717598,171,3461.679473
-103.276605,167,3461.901213
-362.749451,152,3462.019451
-110.420071,158,3462.144898
2.185907,574,3462.684765
-272.945532,579,3463.322373
-294.756289,426,3463.653942
-394.024533,262,3463.951596
279.318882,484,3464.424667
-445.905632,369,3464.804128
-551.541542,213,3464.970444
-61.435444,251,3465.263085
57.471137,407,3465.581207
-67.046563,297,3465.908052
-488.115184,206,3466.067973
-389.520452,216,3466.330337
-315.206849,173,3466.465206
-61.828951,199,3466.61878
-260.41862,154,3466.831739
-5.961881,211,3466.996137
-524.320723,293,3467.319327
29.350226,191,3467.468383
-353.067783,242,3467.748918
-455.033372,210,3467.91273
64.953051,278,3468.222947
-292.539898,282,3468.441988
-186.07043,433,3468.869895
-232.405331,324,3469.213355
-175.440064,439,3469.556252
-272.704819,325,3469.902692
-572.520605,211,3470.066678
-277.353169,179,3470.298359
43.210744,470,3470.75873
226.123,498,3471.247618
-543.60226,144,3471.360172
-509.021717,228,3471.538068
-514.368357,159,3471.752705
-395.077721,249,3471.946504
-276.165492,310,3472.28493
-479.002248,157,3472.408429
-494.75877,163,3472.535075
-305.907502,255,3472.827118
-517.61268,152,3472.945959
-499.909623,227,3473.215448
-420.194499,225,3473.393339
-466.188199,307,3473.726994
-428.214897,216,3473.89597
-240.041067,229,3474.173355
-346.215152,284,3474.39484
-471.885853,292,3474.717212
-112.816071,316,3474.966737
-514.59963,172,3475.194327
-612.099064,138,3475.302733
-639.120641,212,3475.467664
-176.711503,339,3475.827034
-457.465715,259,3476.122597
-462.101387,434,3476.460107
-421.391651,282,3476.773826
-545.626962,120,3476.867949
-533.312759,92,3476.938867
-646.471275,221,3477.206777
-513.401302,194,3477.358307
-402.728195,288,3477.679472
-121.011767,352,3477.95413
-618.627169,162,3478.177937
-582.998706,110,3478.263608
-463.807095,213,3478.429656
-467.439763,195,3478.672804
-577.308516,145,3478.78545
-527.122178,254,3479.07796
-537.991674,113,3479.16683
-314.481229,264,3479.3738
21.270168,536,3479.88656
-576.998543,138,3480.085304
-563.233035,200,3480.242463
-418.993597,277,3480.551765
-471.123896,202,3480.717675
-61.916873,250,3480.913529
-62.47392,255,3481.209398
-584.085242,108,3481.293291
-566.26641,124,3481.389745
-343.906203,342,3481.748675
-84.01797,438,3482.18447
-504.371502,111,3482.271013
-335.541832,346,3482.633466
-522.832111,117,3482.724208
-540.233348,129,3482.824962
-193.875271,215,3483.090121
-621.704225,136,3483.198181
-207.874793,321,3483.541183
-547.597842,104,3483.622187
-430.393723,262,3483.829126
-60.107291,188,3484.068695
-451.425671,294,3484.299568
-546.452337,302,3484.629304
-562.434745,241,3484.816847
251.79143,716,3485.801942
-152.749261,369,3486.090838
-579.708398,164,3486.432263
-472.067727,199,3486.58812
-499.303297,167,3486.717726
-372.097492,190,3487.066092
-599.782302,155,3487.187942
-485.572751,219,3487.55803
-482.550982,329,3487.817429
-620.58358,143,3487.929538
-443.139955,221,3488.304854
-242.810059,163,3488.432428
-400.39956,195,3488.79324
-230.207533,178,3488.931962
-434.508367,234,3489.113016
-795.639469,406,3489.627454
-502.723179,164,3489.974839
-628.043205,148,3490.094447
-587.696284,202,3490.251937
-438.948371,375,3490.770733
-384.099645,192,3490.921006
-493.988586,208,3491.306641
-593.599588,141,3491.416456
-425.862498,196,3491.569023
-466.474018,205,3491.822611
-253.812317,345,3492.092991
-705.154007,161,3492.31285
-490.962574,294,3492.543338
-508.228629,202,3492.797823
-493.235682,280,3493.016419
-504.017077,180,3493.249389
-630.90861,225,3493.424855
-429.374654,181,3493.566076
-516.331828,415,3493.984108
-571.442233,131,3494.086019
-619.965708,190,3494.429997
-451.692674,293,3494.657925
-406.608604,253,3494.946621
-574.852287,145,3495.059448
-428.593895,189,3495.301561
-536.810105,209,3495.464458
-279.542565,192,3495.614551
-540.461067,232,3495.890825
-478.252802,260,3496.094433
-553.762765,117,3496.278136
-427.54502,178,3496.416537
-430.047206,232,3496.598496
-471.060937,203,3496.850808
-406.635906,195,3497.00168
-588.663781,212,3497.262327
-512.400376,214,3497.430133
-491.25477,219,3497.602273
-454.654634,344,3497.961172
-493.916369,191,3498.108487
-647.979424,223,3498.383781
-435.09579,226,3499.354448
-435.625083,207,3499.739798
-181.622485,191,3499.889294
-434.760748,227,3500.15856
-576.268307,131,3500.262455
-441.300717,255,3500.460688
-496.920182,168,3500.683807
-549.843985,121,3500.777846
-588.081518,138,3500.886239
-350.330903,325,3501.236086
-516.777169,170,3501.368768
-66.701439,224,3501.63565
-647.026466,304,3501.873753
-559.765602,134,3501.978349
-500.594029,199,3502.227542
-623.915684,154,3502.348378
-580.659052,154,3502.468591
-527.028077,184,3502.703599
-584.340968,167,3502.83329
-591.131867,151,3502.950232
-305.543845,352,3503.426888
-687.582113,217,3503.597023
-613.236444,131,3503.792701
-631.064989,181,3503.934345
-598.801372,123,3504.029855
-560.555302,176,3504.2614
-562.9702,140,3504.376474
-552.080032,142,3504.488343
-512.796735,311,3504.826459
-463.569631,186,3504.970257
-614.222825,221,3505.238522
-561.992213,216,3505.408176
-433.41837,186,3505.553671
-504.981648,206,3505.807857
-632.168561,161,3505.933869
-314.01214,232,3506.211508
-513.601216,221,3506.385731
-589.781217,164,3506.515815
-254.41853,421,3506.941352
-434.151002,256,3507.236535
-564.469816,227,3507.415169
-530.439564,249,3507.717362
-555.015971,320,3507.968651
-561.415912,248,3508.25501
-588.572162,293,3508.485536
-139.104481,189,3508.830779
-456.810347,264,3509.036602
-558.007306,161,3509.162182
-547.921697,176,3509.523823
-492.471822,158,3509.647347
-509.127777,222,3510.030117
-440.930851,392,3510.336634
-680.904996,233,3510.754565
-554.353934,174,3510.891124
-559.222039,224,3511.214454
-585.67831,185,3511.361958
-410.272382,258,3511.562716
-582.144203,142,3511.87526
-571.440013,188,3512.022819
-626.887602,134,3512.128742
-501.172668,208,3512.494848
-402.708516,211,3512.660801
-611.485069,130,3512.76202
-375.281089,362,3513.140639
-543.953068,225,3513.410152
-682.965996,353,3513.688571
-504.558074,279,3514.000063
-233.13714,360,3514.283298
-65.150943,166,3514.506795
-635.573224,366,3514.792041
-712.729775,195,3515.037605
-283.797519,335,3515.393518
-502.884254,392,3515.698152
-381.512471,243,3515.982654
-530.068313,282,3516.204887
-331.322099,286,3516.631502
-599.17181,239,3516.824034
-513.928853,217,3517.206135
-578.915304,187,3517.352246
-422.104289,287,3517.8005
-540.350992,154,3517.919955
-679.749997,137,3518.027743
-240.842479,349,3518.523369
-577.697167,324,3518.997127
-452.481857,271,3519.211205
-147.291381,409,3519.757598
-604.305658,131,3519.85929
-582.797115,127,3519.958113
-607.810359,270,3520.403093
-544.491138,248,3520.595835
-614.297318,174,3520.935472
-135.639515,439,3521.504217
-486.918671,124,3521.600863
-413.526342,207,3521.761858
-578.103867,127,3522.079428
-715.180477,158,3522.208216
-120.76957,261,3522.411886
-560.996585,126,3522.733194
-648.667099,322,3522.98658
-483.417385,239,3523.3781
-533.965565,147,3523.492553
-557.798569,146,3523.606931
-448.753681,193,3523.961975
-89.782993,278,3524.179062
-530.043639,205,3524.549732
-657.826362,354,3524.82701
-597.234496,444,3525.270817
-159.480402,338,3525.627329
-110.983797,140,3525.737778
-370.955421,419,3526.160408
-471.12143,218,3526.329484
-167.927036,242,3526.727632
-649.00969,184,3526.870177
-537.614515,284,3527.315979
-538.624113,254,3527.513389
-548.144463,118,3527.60496
-87.802722,233,3527.985018
-595.835059,398,3528.495483
-91.698886,261,3528.697434
-104.925878,151,3528.816585
-352.287882,356,3529.188218
-418.719699,357,3529.560747
-444.911432,217,3529.729523
-296.358411,344,3530.092833
-545.170439,149,3530.20911
-75.669311,337,3530.564712
-460.012606,261,3530.767614
-610.384239,204,3531.01969
-155.648994,152,3531.141587
-566.567254,208,3531.304464
-588.047319,385,3531.695396
-449.328074,285,3532.009101
-473.443896,357,3532.287569
-601.410871,128,3532.481045
-555.464193,122,3532.576081
-142.250389,177,3532.71375
-335.600205,277,3533.022718
-608.553095,175,3533.159956
-255.040135,165,3533.380633
-456.996427,191,3533.528401
-583.4123,228,3533.706798
-673.345889,241,3534.092921
-561.771107,129,3534.193351
-144.258389,245,3534.595142
-4.961634,246,3534.788432
-489.954466,207,3534.953698
-547.242784,132,3535.147582
-144.866463,184,3535.296514
-390.933223,355,3535.757003
-486.412366,228,3535.938389
-529.899456,166,3536.162971
-227.068541,363,3536.44837
-443.864005,529,3536.957018
-567.090867,322,3537.303741
-146.958253,243,3537.496103
-645.199437,121,3537.682452
-627.415034,200,3537.838391
-513.28846,209,3538.001803
-122.885172,153,3538.217206
-124.375478,156,3538.340099
-488.596674,130,3538.447834
-555.375833,160,3538.778028
-528.080561,143,3538.890396
-45.821741,323,3539.143615
-471.512002,264,3539.574471
-593.732919,121,3539.668051
-506.239994,293,3539.991861
-568.138282,317,3540.239701
-589.069863,113,3540.421881
-626.525509,568,3540.958652
-583.310201,240,3541.152972
-296.48227,266,3541.584112
-540.07499,218,3541.754574
-78.676937,183,3542.107528
-517.940165,228,3542.285616
-549.887636,280,3542.728515
-400.904961,360,3543.009737
-551.363585,122,3543.104669
-171.699853,128,3543.40649
-204.556364,389,3543.711054
-658.241843,148,3543.920392
-434.477683,420,3544.343906
-564.509438,177,3544.482943
-485.529771,486,3544.955251
-579.558579,122,3545.050072
-578.785055,109,3545.135091
-510.070955,310,3545.470563
-412.776712,224,3545.646017
-82.037721,261,3545.944597
-567.260118,269,3546.157778
-90.21295,144,3546.443825
-553.269648,152,3546.563512
-593.055687,116,3546.65419
-517.194641,209,3546.912618
40.086431,493,3547.504716
-437.495151,575,3548.046296
-670.281378,457,3548.499433
-540.575887,297,3548.732923
-178.77424,144,3548.845332
-292.109822,343,3549.33861
-511.977952,130,3549.441187
-291.702842,330,3549.927634
-521.114171,224,3550.103463
-53.131777,214,3550.434462
-175.38629,160,3550.559616
-626.426866,203,3550.924189
-526.658073,111,3551.010953
-88.720908,157,3551.135904
-57.375795,211,3551.51796
-589.58471,253,3551.721462
-448.697127,377,3552.241254
29.344606,272,3552.454745
-144.947848,161,3552.817322
-94.346903,179,3553.512216
-567.816446,146,3553.628066
