#{"t_start": 1783528340.8717277, "env_id": "Atom-v1"}
r,l,t
-154.399079,127,4.802593
-130.265213,117,5.034497
-98.955326,87,5.199329
-142.062782,97,5.387701
-99.013346,129,6.266994
-110.963389,113,6.494777
-107.184237,102,6.724774
-99.877242,96,6.927306
-124.498747,112,7.140301
-100.08753,75,7.599169
-119.495291,85,7.787856
-128.663411,174,8.229766
-125.458814,84,8.427031
-144.415703,197,9.16617
-112.200428,106,9.369496
-121.947175,126,9.609848
-117.362099,135,9.869169
-104.884328,71,10.009951
-107.072457,135,10.575043
0.462874,116,10.791647
-123.028457,84,10.949764
-95.587619,78,11.098179
-106.580578,111,11.310846
-71.049841,121,11.856305
-150.309974,92,12.030607
-116.28429,106,12.233185
-116.462816,149,12.51805
-108.3822,84,12.979486
-44.634684,85,13.142258
-117.155892,92,13.316769
-106.051038,158,13.619941
-27.920343,74,13.758971
-59.625236,133,14.313275
-132.565053,94,14.494835
-164.075532,138,14.758817
-149.692802,125,15.000438
-92.414382,93,15.480401
-39.463063,86,15.64533
-82.857302,65,15.769613
-115.374788,99,15.958258
-83.012163,88,16.125184
-88.224969,135,16.381578
-106.350181,89,16.864469
-135.871701,84,17.037772
-15.601228,114,17.283845
-101.402807,91,17.475897
-64.162127,175,18.218783
-95.419784,92,18.414795
-95.093097,66,18.555735
-108.213288,85,18.741058
-115.072448,87,18.92821
-108.228533,66,19.068709
-87.974364,95,19.272702
-65.56682,82,19.764166
-66.956003,141,20.062116
-126.930979,95,20.262755
-148.294575,130,20.53282
-86.843987,109,21.090215
-87.843186,103,21.308222
-74.856479,71,21.457939
-91.030394,105,21.679192
-83.875323,67,21.821236
-99.06315,95,22.022867
-95.060778,72,22.497662
-159.476248,113,22.734621
-144.380154,137,23.017175
-121.470232,128,23.263416
-148.516623,127,23.812811
-106.467262,87,23.984774
31.799472,89,24.1566
-100.243649,92,24.341418
-133.605395,103,24.558445
-83.187615,107,24.783125
-139.769133,138,25.399855
-53.426806,197,25.779598
-103.377587,97,25.97367
-107.074407,113,26.543208
-125.032094,100,26.760061
-101.608823,90,26.980067
-110.253717,73,27.143074
-131.179039,105,27.368848
-114.441146,84,27.582435
-139.635631,112,28.184167
-102.206825,79,28.352247
-111.642334,86,28.533926
-107.015912,121,28.792463
-75.871244,112,29.0323
-129.465276,88,29.574617
-113.398394,94,29.775147
-122.987693,136,30.066713
-75.137701,116,30.314747
-109.853511,146,30.952657
-118.463394,77,31.104017
-75.980063,89,31.27818
-69.441078,128,31.523602
-116.39044,102,31.73154
-123.309947,97,32.205846
-120.103151,192,32.579076
-114.558726,89,32.75827
-111.627953,141,33.03354
-85.295565,67,33.166975
-133.980758,94,33.688884
-101.338097,126,33.930427
-136.180964,106,34.130888
-107.766099,86,34.294832
-74.09968,71,34.428844
-91.400369,56,34.851535
-82.430731,92,35.026947
-92.128557,101,35.219038
-103.085135,142,35.489757
-120.31939,111,35.704194
-132.105935,90,36.187311
-110.411922,82,36.342586
-117.064367,77,36.489922
-82.060244,86,36.662808
-91.775459,76,36.809199
-108.004603,76,36.95638
-94.401328,67,37.08249
-32.558813,137,37.65252
-62.131057,78,37.801753
-137.741725,85,37.964228
-132.166924,120,38.194117
-149.120497,88,38.365063
-85.837682,73,38.809439
-121.898288,98,39.000284
-109.309444,116,39.224974
-130.218351,78,39.372816
-110.847277,96,39.558102
-110.582562,123,40.095126
-134.445721,124,40.332526
-104.726044,96,40.515584
-131.134933,83,40.673593
-112.478632,73,40.811265
-84.921742,199,41.494054
-103.471673,68,41.632024
-111.455816,105,41.835902
-80.319846,124,42.075646
-116.008765,74,42.215181
-117.938473,99,42.722675
-115.104054,73,42.860633
-110.942839,104,43.058226
-121.695612,117,43.282963
-79.747027,74,43.427937
-45.049038,99,43.916209
-123.022514,109,44.124211
-109.232792,144,44.400802
-125.269531,80,44.553797
-101.591583,84,44.712801
-112.369501,82,45.17156
-123.781706,99,45.360881
-112.11921,112,45.57813
-95.946514,65,45.70185
-58.002047,149,45.986806
-124.361878,133,46.546475
-117.797392,72,46.692048
27.734199,139,46.95837
-97.449112,198,47.339919
-97.437676,109,47.851336
-135.529525,130,48.098115
-71.617926,87,48.263192
-138.637884,86,48.428017
-94.983651,83,48.5848
-114.425344,102,49.080181
-110.156711,95,49.258893
-117.686379,174,49.590775
-85.077778,138,49.8558
-134.429365,133,50.418207
-130.767603,102,50.61324
-141.583864,130,50.860323
-100.390048,77,51.006373
-124.030947,156,51.607809
-99.190517,110,51.825137
-72.689564,123,52.060174
-113.545447,122,52.291394
-79.214095,127,52.852533
-98.523786,75,52.997455
-113.460748,81,53.150266
-104.055482,84,53.313064
-122.971497,94,53.493682
-125.307155,111,53.705396
-152.405099,134,54.266555
-84.465112,98,54.454006
-110.817658,87,54.619121
-130.769068,109,54.824798
-62.63058,140,55.091012
-109.537424,108,55.600433
-118.655401,149,55.883478
-84.673457,108,56.088225
-99.687933,88,56.257857
-97.688169,95,56.75194
-122.058846,119,56.977234
-107.720398,89,57.147291
-88.943773,83,57.307819
-131.10379,109,57.515875
-139.018083,282,58.367952
-106.273065,160,58.671657
-84.086337,91,58.845821
-121.556468,131,59.406567
-111.892557,75,59.5497
-115.761426,96,59.734608
-119.449714,97,59.919505
-125.854004,138,60.183393
-119.608304,101,60.685863
-36.529742,105,60.886636
-155.693652,133,61.13776
-103.556771,78,61.287347
-102.34623,104,61.485705
-129.140273,109,62.006631
-97.426884,127,62.250587
-106.791423,70,62.386923
-138.69074,104,62.584389
-94.404059,143,63.162754
-112.225606,153,63.454057
-107.442266,107,63.656763
-83.309971,161,63.962411
-73.414359,115,64.479304
-118.407413,160,64.789253
-120.888054,109,64.99402
-115.364051,84,65.154849
-91.777944,307,66.044938
-91.301735,103,66.241844
-92.657155,118,66.464831
-152.248031,111,66.985174
-75.968799,84,67.143964
-81.962337,88,67.314111
-85.916646,70,67.448442
-101.249785,117,67.675227
-126.981779,101,67.868171
-124.647611,92,68.348305
-119.515614,107,68.553461
-79.747354,95,68.732528
-95.562684,87,68.895482
-76.660669,110,69.102603
-133.880623,102,69.600289
-106.898855,64,69.721602
-102.403449,95,69.901835
-129.647876,104,70.100578
-78.083348,90,70.273354
-108.796891,86,70.437458
-57.819122,95,70.921147
-146.389195,100,71.113624
-80.461998,83,71.271132
-151.307174,101,71.464359
-144.653606,111,71.684631
-131.904701,113,72.204652
-94.964095,128,72.446802
-45.100857,120,72.682039
-137.27044,122,72.914591
-102.454166,83,73.072527
-132.404466,105,73.577674
-96.31016,116,73.798035
-94.279941,122,74.031549
56.664073,134,74.287803
-112.984068,127,74.833758
-98.465848,95,75.013619
-82.422993,112,75.225925
-72.310571,97,75.412103
-122.381305,76,75.557263
-115.417393,109,76.069583
-118.410514,104,76.268431
-145.830335,121,76.499967
-118.002155,175,76.840544
-84.423831,96,77.325647
-110.274297,118,77.551348
-105.098119,118,77.780795
-76.386451,74,77.921279
-92.974255,110,78.130643
-92.45171,90,78.605191
-91.516588,103,78.801825
-110.887844,137,79.062643
-5.733932,93,79.239506
-105.656429,70,79.374502
-139.690768,144,79.946666
-116.870721,99,80.135705
-99.812528,72,80.272973
36.501498,97,80.456939
-101.335799,197,81.147244
-84.038134,143,81.421165
-97.996575,144,81.705806
-105.354126,103,81.902199
-124.485601,93,82.081816
-130.704077,125,82.630011
-4.036218,120,82.863478
-76.695424,185,83.217193
-76.842464,109,83.741264
-96.59026,113,83.953782
-93.452224,65,84.077997
-105.90034,116,84.29862
-91.049613,87,84.4663
-142.160616,89,84.634308
-111.508379,78,85.086275
-95.122902,114,85.304464
-127.690811,173,85.635083
-126.479904,85,85.797681
-127.619459,86,86.262421
-94.710354,116,86.483668
-106.420009,99,86.683284
-97.341113,80,86.836016
-113.15007,110,87.046203
-120.880067,149,87.654007
-77.256923,106,87.857902
-79.223795,84,88.018051
-134.233863,94,88.198024
-92.020714,112,88.413332
-126.943509,170,89.040275
-54.036048,212,89.445195
-81.118969,138,89.706083
-102.844439,79,90.155215
-107.041305,86,90.317579
-78.723715,106,90.519182
-83.388403,103,90.714613
-128.981114,142,90.985934
-87.100616,134,91.54338
-98.964273,167,91.87472
-80.142149,76,92.022264
-99.67376,84,92.186921
-140.802615,179,92.817607
-116.023854,95,92.998364
-6.917874,149,93.281965
10.792578,274,94.099116
-100.515657,84,94.263244
-107.373786,80,94.416645
-92.256109,76,94.566747
-114.704066,85,94.73119
-119.608465,81,94.887198
-113.565638,104,95.370664
-25.409491,112,95.585714
-97.160168,121,95.816955
-153.815115,153,96.107573
-83.965629,80,96.551155
-143.868913,89,96.726502
-85.809098,112,96.940962
-112.885234,115,97.160239
-109.349324,124,97.396057
-59.566022,183,98.030328
-82.909817,94,98.210484
-100.487845,94,98.388688
-123.314235,95,98.569141
-107.70794,137,99.119814
-82.255545,60,99.235686
-98.363325,200,99.620464
-126.319675,113,99.839744
-115.196585,179,100.458774
-94.588058,198,100.839159
-49.176366,334,101.761763
-155.631226,150,102.04687
-137.352659,91,102.221146
-98.983862,141,102.492281
-92.379154,133,103.031565
-108.702211,111,103.24414
-39.475684,114,103.464543
-76.992345,157,103.763631
31.407907,95,104.226007
-92.715815,84,104.386478
-112.541728,84,104.547981
-89.416613,161,104.858212
-105.12168,84,105.020132
-89.097131,115,105.521881
-83.648355,142,105.792851
75.257454,224,106.225027
-136.493863,150,106.795855
-93.501965,88,106.965189
-124.22527,116,107.185859
-90.4449,138,107.451204
-144.434172,134,107.987683
-73.685327,142,108.262307
-77.188522,104,108.460744
-83.288448,192,108.825437
51.265625,101,109.294824
-107.532797,182,109.648626
-119.485442,107,109.852529
-84.739268,95,110.033772
-54.936375,137,110.608986
-138.845813,164,110.924953
-76.132362,120,111.154782
-98.877928,68,111.28552
-133.674065,116,111.822249
-134.913772,207,112.220178
-113.023596,141,112.48831
-101.14628,89,112.663557
-73.382341,141,113.23426
-128.568447,89,113.405095
-61.911846,125,113.644325
-13.777225,300,114.525598
-89.699773,147,114.80452
-112.911106,146,115.080232
-118.9661,112,115.599704
-131.681384,128,115.846788
-74.741467,102,116.039328
-122.966223,96,116.222358
-126.772729,99,116.416456
-95.730077,154,116.992205
82.038806,128,117.237354
-106.462324,84,117.39804
-32.818359,77,117.544641
-80.968239,95,117.730982
-107.847067,98,118.216811
-68.721676,149,118.502193
-131.40132,104,118.701385
-123.604518,83,118.861154
5.050945,125,119.401743
-47.807578,118,119.625264
-130.675933,132,119.879315
-107.817847,97,120.063837
42.519288,121,120.296469
-89.311333,268,121.083721
-107.335999,126,121.329272
-104.262298,137,121.591289
-94.177027,129,122.122175
-89.847125,105,122.32415
-100.703355,82,122.482795
-115.344494,114,122.705803
-33.273429,126,123.222855
-131.86394,133,123.478404
-50.758842,170,123.803841
19.422721,124,124.042369
-23.408581,322,124.955481
-101.858639,91,125.128209
-106.989126,197,125.786704
66.679044,151,126.074494
-0.986641,236,126.527628
-21.33404,175,127.150439
-124.003323,129,127.395986
-113.090651,128,127.643111
-120.869144,136,127.904498
-110.30401,121,128.414104
-110.27079,91,128.58767
74.596909,177,128.928276
-55.893964,107,129.134605
-112.154496,82,129.577552
-121.06121,112,129.790126
-92.237346,136,130.052173
-135.771181,133,130.305504
62.056993,138,130.849848
-74.64304,75,130.992435
-112.671352,122,131.22836
-76.284486,101,139.530802
-109.24068,72,139.673105
-126.704087,107,140.177493
-152.555082,112,140.392369
-72.433542,92,140.575032
-172.315739,195,140.946481
-107.184571,124,141.480924
-89.153416,126,141.728044
-136.534937,93,141.904521
-126.569866,120,142.134332
56.729745,122,142.368967
-80.969563,94,142.851377
-57.695592,128,143.096941
-105.817282,143,143.373863
-124.892017,114,143.590199
-105.572996,104,144.092373
-89.084391,106,144.293076
-90.515117,85,144.456555
-48.572086,168,144.777657
28.886851,181,145.42347
-68.62846,170,145.758109
-114.35489,107,145.96449
-91.24177,69,146.102671
74.865634,233,146.853837
-97.808614,162,147.16098
-99.901737,78,147.310504
-154.16709,152,147.905637
-120.395265,107,148.110187
25.74856,226,148.541012
-71.440233,198,149.206949
-100.625974,155,149.501675
71.742108,168,149.826221
66.696942,161,150.410262
-130.988869,129,150.668402
-68.866044,144,150.94495
-83.831671,102,151.141424
-115.48186,186,151.791619
-18.307319,184,152.146551
-83.438217,103,152.344231
-110.013177,136,152.602226
-76.623712,70,153.011739
-96.337481,95,153.193784
-82.969157,98,153.381984
-39.299913,179,153.721897
-81.402712,178,154.341792
108.144035,157,154.643471
-156.296069,175,154.979591
-95.161074,113,155.472751
94.789153,144,155.756902
-122.298918,111,155.968291
12.380693,172,156.302351
-92.443515,104,156.785703
-122.753585,129,157.035061
-113.928935,104,157.236598
-103.426771,107,157.442876
-95.563713,81,157.596668
-92.794639,214,158.307746
49.153036,130,158.554418
-80.109847,67,158.683037
-7.770452,165,158.998583
33.473638,107,159.506132
-46.346987,178,159.846298
-170.134258,155,160.141099
-135.734767,117,160.677966
-80.297883,80,160.828043
-106.125058,119,161.056226
-120.999457,182,161.40538
-117.451868,136,161.970379
-95.311011,120,162.199791
-97.772009,100,162.393563
64.51215,99,162.583151
-144.672418,110,162.789882
-129.242225,139,163.354103
-82.580014,156,163.649853
-78.661159,215,164.060658
-76.063404,125,164.606805
73.443202,123,164.841428
-90.71377,119,165.066094
-64.088567,130,165.313925
-120.363245,173,165.956443
-100.447281,120,166.185
-88.324041,115,166.403662
-134.919361,205,167.105269
-105.083823,82,167.264041
-118.987696,107,167.469563
-108.54766,133,167.724025
-143.127098,127,167.965044
-71.793744,95,168.448174
3.881681,234,168.889523
-100.171336,214,169.577525
-157.048476,227,170.005271
-128.473803,119,170.234123
-97.797493,96,170.415813
-74.83075,146,170.974192
-119.171421,121,171.202809
-116.448932,138,171.467807
-51.978264,194,172.121655
-136.628981,227,172.556686
57.856024,134,172.812879
-31.764287,277,173.623245
-111.495729,86,173.790349
13.897529,182,174.135838
-64.680734,211,174.811013
-92.027764,139,175.077736
-97.611077,94,175.256121
-93.238388,143,175.529132
66.624798,160,176.120259
-99.50054,122,176.35367
-121.664548,91,176.527513
-112.433747,125,176.77537
64.35616,119,177.27891
-63.805893,132,177.530502
-99.94137,116,177.751965
-147.500744,127,177.992531
26.391493,205,178.660679
-81.018296,87,178.825479
-92.173038,185,179.177923
-63.79428,290,180.012988
64.995922,219,180.432952
98.322788,164,181.029306
-64.234031,96,181.211212
-129.73367,100,181.403053
-79.462259,126,181.648072
-193.583179,233,182.372664
-100.198641,189,182.734027
-91.87961,101,182.927854
-74.121302,259,183.7054
-73.844156,85,183.867703
127.176427,159,184.176779
-93.202084,174,184.795268
71.21178,137,185.057697
65.933961,151,185.3455
-115.896117,120,185.584172
-96.292589,168,186.183677
-94.528469,110,186.395355
-92.234897,147,186.683452
-96.373973,100,186.871709
46.612732,204,187.540251
-100.347476,148,187.821073
89.560096,168,188.146399
73.565468,182,188.77027
-58.458696,160,189.071501
48.617311,132,189.322331
-99.061477,118,189.827977
59.524604,124,190.065788
-122.782658,91,190.240482
-61.823995,118,190.467076
-121.648707,114,190.691934
64.278924,112,191.183968
-123.949014,237,191.642523
58.467716,215,192.335289
32.113001,158,192.637138
24.269439,135,192.893312
48.491017,196,193.542952
-95.750503,136,193.800327
-100.102615,149,194.08107
101.939072,154,194.375351
-67.507857,201,195.035009
-75.153509,193,195.405848
-106.65054,86,195.576406
-143.581284,263,196.357029
-44.507658,110,196.571298
-70.635206,99,196.764246
-86.362663,155,197.333844
-60.109483,337,197.980521
79.448281,204,198.649601
-91.705614,109,198.858754
57.45507,231,199.298588
-93.593244,171,199.900004
-50.128513,228,200.335545
-130.738913,145,200.623127
56.987626,107,201.103786
54.119959,106,201.307075
59.44769,105,201.50898
80.936053,277,202.31967
15.399592,186,202.676659
60.665625,154,202.968894
-58.892806,127,203.2107
-108.807046,190,203.858657
-42.059871,120,204.088399
61.468393,92,204.263075
-158.302559,134,204.518422
-94.957439,347,205.464804
51.302032,128,205.724512
55.772843,212,206.416504
63.289848,206,206.821155
-183.422342,360,207.785733
19.310633,91,207.960083
63.872896,175,208.298283
83.521929,198,208.954141
11.709639,342,209.606286
28.657974,235,210.331216
50.263799,89,210.499312
-42.017242,318,211.389953
-100.551975,157,211.696417
61.854076,149,211.977206
72.026177,114,212.473435
-27.559166,108,212.6779
91.911076,153,212.968569
90.391416,240,213.702716
76.179254,132,213.95363
43.961145,79,214.104553
50.64778,115,214.321914
39.229147,93,214.50282
69.320669,114,215.008409
-48.905772,181,215.354766
-70.090034,70,215.489124
-42.216814,145,215.773822
39.088825,92,216.232461
57.02698,173,216.565979
115.626338,194,216.939048
54.19279,103,217.135544
23.367071,157,217.716197
63.935251,115,217.934485
-26.914692,198,218.315378
54.158665,99,218.78265
149.132981,319,219.389637
-41.94651,188,220.052757
88.561303,185,220.408217
77.018814,156,220.717128
67.241724,157,221.337597
-73.639838,52,221.436964
34.227878,259,221.936862
82.153835,129,222.183884
82.625699,121,222.714887
-65.775555,112,222.927655
73.415801,123,223.163623
-0.300551,179,223.505394
65.325336,182,224.143763
10.426626,149,224.429012
64.407169,209,224.825004
68.034306,142,225.375328
32.082342,137,225.643545
69.496157,204,226.034843
85.614598,131,226.567645
-107.223775,174,226.898818
9.410739,102,227.094482
80.295518,104,227.294838
-84.36142,83,227.73454
49.251203,118,227.956301
36.975729,144,228.232321
-152.619908,233,228.960515
74.132523,133,229.213465
75.966299,131,229.463855
87.879941,126,229.702314
76.922481,168,230.300303
81.384526,129,230.552258
-91.889432,218,230.973318
91.923803,272,231.771555
-0.760181,171,232.101196
71.159467,102,232.296302
17.29034,108,232.806621
-112.735425,94,232.984179
57.387235,120,233.212467
78.524437,137,233.473471
56.297438,227,234.223273
-1.38737,186,234.580062
64.740991,145,234.854474
33.14016,118,235.366007
66.531629,203,235.764696
38.720744,81,235.917079
25.877013,185,236.551092
43.655056,201,236.938499
63.716886,106,237.138032
90.841132,134,237.393495
70.170981,123,237.928514
73.406024,124,238.165831
67.038331,116,238.387135
-98.667374,92,238.562151
58.164347,94,238.740641
56.93682,94,239.227951
67.832112,106,239.429952
-89.127433,202,239.815251
65.902963,128,240.359938
10.958323,127,240.609088
62.205271,84,240.770833
65.109052,107,240.974972
67.041597,127,241.217951
53.434875,92,241.676368
36.880185,68,241.805733
68.049073,126,242.046805
-94.541641,222,242.474356
54.373099,109,242.957474
48.312846,184,243.310234
73.908184,127,243.551496
51.481234,118,243.777266
67.814243,107,244.264425
7.615174,113,244.481021
130.588457,196,244.857496
84.113202,118,245.085532
87.010049,117,245.617548
-72.885074,114,245.833194
50.119905,77,245.977376
52.823361,83,246.13674
53.403029,124,246.375689
49.973734,82,246.83653
59.381826,85,246.999836
20.690163,129,247.2447
101.278281,135,247.502076
-100.34368,95,247.682693
71.238401,102,248.183768
33.238211,98,248.370097
42.949601,107,248.574644
92.341157,130,248.820535
-23.369543,171,249.450129
72.326852,110,249.664788
-38.396746,124,249.900895
88.11236,118,250.124946
58.28216,143,250.712561
52.215101,78,250.862407
52.551769,96,251.045897
-80.975904,179,251.389691
78.189154,140,251.956324
62.067861,106,252.159271
18.639653,187,252.517057
74.345548,104,252.713979
78.92289,115,253.239054
70.411655,130,253.48526
-73.937892,142,253.755686
53.765383,135,254.013333
38.281519,88,254.480527
71.151422,130,254.7276
48.660777,123,254.959625
58.058274,103,255.155607
44.708382,73,255.294188
101.433938,139,255.878075
94.464472,151,256.168422
61.532515,92,256.343832
82.026259,141,256.616745
72.519048,121,257.148545
80.993292,136,257.40715
40.205089,73,257.545393
85.084389,123,257.783338
67.257531,107,258.292164
71.405268,108,258.497962
59.113817,154,258.794279
59.917973,125,259.032239
75.475614,115,259.556854
51.261878,81,259.712332
62.498454,152,260.000038
10.145479,260,260.4966
56.352095,93,260.989903
62.244711,110,261.198865
82.97904,162,261.508946
63.952152,104,261.712764
-70.354242,101,262.206651
60.451005,88,262.377455
59.734505,103,262.57636
67.876035,103,262.772488
-42.171092,173,263.101927
34.562047,108,263.610177
107.622906,154,264.440578
0.745845,165,264.753373
55.945666,85,264.916709
50.625786,120,265.447619
17.147632,113,265.672963
51.958403,73,265.813638
61.911242,88,265.984895
63.315512,94,266.16596
86.132509,112,266.688373
62.563808,98,266.87544
14.01434,170,267.202527
65.538349,131,267.457427
25.548426,128,268.000964
26.490064,95,268.190725
51.249653,101,268.380934
68.1023,97,268.566617
60.002109,86,268.732638
82.849045,116,269.25596
54.56124,92,269.432887
98.980231,155,269.729978
-8.707109,91,269.905127
38.25735,101,270.400961
45.264636,88,270.575286
69.328875,128,270.822801
37.183578,76,270.973451
75.795315,120,271.200063
59.542874,84,271.357696
52.713286,124,271.903039
50.568853,131,272.160629
29.33546,171,272.487205
53.309563,98,272.973091
74.52199,106,273.173319
43.166948,111,273.385808
24.970304,93,273.563266
59.766502,97,273.749444
58.140813,100,274.244501
29.184635,90,274.418038
86.982687,129,274.660994
57.726556,80,274.811537
81.628339,146,275.096581
69.156353,126,275.658319
70.204139,131,275.905112
59.537611,88,276.076949
8.757973,99,276.268694
17.676099,113,276.488234
79.131242,122,277.024111
64.616899,110,277.23276
60.289903,120,277.462478
-88.695802,61,277.578875
55.030234,92,277.752493
85.590177,123,278.290599
57.547084,85,278.451853
75.968973,108,278.659515
40.087677,82,278.813858
72.960955,96,278.998138
59.765603,99,279.487209
58.507066,94,279.667905
45.809927,100,279.857303
79.012395,114,280.071908
68.575831,98,280.26167
43.891612,88,280.746161
-11.468874,86,280.910298
87.972205,157,281.208783
67.165756,89,281.379854
72.887515,90,281.554074
-0.650491,122,282.091611
42.348684,66,282.216068
72.171805,98,282.404091
67.045515,105,282.603212
46.643617,73,282.741157
66.625634,137,283.304174
39.546053,77,283.450829
57.737837,105,283.653765
32.083374,86,283.816675
76.25183,108,284.022984
81.995775,108,284.532756
40.123704,69,284.66373
24.067877,104,284.861294
70.623932,108,285.070779
42.109551,70,285.203766
97.047215,155,285.823648
54.858205,83,285.980105
63.855752,95,286.162435
90.36443,118,286.390517
64.393721,107,286.601487
75.862246,115,287.099504
37.23964,99,287.290619
69.704256,97,287.475304
54.826274,70,287.609465
45.826368,71,287.743679
59.153147,93,287.921479
-99.963501,79,288.350953
46.629831,70,288.4845
62.582828,101,288.675444
56.751884,133,288.931716
44.85603,92,289.107748
39.37525,74,289.249445
29.675094,92,289.706446
47.365729,80,289.858854
38.435807,65,289.98273
60.857333,112,290.195299
59.077629,79,290.348208
41.044884,168,290.969445
56.462163,93,291.146792
63.615392,109,291.354037
46.573836,100,291.544581
0.086417,124,291.788377
65.793707,99,292.257141
41.757922,75,292.400218
70.6607,134,292.658415
7.203556,105,292.861097
61.870272,85,293.022736
54.334608,90,293.472473
42.411518,84,293.632655
70.374708,138,293.896063
-73.604795,141,294.162148
89.492076,137,294.707005
107.001057,160,295.013023
73.694023,115,295.231377
57.919122,124,295.46743
64.150279,129,296.00142
74.951721,135,296.264057
37.608011,64,296.387581
49.766752,75,296.531376
36.168046,97,296.725761
33.691811,71,296.860904
88.369149,127,297.380863
29.488105,81,297.537047
55.933505,84,297.696486
51.018622,77,297.843092
81.511561,124,298.085036
79.932606,111,298.575426
69.645346,95,298.758565
65.612943,105,298.958462
69.488161,105,299.160673
55.97635,104,299.362182
50.428253,78,299.794455
66.284956,90,299.966717
65.805628,87,300.134411
72.508762,97,300.321327
48.383632,71,300.455866
77.101276,110,300.67482
67.290003,90,301.157643
101.158479,164,301.473947
44.287728,69,301.612737
68.612504,98,301.799407
84.464013,115,302.32913
52.964316,84,302.486629
55.979618,91,302.661609
-20.138372,105,302.865943
50.463341,85,303.028252
33.596962,98,303.215657
44.053861,79,303.669575
45.291138,69,303.801333
18.474085,98,303.989043
71.262099,109,304.196305
46.584599,80,304.349765
73.427964,146,304.933222
43.902342,129,305.180765
57.881507,82,305.339493
53.218987,90,305.511102
50.232286,88,305.688564
58.008423,83,305.850565
56.353531,85,306.313658
50.845682,105,306.516291
46.91544,78,306.673735
59.25558,89,306.844297
51.629319,87,307.012688
40.267152,75,307.15483
50.691118,85,307.618975
58.321303,91,307.796595
70.412678,96,307.979557
71.231931,119,308.207682
70.141457,171,308.836331
43.906779,112,309.049672
54.666043,87,309.217039
87.887443,116,309.438026
55.039513,112,309.654539
64.545894,113,310.148986
42.837639,81,310.305493
66.935166,104,310.506187
58.1912,89,310.684415
40.683223,65,310.811399
99.4667,169,311.413272
30.523159,90,311.591481
61.451714,102,311.787705
68.810334,100,311.979331
57.400663,84,312.141737
52.813905,76,312.562731
71.813398,97,312.751601
76.214925,111,312.965646
61.221134,90,313.137599
66.630499,90,313.312026
47.36128,77,313.459579
40.350353,71,313.86978
41.190571,78,314.019217
47.31096,72,314.15906
37.485003,76,314.303298
59.945287,88,314.470418
48.172927,84,314.630956
39.586405,66,314.760205
67.434899,92,315.210476
54.319018,82,315.366391
62.668445,113,315.591929
59.203737,92,315.76982
81.134124,151,316.057667
-67.196883,155,316.644158
39.050664,80,316.796221
60.656234,95,316.977439
50.159903,90,317.149651
85.108196,116,317.644774
65.95129,90,317.817183
63.902759,87,317.982547
41.183999,119,318.213786
64.56953,87,318.381623
49.227762,81,318.537266
74.316677,116,319.070393
54.587834,116,319.293015
64.952989,131,319.54317
59.016481,88,319.711207
63.161242,99,320.175286
63.127669,89,320.347316
49.961079,75,320.491563
56.314565,93,320.675265
65.472281,92,320.851908
69.481912,102,321.045773
50.020454,82,321.480579
86.274827,138,321.753009
66.290266,98,321.94083
52.807537,88,322.111923
32.298148,73,322.254148
72.146466,102,322.731963
81.668252,109,322.943876
65.34816,85,323.10451
44.760567,88,323.272567
57.680816,89,323.446311
67.625453,101,323.636914
63.747473,105,324.140769
96.298775,120,324.370604
49.196148,74,324.510825
66.062439,101,324.704268
52.05805,84,324.866137
48.72729,75,325.327167
61.01969,91,325.516678
76.04272,154,325.819304
51.996542,80,325.97573
8.387153,94,326.15983
55.854621,91,326.61879
88.050774,126,326.857663
56.961278,101,327.048831
-11.120733,136,327.310028
48.213115,79,327.461595
77.623205,112,327.952811
68.484041,104,328.152638
67.544331,92,328.327794
63.826047,90,328.4987
50.260133,80,328.652001
62.162048,103,329.128822
51.563173,85,329.294052
58.25053,115,329.516395
69.800435,101,329.711607
-90.318939,91,329.884408
69.13412,109,330.36792
99.356435,182,330.72524
27.772558,92,330.89978
42.129248,94,331.079332
41.861295,73,331.220663
54.292308,96,331.687852
46.448475,75,331.830501
41.192567,78,331.978272
59.758878,103,332.176541
51.03965,77,332.321096
62.763076,130,332.583722
53.132644,102,333.066111
54.508571,90,333.23827
79.125441,136,333.49878
50.317729,84,333.659131
36.178604,76,333.80643
69.115499,97,334.26871
76.574453,121,334.500365
58.941472,98,334.68646
62.584814,96,334.869811
48.351259,97,335.059969
53.698514,87,335.519382
62.075885,106,335.730724
47.50526,73,335.869154
51.872576,101,336.065378
67.108535,102,336.261122
68.90535,126,336.791397
46.369643,70,336.9281
92.73121,144,337.202672
38.519905,68,337.332634
24.692769,87,337.499985
78.152587,206,338.169434
81.981089,114,338.387655
78.590243,105,338.58725
69.256133,91,338.762926
53.405568,76,338.907837
67.571793,94,339.388327
61.51991,87,339.554775
92.758562,140,339.820397
64.952952,105,340.022677
62.585941,106,340.519573
47.841951,69,340.664012
43.976498,141,340.935467
57.708046,124,341.174662
72.174078,121,341.406118
94.607363,132,341.937871
56.871334,94,342.117693
45.985306,83,342.276659
68.850106,106,342.479395
69.704163,93,342.656604
73.718634,121,343.164313
70.861588,98,343.351167
45.167648,72,343.490724
61.123694,94,343.671423
56.260502,84,343.829355
39.490334,66,343.955853
71.140594,113,344.450999
116.508948,173,344.781256
59.619706,93,344.958151
65.972017,105,345.158403
45.186042,69,345.574676
35.234901,101,345.773525
49.076006,78,345.921833
47.073506,67,346.049208
69.036932,98,346.239321
81.54403,134,346.495267
44.493512,79,346.922937
67.366982,107,347.128531
35.317972,105,347.332736
53.293329,84,347.492887
41.317723,71,347.627887
62.50722,86,347.792234
53.917949,82,348.226785
53.967603,86,348.395631
53.31753,119,348.623312
73.885215,116,348.845943
57.217442,80,349.000975
65.289795,102,349.476995
65.520843,86,349.641588
90.856127,135,349.898645
85.320567,117,350.12362
51.583515,80,350.275186
87.594855,125,350.794909
59.378737,84,350.953863
61.052258,90,351.124229
47.544415,137,351.387769
44.291123,143,351.953831
49.269123,77,352.101124
39.74186,64,352.223738
45.591084,67,352.353303
77.133329,115,352.572192
66.830901,95,352.751561
61.513792,88,353.197648
71.762448,103,353.392529
39.124257,80,353.543704
62.769559,105,353.744314
72.521361,100,353.936021
67.6092,87,354.102309
64.971317,99,354.572174
57.895005,88,354.737832
44.023317,119,354.966004
64.770922,120,355.191562
54.557141,86,355.357299
42.613303,66,355.76589
59.710674,91,355.941206
56.261027,84,356.104526
50.188285,84,356.263512
80.861744,123,356.504369
50.56073,75,356.929671
35.743949,76,357.075757
60.111995,107,357.277654
-1.620968,89,357.450177
41.690598,72,357.586733
117.734573,145,357.86416
50.14584,90,358.310636
62.397018,84,358.470864
56.110985,84,358.631706
74.00607,117,358.854563
67.587095,110,359.064899
77.946886,104,359.583991
62.001499,89,359.75494
64.471798,107,359.959089
67.169675,102,360.153225
62.292892,103,360.351101
48.891058,82,360.803888
70.527259,98,360.993603
48.169672,78,361.141043
52.961624,74,361.282039
57.101762,89,361.450481
50.657382,71,361.590752
52.078424,88,362.037943
60.381322,88,362.209054
54.831776,95,362.389439
65.770503,117,362.611852
64.960914,106,362.813082
43.803527,69,362.943447
72.474852,103,363.442745
54.549348,82,363.598614
52.466541,87,363.765563
58.371898,113,363.98014
54.598076,89,364.149059
79.892275,95,364.643364
58.131101,81,364.797913
54.097472,89,364.966244
63.222534,92,365.146709
80.899724,110,365.357327
80.99991,104,365.864724
54.237067,86,366.030578
59.629244,112,366.246367
46.301254,78,366.393811
79.9183,133,366.653526
60.651524,83,366.810555
45.20563,87,367.278818
50.915146,101,367.470509
65.906479,96,367.654299
49.583074,84,367.811961
71.28285,161,368.121822
39.057942,105,368.623982
53.117555,84,368.786977
87.391719,138,369.0511
64.590245,108,369.2578
61.605821,117,369.766864
58.900622,95,369.947712
78.721766,109,370.155054
65.512696,92,370.332374
76.760058,129,370.584796
-29.030086,127,371.135651
90.182268,136,371.400146
47.569579,80,371.553075
56.427695,85,371.719898
73.617571,114,371.937104
64.763045,86,372.40728
67.261334,97,372.590535
63.077097,98,372.778799
58.658309,99,372.967324
58.837843,120,373.193575
45.819182,82,373.653116
64.435338,100,373.843848
59.614627,86,374.007555
52.712069,119,374.234891
80.452402,110,374.449062
53.764932,98,374.936917
71.806123,100,375.133065
58.556545,84,375.294176
76.742033,102,375.48942
56.262982,101,375.693596
46.214231,92,376.171864
48.986253,76,376.320895
59.762027,94,376.503892
59.463663,87,376.675932
52.036235,101,376.868787
37.1656,64,376.989647
62.597144,92,377.465909
60.15195,93,377.640867
43.868994,77,377.789281
18.500304,76,377.934702
60.212273,92,378.109766
52.135504,117,378.336556
71.006286,95,378.818568
45.874675,99,379.00813
70.857458,105,379.205902
-60.836505,121,379.436108
64.426654,90,379.607398
73.845126,105,380.090245
52.042733,96,380.275274
56.409192,84,380.436972
75.736243,111,380.657521
44.556728,78,380.806532
50.229736,106,381.286621
86.518974,107,381.490611
58.892705,78,381.646559
84.09921,130,381.89542
51.849653,77,382.041039
63.782193,120,382.580569
57.383255,89,382.750425
57.054984,82,382.907918
77.062317,163,383.219551
61.849979,90,383.394091
59.905296,83,383.833273
68.809111,95,384.015784
61.050508,95,384.197549
51.808499,98,384.388317
85.874561,111,384.600181
63.669518,95,385.096709
26.535565,128,385.342101
51.868212,73,385.481549
55.63864,96,385.677433
35.310999,71,385.81455
70.939811,123,386.046209
65.866502,111,386.537859
-70.972667,101,386.734522
69.530055,102,386.927527
70.652918,88,387.094918
40.586022,76,387.239901
41.438091,74,387.6576
58.508094,81,387.810544
83.206448,127,388.051762
66.702004,116,388.278706
40.072608,117,388.501125
51.497554,88,389.526736
80.658499,107,389.731877
54.845936,94,389.911879
49.042816,80,390.06349
66.696845,130,390.312338
28.367563,76,390.745562
58.812695,90,390.919277
65.375023,107,391.126756
58.563284,86,391.290713
56.580313,112,391.50581
-85.513455,90,391.683183
52.2177,134,392.220435
57.797428,84,392.38118
49.367399,77,392.540909
33.665238,95,392.729318
71.187927,108,392.935366
91.787243,111,393.426477
63.838366,91,393.600106
48.554167,72,393.739553
49.228773,81,393.895381
59.868656,89,394.068362
76.248842,104,394.547577
55.431303,87,394.714547
54.578944,81,394.869656
47.284615,80,395.024692
51.909192,102,395.228407
62.454092,95,395.413234
17.119752,115,395.91272
54.199851,73,396.053726
51.572051,82,396.214849
49.74013,73,396.354751
66.210119,89,396.525976
45.962812,77,396.683033
55.229067,83,397.126841
41.911985,74,397.268066
41.702874,92,397.445519
46.159222,93,397.624903
56.186365,89,397.794867
67.462976,105,397.99636
52.717799,80,398.427359
57.67238,85,398.594413
54.479319,106,398.799706
53.173365,87,398.965303
59.682945,96,399.150896
54.988666,88,399.318907
45.765513,81,399.750578
78.671247,130,399.998043
83.466415,121,400.22765
80.287342,121,400.461017
71.24124,94,400.940037
39.472253,62,401.058556
71.82121,97,401.243415
41.324026,73,401.381497
63.464127,83,401.541202
47.781695,69,401.681714
61.818706,88,401.850466
68.375968,105,402.350847
65.850698,106,402.558546
71.296306,100,402.749006
66.174778,107,402.953376
85.462308,115,403.449821
45.196277,89,403.620626
65.087379,97,403.804886
54.080749,80,403.956908
74.395022,105,404.156936
45.177582,81,404.312249
50.171558,74,404.732392
48.531678,76,404.880929
50.191878,76,405.025907
39.46825,77,405.174468
44.851646,121,405.404791
72.538396,94,405.59194
66.614654,91,406.068214
56.063161,84,406.229108
64.71986,88,406.39901
55.454686,81,406.553212
83.991002,110,406.76758
76.035944,93,406.946209
32.911946,90,407.421979
47.269085,69,407.553744
81.39141,108,407.761593
52.848529,84,407.919411
62.953593,89,408.090063
54.922661,87,408.53656
108.691453,151,408.825327
41.725956,91,408.996931
78.823108,113,409.212563
59.444168,98,409.400118
70.477398,97,409.86427
47.031324,85,410.025455
77.078521,118,410.251467
85.736559,162,410.569445
80.041804,101,411.045928
68.394629,99,411.232671
56.836062,83,411.392328
64.978614,92,411.569837
56.384335,87,411.739156
56.726489,100,411.930894
-42.998857,95,412.413366
52.486135,97,412.598935
54.557811,80,412.752063
58.342272,94,412.931549
39.814744,83,413.089032
67.462497,118,413.59375
66.913746,98,413.780193
69.512563,97,413.968225
74.054035,94,414.145907
65.1624,94,414.325903
66.111658,112,414.540173
81.460983,140,415.084646
52.058021,100,415.277841
48.219174,83,415.437933
41.224863,81,415.606954
77.071319,123,416.119857
66.316369,106,416.323864
45.083926,74,416.466611
61.391747,89,416.644247
57.446044,89,416.811932
73.435802,109,417.019821
60.680712,100,417.489172
71.738314,91,417.663039
63.042267,89,417.832086
64.60714,148,418.11695
54.439002,87,418.283269
53.516235,78,418.709084
56.250942,86,418.873093
52.260224,100,419.062258
38.245422,78,419.215588
38.706807,62,419.335409
11.987106,125,419.575903
67.968179,102,420.050266
50.346767,81,420.203432
51.78896,96,420.386055
67.245976,127,420.640803
58.537244,91,420.815081
71.425575,100,421.286134
52.149064,78,421.436184
55.996901,82,421.5987
54.394548,94,421.780322
77.380315,123,422.016692
39.06055,98,422.48346
71.584064,113,422.701356
78.656035,108,422.905994
62.042208,94,423.084658
67.685445,111,423.298676
41.747557,85,423.738933
57.675311,104,423.939333
35.366522,77,424.086561
67.65184,99,424.27521
79.087566,101,424.471081
70.42618,104,424.671052
41.581158,85,425.132412
65.621533,97,425.3225
64.243628,96,425.506732
55.36689,140,425.782602
60.024631,84,425.942159
71.279179,111,426.456795
71.603836,97,426.646978
83.645071,106,426.850601
66.531272,96,427.033944
59.91689,86,427.195968
40.483222,76,427.649096
56.76043,83,427.808616
42.124907,101,428.000208
67.186583,94,428.179642
60.414461,93,428.359114
20.678937,125,428.899262
78.383197,106,429.099937
98.453003,128,429.346032
-20.101389,141,429.616051
-109.827789,111,430.132215
93.928061,129,430.380089
42.585843,89,430.554035
64.501082,94,430.73726
68.528583,157,431.038697
65.104524,90,431.520818
56.790025,111,431.738884
63.086713,93,431.915562
55.254027,82,432.072283
62.38546,88,432.241986
63.217498,119,432.778381
64.357765,110,432.988396
60.220481,95,433.168216
56.978566,85,433.330191
42.636701,82,433.485212
74.037609,120,434.011644
90.110166,119,434.238003
60.095933,86,434.403611
59.728945,83,434.564573
76.074261,99,434.752801
83.685973,109,434.96105
56.338605,95,435.453872
73.750486,100,435.653201
63.152289,85,435.815779
63.697659,89,435.984634
33.332461,98,436.173663
61.711345,91,436.659974
70.478069,179,437.000332
69.571069,103,437.198526
102.180449,135,437.458337
63.367832,87,437.927042
69.678812,92,438.102472
55.03742,81,438.257563
63.398804,103,438.457302
52.082839,82,438.614625
51.893404,75,438.757075
54.411294,82,439.219521
55.85093,107,439.425947
51.993967,76,439.571483
81.472272,104,439.770473
52.755022,106,439.973735
73.217298,91,440.452828
76.373942,105,440.66357
44.851261,86,440.82795
57.653037,103,441.02464
39.85614,76,441.170461
40.581251,79,441.322664
52.607588,80,441.783617
70.921038,97,441.969005
48.340232,84,442.131237
36.192675,66,442.257206
59.11338,110,442.46654
66.670294,108,442.671925
36.044086,66,443.099544
74.164349,101,443.292148
74.345375,101,443.486108
9.127756,124,443.725359
56.266048,122,443.958781
55.814425,106,444.468754
51.522783,99,444.659186
61.142715,90,444.8301
64.225102,86,444.994403
49.709935,79,445.143855
45.149792,70,445.588013
47.271215,76,445.736246
42.136063,71,445.871267
58.858711,82,446.025995
52.142679,115,446.246422
53.952922,82,446.405504
63.430904,97,446.901154
40.418127,162,447.209745
59.813852,103,447.408972
42.172177,70,447.540756
48.632274,73,447.683795
43.018656,72,447.824918
75.689878,165,448.432063
71.156816,97,448.617438
60.246307,95,448.797112
47.518486,72,448.934391
50.609451,88,449.103472
62.511452,92,449.588433
62.479214,89,449.760769
78.007357,151,450.049335
76.672989,110,450.256445
69.294786,105,450.772156
44.42889,86,450.935964
63.636461,108,451.14191
39.29887,64,451.26495
34.9539,72,451.404775
53.912156,80,451.556494
49.043076,81,451.716751
70.629721,89,452.189449
54.457105,78,452.338943
51.555102,73,452.479758
55.6712,118,452.706861
65.727562,114,452.923984
65.405439,89,453.400266
84.483229,114,453.617696
72.86063,121,453.8472
69.592119,105,454.048274
63.064638,109,454.254982
100.505251,129,454.80625
41.504738,72,454.945896
58.716116,98,455.134218
89.231908,116,455.360068
66.455201,113,455.8908
69.950599,111,456.105069
69.18664,96,456.290321
71.078801,100,456.485284
44.360222,113,456.708667
42.015658,72,456.84699
63.439544,90,457.320699
86.204207,114,457.541218
54.979012,82,457.69698
49.27632,93,457.874333
75.476356,105,458.073991
78.422831,109,458.585575
77.050338,104,458.78301
68.753725,106,458.98405
64.006902,95,459.170096
74.93977,122,459.402909
49.99582,77,459.856281
63.186285,105,460.059172
57.895763,101,460.254685
57.129004,84,460.414481
60.155401,101,460.615475
82.130758,151,461.203618
49.382068,93,461.380222
71.283726,111,461.594503
51.256544,78,461.747513
58.999912,94,461.925102
51.366109,85,462.390381
50.420989,90,462.561555
55.255644,89,462.729891
48.712063,128,462.973838
68.895755,100,463.163946
70.988533,98,463.652311
47.857159,80,463.805152
87.439065,116,464.02439
50.718793,87,464.192298
52.651526,95,464.371674
56.4966,84,464.532593
60.941582,97,465.021874
62.734481,99,465.209
54.185409,95,465.396018
65.532455,126,465.645571
48.738937,75,465.788372
31.556498,73,466.230717
56.90318,81,466.38769
41.91996,79,466.536518
43.384869,68,466.672985
77.163989,103,466.86812
41.63256,75,467.011197
69.195951,105,467.538308
79.299445,100,467.730075
86.810624,112,467.945984
56.073217,84,468.109168
60.001102,87,468.276933
61.735017,94,468.457863
48.552597,78,468.912101
50.482332,79,469.062227
60.911641,116,469.283732
43.406502,84,469.445958
69.391868,99,469.635679
49.27301,79,470.088518
69.780236,102,470.284771
63.655098,113,470.499514
56.114604,102,470.701294
65.201559,98,470.888137
43.61369,76,471.032753
72.815366,108,471.540406
32.545139,113,471.766824
69.861332,108,471.973389
61.600348,101,472.166363
20.12759,108,472.679988
71.523741,136,472.939777
65.203538,129,473.186729
45.323041,87,473.352386
60.548952,97,473.538136
70.257067,102,474.031673
48.057198,82,474.186919
87.190691,137,474.451783
48.359206,89,474.620891
-32.205925,90,474.791067
54.020289,181,475.439824
78.654197,107,475.650206
41.550958,110,475.860962
62.803255,101,476.057185
75.669493,109,476.55353
63.03497,144,476.835783
50.947292,75,476.980369
89.420107,126,477.221213
46.38953,88,477.389079
81.053775,140,477.960145
109.334491,185,478.310796
47.142556,73,478.450554
6.026775,110,478.661644
85.933857,128,479.207625
51.80418,75,479.351675
68.009316,136,479.611984
51.016386,82,479.769419
74.526175,108,479.974856
57.565209,101,480.473105
61.565286,95,480.663267
67.432604,127,480.909187
50.754082,96,481.092443
57.744645,84,481.250832
55.057679,76,481.705591
61.812796,83,481.863602
56.013926,82,482.021052
58.424422,87,482.186969
96.382667,128,482.431648
63.92988,167,483.04794
44.332881,79,483.197998
51.547556,102,483.391706
59.887487,113,483.608159
74.798725,125,483.845458
103.076525,202,484.535897
72.579558,102,484.728364
69.405073,101,484.917844
67.569444,105,485.117448
77.396388,108,485.61623
99.656304,142,485.889426
70.304675,105,486.089865
30.30682,82,486.24523
69.621828,97,486.742105
70.496955,101,486.934532
37.092796,107,487.137582
67.194129,91,487.31185
53.587278,89,487.482982
49.381094,79,487.635717
62.666825,100,488.125616
53.420706,79,488.276542
90.536743,150,488.562901
69.170997,106,488.766578
52.847472,80,488.91909
57.193319,86,489.398777
40.850394,62,489.517446
92.083149,116,489.739206
53.301105,86,489.90364
74.541596,118,490.130002
51.943972,90,490.613638
60.737262,96,490.797031
48.317866,68,490.927896
74.443481,100,491.11803
49.025083,76,491.264153
63.500638,101,491.460054
67.222137,94,491.944078
48.500309,116,492.165733
83.121224,110,492.37719
93.075037,116,492.594841
64.552957,99,492.782191
72.270662,100,493.275244
53.196322,87,493.442338
44.946403,71,493.578451
48.50277,86,493.740843
62.00136,103,493.938745
56.45722,76,494.084327
62.323145,83,494.544256
77.890896,99,494.736552
47.700646,88,494.90485
49.731466,97,495.090124
42.377218,88,495.258508
45.772297,83,495.416648
82.814152,120,495.958761
41.4415,101,496.154991
52.072026,73,496.29564
62.927467,147,496.578139
46.557779,125,497.123881
56.131685,95,497.304576
62.081761,111,497.51713
37.17209,115,497.736773
78.399418,128,497.981392
80.396637,109,498.489182
39.071981,73,498.629642
72.208596,119,498.854635
41.024309,97,499.040843
53.525948,91,499.216352
72.451998,94,499.69804
45.457003,69,499.828955
65.530235,108,500.031172
74.072055,116,500.255481
62.236295,110,500.464175
-38.61086,130,501.022168
71.669539,100,501.212148
57.585113,79,501.362846
42.385271,89,501.534208
53.54012,86,501.707005
66.563372,97,502.201029
-30.536091,112,502.419943
48.493754,145,502.698989
58.325539,87,502.864275
66.507199,100,503.053128
51.413332,102,503.551708
60.803092,83,503.709654
67.455066,105,503.910249
46.220106,89,504.082053
50.823046,109,504.292165
58.594886,86,504.766542
51.946877,107,504.972646
83.721264,115,505.19253
35.694809,166,505.507974
72.069976,104,505.715634
41.102183,89,506.198109
69.817023,108,506.404263
51.882215,105,506.610758
61.01863,98,506.798861
64.338709,97,506.985439
59.831239,94,507.446696
36.842426,62,507.565553
49.468639,109,507.774129
53.931524,122,508.007905
43.093202,71,508.145328
36.588686,81,508.579516
51.754138,99,508.771493
61.002996,88,508.937498
57.386655,100,509.127114
5.278444,113,509.342571
50.219066,83,509.501521
74.801081,215,510.216728
77.10279,104,510.418349
71.76356,98,510.612013
69.570833,102,510.807032
57.82334,90,511.283438
33.031408,71,511.420569
51.040502,80,511.57199
40.709684,69,511.710281
56.445305,83,511.867831
55.290019,89,512.035765
50.345384,77,512.485855
56.851024,83,512.643709
62.722689,90,512.816439
52.06968,100,513.003898
52.217938,127,513.246001
71.038268,103,513.743414
54.656593,78,513.89442
55.477236,83,514.05273
58.777214,91,514.228458
62.439193,84,514.970872
88.719376,108,515.179812
84.398196,117,515.732753
60.951175,94,515.913478
39.672744,65,516.037093
62.756318,94,516.217999
43.09138,89,516.389257
41.297879,80,516.541833
66.131472,90,517.018752
36.225434,69,517.148749
57.438422,81,517.303215
76.259109,102,517.499992
82.80477,111,517.714846
45.376927,83,518.175212
101.490721,144,518.45056
65.671319,89,518.619973
63.315566,96,518.802074
32.335367,138,519.065506
45.454067,101,519.561481
66.015327,103,519.756613
67.528514,99,519.945297
44.75815,68,520.07414
55.958872,83,520.231946
61.795725,129,520.798896
64.40033,117,521.020948
63.223127,91,521.194639
69.847212,96,521.377469
98.990844,140,521.649257
63.929173,127,522.195184
54.437742,96,522.380479
28.31373,120,522.609478
66.824583,93,522.787254
65.654834,90,522.962286
59.388792,131,523.512267
62.334163,88,523.680895
66.357752,100,523.871633
50.935122,74,524.013692
50.247643,80,524.171557
72.316521,99,524.660382
51.785411,79,524.813779
48.152001,77,524.959307
61.038826,94,525.140858
82.395459,114,525.362593
69.554872,96,525.549381
62.645218,88,526.030952
48.065283,97,526.219407
50.119971,90,526.392253
59.378546,98,526.581567
47.654683,95,526.768717
51.322341,109,527.279359
42.077157,67,527.407171
51.630546,69,527.536428
56.291817,82,527.6928
67.487871,95,527.873188
66.402659,95,528.054086
41.174763,76,528.504395
60.08904,116,528.723382
48.127706,72,528.861138
56.436345,81,529.015014
63.215262,85,529.178271
53.75534,93,529.358941
79.767184,123,529.89937
51.919961,81,530.05465
50.281918,75,530.19613
48.681996,87,530.359746
36.533238,104,530.559598
57.862763,83,530.724702
69.891749,94,531.217506
33.06294,73,531.355991
71.546612,95,531.537698
62.570023,99,531.733708
60.288574,91,531.909363
63.532098,119,532.438746
69.167974,95,532.619094
61.383847,87,532.785179
54.1124,73,532.923386
70.369868,106,533.124202
54.878382,76,533.269098
46.199227,89,533.750623
67.31345,93,533.927736
51.881036,90,534.097281
49.112,82,534.253036
45.156769,75,534.396242
10.555018,129,534.944037
59.996545,84,535.103682
57.488632,82,535.258265
61.126344,89,535.428179
63.524739,89,535.603831
53.908501,92,535.777909
56.029632,157,536.356109
62.560269,95,536.537058
41.50174,70,536.677068
50.165547,80,536.833766
58.192684,96,537.018566
81.899739,104,537.495252
48.741355,74,537.638107
71.555483,103,537.83301
46.88282,74,537.974829
59.333788,87,538.144187
46.988298,93,538.322808
78.428948,108,538.829105
69.191743,107,539.03326
63.900157,99,539.222875
34.768275,105,539.426269
49.507808,80,539.580548
47.463974,74,540.031924
77.514723,117,540.257843
73.232118,120,540.488486
77.377466,135,540.75894
46.819431,77,540.904794
60.004464,84,541.365544
64.926818,113,541.585306
61.176843,90,541.762745
65.361672,99,541.951333
76.459666,110,542.160995
37.98744,81,542.622998
53.029643,86,542.784707
58.872766,87,542.950358
45.191107,77,543.095324
76.110141,133,543.349728
67.197178,105,543.551279
71.049363,118,544.089956
61.884955,87,544.256212
42.938693,76,544.400088
68.868858,113,544.613785
59.844588,105,544.814447
53.461093,96,545.297102
78.161258,98,545.488756
68.104709,89,545.667799
52.196713,80,545.822708
56.500521,88,545.991563
86.378832,122,546.531826
86.112872,109,546.745459
-54.655382,80,546.89803
60.48675,87,547.065254
63.718435,93,547.244123
42.097006,78,547.392018
73.768577,120,547.923516
39.935372,68,548.052288
62.269043,89,548.224511
62.355642,88,548.394144
63.315885,110,548.604713
55.301985,79,549.06729
69.258979,91,549.241582
76.782546,112,549.456095
33.617772,73,549.595549
74.084599,120,549.82604
60.856629,115,550.350724
46.057742,87,550.516569
71.806321,96,550.707028
39.657117,85,550.868168
66.208782,102,551.061609
70.696756,121,551.601646
62.212408,91,551.780616
49.344796,78,551.928374
61.306235,93,552.109025
51.064785,97,552.294679
43.090241,101,552.489
79.680933,117,553.014239
34.256495,111,553.228664
36.093221,73,553.37114
83.22783,106,553.575352
58.474221,110,553.785031
80.591541,112,554.303972
53.420658,81,554.458694
68.171829,100,554.649612
52.923641,92,554.824744
65.802403,93,555.001955
74.22664,105,555.508356
63.127797,97,555.700873
45.806012,71,555.837654
59.852489,85,556.001263
42.754898,64,556.125499
38.313309,76,556.272954
59.924885,86,556.438189
30.256605,75,556.890554
65.530602,121,557.123763
78.626994,108,557.33066
55.314025,93,557.512347
65.411637,96,557.694214
67.747478,114,558.215365
54.5667,83,558.373701
62.625928,107,558.576168
60.090024,83,558.733881
68.743982,97,558.919695
84.755618,128,559.469699
47.987314,106,559.674533
92.815656,171,559.999239
53.935324,86,560.162643
68.554403,108,560.683122
72.01323,116,560.906593
56.652695,79,561.058408
70.450091,94,561.235978
55.537568,86,561.401231
57.817096,83,561.560119
60.763153,117,562.096394
71.78165,110,562.305332
68.531933,109,562.51415
-108.833507,93,562.690884
57.723233,87,562.858166
39.280055,79,563.311577
56.154712,99,563.498187
76.932574,96,563.681628
45.071772,77,563.828193
85.166745,111,564.039
100.107202,148,564.62702
44.013745,70,564.76216
46.090102,71,564.897827
42.507862,75,565.041126
43.574762,71,565.177581
59.977929,106,565.38239
56.530117,92,565.903888
39.649177,69,566.034869
86.309033,121,566.266674
55.698822,76,566.411803
56.827767,81,566.567918
69.403213,99,566.763423
66.917282,93,567.244584
41.272432,72,567.383688
62.760185,84,567.544947
60.545576,91,567.718387
76.852624,98,567.906147
54.394751,84,568.065756
68.194295,96,568.553082
55.887353,83,568.710327
63.239604,91,568.8856
45.054101,80,569.037046
47.212123,91,569.212174
83.408524,150,569.810349
58.108887,90,569.980865
69.829901,95,570.161455
55.085924,86,570.326536
50.051101,101,570.519991
41.248524,72,570.970438
50.957104,79,571.122556
45.42638,79,571.275179
52.439013,84,571.435704
67.706835,91,571.614487
60.502268,88,571.784762
40.323765,79,571.936652
57.239083,88,572.411697
77.024756,130,572.657642
46.754443,84,572.817753
64.443637,90,572.989798
49.186207,101,573.181805
56.920803,83,573.64117
100.504946,147,573.920824
57.580834,122,574.154296
59.517102,85,574.318088
72.910964,138,574.893044
54.159468,94,575.074091
70.593852,90,575.245434
46.11413,87,575.409411
-111.48268,106,575.624474
46.176457,112,576.141668
80.46906,100,576.33336
71.561039,97,576.518492
64.694328,90,576.69604
70.569055,100,576.886366
54.53482,87,577.053457
60.0038,110,577.574598
78.141285,101,577.769246
44.864306,107,577.973602
61.929374,90,578.147552
73.082871,93,578.324589
64.934183,94,578.809544
71.700565,92,578.982901
59.865314,82,579.141722
94.585357,124,579.381274
112.20343,152,579.985357
60.543676,157,580.284534
70.674109,101,580.476377
62.961244,86,580.649768
51.502156,77,580.79769
-1.099488,90,581.27827
52.368801,77,581.427548
43.086503,75,581.568641
66.590013,95,581.755888
58.633341,115,581.973513
81.229237,121,582.206668
69.364689,106,582.709765
23.159323,130,582.962276
75.669167,103,583.158448
56.933886,90,583.333849
80.893793,110,583.544862
56.626854,91,584.023829
69.749517,93,584.206718
62.652331,98,584.393925
70.327279,111,584.603689
66.858193,92,584.780576
34.239101,85,585.246726
76.707355,112,585.461853
70.779865,93,585.646572
41.830934,67,585.773783
48.870032,119,586.002474
50.349841,85,586.471004
56.322276,97,586.661336
53.310194,78,586.809416
56.06459,76,586.954285
55.76077,82,587.113797
54.930187,104,587.311117
63.206751,85,587.775705
43.185169,94,587.953383
69.661121,115,588.171556
34.70365,65,588.297259
38.917503,95,588.480415
92.454925,121,588.996145
62.166134,95,589.177707
68.538895,107,589.385401
76.821311,119,589.614081
61.381549,89,589.783006
68.155625,130,590.3084
50.554279,86,590.474355
61.704285,111,590.693688
77.992642,114,590.911441
70.112023,105,591.113884
46.04975,89,591.561126
51.635587,77,591.711894
36.094372,70,591.845121
64.305292,89,592.014754
64.981482,94,592.194417
57.014421,81,592.348872
55.633584,79,592.77542
56.137382,89,592.949452
44.17129,70,593.083601
64.824336,104,593.283461
49.192264,86,593.448787
68.583363,105,593.649047
61.950628,139,594.190538
63.412445,90,594.365666
45.29568,111,594.576336
19.492476,172,594.904699
49.408404,80,595.335941
73.104079,112,595.553099
65.505252,113,595.773642
51.356248,84,595.934802
60.950123,93,596.113533
65.481259,132,596.676417
-38.166344,137,596.938709
58.012813,86,597.101563
51.640857,82,597.258666
49.720735,91,597.433101
50.057515,96,597.922697
62.052542,95,598.102891
56.673301,89,598.271674
90.44836,120,598.498919
48.756625,81,598.657958
43.599926,67,598.784657
60.342748,102,599.281601
55.739243,101,599.472694
37.383043,93,599.650736
76.295887,131,599.898082
39.028901,73,600.035261
60.978638,100,600.505931
88.521831,120,600.743559
66.967257,100,600.940391
55.153435,84,601.100753
44.5172,68,601.234264
53.248483,118,601.772146
67.542872,105,601.972048
87.226112,123,602.208289
66.09096,94,602.38881
47.847645,91,602.56093
84.804731,114,603.081182
61.44792,82,603.238892
42.412704,112,603.451452
46.55534,81,603.605842
73.713729,103,603.802428
51.309944,70,603.935569
56.65857,83,604.396677
71.475604,101,604.591364
63.382494,98,604.778389
64.969403,90,604.950461
-57.202291,111,605.16202
61.195102,89,605.644301
57.153991,82,605.8009
48.718055,97,605.986598
47.294931,71,606.121797
81.198373,143,606.394625
51.220341,79,606.822868
49.826427,80,606.97448
55.611146,85,607.136002
52.814891,84,607.295099
70.868119,89,607.464723
77.508105,110,607.676669
48.211341,72,608.117824
53.571141,85,608.279438
67.197163,108,608.484523
81.369122,101,608.676293
37.518349,78,608.824914
55.859834,88,608.992916
57.067561,102,609.463567
47.471278,78,609.611226
39.937585,73,609.748787
69.068945,130,609.996213
68.264348,119,610.223794
42.311159,128,610.759413
73.714352,108,610.965446
49.797149,75,611.108678
55.195781,91,611.281245
64.089187,132,611.52923
67.865125,90,611.979442
95.17256,127,612.227074
50.374042,94,612.406355
55.823872,76,612.549515
79.6611,127,612.795292
82.834054,117,613.29569
67.036981,94,613.473783
61.219309,85,613.636721
60.124606,109,613.845507
49.253977,74,613.986453
60.339447,104,614.461882
42.456628,88,614.630337
111.907899,163,614.940637
56.295943,84,615.099802
61.915482,87,615.263686
68.155163,107,615.764454
63.69714,114,615.979474
57.424013,92,616.155466
92.215679,123,616.389897
55.893496,79,616.541927
81.597682,115,617.047045
64.824486,96,617.229738
68.186737,105,617.430708
65.693495,92,617.605124
64.616232,98,617.790288
47.545909,88,618.237855
70.954366,99,618.427464
65.227528,93,618.605724
47.494195,122,618.838453
46.686214,73,618.97893
46.230208,92,619.431805
70.383188,115,619.649794
48.581711,104,619.848402
60.614767,90,620.022865
73.382417,113,620.240031
67.358913,92,620.711505
59.534604,95,620.893653
70.769301,115,621.113122
61.518393,111,621.323767
71.782856,110,621.529733
69.432555,104,622.017236
75.693032,113,622.234189
45.42569,79,622.384882
52.467025,74,622.525737
65.282244,104,622.724514
78.494387,123,623.263443
47.568821,74,623.402241
51.280218,77,623.548801
51.281675,82,623.705176
71.545783,93,623.883914
45.862089,70,624.016041
68.122368,107,624.496246
43.471728,102,624.689242
59.067568,93,624.865817
59.927719,128,625.109486
72.607127,97,625.296338
57.535039,83,625.45896
90.001868,142,626.038944
58.202863,86,626.205617
41.776627,80,626.359221
71.897726,94,626.541161
78.2353,173,627.178034
-25.764019,103,627.378044
85.076035,139,627.644078
61.112533,102,627.83949
55.497082,86,628.011013
44.565658,75,628.463023
64.991435,110,628.671856
14.635612,127,628.913245
79.52945,129,629.159813
60.988209,89,629.331627
59.496661,92,629.80819
55.763792,74,629.950138
73.905836,105,630.151816
66.644586,127,630.398086
85.437711,115,630.623399
55.498773,81,631.079427
71.059337,104,631.278455
40.517594,92,631.455398
36.071394,74,631.598748
68.421082,142,631.874986
56.309185,81,632.308432
71.013181,107,632.521189
55.194641,83,632.679761
100.583872,151,632.98407
40.93121,79,633.135212
51.33567,84,633.575278
70.035145,92,633.753503
54.844932,111,633.966905
53.968075,74,634.111125
70.624037,91,634.283018
61.069166,84,634.446085
40.822086,81,634.901736
48.236795,98,635.086879
55.320816,81,635.238652
64.630812,104,635.437083
70.632948,100,635.635879
39.516907,101,636.130328
60.275838,92,636.30736
30.093955,83,636.462209
64.734939,88,636.634855
60.568477,103,636.831486
52.23876,77,636.978177
65.590605,93,637.462169
75.625935,113,637.67768
89.801609,122,637.910057
77.257536,114,638.12853
84.774551,113,638.651941
42.137423,97,638.836793
92.197241,133,639.090059
83.789236,117,639.313369
60.717979,123,639.548075
59.77619,81,640.022125
-93.261954,154,640.968229
56.965845,100,641.159588
62.79752,92,641.334862
61.238386,87,641.501981
79.870335,122,642.015659
33.379844,77,642.167929
66.860688,100,642.361309
73.002843,97,642.546924
56.919424,93,642.72469
81.071159,113,643.216856
94.619731,168,643.540673
58.798869,99,643.730707
63.42764,92,643.904073
67.739122,111,644.426594
93.273263,108,644.633715
74.096822,100,644.826531
49.512472,74,644.968324
30.4475,67,645.096884
49.953816,76,645.24084
68.041036,92,645.70146
69.22908,93,645.878267
-13.631444,112,646.09555
72.243428,102,646.292617
-140.878857,211,647.010237
46.847173,74,647.151865
68.459117,109,647.359023
53.81944,81,647.5115
27.292222,96,647.693921
43.738129,70,647.828629
48.930548,125,648.377627
45.765317,95,648.559303
54.726407,83,648.719124
80.1253,111,648.930834
84.726374,105,649.130049
74.771973,95,649.592786
59.79667,85,649.754361
59.505585,96,649.936471
61.7908,97,650.11859
56.217557,86,650.282288
54.580373,103,650.766256
49.388857,111,650.978315
54.142961,113,651.19267
47.436708,76,651.338083
57.335848,100,651.530312
71.844892,113,652.03107
60.410159,87,652.196524
55.232343,107,652.4027
50.977165,72,652.539643
72.669395,95,652.718935
55.614533,102,652.914903
47.51047,89,653.386904
64.665785,96,653.569144
65.253876,103,653.76542
78.591415,101,653.957529
68.365939,161,654.568914
60.151113,123,654.803617
82.984552,107,655.007723
57.936693,103,655.203701
70.775496,114,655.425733
93.981177,126,655.953694
53.512442,73,656.09626
50.729203,78,656.2465
79.832676,114,656.464254
88.148973,115,656.692194
42.677082,94,657.151348
59.797463,108,657.358006
48.321075,85,657.518485
69.129944,107,657.722405
7.065972,98,657.910097
28.39555,77,658.056925
50.963652,102,658.536851
60.715434,99,658.722958
58.519291,90,658.893723
54.095475,83,659.052175
73.296395,95,659.234635
75.156799,111,659.756602
78.513949,101,659.948499
59.568849,94,660.12559
87.845844,111,660.33803
55.661487,94,660.518214
69.676266,94,661.011493
64.739964,116,661.23319
50.739134,81,661.391334
69.222813,97,661.577638
50.533775,86,661.74612
52.675428,87,661.912469
60.523162,113,662.426095
63.186498,88,662.595993
56.971076,87,662.761989
80.071592,125,663.000287
54.068579,92,663.176322
67.22891,110,663.665852
41.136956,77,663.812574
50.613688,83,663.971257
64.013481,94,664.14975
49.736303,92,664.329669
81.736695,132,664.862719
51.661343,102,665.05913
88.080097,111,665.269561
37.589968,69,665.406879
44.522913,78,665.557234
67.405891,95,666.031603
57.921157,80,666.187521
116.250716,161,666.498095
63.814825,117,666.729956
70.912429,93,666.910062
36.143531,65,667.309194
52.920978,101,667.504777
66.039848,112,667.719747
84.010422,114,667.936901
38.95824,95,668.121191
51.630396,96,668.5794
53.737836,75,668.722234
58.552123,95,668.901566
88.96518,142,669.173016
67.655861,92,669.350417
83.771208,104,669.856655
67.430018,94,670.034842
67.423701,97,670.218608
73.687814,96,670.403128
62.710625,104,670.608134
42.582895,102,670.805562
65.656708,98,671.297197
60.488226,85,671.458909
79.63493,176,671.797827
53.383199,83,671.956931
49.884539,80,672.415632
67.18193,89,672.587786
37.282434,81,672.742748
55.886178,83,672.898696
65.186707,94,673.080608
86.75195,115,673.299653
80.027754,105,673.802411
69.523575,100,673.99503
38.969675,124,674.234787
61.939627,96,674.420696
49.039804,88,674.589703
38.497278,117,675.112591
45.561138,83,675.271645
75.146911,108,675.47767
60.303557,94,675.663872
50.321195,122,675.895787
65.391332,85,676.363917
52.488043,82,676.520006
47.449074,119,676.750489
46.38373,85,676.911942
70.049234,113,677.126572
67.562578,104,677.628087
47.082697,83,677.788603
64.912424,90,677.95867
55.698123,117,678.183401
57.19259,84,678.346009
63.62068,87,678.512389
65.373187,98,679.003989
39.395114,65,679.128402
60.90962,94,679.310446
102.3662,138,679.574521
48.271195,89,679.745191
61.62193,94,680.201493
51.089075,104,680.399042
51.777014,79,680.551617
39.42658,76,680.702516
64.928501,88,680.871709
78.550487,167,681.473461
57.48571,84,681.640501
80.956998,125,681.88041
58.72335,98,682.066801
51.957899,84,682.229007
73.732205,108,682.720574
65.096141,100,682.90916
51.362191,81,683.06373
52.432399,95,683.246608
60.427526,91,683.417017
50.04705,73,683.555859
73.545471,111,684.043025
66.030528,86,684.206928
61.233953,90,684.381799
48.863428,80,684.533553
55.29165,74,684.674479
75.426998,99,685.140096
64.476075,92,685.316642
86.372813,129,685.567458
52.687662,89,685.741948
60.154171,85,685.905545
53.425725,79,686.062778
54.853495,95,686.55165
56.51083,83,686.715596
67.221605,122,686.94748
67.007914,90,687.119873
70.94742,95,687.301149
62.04491,94,687.79258
56.525445,84,687.951713
66.326052,96,688.138079
56.166387,78,688.28845
63.574345,117,688.510695
72.020701,97,688.695785
65.476961,100,689.18706
62.845659,88,689.354789
77.308091,112,689.564624
71.370681,98,689.753373
71.318854,98,689.937315
77.409632,149,690.52758
21.73159,105,690.735052
67.501802,111,690.947773
43.530914,100,691.138184
87.987602,128,691.693055
72.458481,96,691.876922
49.535323,79,692.02879
41.348572,69,692.16261
47.497389,74,692.301905
45.587961,71,692.437909
42.168987,69,692.874594
61.154056,90,693.045676
48.943657,86,693.207699
65.724655,92,693.382507
97.272601,122,693.61667
77.758785,106,693.817645
63.466889,92,694.294107
60.633454,104,694.494398
57.715366,86,694.658515
45.418786,86,694.821865
68.302489,93,694.996869
74.271939,108,695.504234
64.173875,110,695.727581
59.583909,96,695.910288
58.719647,88,696.079932
52.793067,79,696.230798
92.66323,129,696.786951
52.451291,79,696.936693
74.644945,115,697.15606
60.008862,106,697.359651
51.828129,100,697.551716
64.912193,97,698.05061
62.044485,90,698.225544
52.477609,83,698.386251
59.649179,89,698.554041
60.306292,81,698.709459
108.954199,138,698.972791
65.707452,89,699.443082
107.830401,152,699.736819
51.473232,81,699.88998
54.498372,82,700.046407
85.031341,111,700.262331
50.18318,107,700.779304
63.306179,99,700.967158
52.021427,86,701.133319
58.99941,96,701.319659
50.08788,128,701.562551
71.331675,120,702.098958
80.704272,110,702.310396
54.417776,92,702.485289
70.679359,98,702.672459
49.142492,74,702.814193
54.424216,82,703.275543
59.587137,82,703.435376
51.287366,87,703.601285
69.12143,113,703.81616
62.643728,87,703.980623
56.769353,96,704.472798
57.00046,85,704.633437
59.679195,90,704.803329
64.079923,96,704.984132
68.970157,101,705.175552
80.728366,118,705.400016
31.249089,64,705.834675
74.008988,104,706.032597
68.804634,104,706.231194
83.036608,113,706.447083
82.021717,109,706.662422
62.440914,94,707.146904
66.27302,161,707.454576
80.387583,108,707.65694
64.627973,103,707.853406
70.76653,98,708.35809
60.660954,124,708.593331
65.048794,87,708.757638
62.851514,130,709.003392
76.863435,101,709.195912
57.312789,89,709.675063
70.90768,119,709.901907
44.91284,100,710.091811
74.039971,120,710.320578
63.331144,99,710.511496
65.541214,94,711.000609
40.6658,73,711.138834
52.206967,98,711.328137
68.419248,98,711.514515
56.666524,93,711.694044
31.479342,101,712.189419
64.410182,87,712.35369
50.762679,72,712.490985
75.103585,154,712.783522
50.681377,92,712.958171
62.158404,96,713.458551
51.89992,86,713.623682
61.477726,109,713.833485
91.261465,126,714.072967
62.61239,93,714.248723
63.913362,93,714.425868
49.203197,74,714.874014
66.937989,102,715.068034
86.75239,130,715.31162
75.632314,94,715.490033
51.278378,94,715.676444
64.157588,89,716.145779
65.297127,89,716.318316
57.555635,81,716.475456
60.745794,98,716.664982
41.604,70,716.798638
62.968947,86,716.962715
51.441411,83,717.459515
56.464661,76,717.604241
61.718135,127,717.843865
81.837816,104,718.043036
38.281089,87,718.209112
52.241264,103,718.723201
68.476001,95,718.903885
80.500071,105,719.105757
19.892262,166,719.420037
58.170293,80,719.572883
49.112437,82,720.02817
55.913129,90,720.200279
64.062093,89,720.369829
75.683037,102,720.564826
57.473021,98,720.755873
88.586642,112,721.275835
67.45819,97,721.461411
52.770586,87,721.632737
65.04801,98,721.822285
62.650889,105,722.025323
70.145985,93,722.512022
38.29633,67,722.639427
60.248018,96,722.823134
40.676451,87,722.990965
66.264302,92,723.166586
60.183455,94,723.347178
57.777553,85,723.810864
43.099173,72,723.949205
46.052004,83,724.107114
54.407802,91,724.280865
58.357787,100,724.473527
71.336813,101,724.667633
51.881861,96,725.153392
41.072928,83,725.312721
50.326225,77,725.46028
52.649631,115,725.690014
62.027789,87,725.861009
81.047152,108,726.374137
60.978877,86,726.53864
149.206726,196,726.918571
88.14652,123,727.152244
47.160847,72,727.292954
46.505851,66,727.71898
78.012313,120,727.946977
73.106304,110,728.158452
46.564929,92,728.336108
58.018551,82,728.490767
75.199702,101,728.987482
81.488282,114,729.205355
68.854763,88,729.3728
89.276369,123,729.607888
59.902821,91,729.77959
72.667544,95,730.264668
39.221754,110,730.476033
85.118503,115,730.703785
37.817378,97,730.886587
50.588003,83,731.045773
66.724813,105,731.555739
46.77307,74,731.701233
68.231326,101,731.896134
62.975483,92,732.070868
91.173814,125,732.311079
53.541533,87,732.475554
54.222566,83,732.9178
59.406424,91,733.089692
87.405397,111,733.308184
45.758597,87,733.474262
59.435798,98,733.661211
76.459281,99,734.153094
70.21885,99,734.343689
40.109393,68,734.473396
52.907706,91,734.64829
70.388476,99,734.836328
63.283455,96,735.019349
72.446509,98,735.519021
45.128109,73,735.665577
72.561662,105,735.865989
41.972336,89,736.037134
36.181769,107,736.24206
84.879199,122,736.78321
58.931386,89,736.95207
50.206554,73,737.092071
74.513039,123,737.328288
83.545904,131,737.5773
55.470657,97,738.062817
52.027464,80,738.216545
51.081835,165,738.531371
44.41015,105,738.728114
51.965877,80,738.879035
45.017758,78,739.336722
69.616275,94,739.515569
52.499489,81,739.66988
79.431558,111,739.87798
59.728654,104,740.075552
43.109269,97,740.566158
61.30561,89,740.743923
48.213813,89,740.912018
58.025992,95,741.092039
70.65104,98,741.279026
51.038682,166,741.907715
67.618544,107,742.114425
38.47078,67,742.245643
64.670058,116,742.466673
72.759149,98,742.652856
83.499193,115,743.178293
67.283535,121,743.409335
66.353871,88,743.579524
41.587396,96,743.763189
52.108892,84,743.924523
71.717222,99,744.413939
48.105065,77,744.563041
58.573606,93,744.742743
58.005759,83,744.900091
45.463109,71,745.034676
53.640297,78,745.184946
-3.608874,115,745.722717
59.1957,99,745.909235
29.249537,79,746.060544
-13.89736,101,746.257891
55.686667,94,746.436896
51.94962,83,746.596028
41.570909,90,747.079726
76.038328,95,747.262354
50.772615,97,747.448781
80.640031,110,747.658637
69.947854,134,748.220988
82.007037,111,748.435292
64.001549,86,748.599087
44.408356,76,748.744293
80.16348,117,748.966295
69.790178,104,749.166025
71.569147,95,749.653941
61.527482,87,749.820565
86.336454,119,750.046141
57.68564,89,750.213485
72.615724,101,750.406466
49.619733,88,750.888098
45.478805,73,751.029813
37.11437,61,751.14914
31.717758,132,751.399284
48.204368,81,751.553802
50.952657,76,751.70529
89.658082,112,752.225615
64.00108,85,752.388071
63.781243,94,752.566273
77.846844,103,752.762134
59.258226,83,752.921668
65.343432,95,753.407018
39.768721,105,753.607151
65.266149,97,753.792415
52.332212,79,753.941953
56.259853,90,754.111821
58.683789,84,754.274136
62.956494,88,754.749475
60.632722,86,754.913493
49.603039,87,755.078039
73.064357,108,755.286691
75.113576,104,755.486994
70.047972,98,755.994682
56.207779,90,756.168685
56.758149,85,756.333088
78.177359,106,756.535475
75.380539,115,756.759605
30.645836,56,756.867377
55.772904,80,757.322885
39.55192,77,757.472657
58.480179,84,757.63249
53.633928,112,757.847777
72.896789,100,758.036886
51.680929,77,758.185464
92.129557,122,758.721986
35.967959,63,758.842584
53.879455,97,759.028281
66.883332,101,759.225539
6.502547,114,759.445478
35.14968,72,759.882361
89.444346,112,760.096462
64.920546,114,760.314497
70.700912,100,760.506649
37.642748,76,760.660759
71.139298,100,761.217953
54.546805,83,761.377568
62.893306,96,761.559872
87.938552,119,761.795752
82.027491,104,761.99363
51.329213,75,762.138513
53.164834,91,762.618078
76.795392,107,762.820229
56.953208,82,762.97817
71.263109,108,763.184941
39.752731,73,763.327918
48.553618,83,763.797519
46.72911,93,763.97381
89.664093,116,764.198489
64.365083,91,764.371399
61.188927,101,764.564801
58.44871,88,765.03502
58.912478,82,765.190274
70.680826,94,765.369143
62.163806,99,765.560098
56.392065,86,765.73362
46.351644,86,765.895445
69.68391,89,766.938699
71.214463,103,767.134683
50.908053,86,767.300993
60.804996,93,767.479963
59.077195,91,767.656766
56.493403,84,767.816019
66.062838,120,768.349065
85.052374,118,768.575208
68.901992,90,768.749703
76.424016,94,768.930094
58.459924,101,769.123532
75.139423,101,769.594603
45.728602,81,769.746682
69.014956,89,769.91419
69.379633,95,770.094025
67.287389,127,770.340392
78.714836,117,770.846438
53.787226,109,771.052823
51.778233,74,771.195488
69.304905,98,771.384964
66.320013,90,771.557458
28.437855,64,771.964704
51.52255,82,772.122708
60.555588,83,772.282861
71.354819,109,772.493015
64.88222,97,772.67454
70.25549,101,772.865954
63.388697,83,773.303166
62.680319,87,773.466896
59.988514,101,773.656739
68.260128,95,773.837898
53.12986,84,773.999062
52.765905,85,774.158541
77.358808,102,774.630397
72.844505,102,774.823039
58.476182,89,774.993438
75.955367,113,775.210548
70.942388,115,775.427695
67.967491,101,775.901752
58.026638,88,776.067757
77.945501,105,776.270086
109.322587,140,776.536247
75.743857,101,777.019108
69.032017,92,777.194702
48.06245,86,777.360819
50.962982,77,777.506839
52.001361,91,777.680854
57.450093,87,777.845556
64.286589,91,778.340537
39.699534,81,778.495114
38.783149,68,778.623889
63.143184,91,778.79694
79.495727,118,779.022456
48.337729,81,779.175867
85.307075,111,779.695079
71.511881,98,779.882527
95.711018,145,780.158428
64.015433,99,780.348257
73.282266,146,780.933245
88.224829,118,781.160355
81.651896,113,781.378465
101.097501,134,781.639274
53.627775,104,782.142224
61.080138,90,782.314224
63.087632,88,782.48337
67.244201,98,782.670181
66.605531,100,782.864371
51.466784,78,783.01338
46.521189,75,783.459555
96.4744,137,783.720223
33.582133,57,783.829588
64.849729,96,784.014071
79.717757,126,784.255687
67.662061,94,784.717005
47.893291,95,784.898576
60.836739,111,785.107553
59.169479,81,785.262793
66.400826,91,785.43951
63.247656,95,785.631373
63.509236,93,786.092527
60.249116,90,786.263701
73.729384,103,786.462166
74.621858,109,786.675298
53.587367,79,786.825903
54.330942,93,787.279994
42.112862,88,787.446315
66.239379,107,787.647855
43.292669,68,787.776967
55.661452,108,787.980015
49.394338,100,788.173369
71.196981,94,788.629756
74.484011,123,788.861666
61.935983,92,789.035939
64.341922,85,789.197661
63.501977,93,789.376544
67.857867,94,789.830115
56.700483,83,789.990206
82.323922,105,790.190507
60.839894,91,790.366201
40.460563,90,790.540464
73.924195,99,791.01653
30.676887,87,791.184035
53.604838,91,791.356043
49.200571,82,791.512896
52.751221,88,791.684922
56.215678,76,791.829525
70.673362,93,792.290093
37.543411,72,792.428928
59.891651,88,792.598473
66.958398,102,792.791746
83.82727,105,792.99363
51.536387,99,793.181083
33.559746,62,793.578092
75.064045,104,793.774439
112.605922,131,794.026973
43.811219,77,794.175323
42.597703,75,794.316508
68.211963,103,794.788182
36.391042,75,794.929839
60.168251,95,795.110476
73.273233,107,795.312944
81.910192,104,795.509281
41.393149,74,795.659369
81.181103,180,796.285699
74.425592,100,796.480022
81.537991,113,796.703081
38.936158,65,796.828538
64.337162,100,797.29623
74.83211,110,797.504616
63.137815,93,797.681191
56.348809,96,797.864572
60.796124,87,798.029097
69.294803,98,798.218119
46.051321,72,798.642009
76.298803,118,798.865065
78.185316,105,799.065364
62.577893,100,799.258491
44.966245,83,799.417904
93.792901,121,799.925229
41.459162,77,800.071283
55.901682,83,800.229474
37.016726,68,800.35811
57.310574,83,800.518914
47.087517,93,800.705971
59.696503,89,801.150862
49.646481,79,801.302559
49.190108,75,801.44788
62.576777,92,801.628242
79.416985,107,801.834458
63.052603,99,802.023192
54.385894,86,802.464587
56.005889,87,802.630443
-5.573913,91,802.803287
78.01411,118,803.028166
65.233734,94,803.208007
55.844184,97,803.677935
89.227824,120,803.906312
43.357861,71,804.039819
57.310473,89,804.210573
63.395643,93,804.3894
33.398752,70,804.523906
63.908014,90,804.97327
49.244432,74,805.116965
58.542539,90,805.291641
43.739662,70,805.42576
51.398525,77,805.57497
79.811772,115,805.799649
42.608229,70,806.212549
79.856337,113,806.426434
72.141651,95,806.610597
32.856092,78,806.766495
76.075307,108,806.973045
85.166548,111,807.460693
59.253105,90,807.634006
59.726263,87,807.800382
83.674954,124,808.037062
56.172411,86,808.214104
56.764447,82,808.677031
68.616589,96,808.859321
53.179909,102,809.052399
42.612225,72,809.189599
59.247944,102,809.387227
90.851536,122,809.61742
79.178592,105,810.098235
60.628073,104,810.294157
56.979679,90,810.466982
88.532307,117,810.699709
66.139736,111,811.183478
44.976774,73,811.323722
50.715486,80,811.47674
59.059432,90,811.653882
72.878082,109,811.862233
37.393569,81,812.016536
80.527662,106,812.496469
69.45518,100,812.685241
85.90011,110,812.894652
70.333654,120,813.120285
58.909755,79,813.274261
49.913637,79,813.713165
44.361339,74,813.852671
53.661672,100,814.041398
55.435111,89,814.211657
60.17807,89,814.38198
50.298946,81,814.536569
39.803436,88,814.976683
38.290918,65,815.100251
69.295233,92,815.275292
53.042682,80,815.426255
67.956709,88,815.600091
46.975365,75,815.747199
85.533685,122,816.265187
80.495378,114,816.484056
57.93124,88,816.657403
45.350308,69,816.786839
80.571779,159,817.088212
62.879171,102,817.559864
72.212851,123,817.7955
48.466932,119,818.021846
81.100715,112,818.238499
55.114188,79,818.389293
79.742406,108,818.880535
64.212351,92,819.0575
67.093615,86,819.223293
72.332856,101,819.416357
39.655992,98,819.603756
71.237088,108,820.086977
97.368322,135,820.34849
60.433369,91,820.522411
64.793615,92,820.708964
62.45831,85,820.871569
47.772278,77,821.299705
62.521359,90,821.471325
72.187111,97,821.665143
67.532528,88,821.834268
40.499008,74,821.977357
88.728743,123,822.218451
56.151708,84,822.659208
49.384267,100,822.850999
78.234906,126,823.090422
65.667826,100,823.281969
115.977416,160,823.879532
62.317643,96,824.062644
52.811917,107,824.268788
80.862602,118,824.492717
68.44985,97,824.678024
74.183627,104,825.153888
53.976422,88,825.325884
57.448778,87,825.491317
72.037901,149,825.784162
44.966241,80,825.935935
57.714616,87,826.38036
56.395853,83,826.543149
86.203454,149,826.834832
50.830621,81,826.990013
84.712464,123,827.224212
-98.907005,211,827.902466
61.146818,89,828.073162
80.324735,116,828.298168
39.460648,65,828.423447
77.262762,98,828.894955
99.114406,125,829.134258
47.949715,77,829.281862
70.034772,98,829.472636
61.266335,88,829.645352
72.073644,108,829.853018
54.468035,198,830.509589
52.734284,76,830.66393
63.469786,86,830.829846
98.970694,144,831.104464
56.455726,89,831.550844
50.438019,77,831.706958
94.312589,144,831.98437
48.033056,76,832.130802
87.093082,120,832.361553
72.619695,97,832.825546
3.18709,94,833.003982
64.369587,90,833.176118
87.735458,111,833.392945
9.939077,118,833.619328
59.788511,91,834.070773
60.214628,85,834.231473
68.815817,106,834.438486
86.560815,116,834.657224
75.075035,117,834.87965
67.751898,92,835.361596
60.606499,92,835.53964
53.387264,85,835.709402
50.148144,84,835.868644
90.013156,119,836.099101
79.654164,103,836.602321
83.055119,109,836.812973
45.487107,86,836.976069
54.967019,87,837.141977
74.245427,96,837.326815
50.415256,97,837.796022
50.855084,78,837.944638
82.180057,113,838.160239
82.339402,130,838.407766
56.30237,103,838.603292
64.652793,90,839.066355
64.052609,94,839.246636
82.329993,116,839.466837
56.786246,96,839.649939
75.336978,115,839.869359
58.40737,83,840.308542
57.067347,88,840.478199
68.40957,94,840.667938
75.499883,105,840.869334
50.056427,81,841.02476
55.095768,96,841.210872
57.012193,140,841.796057
81.784555,113,842.010298
67.779419,91,842.185569
70.842843,95,842.368633
57.76425,94,842.549162
59.258283,84,843.012636
75.899166,105,843.211507
77.375173,113,843.430019
57.049104,83,843.587886
57.799169,101,843.779966
41.528459,65,844.204832
63.896895,110,844.414196
68.437192,97,844.599826
61.176132,131,844.849862
62.963324,91,845.023046
56.989443,88,845.498035
61.562513,89,845.676323
61.319216,93,845.855281
57.972934,82,846.015334
65.186753,96,846.200726
86.869686,111,846.412969
58.521879,100,846.909262
59.495743,105,847.108661
46.523521,79,847.259851
50.439994,98,847.448887
64.528983,93,847.625788
66.708885,100,848.099077
62.319769,92,848.277903
80.94801,118,848.502529
102.583245,138,848.763801
78.040515,101,848.956754
98.553992,127,849.479089
72.906462,108,849.686778
71.812038,94,849.864595
47.279944,105,850.064027
81.866715,163,850.66443
94.552369,140,850.931305
83.164984,107,851.137086
57.307151,98,851.32539
87.150608,139,851.875014
64.413098,87,852.042228
60.688925,84,852.203425
72.121896,114,852.424331
68.11466,92,852.603426
70.942011,112,853.095136
64.951046,105,853.295621
65.949387,90,853.469748
63.943872,111,853.681981
81.685455,130,853.929836
50.720021,83,854.365036
50.894184,80,854.518651
58.384721,85,854.680993
59.466563,99,854.869977
66.802085,96,855.05256
49.534795,73,855.191487
74.800393,103,855.701659
67.272861,87,855.868396
68.891915,112,856.082223
74.039628,117,856.307207
84.759898,116,856.528057
83.561231,117,857.055054
56.114396,93,857.233431
74.13767,106,857.436296
82.817769,127,857.67472
53.071233,91,857.847348
63.038328,106,858.364731
77.525158,111,858.574923
65.432129,108,858.779331
60.067248,89,858.949825
83.528417,112,859.163912
82.864532,104,859.671439
72.08263,96,859.852089
98.736491,135,860.110593
29.712632,95,860.29116
35.193102,59,860.403801
56.231408,82,860.880284
73.034418,111,861.088185
52.293569,105,861.288847
66.714787,104,861.489051
67.133466,96,861.680637
58.690341,93,862.164608
63.36747,90,862.340194
72.60282,124,862.577164
53.767578,83,862.734793
58.546401,79,862.884592
38.325498,109,863.396096
55.743909,112,863.608754
68.056594,100,863.79984
55.52825,89,863.967362
69.381916,92,864.142993
62.235769,83,864.30431
77.136074,106,864.815146
78.361477,103,865.012351
40.002814,70,865.145652
96.772819,142,865.418398
71.429471,101,865.92995
76.73695,120,866.171035
87.073228,114,866.39081
73.624735,99,866.578717
67.281407,92,866.75821
74.042141,95,867.23992
67.793023,96,867.422202
61.980424,88,867.590143
82.289442,113,867.804022
78.525189,132,868.054915
64.488127,93,868.538761
56.585737,105,868.737301
75.546825,105,868.93882
69.710732,124,869.177046
68.3452,112,869.394007
68.219762,95,869.875529
49.37138,95,870.058498
64.070693,94,870.23753
40.061621,61,870.353877
31.651357,68,870.483098
74.507335,115,870.710942
68.104097,110,871.22182
78.851334,98,871.409842
77.147488,101,871.603672
74.7506,117,871.829216
56.195536,91,872.00276
54.871895,83,872.463127
56.611446,86,872.625336
73.695746,103,872.822512
67.183061,88,872.992726
46.513701,80,873.143562
53.954267,82,873.298884
92.150774,135,873.83914
67.221897,98,874.025325
66.51304,91,874.198061
68.410517,99,874.388434
57.529509,118,874.890108
65.862946,97,875.074638
75.953902,103,875.271125
61.393223,86,875.437502
79.26742,109,875.656239
68.448092,113,876.161875
63.161034,91,876.3353
39.333196,82,876.491821
70.687621,91,876.673046
75.584716,122,876.908488
-128.825662,159,877.515786
94.47614,154,877.80783
42.548893,81,877.96072
79.758387,112,878.173032
57.529722,86,878.338552
68.82704,103,878.840846
97.67595,115,879.059722
70.753112,108,879.269145
65.564156,110,879.480232
60.912673,84,879.640088
35.996524,147,880.220984
79.947756,110,880.431421
97.419367,130,880.691133
53.048868,83,880.851067
50.632658,80,881.31324
76.748911,106,881.515691
37.595231,82,881.677465
81.332015,128,881.922057
73.121756,104,882.121072
74.711122,93,882.618686
72.645621,123,882.851892
49.837794,76,882.99693
64.726007,104,883.194392
105.945032,138,883.461325
44.598247,91,883.933604
82.919748,119,884.161155
53.653583,89,884.329921
55.143361,86,884.493906
72.268972,99,884.680815
64.713298,97,885.166612
98.289505,131,885.419019
61.81763,93,885.601558
48.348546,90,885.775503
52.623879,98,885.962103
71.862999,94,886.44594
81.483112,105,886.65131
83.256957,113,886.867058
71.771485,96,887.048674
72.067343,102,887.244807
69.419149,107,887.770066
89.252175,110,887.977821
48.75415,89,888.149838
69.909923,94,888.332701
66.354643,100,888.522475
47.913261,95,888.703057
80.892571,101,889.199778
49.399136,76,889.34535
59.156515,113,889.564322
51.017607,75,889.705925
63.059746,87,889.871225
43.460215,82,890.332278
79.165464,102,890.524709
83.909396,129,890.776902
53.55072,91,891.610847
107.194871,141,891.884734
62.031013,101,892.379534
66.499275,107,892.584994
55.126202,83,892.740815
48.869675,80,892.891875
57.848368,102,893.085543
59.51966,116,893.617185
44.777567,74,893.75755
70.139369,115,893.97572
96.550544,131,894.225135
67.633869,99,894.414525
87.910895,133,894.973225
52.149034,83,895.130899
82.126665,108,895.337439
92.161501,142,895.614838
69.622148,107,896.131748
60.537837,102,896.328651
42.557122,101,896.52416
54.936061,82,896.684486
63.300036,95,896.867522
49.284293,74,897.008326
44.442219,76,897.433718
56.681441,79,897.584529
45.829382,71,897.718742
69.240588,102,897.910241
89.171162,111,898.121726
57.981945,88,898.290564
94.043746,138,898.858991
76.59262,102,899.051453
50.557682,86,899.216239
52.840276,82,899.371721
87.967993,124,899.606883
81.130351,119,900.131407
61.610571,101,900.325267
55.021272,94,900.504407
54.411177,90,900.682897
62.562373,86,900.845042
55.10992,90,901.322485
43.933615,66,901.450513
77.398898,100,901.648695
68.388355,99,901.838687
54.726575,90,902.01151
64.094425,91,902.191026
76.81803,100,902.684036
58.123139,104,902.885128
74.068691,99,903.071865
103.507355,132,903.325325
89.149998,126,903.868688
76.963626,100,904.061389
60.26354,90,904.233947
77.493013,105,904.433226
66.92436,91,904.609445
71.287149,122,905.139925
56.333626,109,905.344822
83.196279,120,905.578307
78.135176,111,905.796015
60.399712,91,905.969654
62.861633,91,906.433028
65.278214,98,906.623204
75.191457,106,906.826926
38.363617,69,906.958167
67.885631,98,907.14333
89.373149,130,907.66602
48.940342,85,907.828001
57.498037,86,907.992739
70.774173,101,908.1865
89.990136,114,908.406703
40.281281,75,908.548712
73.860024,112,909.037115
91.623719,130,909.286717
148.880319,190,909.649998
56.515943,90,909.820932
30.511051,74,910.238423
64.61304,101,910.430556
63.472541,88,910.604941
74.849392,105,910.811468
59.255903,81,910.963798
61.388061,91,911.415392
82.787257,103,911.61431
58.095891,99,911.806033
54.744477,78,911.953802
50.679938,78,912.102125
46.459643,76,912.246498
80.297895,115,912.774709
33.394134,77,912.921633
55.627881,93,913.100291
63.927883,106,913.301628
88.138275,116,913.526653
71.457869,95,914.007509
64.974651,89,914.180574
77.163226,105,914.382606
60.877667,103,914.579286
62.214273,104,914.777309
68.294114,96,915.240473
61.152278,86,915.405884
59.425577,96,915.590854
109.76435,143,915.868491
45.247679,84,916.033555
72.369271,104,916.53397
74.894566,112,916.752841
72.204827,97,916.937919
62.613806,83,917.094187
73.740175,96,917.274906
52.701179,82,917.429626
95.275612,121,917.962133
48.88334,91,918.136146
65.570168,100,918.327675
93.409614,125,918.564749
78.161772,105,919.049386
69.411179,134,919.301402
105.46723,131,919.552541
55.170374,86,919.715779
103.991897,138,919.977775
74.499626,119,920.504004
64.504356,99,920.701067
62.975425,107,920.903231
72.536695,111,921.114198
51.309909,79,921.26578
81.835385,117,921.773585
80.452663,106,921.97271
43.809712,73,922.11422
64.077562,100,922.30454
90.929342,120,922.531024
75.828282,128,923.053874
45.012719,75,923.195142
80.409276,119,923.426646
41.110421,64,923.548892
57.618492,102,923.741814
80.103155,113,924.261862
67.543052,91,924.436652
59.878761,85,924.597337
130.331016,171,924.922462
67.94484,145,925.499205
83.989503,107,925.720873
71.215771,116,925.942662
101.49038,133,926.205198
76.3639,103,926.709793
69.03652,91,926.88279
55.613552,81,927.04048
56.64214,84,927.199416
68.817248,98,927.388674
53.43215,88,927.555419
81.149662,111,928.065472
78.462114,121,928.299582
65.570212,105,928.498619
61.419229,87,928.666235
73.2346,97,928.848438
66.827439,98,929.335104
73.272732,101,929.529081
44.941294,76,929.675387
66.737601,92,929.851803
73.526224,104,930.050944
91.024168,112,930.566522
39.932396,112,930.787355
73.011861,92,930.962011
58.433418,87,931.12896
70.607405,94,931.307439
50.373403,92,931.483684
98.592461,135,932.049678
89.778161,122,932.28329
59.729716,99,932.473758
68.895659,111,932.693719
63.176377,87,933.198621
66.895567,106,933.402827
76.998988,125,933.643537
82.363669,126,933.88314
75.076527,101,934.077506
49.425148,94,934.538924
70.801036,98,934.72688
71.47205,108,934.933537
74.960599,103,935.131407
68.850874,108,935.341456
64.162088,100,935.816544
78.923571,107,936.018811
80.199349,104,936.223743
76.279446,108,936.43111
53.2439,81,936.584837
53.287866,90,937.042839
60.158815,96,937.22771
59.274054,94,937.409738
61.765387,100,937.60043
96.224885,146,937.879884
78.096113,121,938.41607
57.231669,115,938.635275
82.553302,115,938.856708
80.789763,114,939.073586
49.376277,87,939.541212
70.619063,140,939.808762
37.429848,70,939.940921
53.124073,79,940.090857
51.190434,82,940.251034
73.923177,94,940.43057
105.620014,156,941.037746
75.065829,105,941.239433
82.23805,114,941.45819
70.810541,97,941.649462
50.138598,91,942.126457
78.877531,113,942.342188
56.53104,98,942.530678
63.839831,94,942.71078
104.064833,138,942.973558
85.524224,125,943.512617
70.257352,107,943.716468
75.184121,119,943.943954
41.495104,73,944.083989
80.053908,109,944.296867
65.521217,108,944.803895
49.688408,88,944.975306
74.082503,115,945.194304
88.099719,126,945.437594
61.427964,92,945.620334
47.626902,91,946.099425
88.376211,117,946.324474
52.977289,106,946.527798
68.412166,103,946.731515
91.523724,146,947.325499
75.069576,99,947.515242
75.694281,99,947.706186
86.159787,134,947.965607
76.553992,107,948.171286
54.410572,86,948.639411
57.640329,108,948.84595
79.105491,102,949.041131
78.221313,120,949.269847
59.585186,99,949.458347
65.0463,102,949.957831
61.059655,90,950.130448
50.082876,78,950.279243
72.575334,115,950.502004
65.641161,94,950.689477
106.825821,157,951.295355
58.76175,94,951.473812
79.917115,109,951.687973
57.545248,86,951.852801
58.668823,189,952.520383
53.511074,104,952.719141
62.747399,91,952.892461
70.017164,113,953.106215
105.968753,165,953.725008
70.34672,125,953.962623
82.913659,123,954.199273
67.869593,104,954.401017
82.719943,110,954.610456
111.595713,230,955.349932
61.432383,85,955.512371
75.623254,113,955.734564
57.617753,80,955.887012
73.676626,109,956.400017
72.871473,95,956.583983
68.289477,102,956.783493
80.069398,129,957.030917
62.656215,98,957.219449
83.419403,113,957.735933
113.100827,151,958.025677
74.462732,109,958.235258
101.983326,125,958.479076
57.601603,95,958.966727
61.030936,101,959.157734
104.184348,142,959.425843
84.471548,112,959.640862
77.649497,102,960.115836
73.41091,97,960.302747
42.835318,67,960.430771
70.242778,100,960.627778
73.195901,122,960.861847
93.786807,126,961.411351
91.234724,111,961.628747
55.049,82,961.788783
77.254575,94,961.967144
85.625384,109,962.17935
118.817199,192,962.836364
54.665758,76,962.980178
64.765729,107,963.185654
69.148626,99,963.377496
46.755962,76,963.52919
89.2153,127,964.074447
67.633235,103,964.273563
62.628931,117,964.496991
64.248806,101,964.6899
67.053011,94,964.867479
61.675423,125,965.39378
49.309589,80,965.549005
85.991926,136,965.818712
59.229221,98,966.005747
72.247919,110,966.226887
91.712355,122,966.7514
55.248482,110,966.962381
74.514408,107,967.16549
64.13145,98,967.35412
79.083097,109,967.851587
54.689089,92,968.027028
74.985861,107,968.233808
75.218911,113,968.450261
91.747809,116,968.6704
44.737586,83,969.108523
106.587765,148,969.392155
105.165392,120,969.621431
74.783227,103,969.817442
52.809527,88,969.983513
42.901645,80,970.421298
82.607973,111,970.641194
80.021866,145,970.916148
67.17563,93,971.095067
64.141939,107,971.300727
83.291246,119,971.81503
46.721919,81,971.969317
76.341596,109,972.178
67.985302,93,972.359187
30.546195,87,972.526523
80.883777,118,973.029606
116.763893,160,973.337958
56.996228,89,973.50697
73.51149,128,973.749876
61.889115,85,974.188676
69.813585,98,974.377881
93.258919,117,974.601686
60.00026,98,974.789589
80.682239,112,975.003712
100.370691,138,975.558686
57.894666,97,975.748398
76.894292,98,975.937565
68.763568,103,976.135222
56.940458,106,976.33938
76.715904,110,976.838581
64.209549,91,977.012242
65.30219,90,977.184249
83.104943,113,977.40239
85.879989,116,977.629087
46.94823,80,978.057369
64.938482,91,978.230872
92.211871,136,978.494504
61.957326,176,978.832759
85.312227,108,979.316389
27.018235,82,979.473771
62.357415,97,979.660357
60.750122,105,979.864137
87.363844,121,980.096338
78.601148,111,980.619442
59.465125,92,980.79828
115.640095,155,981.092918
69.341424,99,981.280936
46.404366,123,981.827239
55.39947,99,982.017792
61.771809,96,982.203999
57.75795,137,982.469832
72.799159,111,982.678388
88.362913,123,983.216682
101.393965,146,983.493423
56.591766,87,983.658533
48.4004,80,983.812122
90.007787,123,984.350825
56.538689,82,984.50761
76.956896,166,984.823297
78.555011,106,985.026449
58.925036,88,985.195289
126.62453,177,985.851255
43.815148,97,986.034603
99.970016,135,986.29584
83.227414,111,986.506315
62.383717,94,986.989712
89.704212,124,987.224654
65.405933,94,987.404829
56.823338,95,987.586054
84.774032,108,987.789775
137.624355,171,988.416506
70.584374,95,988.606388
77.143635,128,988.856022
48.697777,90,989.027033
85.790193,113,989.553973
92.394909,123,989.788321
57.639438,106,989.98899
50.070083,93,990.165335
34.224256,62,990.282554
90.837164,129,990.845002
60.308832,97,991.032186
49.954589,115,991.249846
72.51366,92,991.424896
60.057202,109,991.638136
77.768587,112,992.158885
83.790301,118,992.386532
82.408189,121,992.630857
84.83722,107,992.836895
88.727114,118,993.373104
71.284941,103,993.570253
63.897448,101,993.763873
88.877064,118,993.989689
66.574626,96,994.173971
80.583404,106,994.679832
55.965531,80,994.831425
55.360289,87,994.997016
56.085655,124,995.234911
126.643918,171,995.558556
86.631359,115,996.088792
59.882397,89,996.268613
92.162775,117,996.496656
58.274314,91,996.679857
63.004319,97,996.865732
87.551438,119,997.396216
118.113934,161,997.711046
90.00994,121,997.939865
66.034374,95,998.123666
43.965499,72,998.566836
109.656596,142,998.837378
102.285995,131,999.087162
67.629263,115,999.307625
56.157536,82,999.463439
62.562593,101,999.931831
73.941112,120,1000.161241
83.182709,108,1000.36668
63.174029,103,1000.567472
70.718425,102,1001.047399
54.027985,89,1001.217555
85.610254,129,1001.466441
82.061565,138,1001.735106
70.700539,100,1001.925883
77.601416,115,1002.42483
85.272869,127,1002.668468
99.602289,131,1002.917491
67.694839,107,1003.123322
76.986774,108,1003.634456
89.713394,166,1003.951061
102.741856,134,1004.204021
62.701526,93,1004.384836
70.80969,98,1004.571917
76.133788,157,1005.158056
82.518693,111,1005.371178
54.586961,114,1005.59351
84.33191,114,1005.81822
61.480304,88,1006.269596
90.543906,115,1006.490494
82.463128,105,1006.697702
67.747286,95,1006.877055
67.439985,110,1007.08446
56.104778,80,1007.510649
77.76491,138,1007.773065
97.439859,152,1008.059976
68.733932,99,1008.251738
92.771055,125,1008.796245
75.316863,110,1009.006122
52.870832,79,1009.156066
77.366549,119,1009.385058
94.471313,133,1009.639415
39.737886,126,1010.160461
66.22448,106,1010.360769
91.844915,127,1010.610138
51.040105,91,1010.789219
87.978369,117,1011.316914
80.875983,104,1011.515738
94.406326,140,1011.786992
93.281047,117,1012.008519
83.316656,118,1012.541066
82.887656,119,1012.767206
88.921807,109,1012.973308
60.48111,133,1013.228798
69.814192,95,1013.413777
58.51153,83,1013.873134
110.355004,178,1014.210926
73.415944,98,1014.398618
49.944817,77,1014.545594
99.886237,146,1015.126093
91.184748,123,1015.360448
87.540745,120,1015.59688
78.941129,111,1015.811695
113.91704,150,1016.401518
34.692852,132,1017.676157
57.144701,97,1017.860894
70.640878,93,1018.039276
98.437286,148,1018.323721
97.020428,151,1018.910247
108.767669,134,1019.165305
77.367998,112,1019.379143
111.788072,151,1019.968569
66.439307,94,1020.149074
88.452833,122,1020.385333
78.98368,110,1020.599921
72.413069,124,1020.838848
62.385979,88,1021.315166
77.280843,108,1021.522684
80.06449,111,1021.739073
80.881594,104,1021.937425
56.35976,86,1022.103329
57.287632,107,1022.621351
63.593731,88,1022.793829
64.653002,103,1022.990855
79.791861,106,1023.191483
122.239343,162,1023.503288
82.257624,121,1024.010841
96.470704,122,1024.245403
64.557933,92,1024.421427
82.433213,116,1024.647091
70.137159,118,1025.175455
91.496028,127,1025.418261
80.00592,102,1025.618261
50.886286,81,1025.777808
64.449125,120,1026.006237
64.968936,104,1026.516055
73.536867,107,1026.727072
93.121156,144,1027.002839
92.449096,124,1027.24361
87.516766,110,1027.765566
86.714436,131,1028.013947
73.236551,117,1028.243662
97.870353,153,1028.533569
83.219077,115,1029.053969
57.461863,101,1029.24499
127.228377,189,1029.606404
71.727986,111,1029.818561
68.142674,106,1030.328413
73.022086,114,1030.546395
71.953322,139,1030.821451
71.130149,115,1031.042809
107.706325,140,1031.611381
68.154299,96,1031.800266
98.303292,132,1032.050204
56.974322,92,1032.229113
112.046704,159,1032.836166
76.273034,154,1033.129153
73.801011,105,1033.331162
99.785027,122,1033.566632
78.241502,101,1033.758968
75.699425,116,1034.283376
61.772475,101,1034.474629
74.91269,117,1034.696516
62.298132,130,1034.942112
99.849046,132,1035.498937
101.064713,127,1035.750839
81.139886,113,1035.965421
61.996915,99,1036.155309
71.667985,103,1036.354034
137.045791,177,1037.000002
71.518832,98,1037.187589
81.574799,115,1037.407051
102.455569,137,1037.978319
142.898711,170,1038.304687
59.517966,108,1038.511233
66.285602,95,1038.694063
112.030974,153,1039.284704
79.263842,105,1039.487532
79.728001,110,1039.698742
83.213555,111,1039.908766
79.407767,105,1040.108688
72.485793,98,1040.600164
79.694967,109,1040.814389
-15.139289,185,1041.169595
94.150491,133,1041.425963
88.569685,129,1041.961164
91.271892,120,1042.19022
135.858197,164,1042.505415
58.692373,92,1042.683982
67.825622,128,1043.229439
69.202669,105,1043.428899
96.275119,132,1043.680462
93.73369,142,1043.95057
66.97832,118,1044.455042
66.746918,97,1044.644338
82.970815,117,1044.869458
55.5274,85,1045.033866
65.725926,102,1045.22783
108.210574,140,1045.782592
57.647456,96,1045.973047
100.133468,130,1046.226564
46.133834,80,1046.377852
97.850333,121,1046.914166
69.750272,101,1047.107216
86.532023,127,1047.35038
95.898639,134,1047.609264
108.739591,147,1048.192924
80.235335,103,1048.391614
84.928847,119,1048.617224
112.890326,140,1048.880003
99.308033,140,1049.148726
63.014934,101,1049.617591
77.785919,115,1049.836931
74.158831,123,1050.075028
66.646814,107,1050.281217
69.175357,109,1050.784984
80.558781,108,1050.992245
66.414671,99,1051.181463
49.569611,121,1051.413052
55.092429,128,1051.664585
102.291951,136,1052.20323
70.055913,120,1052.432835
98.92895,131,1052.682981
89.186929,114,1052.900088
95.537117,136,1053.464916
84.76666,121,1053.693187
83.509674,106,1053.895467
107.385099,128,1054.138556
118.958456,159,1054.743562
71.864129,125,1054.982779
40.858951,129,1055.232436
85.986112,126,1055.476041
66.969172,106,1056.000234
75.127882,113,1056.218228
67.004818,101,1056.41946
127.374213,154,1056.720365
74.751223,115,1057.241622
90.496737,123,1057.476837
103.474147,119,1057.70457
135.208761,170,1058.027547
66.304585,93,1058.508171
109.951231,146,1058.788294
74.322007,108,1058.994429
100.316741,133,1059.249671
57.120875,104,1059.75694
60.735778,121,1059.989381
81.300175,119,1060.217521
78.048906,131,1060.472569
76.584238,103,1060.681304
100.710913,136,1061.240097
59.083865,96,1061.425426
41.656751,68,1061.556282
78.975724,120,1061.794376
24.478705,124,1062.333311
103.646882,128,1062.577976
36.077885,64,1062.698914
84.71635,168,1063.022223
81.317673,125,1063.261296
114.521104,154,1063.832379
-182.299915,254,1064.320425
60.224175,86,1064.489017
75.80715,122,1065.000039
73.417156,152,1065.29911
52.714582,93,1065.476155
90.784899,117,1065.707056
92.686837,127,1066.232357
75.528471,106,1066.438718
90.816358,117,1066.671935
85.613642,107,1066.877774
71.508442,106,1067.07857
80.121487,122,1067.592492
105.299621,149,1067.879246
71.539732,115,1068.099993
78.341764,127,1068.343089
65.159176,111,1068.856149
86.911469,117,1069.078813
67.447132,110,1069.290726
68.247884,94,1069.470065
76.109396,122,1070.005358
92.210173,128,1070.248215
23.917494,189,1070.616204
80.19698,112,1070.835162
86.88363,119,1071.375499
98.95055,150,1071.666564
81.479753,119,1071.891941
130.492119,164,1072.206095
134.546039,168,1072.82918
56.904994,109,1073.035654
70.073368,155,1073.332159
90.218583,124,1073.871285
61.392999,92,1074.045401
85.271315,112,1074.258454
108.114376,177,1074.595328
78.86932,118,1075.119108
118.980753,165,1075.436828
86.696163,134,1075.70155
53.096848,83,1075.860694
89.341726,127,1076.38621
95.772463,127,1076.632106
89.077282,126,1076.872806
66.295923,117,1077.097719
88.772294,119,1077.326333
84.391261,128,1077.84897
88.260202,117,1078.077115
105.952862,134,1078.335914
75.755417,104,1078.534935
77.852272,107,1079.040776
71.871082,111,1079.253921
108.55569,141,1079.525529
86.87324,113,1079.741843
118.119437,184,1080.393203
94.158455,125,1080.637053
81.991328,118,1080.862298
62.354202,156,1081.465696
61.009112,88,1081.637188
101.975288,122,1081.872568
49.956555,86,1082.033922
72.986684,93,1082.213568
62.140175,92,1082.392294
55.43887,106,1082.872553
-2.467314,156,1083.173706
104.627771,140,1083.440349
54.671046,93,1083.617475
78.310073,108,1084.125635
74.750266,103,1084.324024
83.138844,133,1084.575883
56.399148,82,1084.73151
51.233737,86,1084.896481
95.220399,126,1085.442015
93.873724,139,1085.718409
135.619714,182,1086.067921
76.958674,108,1086.274644
98.952132,148,1086.864575
58.782571,87,1087.030109
71.842513,97,1087.216521
82.162545,110,1087.425636
113.666899,145,1088.013883
115.87746,160,1088.32166
67.645317,96,1088.506863
103.005224,132,1088.761729
128.52646,173,1089.391169
130.702772,156,1089.688386
85.500826,114,1089.905529
67.256121,99,1090.095941
68.132735,101,1090.607822
73.445854,94,1090.791993
76.48439,180,1091.136291
109.795408,140,1091.408649
79.787942,130,1091.96407
104.235092,125,1092.203141
114.71979,141,1092.472798
79.608863,143,1093.050305
70.700115,99,1093.238685
92.269826,113,1093.458472
69.986653,134,1093.711545
152.054044,200,1094.373847
86.490449,124,1094.613761
99.586493,126,1094.856047
59.836411,95,1095.039679
95.909266,128,1095.561834
79.234874,114,1095.784938
89.376105,123,1096.017991
50.701811,116,1096.244765
107.138498,154,1096.540812
109.177186,156,1097.144567
90.908148,117,1097.36844
75.092558,107,1097.573534
96.153155,129,1097.819501
74.674612,109,1098.309956
72.920452,100,1098.498513
97.887494,133,1098.752333
118.282588,178,1099.366042
81.345522,117,1099.595018
61.765338,94,1099.772583
85.355592,131,1100.020398
54.66542,96,1100.205123
93.769908,128,1100.731739
100.20909,142,1101.003455
129.547647,167,1101.324053
67.084492,94,1101.506435
102.368267,128,1102.033043
58.559737,86,1102.2004
62.965193,93,1102.381289
80.401028,112,1102.594424
50.456393,90,1102.76576
56.284041,106,1103.255808
74.835338,103,1103.456528
66.155426,98,1103.644466
128.135511,169,1103.965621
72.534407,127,1104.481846
62.387598,91,1104.656453
94.669982,127,1104.897523
87.923338,122,1105.129774
122.742469,168,1105.744176
71.85124,120,1105.974436
72.80786,99,1106.168494
72.378563,97,1106.353979
89.944794,119,1106.582821
100.841798,149,1107.176117
99.87507,170,1107.500868
78.989774,107,1107.706115
90.476493,128,1107.951898
90.652362,134,1108.516313
195.541989,231,1108.955136
67.690099,135,1109.214481
94.02676,115,1109.743793
95.24899,234,1110.191588
116.298384,159,1110.498227
94.359914,144,1111.0952
105.166428,131,1111.346175
49.406311,80,1111.498225
54.553301,96,1111.686114
83.743146,124,1112.230255
61.340041,86,1112.395447
-21.003482,139,1112.661724
96.75084,125,1112.89958
64.131949,96,1113.083291
103.771456,156,1113.688474
83.452887,115,1113.907757
100.044502,133,1114.158693
103.464887,184,1114.81301
80.843044,118,1115.035653
65.926564,91,1115.208819
123.175226,161,1115.517836
111.532277,152,1116.114825
73.322269,104,1116.31227
88.52799,124,1116.556871
84.035542,136,1116.82168
63.739518,88,1117.294732
101.852512,191,1117.660662
74.241383,119,1117.887441
92.323326,115,1118.106725
88.389737,120,1118.648678
61.447867,93,1118.82404
101.491956,144,1119.098703
101.202827,131,1119.352472
96.144689,129,1119.899381
102.231665,127,1120.141815
101.703457,122,1120.375562
87.93259,125,1120.620429
77.129735,105,1120.823108
99.515936,130,1121.376209
118.547928,156,1121.676751
81.818054,118,1121.903534
105.71042,144,1122.485271
129.880235,166,1122.802532
95.146069,115,1123.021868
80.532705,128,1123.269944
81.95442,113,1123.837574
105.062528,148,1124.119798
41.432434,73,1124.258052
148.945753,183,1124.60746
145.651148,188,1125.274523
55.701116,91,1125.450043
97.127089,132,1125.708868
73.228927,97,1125.897496
89.536998,127,1126.451383
70.238356,106,1126.658655
54.717079,88,1126.824939
83.092969,127,1127.067263
72.574173,100,1127.257716
102.430943,135,1127.819459
123.871357,158,1128.121149
69.299049,104,1128.320927
84.938785,123,1128.558667
97.667057,130,1129.106144
81.75395,119,1129.334033
86.150955,120,1129.56345
50.62236,112,1129.775941
89.41204,118,1130.31078
62.149304,94,1130.490207
68.827277,98,1130.686438
74.45396,100,1130.875429
-15.522453,179,1131.518591
64.929455,89,1131.697029
150.023775,179,1132.037028
85.188966,117,1132.260628
120.038695,159,1132.871917
115.64998,167,1133.193169
90.57798,133,1133.445143
75.845246,99,1133.634518
69.885246,114,1134.15564
77.044266,109,1134.364745
103.726001,137,1134.626778
96.11397,128,1134.873306
53.137072,129,1135.419168
75.384892,103,1135.622555
101.003672,138,1135.88864
72.14947,99,1136.075432
77.008375,116,1136.298205
102.467007,158,1136.91013
36.620475,71,1137.045523
148.047856,187,1137.403213
113.758094,219,1138.124595
73.69933,108,1138.330086
76.540761,106,1138.534325
91.023522,114,1138.751759
73.76049,101,1139.247813
84.23053,122,1139.480808
154.683965,204,1139.868793
99.848155,145,1140.14427
101.577172,128,1140.700267
83.053665,112,1140.9123
-40.495569,253,1141.401493
128.888341,163,1142.028591
89.093503,122,1142.262696
142.48852,232,1146.039966
94.472578,142,1146.622356
121.98366,168,1146.948392
102.397805,203,1147.337076
74.233295,99,1147.828713
150.330794,190,1148.195847
48.313944,77,1148.343117
107.085023,134,1148.601372
154.337825,197,1149.281022
84.153717,110,1149.494269
95.036299,139,1149.761225
101.357318,127,1150.315376
84.697762,154,1150.610703
71.626487,106,1150.815723
66.24113,91,1150.990645
109.176353,155,1151.591792
75.77885,108,1151.806524
67.634877,97,1151.99176
111.006746,154,1152.287103
106.288894,141,1152.558791
84.362447,120,1153.090364
76.185246,114,1153.312626
136.621547,174,1153.644246
77.490895,122,1154.177958
91.253878,122,1154.410846
102.330211,156,1154.709312
73.238817,168,1155.030624
107.405454,141,1155.609116
74.438611,122,1155.846197
-68.355022,178,1156.187999
69.938414,100,1156.376159
89.634149,125,1156.924787
80.638812,115,1157.144234
107.677551,135,1157.398301
102.041277,131,1157.649567
91.762442,127,1158.197607
104.697134,140,1158.466754
104.622236,154,1158.758866
108.877949,140,1159.328758
80.159438,108,1159.535035
91.541878,117,1159.758489
49.236478,110,1159.968093
63.687556,91,1160.142477
74.003489,136,1160.718616
101.789131,139,1160.980781
85.83656,127,1161.223008
53.772672,92,1161.399841
115.752799,145,1162.000611
-83.067223,184,1162.35758
90.977517,112,1162.572067
107.003832,136,1162.829913
105.829574,139,1163.400524
165.369659,205,1163.794139
108.579949,159,1164.101857
189.102297,220,1164.798514
77.060589,105,1164.999944
91.351384,132,1165.255275
104.830197,135,1165.810265
78.518647,111,1166.024103
138.271474,178,1166.367666
91.860869,138,1166.634521
91.916547,130,1167.163424
90.445239,131,1167.413429
90.124608,121,1167.64528
85.217613,149,1167.930803
143.244561,191,1168.587586
123.254891,152,1168.887074
70.522283,96,1169.072619
120.466057,150,1169.64658
88.172837,144,1169.923307
108.318838,139,1170.194073
137.966228,176,1170.829501
64.242029,90,1171.001318
74.586635,122,1171.237323
91.566175,121,1171.471109
53.65712,79,1171.629299
131.660114,162,1172.224547
157.795761,202,1172.611607
109.714364,189,1172.976417
45.085125,73,1173.394908
168.960498,206,1173.791286
95.667483,149,1174.083744
108.17962,145,1174.638065
82.481087,151,1174.929304
126.946787,156,1175.227631
59.941492,91,1175.405471
58.909284,119,1175.9172
123.883133,155,1176.214959
51.707968,82,1176.376162
103.415739,132,1176.637695
-74.325202,227,1177.360527
104.995866,142,1177.632308
67.947863,100,1177.822144
78.354741,113,1178.038583
79.739041,116,1178.538521
169.362998,209,1178.943596
242.386727,301,1179.803581
98.429145,147,1180.087089
65.516514,91,1180.262008
52.987847,96,1180.445771
138.219803,178,1181.088021
125.008361,196,1181.46178
85.019774,126,1181.709228
128.588963,342,1182.654454
-238.373387,236,1183.108815
101.227787,142,1183.658295
84.261408,117,1183.884233
-89.83157,251,1184.36362
123.324334,143,1184.915497
117.713749,166,1185.231078
118.028555,189,1185.595397
150.332385,229,1186.324216
81.95601,113,1186.540905
150.08419,183,1186.899907
73.001846,158,1187.486529
125.947437,151,1187.77495
95.043194,155,1188.073001
65.434662,99,1188.263943
118.541786,153,1188.834233
120.263737,187,1189.193892
183.586057,228,1189.942509
-17.675852,217,1190.358037
84.650717,120,1190.589534
98.383661,141,1191.170639
108.07964,148,1191.45284
94.861447,147,1191.743187
73.390618,97,1191.929419
109.660494,164,1192.546271
122.128382,157,1192.850075
120.606913,169,1193.172408
-100.447879,98,1193.359768
171.239366,209,1194.074237
81.366918,113,1194.292555
210.784959,274,1195.11598
-21.666002,191,1195.477211
101.562127,140,1195.751326
128.913016,166,1196.373477
226.659576,267,1196.88997
118.951841,156,1197.185466
80.420876,118,1197.719878
88.954106,129,1197.970717
158.391527,183,1198.323659
120.006839,170,1198.965755
149.447315,195,1199.342181
176.600394,238,1199.795467
95.40828,243,1200.563675
122.455514,269,1201.089365
90.444493,119,1201.621781
102.246396,141,1201.897035
153.069823,187,1202.259634
114.06164,152,1202.855371
95.732705,148,1203.141621
92.010457,156,1203.441419
12.74294,138,1203.704058
161.852885,212,1204.386733
69.362161,95,1204.572136
80.105977,102,1204.766538
76.631136,118,1204.99158
65.70322,92,1205.446989
63.832582,124,1205.689214
105.371053,140,1205.958183
132.767156,173,1206.294945
73.278106,104,1206.815854
81.319793,115,1207.036204
121.419953,148,1207.318185
76.254524,114,1207.541471
87.769105,125,1208.085099
92.265798,136,1208.341235
97.93393,151,1208.631226
71.850884,101,1208.822595
75.573721,169,1209.42289
150.94087,209,1209.820713
84.701565,123,1210.057983
170.462045,217,1210.789917
112.395233,159,1211.093602
115.209569,159,1211.401006
-288.012933,347,1212.380458
80.870459,119,1212.605956
105.293565,136,1213.17422
160.311178,187,1213.536488
117.053137,145,1213.811122
95.395424,123,1214.36479
93.62424,128,1214.610244
91.414182,110,1214.820107
70.942467,199,1215.199421
94.517416,151,1215.803485
75.995571,109,1216.012542
83.689592,193,1216.386599
158.306825,191,1217.063882
77.951579,107,1217.267471
176.524601,207,1217.659585
146.992105,191,1218.3288
73.872901,140,1218.596387
130.469843,169,1218.917094
124.495156,158,1219.519526
72.613322,101,1219.712204
72.195291,102,1219.90748
93.10677,169,1220.231116
143.083444,320,1221.158603
102.511949,144,1221.436828
89.979575,137,1221.705277
102.348977,133,1222.266938
112.476555,164,1222.582292
-6.492815,191,1222.948873
47.369256,184,1223.607143
114.213885,164,1223.920636
75.319664,101,1224.112664
183.690208,243,1224.890772
95.06132,130,1225.137331
78.756028,265,1225.961072
124.907262,149,1226.248457
96.384026,130,1226.497967
108.927862,199,1226.88714
142.912697,179,1227.557722
87.761837,113,1227.772691
97.490966,133,1228.025287
169.806398,204,1228.716972
129.40289,176,1229.055084
110.375183,159,1229.358406
89.124394,130,1229.916348
149.005115,183,1230.268027
59.24204,86,1230.432527
171.937336,214,1231.169871
119.078748,155,1231.46999
125.87155,161,1231.78575
97.351807,129,1232.032561
23.155252,218,1232.759874
134.697997,162,1233.070053
86.416769,115,1233.290891
215.247548,265,1234.108015
129.395053,180,1234.453796
103.929648,143,1235.03007
124.955095,149,1235.321073
131.296288,154,1235.621191
155.63886,213,1236.336889
89.21238,125,1236.574237
104.488831,130,1236.830681
49.954435,82,1236.988269
56.015751,84,1237.147348
184.063,244,1237.922347
84.680077,127,1238.169766
100.023898,131,1238.422347
182.776475,231,1239.164717
66.944958,89,1239.335576
72.984824,106,1239.535597
192.043196,252,1240.318671
126.2598,153,1240.618898
116.670191,169,1240.950017
106.132639,148,1241.53741
141.411091,205,1241.936822
144.16703,198,1242.315754
107.498432,145,1242.896901
104.800558,138,1243.158817
110.137458,150,1243.44346
123.361499,160,1244.056109
111.128451,137,1244.320215
66.48166,181,1244.666729
88.453157,118,1244.895878
73.497839,113,1245.41301
115.993576,147,1245.700908
123.813307,162,1246.012027
151.337676,182,1246.668053
118.058489,161,1246.979702
137.300894,178,1247.321842
65.743919,105,1247.521859
94.736062,143,1248.105105
133.176,188,1248.465439
156.285441,198,1248.846238
186.866516,245,1249.625144
112.448832,147,1249.903069
96.564719,126,1250.149075
108.302183,148,1250.751229
70.051755,104,1250.948827
166.482276,204,1251.340632
99.720333,121,1251.88615
-401.226888,381,1252.621471
158.995127,207,1253.300746
122.16969,153,1253.595405
146.886301,172,1253.925616
114.246569,135,1254.461662
147.697103,171,1254.792828
-227.563803,316,1255.692195
109.815049,133,1255.948065
68.993261,110,1256.16231
134.285277,181,1256.513539
103.3304,130,1257.072495
133.2797,164,1257.387292
74.246803,109,1257.591429
121.24298,190,1258.26909
31.944228,208,1258.668611
118.277714,142,1258.940716
92.118888,187,1259.608644
115.366333,237,1260.062261
95.331518,142,1260.336756
80.084748,117,1260.872327
86.172404,123,1261.109929
124.535368,153,1261.402384
85.694385,109,1261.608501
24.443885,184,1262.278159
149.057003,186,1262.637693
187.420225,229,1263.375279
99.039783,132,1263.627064
46.024623,177,1263.963616
110.459962,180,1264.312169
109.109597,130,1264.863803
110.850469,134,1265.119727
71.728591,112,1265.335602
90.370361,124,1265.572217
93.088235,131,1266.137404
98.977602,129,1266.384059
160.623673,206,1266.790029
125.763837,169,1267.417104
-134.240354,155,1267.714084
93.290111,133,1267.968587
101.388294,146,1268.552218
104.328224,132,1268.804513
150.990386,193,1269.174518
64.683448,99,1269.36801
94.27835,161,1269.988713
110.478209,152,1270.283459
184.607065,226,1270.728249
82.02532,114,1271.249898
206.279533,258,1273.23719
143.854436,171,1273.569973
85.186501,150,1274.155868
142.715338,179,1274.499964
170.791032,201,1274.887917
78.153542,110,1275.400678
66.459968,332,1276.046068
49.918904,187,1276.73012
60.171619,98,1276.919755
169.148483,200,1277.306976
120.828325,156,1277.908865
97.082342,135,1278.167092
112.399162,191,1278.534057
104.469423,154,1279.126905
169.682033,218,1279.546637
82.32097,113,1279.764473
84.974463,145,1280.041751
147.399311,177,1280.690557
83.747307,120,1280.921652
86.413937,113,1281.141845
-38.039462,206,1281.844774
74.311614,102,1282.038775
112.329175,139,1282.309117
133.186598,175,1282.646983
159.422131,219,1283.375309
73.775673,107,1283.57956
173.110998,204,1284.281025
86.42632,175,1284.61645
110.985028,166,1284.930133
149.989005,171,1285.563472
151.738964,190,1285.934332
128.598408,194,1286.309268
108.013374,159,1286.921648
133.227821,233,1287.366385
158.027948,190,1287.732078
129.608815,151,1288.326282
99.025239,125,1288.562784
83.367758,115,1288.782424
184.790555,243,1289.553189
2.030179,208,1289.959839
124.941472,162,1290.2724
147.083259,173,1290.927301
106.136926,136,1291.185167
98.013827,148,1291.472224
159.704174,260,1292.280227
181.359975,215,1292.693273
105.791649,138,1292.956222
128.534875,157,1293.562695
56.453473,81,1293.716505
146.008013,182,1294.064011
74.668369,111,1294.579368
117.984858,175,1294.911248
161.209897,199,1295.294085
122.496458,176,1295.941211
111.865643,164,1296.258688
86.523603,123,1296.493361
109.525601,161,1296.815671
133.772749,180,1297.469146
99.713501,121,1297.702192
72.630906,100,1297.89044
-47.641702,163,1298.511774
35.88572,287,1299.059453
109.790148,149,1299.349789
138.064817,256,1300.141059
94.792296,134,1300.401276
81.586637,199,1301.094689
103.180065,132,1301.347982
102.797732,156,1301.650293
116.922799,141,1301.922699
84.919465,104,1302.430299
83.32625,143,1302.702041
69.05761,100,1302.89559
108.471532,151,1303.187678
82.060461,121,1303.723327
101.878437,136,1303.983644
79.348195,113,1304.19826
120.269774,173,1304.528278
93.786532,173,1305.155586
212.56846,246,1305.632891
113.434155,161,1306.251451
113.675602,148,1306.540113
159.793475,205,1306.93936
100.973864,169,1307.57044
207.488925,256,1308.059457
87.622541,127,1308.306833
234.324893,266,1309.121512
108.439614,139,1309.390235
166.566901,239,1310.158907
56.315383,81,1310.313906
137.536093,178,1310.660262
235.9675,287,1311.50749
91.111062,126,1311.75614
72.651627,101,1311.950112
181.818036,224,1312.696395
117.728607,195,1313.07382
246.04148,309,1313.95407
127.327297,153,1314.248143
79.260775,115,1314.471471
129.730238,159,1314.775406
150.443633,169,1315.382669
78.447811,104,1315.583435
110.98015,139,1315.859357
93.700056,120,1316.092334
128.113687,153,1316.688135
70.381279,115,1316.906513
100.599221,166,1317.221669
114.168368,197,1317.918042
112.942487,159,1318.221914
107.872262,155,1318.520322
77.750197,117,1318.746888
142.932343,170,1319.377626
192.747164,232,1319.82496
116.180447,139,1320.404564
114.998375,137,1320.673383
154.172994,182,1321.025714
89.880049,125,1321.264715
123.142756,469,1322.476794
81.978587,113,1323.003735
111.736375,151,1323.295506
79.626573,117,1323.519892
228.279554,279,1324.369701
215.220707,244,1324.843397
-85.44578,92,1325.019218
99.844796,311,1325.964387
146.97565,175,1326.306989
166.366244,208,1327.015301
17.671875,328,1327.650808
194.07134,246,1328.440838
137.270799,177,1328.779046
45.300568,272,1329.607933
158.228982,267,1330.123625
133.758322,175,1330.457616
167.263545,212,1331.175023
186.317236,230,1331.617253
106.917488,153,1332.217928
75.418529,120,1332.448184
84.119892,156,1332.745703
154.17067,186,1333.420395
114.499808,202,1333.80844
124.485435,161,1334.1181
117.14848,159,1334.734777
195.757312,227,1335.164311
174.129027,201,1335.546398
157.977801,275,1336.397232
98.788874,132,1336.654825
-37.957501,407,1337.737385
128.791666,175,1338.071325
112.202518,138,1338.641513
96.536556,146,1338.922728
212.883693,256,1339.414594
232.62987,271,1340.23999
75.771476,115,1340.459303
146.733288,178,1340.807545
144.706212,178,1341.454321
186.507795,219,1341.879507
165.809302,236,1342.635098
137.141076,184,1342.986192
238.896859,279,1343.830597
22.955275,254,1344.318294
189.377747,308,1345.209382
148.604196,173,1345.542524
259.249849,293,1346.417187
156.794732,192,1346.795009
150.251706,189,1347.155292
232.886703,278,1347.994801
152.002336,207,1348.393091
165.850135,213,1349.118409
115.551588,143,1349.391654
86.432239,118,1349.617979
147.844981,177,1350.259426
165.073311,174,1350.598355
287.153031,360,1351.6064
246.926855,300,1352.185704
112.505695,212,1352.897249
165.850229,225,1353.331426
141.830906,181,1353.683216
99.654329,263,1354.50887
75.967431,249,1354.985536
130.396802,170,1355.617153
176.540976,285,1356.168314
218.974393,246,1356.95553
47.77799,143,1357.228194
106.829872,188,1357.595519
57.670331,259,1358.399481
147.857274,269,1358.916572
206.568694,239,1359.680523
6.013184,236,1360.131765
186.313589,357,1361.134033
76.400452,204,1361.524459
186.847813,241,1362.30051
173.269011,219,1362.719238
97.12074,135,1363.280833
148.760393,209,1363.686534
194.519053,230,1364.444491
152.078916,200,1364.825159
136.851043,171,1365.151725
265.542489,294,1366.030617
64.4206,116,1366.254108
181.521609,221,1366.684949
173.241979,273,1367.515118
155.778156,241,1367.974099
69.853798,124,1368.514267
148.760026,210,1368.919937
36.648477,409,1370.010673
167.256952,211,1370.411924
215.264063,261,1371.224933
245.536198,370,1372.247679
173.582903,204,1372.640705
268.938721,380,1373.679353
211.813564,240,1374.134925
180.60547,202,1374.827907
215.37597,244,1375.296206
119.255119,160,1375.606723
156.984678,180,1376.260886
176.876169,285,1376.814745
158.156171,198,1377.494051
167.592522,184,1377.852024
163.801056,204,1378.246395
255.867014,282,1379.091719
204.82506,245,1379.564664
134.360309,166,1380.180794
0.171541,266,1380.699492
-47.325936,478,1381.926849
134.777642,175,1382.570107
115.98808,146,1382.85068
95.7526,141,1383.121795
173.489609,222,1383.828002
189.509078,229,1384.271634
133.932471,167,1384.592608
92.469255,130,1385.120128
312.274386,343,1385.795853
139.813188,179,1386.416687
214.285332,246,1386.901263
142.231696,177,1387.246423
139.48051,188,1387.883908
163.616235,199,1388.262012
67.213501,115,1388.481961
252.59126,309,1389.347196
115.030073,156,1389.6489
142.46189,176,1390.28825
-18.71312,215,1390.716808
160.94108,214,1391.431981
165.741217,198,1391.818267
182.408564,213,1392.226977
177.518196,196,1392.910699
195.089506,243,1393.380526
167.544593,276,1394.213457
294.798122,347,1394.881435
14.814199,129,1395.431576
112.410421,140,1395.709001
200.562539,238,1396.170119
176.559574,208,1396.883331
169.468002,203,1397.270201
127.64688,167,1397.589672
236.596988,265,1398.406838
268.089393,321,1399.341033
204.276212,238,1407.929351
170.1827,202,1408.638255
105.725152,142,1408.909466
189.275511,243,1409.387894
130.874022,173,1410.027424
81.225547,135,1410.290431
251.69923,349,1411.271951
145.059654,171,1411.603897
154.682639,183,1411.950458
263.114017,322,1412.854011
150.561358,192,1413.22397
118.513657,157,1413.807101
249.292296,297,1414.378565
257.15692,285,1415.204967
271.1689,351,1415.883637
153.21559,187,1416.549413
151.077368,183,1416.900654
132.517802,163,1417.218424
212.262127,319,1418.14128
285.614611,350,1419.113464
94.416375,128,1419.362166
156.876772,202,1419.763028
102.531559,131,1420.300655
196.159575,240,1420.756379
169.526322,212,1421.159863
254.608726,349,1422.137934
243.248315,286,1422.987848
176.907468,192,1423.357499
145.012076,190,1423.739314
164.086097,204,1424.433502
145.61527,167,1424.762486
251.030779,285,1425.614148
210.737903,243,1426.085906
179.153981,209,1426.798804
149.692262,185,1427.153447
144.662643,174,1427.489629
155.503203,217,1428.209867
94.04835,122,1428.452079
-121.208774,155,1428.757145
219.883395,250,1429.511295
166.907249,207,1429.913854
96.25982,143,1430.188013
104.460639,144,1430.742887
61.755342,187,1431.107945
288.876447,335,1432.036604
159.238978,215,1432.451174
189.098754,247,1433.210468
221.900548,272,1433.741699
320.573035,512,1435.057915
212.401003,248,1435.845717
123.006558,289,1436.405537
179.843193,228,1437.146466
102.522372,137,1437.411427
25.560878,198,1437.791181
319.563203,364,1438.801637
304.850083,323,1439.729473
148.765071,208,1440.12955
66.094324,448,1441.293428
183.935746,227,1441.73226
191.638683,287,1442.56492
89.308118,252,1443.048866
247.777965,857,1445.263307
153.939715,199,1445.923996
90.718322,124,1446.159879
128.533855,148,1446.448047
333.264935,386,1447.47932
32.443928,434,1448.590588
171.531781,244,1449.060433
258.552212,285,1449.897458
149.912535,174,1450.230825
169.971553,202,1450.620837
-15.009947,167,1451.21806
139.544516,179,1451.560083
214.810155,250,1452.343323
-175.39882,341,1453.003477
262.254736,299,1453.866601
146.448272,171,1454.197424
125.307352,150,1454.485022
145.364304,222,1455.195509
161.742586,195,1455.5687
135.422613,189,1456.211818
270.674564,338,1456.864908
316.666921,443,1457.992828
162.666533,220,1458.697955
162.24841,190,1459.065239
177.900594,212,1459.4735
130.266312,168,1460.075246
135.375018,188,1460.436157
108.503778,183,1460.788307
-478.931527,366,1461.768241
257.095333,336,1462.707607
272.543661,485,1463.922112
248.646416,280,1464.458887
206.851879,275,1465.271383
106.271074,152,1465.567045
229.054332,365,1466.551285
137.377969,171,1466.879532
225.494354,276,1467.701298
137.605635,190,1468.069919
157.125944,285,1468.90933
166.098519,209,1469.314072
133.809255,163,1469.634794
281.797105,306,1470.504743
539.34437,729,1472.209791
225.724482,262,1472.996551
162.561954,238,1473.456386
105.863973,123,1473.974686
189.621891,240,1474.445752
81.415361,588,1475.865132
170.306533,208,1476.541285
87.212171,181,1476.886132
385.779719,434,1478.032217
112.194945,159,1478.336169
115.474802,142,1478.616609
114.876736,146,1479.183644
112.102552,170,1479.510606
206.05727,314,1480.400039
87.912848,117,1480.626858
216.308572,244,1481.096044
194.996759,235,1481.856814
-39.288987,391,1482.920887
234.051092,290,1483.478175
338.751756,433,1484.634053
169.724175,206,1485.030235
221.311854,378,1486.061693
385.751865,486,1487.299129
92.061726,168,1487.621242
312.110601,402,1488.714276
139.686768,480,1489.954434
-143.663779,335,1490.889491
127.525428,168,1491.215083
107.284827,139,1491.485084
221.912926,274,1492.296098
172.276783,195,1492.672112
156.838479,196,1493.327886
47.499663,120,1493.563367
111.180643,222,1493.99142
154.370344,183,1494.662416
180.301415,219,1495.087917
235.999827,255,1495.884833
121.317099,145,1496.168202
143.429839,177,1496.508598
229.290713,272,1497.342295
-7.303415,229,1497.786638
220.94222,279,1498.639524
210.38265,263,1499.144253
148.251883,182,1499.810961
189.018186,225,1500.237209
209.741877,243,1500.982103
135.557806,179,1501.326594
212.753669,248,1501.805631
229.162036,286,1502.633795
151.630961,371,1503.637426
310.385884,373,1504.362228
145.537893,177,1504.980766
85.017274,132,1505.235306
105.541865,151,1505.522283
334.28558,452,1506.669479
259.477963,316,1507.568072
115.225984,159,1507.876229
433.283455,498,1509.119407
126.850024,746,1511.123705
59.096261,88,1511.294366
165.723045,202,1511.678526
-43.94806,371,1512.702437
98.847075,129,1512.949561
180.393429,653,1514.525432
284.094271,344,1515.499216
127.274224,197,1515.876246
133.771893,166,1516.505843
281.511564,320,1517.113956
129.020493,232,1517.870298
195.805805,238,1518.333729
192.390023,233,1519.095507
135.326724,174,1519.433927
261.844398,321,1520.363038
155.74873,252,1520.846617
134.076049,166,1521.46811
32.657488,158,1521.775116
214.334755,246,1522.249568
269.717718,477,1523.470974
244.282013,269,1524.311813
268.422467,359,1525.315242
111.025991,141,1525.5986
185.678484,246,1526.075957
164.778086,211,1526.78621
172.305264,223,1527.212686
200.944814,229,1527.950975
88.504718,220,1528.378463
247.54697,301,1529.250973
160.2394,200,1529.647465
352.111051,416,1530.745606
166.195689,187,1531.11327
137.546019,207,1531.848335
149.080786,180,1532.198838
217.755505,252,1537.936682
367.27096,536,1539.293552
171.601737,216,1540.019751
-27.852464,131,1540.274557
147.344638,185,1540.629993
238.293374,335,1541.575801
121.625421,160,1541.880982
168.791331,282,1542.728248
125.998681,182,1543.080611
204.678468,262,1543.892418
258.276754,289,1544.455675
117.538478,155,1545.060819
135.927822,191,1545.429023
205.991996,248,1546.212109
162.790628,202,1546.598603
165.875253,209,1547.001069
186.034006,216,1547.72052
176.452402,236,1548.173837
-142.782138,194,1548.848436
198.601238,231,1549.302281
200.254261,378,1550.343444
174.867126,202,1550.731686
142.036819,171,1551.367928
221.677002,254,1551.855486
525.668944,623,1553.358876
129.665398,195,1554.04508
250.016295,308,1554.641407
144.86326,194,1555.325859
104.094727,148,1555.610731
177.737382,205,1556.005749
134.946078,171,1556.643165
171.504402,221,1557.07122
256.804491,301,1557.960406
238.564424,286,1558.514369
113.18618,140,1559.100625
159.243041,190,1559.471801
208.997391,235,1559.925393
149.903721,183,1560.592164
291.667292,366,1561.296801
108.925577,145,1561.887872
323.600137,360,1562.578753
314.151458,397,1563.646985
99.477428,133,1563.900691
198.335932,217,1564.625034
110.071024,283,1565.171841
286.761437,345,1566.141177
165.065239,211,1566.852193
211.431369,251,1567.345127
190.292119,225,1567.779124
112.501337,155,1568.385444
49.29423,90,1568.556647
-38.410936,194,1568.93921
109.250343,145,1569.524463
130.735448,156,1569.82585
227.027651,272,1570.360864
238.77109,261,1571.164705
169.358601,198,1571.542331
168.176881,198,1572.227138
167.183649,197,1572.609408
157.863303,206,1573.004559
116.608333,156,1573.60948
182.89365,235,1574.06788
132.430139,174,1574.707313
175.768378,248,1575.189052
138.417017,183,1575.541433
190.303692,260,1576.347414
234.674785,266,1576.853989
282.409416,351,1577.837282
110.789205,145,1578.113814
18.316733,273,1578.956839
-44.94591,244,1579.433039
202.420505,245,1580.214866
241.102052,262,1580.724285
373.75331,428,1581.825917
102.771213,182,1582.454289
151.341893,208,1582.863349
147.024267,188,1583.223403
131.935833,157,1583.810898
247.354653,285,1584.382993
137.39114,176,1585.006084
-24.193686,379,1585.738321
418.327465,568,1587.128251
137.440297,167,1587.722139
195.198951,239,1588.183094
219.636458,393,1589.235207
178.695489,251,1589.999683
183.198901,208,1590.40353
0.031936,123,1590.640153
156.235802,190,1591.292269
157.737676,203,1591.685924
125.586163,164,1592.001092
261.421178,335,1592.940288
208.498101,246,1593.416012
200.766918,250,1594.181146
495.518944,713,1595.845381
159.057506,181,1596.474675
250.005037,282,1597.022935
166.106443,219,1597.750033
216.740615,240,1598.210817
113.696871,152,1598.504642
472.089125,492,1599.765326
151.341282,192,1600.437367
312.680412,361,1601.136828
219.90857,242,1601.906315
199.415008,242,1602.372607
110.388592,138,1602.940323
1.791642,167,1603.261612
491.972233,594,1604.713638
301.790868,346,1605.683863
214.78831,271,1606.207986
133.841985,176,1606.853085
178.22095,204,1607.250284
427.666638,603,1608.738334
444.162775,486,1610.001984
242.572723,295,1610.868885
-24.166047,144,1611.144898
186.42736,715,1612.821203
146.653429,186,1613.48031
137.000195,189,1613.844025
144.748369,180,1614.507566
221.026498,259,1615.017769
356.027979,429,1616.144121
114.840232,187,1616.506041
97.762942,228,1617.252447
183.157342,241,1617.71487
-97.423354,88,1617.881144
220.659649,252,1618.679613
234.007744,290,1619.251624
37.750465,68,1619.385431
185.823362,243,1620.161372
324.936296,376,1621.190431
105.143584,149,1621.47933
205.483507,237,1621.93662
218.384003,273,1622.79652
231.450814,351,1623.781394
184.109545,213,1624.20824
276.770342,424,1625.34508
214.718864,280,1625.882854
181.096422,207,1626.564849
176.959816,214,1626.976774
191.224366,225,1627.692039
345.663264,549,1629.041389
267.722297,327,1629.677682
-404.313583,334,1630.608547
152.019135,188,1630.969591
432.094278,493,1632.236161
269.892846,297,1633.119646
334.345126,381,1634.169739
244.84151,401,1635.243113
166.451889,225,1635.672966
117.302413,152,1635.971471
302.966169,352,1636.955771
168.297447,203,1637.355439
363.08721,475,1638.579647
182.369847,225,1639.297658
191.660193,231,1639.748089
129.801037,186,1640.396487
119.229469,188,1640.760472
118.463808,183,1641.115947
312.458807,554,1642.46057
374.536295,416,1643.566176
94.750237,121,1643.797027
244.611576,269,1644.623757
123.266764,157,1644.925011
129.257478,155,1645.534516
259.174625,293,1646.100642
262.035892,432,1647.265714
253.513478,319,1648.192303
347.385645,384,1648.935024
191.85847,223,1649.679661
250.169898,550,1651.046467
189.994073,211,1651.452574
217.913957,292,1652.3362
267.751226,296,1652.907639
177.373805,212,1653.616765
207.95085,233,1654.071778
204.501692,250,1654.855549
93.904031,132,1655.118222
131.90673,183,1655.474275
204.804419,258,1656.281668
189.858861,236,1656.733516
-94.552384,204,1657.431479
286.051112,314,1658.037946
334.387396,501,1659.320523
177.916418,215,1660.039293
214.085465,250,1660.523273
145.597255,217,1661.24192
51.929695,216,1661.665373
155.729458,177,1662.007602
98.94912,124,1662.552158
227.187164,489,1663.801336
172.816293,195,1664.186937
124.276175,166,1668.375017
339.371149,388,1669.432325
210.930023,249,1670.22232
159.355595,212,1670.634271
55.086865,89,1670.806219
12.815756,244,1671.575054
181.880386,223,1672.008118
190.526006,213,1672.419063
189.575036,207,1673.124169
278.324545,334,1674.083162
194.680923,273,1674.607801
165.263077,230,1675.369738
194.376801,219,1675.789335
262.461422,308,1676.687756
186.994817,396,1677.453959
281.304061,396,1678.519391
403.99707,458,1679.702307
170.531645,239,1680.164526
281.500036,312,1681.067097
185.923897,221,1681.498855
55.522504,371,1682.504304
285.211239,331,1683.448514
238.296301,271,1683.97897
200.3454,239,1684.751143
254.217149,283,1685.312793
98.327223,339,1686.262413
101.590179,140,1686.532634
349.678046,454,1687.721085
160.592604,247,1688.495582
145.00372,187,1688.853507
99.687237,131,1689.112565
217.008535,336,1690.063461
16.517512,136,1690.326921
226.075917,252,1691.114899
124.682479,387,1692.164665
191.898653,234,1692.61744
112.458817,142,1692.889896
131.068039,160,1693.506086
220.160279,251,1693.997301
177.922457,201,1694.39197
177.165567,203,1695.094878
140.119271,170,1695.425242
111.283615,141,1695.692619
11.493045,259,1696.506504
155.257235,214,1696.917115
189.928422,224,1697.655565
139.667954,186,1698.020147
69.201061,99,1698.2081
381.420394,438,1699.361944
215.590898,355,1700.362558
192.079282,214,1700.772805
165.489915,199,1701.474212
140.875278,236,1701.931566
396.218395,563,1703.33055
154.43091,186,1703.998255
277.50527,320,1704.626228
299.93045,327,1705.572772
176.449758,217,1705.988951
252.478586,358,1706.992975
197.612079,225,1707.431302
174.241443,187,1708.095301
242.399157,299,1708.671892
201.742848,248,1709.466435
156.748174,190,1709.842678
189.569677,232,1710.597546
216.70354,247,1711.069253
160.885579,197,1711.75488
264.098639,382,1712.485783
-124.877895,240,1713.250106
149.490557,422,1714.395947
200.04964,247,1714.876143
196.717012,266,1715.698284
253.649812,312,1716.306806
202.66192,219,1717.030866
256.425911,296,1717.608358
-62.797037,200,1718.271378
220.984538,270,1718.795755
212.374764,246,1719.566875
-178.352669,390,1720.322048
466.153819,521,1721.637996
192.834628,212,1722.34601
183.525855,237,1722.800847
257.163841,291,1723.667309
264.931828,338,1724.625225
119.001246,143,1724.897758
306.573616,413,1726.001218
239.894245,264,1726.509309
157.17272,238,1727.267518
199.948748,233,1727.720955
254.874972,389,1728.773278
237.681645,258,1729.28281
168.935004,304,1730.156869
232.749793,263,1730.669741
213.138152,256,1731.446097
188.717757,229,1731.89279
101.5248,131,1732.424114
188.18315,218,1732.844824
180.37945,208,1733.250403
162.803574,195,1733.930475
152.246769,182,1734.288738
193.905338,226,1735.035548
288.638686,342,1735.70228
215.748195,237,1736.465558
223.907931,375,1737.191915
147.438653,183,1737.850052
166.895965,197,1738.235756
164.803539,202,1738.931918
201.193436,245,1739.420111
374.298961,406,1740.520222
163.542213,194,1740.891977
190.020914,231,1741.640688
145.942492,176,1741.979038
158.759434,174,1742.318135
206.285433,232,1743.074023
221.885877,244,1743.552479
253.653687,295,1744.441
185.278343,269,1744.961446
202.795314,263,1745.789523
186.717633,220,1746.216235
219.632865,249,1747.012721
282.003932,328,1747.959027
264.247304,310,1748.561547
131.920765,164,1748.879567
387.990473,482,1750.131389
204.274081,234,1750.889002
115.914193,154,1751.185601
228.42112,279,1752.035006
98.23152,212,1752.447578
239.519247,410,1753.552303
84.4949,112,1753.767254
253.94163,340,1754.74164
71.212581,97,1754.92953
115.670156,281,1755.778532
182.570968,218,1756.204673
342.683287,375,1757.2327
207.574722,245,1757.706271
156.261456,208,1758.411413
165.972938,209,1758.814645
184.756057,261,1759.330854
265.688643,302,1760.220026
265.003867,296,1761.105257
189.676356,210,1761.514151
387.444072,538,1762.852659
213.970934,263,1763.667259
159.194459,183,1764.032852
182.252161,203,1764.42791
115.185062,141,1765.010297
139.352297,162,1765.326725
347.241743,395,1766.407568
223.602949,286,1766.963276
298.42563,355,1767.956313
213.247959,276,1768.796075
248.283562,299,1769.385558
-53.161762,346,1770.365331
131.809272,171,1770.700839
144.157204,175,1771.044213
206.171835,287,1771.902189
243.207827,287,1772.759681
212.470778,244,1773.232076
173.951318,219,1773.656775
135.800975,188,1774.334594
224.517877,276,1774.868068
242.296319,302,1775.75656
175.189177,189,1776.1234
228.155735,269,1776.950351
330.474296,359,1777.948315
169.172,214,1778.366846
131.318451,157,1778.673701
112.038294,135,1779.243046
223.890167,250,1779.735137
113.91944,138,1780.008491
269.261457,297,1780.886443
192.54828,240,1781.356903
154.923691,217,1782.077556
202.947082,228,1782.521859
205.605403,325,1783.453709
157.021584,180,1783.802871
259.591559,290,1784.680941
184.089264,217,1785.102089
303.736607,368,1786.115868
152.536453,170,1786.448122
221.753987,248,1787.243069
279.333068,326,1787.878974
176.756037,208,1788.588725
208.204767,252,1789.081167
125.338348,154,1789.681835
111.670378,149,1789.962999
146.697621,163,1790.283508
-447.280713,353,1791.266687
189.412466,216,1791.682738
209.67666,253,1792.476949
139.540525,165,1792.791498
161.846827,205,1793.491576
222.740946,272,1794.023899
132.339534,149,1794.313983
151.020086,193,1800.030462
412.464357,450,1801.207746
141.237012,165,1801.524855
341.494229,404,1802.600152
244.635924,280,1803.149177
298.589969,345,1804.128817
200.898751,230,1804.576067
198.675699,251,1805.373631
217.04868,240,1805.839082
334.093347,375,1806.870034
210.153174,239,1807.636317
257.167533,312,1808.244074
302.297226,397,1809.326498
240.328799,256,1809.827494
297.726234,405,1810.925902
291.731072,306,1811.821814
192.098993,230,1812.2698
321.720311,422,1813.387635
197.722835,303,1814.295421
365.742528,398,1815.075349
262.134768,305,1815.965369
298.618581,432,1817.110689
155.513973,179,1817.460285
288.150476,364,1818.462295
197.607745,224,1818.891531
170.11168,200,1819.571513
307.477055,363,1820.591588
162.942773,202,1820.980842
217.698396,328,1821.90925
224.540782,256,1822.412638
180.151953,213,1822.827224
309.153791,376,1823.865538
214.600413,282,1824.69978
195.919956,213,1825.118479
167.577149,281,1825.947789
231.482986,269,1826.477053
461.066834,503,1827.723401
191.009803,224,1828.430169
128.535105,162,1828.741347
212.499136,230,1829.194486
172.303317,209,1829.935496
203.369703,274,1830.472632
485.451845,507,1831.752505
150.121258,191,1832.422016
170.19751,219,1832.845587
370.048443,383,1833.892702
225.755873,293,1834.467522
312.782756,436,1835.617012
157.907862,288,1836.478971
220.138059,296,1837.048007
169.36967,218,1837.777444
223.547303,329,1838.720231
346.811985,397,1839.49539
186.691389,214,1840.214518
219.525122,309,1840.811989
371.034202,393,1841.876805
348.971851,383,1842.919225
575.64225,722,1844.634538
138.084482,170,1845.275925
194.493789,251,1845.769638
274.859327,332,1846.713507
249.700295,277,1847.245891
192.054418,225,1847.979781
162.535602,195,1848.360085
126.86149,149,1848.648988
202.797971,243,1849.440126
154.085664,247,1849.915652
194.65201,235,1850.680869
179.401713,251,1851.162931
205.500353,269,1851.986638
303.563034,326,1852.616887
300.178909,331,1853.568705
163.181676,206,1853.972211
192.127556,229,1854.73001
151.625365,191,1855.100173
355.247867,426,1856.226514
272.173535,321,1857.149206
174.702883,322,1857.772158
236.993151,343,1858.736936
124.899621,184,1859.101642
227.074873,282,1859.957438
278.765388,335,1860.923928
186.495221,275,1861.459362
210.146238,244,1862.239425
224.93834,275,1862.773086
255.338931,355,1863.761137
254.33034,493,1865.047668
130.55575,233,1865.50585
611.6114,662,1867.398394
417.924459,464,1868.613198
193.997666,228,1869.06063
577.499688,764,1870.866434
254.792926,301,1871.763865
245.603939,298,1872.648401
148.282481,205,1873.037866
101.762114,162,1873.352942
81.511258,156,1873.962752
154.771453,208,1874.373225
58.029502,83,1874.532899
252.076312,336,1875.49455
308.773295,341,1876.4616
180.229904,293,1877.029197
185.816468,221,1877.769269
426.805114,455,1878.649307
110.749413,143,1879.240947
230.066679,249,1879.726325
147.427068,184,1880.392563
147.041128,184,1880.750391
185.381571,222,1881.179939
225.361216,322,1882.099544
229.522562,269,1882.622791
324.77504,478,1883.857708
554.438865,646,1885.722758
153.00652,178,1886.06838
364.633629,458,1887.267393
233.011584,260,1887.771475
202.371285,245,1888.564685
375.997818,594,1890.033055
342.303473,483,1891.283363
258.855082,292,1892.169135
377.50299,398,1892.947075
244.729983,261,1893.761682
259.236775,282,1894.326605
180.138318,210,1895.057859
346.185195,393,1896.126202
167.614602,380,1896.867623
68.320699,95,1897.3554
223.385448,316,1897.962086
275.309952,307,1898.860376
342.760185,367,1899.589041
345.986369,452,1900.771154
263.752707,288,1901.630734
295.344856,345,1902.579522
243.069312,292,1903.141632
240.389355,270,1903.971513
237.447475,280,1904.519372
330.301388,405,1905.613417
205.686835,275,1906.445539
401.667787,473,1907.359587
13.297704,202,1908.027715
245.456195,282,1908.587581
209.188885,250,1909.361434
343.901156,375,1910.396748
228.704323,300,1910.979731
207.970814,235,1911.738242
226.331983,268,1912.253787
272.721666,309,1913.16259
504.027761,598,1914.644233
145.72511,182,1915.004552
228.575335,270,1915.838851
127.072604,171,1916.172625
228.17424,271,1916.998066
341.515351,424,1918.128202
198.254753,235,1918.582024
230.759338,270,1919.415457
153.713696,286,1919.974912
339.196308,371,1920.999223
150.669554,186,1921.362863
288.72503,315,1922.275266
84.303995,112,1922.495826
85.03818,130,1922.749171
305.179428,339,1923.716507
466.044496,527,1925.062969
173.657049,234,1925.521117
276.666521,327,1926.437555
245.868399,288,1932.971425
186.35191,265,1933.492874
211.177111,269,1934.319837
326.968086,366,1935.036834
299.967047,554,1936.416992
189.324734,211,1937.123114
199.265992,222,1937.557033
322.658682,382,1938.596181
130.86446,676,1940.2256
202.649424,230,1940.983824
445.868878,523,1942.310622
321.297407,441,1943.474713
235.104382,285,1944.034247
115.614883,136,1944.599218
58.11446,86,1944.764743
132.258297,170,1945.102497
229.277908,265,1945.895789
193.287775,217,1946.32957
253.686838,327,1947.241082
180.632281,225,1947.674884
311.518743,378,1948.715668
270.271431,374,1949.749554
286.446463,407,1950.539734
232.641081,290,1951.392957
283.694535,330,1952.340595
190.210356,214,1952.757618
315.097029,338,1953.7119
257.275464,296,1954.295487
360.854982,758,1956.369772
156.632844,239,1956.830835
150.091249,210,1957.517817
128.177676,169,1957.843382
201.614483,278,1958.390145
269.040879,290,1959.24121
370.607004,935,1961.653875
221.783422,258,1962.159197
240.030829,270,1962.987283
213.676427,239,1963.45676
231.599815,279,1964.307084
291.742546,317,1964.928392
253.253201,326,1965.86995
280.044819,303,1966.741246
200.400442,244,1967.213238
170.054971,214,1967.911383
337.628133,441,1968.774212
167.016493,204,1969.452497
181.760568,212,1969.868077
430.800789,519,1971.177842
417.97306,532,1972.517717
129.718909,157,1973.131042
307.121027,447,1974.006389
247.547291,284,1974.85975
145.613244,198,1975.257518
132.72789,166,1975.887686
341.829749,389,1976.948455
364.60916,1000,1979.189531
34.349077,1000,1981.736467
178.190376,218,1982.46561
203.816315,232,1982.914183
254.027677,268,1983.740469
270.127463,312,1984.364096
242.573571,283,1985.219745
209.923853,248,1985.705135
220.839005,260,1986.514522
190.307315,215,1986.930773
147.834475,187,1987.59891
299.993936,342,1988.27867
180.153818,213,1988.996815
204.085803,382,1990.053583
194.801036,228,1990.498833
276.668338,321,1991.433431
338.06498,377,1992.175545
255.778763,303,1993.06666
118.839826,168,1993.401637
230.448011,272,1994.241659
179.250922,205,1994.645892
155.934589,185,1995.287521
87.993601,118,1995.518705
155.356307,191,1995.901046
264.889182,290,1996.76579
180.696242,208,1997.17183
163.446793,230,1997.918631
327.007074,374,1998.651665
340.275347,370,1999.69018
212.857971,253,2000.493679
228.559696,263,2001.004849
-60.977814,385,2002.058135
245.721032,359,2003.056765
198.372871,266,2003.577845
-287.687626,238,2004.344887
143.689098,311,2004.952392
243.881789,288,2005.824261
107.65905,146,2006.109306
345.78112,378,2007.16073
448.030462,487,2008.400314
471.204793,540,2009.759504
67.660814,267,2010.295271
156.370696,204,2010.996748
224.050334,294,2011.570216
219.006239,271,2012.417096
238.603134,264,2012.932653
223.445295,345,2013.90403
168.321054,208,2014.318464
689.83777,1000,2016.888515
304.391148,646,2018.739993
397.792805,421,2019.576399
174.233751,382,2020.635585
234.357405,262,2021.449156
263.232101,317,2022.060531
168.786233,198,2022.751579
369.882185,875,2024.772447
209.225754,229,2025.527216
209.404154,246,2026.006082
278.4336,324,2026.935778
206.726314,248,2027.417459
231.387332,436,2028.565707
198.553506,236,2029.337089
265.726015,358,2030.041523
442.432726,497,2031.308301
213.103686,242,2032.074246
322.578525,373,2033.121283
310.69122,370,2033.84696
481.891879,783,2036.030805
212.057191,252,2036.51715
198.900979,262,2037.340559
229.207599,303,2037.931985
164.52226,194,2038.613795
263.190529,327,2039.254766
315.074657,399,2040.330745
349.673841,451,2041.492995
231.159634,277,2042.308123
94.24996,118,2042.54019
194.1878,257,2043.041482
262.629346,306,2043.917233
160.718013,232,2044.377363
230.864857,270,2045.185451
185.653025,301,2046.04316
447.771325,601,2047.484903
209.84052,250,2047.975972
359.986135,396,2049.032501
211.671954,300,2049.893971
48.456669,79,2050.052811
273.713313,359,2050.759847
-342.707391,544,2052.36852
179.971696,207,2052.765914
450.799774,579,2054.212668
264.542131,350,2055.202067
168.536916,205,2055.603117
121.326158,153,2055.903489
169.805993,186,2056.550193
77.65371,108,2056.759372
207.553825,239,2057.220068
293.421879,367,2058.205581
152.686634,195,2058.86882
442.551226,501,2068.169263
380.746751,645,2069.69527
253.64508,335,2070.359175
440.54658,487,2071.577857
216.523079,256,2072.349636
231.83854,369,2073.351701
385.733489,896,2075.405685
331.81448,482,2076.622245
235.609056,254,2077.398374
364.891824,780,2079.209389
231.15297,279,2080.057315
157.477565,186,2080.425545
265.691481,306,2081.330337
191.597757,217,2081.755736
269.098633,321,2082.686601
567.614179,660,2084.315506
258.752417,314,2085.233318
242.458515,284,2085.787162
230.228767,279,2086.635929
167.272817,206,2087.039167
219.121519,294,2087.927868
791.210807,906,2090.311032
165.706467,205,2090.713157
307.877017,357,2091.711876
248.72422,354,2092.404782
-120.254694,314,2093.31273
286.974098,493,2094.599933
236.045317,392,2095.68409
718.447896,889,2098.027644
239.087352,279,2098.569357
147.47241,185,2098.929997
633.466203,1000,2101.50841
181.814114,277,2102.354881
257.941664,306,2103.258672
139.965385,162,2103.576831
490.317359,534,2104.935246
436.208397,747,2106.697942
350.808429,396,2107.757878
409.330753,433,2108.906673
309.797606,326,2109.852221
242.785364,309,2110.45917
220.436348,262,2111.264103
378.270466,466,2112.460155
142.178762,172,2112.799078
239.139212,288,2113.667475
411.993619,479,2114.606919
264.777815,287,2115.481214
271.414105,349,2116.468036
163.982097,194,2116.844005
151.353501,188,2117.210423
198.123554,264,2118.017423
141.554549,180,2118.369234
296.868606,321,2119.304359
242.760113,302,2120.202735
73.052266,107,2120.411036
157.99546,211,2120.825381
271.696157,295,2121.701549
341.782672,376,2122.433705
258.341107,323,2123.371504
266.913809,292,2124.251561
391.703452,434,2125.107291
588.86536,965,2127.592925
354.641223,409,2128.693379
247.401581,266,2129.522607
412.161485,497,2130.809971
249.878533,429,2131.964349
347.548884,397,2132.748252
431.612156,520,2134.103284
206.630804,284,2134.965238
394.834687,434,2136.119288
241.055653,273,2136.649202
200.29832,232,2137.406814
413.249799,437,2138.568856
315.892942,465,2139.481706
526.7592,967,2141.985725
175.166791,198,2142.672268
366.2539,414,2143.780102
154.949066,201,2144.183096
225.301343,257,2144.689878
359.313955,884,2147.017365
170.901294,358,2148.030937
436.128098,467,2149.248974
478.386831,530,2150.593706
526.930836,619,2152.112675
233.478131,293,2152.987003
274.453612,333,2153.635535
104.645552,158,2154.259543
283.159987,316,2154.877449
531.142317,651,2156.44678
291.9931,319,2157.374757
380.644136,416,2158.487954
318.892645,335,2159.450548
403.267067,699,2161.125025
230.454312,257,2161.621697
300.070177,329,2162.562042
251.661048,315,2163.475663
145.586407,194,2163.855593
203.621523,245,2164.65235
198.590612,250,2165.138612
-78.371399,923,2167.55002
88.442435,124,2167.791174
315.692651,354,2168.790329
264.395812,291,2169.370311
164.359715,208,2170.079443
301.333951,823,2171.979384
239.669115,261,2172.790283
133.934935,186,2173.1516
576.16909,746,2175.250696
247.571445,321,2175.881567
56.028343,238,2176.649793
380.616811,845,2178.609251
63.584269,793,2180.783883
242.815872,284,2181.342429
80.640891,347,2182.333704
261.941065,312,2183.245648
583.118206,789,2185.094555
317.550541,332,2186.043055
159.172057,182,2186.40371
163.342703,201,2187.092552
184.12872,224,2187.529399
219.360369,232,2188.276545
328.990888,348,2188.957111
361.891434,484,2190.217442
490.310564,1000,2192.759724
198.042698,226,2193.50371
213.679292,241,2193.973372
401.72936,481,2203.394267
184.888743,234,2203.849076
130.056258,153,2204.465231
241.648214,270,2204.991074
250.718253,308,2205.894509
182.850991,212,2206.310241
269.26791,368,2207.328847
236.358161,272,2208.136552
301.822257,396,2208.914992
313.52735,407,2210.001968
264.954774,334,2210.935997
155.669661,205,2211.338032
485.545826,1000,2213.826696
331.457725,435,2214.952124
613.139425,1000,2217.507071
405.475254,654,2219.096488
369.620819,490,2220.379204
129.850949,161,2220.994801
781.297139,1000,2223.262828
275.859318,361,2224.274681
313.765845,427,2225.430268
288.267106,322,2226.358517
552.151237,1000,2228.909736
146.019686,182,2229.276592
270.927812,310,2230.188433
248.450068,282,2230.739196
109.684343,150,2231.028605
187.485273,213,2231.763088
223.881383,251,2232.248099
200.663812,316,2233.171433
288.793888,322,2234.112953
132.865314,162,2234.424288
380.782681,543,2235.796953
211.190541,225,2236.235909
239.113801,356,2237.233903
110.931922,138,2237.500458
431.453423,443,2238.66609
385.453322,422,2239.794153
425.478065,817,2242.00854
185.531087,221,2242.441861
178.024205,954,2244.908069
354.015254,380,2245.958117
694.967755,1000,2248.523034
272.230973,318,2249.152174
240.387637,298,2250.042535
414.919452,603,2251.535565
355.001363,647,2253.098159
188.345427,221,2253.828208
241.593912,282,2254.393655
288.360331,309,2255.319069
241.764549,275,2255.863246
287.014338,306,2256.756791
123.111878,304,2257.65374
265.92211,328,2258.299792
191.987101,223,2259.045058
153.115383,174,2259.400663
171.510686,236,2259.858886
315.687384,340,2260.833037
244.481927,270,2261.663292
240.754479,300,2262.247674
109.96747,137,2262.518157
556.092864,668,2264.441144
238.035164,303,2265.031714
252.555882,278,2265.873032
371.579928,505,2267.15992
221.066737,288,2267.731173
212.006256,266,2268.556439
249.868959,335,2269.531724
290.073026,349,2270.215313
191.403155,210,2270.927907
148.415465,190,2271.300333
225.423667,254,2272.10162
300.67041,446,2272.98402
434.835404,743,2275.053694
298.589984,315,2275.977135
339.671466,378,2276.723886
384.509893,470,2277.946239
245.936977,462,2279.166614
140.849249,220,2279.876213
180.900441,212,2280.300667
140.539847,170,2280.632272
227.717804,314,2281.525187
218.617979,244,2281.997502
553.882167,1000,2284.534878
250.51532,390,2285.591617
265.830232,299,2286.455741
186.00108,211,2286.862044
118.622984,929,2289.25268
201.31898,239,2289.722713
191.714462,214,2290.422219
60.561212,107,2290.630049
184.190369,250,2291.121534
278.24186,329,2292.043072
173.321285,232,2292.774057
284.23625,461,2293.674941
329.840308,456,2294.863318
262.646624,333,2295.824376
297.235235,424,2296.964779
348.479038,439,2298.125724
195.102922,233,2298.581049
231.621632,297,2299.465544
370.479016,423,2300.600795
295.445267,357,2301.299598
306.159208,403,2302.394579
175.556999,259,2303.202708
149.358961,1000,2305.469782
537.080731,706,2307.463497
335.288246,418,2308.585414
182.631231,220,2309.016899
470.839991,584,2310.47159
232.586955,310,2311.384568
304.496893,342,2312.344505
442.144002,521,2313.660041
564.417064,773,2315.488928
144.451973,174,2315.83616
490.385121,557,2317.239366
285.54928,371,2318.268067
192.429864,232,2319.031936
330.893597,386,2319.798362
293.007775,391,2320.869765
197.675985,249,2321.655797
312.885698,355,2322.341987
280.446898,313,2323.260168
263.427479,317,2324.202761
298.764194,458,2325.101323
272.410169,308,2325.995791
634.553725,966,2328.503837
312.359401,428,2329.642137
208.366684,250,2330.133396
225.947717,351,2339.350336
566.444563,1000,2341.89042
264.814325,285,2342.454101
483.926171,521,2344.030895
249.186253,284,2344.599442
-106.814243,501,2345.8743
313.187694,374,2346.88856
177.897292,233,2347.336427
190.295014,265,2348.130568
452.756976,479,2349.355375
272.525384,358,2350.069028
443.548427,450,2351.238619
544.336358,580,2352.659491
674.748375,1000,2355.186936
261.013633,288,2356.067634
300.512981,335,2357.03705
302.92076,345,2357.723113
387.694948,532,2359.078095
234.356651,259,2359.899601
340.120885,367,2360.623736
218.183132,243,2361.403748
509.691698,1000,2363.956394
716.868982,802,2365.82269
203.742721,224,2366.535548
216.445371,250,2367.023212
221.701334,275,2367.833555
133.05931,162,2368.14969
266.580166,306,2369.049947
368.603668,389,2370.107329
106.632887,129,2370.357213
394.449818,439,2371.498842
359.682865,389,2372.266003
157.762488,185,2372.925871
216.959715,263,2373.442701
177.536491,198,2374.130486
198.050118,239,2374.605499
264.569642,902,2376.974468
321.466811,406,2378.063432
244.863506,287,2378.623335
722.720528,1000,2381.157949
350.185466,422,2382.26885
500.278115,560,2383.675093
338.620432,416,2384.801688
548.601776,570,2386.208389
268.727492,307,2387.08986
185.858193,305,2387.692368
497.449252,1000,2390.199474
252.613055,1000,2392.717281
158.515178,190,2393.374312
315.614056,360,2394.077605
331.50946,350,2395.039452
741.002783,1000,2397.563973
319.252254,348,2398.527729
303.485858,360,2399.237934
320.342737,375,2400.247668
186.985392,221,2400.692164
290.961979,336,2401.623008
509.387029,528,2402.940892
76.792591,843,2405.16484
285.762346,334,2405.82587
240.957612,283,2406.649872
260.516242,301,2407.518027
272.395722,321,2408.155571
412.425253,524,2409.478634
295.420238,399,2410.540881
165.544121,206,2410.943384
147.323119,167,2411.544385
503.632879,921,2413.919353
346.511351,396,2414.708641
194.803571,363,2415.733688
58.331761,1000,2418.301228
623.657724,1000,2420.877692
368.773942,1000,2423.448549
267.90071,469,2424.692228
235.694751,296,2425.267986
682.825625,696,2427.250054
330.495068,383,2428.297029
389.355777,419,2429.117232
389.240199,467,2430.348509
610.906975,1000,2432.960277
199.640476,225,2433.704228
533.860247,673,2435.382737
339.900399,504,2436.702505
555.388183,1000,2439.275512
453.92277,498,2440.575643
131.340442,374,2441.609832
525.390557,1000,2444.178402
271.691499,309,2444.794717
-186.845745,462,2446.024387
225.211372,273,2446.866664
399.796635,494,2448.133946
288.343482,1000,2450.720376
313.750391,337,2451.38022
222.165607,274,2452.212309
223.165765,279,2452.757937
263.931609,309,2453.667464
352.471204,586,2455.140004
586.614247,1000,2457.69402
280.620578,364,2458.715003
234.16389,274,2459.249513
273.494416,967,2461.774177
274.641326,318,2462.699733
519.606927,647,2464.271107
336.522574,374,2465.321378
315.337195,383,2474.309407
203.11713,302,2475.210622
569.934371,643,2476.766096
513.492409,761,2478.869387
664.831722,1000,2481.470259
524.211313,998,2484.02986
301.389077,377,2484.767021
316.146589,388,2485.848133
273.798401,315,2486.779643
894.189705,1000,2489.360899
416.981293,442,2490.539505
280.961605,510,2491.836363
490.168281,511,2493.135691
378.647389,467,2494.35283
247.349885,270,2494.888922
402.176514,512,2496.206756
439.966824,472,2497.44096
308.902136,433,2498.593891
201.62119,271,2499.130021
276.966761,366,2500.173654
165.089752,194,2500.554811
738.717294,777,2502.695537
378.495442,471,2503.922048
230.265601,261,2504.437739
250.08032,297,2505.344452
454.128501,798,2507.523904
296.537465,771,2509.332029
380.468562,423,2510.464287
289.037244,310,2511.076787
319.596475,496,2512.347547
251.218784,305,2513.2219
148.775513,183,2513.580445
472.404207,537,2514.92388
778.996818,1000,2517.456461
501.664716,839,2519.65681
666.501412,845,2521.887049
589.562296,1000,2524.424662
198.776962,215,2524.845072
218.383821,265,2525.650162
205.558848,237,2526.115902
238.955764,270,2526.948014
301.399109,430,2527.792865
638.522536,845,2530.07017
222.350655,284,2530.941232
361.248505,438,2531.793416
563.192683,658,2533.697123
398.03267,543,2535.07545
244.705444,262,2535.590498
593.446038,616,2537.409346
381.195687,555,2538.817869
249.42475,318,2539.4426
145.472992,207,2540.164065
131.327825,239,2540.630009
129.415355,164,2540.954371
222.063532,249,2541.743112
262.565651,402,2542.834614
306.80066,366,2543.547055
274.065717,345,2544.562355
321.963017,364,2545.590953
827.104152,1000,2548.152411
295.995296,411,2549.256108
278.391196,347,2549.946552
434.691797,1000,2552.531725
129.380364,159,2552.839422
184.805531,260,2553.656222
193.972945,215,2554.074054
502.56242,861,2556.392571
707.390724,932,2558.829393
214.500262,245,2559.314917
587.592953,611,2561.13286
624.20668,1000,2563.703443
98.740432,122,2563.944191
247.52011,287,2564.507325
446.662886,540,2565.879212
141.190798,208,2566.591765
297.66568,355,2567.285439
785.844513,1000,2569.861146
183.107154,237,2570.638773
140.752189,183,2571.001198
505.94902,687,2572.965149
610.663196,1000,2575.513458
25.358968,57,2575.621472
131.248079,183,2575.98309
122.049611,204,2576.384825
210.694061,247,2577.151081
252.876292,292,2577.727702
339.38018,405,2578.792435
271.354194,314,2579.687474
760.071373,1000,2582.225261
669.86692,1000,2584.748839
705.210405,911,2587.101996
549.67714,814,2588.970953
232.205523,336,2589.920602
208.871139,242,2590.399965
312.380308,341,2591.35596
267.042401,332,2592.276398
436.929276,452,2593.168879
380.974017,411,2594.244369
263.729641,310,2595.140725
207.117622,341,2596.096755
784.661454,1000,2598.622271
344.941837,396,2599.391632
535.561254,588,2600.83501
264.117096,288,2609.942726
266.735025,338,2610.927286
378.319135,1000,2613.523782
752.630103,1000,2616.100121
332.363555,493,2617.415038
311.866612,418,2618.238837
830.172139,1000,2620.836413
283.561142,318,2621.758653
243.185912,353,2622.761135
619.346376,1000,2625.356594
241.046543,277,2625.902062
313.448124,661,2627.506309
738.55264,1000,2630.095554
380.731816,406,2631.203624
435.816598,512,2632.5253
420.611379,488,2633.78236
587.858486,1000,2636.374038
917.02333,1000,2638.952775
863.55067,1000,2641.537619
124.076045,381,2642.609627
598.779899,801,2644.470299
409.939395,524,2645.80697
158.217316,187,2646.472963
328.235758,357,2647.173039
646.896514,716,2649.175291
238.903069,310,2649.787603
308.447187,562,2651.199881
405.731801,477,2652.474181
736.496169,1000,2655.049776
224.747824,257,2655.865255
894.243909,1000,2658.434893
389.983691,419,2659.55952
359.016991,393,2660.328286
370.297638,462,2661.546515
333.660088,364,2662.573288
314.885231,344,2663.534628
315.801772,350,2664.225493
409.657508,435,2665.379175
743.981445,1000,2667.974511
209.243723,237,2668.742892
208.428945,261,2669.252949
665.970694,1000,2671.856462
775.246761,1000,2674.432329
859.045391,1000,2677.028096
399.950341,462,2678.227916
113.063583,158,2678.539309
48.210751,80,2678.696464
703.17271,1000,2681.293111
917.130237,1000,2683.879939
310.518277,353,2684.860266
527.469413,558,2686.268028
152.812792,209,2686.683917
252.996559,301,2687.57226
80.894658,103,2687.772932
490.902632,544,2689.136044
591.796239,771,2691.251855
414.39937,1000,2693.818164
34.128057,81,2693.979739
873.613055,1000,2696.55454
270.913877,305,2697.170123
211.033652,228,2697.911014
899.447387,1000,2700.4894
476.337493,825,2702.434214
218.141152,304,2703.335953
201.207585,219,2703.763207
325.490598,353,2704.748732
382.98091,434,2705.923488
514.751717,567,2707.353041
501.094933,1000,2709.893316
473.792681,534,2711.221853
318.92014,408,2712.305702
292.062069,349,2713.274393
414.812753,596,2714.737227
603.980655,1000,2717.278157
211.0888,225,2717.72192
243.635811,291,2718.607939
225.387769,275,2719.153111
916.670743,1000,2721.786384
309.415452,369,2722.81357
425.100161,493,2724.086758
169.22443,200,2724.47621
1014.931763,1000,2727.070474
604.989376,1000,2729.640003
379.55431,444,2730.81018
800.129894,1000,2733.412966
295.724218,397,2734.466008
293.286851,349,2735.163718
154.49808,266,2735.991446
219.837758,254,2736.493894
318.347984,374,2737.523077
276.124561,349,2745.903147
156.488075,206,2746.312543
304.217155,308,2747.198986
441.756841,481,2748.423845
459.910752,477,2749.634747
229.760499,253,2750.130594
905.834181,1000,2752.659467
262.703765,287,2753.527488
75.860769,102,2753.725966
634.950172,762,2755.493148
351.137577,475,2756.716237
297.59943,333,2757.648329
154.395505,173,2757.98582
208.891634,252,2758.754564
390.99282,517,2760.044722
832.455821,1000,2762.589913
965.859371,1000,2765.118833
995.51261,1000,2767.670994
62.514185,99,2767.860533
764.094757,1000,2770.412862
195.907437,215,2770.833709
389.120601,410,2771.918316
148.833476,225,2772.643765
297.085068,382,2773.397116
790.716583,1000,2775.914258
304.042693,1000,2778.445654
521.760807,667,2780.356557
599.534696,606,2781.836005
734.593572,1000,2784.370031
899.35504,1000,2786.897965
370.136031,538,2788.234712
506.699983,519,2789.53642
394.269898,456,2790.705872
458.062107,587,2792.15768
105.495759,132,2792.416867
388.123524,447,2793.576105
553.300214,1000,2796.116519
384.929127,417,2797.249505
250.378415,278,2797.799964
260.35863,291,2798.644657
209.681802,245,2799.122471
314.175618,353,2800.095278
947.106251,1000,2802.627772
701.001519,1000,2805.155693
460.224615,506,2806.436939
878.694068,1000,2808.989458
817.193944,1000,2811.554392
297.904446,378,2812.299412
915.488508,1000,2814.859322
217.826754,231,2815.588132
285.47068,323,2816.227506
324.830332,345,2817.187439
214.0825,251,2817.954326
766.208409,942,2820.0795
134.904764,187,2820.721034
827.203903,1000,2823.265724
597.783365,601,2824.73257
243.628348,270,2825.260453
328.430129,415,2826.370891
398.681287,418,2827.480251
825.467717,1000,2830.037266
398.17325,420,2831.205649
235.833221,269,2831.729909
384.009353,421,2832.875365
536.602586,623,2834.405946
169.360209,196,2835.098691
931.222565,1000,2837.627554
252.374258,319,2838.255932
858.8117,1000,2840.818946
530.151335,667,2842.757991
736.661693,1000,2845.307683
230.487429,272,2845.833505
654.994745,768,2847.927175
219.002671,261,2848.443022
881.2701,1000,2850.980992
278.675173,304,2851.891721
295.336754,532,2853.223901
275.084824,343,2853.900874
741.599106,1000,2856.447679
536.896633,1000,2859.053004
345.365218,335,2860.009027
786.933018,1000,2862.55963
516.990596,574,2863.972534
895.873454,1000,2866.521125
352.093876,379,2867.544956
542.735707,641,2869.076988
973.899885,1000,2879.894595
620.141103,990,2882.453018
876.987111,1000,2884.978721
819.038153,1000,2887.539893
1001.744788,1000,2890.080641
368.432079,502,2891.36015
401.677827,442,2892.517895
367.924138,515,2893.820563
736.549537,1000,2896.359446
160.233931,191,2896.734718
464.830001,791,2898.591597
186.815222,221,2899.303757
141.434539,185,2899.668028
134.149918,163,2900.264768
235.775278,304,2900.877754
81.650788,115,2901.112357
274.720708,354,2902.089121
244.642357,270,2902.905729
898.188766,1000,2905.458381
652.34194,765,2907.258044
241.603135,281,2908.08576
585.425336,740,2909.834612
297.196202,357,2910.81759
836.153978,1000,2913.369034
1044.415764,1000,2915.916333
592.486755,1000,2918.459864
716.204749,824,2920.386041
491.167352,721,2922.399189
643.215934,1000,2924.936535
331.367918,360,2925.650117
206.734065,245,2926.420272
379.494976,645,2927.977905
179.876999,213,2928.402276
352.467897,575,2930.102855
983.154193,1000,2932.655741
1018.336422,1000,2934.921391
799.456862,1000,2937.478688
343.208589,384,2938.532374
425.791422,576,2939.962824
374.830157,535,2941.319177
748.198079,1000,2943.881894
643.141685,780,2946.01667
592.320788,1000,2948.619586
389.30961,626,2950.162901
764.144925,1000,2952.77715
722.977324,867,2955.096618
484.177523,559,2956.516065
1026.06983,1000,2959.108138
736.55533,764,2960.900678
334.188667,389,2961.960767
837.796766,1000,2964.512097
271.05463,293,2965.088985
1015.861474,1000,2967.654229
246.084832,282,2968.498803
362.962648,422,2969.636719
201.780576,217,2970.067196
268.873113,943,2972.578727
278.491431,309,2973.490742
982.773082,1000,2976.067726
881.147791,1000,2978.683199
1000.423006,1000,2981.303938
925.614192,1000,2983.594696
406.270949,442,2984.771538
838.455644,1000,2987.351027
63.690479,665,2989.252886
469.819432,642,2990.825692
785.582641,1000,2993.419359
869.762257,1000,2995.997504
77.579114,111,2996.222005
244.48509,291,2997.107406
819.47755,1000,2999.392874
697.497055,1000,3001.928218
802.621754,939,3004.360861
562.348708,551,3005.728271
544.903956,602,3007.483757
363.030345,399,3016.523681
448.104427,465,3017.748113
1023.539997,1000,3020.31173
358.818891,436,3021.455512
930.599331,1000,3024.063359
902.098497,1000,3026.651948
848.08922,1000,3029.254713
350.831658,381,3030.310869
851.61235,1000,3032.932005
265.389792,275,3033.467984
557.413866,585,3034.944225
367.451905,391,3036.048541
893.910065,1000,3038.669629
58.447585,82,3038.830962
303.78942,313,3039.751182
123.798829,159,3040.069055
301.756726,327,3041.022262
776.691095,1000,3043.620255
292.950662,316,3044.239982
251.407549,285,3045.107112
516.219557,554,3046.501638
474.541831,482,3047.779992
661.768032,1000,3050.366758
337.588659,478,3051.593974
733.533478,1000,3054.156833
873.48199,1000,3056.687191
812.359177,1000,3059.273287
1079.34035,1000,3061.860369
827.548116,1000,3064.140056
655.646592,685,3066.105515
185.283899,212,3066.519978
236.225706,262,3067.340008
794.092,912,3069.754627
558.98949,1000,3072.039076
1007.560594,1000,3074.617947
550.85882,878,3076.961585
507.551858,1000,3079.5652
336.115274,355,3080.562585
400.252394,432,3081.710064
816.366666,1000,3084.308819
732.014928,775,3086.134952
429.021606,436,3087.305358
299.041447,319,3088.239226
998.852625,1000,3090.821706
808.021745,1000,3093.113477
1027.980278,1000,3095.687223
347.7417,363,3096.711404
821.589091,1000,3099.301044
504.870565,542,3100.692924
383.055711,418,3101.817782
344.224941,540,3103.19735
378.081875,416,3104.319562
524.945031,546,3105.703455
409.068742,635,3107.264027
283.130176,317,3108.190502
334.839704,385,3109.247164
358.088415,372,3109.987218
944.894904,1000,3112.592078
898.340938,1000,3115.167661
1093.187739,1000,3117.785479
949.603352,1000,3120.323571
113.761516,147,3120.615484
207.56228,263,3121.434685
340.668907,396,3122.520959
887.103261,944,3124.699626
537.559444,662,3126.607601
939.395293,1000,3129.202142
915.258441,1000,3131.77782
786.106551,756,3133.595551
885.407936,1000,3136.170777
1008.905162,1000,3138.735106
883.187857,1000,3141.262593
914.852491,1000,3143.828939
644.546784,928,3154.458207
362.099061,367,3155.182865
833.581623,1000,3157.788383
959.682923,1000,3160.356791
964.886574,1000,3162.926258
956.093722,1000,3165.524042
320.908117,355,3166.523844
461.099918,534,3167.87995
610.331246,635,3169.442246
348.949199,350,3170.42972
478.604013,534,3171.790941
351.710919,369,3172.818024
967.590306,1000,3175.402875
832.804617,1000,3177.967373
1012.527854,1000,3180.558145
423.492415,442,3181.42922
837.531033,1000,3184.014977
879.573319,1000,3186.586511
911.672084,930,3189.026146
676.056757,720,3191.006372
392.422629,402,3191.802805
257.912923,282,3192.633442
296.963553,345,3193.597362
1064.874715,1000,3196.181229
936.541585,1000,3198.777076
588.811159,705,3200.4716
874.444783,931,3202.90226
920.198857,1000,3205.49307
898.774502,1000,3208.099406
258.636248,309,3208.711226
1069.259877,1000,3211.292953
963.035253,1000,3213.875125
492.400761,484,3215.133749
114.258634,137,3215.40487
647.533121,1000,3217.999835
362.466012,390,3219.084934
840.042295,1000,3221.662394
727.599735,1000,3224.294043
1052.900432,1000,3226.838816
713.392846,1000,3229.393868
1003.316847,1000,3231.936432
839.832709,1000,3234.527546
374.606225,390,3235.594736
516.137361,540,3236.962438
253.306785,341,3237.629338
526.4013,557,3239.044773
495.634106,1000,3241.607086
830.243648,936,3244.0307
891.325295,1000,3246.581371
477.873471,523,3247.893379
203.565317,239,3248.648617
711.700772,760,3250.430552
259.237325,293,3251.287012
361.045591,407,3252.090283
599.439058,590,3253.862921
760.102791,1000,3256.691835
639.503939,622,3258.5113
108.872733,150,3258.865367
411.510476,422,3260.089617
266.49582,371,3261.098236
409.36719,407,3261.890567
92.725337,124,3262.438675
840.87245,1000,3264.992054
984.085587,1000,3267.544748
1006.254708,1000,3269.810864
250.994939,274,3270.630672
898.117617,1000,3273.181304
733.838556,827,3275.401919
237.618928,270,3275.934945
423.461327,477,3277.155691
319.570147,349,3278.146832
191.670983,211,3278.568321
240.922082,254,3279.34462
599.3817,658,3280.927222
1047.307653,1000,3291.692627
922.060727,1000,3294.224003
457.204485,456,3295.402512
920.304088,1000,3297.932163
775.922246,1000,3300.485375
210.281209,309,3301.093042
818.837365,1000,3303.697028
1049.418884,1000,3306.273556
920.843647,1000,3308.865686
522.047726,1000,3311.47116
992.645349,1000,3314.055077
1061.257467,1000,3316.642092
910.102443,1000,3319.210113
949.568313,952,3321.711206
360.812442,380,3322.45864
861.644397,1000,3325.069683
742.405749,802,3327.28155
512.998322,517,3328.590803
906.52093,1000,3331.253062
255.635567,259,3331.765649
930.590404,1000,3334.387101
506.078649,491,3335.682646
754.751786,790,3337.88978
648.365713,663,3339.506848
1055.327797,1000,3342.111998
960.241081,1000,3344.691431
262.697511,275,3345.543426
494.394621,570,3346.973627
1057.7691,1000,3349.48982
1098.5767,1000,3352.079663
283.66021,290,3352.651333
893.2351,1000,3355.236086
346.972261,367,3356.263859
513.31422,556,3357.661136
410.156228,446,3358.837008
278.869782,296,3359.415916
563.650164,736,3361.440304
963.605429,1000,3363.970109
894.110014,1000,3366.528845
443.683432,605,3368.016575
235.607877,289,3368.887585
1062.471779,1000,3371.177187
618.128029,1000,3373.697264
433.622472,430,3374.821077
363.371399,385,3375.888499
446.937444,657,3377.488955
1015.553452,1000,3380.048694
1099.584298,1000,3382.642589
1053.264789,1000,3385.243706
961.54525,1000,3387.83794
367.324939,388,3388.902323
945.749443,1000,3391.50356
460.027562,710,3393.212981
496.45421,490,3394.484884
1020.325457,1000,3397.060841
951.669789,1000,3399.581642
303.294019,323,3400.525664
613.147945,633,3402.049847
909.829732,1000,3404.569832
979.553432,1000,3407.096192
858.728035,1000,3409.650523
986.397273,1000,3412.177379
926.721535,1000,3414.74513
966.833512,1000,3421.948846
132.288122,201,3422.344662
1091.808569,1000,3424.881651
547.356271,579,3426.316251
931.720984,1000,3428.840987
301.195946,400,3429.907489
1077.335171,1000,3432.502624
192.717184,204,3432.900628
433.158103,1000,3435.466826
984.532651,1000,3438.036964
318.405454,347,3439.024308
1053.496319,1000,3441.611547
1035.489866,1000,3444.170586
744.543278,715,3445.900742
1083.735726,1000,3448.481729
1080.734234,1000,3451.059809
615.930952,1000,3453.633896
293.729124,355,3454.62759
246.039861,286,3455.187688
557.903307,547,3456.583566
887.94859,1000,3459.152334
415.314294,419,3460.277078
524.768557,530,3461.634664
876.744865,1000,3464.207035
847.640343,808,3466.427139
1045.562459,1000,3469.00709
840.501506,1000,3471.598322
1054.244891,1000,3474.158534
1036.798997,1000,3476.436868
1051.880241,1000,3479.012696
905.220738,881,3481.386626
911.901316,1000,3483.967241
931.710011,1000,3486.561916
411.905415,441,3487.729071
971.431909,1000,3490.275481
1085.115234,1000,3492.833253
1043.347731,1000,3495.361649
688.457547,1000,3497.891952
189.929527,213,3498.316165
434.853063,440,3499.452217
455.7262,443,3500.6724
1038.945494,1000,3503.239371
1038.946082,1000,3505.785976
338.492356,366,3506.514532
366.844932,388,3507.561164
1014.204945,1000,3510.094127
1045.420008,1000,3512.663053
442.488706,472,3513.89276
556.385666,606,3515.399769
1056.859832,1000,3517.987802
300.482458,325,3518.936455
416.983453,431,3520.085016
72.149073,107,3520.298338
234.238273,271,3520.835427
339.925509,389,3521.8984
997.961248,1000,3524.464284
312.088991,642,3526.028962
988.847698,1000,3528.61333
90.647161,127,3529.162323
616.289044,722,3530.883305
1055.688741,1000,3533.46293
156.160025,202,3533.855141
1060.925072,1000,3536.437759
706.789234,686,3538.377627
537.014456,549,3539.755157
379.375881,374,3540.49091
976.437458,1000,3543.075098
980.598113,1000,3545.65807
731.834504,1000,3548.23948
334.633719,339,3549.204181
1060.005517,1000,3554.84065
552.260126,628,3556.387837
947.249543,1000,3558.954757
487.178714,487,3560.215125
410.962739,458,3561.425068
426.266462,443,3562.59281
1084.101254,1000,3565.159007
537.510443,685,3566.821752
824.394908,1000,3569.398731
1055.139399,1000,3571.978883
288.756628,285,3572.856495
1048.959364,1000,3575.442973
1031.674791,1000,3577.713753
295.397183,335,3578.676021
923.787897,1000,3581.227116
978.598568,1000,3583.789687
1023.102835,1000,3586.372885
807.260058,932,3588.813461
1079.506099,1000,3591.403616
926.986595,1000,3593.971429
1083.830649,1000,3596.562332
470.801181,491,3597.839386
198.750654,245,3598.316056
950.037943,1000,3600.892423
873.839723,1000,3603.497212
1044.357248,1000,3606.033894
1063.475318,1000,3608.565026
1051.426156,1000,3611.104734
909.511401,1000,3613.632155
869.701648,1000,3616.168563
288.256765,310,3616.788989
734.16709,713,3618.732171
560.764012,583,3620.190226
884.279926,1000,3622.723724
296.310003,306,3623.331976
375.746949,438,3624.459601
957.077384,1000,3626.993276
888.530483,1000,3629.514606
1127.737341,1000,3632.072904
927.297794,965,3634.547457
341.66877,333,3635.498041
1061.518522,1000,3638.029685
1037.633866,1000,3640.561821
999.128458,1000,3643.096872
1094.106067,1000,3645.645044
999.500585,1000,3647.904871
956.378237,1000,3650.443063
1006.527642,1000,3652.980443
293.408811,350,3653.959131
978.176001,1000,3656.562006
624.02086,629,3658.107
433.601053,428,3659.246748
990.491486,1000,3661.847926
621.359221,654,3663.444306
416.558875,431,3664.589424
366.112931,409,3665.701033
944.394183,950,3668.187004
228.72524,236,3668.648932
1071.058149,1000,3671.242404
922.463967,1000,3673.827874
158.923674,198,3674.515437
911.364054,1000,3677.115738
1102.360558,1000,3679.408015
137.246169,161,3680.021924
464.900029,473,3687.956176
966.233828,1000,3690.542725
1112.942947,1000,3693.145173
982.69218,1000,3695.75256
819.804872,888,3697.816923
454.328968,550,3699.223587
973.275067,1000,3701.827262
330.648159,343,3702.786199
1089.450689,1000,3705.33053
869.463848,1000,3707.95368
805.487884,1000,3710.52388
977.710019,1000,3713.062012
1051.947708,1000,3715.603079
874.418976,1000,3718.138563
1027.424722,1000,3720.672398
1117.720129,1000,3723.210309
1021.107464,1000,3725.746085
953.557968,1000,3728.283911
914.812485,1000,3730.549397
935.73907,1000,3733.086592
937.630678,941,3735.523333
1115.585713,1000,3738.059406
1087.379823,1000,3740.599269
344.047906,357,3741.612256
627.735569,1000,3744.208585
1056.744419,1000,3746.809545
1064.311196,1000,3749.395119
632.160591,612,3750.892439
1003.040073,1000,3753.484425
331.479791,352,3754.487159
722.243868,667,3756.103864
381.702999,378,3757.151584
748.946326,1000,3759.734934
249.817566,276,3760.282757
150.146058,175,3760.62528
962.540571,891,3763.001588
344.81533,374,3764.032527
924.521593,1000,3766.638611
1051.450208,1000,3769.211113
414.403591,431,3770.388417
1105.896465,1000,3772.970347
403.324619,441,3773.841844
686.597863,705,3775.856043
65.461485,103,3776.055307
803.609319,1000,3778.658969
136.217867,153,3778.956237
627.989828,752,3781.053976
54.321134,107,3781.269218
478.646766,457,3782.484564
572.959367,576,3783.925529
433.412282,477,3785.166307
483.922426,508,3786.497334
512.240478,566,3787.917509
879.08422,848,3790.207185
1033.639521,1000,3792.777965
79.154153,136,3793.046866
930.825408,1000,3795.581144
1026.875997,1000,3798.117961
673.340678,1000,3800.659926
313.330471,374,3801.397869
432.134255,427,3802.515729
964.498051,1000,3805.048626
1036.380719,1000,3807.625856
1083.846656,1000,3810.19785
1074.232333,1000,3812.785315
556.597699,618,3814.297109
1025.967339,1000,3825.172511
198.898245,246,3825.968795
511.723469,567,3827.393877
1076.422101,1000,3829.980192
1019.615467,1000,3832.556909
999.505687,1000,3835.10997
141.658306,165,3835.449641
972.189731,1000,3838.036681
958.198007,989,3840.612107
970.625323,1000,3843.175856
1064.282784,1000,3845.77219
562.024306,541,3847.151105
1123.240802,1000,3849.72637
38.036984,65,3849.851687
931.735343,1000,3852.4731
1061.114237,1000,3855.056586
1075.525204,1000,3857.64757
217.577703,267,3858.171957
1127.145253,1000,3860.762163
742.448867,1000,3863.353932
426.173033,555,3864.757682
893.305593,1000,3867.334768
1011.578609,1000,3869.891716
931.761158,1000,3872.503212
746.191942,1000,3875.071586
998.875517,1000,3877.69384
1101.522423,1000,3880.305204
1106.90922,1000,3882.909187
296.605192,353,3883.902838
794.411046,747,3885.68897
352.026247,356,3886.694687
662.186518,848,3888.981174
1044.209865,1000,3891.278648
1060.881596,1000,3893.863554
253.378104,321,3894.788197
861.609237,1000,3897.367391
998.775824,1000,3899.913393
865.622338,1000,3902.50893
1096.058531,1000,3905.099893
658.924004,623,3906.636664
805.304143,848,3908.88351
627.390123,1000,3911.458172
800.552382,1000,3914.033749
992.979647,1000,3916.684013
493.028958,502,3917.964386
761.809665,751,3919.74279
1065.810197,1000,3922.339551
1092.8897,1000,3924.921151
1109.624376,1000,3927.517179
1064.916633,1000,3930.1036
104.256205,145,3930.394718
1116.069036,1000,3933.021912
1091.590313,1000,3935.608213
1016.87859,1000,3938.189763
92.296624,116,3938.416174
51.907695,78,3938.56536
1074.247622,1000,3941.157377
269.136704,295,3942.059166
1107.0316,1000,3944.675565
1067.541361,1000,3947.281857
469.56176,489,3948.559861
921.065255,1000,3951.148474
597.106205,577,3960.85604
1076.028614,1000,3963.453738
932.322557,1000,3966.058739
563.809458,560,3967.465168
1043.258445,1000,3970.041888
633.901961,940,3972.539826
968.002526,1000,3975.115807
252.227919,280,3975.658435
882.044724,1000,3978.267532
283.527845,337,3979.223337
988.802959,1000,3981.809159
988.579994,1000,3984.406462
182.210407,217,3984.829129
1091.670193,1000,3987.412991
868.667178,1000,3990.014419
936.11951,1000,3992.619338
826.798029,1000,3995.158669
1009.80274,1000,3997.704729
437.946588,437,3998.846164
43.992751,88,3999.014604
764.905626,705,4000.683755
1048.752397,977,4003.191408
986.557738,1000,4005.728207
947.041061,1000,4008.288835
1034.392939,1000,4010.82275
517.302876,501,4012.105351
265.667911,277,4012.930605
529.698305,690,4014.568774
1088.912872,1000,4017.122957
927.461095,1000,4019.655496
940.925244,1000,4022.21509
1001.589684,1000,4024.753617
206.180678,256,4025.249151
1040.952657,1000,4027.792315
954.150961,1000,4030.327455
309.982021,324,4031.250063
1077.79627,1000,4033.802111
1021.651764,1000,4036.34388
985.254488,1000,4038.890594
224.991655,228,4039.336223
1039.324149,1000,4041.891581
347.939904,353,4042.872835
668.554282,742,4044.617932
246.865054,324,4045.536031
441.951709,437,4046.687066
975.172019,919,4048.819252
115.793732,166,4049.423753
107.627621,139,4049.694582
862.148429,1000,4052.243176
185.684502,193,4052.625752
186.715542,221,4053.334672
429.606869,502,4054.618414
94.15229,133,4054.877397
406.111981,427,4056.001964
946.603555,1000,4058.542528
1016.823578,1000,4061.094524
1079.03915,1000,4063.64829
919.413461,912,4066.000216
296.012643,363,4066.720274
350.937999,389,4067.766473
529.662569,536,4069.104647
1006.119331,1000,4071.645389
988.653233,1000,4074.190985
945.034857,1000,4076.747501
891.216818,905,4079.093527
1092.663422,1000,4081.706994
911.267187,1000,4084.298894
1140.802772,1000,4086.911994
90.407629,125,4087.158153
279.378325,279,4092.793691
347.505305,361,4093.806856
1077.075208,1000,4096.399858
331.365023,338,4097.380012
45.403248,72,4097.519627
1068.085548,1000,4100.091578
49.25554,76,4100.239998
1072.660714,1000,4102.833844
83.804538,115,4103.056691
1085.625247,1000,4105.63053
254.325243,292,4106.52944
904.715314,1000,4109.134666
170.142379,195,4109.522931
166.659733,188,4109.886864
237.486305,262,4110.703392
1044.940952,1000,4113.316585
1083.977608,1000,4115.89756
110.330741,137,4116.17843
895.105454,1000,4118.747778
1051.863273,1000,4121.309807
416.931377,401,4122.394247
961.047056,1000,4124.945442
622.064704,664,4126.550895
1086.328217,1000,4129.116031
119.418255,149,4129.412597
1045.119409,1000,4131.969223
54.066634,89,4132.14324
761.869872,1000,4134.704855
134.409486,159,4135.32206
1098.098351,1000,4137.619594
1037.283464,1000,4140.215804
1083.43864,1000,4142.814046
733.053826,798,4144.993979
972.829515,1000,4147.599144
228.11795,233,4148.057588
917.770775,887,4150.398232
1022.188479,1000,4152.965808
915.504032,1000,4155.556869
1074.965735,1000,4158.166066
208.041882,222,4158.600117
867.675733,1000,4161.184405
523.458035,553,4162.587995
1087.280173,1000,4165.161142
265.933947,294,4166.051537
1114.337515,1000,4168.649482
65.539382,103,4168.850331
1001.577382,1000,4171.438256
1022.493851,1000,4174.034529
740.08306,944,4176.51235
1085.910357,1000,4179.07895
79.888644,110,4179.293262
1061.524062,1000,4181.894103
1085.613824,1000,4184.491492
1025.112862,1000,4187.086792
1034.419874,1000,4189.707151
876.081423,1000,4192.311975
711.251559,701,4193.98682
188.905025,224,4194.728714
977.171405,1000,4197.354956
1037.228079,1000,4199.628138
494.171333,507,4200.939957
1005.433878,1000,4203.488275
1104.122576,1000,4206.027544
864.134919,1000,4208.56535
73.339903,105,4209.047208
655.97265,648,4210.602825
838.652452,842,4212.559842
964.54066,1000,4215.123913
969.429508,1000,4217.672804
961.876384,1000,4220.211049
111.586354,144,4229.106438
503.279121,547,4230.504759
511.641731,549,4231.894274
1032.490647,1000,4234.493644
967.42644,1000,4237.089687
1070.438241,1000,4239.690032
927.763973,1000,4242.267291
134.56035,174,4242.604779
885.32444,1000,4245.166251
1090.878755,1000,4247.765679
849.845939,1000,4250.375288
965.530133,1000,4252.955711
1120.452515,1000,4255.550596
1006.752218,1000,4258.146277
920.948763,1000,4260.75803
636.727354,626,4262.304632
1073.526239,1000,4264.898084
1063.869754,1000,4267.497927
953.576356,880,4269.54186
1073.039555,1000,4272.109814
998.664411,1000,4274.668899
132.085301,165,4275.280204
525.368528,579,4276.72056
911.440587,1000,4279.260287
1069.51618,1000,4281.822987
791.040523,1000,4284.367448
608.361484,1000,4286.931403
29.7994,58,4287.043319
427.684084,470,4288.246192
249.137214,277,4288.790061
64.881263,98,4288.984492
281.040739,345,4289.94617
858.739982,1000,4292.490068
297.475842,303,4293.366077
846.578093,1000,4295.922634
944.858987,1000,4298.192714
1031.836771,1000,4300.736766
97.426774,128,4301.272452
956.272509,1000,4303.81148
1021.838626,1000,4306.415186
1092.769829,1000,4309.007024
1039.727427,1000,4311.294695
481.551459,490,4312.565042
1005.954959,1000,4315.166082
384.043545,387,4316.918763
683.287656,817,4320.126745
105.063459,141,4320.491749
321.933554,352,4322.268447
842.236353,797,4325.142811
175.149994,191,4326.129012
995.635848,1000,4330.280542
279.70532,278,4331.013745
665.195245,696,4333.493448
57.407469,96,4334.011623
1027.855254,1000,4337.152333
1064.101368,1000,4340.595368
1123.089352,1000,4343.845635
562.146839,632,4345.73599
1084.09282,1000,4348.853534
1071.263621,1000,4351.862349
1047.277461,1000,4354.87995
633.186071,591,4356.65319
43.595561,81,4356.863052
733.848897,849,4359.751065
1132.180817,1000,4363.434328
1036.232661,1000,4366.733955
1073.531701,1000,4369.649914
1004.552856,1000,4382.421683
398.672012,408,4383.958317
963.813949,1000,4388.030946
304.399088,315,4389.557003
1058.51142,1000,4393.515039
1004.789418,1000,4396.603269
991.756164,1000,4399.904967
478.061907,463,4401.268678
39.629128,70,4401.404211
1038.307254,1000,4404.290051
939.468615,1000,4407.17264
1124.33076,1000,4410.185384
1038.438047,1000,4412.854229
1074.210277,1000,4415.776097
995.626981,1000,4418.653235
946.316309,944,4421.414607
1068.233215,1000,4424.285956
1074.129879,1000,4427.170374
1056.36687,1000,4430.075217
1085.708692,1000,4432.942752
323.894403,312,4433.932468
746.493834,806,4436.123518
250.567941,267,4436.988601
173.692452,194,4437.449514
1124.947621,1000,4440.412253
938.953104,1000,4443.42082
430.724665,434,4444.665275
126.231907,155,4445.038282
1116.579046,1000,4447.943246
979.27244,1000,4450.875842
1001.978383,1000,4453.831111
1149.61066,1000,4456.729648
1007.802095,1000,4459.576603
1115.106972,1000,4462.450285
1121.010808,1000,4465.346659
221.36802,240,4465.928021
1085.173744,1000,4468.827825
362.371275,395,4470.046723
1100.555074,1000,4473.001048
646.780084,671,4474.937622
468.757791,450,4476.336279
805.355841,1000,4479.344231
869.124943,1000,4482.317568
1030.74279,1000,4485.189219
1099.593888,1000,4488.07688
860.885764,1000,4490.954148
64.321655,94,4491.176206
151.813896,171,4491.575015
738.362887,757,4493.874403
63.122399,88,4494.083641
224.880726,237,4494.904091
140.205896,165,4495.269591
1037.846901,1000,4498.145993
332.011858,338,4499.227401
213.662658,242,4499.767628
1006.743233,1000,4502.645228
1099.457469,1000,4505.516353
362.062273,391,4506.800834
1121.587327,1000,4509.701401
736.306577,754,4511.719783
999.140261,1000,4514.607195
74.574838,103,4514.85237
919.923203,1000,4517.741244
1045.497135,1000,4520.60087
24.444098,50,4520.722029
1105.533939,1000,4523.68327
1102.655441,1000,4526.543608
1121.859277,1000,4537.825951
101.986967,128,4538.092143
1095.706408,1000,4540.993189
73.037803,97,4541.499903
1083.519634,1000,4544.078709
329.343416,339,4545.173663
1080.778425,1000,4548.03678
638.351071,612,4549.749637
847.44017,895,4552.351008
291.385901,318,4553.412549
1090.598628,1000,4556.304614
602.095321,665,4558.099121
1035.627074,1000,4560.976298
1066.580359,979,4563.813525
150.077519,227,4564.360097
865.500542,805,4566.754072
741.70567,686,4568.63663
836.302715,1000,4571.506665
247.163527,258,4572.384442
872.567982,1000,4575.256975
964.812537,919,4577.65753
894.820119,1000,4580.536878
1135.155119,1000,4583.41817
1053.496077,1000,4586.277966
796.251532,871,4588.84473
1095.696398,1000,4591.725381
1040.95716,1000,4594.599794
112.944389,154,4594.966801
1038.202588,1000,4597.893046
1011.449152,1000,4600.915734
884.435975,825,4603.361362
1076.260091,1000,4606.228332
1123.734781,1000,4609.136553
976.391193,1000,4611.725779
414.527619,476,4613.103733
1074.802854,1000,4615.987404
753.167227,716,4618.154293
1037.935912,1000,4621.186765
915.872089,954,4624.104217
1157.615124,1000,4627.154966
778.336932,726,4629.176774
1084.962346,1000,4632.034661
1088.527653,1000,4635.085511
1023.57624,1000,4637.985826
1026.726395,1000,4640.859694
1077.397426,1000,4643.756254
952.653263,1000,4646.647223
22.086047,49,4646.75163
618.547729,738,4648.763073
1098.59487,1000,4651.636889
224.439503,300,4652.577615
1094.79478,1000,4655.611105
366.124234,353,4656.458166
197.540085,239,4657.249207
901.426322,821,4659.451315
1038.151791,1000,4662.334484
893.014341,872,4664.994522
32.860008,59,4665.135772
231.750535,297,4666.106485
1075.637413,1000,4669.192914
1100.209695,1000,4672.229585
60.68671,253,4672.87449
1052.50012,1000,4675.733047
403.146378,390,4676.899987
277.897215,366,4678.027255
1010.279931,1000,4680.917694
936.806259,1000,4692.188682
1135.820971,1000,4694.766825
1042.198309,1000,4697.663922
1106.128586,1000,4700.554658
97.971977,127,4701.100076
1011.585105,1000,4704.026362
1054.982098,1000,4707.078322
547.051593,522,4708.62516
1040.870316,1000,4711.572168
1089.466793,1000,4714.156238
493.891192,494,4715.585031
648.098776,640,4717.598702
516.369908,520,4719.073682
65.906807,97,4719.300476
817.366655,821,4721.57256
590.521279,585,4723.491465
1129.712929,1000,4726.408713
203.625394,212,4726.898774
1032.695874,1000,4729.788905
1082.754049,1000,4732.668355
46.583798,86,4732.874621
1047.603177,1000,4735.753106
866.954532,873,4738.327779
415.162309,572,4739.941123
90.702723,127,4740.243621
1025.961839,1000,4743.190108
77.239832,109,4743.453406
363.222178,384,4744.585174
692.630229,654,4746.407546
484.423639,653,4748.470777
1109.507956,1000,4751.468639
338.33934,374,4752.346898
1016.064323,1000,4755.217505
757.38884,730,4757.464405
62.760968,159,4757.824157
772.527622,718,4759.783155
984.463029,1000,4762.670612
789.078685,1000,4765.616081
897.600172,1000,4768.545261
718.376706,783,4770.87351
1094.776922,1000,4773.755799
1020.176436,1000,4776.646706
120.468503,161,4777.014467
1033.306361,1000,4780.015938
949.629105,1000,4782.991656
917.324443,832,4785.222212
750.175125,926,4787.91838
1048.487345,1000,4790.783211
1134.494196,1000,4793.662921
1001.299028,1000,4796.598798
1077.617777,1000,4799.475775
953.061754,1000,4802.472971
120.685832,145,4802.819202
1010.948888,974,4805.604899
975.891309,1000,4808.489095
337.851862,324,4809.490193
926.336442,1000,4812.362996
1086.193939,1000,4815.225924
371.436716,396,4816.458272
837.93485,1000,4819.042511
171.976253,195,4819.74368
75.332467,99,4819.981566
353.412682,403,4821.181882
392.342607,476,4822.564378
816.519812,1000,4825.44951
398.139762,458,4826.80353
1034.219131,1000,4829.68841
1022.57172,1000,4832.57214
496.483161,505,4833.72862
558.867065,599,4844.104291
903.428963,1000,4847.002024
418.233733,512,4848.453166
995.297606,1000,4851.332365
1089.318742,1000,4854.220268
33.58351,59,4854.343634
950.133243,1000,4857.221201
962.656418,1000,4860.106928
848.033078,1000,4862.691182
975.935811,1000,4865.566159
1018.146887,1000,4868.557689
1074.731559,1000,4871.532682
941.654738,1000,4874.571841
1096.100086,1000,4877.605659
1061.44408,1000,4880.678194
1035.763808,1000,4883.689975
409.630952,437,4885.06786
1119.889637,1000,4887.98437
282.408636,295,4888.949499
431.674469,530,4890.457053
412.087081,593,4892.132688
963.319968,1000,4895.058604
1086.463346,1000,4897.989789
1032.370441,1000,4900.884681
413.557647,422,4901.879271
1061.640759,1000,4904.777324
1052.207765,1000,4907.828153
1095.148844,1000,4910.84877
473.84087,458,4912.155383
906.817995,1000,4915.133994
1101.501668,1000,4918.158372
1042.25727,1000,4921.064574
1074.911761,1000,4923.973326
1095.076787,1000,4926.853676
91.01032,122,4927.147639
1110.600913,1000,4930.041835
1047.941322,1000,4932.927001
1107.457693,1000,4935.80133
1132.952401,1000,4938.747567
1033.26518,1000,4941.783727
1096.512772,1000,4944.814122
114.503329,149,4945.169743
1005.38488,1000,4948.141941
1133.628476,1000,4951.174376
116.85381,147,4951.505373
950.482529,1000,4954.525511
1040.316763,1000,4957.391561
1101.323513,1000,4960.452619
973.060134,1000,4963.475814
1050.14325,1000,4966.413409
1038.733723,1000,4969.404898
837.98833,1000,4972.449027
1086.302234,1000,4975.323901
498.532624,539,4976.956045
1125.026188,1000,4979.924224
848.047915,866,4982.595549
1119.13845,1000,4985.494569
542.400584,525,4986.974928
136.3326,170,4987.372217
986.210478,1000,4998.842755
584.529343,756,5000.898792
956.317583,1000,5003.8872
850.85148,792,5006.271864
1064.459914,1000,5009.146733
973.448619,1000,5012.009237
1113.239399,1000,5014.889156
1084.158306,1000,5017.770274
965.624443,944,5020.735045
474.34079,481,5022.215074
829.122104,806,5024.444223
295.988162,299,5025.379422
988.123579,1000,5028.275181
299.049779,396,5029.213938
974.224209,916,5031.902978
950.462293,1000,5034.918551
1081.80658,1000,5037.889784
1001.192384,1000,5040.886865
724.303388,740,5043.253397
895.744036,1000,5045.916321
90.480565,114,5046.536067
1014.119516,1000,5049.456298
1043.351012,1000,5052.402144
1025.001825,1000,5055.459462
1124.169059,1000,5058.443733
1105.562583,1000,5061.047923
76.023845,95,5061.537043
1083.694455,1000,5064.428883
1047.76865,1000,5067.325231
1058.940451,1000,5070.226736
312.474729,326,5070.965764
1048.089385,1000,5073.920329
1097.803091,1000,5076.969833
822.035636,1000,5079.828527
449.49469,558,5081.411097
932.024141,1000,5084.488615
1060.095565,1000,5087.480478
1107.60252,1000,5090.343799
402.057688,392,5091.5084
1037.41396,1000,5094.408134
1104.162617,1000,5097.432487
252.7293,293,5098.135354
1047.241881,1000,5101.065996
743.511407,1000,5103.941349
68.730598,95,5104.168043
514.555358,532,5105.693201
1009.895142,1000,5108.570266
1015.885793,978,5111.517807
354.994869,369,5112.697321
815.769201,1000,5115.654997
1079.969985,1000,5118.547279
1117.057177,1000,5121.631035
740.399315,734,5123.631605
1014.433374,1000,5126.690556
890.610569,1000,5129.703207
1103.658339,1000,5132.592609
1059.795106,1000,5135.500968
1068.173604,1000,5138.470023
979.704252,1000,5141.462582
934.364669,1000,5144.501991
1023.562375,1000,5155.897919
967.303025,1000,5158.850627
728.457925,678,5160.761421
1149.042046,1000,5163.753048
1104.945529,1000,5166.729591
56.653825,84,5166.935654
35.628067,61,5167.081646
53.443297,82,5167.249534
1103.095367,1000,5170.159538
402.908866,405,5171.369577
1072.249483,1000,5174.757781
1065.941863,1000,5178.708427
1127.233305,1000,5182.626338
1082.129198,1000,5186.492784
1078.720019,1000,5190.441623
1103.929443,1000,5194.443314
71.619259,98,5194.666662
847.386183,1000,5198.791306
195.639934,201,5199.255565
27.589139,58,5199.76682
311.017796,327,5201.022537
90.192819,117,5201.279275
197.181971,230,5202.459097
802.124302,795,5205.161513
1122.835769,1000,5209.234316
1046.531373,1000,5213.353698
1099.355029,1000,5217.585088
1047.333315,1000,5220.022032
66.852121,100,5220.171379
895.671408,1000,5221.607408
987.442247,1000,5222.892078
222.985691,246,5223.287913
927.150761,975,5224.594478
1149.948642,1000,5225.920978
963.817853,1000,5227.221511
20.164404,43,5227.261561
760.828061,782,5228.175032
434.852238,423,5228.760526
705.919164,740,5229.7903
255.864315,265,5230.037169
962.157156,1000,5231.271477
889.245516,1000,5232.504092
1146.45272,1000,5233.734879
1116.33452,1000,5234.954872
57.531705,93,5235.042576
422.833031,420,5235.576829
651.727576,609,5236.291147
1063.142154,1000,5237.538325
1086.953128,1000,5238.857546
21.650328,51,5238.904948
969.77918,1000,5240.216128
220.852961,238,5240.451455
992.414013,922,5241.692191
21.811898,51,5241.742797
931.480355,1000,5243.077628
1007.686331,1000,5244.371278
965.611094,1000,5245.6518
575.630555,529,5246.313016
1091.803206,1000,5247.597372
1057.869232,1000,5248.8261
803.967918,773,5249.857913
1081.501769,1000,5251.108244
918.031762,1000,5252.336683
996.97365,1000,5253.564
23.193262,46,5253.607041
1105.054539,1000,5254.835348
723.925328,681,5255.618297
1042.528846,1000,5256.871101
997.635121,1000,5258.148326
1088.751736,1000,5259.428596
1158.88346,1000,5261.011554
1091.989192,1000,5262.277079
74.4481,104,5262.373911
960.511688,1000,5263.67014
1112.484053,1000,5264.94466
47.751469,81,5265.018747
856.010071,994,5266.266897
1115.452779,1000,5267.508687
1034.781422,1000,5268.742821
1135.727404,1000,5270.003902
1090.84434,1000,5271.283041
296.772254,314,5271.578049
1114.523766,1000,5272.880948
1085.482526,1000,5274.164849
1069.803974,1000,5275.446185
1067.289292,1000,5276.82117
1099.989481,1000,5278.134078
1107.255337,1000,5279.414051
986.034224,1000,5280.703361
720.859356,1000,5281.932085
1027.323654,1000,5283.162328
44.670042,68,5283.226372
1122.727334,1000,5284.512378
1048.323235,1000,5285.838572
1125.265412,1000,5287.156215
1076.180268,1000,5288.441101
1118.235628,1000,5289.757595
1098.204397,1000,5291.016937
52.219693,83,5291.092873
115.616127,167,5291.247753
814.096656,756,5292.242441
1052.012757,1000,5293.475407
1097.215123,1000,5294.71545
532.659563,511,5295.33787
1095.871731,1000,5296.672991
80.912535,112,5296.776561
1122.352105,1000,5298.072824
137.353154,176,5298.234394
1055.246649,1000,5299.557933
231.488611,249,5299.962105
1183.344406,1000,5301.100255
970.999656,1000,5302.373132
1144.101581,1000,5303.682286
1159.017597,1000,5304.96897
1124.939069,1000,5306.245186
658.337922,749,5307.292551
972.198537,1000,5308.648712
1070.784226,1000,5309.961029
634.584033,587,5310.681942
145.362382,187,5310.853245
27.67386,56,5310.907135
1095.034625,1000,5312.211401
163.33925,219,5312.580713
291.731706,289,5312.848513
533.584093,549,5313.534256
1143.886063,1000,5314.83538
1051.809192,1000,5316.069867
595.29229,643,5316.824737
361.65007,353,5317.290549
1115.384366,1000,5318.584934
1050.175054,1000,5319.89965
36.678971,67,5319.961604
37.259889,71,5320.031126
1113.253571,1000,5321.335591
1073.817632,1000,5322.620397
887.125142,1000,5327.971417
850.40145,819,5329.045127
471.708011,460,5329.619183
1123.664302,1000,5330.85012
201.062712,211,5331.046086
1023.423943,1000,5332.269994
1104.21194,1000,5333.497113
21.016324,48,5333.541717
1058.772832,1000,5334.779223
1170.227919,1000,5336.028078
432.777479,496,5336.634909
54.025702,86,5336.715396
1022.512504,1000,5337.946518
813.93389,776,5338.964176
26.415883,60,5339.018669
353.214058,389,5339.389881
1103.004404,1000,5340.629001
775.305318,717,5341.578565
1010.816903,1000,5342.810371
35.291523,65,5342.870525
869.49457,1000,5344.100382
188.568521,237,5344.321333
795.10602,725,5345.294829
501.608791,487,5345.901012
89.209137,129,5346.019603
1032.683195,1000,5347.251544
1127.403586,1000,5348.539345
1146.650584,1000,5349.879047
973.880381,1000,5351.175126
1103.360811,1000,5352.507204
1172.140895,1000,5353.793742
524.548096,519,5354.483248
1084.773456,1000,5355.795356
1127.395204,1000,5357.094166
1125.201586,1000,5358.214909
1116.362278,1000,5359.494749
1122.170814,1000,5360.833418
1068.802055,1000,5362.132212
817.129385,793,5363.246082
582.903841,559,5363.979159
604.713312,598,5364.726903
1173.963728,1000,5366.049502
1059.161869,1000,5367.305334
1064.861637,1000,5368.57714
925.766883,1000,5369.905907
64.578095,99,5369.996877
1119.701245,1000,5371.346186
968.631976,1000,5372.644661
991.076257,1000,5373.968902
970.471384,1000,5375.255817
173.341551,207,5375.454229
539.795589,563,5376.162175
1150.753272,1000,5377.516473
1131.523609,1000,5378.805795
950.140978,1000,5380.160772
978.5834,1000,5381.47309
1163.210368,1000,5382.791682
38.693562,64,5382.858652
909.632009,1000,5384.132438
880.349426,832,5385.288562
23.928925,51,5385.335754
315.754099,339,5385.83407
1130.117883,1000,5387.108324
1117.419695,1000,5388.346265
339.368247,341,5388.667274
1160.932165,1000,5389.89879
726.278866,689,5390.830557
171.942073,194,5391.011129
1123.764519,1000,5396.379478
847.624115,812,5397.526738
993.477479,1000,5398.648186
1099.571745,1000,5400.019406
1111.567054,1000,5401.303461
1113.614002,1000,5402.592446
1030.052876,1000,5403.89859
658.599695,629,5404.783949
68.681637,107,5404.882942
1156.188389,1000,5406.2127
631.165596,621,5406.990948
1109.212345,1000,5408.306438
50.745339,82,5408.382082
34.024108,67,5408.444801
1042.872389,1000,5409.739949
1114.471567,1000,5411.029424
167.113899,176,5411.200258
1090.754094,1000,5412.5084
1102.187701,1000,5413.821923
61.267472,90,5413.911884
212.519007,235,5414.293152
1111.406579,1000,5415.618886
755.130526,1000,5416.934807
676.865282,632,5417.701734
126.241453,149,5417.846893
1145.524202,1000,5419.155048
1022.377886,1000,5420.488524
71.209553,93,5420.586548
16.901536,43,5420.825211
1007.531378,1000,5421.964505
57.791188,83,5422.203261
1040.458866,1000,5423.537144
1095.091207,1000,5424.826387
975.81569,1000,5425.978985
307.205363,314,5426.426407
495.045358,497,5427.07445
63.517537,98,5427.165254
9.255998,38,5427.203625
967.678673,1000,5428.480072
1103.719643,1000,5429.719789
1057.104754,1000,5431.023365
1029.47271,1000,5432.351155
501.690023,519,5433.009132
261.453774,286,5433.463485
474.785627,462,5434.064215
1091.581423,1000,5435.348664
549.105175,589,5436.073191
1098.135477,1000,5437.379215
1079.685441,1000,5438.617244
1044.629289,1000,5439.853021
1029.171614,1000,5441.135361
1021.971637,1000,5442.256545
870.838076,1000,5443.582229
989.327704,1000,5444.836698
1017.212066,941,5446.008471
36.333359,63,5446.070851
96.542223,138,5446.338784
1079.965751,1000,5447.575632
959.0972,1000,5448.809228
137.168065,175,5448.973469
41.404118,73,5449.042717
188.084741,224,5449.261645
52.189408,89,5449.479478
584.259825,552,5450.14638
1109.791204,1000,5451.376653
1126.61749,1000,5452.624448
501.560053,506,5453.249381
217.675028,239,5453.471944
1135.291571,1000,5454.70682
1151.164204,1000,5455.942932
419.771535,402,5456.464664
51.920282,76,5456.535864
1038.244713,1000,5457.773167
1090.027329,1000,5459.02013
52.849857,94,5459.109221
292.541748,301,5463.617193
1011.557133,1000,5464.949674
718.919504,1000,5466.079123
248.906674,252,5466.450242
265.256041,307,5466.881809
1100.455322,1000,5468.115965
1032.926649,1000,5469.211514
1070.226873,1000,5470.442643
925.912386,1000,5471.670682
1123.080098,1000,5472.90572
300.738964,294,5473.320456
1074.753643,1000,5474.563031
1150.30765,1000,5475.803407
32.529309,63,5475.861609
376.386497,375,5476.364052
703.887989,673,5477.182423
574.579251,565,5477.887704
23.425242,48,5477.931722
1060.409323,1000,5479.253817
823.972211,1000,5480.552783
77.409633,116,5480.669895
23.88241,52,5480.723774
231.416009,265,5481.14323
1004.460544,902,5482.375975
934.511759,1000,5483.713161
1081.949154,981,5485.082465
1084.075831,1000,5486.452064
1059.01809,1000,5487.623824
114.5918,150,5487.918817
1110.324696,1000,5489.229661
136.95176,188,5489.405489
1060.024993,1000,5490.693794
1062.521269,1000,5491.927347
279.164532,288,5492.338733
329.962705,374,5492.690121
853.894565,1000,5493.921007
872.193735,823,5495.029727
1126.062691,1000,5496.353748
1096.664648,1000,5497.648316
109.992673,133,5497.772141
1116.081035,1000,5499.07701
210.978421,231,5499.306157
1058.729827,1000,5500.584068
1064.705732,1000,5501.896705
991.444087,1000,5503.209086
1119.182334,1000,5504.487504
1123.811436,1000,5505.771501
1122.081345,1000,5507.09408
69.592811,104,5507.202037
408.499684,403,5507.764215
69.579233,107,5507.869806
1120.600074,1000,5509.13998
1067.102959,1000,5510.38748
1163.654698,1000,5511.629254
88.641123,118,5511.746455
1159.305499,1000,5512.977241
439.831864,450,5513.534256
1040.085472,1000,5514.768948
60.038328,92,5514.859643
8.161788,38,5514.898469
1112.707607,1000,5516.13417
702.578575,640,5517.023424
869.172816,825,5517.947378
772.037475,1000,5519.17733
1078.160417,1000,5520.416889
1149.437734,1000,5521.657458
1099.670668,1000,5522.905099
1066.197578,1000,5524.140071
1148.724928,1000,5525.381075
1036.835615,1000,5530.669651
1065.667907,1000,5531.890389
132.072873,167,5532.04528
756.220289,739,5533.040303
1128.739575,1000,5534.309155
827.319283,1000,5535.543612
1121.719094,1000,5536.773154
766.146582,962,5537.835481
830.382231,1000,5539.081016
80.296279,112,5539.331203
621.567317,587,5540.03764
1138.057379,1000,5541.28524
461.845971,445,5541.847334
932.232055,1000,5543.09519
100.405466,134,5543.222793
1153.583648,1000,5544.462705
1087.257256,1000,5545.725333
1062.643157,1000,5546.983892
1087.851926,1000,5548.294792
1050.115593,1000,5549.592332
679.976822,673,5550.401567
1120.130537,1000,5551.716285
716.855771,692,5552.551397
197.635866,225,5552.954979
247.377757,271,5553.21036
1047.485411,1000,5554.525638
345.302765,344,5555.027985
74.012746,110,5555.130817
1089.875451,1000,5556.419566
66.463206,101,5556.513751
983.154879,1000,5557.81726
1154.012036,1000,5559.045239
70.933848,102,5559.140191
878.638814,1000,5560.378438
591.436228,572,5561.05633
548.439431,599,5561.771907
1033.654457,1000,5563.001368
1135.109573,1000,5564.241886
254.625955,275,5564.656431
9.952479,33,5564.687001
1091.965264,1000,5565.92204
1139.559275,1000,5567.164036
896.670202,1000,5568.389749
1093.565562,1000,5569.626076
314.457608,329,5569.943508
1152.942458,1000,5571.174188
1039.387735,1000,5572.437402
40.297524,63,5572.501651
375.143091,405,5573.033881
735.525169,729,5574.073042
1070.791156,1000,5575.314609
1042.41706,1000,5576.559524
881.195419,1000,5577.839704
745.712576,710,5578.665321
17.022131,40,5578.702602
972.413549,1000,5579.929995
1049.329176,1000,5581.165541
1121.095153,1000,5582.397116
1067.887365,1000,5583.634976
1014.140807,1000,5584.860698
55.488523,83,5584.938132
1035.778403,1000,5586.232488
448.71642,452,5586.804021
1083.770563,1000,5588.033186
92.804066,127,5588.150359
9.557618,36,5588.184053
1112.049891,1000,5589.425282
223.810141,268,5589.821983
333.989102,343,5590.144381
333.540273,370,5590.635632
1098.529407,1000,5591.864949
63.554689,96,5591.954146
89.175411,121,5592.067321
1162.162897,1000,5597.335367
1167.729589,1000,5598.572103
105.870685,149,5598.716348
313.187455,317,5599.14416
1050.493666,1000,5600.377614
35.170722,62,5600.435399
965.695405,988,5601.658207
311.422657,314,5602.095813
61.441186,92,5602.180853
1063.438011,1000,5603.413142
131.436895,163,5603.564243
992.996453,1000,5604.797048
817.416224,814,5605.848072
1017.921128,1000,5607.108304
1012.929895,1000,5608.339955
310.19541,343,5608.660206
1123.085519,1000,5609.891142
381.735032,367,5610.375782
1127.198934,1000,5611.611008
224.300899,234,5611.833144
1151.262929,1000,5613.08557
949.418829,1000,5614.312365
977.943343,1000,5615.548312
190.511996,202,5615.880691
828.843903,775,5616.784259
45.654481,84,5616.866351
405.393306,404,5617.43672
1143.964861,1000,5618.753995
1082.642535,1000,5620.04545
740.980548,721,5620.914315
953.036011,1000,5622.226733
945.235321,1000,5623.510481
251.167288,305,5623.943163
614.429424,623,5624.672752
1184.349527,1000,5625.972825
442.019594,499,5626.610926
475.46523,463,5627.201986
343.580702,358,5627.704078
1049.131361,1000,5628.992795
195.836424,229,5629.205025
119.190298,151,5629.34846
1124.703421,1000,5630.715998
585.823651,1000,5631.992011
777.93317,1000,5633.324281
1062.080349,958,5634.598065
908.989866,1000,5635.85567
978.385609,1000,5637.116383
74.163259,99,5637.207332
1003.427758,1000,5638.450479
934.712673,1000,5639.689644
63.154389,101,5639.783843
1009.045759,1000,5641.016865
994.713612,1000,5642.249576
131.667598,182,5642.563185
879.3318,827,5643.490081
802.645665,1000,5644.727692
232.995664,241,5645.103302
1070.272405,1000,5646.344038
1136.908641,1000,5647.445716
1023.019872,1000,5648.686533
947.999237,1000,5649.924772
912.729532,923,5651.08375
1153.105388,1000,5652.351866
1064.442926,1000,5653.592509
1110.615747,1000,5654.827334
1034.526976,1000,5656.062161
5.486,32,5656.092206
1107.381895,1000,5657.405405
1145.195914,1000,5658.716348
369.252455,350,5659.214367
1003.315146,1000,5664.532958
1062.325097,1000,5665.837168
972.833031,1000,5667.13823
290.845617,318,5667.435174
1154.662231,1000,5668.748548
1103.215457,1000,5670.048056
1109.28208,1000,5671.365296
1100.127484,1000,5672.643245
1138.14642,1000,5673.948354
1096.08932,1000,5675.23044
112.650334,137,5675.358736
1107.674162,1000,5676.661203
23.546699,49,5676.706539
529.067237,563,5677.409042
280.257409,260,5677.819432
1052.951123,1000,5679.124876
435.186741,434,5679.690423
842.13623,784,5680.579216
1073.5341,1000,5681.814151
260.625904,273,5682.214019
963.524537,1000,5683.449479
1028.159208,1000,5684.679581
1164.817834,1000,5685.783504
922.352936,1000,5687.032721
625.690511,578,5687.870967
984.451119,1000,5689.106366
533.030679,505,5689.590841
1058.96485,1000,5690.854218
1129.656313,1000,5692.167264
953.680329,1000,5693.418317
968.358689,1000,5694.68456
1064.97845,1000,5695.922489
582.706087,575,5696.610124
984.860666,1000,5697.842026
1120.110416,1000,5699.166047
539.340806,511,5699.823336
210.799992,238,5700.194775
81.563719,111,5700.299721
1125.428376,1000,5701.540605
612.77032,606,5702.266857
28.553616,58,5702.321208
1091.004086,1000,5703.567467
1145.621741,1000,5704.82722
1098.970704,1000,5706.076026
944.83897,1000,5707.336153
1029.335089,1000,5708.634137
1127.401344,1000,5709.970626
954.570738,1000,5711.289725
1052.237008,1000,5712.592739
767.997949,818,5713.550651
1131.156137,1000,5714.823702
670.704243,691,5715.759043
965.145613,1000,5717.011633
1070.588345,1000,5718.304549
500.661382,488,5718.945743
1001.972682,1000,5720.251311
1101.389194,1000,5721.5674
37.20556,65,5721.627354
92.129925,130,5721.748089
929.525089,1000,5723.039157
35.48982,66,5723.102488
840.377477,1000,5724.412775
1031.399736,1000,5725.730205
1123.219716,1000,5731.099819
37.353531,65,5731.164804
891.662211,805,5732.227037
573.5102,585,5732.94152
472.898117,455,5733.561644
251.679387,286,5733.828593
1009.345988,1000,5735.125331
847.383636,1000,5736.440828
999.165472,1000,5737.788882
1146.991158,1000,5739.084213
246.539281,339,5739.570948
984.14758,1000,5740.815358
1115.654842,1000,5741.926048
1130.802591,1000,5743.182489
1014.366083,1000,5744.412604
918.189165,1000,5745.655143
1119.250512,1000,5746.892593
1087.607736,1000,5748.13757
1124.129627,1000,5749.382802
36.930809,66,5749.448567
915.388391,1000,5750.681588
25.401992,51,5750.734683
1100.216329,1000,5751.982233
22.412716,47,5752.030319
1119.478807,1000,5753.269109
1185.87619,1000,5754.501968
564.750661,540,5755.18287
553.387306,522,5755.824259
1038.082768,1000,5757.064097
1138.324768,1000,5758.30938
9.549743,34,5758.344047
1170.29278,1000,5759.608972
167.672483,183,5759.924174
990.835114,1000,5761.15784
1045.985464,1000,5762.395589
999.669106,1000,5763.64791
16.202021,41,5763.686203
962.18004,1000,5764.974015
999.124414,1000,5766.257676
969.394508,1000,5767.527223
1103.618887,1000,5768.649656
1066.023499,1000,5769.954636
954.854102,1000,5771.254025
1058.528309,1000,5772.533976
1095.178748,1000,5773.847672
1038.601079,1000,5775.143757
1164.074293,1000,5776.454566
335.36036,352,5776.964168
269.564497,273,5777.227885
771.756842,739,5778.296844
888.99438,1000,5779.58525
1120.533063,1000,5780.919257
1082.822816,1000,5782.25774
755.603579,684,5783.071145
7.473068,33,5783.101242
224.892522,259,5783.528847
932.001829,1000,5784.82164
1081.92433,1000,5786.113889
1069.920717,1000,5787.258146
1036.888357,1000,5788.536866
18.506731,48,5788.741135
1122.371036,1000,5789.849977
701.918542,908,5790.998907
21.006772,50,5791.04824
808.009433,787,5792.074303
403.685454,385,5792.585302
1062.835935,1000,5793.81793
272.859464,285,5794.085613
1090.011158,1000,5799.365745
942.877192,1000,5800.605524
1029.149917,1000,5801.845955
46.557982,78,5801.918661
971.760938,943,5803.115461
621.294549,654,5803.884281
1006.66734,1000,5805.122683
1183.015797,1000,5806.396521
1097.507562,1000,5807.66845
1012.70189,1000,5808.914549
563.740799,543,5809.575199
991.243815,1000,5810.808931
480.862843,483,5811.410323
384.506435,366,5811.901331
1163.508605,1000,5813.143554
997.952962,1000,5814.378435
116.89986,179,5814.547777
740.984932,708,5815.365859
1121.657238,1000,5816.624866
18.948834,41,5816.667063
57.720294,90,5816.912855
970.149333,1000,5818.209862
82.365364,115,5818.318276
405.886964,409,5818.87082
901.845722,1000,5820.144163
200.04453,235,5820.363036
442.38162,520,5821.001143
1094.689853,1000,5822.243101
911.859481,1000,5823.473573
968.719306,1000,5824.709411
800.590485,1000,5825.940499
473.0382,485,5826.537056
1058.581227,1000,5827.773619
1147.427923,1000,5829.001279
492.000127,558,5829.678686
167.522329,244,5829.905829
1039.824949,1000,5831.143102
1153.005038,1000,5832.381776
1093.124847,1000,5833.614418
1052.415322,1000,5834.856925
56.395512,87,5834.938993
1041.478437,1000,5836.185602
181.918117,199,5836.54378
309.166903,302,5836.827236
34.853323,61,5836.885956
526.906973,543,5837.566888
843.326101,828,5838.652509
1113.178531,1000,5839.892333
915.30813,887,5841.018781
987.200347,991,5842.245278
764.843213,779,5843.131297
989.196138,930,5844.361849
1138.462906,1000,5845.665663
957.772882,1000,5846.974755
1070.172463,1000,5848.228078
1131.122095,1000,5849.464159
1167.947133,1000,5850.707127
1097.281122,1000,5851.991844
765.551571,744,5852.860099
500.361597,469,5853.503154
971.664641,1000,5854.841708
641.575666,666,5855.636545
8.041046,36,5855.671705
874.545441,801,5856.806391
9.156379,34,5856.838362
1149.164227,1000,5858.11019
386.812909,378,5858.610585
710.724404,665,5859.380041
40.13028,67,5859.441005
426.823417,412,5859.974276
922.489647,1000,5865.267048
1118.024085,1000,5866.506716
481.851414,451,5867.076798
1017.990627,912,5868.090757
459.110218,513,5868.710748
546.435726,521,5869.34573
933.488186,1000,5870.580809
1138.501358,1000,5871.824805
1009.015072,1000,5873.086222
1031.311942,1000,5874.319445
1125.874259,1000,5875.553942
991.810682,1000,5876.790287
1109.153902,1000,5878.029188
1042.33233,972,5879.292238
406.904422,1000,5880.527814
8.510098,33,5880.55951
1176.685219,1000,5881.834587
1137.870273,1000,5883.089435
1124.868409,1000,5884.375224
1117.470404,1000,5885.654041
1018.213636,1000,5886.900607
1103.238035,1000,5888.161683
876.04142,1000,5889.391189
626.457196,572,5890.07655
1039.843705,1000,5891.308621
1117.314861,1000,5892.544816
1019.658419,1000,5893.779026
1001.369636,1000,5895.010972
562.33082,540,5895.663461
899.796737,854,5896.613147
1116.25847,1000,5897.850904
430.360622,419,5898.387837
561.602699,558,5899.056387
1111.283064,1000,5900.294331
832.503727,847,5901.379477
1132.016286,1000,5902.614933
1116.061657,1000,5903.853669
1084.591147,1000,5905.093643
631.244558,682,5905.883441
1141.674292,1000,5907.126669
1070.707617,936,5908.305649
1049.545912,1000,5909.536525
1141.907742,1000,5910.776347
1166.013024,1000,5912.011446
1114.37569,1000,5913.249351
594.460501,607,5913.964154
1105.379449,1000,5915.201554
961.30024,1000,5916.431126
1014.715766,1000,5917.664685
1032.292927,1000,5918.91625
1105.673708,1000,5920.155012
1015.35068,1000,5921.403999
1116.083688,1000,5922.508934
1049.104546,1000,5923.807766
16.272089,44,5924.023454
1107.662117,1000,5925.133582
967.015651,963,5926.331441
1056.763489,1000,5931.613709
672.239495,1000,5932.898653
1051.808261,963,5934.163525
382.473685,455,5934.753177
1072.640528,1000,5936.078191
1090.532221,1000,5937.37314
1085.695986,1000,5938.667108
1016.100477,947,5939.90577
146.410789,219,5940.109012
1128.043428,1000,5941.465957
969.493858,1000,5942.734229
1125.053981,1000,5943.975389
792.634114,734,5944.815599
1056.452752,1000,5946.050482
1048.52569,1000,5947.333169
1159.095257,1000,5948.614967
1126.920487,1000,5949.895042
1164.518904,1000,5951.281105
1154.414725,1000,5952.637062
182.024092,201,5953.003633
239.951534,242,5953.22823
1004.678579,1000,5954.562758
663.702336,631,5955.338378
755.935027,703,5956.292601
459.46342,436,5956.708061
1005.59521,1000,5957.944368
843.170049,1000,5959.172688
1047.015165,1000,5960.447936
998.424409,1000,5961.711167
1096.739465,1000,5962.954325
1085.599057,1000,5964.218761
1135.433297,1000,5965.473167
636.048801,638,5966.224926
1073.191878,1000,5967.458035
424.787796,419,5967.995555
1153.142376,1000,5969.231799
202.526229,237,5969.597082
1157.648592,1000,5970.837497
1079.505703,1000,5971.973828
1145.100754,1000,5973.260817
1068.499776,1000,5974.558208
812.397463,838,5975.701978
1110.28576,1000,5977.056004
1117.048308,1000,5978.353434
1161.57127,1000,5979.677272
105.265373,119,5979.78976
896.875336,862,5980.97143
772.432252,735,5981.835292
597.468978,574,5982.545275
19.237013,44,5982.589783
86.624991,118,5982.857652
1192.764531,1000,5984.147282
1092.22018,1000,5985.394083
1118.016106,1000,5986.631994
1117.572395,1000,5987.757203
876.156131,1000,5988.99844
1122.531041,1000,5990.226837
419.420555,398,5990.755913
979.240352,907,5991.961048
1081.334777,1000,5993.24336
74.475341,111,5993.345152
1029.042595,1000,5998.683429
945.673229,1000,5999.957676
1107.155654,1000,6001.224375
437.764457,456,6001.802253
1173.106971,1000,6003.035304
994.951015,1000,6004.261332
853.18368,860,6005.244853
530.910801,572,6006.060771
1061.032838,1000,6007.30059
1159.486767,1000,6008.41942
1056.125659,1000,6009.648062
339.077133,333,6010.097545
253.109296,287,6010.506361
1076.14489,1000,6011.742707
24.941505,49,6011.787636
1159.355158,1000,6013.069961
955.062298,871,6014.077258
1124.124007,1000,6015.386652
1141.805066,1000,6016.716619
703.470418,733,6017.772157
1033.122955,1000,6019.075821
1126.330862,1000,6020.363509
19.347858,46,6020.406067
682.446241,713,6021.238924
94.096962,131,6021.361247
1050.989542,1000,6022.723282
319.803836,340,6023.221397
1101.864055,991,6024.460733
1079.73474,1000,6025.698204
1097.718688,1000,6026.934731
1070.746634,1000,6028.176021
1046.514221,1000,6029.407075
18.674916,47,6029.45067
1087.232102,1000,6030.688991
1084.377567,1000,6031.920569
1128.190073,1000,6033.15678
1060.32386,1000,6034.400048
1132.36054,1000,6035.630051
599.638213,556,6036.295392
1133.749528,1000,6037.595554
1048.862089,1000,6038.889453
1037.134483,1000,6040.022758
228.059844,230,6040.391991
1071.981974,1000,6041.669049
996.248426,1000,6042.966122
992.555223,1000,6044.218785
1200.728292,1000,6045.457284
831.685423,1000,6046.683739
850.009431,1000,6047.917607
1098.682561,1000,6049.222665
1031.20654,1000,6050.518122
1118.466527,1000,6051.821445
957.750289,1000,6052.944877
1119.74892,1000,6054.255462
1093.430108,1000,6055.533755
1151.096152,1000,6056.857033
1141.744648,1000,6058.180106
947.569013,899,6059.324295
938.029619,939,6060.510785
18.905952,44,6060.551072
1032.208111,1000,6065.841335
227.251222,256,6066.08227
1076.263536,1000,6067.308395
1090.172416,1000,6068.579726
55.78242,84,6068.664273
338.22622,359,6069.176137
1091.645556,1000,6070.432463
876.257922,1000,6071.666496
867.401513,1000,6072.896646
621.525185,587,6073.590851
1147.11913,1000,6074.911438
1144.432217,1000,6076.232393
1175.678911,1000,6077.488886
1080.08835,1000,6078.725346
1100.184806,1000,6079.963573
1092.668689,1000,6081.205893
677.308777,623,6081.939598
6.457245,32,6081.968678
1048.944427,1000,6083.212078
1089.248155,1000,6084.483881
1169.420417,1000,6085.756387
1146.41288,1000,6087.015241
601.705732,570,6087.695238
1129.414657,1000,6088.932865
851.431591,810,6089.986467
1090.868346,1000,6091.234303
124.523625,163,6091.384946
1038.540461,1000,6092.624951
1003.63198,1000,6093.857801
55.067967,85,6093.93512
1140.965296,1000,6095.212451
1046.418615,1000,6096.489512
1144.902955,1000,6097.830437
1126.182998,1000,6099.138704
9.148866,38,6099.173962
1165.710231,1000,6100.454112
28.835931,61,6100.510011
1113.112456,1000,6101.829479
1174.51276,1000,6103.121953
1010.980531,1000,6104.385713
55.812469,89,6104.467209
1153.918235,1000,6105.755889
1084.716497,1000,6107.072941
977.722282,1000,6108.382701
1120.560081,1000,6109.688573
1174.784901,1000,6110.979545
992.621848,1000,6112.270652
1108.543476,1000,6113.548633
1173.34203,1000,6114.7992
1106.608968,1000,6116.035363
1171.292242,1000,6117.280935
1125.817908,1000,6118.382106
1141.132028,1000,6119.614247
337.36535,341,6120.071331
1132.409778,1000,6121.309832
1038.033689,1000,6122.548058
1182.421662,1000,6123.78531
1071.674063,1000,6125.023548
218.208445,263,6125.2723
404.139833,437,6125.819887
1114.273191,1000,6127.104205
1061.437657,1000,6132.424887
181.98322,214,6132.773086
1086.469068,1000,6134.056188
1149.918063,1000,6135.194968
1155.235313,1000,6136.53339
1026.485597,961,6137.754079
291.409697,320,6138.195142
1108.435233,1000,6139.441087
1029.21774,1000,6140.679815
41.80682,70,6140.745129
1096.313754,1000,6141.983723
890.345469,866,6143.094554
354.768653,355,6143.425285
1044.225024,1000,6144.657286
1123.959145,1000,6145.885891
782.624253,1000,6147.115692
111.334945,144,6147.256123
23.855874,52,6147.460961
785.264825,708,6148.292231
441.133893,447,6148.852662
14.548472,39,6148.888596
1115.735967,1000,6150.119426
1108.514405,1000,6151.354465
477.340381,469,6151.935866
1125.12766,1000,6153.169345
1109.917574,1000,6154.400924
1085.34246,1000,6155.63986
943.643976,1000,6156.879488
44.10467,74,6156.946695
1028.189209,1000,6158.197946
597.610183,624,6158.964828
1046.266643,1000,6160.248848
311.454183,299,6160.541535
1106.736744,1000,6161.846148
1147.774038,1000,6163.076308
1130.567063,1000,6164.333071
1124.634306,1000,6165.591498
1153.998285,1000,6166.839494
1018.567942,1000,6168.076814
17.66958,50,6168.122978
1095.122147,1000,6169.356715
-2.394834,29,6169.383199
31.911976,54,6169.4339
1073.60988,1000,6170.671928
718.14116,869,6171.797073
887.293287,931,6172.966352
1153.339279,1000,6174.201445
1121.295291,1000,6175.460316
905.000006,925,6176.533541
1140.52475,1000,6177.827438
1029.694843,1000,6179.105263
1122.164476,1000,6180.404652
962.087734,1000,6181.702328
1099.869369,1000,6183.007081
1033.316266,1000,6184.31244
90.309759,119,6184.432158
1171.771556,1000,6185.754776
1000.054316,1000,6187.059214
876.364631,798,6188.121023
1106.572478,1000,6189.354386
88.668898,124,6189.468869
806.290621,772,6190.492736
1164.649164,1000,6191.732868
1171.736923,1000,6192.970157
1022.108722,1000,6194.075363
544.240423,539,6198.902832
609.037597,574,6199.585234
1177.985985,1000,6200.832169
1189.674344,1000,6202.073772
1038.34723,1000,6203.324891
1143.203081,1000,6204.441384
436.848197,417,6204.970827
1030.268639,954,6206.16154
1102.046094,1000,6207.401729
1118.662605,1000,6208.639351
1130.472471,1000,6209.889789
1144.221137,1000,6211.141335
1113.570013,1000,6212.443249
1046.298731,1000,6213.767473
48.154105,75,6213.835745
992.793823,1000,6215.196684
1145.414999,1000,6216.505934
714.42533,801,6217.448947
1078.552627,1000,6218.800449
1201.610978,1000,6220.079185
1051.596499,1000,6221.385728
836.676797,783,6222.451607
1188.552064,1000,6223.741781
926.416011,844,6224.689125
931.648415,1000,6225.939828
1096.11535,1000,6227.181333
58.216154,94,6227.411096
971.235963,1000,6228.642216
435.563678,414,6229.033757
1132.135872,1000,6230.277456
1136.721584,1000,6231.515807
365.943485,349,6231.985125
416.132583,409,6232.512614
1173.880434,1000,6233.752588
937.967362,929,6234.781147
1181.187181,1000,6236.013836
1155.535332,1000,6237.299235
1053.012297,1000,6238.591486
992.751784,1000,6239.897076
947.727102,1000,6241.2734
1061.833433,1000,6242.609358
1009.887467,1000,6243.843583
457.689659,416,6244.382546
406.85507,389,6244.890463
1096.433115,1000,6246.129512
271.858166,281,6246.393234
1052.05447,1000,6247.623384
1147.704916,1000,6248.856807
996.483699,1000,6250.086671
530.183337,539,6250.771585
1109.514415,1000,6252.065304
1036.670328,1000,6253.295711
1192.280217,1000,6254.544591
927.992383,1000,6255.825018
605.659983,587,6256.537834
1148.240962,1000,6257.792121
1029.812701,1000,6259.019679
1084.893962,982,6260.29722
1135.624144,1000,6261.579456
895.573088,1000,6266.869396
1197.920745,1000,6268.178035
1116.183519,1000,6269.471662
1126.716686,1000,6270.791041
788.14441,715,6271.6333
415.883543,433,6272.22574
94.602017,132,6272.347415
1071.591805,1000,6273.624405
1158.923856,1000,6274.957209
1197.627166,1000,6276.241181
1087.737785,1000,6277.545841
1143.926993,1000,6278.846381
1130.378865,1000,6280.149096
1092.62052,1000,6281.466115
1092.08133,1000,6282.765815
982.642273,1000,6284.092367
491.427159,505,6284.736046
1034.03498,1000,6286.073713
905.431002,986,6287.342514
972.43817,1000,6288.637585
1161.004943,1000,6289.908374
1060.65397,1000,6291.01939
347.042844,381,6291.510838
1070.753124,1000,6292.760736
652.787291,668,6293.543446
429.011298,414,6294.067392
1046.413418,1000,6295.302305
1041.810676,1000,6296.537058
939.531272,1000,6297.781236
1145.872036,1000,6299.0143
28.667376,53,6299.064286
1106.876226,1000,6300.293415
23.207592,52,6300.342527
1138.178305,1000,6301.581634
856.001681,868,6302.68707
1047.486554,1000,6303.920522
1144.601814,994,6305.239701
1134.72057,1000,6306.56774
281.275658,326,6306.881502
1160.870423,1000,6308.27552
1066.457175,1000,6309.58007
929.767052,1000,6310.891932
1040.484376,1000,6312.189086
995.666989,1000,6313.474952
1122.663153,1000,6314.777194
1092.569675,1000,6316.116453
1169.407851,1000,6317.449027
1149.628648,1000,6318.746177
1144.664283,1000,6320.034363
71.55409,101,6320.128121
1060.857098,1000,6321.472549
1119.134538,1000,6322.712103
1179.70173,1000,6323.946693
1131.381932,1000,6325.185588
28.04512,60,6325.240821
1083.767645,1000,6326.475525
938.362215,1000,6327.707434
912.695185,861,6328.813233
845.877451,787,6333.751057
1162.358793,1000,6335.016335
49.758588,83,6335.096435
1129.373919,1000,6336.380917
1166.085526,1000,6337.636292
1123.459997,1000,6338.87124
1108.39252,1000,6340.107842
1182.187598,1000,6341.344187
1126.926436,1000,6342.622092
381.207659,385,6343.170982
789.244121,794,6344.099288
991.10551,1000,6345.3709
1124.306402,1000,6346.679394
1161.698348,1000,6348.025777
937.794302,931,6349.26223
1141.093915,1000,6350.587519
1147.270774,1000,6351.899482
777.356913,758,6352.792202
1066.381302,1000,6354.02406
1175.143726,1000,6355.266877
1097.895453,1000,6356.5075
1084.705257,1000,6357.739889
1025.610073,1000,6359.004732
412.035936,469,6359.614075
1112.491455,1000,6360.946493
1104.042239,1000,6362.221781
1148.28466,1000,6363.456784
1041.567643,1000,6364.694231
1188.379623,1000,6365.984351
1109.689316,1000,6367.263149
1096.962846,1000,6368.488798
1187.361068,1000,6369.728999
1104.679977,1000,6370.972474
1130.184176,1000,6372.213607
988.039857,967,6373.282793
78.55014,114,6373.543198
470.336304,524,6374.199481
1138.164695,1000,6375.464681
962.225407,1000,6376.697127
1047.929329,1000,6377.936091
446.601459,459,6378.380561
1034.839005,1000,6379.61167
1150.655169,1000,6380.857254
565.014953,590,6381.777459
1166.48889,1000,6382.906717
1095.312914,1000,6384.194833
1088.46627,1000,6385.49719
669.69743,743,6386.56759
911.492884,834,6387.558736
1159.206588,1000,6388.86752
385.340131,353,6389.35907
904.529275,798,6390.504846
884.065501,1000,6391.860798
922.144286,895,6392.881415
1124.905753,1000,6394.178731
129.266631,156,6394.478752
1074.800806,1000,6395.805645
1071.727014,1000,6401.189626
29.258968,62,6401.246762
1127.026293,1000,6402.548608
1113.027338,1000,6403.883111
1098.975411,1000,6405.160266
1116.812488,1000,6406.301715
1105.315602,1000,6407.610986
1055.684049,1000,6408.928867
29.783086,61,6409.192751
97.744306,121,6409.305959
1069.770514,1000,6410.595047
1112.6673,1000,6411.921074
975.163185,1000,6413.247932
1212.118431,1000,6414.491867
25.271539,59,6414.546013
1141.184485,1000,6415.795657
969.470335,1000,6417.064912
1082.152681,1000,6418.295578
1138.57935,1000,6419.394392
1203.418443,1000,6420.624878
1034.02496,1000,6421.859428
1029.179821,1000,6423.149848
1111.306089,1000,6424.435018
1052.118972,1000,6425.77342
1104.277406,1000,6427.110952
1166.411484,1000,6428.401623
608.023638,645,6429.183366
319.808979,346,6429.644957
1121.306018,1000,6430.872788
51.504847,79,6430.945248
241.949552,237,6431.30803
1059.32416,1000,6432.543251
1141.973939,1000,6433.818599
541.43795,505,6434.44548
1091.8992,1000,6435.68115
1205.082004,1000,6436.785621
621.258379,594,6437.623607
1136.808909,1000,6438.855148
49.966696,78,6438.92853
1157.917246,1000,6440.210767
1169.497315,1000,6441.520622
1032.076665,929,6442.569886
1098.849817,1000,6443.898705
1037.494433,1000,6445.196181
1084.154834,1000,6446.503824
918.452873,875,6447.656636
419.220787,393,6448.19475
18.767615,43,6448.234492
1112.216623,1000,6449.511956
74.799318,104,6449.608523
965.97465,1000,6450.897967
1193.265362,1000,6452.188863
866.152781,765,6453.14907
1050.899646,1000,6454.481418
1156.934084,1000,6455.824295
724.750823,1000,6457.153835
691.520345,698,6458.182652
1149.68758,1000,6459.480632
922.571526,1000,6460.783077
1134.060753,1000,6462.081247
59.037214,89,6462.16292
1098.010467,1000,6463.461018
434.3524,458,6464.077125
1122.138674,1000,6469.244764
552.816236,586,6470.119216
1045.836717,1000,6471.396633
1101.604364,1000,6472.674454
933.761135,893,6473.68952
1163.165991,1000,6475.082222
78.219085,107,6475.188527
352.480621,377,6475.715813
976.969609,1000,6477.00862
1167.628703,1000,6478.268631
1130.054082,1000,6479.495931
1098.174061,1000,6480.729286
1214.480491,1000,6481.962078
1108.948271,1000,6483.200815
1108.156144,1000,6484.436888
934.329483,1000,6485.720853
953.995038,1000,6487.028367
1118.901652,1000,6488.317204
10.942194,36,6488.35088
1001.046686,976,6489.552675
1092.806729,1000,6490.788292
290.083935,295,6491.064743
1120.084007,1000,6492.310877
1140.513737,1000,6493.558003
1058.349987,1000,6494.789424
1128.526683,1000,6496.020202
1010.386532,1000,6497.251684
246.503403,264,6497.508388
12.404379,38,6497.68017
1079.528079,1000,6498.914435
964.017065,1000,6500.014648
1143.672255,1000,6501.248276
1070.185971,1000,6502.481314
160.255442,196,6502.799654
1013.800646,1000,6504.034095
949.854411,1000,6505.262575
1078.462874,1000,6506.497898
1147.088717,1000,6507.732864
873.087105,792,6508.623149
1112.513414,1000,6509.85687
1174.389736,1000,6511.08928
1065.637697,1000,6512.33811
211.744282,296,6512.755997
440.578487,450,6513.186977
1028.203372,1000,6514.42582
1115.295925,1000,6515.651416
1092.814891,1000,6516.887793
1157.340258,1000,6518.126588
1123.286008,1000,6519.368771
1165.141222,1000,6520.610603
986.722286,1000,6521.850636
1069.59265,1000,6523.090122
1132.373978,1000,6524.323936
19.903717,44,6524.364586
967.344589,1000,6525.603328
1129.405012,1000,6526.842281
1081.968572,1000,6528.075924
1157.74955,1000,6529.312388
1124.890977,1000,6530.542183
1039.522393,1000,6535.781248
21.279791,52,6535.828747
1000.378217,1000,6537.064298
1050.906781,1000,6538.301517
1148.787223,1000,6539.534764
258.548077,270,6539.788759
868.661611,1000,6541.020979
1200.797087,1000,6542.257082
1102.316596,1000,6543.528605
536.293524,565,6544.253034
566.061632,544,6544.948963
866.103764,1000,6546.255258
1138.070331,1000,6547.54231
40.231585,62,6547.606891
1041.089818,1000,6548.8937
1085.460305,1000,6550.218065
786.382283,779,6551.30854
702.75818,659,6552.10064
1012.895354,1000,6553.457107
1178.555073,1000,6554.779739
1120.082623,1000,6556.084918
1159.94039,1000,6557.364745
1098.664631,1000,6558.595724
1145.835955,1000,6559.847253
1159.059159,1000,6561.103799
234.599087,238,6561.324705
1168.665467,1000,6562.554308
1170.535027,1000,6563.781952
1089.416904,1000,6565.014205
1195.147106,1000,6566.276643
352.974216,365,6566.796785
337.813848,419,6567.37311
1209.877428,1000,6568.659577
786.028251,718,6569.502126
917.697205,1000,6570.793972
1215.732199,1000,6572.122917
1014.197166,984,6573.416641
147.318205,168,6573.572919
1162.922348,1000,6574.870625
1121.627542,1000,6576.165138
1083.983396,1000,6577.48574
466.549718,468,6578.091369
1083.192996,1000,6579.395361
1060.719625,1000,6580.699477
1147.15026,1000,6581.985461
1195.89285,1000,6583.279889
1168.021137,1000,6584.52129
502.334394,589,6585.221817
60.253696,93,6585.307672
1028.085751,1000,6586.545139
1099.965221,1000,6587.785187
1123.631674,1000,6589.018203
1076.092343,1000,6590.264555
1009.188354,1000,6591.497022
1127.390444,1000,6592.74459
1048.497763,1000,6594.026222
1123.980657,1000,6595.358913
407.847422,382,6595.723398
1192.658759,1000,6597.007023
1188.442546,1000,6598.311816
1161.135075,1000,6603.635122
867.760289,767,6604.703562
1143.123887,1000,6605.980013
1151.201735,1000,6607.261883
1095.025553,1000,6608.571304
952.751763,1000,6609.71106
1129.173285,1000,6611.017129
345.107933,403,6611.550764
1160.482489,1000,6612.803705
1089.808755,1000,6614.033084
1192.468884,1000,6615.263592
33.725339,65,6615.323579
1185.581113,1000,6616.566945
1088.741027,1000,6617.800306
1174.028839,1000,6619.033967
481.55275,464,6619.612672
1152.232855,1000,6620.844684
1101.487355,1000,6622.114113
751.480825,847,6623.264029
1134.803158,1000,6624.387306
1093.115582,1000,6625.692375
1056.310912,1000,6626.962971
1130.714391,1000,6628.189291
1220.491561,1000,6629.423407
1194.955572,1000,6630.675757
1126.740212,1000,6631.91291
925.328007,856,6633.009886
1172.949957,1000,6634.261925
1183.175666,1000,6635.499901
947.444534,1000,6636.73706
1020.671224,1000,6637.976927
30.889613,56,6638.029427
1075.305359,1000,6639.286562
1077.249856,1000,6640.568117
1010.140103,1000,6641.868539
912.22987,943,6642.955777
1033.555428,1000,6644.261891
1159.394244,1000,6645.539531
23.803448,76,6645.773115
218.23437,234,6645.989013
1067.830141,1000,6647.278429
1126.879301,1000,6648.606618
1092.68203,1000,6649.901793
1191.090635,1000,6651.194944
1068.12548,1000,6652.50404
1197.6065,1000,6653.805262
1146.929448,1000,6655.072169
1008.310269,1000,6656.30879
922.918453,1000,6657.557132
1074.157779,1000,6658.788949
1160.758222,1000,6659.885374
1037.910303,1000,6661.114319
782.341981,722,6662.076415
1151.005684,1000,6663.309113
998.257441,1000,6664.543597
