total_episodes,mean_reward,std_reward,min_reward,max_reward,first_100_mean_reward,last_100_mean_reward,mean_episode_length,last_100_mean_episode_length
11110,51.01634222520252,118.69539580195622,-708.98676,162.659883,-184.40154145,71.19299565,180.09423942394238,163.81
